file,tau,m,mD,mL,mEN,mTT,mLAM
pks1510-324_lc_liner.csv,44,3,0.9967629291299763,82.17429690920594,4.00180294501849,38.639097952216034,0.9957191780821918
