file,tau,m,mD,mL,mEN,mTT,mLAM
oj287_lc_liner.csv,4,5,0.5510621476712656,3.5572627304656947,1.2946008153736552,4.2424971120009465,0.629182775629916
