file,tau,m,mD,mL,mEN,mTT
w_comae_lc_liner.csv,3,4,0.6410789006090053,4.007857335113789,1.6132800552983002,4.433216123784969
