file,tau,m,mD,mL,mEN,mTT
pks0736+01_lc_liner.csv,8,4,0.8318899569031768,6.429646742511215,1.9342855435293345,9.157672471012686
