input,iaaft
0.0,138.09323379558475
1.385365404932953,140.17474649469767
3.7773119887309328,138.68405750393453
4.262789608470702,138.6554836512612
5.211518375527408,138.73994427427576
4.4061781453185525,138.3815915126568
7.572278138388661,137.48133426506777
7.680149201507955,139.85812792508176
9.862917211760648,138.90893989119465
7.141329676192061,135.63014708866316
8.778362827397462,135.09625233709525
8.190903515564685,135.31519038218178
6.379007354613001,135.0356358531717
5.274653364798741,137.65096974118023
3.6085762361414595,137.80822772858477
1.981583436417834,133.37845386191972
1.4750433047369305,131.65968176307416
1.1141456859470449,131.44346897401846
-0.3104167326114333,131.0795269713505
1.4520103765227668,129.17655195492094
0.8345734496055113,130.11986954838773
1.082453926288773,134.66325697267726
-0.5276820758840104,131.9808136119739
-3.814258315680819,131.32407103410378
-3.9644171972294844,130.42219947718488
-3.181933485456393,135.12746807319039
-3.6230398623048843,133.04818847680582
-2.110718425930548,131.95208755105492
-3.5440199333585154,132.90740310643756
-1.3441782028285947,136.2931154325521
-0.2384399842600955,135.93637393818963
0.1306355560444351,139.21682013882614
0.22341884285858568,138.41993207143273
0.1112137434301484,141.03087409393942
0.5713429696761417,140.32588796917085
0.9712445997187487,140.93458003173657
1.9920921369686226,143.82033360249247
1.5702893976946146,143.58171235476303
1.742602037075178,143.07967610690426
1.9825600850543,141.41923474561503
2.6846567093591167,146.40725232947898
4.44187299928095,148.75767809402484
5.915493316767643,146.58356619394254
7.917023052826827,149.59326525432812
8.40129612451765,152.54039653392235
10.036115664556545,154.41813877410704
10.916959559057654,152.5293184084252
11.089742047722888,152.73708665256325
12.305176938071757,153.00828593958957
11.990477083264144,154.24072190767527
9.247919055518313,153.68141948683353
9.775151346388203,151.6869263206484
8.9801026836358,153.1896179774316
10.373180204108293,154.7824452351345
10.575175075211389,153.50853990804924
9.993710865090435,153.42683109012995
9.226952756054581,155.2874929010232
8.152085405606895,156.36071729357482
9.782491312202513,155.40192496521715
12.312695185086879,153.97973282369742
12.95719861392141,155.44293303375406
14.541311560906063,157.90905575540665
15.584206652899852,157.00712539974847
12.697025657206348,156.39489358886772
11.566175942778393,156.73903133057686
10.00910562850186,156.94724641886404
10.04229129483824,157.05561389475685
10.075476961174617,156.57039693179198
10.108662627510997,155.44131991708517
10.141848293847374,154.01898318301636
10.175033960183754,154.68325781732963
10.208219626520131,154.8237290078376
10.241405292856511,152.98832974215497
10.274590959192889,151.37729296047192
10.307776625529268,152.6716008733653
10.340962291865646,151.6709639278242
10.374147958202025,149.32035862854596
12.43267891246409,150.71630198658613
12.808535466409733,150.51225052356102
10.367131742977236,149.2009058376037
10.306749475449239,151.5469095844652
12.167239490075131,148.75481835037613
14.541394811768761,149.12654920845557
15.828005747920086,149.33235234764737
17.235590170671088,150.70422053899094
16.74693795557076,149.8626377153759
17.413953576808286,149.71424081738013
18.03239788740361,152.5032059814033
16.674474379026552,150.66866278064523
17.757154196713625,151.43365176706857
17.348320201784347,154.3192236654948
18.207717973602172,155.04079455971865
17.279355756103666,155.0389015437474
18.169503245432335,154.833149554029
18.00843678246589,153.7559306243295
18.802804584430184,153.82272637302353
17.797865688599142,153.14950977455973
18.84845745745426,151.5171610954242
20.00753395090217,152.22625643559124
20.899898188722013,151.5033785231335
18.97691559967132,152.5190772727504
20.10079198487407,154.75376833156278
20.93830746845528,150.69604932094765
22.02452892485715,150.49553691401948
23.035353041446985,148.1325667923499
20.936768445113557,149.17590235957874
22.656394619716004,149.98198069744097
23.680124314665242,153.84248324719292
23.431501323956148,152.16973811275875
23.846539054015988,153.16007395733016
22.906499595083762,154.92179210290516
21.521834040665457,156.97586217237617
19.801135159454834,158.3446889768951
22.39881438034274,159.08397288225856
23.63541137780542,159.24464555675715
24.980779631350096,157.26968916164154
25.314580076376043,156.08285097415046
25.464600372308947,155.23534056298269
26.266459367565815,155.7713309292606
26.477767562996423,156.353212784655
26.927615254042028,156.61404968113493
26.07343486331258,156.9945111061789
27.582472399091,157.56647935991953
28.259493029186373,157.51013536769545
28.692129450587842,157.56033922451493
31.00136692510384,157.82027873221548
31.02723612529165,158.04146781898444
29.924604217189156,158.16247588896726
28.848346460143137,158.34809171131718
28.81686471272442,157.57694019689998
31.00841108638468,157.8077035606589
32.62876386434028,157.93013021100631
34.37827459915228,158.70567505024295
33.05003798825806,158.73881098055978
35.11306823976133,160.07057342257377
37.64510717718376,160.13794634555128
37.65883459147431,159.71652950927862
37.61195358442388,161.07739104599847
38.05806381720249,161.67362632474476
39.177940287918666,160.92538162447005
37.37510899673358,159.29543375654976
34.09819195185448,160.26966943360338
32.91475223132332,161.07520830179192
34.997836711783954,160.90398636373655
36.165681719253605,161.40854588800525
37.830803267140965,160.5035806002901
37.353419428178526,161.79195893111455
38.66491403947284,161.7253214032444
37.19440823068479,161.6432263987472
36.73805154668801,161.9219790691672
38.50793528585012,161.78827006277174
39.931116406,161.37961761009592
39.910160355068506,160.02306935400335
39.87614840175754,160.39672665173208
39.842136448446574,159.03146424516027
39.80812449513561,158.49873596020464
39.77411254182464,157.49666872364597
39.74010058851368,159.42947671945072
39.70608863520272,158.60324541713237
39.67207668189175,157.2594035509604
39.63806472858079,158.68549169479627
39.60405277526982,159.2645225038232
39.570040821958855,159.6690475215518
39.53602886864789,159.7592304068107
36.00572006422812,159.63372143386093
35.90942496050263,159.63881977590566
35.31362653206067,160.84741981313107
36.13044990006762,158.58940610962696
36.07894579922222,159.69799185442164
36.78556156611379,160.59215220985874
36.7772865530752,161.42932318454362
36.31603810255537,160.71279518732547
35.327701747605275,159.12649083319164
35.791255302271686,159.65479148480776
35.368639280499956,157.8584037008835
34.6055396104063,159.0847759972139
31.947727643447607,161.3064826324586
33.709972919560585,163.3635076025803
32.83471198203554,163.2984121892565
32.76096481562464,162.0280881010558
33.487427797245914,162.0177775781615
33.02372876449502,160.7847732531813
34.916183526919184,161.23163201251216
34.49349500530377,160.26558844744724
35.00320611782072,159.58917996332426
33.714126283565314,159.9880309386813
34.30875666920742,160.7572430734345
28.861649628555597,160.44070133378986
31.389481758565744,159.86383530242256
33.162044618336914,159.93215964584508
32.97621795137132,160.97056880094559
33.017363574033155,161.3464437280668
34.09387769368062,160.9205710349512
35.68882294068372,161.31614660971204
35.970568109153525,161.79759621201072
34.79962603115854,162.0778463416159
33.95278962146973,161.82140803808952
34.69243666399076,161.93604984294748
34.65395783200144,163.72176206817164
34.52043684138797,164.64454113662146
34.3869158507745,164.49737322938483
34.25339486016102,163.05453438119247
34.119873869547554,161.92241997617268
33.986352878934085,161.2261103472964
33.852831888320615,161.20601361058692
33.719310897707146,161.0392242870854
33.58578990709368,159.870058854145
33.4522689164802,161.5610734066081
33.31874792586673,160.79342378430397
33.18522693525326,159.06160873833838
33.29799123160961,160.84626582836162
36.55073659341095,161.31614181504239
36.44341165535033,161.7510433707866
35.70309449843563,161.74783561073428
34.67223867617447,160.37215416999874
35.89207102311079,161.78590486468735
33.87256747593471,161.8278258803517
36.14019941614584,161.32163441427022
35.51171456899725,159.5921845576371
34.14584467017705,160.38356580621416
33.77090061769436,160.64499701804334
32.86550572808536,159.9777136225172
32.21777602605062,160.3046639604446
33.76640022207636,160.25250241149254
34.17703897159806,159.03041376264827
33.092461850075104,158.60147413985675
33.93108650657567,159.96292755351536
34.77865297038007,160.26261352521672
33.259794904261476,161.25164312708603
33.73953836650711,160.85037037639236
33.47249803830474,161.36838096467747
34.236789724561056,160.65586688812905
35.988204148250794,160.4531444561176
34.6019247892519,160.81577286728628
33.628467648490705,161.2568030681475
33.97039718418939,160.82391620209268
34.883892274993286,161.54128231172658
35.07457154224697,161.41191421672497
35.474430668407706,160.38303807053853
34.863938323557335,161.2192607659998
34.766579036724224,161.1549005812954
32.596236664074844,160.66812883127227
31.311308355500334,160.9728096825491
31.33294095889246,161.78874598261882
29.462798388968018,162.53669646005338
28.280645047394632,161.42357826186688
27.830696045110255,161.90941661533324
28.280046083280673,161.31622555617577
29.95722092839653,161.2541976429683
30.63796796265081,161.7597016123616
31.318714996905086,163.483578745973
31.999462031159364,164.97999250804048
32.68020906541364,164.53549757460183
33.360956099667916,161.87589204472775
34.0417031339222,162.83665688964552
34.72245016817647,163.26273380049315
35.40319720243075,161.04002454277256
36.08394423668503,160.12470940408085
36.76469127093931,159.0395020347532
37.44543830519358,159.2416909410739
37.21598915814309,160.4147502579661
37.19542879624716,159.51647723385594
39.26715771051059,159.15738638020574
38.6481138094377,158.57348452799624
40.52110050380436,159.0539512069841
40.613761443283835,159.080550704532
39.4038618267651,157.80413222550217
39.13110967227991,159.4186375953221
39.52019791752022,158.4583568340381
36.92761702310914,157.22954932100208
36.17204827164616,158.29574552433712
39.38152869968199,158.31178748052304
41.34728648262358,157.6120259503739
40.189003679980964,157.56043723361734
41.672406153807444,155.9724660455542
44.15211800627792,154.43963354371
43.788120650405624,154.72094164541832
40.932083840953375,156.0461177914941
41.12005913730399,156.4110301255072
40.91819931659583,156.23753256246331
42.862558257492175,154.4854224077717
43.24218694980911,153.80077874827833
43.41590503662917,155.20158877225583
43.217795316661295,153.78575006503874
43.29472238994155,152.40366045426427
41.966411607616266,152.5881008802012
40.948163445243495,151.58491127636333
42.39089785450839,151.13855730752417
40.34131042677128,154.77262836162922
41.20716368429108,154.3912754544625
40.62020428209042,152.71533045874733
43.066690650923135,150.49173237081206
44.112192391451664,147.61696378484282
42.867940937622365,149.7111876080278
43.51556605181284,148.16585462724257
42.413144107169956,146.1109907221026
42.832173437327626,149.29832162327074
43.92784579088664,150.33593559598066
42.34148346987881,150.58089962165585
42.65157984781085,154.67860415569243
44.76153140393958,155.57846641606395
41.85044841306081,154.7558768548607
40.43821282820725,155.26953328114902
43.65347851675962,156.315398983705
40.85768185795118,156.42359249073803
41.38264915567384,156.02380321073704
41.82187577893701,157.04350865101398
42.78628951997713,157.7970200100043
41.826827980155485,157.50096920367395
43.73856547965186,156.88244367813053
42.92845552219568,156.65024029060152
42.682286406246654,156.7929092812706
44.901066559833296,157.12491230695107
46.403983880514716,157.92102785140975
45.98862866526953,157.7457287598007
45.44491864061549,158.5753570050733
45.626015500067446,158.58851365146015
47.207638633800634,157.51704587171525
45.19892453978259,158.69510106410843
43.80914029179513,159.7437277016688
44.888236828689415,159.1683401081381
46.14211188585972,159.1058383313465
45.88597444166051,159.3176562280016
45.702322043908225,159.72901100288993
44.81494005593171,159.24624535426767
46.400483929084025,158.68322368077006
45.452572086554895,159.83984698181348
46.1703249935805,159.97827158277005
42.71589451547009,160.06157529117226
44.88744557695281,159.1165521992109
46.152634932957056,160.4231948885749
44.405751336245814,159.54683065328572
43.94835814076448,160.50553560000748
45.05916242060047,160.91442143640924
45.76159922985865,160.79119434287446
46.4541694924665,160.43766905452478
45.94464165311092,159.94254981077196
46.39079091518432,159.1288039731815
44.311516768788515,158.3771693416262
40.3165993768832,159.5469103536587
40.711582719829345,158.97305196126908
42.65697463903101,157.7359567081749
44.08921218751914,156.33330371873535
44.44596743914311,157.8075717561584
43.43473014868075,157.89113228496197
43.84887464867682,158.50876333389684
42.2328326987927,159.599889829287
42.9719195613529,158.4250051903002
42.401467978799786,158.25060405300036
45.026060108628364,159.14099652590215
45.932383393664836,160.02110084046603
47.92643769732724,159.36883725241736
45.382270996420054,160.5588072434634
46.07465520022749,161.1778250802646
45.07736691569504,160.34104223005713
42.72024435408396,159.20028518813
43.3189732550283,159.09456002267044
44.420609367991446,159.5628707705274
44.306026724865454,158.70164501103406
46.04584693047727,159.30809431147833
47.28294624266768,159.66193411926554
47.02071295130606,159.67089843880365
46.883292589612985,160.56111432349948
48.02279142334045,162.37671252180724
48.06953103632939,162.1266053885699
47.807113473817665,162.3484433049692
47.79455325240027,162.8842376012294
46.084032922181244,162.57898667084598
46.040367194918105,162.50976323112118
46.92058820221636,163.60396831592044
48.0640756090633,164.56302431111095
49.857050374834415,165.9763712102063
51.782086371733115,167.08835089077152
51.94200728774618,166.32540237794169
52.59265338055714,166.44674301175755
51.59707528264523,168.67469489562865
51.545118451838555,166.2179592113245
52.364156797068944,169.30346523564043
51.416755563060434,170.9763525619932
50.697029591402206,171.65704494600124
51.268501872349844,171.8487217125724
52.496656498412456,171.23843487778538
54.23610465860272,170.85086547178324
53.27595220967748,170.1402785670182
53.020238167752964,171.8584363126022
53.2264878302763,171.35677870899036
54.61432318099559,170.7880589818016
54.66149480719084,170.15726183522344
56.4011488350555,167.30910968609678
57.20553565892162,165.86921775644933
54.78767624905457,165.4951928501081
54.0012780822879,164.4035663926216
56.68925029315031,164.87188606894256
55.66344213969214,164.2127808542197
57.14333376707239,162.76063661200763
58.189174050408546,163.97327853398255
58.30776074128019,163.50247754394735
58.33717415805783,163.02443052911985
58.36658757483546,162.44463693574477
58.39600099161309,162.57872035555283
58.42541440839073,162.9793352858406
58.454827825168366,162.58445230372462
58.484241241945995,162.98752627232233
58.51365465872363,162.11328275385623
58.54306807550127,161.41433737009973
58.572481492278904,160.12608227955843
58.60189490905653,158.59596529302496
58.63130832583417,157.65696027526474
59.690550407555314,156.24301494673264
59.509159211154035,155.83300300738648
58.183038568936425,154.3178538977836
56.857024874412424,153.39157305103444
54.611329042999955,152.76728136034563
55.23863251013114,152.646652452992
53.32823283954208,149.95713729939598
53.27535362308155,153.07789108652682
53.29373616397196,154.5732174838469
54.25633919000088,154.87762068585516
56.33033195663767,154.95482670235526
56.25161086511401,152.7473522928806
54.366671696502976,153.68447683531812
54.14107065750521,153.20926408756708
55.34814815697386,151.8467335028724
55.087744329933706,153.45402275787382
55.02378720387745,150.71869558752573
55.99537347849643,152.53848492233342
55.89017985318892,155.4354711121978
55.08142763858285,155.80351045423075
52.404144616328416,153.87402429885944
52.80958363082095,154.92020731061007
50.99740472056535,155.10963136750547
50.56796356306949,153.36659943246593
50.7073380501186,151.20845673768008
50.7237773153229,150.3963485342715
51.327492846293374,150.18171355994184
50.828086387478834,149.58847912225437
48.964763424111176,149.58919816749804
49.637850995855466,149.8298369250528
50.53191324565608,146.94727856729162
50.72339499096753,143.77102495899516
52.87578390613708,141.59659622495047
53.56255028979235,140.74967484411474
55.585871191352346,143.71812575276434
53.38128370042794,142.42479684022751
52.83587201891481,142.56816149720927
52.51231400983525,142.58222166779748
51.73783130470585,145.7529748703542
51.98230188133678,144.1660236378549
51.67420990558673,144.4268490905581
52.59889029397659,144.12522858616214
55.0324271250175,148.86245058568144
53.05799766843576,149.70760202527
53.44637226980427,152.98272661249683
55.09667946336303,152.42882118497548
52.694340162478284,154.12310907051568
54.78868296555352,154.47247345509047
55.36133577278296,154.2787466635107
54.664145723855135,154.08240315944738
52.245878437587,154.25544773604923
53.58293357236019,154.2425494518905
53.72617386975244,154.8880842057372
54.33637269875872,154.190659506756
54.62751122704115,152.99621946567072
52.40830611464713,152.82387528770042
50.158704499428374,152.06267338083876
51.646129018638305,152.35472982558858
50.39769721056745,152.0344187056059
51.44541810978883,152.12869826457396
51.968886254657974,153.0019621405013
52.20420037384126,152.9865500153121
51.82019413312866,152.2525997586842
54.57099094411547,152.93225544794825
54.09231799077584,153.09362064121126
54.14360272661846,151.11665904506526
53.67379112102867,151.22947915328223
52.545954718843404,153.04096494560662
51.505609882560535,152.5086003218998
50.15692843096869,152.63120769834646
51.40282915724665,152.93770254557109
53.97235393774284,152.29870912828844
54.57968600527565,150.49882607804312
53.59158533162303,151.0742673194551
51.8202390736751,148.52579754121447
53.90111963453603,145.07567393749358
50.683758963186925,143.8662742415262
52.92758099048223,141.68189371009447
54.81404406304481,141.29617272648363
53.10822193918881,141.41382242291832
54.47440394827637,141.51011227405561
52.89322117088276,141.6577355324712
53.86515908677547,141.24279588071144
54.35146091395056,141.60680447805495
52.994691748029936,140.75286410943892
53.67810389662949,138.51098070953037
55.718615589368056,138.10635071506016
55.35617565459095,138.1260008989221
57.24259516736481,136.98217178644447
56.067492279453276,136.1311957303562
55.43169691706778,133.0371664180041
57.7173110089549,133.46257985856798
57.00167817570591,134.2141791405133
54.856589682362596,137.43436018313213
54.7326199130524,137.06615639321043
57.04572872119468,137.62176062346975
56.64696616329186,132.99272866459475
56.75321192668666,133.1996691467757
57.62755675360138,132.8787851505483
57.94079212155666,131.6421691211462
59.65880330643629,131.23218138543777
58.0358217980971,131.73643137397806
58.2626206078883,130.97493007521584
55.91624233887648,131.16247497657824
58.24136164544739,128.83543156306905
58.13604240846558,130.30665374449046
59.92686975100487,130.09688336235465
60.7353384531384,131.58975067617015
60.79977056940781,132.52876960948498
62.53957021859629,131.5857401636206
63.28201290497528,130.84927902398528
63.083217697198556,131.14596283963465
65.38224823589539,130.4014062751975
67.48316600587887,129.4584291110383
68.05729194291364,127.12215949529954
67.85666216741119,124.22542660426735
67.53169684296957,122.55209598942542
69.65301958321194,120.78804030322853
70.04177815997679,122.97848974113691
70.08044764508637,121.69243559681337
68.73314380724912,120.50119305023826
68.60056266949022,118.66449301695745
67.34735670688222,117.28163481431967
68.73062578329589,118.4945962751169
68.60079108115698,119.7173447750312
67.79095390299453,119.78052956473545
68.87990598837447,122.51414127289041
65.97229626765737,123.33711217741866
65.21392797065171,122.90543748746387
66.04543621254905,123.01790728518179
66.43323437472799,122.98071303170171
64.18143129804155,120.15095682249488
64.28194290354608,121.03706594679814
64.75744339208686,123.91813993184873
61.535522043970275,127.86325962233194
60.546381129623555,125.88308782149183
59.595317185929524,126.64055111890762
59.00215459024726,128.97328506957558
58.14469635728469,125.3781602398729
59.07420965238558,128.23357992955587
59.55127415285903,128.79899034475312
59.54549072650495,128.47096676157713
58.39999804594248,129.77523718479034
60.19536636324844,130.05369957532866
62.63610835202624,131.54478565810783
63.62927199041131,129.68079328334213
62.71476317114065,129.16737063543704
64.07358906975054,129.48851150808272
66.38476990842999,126.99225876628832
65.23657734086844,123.46954307685759
65.69854686263163,121.01902278958897
66.52820460254054,122.47887117624569
64.3509379902054,124.13257474316326
65.32610907569865,125.77661350560885
65.90334058392365,125.31963023634634
66.79577789416271,124.7992015246891
66.80104943432235,125.28299137579951
66.81096427204508,125.0331408462897
69.15888147486369,125.8900128520689
71.12902856574055,128.68564754045866
67.97206502695194,127.11996381176228
69.86719700767122,124.73150454184098
72.45529067706322,125.69429811088186
71.80082759764738,126.51101620970093
72.4783307980195,128.0832629376109
69.30690083013106,124.74005778379235
68.48226185468795,128.48140369598516
67.37884552366685,129.5444563832509
68.97009072565179,130.01125747426082
70.1425651706401,127.45269844462403
71.11708645584508,125.42742057222681
70.85860955397581,126.09501519142859
71.43836262255465,123.96111864357712
71.94556523336959,122.58972417867024
70.62772746816786,121.85075402416072
70.70737680669502,122.62913932089371
69.97678395866886,122.5923301163298
71.38249232104798,123.3699714360637
71.72409198841395,124.8368559113211
69.75107194377132,126.08853335715457
69.47814717086358,129.49344910597742
69.43604352536641,127.54623451649985
70.72402874126045,128.27606210294869
69.25778033869078,127.00881950838388
69.92308067321778,127.71182434107322
70.5094749869174,130.62878508001782
70.46331547949254,130.68775422456702
72.30439327973313,131.78181467611134
72.0566712744432,133.11893434344174
71.24645716092314,135.03523274610654
71.10359845260041,137.140248161867
69.21375778028832,139.07563279801278
69.3477777795348,142.0584534028287
68.60439965315771,139.44023906899693
67.91319681531215,141.977801451137
65.39615289057414,142.0531850523477
65.52998950094239,142.76471984017653
67.32849481479582,142.5916797196638
67.3135570495682,141.29986049286
66.31343851292081,141.91405299401222
66.329970015206,141.61250501144647
63.125862024078835,141.319978363246
65.20846625429935,141.4032981819159
66.79648029896677,141.4132661628344
66.57763899817994,144.01779381584535
70.27608753743867,145.39770584938165
70.08494714050563,142.289290037263
71.10683020096847,146.77072077063767
70.65503961152628,149.8582365663527
71.24708932205381,147.97598660148407
73.83246325773327,147.07863855818582
72.96833359087377,145.03347181398655
72.6410217121742,145.7724394138855
71.98830002968387,146.7944904911084
72.04197466332378,150.64918630250355
70.95353087600543,146.95473813010935
72.9933652727825,149.78647870103694
71.86331974855933,154.36221656004267
72.61264284618493,153.49471035273348
71.10627411573472,155.34528881229406
70.72394760485975,156.24775896597114
70.85389604171998,158.47455297025687
71.08770857055174,157.8073240268958
70.46600673508802,159.61263132132373
71.34823432244649,155.03930656258507
70.46228025384805,156.5634553871866
73.37144050236225,158.8673210350458
73.73451592819421,159.1225849708214
73.48292057404522,159.59977842883427
70.48644936322009,158.44383810348018
70.25524332758687,157.66522381907234
69.62923355058403,157.31952741006776
71.69264986120766,158.76948998070935
70.84811713291884,157.4397907244126
71.15328590994174,156.90025400899373
71.23348081017404,156.47410384793022
70.21501464444145,157.18204167388325
70.53241108589101,157.61682547588623
69.99936760584696,157.87410314265384
69.4663241258029,158.2954190911281
68.93328064575886,157.34365640579588
68.4002371657148,158.31228464014762
67.86719368567074,157.27075680700707
67.33415020562668,157.12927809652118
66.80110672558263,158.40288765155884
66.26806324553857,156.61612094156334
65.73501976549453,156.79178831399562
65.20197628545047,156.17919847067992
64.66893280540641,156.504068180674
65.30988883122403,156.6041700347434
66.31405508788899,156.5138812627407
65.70420171810981,155.87267367387076
67.61054034452017,157.38279578066528
67.7002370123011,158.36667413166546
66.86192806206657,157.9062753503258
67.04906259898401,157.80879536348317
67.34682688021053,158.31344675336985
65.43414681359994,157.75293067997654
65.58585378581523,157.9484486219094
64.73535541019886,159.7312157999757
66.02896114335307,161.27186628995912
65.92750618562266,160.16264539168188
66.11571464007454,161.18997191501057
67.97142307942099,161.95308353570857
69.68548856799903,160.54207051209244
70.1291354367417,158.73580340568873
70.03360268828185,158.25404874110947
70.17856304479065,159.19954550175657
70.11157495181843,158.2991104789022
69.83000302505872,157.70955908212204
70.04087440621153,157.5913649828997
72.35092420029923,156.62497573435812
74.55843514374273,156.01461202526184
72.51916578414799,154.2893892307838
73.90062311177967,154.97556086306525
75.63890633951951,155.31590922518345
75.97289168779781,154.98064352193757
75.97191809340408,154.89478936002908
77.28369958930317,152.9123964405155
77.09128219712014,152.65700434940217
78.51823479218972,150.55951161313558
79.09208628212467,150.7421065561864
79.33180576039253,150.66793911614172
80.23238514701218,150.46099089308228
79.91300938963933,151.3448806673062
81.06153977255445,148.6206297817397
81.50261763073154,148.1190710633431
80.27975479359932,148.60525642294277
80.91745412046389,149.5882770324733
80.27626247457813,151.488738363923
81.6747357970693,152.8977440240972
82.02701120570015,153.61030169715463
81.82547390683506,152.60678562979422
82.98381470186446,152.27170253679947
83.3653191660757,147.87887352125327
83.5497942837336,146.8907878464629
84.04294617249933,144.67411016436407
85.42417832801135,146.04934152113742
86.91583736548617,147.41303182918696
87.61170943733288,149.59931922088387
87.72548697102167,153.27265252986797
88.36315149436206,154.6036813434307
89.00081601770245,154.27156883526442
89.63848054104284,154.581571206849
90.27614506438323,154.88069918707646
90.91380958772362,154.87178590361313
91.55147411106401,154.1380053105042
92.1891386344044,154.16877576467974
92.82680315774479,154.70665782699612
93.46446768108518,153.87785956621457
94.10213220442557,153.84866807738535
94.73979672776596,152.29674882268702
94.46535612520644,148.64737224827599
95.4961525459771,149.16271094693894
96.61516642992619,147.03790107148174
98.14807018878196,147.93080996444863
99.01200958158705,146.0733991251279
99.5747230111332,144.39889792963646
96.79213464817872,145.17580558595353
96.14458611696057,142.73811400756753
95.49703758574242,141.17765701161056
94.84948905452427,137.1307197970962
94.20194052330612,140.13238797810325
93.55439199208797,140.42026899809366
92.90684346086984,140.97631157588776
92.25929492965169,140.18131306762814
91.61174639843354,136.71827433013146
90.96419786721539,137.15901545061377
90.31664933599724,140.19463028836842
89.66910080477909,141.6590371859173
87.2920733266274,145.03728602121888
89.54332150324522,146.35280302337202
90.5068902027042,144.39391680457751
89.75438411722487,143.76481175753435
88.64529244020272,142.22356117266494
88.58141847239317,141.54281095253782
89.31220482661044,140.3871996927714
91.98201636092084,141.21042955056464
90.49638859461412,141.99722253093213
89.6883322461051,146.05410609358356
89.91675661898175,147.6148990006304
88.85981649130204,145.5130909443603
93.02410728653099,145.92106884082963
95.60795226701721,149.41976041308138
94.4038570939152,150.73214539347939
93.0053452798326,153.4989450788612
92.31335113226162,152.51398873968233
91.30097199233626,152.49238654560816
92.02297850535174,153.03791483195633
89.56961622710666,150.75451501880093
92.7563667523113,150.70781623225477
92.3286499932977,149.62345894230108
93.69333106136996,153.12643631562526
93.47616618176056,155.03983404252998
94.61638911184059,155.03581038849535
93.79779901909639,155.31785244542795
96.92396579904647,155.42312707917782
94.97281498543752,156.71067513339713
95.58332120737856,157.31283705259565
94.84500856210991,157.13330192981167
95.09217514056802,156.8269439883686
96.5334833389237,155.91249979438282
97.58642635921815,156.68989990186762
96.91782544859853,156.3826384908563
95.54472323762555,156.0009612769964
96.53473601084886,156.38564533768687
93.87314402707284,156.98350182783977
93.48147753576556,157.1935767198055
91.05020332098253,157.3800280398625
94.54361849373596,157.1788141335823
93.8487502760453,156.885443451247
93.15388205835461,157.86811884607357
92.45901384066394,156.2446878801042
91.76414562297327,156.35975317340936
91.06927740528259,156.41350448992742
90.37440918759192,156.92197371513626
89.67954096990124,157.89353156073165
88.98467275221057,158.3234801214942
88.2898045345199,158.41201812561684
87.59493631682922,158.46189879501682
86.90006809913855,157.67228487477175
87.63194198675266,158.60734049343347
89.9601129559455,160.68331685312046
88.85357472097157,159.4454980575918
89.31560926439312,159.69283556330072
89.11419525187968,160.52111949425796
87.2045747890043,160.58845317940373
87.12176619497653,159.7254337827942
86.23714285130775,158.62318475100045
87.74656547819575,156.06946140746686
87.55709018229821,156.85685367898444
87.26464457474798,156.55751543052918
87.6224534891601,157.7462489790192
90.93685888060318,156.72258364967882
90.9688912795533,153.11007463392747
92.12611513501787,148.98734811307003
94.85662516342718,148.6791926345044
92.38107898755905,149.70849795830617
90.42598652357532,148.6749709135651
90.04952490481594,147.41150366903466
92.61213161296394,146.79377827140308
95.211597381129,143.46144321701425
97.01842566739674,145.25154968524816
96.5343794941894,144.437259686374
96.18524926351127,144.17529641893066
96.02892600280742,144.0339273857156
93.16208700713499,143.3736416812857
96.4668424121654,142.95420046171333
97.4928884643554,140.23270322924185
97.5368635505865,141.34845136408998
99.18359954706595,144.40461477798237
102.5014562468445,143.95421267158594
99.86796184986834,145.3638003271033
98.47508602892829,144.7272414329524
97.8759173210839,146.41758248014796
97.4660488669443,145.05222989165387
97.18390377863282,146.16079884738775
97.48452282648182,144.73131953742018
96.37489008297162,143.48961864590305
97.46092178528183,142.30443001565365
97.11061338207156,136.26658324288877
95.38553740521792,134.90265576171439
95.53640134573412,135.32022559816912
94.85812293175728,135.74057614331932
92.69244109435276,136.26655045940706
90.72370489845645,135.67300456644205
91.72430755147045,133.41254692932762
91.0434358170406,133.88607563996163
92.7079441068839,136.25413295718494
91.2435208497581,136.26994038251803
91.43353914072023,137.06963034880457
92.16887851041537,135.81610317571997
91.10898551086447,132.61980410218476
91.36854215872631,133.08800410455365
92.22851012001719,133.50221748062023
91.25798695290625,135.84826320599583
90.18704642007592,135.5544812774966
88.9794195056123,137.65010424706279
88.30104833080264,136.15415285821138
88.35680825439819,134.0771197875606
88.38134910362767,133.68229313123564
89.23313943023086,133.9110286721196
88.73363258336907,132.61299999690743
89.0928000391454,129.38530033838362
88.78359213553485,127.78363019121129
88.25487928817132,131.95393390822125
86.95216539974595,131.69459110913454
87.40649837680492,131.32309145115397
85.43929094213973,133.03574143903444
85.11205599002211,132.00012083367372
82.99218744380546,133.03288557014653
87.17386922784232,130.1066410106782
87.27933858250194,130.2354612819724
88.49370260649569,129.16916187524356
89.55788353873805,132.61940517422386
90.62844078124218,129.6958406320364
91.14394033992549,128.3260222680935
92.1799783801572,128.28165029005365
90.99469488676438,129.67304964975307
89.33588665687722,129.69227680483067
89.11034124151556,133.5494534749885
88.48296245642263,133.54093566529173
86.74563890488085,133.18787827785738
87.94886339930162,133.0974844785746
87.59434395486028,135.02622085982668
89.12346576471947,134.7235458592386
88.88783621859098,137.63532095403198
89.89592830112865,137.9283497495657
88.77288933996586,134.23494820592666
87.48758400782178,133.43815555730885
83.13651109855086,131.88371125960245
84.93441775364477,133.66404400041043
85.20062799610925,132.13764327108137
85.95562087785174,129.75719389968035
84.83772181517116,133.40262517128488
83.8355597218869,134.2126492485615
83.9478016784029,133.89636759444005
83.04898616946807,134.03718357811292
83.36272729715796,135.31259357239006
85.78553917604647,135.03489312317186
85.2224024786137,135.70449800545737
86.79120958647135,138.975492442534
85.78350637542263,136.32971046445223
86.09896290751735,138.44528011241732
85.67940095927715,137.06266879806677
85.06030149411554,137.63533120215772
84.18652705964385,141.27517469985105
83.72106897435467,142.0045645935479
83.60479661710121,144.40918469059665
83.21683469565644,147.2326244918123
83.82014531082866,148.64935647766893
82.90556817141267,150.59184092914728
82.21524757142282,149.15699116805658
83.9098479410309,148.1565740112092
81.80501545477699,147.55006997862952
82.82372513843269,148.90979637029847
84.20081017448183,150.53615951522244
84.44878606317494,153.0966461976754
84.16287667732462,153.47514426141902
82.33044576502621,156.93099401655505
84.01407040047313,155.3581441992166
81.47951252822855,156.66470868973923
82.65232173654084,157.71873564580065
84.11427309493115,157.36012888393296
83.36306268239349,157.6154142973883
82.61185226985585,155.57924032785448
81.86064185731819,156.15272617472996
81.10943144478053,158.50760302540255
80.35822103224288,157.5490012426761
79.60701061970522,155.8084550573998
78.85580020716758,154.9800400551408
78.10458979462992,151.62582774536543
77.35337938209226,153.59578379512047
76.60216896955461,155.70881451723963
75.85095855701695,155.0132810962554
77.04173929534767,158.24982572218832
78.38970912946463,157.2621229600464
78.34808946668615,156.86834459419208
75.83965528206821,155.2940064802468
76.36922238890186,156.4703173771834
75.18010536835463,155.13342411161906
76.62628110504048,154.7725798134698
77.04959549507424,154.52405875735585
76.86347372263847,156.4724193353584
75.87298218271836,154.40667536353695
76.98396121639604,151.46265251489135
77.4511340551201,151.28080307087544
78.9388892901399,154.56316758115594
79.8038781506012,153.47410733721253
80.42880840656473,147.54371960704765
80.26130676393771,147.57715160724007
79.69137710323061,145.8840882646469
78.05235307250284,141.3979515876969
77.34848132600051,141.91350429875106
79.11489705240743,141.03658425139372
77.65046421894121,137.68011963166532
77.89517392303328,139.92347964527008
77.80777365986586,139.31143967434653
78.87241455526606,137.95214117747292
81.40291495557476,137.5098549180844
83.2246655587971,137.82167170184508
83.67300388959048,138.99340120865534
84.58734178922744,139.50444029233012
86.74777090568166,141.68374270255472
88.5955349102098,142.78011948049726
86.94069416270337,146.08341317534226
88.61282681549284,147.68155131288168
90.69008651551451,153.40436555228823
89.63723084309675,153.9298124257293
90.01651334240199,154.63122561256017
91.68633670142974,154.5905115731711
90.65259216576665,154.60133145652412
91.90115592757151,152.63809034029256
91.91458586917919,150.53513014056102
92.12024819492348,150.178341523581
93.09171141779551,150.74949639199892
95.18144675083576,149.34075001028444
94.63460751306584,146.7896279264386
94.6319879977885,146.18718267721894
93.24759105689486,146.394375739512
94.14998556724433,142.00101786673244
94.91884302340712,141.99454745010527
98.05339912882512,141.23437563539846
96.79702621479257,141.0297689692587
98.00957753946702,140.46634889386948
96.01968771054548,137.44439883735333
95.92680097037073,135.48752350510554
95.8170176981302,136.11929587925655
95.59402231789946,136.00577670243553
93.34395021189395,133.64950145508828
94.45125268635975,134.02859855464968
92.96135995625525,133.05958528989672
94.21840065696851,133.4590596757057
94.44658956598899,132.78493765567308
93.29400242098357,131.47089112940276
93.31704077637194,132.41771991928172
91.68628423556551,132.79459106800834
91.56478903154523,132.69428861539643
92.91993643789279,132.74328848048685
93.97608339871431,133.39958924105008
93.27787307364858,136.5851971863533
91.81955617070874,134.63894735897287
93.92749059504202,134.47013554203386
96.26362126867406,135.6124081015903
96.3789110565745,136.55236876384683
95.60226151068365,133.9998764412928
94.41971024909203,133.79863475599709
96.08616343826984,138.33465607728516
96.83852284317584,139.29903609967877
98.08856266948895,138.9459303535981
99.74695156007766,135.92050455309985
101.50464090136235,135.73910667863888
102.347144237835,132.90539968611495
100.790314047718,132.59174857492482
101.59733270226401,132.09714609175572
100.03909249171306,132.7498368384631
100.06602372960823,131.60916457117543
101.33358392349051,130.0364745138145
102.44524281019136,128.49340737704023
103.0899966063507,132.25461758852927
102.96594313882596,131.2578079424646
105.70950509415638,132.74611648748814
107.24128896479161,132.4594306570706
107.11196458564098,129.78104007408518
104.43988052453469,130.1692910497602
102.85012631484231,133.08721106969756
103.00828550882022,133.56780132535675
102.78745219084098,134.86281270379013
101.03060388164883,131.4746131859376
100.84310481862293,130.58646223969444
100.30976403901916,131.9529662207887
100.14296232699705,130.62643450662324
95.57611074267697,127.02358938376925
96.68594264426332,125.93408824855508
95.18437445484813,126.85573238386228
96.47382220300833,124.09057114818084
96.58051763141276,126.9143199599412
95.38233680694972,122.12411984808212
94.57425423446283,120.05771940396413
96.60878091582292,122.75704689930508
98.4201549350575,121.10893230535052
98.1650448134357,120.8696229244008
97.04900859680797,121.06890333330617
96.7084184762594,121.67372415151968
97.12378902977463,121.97204495828801
98.30392090535922,123.75309389130705
101.51828303678106,117.8807861748693
99.92224724143173,118.78438078530151
98.61017032791588,117.63164493742993
98.0189085418456,117.71244133192025
95.30996098880857,114.13680773477319
95.99623758089176,117.7093684462043
95.6101561517893,119.65623366511453
94.92085523747552,120.1542788939232
94.91421156732478,119.50793572048242
94.90756789717403,120.30384462130495
94.9009242270233,118.7911677793871
94.89428055687256,119.05405401932208
94.88763688672181,120.71010485873424
94.88099321657107,120.67647347174805
94.87434954642032,118.73873363232
94.86770587626958,120.13606040900055
94.86106220611885,120.58732667218936
94.8544185359681,118.59719974234731
94.84777486581736,119.99496524583262
94.94561846762409,120.41262871720897
95.0434620694308,116.93572309052485
95.14130567123753,118.69802094976619
95.23914927304425,119.0338075298792
95.33699287485098,120.51353994029871
95.4348364766577,119.04346029190746
95.53268007846442,118.95710045637215
95.63052368027114,117.35021520973777
95.72836728207787,119.24981441512044
95.82621088388458,120.188529727371
95.92405448569131,119.75967603378547
97.80946619897117,116.13624572815512
98.43240318687957,117.08175317839786
101.04539929758742,116.93647265876585
103.04275553284081,117.28940209957685
100.78607298770547,116.19133136045541
100.50012915179575,115.31188054285757
101.45432996364947,113.7049090228846
101.09648034803199,115.28840869251373
103.16562663114796,116.1638028146394
103.19531605468099,118.1151741784344
102.91595769702903,118.70124405923485
103.80240602397852,121.16159059410943
106.23531531311556,121.07606176973646
106.33695732179626,122.02033997448406
106.43859933047698,123.93100043511159
106.54024133915767,125.50553883332157
106.64188334783837,128.45654515587196
106.74352535651907,129.23732643027793
106.84516736519979,130.97839063348556
106.94680937388048,133.71158769937657
107.04845138256118,133.10336557519463
107.15009339124188,133.424585300932
107.2517353999226,134.5816021328096
107.3533774086033,136.07462761810075
106.78919208331266,141.27304219886605
107.7576448236363,142.80493745077268
111.424985098737,142.59154186111928
112.70886353942375,143.826309160246
111.08786827592827,144.46038195556298
111.59512062833859,145.35727819767595
111.70838706841174,147.61504516193327
111.82165350848487,149.93672234837803
111.93491994855802,151.40690669736247
112.04818638863117,154.42502289910374
112.16145282870431,156.44651459005738
112.27471926877745,156.6696146523221
112.3879857088506,155.84727678252455
112.50125214892374,155.92419648463195
112.61451858899689,154.26413532439776
112.72778502907002,155.3883629596611
112.84105146914317,155.99730767954594
114.57760175996758,153.96103589413667
113.20150171305345,154.39436407580646
115.79482466210777,155.35756211055917
117.63151708093542,152.91860246685695
115.79229743372919,151.5592452612038
115.44222535451323,150.80556233345493
116.6871640137192,150.07201932955584
116.84846217111968,147.08135344379113
118.1549869941121,148.1337159950088
119.83751497171046,145.04331056585823
122.7088282744489,144.46780356731736
124.14184829797692,145.1977366555217
121.52737687393902,145.05591527801812
122.69953489824823,147.93160224213653
122.77284289645429,148.66034738176222
125.22742438215606,153.64868286055335
127.14295540327669,154.90557114226513
125.77661350560885,153.90197851413856
126.55061193935582,154.49767694950597
126.86169317235948,157.29162259317732
128.47096676157713,155.29477415085262
130.30665374449046,156.08851947892404
129.4041292407173,157.0302065023377
129.90850422138115,158.1258333200906
129.25352273033124,159.65778366396304
126.83235921075537,159.64915623328753
125.85428243169703,159.16146437221443
125.5240699035062,158.7825692337524
125.94005202841818,159.1267644161119
126.21635826269853,160.3365143563144
124.82510541955054,161.57454948964065
125.67703853870738,161.61706592355438
126.71831345563827,160.49433229048208
128.5652615966272,160.460908307751
129.75719389968035,160.0167641389973
132.41246260722866,158.78863251295982
132.5249206843068,160.07926966229547
132.63737876138495,160.38459818691885
132.7498368384631,160.13549223434285
132.86229491554124,159.25294973030003
132.9747529926194,159.28938399042624
133.08721106969756,158.65865753343854
133.1996691467757,160.2899278997205
133.31212722385385,160.722460239413
133.424585300932,161.57462176229063
133.53704337801014,161.49433700690994
133.64950145508828,161.4795925272837
133.91780854918474,161.06502741776947
136.98329885384769,162.108244968331
136.85289539401495,162.3180318034385
135.78326780338796,162.87074668122722
135.20108790943146,164.27402891169797
134.70912529933202,164.61984078740775
135.54270833060036,164.1943146652944
135.91343156981065,164.78257587068586
135.5374480478956,165.07328352802358
136.97395378285444,164.00372799776787
138.98158063705645,162.40442902232692
137.5098549180844,162.2988216124452
137.0044473558237,161.65964645520313
138.46797094020485,162.25817525738353
138.87400056091354,161.64461005113463
135.93637393818963,162.2792535849284
137.0798472113713,162.1043641263309
134.349377962463,162.29840879577347
134.8230386402527,163.9953025947344
136.71893747090735,164.23800788546234
138.10635071506016,164.038201636798
139.76373667567296,166.02226264588032
139.1283588364094,165.26742970610724
140.13238797810325,167.654369070199
142.07319552926472,171.8439593528517
141.68189371009447,166.3159979615884
141.11080920929683,167.43127181450183
138.9459303535981,167.7326770116978
143.13382685543255,169.01624417856758
143.24454189573828,166.29184833193634
143.29574347967718,165.10111763596427
145.1466477855025,165.66878833087506
146.58356619394254,169.2901675910838
147.14749359367534,169.0501633271097
146.69995542934558,170.44791413530513
145.05025231613266,169.99589725459668
145.92106884082963,168.43785153684462
146.87863719183323,169.86055832941594
146.53683917486777,167.02789706676586
147.44720733913184,169.76232745846926
146.19404879492242,171.2877794430009
144.4268490905581,173.40520279840518
145.5990642908009,172.92603299427105
144.40918469059665,172.670412551966
145.30059262753377,171.96104786215486
143.18395815360205,172.31630158240864
144.47528820612797,171.6607801466165
146.47232559513319,172.37891150402925
146.78387670119145,171.38255480414333
145.0731291360479,171.57647329896156
147.16402819569117,173.2801117345041
149.50433644690793,173.1132055014841
148.13673852037516,172.33113512957934
149.28377653479112,172.42099203622533
148.88787404178862,171.85700675656238
150.21179263598162,171.3883290864879
150.8967223349621,171.5987308294931
150.33593559598066,173.2956932999133
151.58491127636333,172.58680444723475
150.46099089308228,172.6013506702289
149.1281731187545,172.19385021147113
148.6206297817397,173.03011892789982
149.10773752169527,173.05945773566836
151.39902143741674,172.94843733671556
150.35321328935416,173.19097148882048
152.66182107839265,173.72078844529193
156.0834085297204,173.56970384364058
154.88069918707646,173.65350980264125
155.76537416643063,175.32729511252782
154.42502289910374,175.66190276016326
155.75919065685903,175.32290046525037
156.16348888853705,175.20999585846374
157.27075680700707,176.13877066734148
159.71652950927862,176.23400884706174
160.49433229048208,175.5582864117929
162.10627318567606,175.1187271918266
162.43144140143787,174.65033920483305
161.7770441238013,173.7261407071026
164.08407341064884,173.95392909308083
163.9157431973268,174.9314538059313
161.86307922187095,174.57080519282812
162.57872035555283,174.17420734775754
162.75863876713993,174.41592181537837
161.99538362422967,174.0996461734285
159.7312157999757,174.46551712728927
158.89297938082586,175.15758548559927
157.76744653242247,175.09118807710675
158.25404874110947,175.41343792812611
159.24352403320162,174.98165244592846
157.5913649828997,174.82953821753006
159.2843018906754,174.5419796896999
157.45865530554045,174.38480545343074
157.989310222524,174.900961909759
158.23227887783906,175.02671479938854
158.65295021389875,174.0931609608137
160.56111432349948,174.50041247372542
161.6504025601015,173.27957800321968
162.6461723881327,173.1676802790877
164.2302986788785,172.91963175357265
164.2361237090102,172.56349906544546
165.01286106796593,172.92923361462027
163.78745056942395,172.7644900392194
162.87074668122722,173.04376669759787
166.55532288708858,171.82098448959312
164.23800788546234,171.48439135545115
164.00372799776787,172.01226163902598
162.99935978043925,170.96356149784967
163.45356505691768,172.72377302005722
162.0177775781615,171.85176802426474
163.82895089905153,171.1725289894081
163.72176206817164,171.38901532666688
161.94846950133288,171.14882122983093
161.3464437280668,171.1632796322886
160.4231948885749,171.4050838338265
161.2568030681475,172.394488494419
162.6956483576458,172.95163795706475
160.81577286728628,173.53031534328343
161.2741641075223,173.87962486818486
161.41191421672497,174.56368181172326
162.1266053885699,175.01863757702657
162.1308636612122,175.18455558885807
160.41282674865067,174.99932186181178
161.96377055951427,175.1101163451406
161.37961761009592,174.9396657731681
161.29824018723565,174.91136674323434
162.6067080064248,175.2983240251449
164.49737322938483,175.19676589482125
165.26785987006087,175.5020604316584
162.0614266843103,175.26136761048411
159.7437277016688,175.52515922160717
158.20435271260277,180.8249231796088
156.97586217237617,186.38838963113687
155.57846641606395,187.0719579852487
156.9945111061789,185.7559875367745
159.51133645948215,176.50020725714904
159.28938399042624,176.70697548642406
159.42947671945072,175.4911334449658
160.9728096825491,175.99557714558398
162.54793524635554,178.85574771769157
163.9447495247301,184.99704846201442
164.97999250804048,185.52412004651316
164.59447205777084,174.54153318350336
162.57991000614413,172.8240225225922
164.21295721176506,173.2963492844736
162.76063661200763,174.50364250546343
162.42852519286922,174.93851592425577
165.43222983040886,175.44218956068318
165.0931034590144,176.35330035275254
163.9535109222086,174.6071435774395
161.5610734066081,174.9751385085558
161.3064826324586,174.88783100686518
160.5035806002901,175.4815631949478
159.83984698181348,175.0064148493881
159.59784453558473,174.43415646722883
159.2645225038232,175.01447597157465
158.5753570050733,174.48537785266166
157.23709146552022,174.21759871202826
158.38763293517655,173.73378314267316
160.3046639604446,174.2034195760478
159.20028518813,174.50626888414325
160.53867163342957,174.24680195039755
161.31614660971204,175.38352708972775
159.59977842883427,174.09473435753776
158.8677166162336,173.47207008211518
159.7592304068107,172.96866703923138
160.12470940408085,172.9356348553187
161.76669442620374,172.94523671636634
162.0208836240341,173.0142579795584
163.9983018230398,172.6657530905974
164.13445822691045,171.80217768588716
163.0847785032611,171.10497884474373
163.41281879974156,170.87814226628686
165.62646705978582,169.93837513377932
166.73625443930734,169.63698698690763
167.08835089077152,170.5385225903211
164.42454464661557,171.75519892108528
165.4647078504288,172.13616979442534
167.26694094597823,172.28390870055108
167.7326770116978,171.95700389253747
169.6743082545652,171.75767869782783
169.11920974328143,172.12167737596
166.51606093359075,172.23703278382953
166.2179592113245,171.10884675899993
165.1604521500629,170.38129773822476
164.58973581568688,170.60905339060167
163.97327853398255,169.90948570765957
164.33853607740278,169.8688030268392
163.25983756589446,169.73916167346647
162.57676275618297,170.88704400119872
161.25064807564064,171.044500345784
163.60396831592044,171.56894464025962
166.1241578836654,171.8703485544744
167.30910968609678,171.5796636968712
165.42158757473786,171.27547374617552
164.17818528780126,169.46204069122678
162.89297429200306,165.98400699111144
162.23632506948908,165.43222983040886
161.7253214032444,166.87682147642764
159.9808213924765,165.24219981035
160.2899278997205,164.73913568772042
157.57694019689998,164.7956290990852
157.87410314265384,164.60625481316112
157.35979769955352,164.79759581194742
159.63881977590566,164.72761269424194
160.07926966229547,164.64757095820903
158.73580340568873,164.2361237090102
156.37597481534488,163.6803008557457
156.17078852750006,164.80035755051648
156.08285097415046,165.4647078504288
156.1859575159499,166.79205388847373
155.7713309292606,164.1561302818603
157.31952741006776,162.50624898084328
157.1550618286159,164.17818528780126
157.31175764831923,162.90011023454224
156.885443451247,162.24017710382427
155.75599539867196,163.07754385649517
156.5634553871866,164.01617004064104
157.43658958796394,163.08167702734198
158.5553874348611,162.6388241292422
157.61682547588623,162.5577077197008
157.5490012426761,162.43963360164904
159.15738638020574,163.0035834344668
158.13682138728674,162.99935978043925
156.44651459005738,162.910693462975
155.91249979438282,162.70042254737373
156.79178831399562,162.92999002262331
154.98064352193757,164.21291545280968
154.190659506756,164.7675712228831
154.39436407580646,165.44276739133096
154.40667536353695,166.02870352378727
153.18089197224452,165.48620576025994
152.93770254557109,166.79634023598555
153.4016543638922,166.28552029005303
153.47410733721253,164.2555292680847
154.9800400551408,162.49410613960754
157.8077035606589,162.73369489981908
158.08694466996894,162.21206172407548
158.40288765155884,162.11592479637534
157.86811884607357,162.10327201631918
158.25060405300036,162.89950564770072
159.6289757387315,162.98492653020753
158.57348452799624,163.65244870548614
160.79119434287446,163.07180368293285
162.10327201631918,163.61893358569108
160.71279518732547,162.52359047014943
162.21206172407548,162.6461723881327
160.17036905082358,162.67504592352373
159.61263132132373,162.75863876713993
159.08397288225856,164.58852506762852
159.5442874770911,164.83117912643803
158.44383810348018,165.26785987006087
157.12927809652118,166.26642485084363
156.88244367813053,166.76437235438544
156.93099401655505,167.59649189980306
153.50853990804924,167.2219752584235
153.00828593958957,166.7508605746543
154.41813877410704,165.8915503202062
152.54340268901467,165.00922810216613
154.63122561256017,165.01286106796593
157.82027873221548,165.4163373923721
157.21114449562282,164.2302986788785
157.18204167388325,163.0847785032611
157.0302065023377,162.54793524635554
156.73903133057686,162.53016500625193
157.42484538663348,162.55161044679102
158.73881098055978,162.4148523169158
159.72901100288993,162.07976362967656
156.8269439883686,161.4898367979959
156.4110301255072,161.34149753950183
156.06946140746686,161.77129967538474
156.89278602005413,161.7636657057733
159.9880309386813,162.06391853084597
157.26968916164154,162.28588072082883
156.55751543052918,163.88241770502782
155.17849958284884,163.9983018230398
154.7725798134698,163.36691796894854
153.61176095466726,163.74723695036434
153.84248324719292,162.85531390608753
155.44293303375406,162.20584457555154
155.13342411161906,162.1308636612122
153.22352866453417,162.0711912680097
154.95482670235526,162.3201219889199
154.3178538977836,163.5047832366235
153.9494427828026,164.19429212997974
155.9837215260234,164.63723253343446
154.49767694950597,168.66869913616495
154.20828902188057,168.52678322403509
154.5732174838469,168.14806745266594
154.43963354371,169.18269270229493
155.44131991708517,168.23914845484518
155.70881451723963,168.3900884781943
154.77262836162922,163.97383891873798
154.36221656004267,164.21295721176506
153.7861707834632,166.75492900088372
152.93077852428698,168.31833076155857
153.12643631562526,164.77724245069567
153.40436555228823,164.78504559050745
153.78575006503874,166.58091501687966
156.45047562878167,164.2378390899074
157.8584037008835,163.5795837687935
157.5686326414709,162.91411181432923
158.97305196126908,164.41863725572765
158.98007048718148,162.42233435239686
159.4186375953221,162.2844673793625
156.72258364967882,163.82809390662226
157.97496971236498,165.81039969215624
158.60734049343347,166.48060806457374
159.17406726049867,167.63678228504043
157.80413222550217,167.28679085422843
159.56325506034798,164.64338066727046
161.4795925272837,164.71209631263756
164.038201636798,165.0556691731735
164.58852506762852,164.08407341064884
162.8842376012294,163.15948362440594
161.4816171310457,162.19045271888825
159.04910723559502,162.0494158318371
159.36883725241736,161.94846950133288
160.722460239413,161.86307922187095
162.32713546281525,162.02123978667203
161.36838096467747,162.83948840257335
163.82809390662226,163.52716909262588
164.08714977212065,163.25983756589446
165.4951928501081,162.0285808950047
166.97333848162353,163.82895089905153
169.87864174360107,163.8534890884353
168.00897039266624,163.81404167872367
165.78341874021902,163.20324744495585
164.56302431111095,163.78034077012214
163.74143438909277,163.9157431973268
161.42357826186688,164.34593338648642
160.13794634555128,163.33538018245403
159.38437978702598,162.22500134535665
156.85968459694215,163.82093863899988
155.03983404252998,163.50322984543098
152.63809034029256,161.7728650218609
155.34528881229406,161.47359496216097
155.26953328114902,160.71311762527532
155.2940064802468,161.2741641075223
155.0132810962554,161.21885783860517
155.3581441992166,160.4849791186565
155.3883629596611,157.70425427167697
155.31785244542795,159.01620785832293
155.2473419311948,158.38763293517655
155.17683141696165,158.24909579754095
155.1063209027285,159.58122502240784
155.03581038849535,158.9782551605497
154.96529987426223,158.08694466996894
154.89478936002908,157.55237738123583
154.82427884579593,156.89278602005413
154.75376833156278,157.5686326414709
154.68325781732963,157.12369467365033
154.61274730309648,157.35979769955352
152.12869826457396,157.42484538663348
154.08240315944738,157.23709146552022
153.42683109012995,155.75599539867196
154.7824452351345,153.25805460351282
156.61404968113493,149.30354402829667
158.00864385337758,147.76529656839077
161.82140803808952,149.95145979788705
161.92241997617268,150.35321328935416
160.8267468901746,150.49715756467035
157.7457287598007,152.41096810889263
158.545906056946,151.39902143741674
157.31283705259565,154.79451320444485
158.69510106410843,154.74066547899952
156.02380321073704,150.56940557496463
155.2131990497337,148.0971050492507
155.35756211055917,148.97369814929985
155.57255759779136,148.0905300519396
157.865776244616,145.32650342779277
157.45750706037444,144.79588441998592
158.34809171131718,145.1466477855025
157.8073240268958,146.74531216925507
159.67089843880365,145.9782267466608
160.84626582836162,147.24723425705452
160.02110084046603,147.7380177008088
160.06157529117226,147.8786650128532
162.11328275385623,148.46938049875413
161.2541976429683,148.38368638696969
160.2646109208419,146.27028870075893
160.71311762527532,148.57390733180773
158.47455297025687,148.52346374565846
158.70567505024295,147.06492504157848
159.12649083319164,147.51153493392846
160.1683282596294,147.63490696017732
161.20601361058692,150.46282755141752
164.1561302818603,150.62352469412045
163.02443052911985,148.27425684644587
161.62424367633574,148.311822589695
161.4898367979959,147.10489964202418
159.1165521992109,143.9097492128733
158.7825692337524,145.49055718235778
157.73325531824108,145.23268838762448
157.22954932100208,146.60396757027382
156.7929092812706,145.24598941222428
158.76948998070935,143.94907347487714
157.39004502433957,145.4594628375478
158.59596529302496,145.0783363934521
158.3234801214942,143.05438909066473
159.14099652590215,140.56244011763076
159.06160873833838,141.29767658715392
159.03146424516027,141.9903766434391
157.71413855636715,143.09479804721894
157.93013021100631,142.07319552926472
156.63489652105994,139.71376477831726
156.4724193353584,138.4781424312686
157.9062753503258,136.1240441770963
160.92538162447005,136.10584055502363
161.79195893111455,133.09534752716104
161.78874598261882,133.63984727427126
161.03656027461213,127.97530000372883
162.3180318034385,125.39625710917295
163.5467605338354,122.72543475581942
161.74783561073428,121.15265716241949
158.50760302540255,119.7482769621484
157.12369467365033,113.13253156692531
157.56043723361734,109.8563697177778
156.62497573435812,109.01753113104964
155.6513404838278,107.12999618656927
156.08851947892404,104.69819998517616
156.66470868973923,105.17357766755084
154.27156883526442,106.05468052159178
155.57924032785448,105.22639609257587
155.99720797677435,105.96878450843245
156.38564533768687,106.4078044681469
157.38279578066528,107.3343355886065
157.19625917170336,108.71756401171841
156.353212784655,109.85829888206482
159.97827158277005,109.87246610559043
160.50553560000748,111.93491994855802
160.54207051209244,113.12491555772137
161.67362632474476,112.96482151579015
161.31614181504239,114.1213701964212
160.460908307751,114.26043052538246
160.5687830835348,112.70367045566675
162.62091579474495,114.81744392457999
164.65416415401296,117.32053970056164
164.63723253343446,120.11230098780625
163.3635076025803,119.19763494665483
162.73369489981908,119.86925290236914
164.19429212997974,120.56512116865025
163.82093863899988,124.15149274982411
163.81404167872367,121.98240354240272
164.4035663926216,120.26835227840213
165.80761147027124,123.10362820242736
165.07328352802358,124.31274271008431
166.87682147642764,127.1837240973642
167.53218742093864,127.54962976115362
169.18839553793978,130.14951166456493
169.46204069122678,129.24447177050993
172.18246102802433,128.98476674998034
174.99932186181178,133.42403163223008
176.70395259702673,136.80566080569054
174.50626888414325,138.46797094020485
175.70121423876412,138.37499800482323
175.09581162189684,135.70343092364595
175.16370637522792,135.11317847632364
175.09118807710675,133.95551539067606
172.96866703923138,130.81337405279004
173.7261407071026,131.75704888281786
174.66101222309214,128.57216947832444
174.29370282511158,128.16527902889686
173.08413239494232,126.9911207264003
173.61931542023902,124.01412359025221
174.46551712728927,125.96395406460051
175.01863757702657,125.51961411667077
173.82428930430152,122.22241251421434
173.87962486818486,123.77190663413101
175.30466841433227,124.75196846455424
175.71227753205397,121.72715901737072
175.57044314490318,123.44197874486663
175.54611870615085,123.86978509253743
176.21579227362068,125.13696693907936
176.50020725714904,126.72944255176633
177.04346864125316,127.57454309142985
178.9082757220122,127.72305108662582
178.06508066316871,128.12563654374821
176.9835579832928,128.5652615966272
174.5419796896999,127.649878789104
174.57080519282812,127.20351061593017
173.73378314267316,127.24408946390714
174.66656812446953,130.23917362010872
172.7722346262845,129.4041292407173
171.2877794430009,130.74428214058227
173.04513695697298,130.23880741792385
174.9751385085558,130.4586063627848
177.0217601554946,127.71192298498434
176.65744666268077,129.21905112817998
174.68992084456337,129.68544946386655
171.1632796322886,127.56794450163896
172.03980955837753,131.29063273403068
171.57647329896156,133.27827207714014
170.73446433403032,128.12642139395413
168.34803961926136,127.20103919999858
166.9083860067678,126.72000680837597
165.9763712102063,126.10666504854848
165.5433090570784,123.49019226750012
163.62338415052906,121.2950336959518
164.27402891169797,122.77749640459486
164.09672372534465,123.71089257603944
163.6803008557457,127.2720649519453
163.36691796894854,131.520066764444
162.4148523169158,129.8967074358238
164.80035755051648,132.1716555696774
165.4528374606446,133.73024107355405
163.50247754394735,130.69542734532666
162.9793352858406,128.54573015361578
162.5577077197008,128.27524339133126
162.52359047014943,127.61577426842659
161.18997191501057,127.46213518077846
159.64648153530547,126.10394143346117
158.24982572218832,125.53647859211827
158.60324541713237,126.06333394523703
158.36667413166546,126.22951109043514
158.13010284619855,127.55307760222487
157.89353156073165,130.84745041893837
157.65696027526474,129.90850422138115
157.42038898979783,127.28050120247177
157.18381770433095,125.61935354066645
156.94724641886404,129.66361062058064
156.71067513339713,131.819522508066
156.47410384793022,133.82575734494353
156.23753256246331,132.89158866428573
156.0009612769964,132.62048878748655
154.0178097420393,132.8288523224992
156.57039693179198,134.08158786896502
156.30052379897035,133.53195319383843
158.4583568340381,133.00650520258307
156.86834459419208,132.80554306267152
157.51013536769545,131.2519445229124
155.3806745781861,128.53523066257688
154.3912754544625,130.10886000261914
153.68447683531812,133.0298770781006
152.35472982558858,133.90982616000124
154.23091449004966,133.7418210849519
155.40192496521715,131.94676621364658
156.53503683195038,132.76424773759697
157.1788141335823,130.68179057354988
158.2954190911281,132.93897379728475
159.6692828280578,131.29199724474913
161.4161563482694,130.72121948576685
160.3365143563144,131.2916453449387
161.32163441427022,131.79521787765265
161.47359496216097,130.74486001964874
160.59215220985874,133.49102013255524
158.46455675667687,131.66406013912965
157.14783502859888,133.01226602231625
157.64690505812874,130.16957282446776
157.49666872364597,130.4368315783682
156.4703173771834,127.14295540327669
154.7197716491176,125.18233378725718
153.9298124257293,127.3605494402152
156.68989990186762,125.39761916547539
157.22338357142874,125.5240699035062
158.27680995667237,123.84718697184125
157.56033922451493,121.5774375712912
159.0847759972139,119.02340775861157
159.5469103536587,115.07468699922593
160.80733259202066,113.70418055177764
160.37215416999874,117.63151708093542
160.05210703057696,117.92408300415829
160.38356580621416,113.70800263567152
159.69799185442164,113.07901352048535
159.98838829889235,113.37819122561969
161.93604984294748,113.24447940959045
162.3201219889199,116.12230467373611
158.21730093120337,116.92847003765124
158.50876333389684,112.42623515261927
158.84124376110825,115.27290411495056
161.07739104599847,113.38015818448974
160.26558844744724,114.23399785428408
159.82142985700298,115.27787152014135
159.96292755351536,109.44088198967141
159.1288039731815,110.28929499495193
160.13549223434285,109.04877951965045
158.29574552433712,112.94819711958567
159.0395020347532,113.82084694530951
159.93215964584508,109.67913387192407
159.94254981077196,108.90239695662547
159.1267644161119,111.83277465875486
159.54683065328572,111.53527583518962
160.79342378430397,110.20396019516035
162.89950564770072,111.46711218783767
163.86957754617126,113.0327577995979
164.46272140978874,112.72778502907002
163.0035834344668,108.6440912837807
163.33538018245403,108.96155136428199
162.5367531743694,109.17875104479572
161.21885783860517,108.91816835863588
160.9205710349512,108.87190194938223
160.53670783299083,109.24969428054922
162.0778463416159,109.72733899704873
161.54128231172658,109.33804393447903
161.04002454277256,112.5207967648923
161.18697521741467,110.37509115441105
160.38459818691885,110.27924600963593
160.43245464142888,110.51810541608738
162.37475286181518,112.55254499710315
160.64499701804334,111.15632857474026
161.55360342227834,112.3879857088506
161.8278258803517,111.46465031726069
159.58122502240784,110.64421311636863
160.58845317940373,109.84319415150138
160.90398636373655,110.21792783913409
161.42932318454362,112.4219507045418
159.86383530242256,113.01672027759601
162.0280881010558,111.99830463438497
158.04146781898444,110.94730052559447
160.34388614203004,111.93419936316019
162.11592479637534,111.54491682978282
162.37671252180724,111.76484361595719
161.57454948964065,112.4872083696057
161.30240917220277,111.59512062833859
162.43963360164904,110.44264659540924
161.31622555617577,111.69285637436158
158.21681148714933,112.61451858899689
155.1400161972941,108.86972597734626
155.80351045423075,108.33240649004594
157.47528109760984,108.25754444487231
157.89113228496197,106.38036125861014
159.5628707705274,103.08647436758676
161.2261103472964,103.70438556661811
161.7597016123616,102.65502658358592
162.70042254737373,102.78745219084098
161.7636657057733,102.35568882658426
160.84355214161448,102.78675126505443
162.55161044679102,102.06244266488491
160.5588072434634,103.28654873798737
159.88576688664998,102.512003949012
157.47848824356916,102.26490371621593
157.7618446344583,103.08370290323754
155.84727678252455,103.04275553284081
155.23534056298269,105.53782059125334
153.09362064121126,103.16801987730547
153.84866807738535,102.72270302890838
153.93173986601423,101.50677270925894
153.7559306243295,102.93466663317531
150.64993683832458,101.45432996364947
149.5415930393422,101.52787480115272
150.178341523581,102.3219580484231
149.5400177816795,103.19531605468099
148.96233493154415,103.11910165267031
147.67892793304298,103.07632299243929
145.98672526370393,103.78841662596909
146.74531216925507,102.98724579689475
144.7327653712091,102.4347043847684
143.2908886667172,102.347144237835
141.30515128219352,101.90495481720838
139.12402709614517,100.6464504531479
140.54916136835516,99.18386488340131
140.2723816375815,97.92263843221536
140.32068553726631,96.91782544859853
139.92347964527008,96.61516642992619
139.52627375327384,95.20064450044082
139.12906786127763,95.60795226701721
138.7318619692814,95.99623758089176
138.33465607728516,95.84954788772423
137.93745018528892,95.82621088388458
137.5402442932927,95.53268007846442
137.14303840129645,95.76299788634293
136.74583250930024,94.20194052330612
136.348626617304,93.28137393428707
135.95142072530777,93.4223033178208
139.47215086826444,93.48247526863544
136.82077922800931,92.72770758426634
137.01958836075,92.7970877136754
133.94128530009013,92.59374335190181
133.88607563996163,92.49724493052453
134.7235458592386,93.46446768108518
136.51529581294395,93.13849362714426
135.5544812774966,93.43022493033351
138.58128872457308,93.6174196466581
141.53878409049196,93.58558580324963
143.71919886217793,92.98330383314595
144.43442413383437,93.25775989890342
143.8092182765926,92.42731270479914
142.44439770493557,92.50790979292832
141.60680447805495,92.42544775156894
141.03658425139372,92.43170871682503
142.59154186111928,92.12049416749996
141.82352544645255,92.25642019308802
144.85483860446493,92.63824306036791
145.7276993487469,92.96031748103336
145.05222989165387,92.30926557033654
143.97733075915266,92.81205325718368
145.35944225640804,92.96963331789894
146.86431604335172,92.99038346296533
147.99770811773294,92.50964034657777
147.82775203299164,93.47616618176056
146.4442204081329,93.71128800836338
148.16077393017974,94.55795609018287
146.18718267721894,95.25475341005016
146.38639386445004,94.92085523747552
146.27920642880082,95.63742729832987
149.83574902463153,95.5113758158728
150.08098344011486,96.16854049049076
149.7600005733494,96.69464793339637
150.37348616311135,96.57096029855502
150.75451501880093,96.34610828040663
150.9236643390679,97.85665840953219
149.60712373497478,97.84782755193777
148.70850265097968,97.31206500833848
149.35784665361297,98.87381214478762
150.31073486856135,99.37777955791496
151.74646160076395,99.33857148516228
152.76950166709028,98.38669395766765
151.79360945778336,99.17634074659887
153.20926408756708,99.21186767716662
156.01461202526184,100.08667454110453
158.11918586285185,98.45180055511535
159.35928122526656,98.3782569142649
162.17025349300818,98.63173444431388
162.5681805505008,99.20975991704393
164.60625481316112,100.22969781493859
163.2984121892565,99.61507314290837
163.54565627157663,99.70713948804516
160.32188529977878,99.13458138640858
161.78827006277174,99.53537779760408
162.0285808950047,101.01582195068876
161.49433700690994,101.05096537347363
162.1043641263309,100.9312309729106
161.1778250802646,101.62632467137871
161.0392242870854,99.23359183516538
161.07520830179192,100.72253263312106
162.57898667084598,100.51054119281592
162.19045271888825,100.81671851813188
163.5795837687935,98.97762143358742
162.40442902232692,99.02906124636253
164.1943146652944,96.08616343826984
162.49410613960754,97.90221166582806
161.95308353570857,97.42864972194641
162.29840879577347,97.47381465592134
160.91442143640924,96.90732492765021
161.24323742581026,97.45700314360708
160.05499845344357,98.05339912882512
159.0580899203757,98.28018911443013
158.87163860031868,96.7136843766948
158.68518728026166,96.18081164334471
158.49873596020464,95.74383297214257
158.31228464014762,95.30996098880857
158.1258333200906,94.73725356081616
157.93938200003356,95.38233680694972
157.75293067997654,95.4165499871992
157.56647935991953,94.94719518181422
157.3800280398625,94.41971024909203
157.1935767198055,94.8824325234505
157.00712539974847,94.95573199363304
156.59799255731807,94.97281498543752
155.5586031501771,95.33815347842545
153.59578379512047,95.211597381129
149.93182342630737,94.06582868792579
148.28636781391754,95.38553740521792
151.3968464045442,95.14130567123753
151.5469095844652,95.72836728207787
151.56901287928667,95.97427039332592
152.12771336781177,96.70205220314769
153.87402429885944,96.58051763141276
155.0389015437474,96.985922467287
154.48254014196297,97.18390377863282
154.91042225319728,97.88474740279963
154.87178590361313,97.9776401055765
154.833149554029,98.04196323563578
154.79451320444485,99.07228227574502
154.7558768548607,98.61791263517082
154.71724050527655,100.14296232699705
154.67860415569243,98.96016506792061
154.63996780610827,99.13928720265454
154.60133145652412,99.1488572569694
154.56269510693997,98.62508486337342
154.52405875735585,99.18359954706595
154.4854224077717,98.1650448134357
156.29529959903343,98.79108545748979
153.5167665693284,97.8933027364074
150.1003107084033,97.73391615140737
149.68572378728376,98.15287612960134
150.49173237081206,97.61386369392154
150.76298529436576,97.7332938813419
153.33481672098603,97.8759173210839
152.51398873968233,98.41856295348396
152.86547799996487,97.87475605907309
152.59024210434404,99.06720132065242
151.37729296047192,99.7140859508291
151.78481951095623,98.77037220504197
151.20845673768008,96.98779206082934
151.5592452612038,97.4679479600994
148.57390733180773,97.72139770697785
146.16079884738775,96.80810758155027
143.8613582277311,96.5343794941894
144.84500416078453,96.52688931311792
145.0624332460368,96.46049134442067
146.61237670919493,95.63383276927155
146.99429011697083,95.83909809430766
144.70510296506507,95.89861122424864
144.40461477798237,96.00885592825168
142.5916797196638,96.26216980257726
142.32837704823302,96.25983295599532
141.58259622710636,96.51736140344151
141.8926971206528,96.63360090626408
138.7481859558252,95.91422002555126
136.7215678317158,95.21898511889772
137.71044195853275,94.10213220442557
141.4132661628344,94.57425423446283
141.8495604483976,95.02573901184513
142.80493745077268,94.42712756401528
142.0531850523477,95.19682135966255
143.46144321701425,95.18437445484813
144.79588441998592,95.49703758574242
144.32132254753145,93.97876913387122
145.01703582769045,93.92227735481893
141.29986049286,95.18144675083576
142.95420046171333,94.85812293175728
144.77661877043565,94.72471472229876
142.83578796157687,94.73979672776596
142.57719886826322,94.45125268635975
140.34152588620125,94.83136463478014
141.53540340129075,94.90756789717403
140.97631157588776,95.23027421614307
140.41721975048475,94.9009242270233
139.85812792508176,94.84708221554999
139.29903609967877,94.46535612520644
138.73994427427576,94.82180500461519
138.18085244887277,96.08891690475403
137.62176062346975,97.80946619897117
137.06266879806677,99.44802175662866
136.50357697266378,100.60936040506698
135.94448514726076,101.72206328892446
135.38539332185778,101.85560375842168
135.81784544579756,101.84948100353988
137.140248161867,107.46561181245086
138.4781424312686,108.45010719691885
138.0751509283938,106.01907110039504
137.08887109579913,106.14691501486597
137.38125766252546,107.03273922619009
133.56780132535675,106.43859933047698
135.08614149477714,109.38858849260566
135.96909312036405,109.65135352148783
139.57467021154974,111.46204168880818
138.6554836512612,111.87607542889737
137.9453133091902,116.04569514054859
139.07270717700803,116.7104555840276
136.400387342877,113.87675487922233
134.8141266659158,115.21951732321486
136.20211209316696,113.64986897536915
134.59062061924294,112.77347713871238
134.40898469263212,112.89689083538416
134.66325697267726,110.1092273499226
134.8340107877327,109.7021918754516
135.55006445396995,108.96407661651621
136.2661181202072,108.834075561863
136.98217178644447,111.01274547312623
137.69822545268173,112.20108065136564
138.41427911891898,108.28437015437036
139.13033278515624,108.11046797278433
139.8463864513935,108.14221637370959
140.56244011763076,108.89566760562248
141.27849378386802,106.98541174855085
141.99454745010527,107.04063465298587
142.71060111634253,108.43845857792944
142.31358936509008,110.56440062594254
142.76471984017653,114.1315770008166
142.54926749832927,113.67646720793431
144.5147079395489,114.4809002266836
146.55305473756638,116.03598341517734
145.1977366555217,115.12462345636911
143.8703413449077,116.04294362605737
145.39770584938165,115.23001921567942
144.56762306564994,116.03814068482461
143.58171235476303,115.95762635987542
142.9409196078019,114.64045493989482
143.3808660462954,113.59406485168032
141.28399221552306,111.77443967395479
138.3815915126568,113.43186278619852
137.57360287339714,113.78953314840331
138.68405750393453,114.75171377120984
139.80875978100966,112.99351595173154
140.8804389400955,117.0846748589521
142.0034924126779,115.58055115935291
142.56816149720927,116.92912500001219
141.09418298104993,116.76728135166564
141.03561794003193,116.71202819535107
140.55028070971852,118.47460488039474
141.04973219673408,119.4631373330098
144.0339273857156,122.58395232142058
142.07234812772734,123.02811127439783
143.92886140908627,126.46865519335954
142.67509087853603,126.55061193935582
141.27517469985105,125.85368902331686
142.61110562790464,122.97087044548323
143.94907347487714,122.54253178813768
143.31373753349956,123.28649804949897
142.31516191529244,122.37784159113902
142.33285804652525,125.33014587808574
142.36985055412168,124.94203712311776
140.5839213133817,124.82510541955054
141.41923474561503,125.75382417778327
140.94853574383953,123.4552817254436
141.17765701161056,120.75501201440724
141.19422983813155,120.41658808794813
141.8261135203077,120.27672996373994
143.23896868029553,119.54746132465013
142.5837347598964,118.53799433276228
143.826309160246,119.4535821332685
146.12765235368474,119.44933459096475
148.52490528044146,120.30661623462129
148.7670492533535,119.86982657713331
149.1536678881328,119.6011753499508
147.9079066089718,119.65769924807365
148.86245058568144,120.07325932390715
148.9016689198399,125.3097768447215
147.58263013043901,124.36236117404749
147.7894689674508,129.65110430996745
146.52525527424652,131.11161046402484
150.9769388873601,129.38359800136894
152.45401615799454,131.02900755729812
150.58381169091382,127.44359888344519
151.94423456196296,123.91465355129328
153.07789108652682,123.54796457991098
151.08461815998294,122.35065255402321
152.27170253679947,123.64846407880412
150.89424172963,125.07423050968458
152.5293184084252,125.42130046164812
151.45732692453993,128.44755624951694
151.13855730752417,127.2532037581806
150.81526998396683,128.4995111514234
150.68050152233036,125.33495286748953
152.99621946567072,123.7346221554124
153.87785956621457,122.65804121130648
150.73214539347939,119.83751497171046
152.76728136034563,120.11596159603309
153.2635200077414,123.39976213882751
153.61030169715463,120.89260595753848
151.39977328121049,119.81413986837428
152.4444970209384,118.78984801442901
149.25970576824915,119.28256459973552
146.89189582194228,124.77187196066481
145.07567393749358,124.60679720904764
143.39854235695222,120.58866001790433
145.0075596126509,118.07060308867744
150.25118298221648,118.87040200706853
148.98734811307003,118.87074062083683
150.76035526481894,120.2874224651202
152.2525997586842,120.1517520337765
151.8020991149507,119.47752454870016
151.35159847121722,121.31742207999969
150.9010978274837,123.43592591484379
150.4505971837502,126.65722371978363
150.0000965400167,130.27543524331082
149.54959589628322,131.6900801375999
149.09909525254972,133.5455150931665
148.6485946088162,135.18059924027048
148.1980939650827,135.94448514726076
147.74759332134923,141.04973219673408
147.29709267761572,142.5883890824838
148.0905300519396,141.68336369406134
148.4294558477514,141.25088641252236
147.24723425705452,141.28399221552306
146.79377827140308,141.85422685243802
148.36072123618848,144.89665021136358
147.2326244918123,145.95370810727155
145.9782267466608,141.21382284452898
145.49055718235778,140.89533256343637
144.73131953742018,141.05348644608316
143.7473232297216,140.53479785965703
144.93922607016341,136.587212282586
144.46780356731736,135.61366017662903
142.35577658845855,134.61276740016058
143.1368881175654,133.0019496849977
143.12411205671285,135.16917017347401
142.48466060139563,136.98329885384769
141.70540026970926,138.92887382055497
141.68097856787978,135.55006445396995
142.09578172093654,135.97791912792977
143.49291574875517,137.86373457886032
143.93958943676074,138.479365843583
144.89790907589742,138.41427911891898
143.71812575276434,137.08786617867062
142.9609525029589,135.74622498286237
145.0709521736147,135.4685927496854
146.2841025363398,133.3572792328902
147.47245294085874,132.03747534263871
147.09082579186153,131.31070294768045
147.03790107148174,130.7247995568919
150.07164118707965,133.16144176389577
152.22576459447615,133.50744016671942
153.52097950117277,135.568864356955
154.87762068585516,133.20740588284883
154.8880842057372,133.50797380104478
153.51699957828907,133.52503260836772
152.13369445682144,133.94128530009013
152.5086003218998,131.6649673041229
149.52930481224072,132.0414820699077
145.24598941222428,131.7495331479545
145.44444116875687,131.63386626040673
143.20821233281094,131.98756511001002
143.48961864590305,133.22269987679672
143.77102495899516,134.8230386402527
144.05243127208726,135.13381425299485
144.33383758517937,133.04580607595386
144.61524389827147,131.95604722134303
144.89665021136358,131.6160050915648
145.17805652445568,135.22056331120362
145.4594628375478,134.6232291901468
145.7408691506399,135.32304692874771
146.022275463732,135.25177298302074
146.3036817768241,135.44936460134383
147.507858643908,138.49297329920634
147.40897122130838,140.3339147896801
149.16271094693894,141.0724293041015
147.63328247663807,135.35852666570008
146.40725232947898,135.4827362388065
148.60525642294277,133.06270847238528
149.12138192565047,132.0388203611113
148.77149352930238,133.34937430429693
150.89692560133122,138.0602807136748
148.75481835037613,138.4511355012925
147.87887352125327,135.34951374515896
149.58847912225437,135.74967347565143
147.93200692833807,135.11538323687057
149.58919816749804,140.19497816082293
147.6148990006304,135.58546795334485
148.16839134510062,137.9453133091902
150.3625502599098,141.80507025111572
149.7424130839385,145.35944225640804
151.8467335028724,142.54926749832927
151.66514900182705,144.47528820612797
148.85118391226743,143.8248574731534
147.97598660148407,141.03561794003193
149.95713729939598,140.95396188483156
148.66962662254934,139.45572494157767
149.57499030097028,136.17870799977769
148.92844960107195,136.2661181202072
148.6676818637782,135.13044974248263
146.58230239732555,133.31212722385385
145.7724394138855,132.69785988776977
148.27425684644587,131.5904796105331
147.50548655399265,133.2680532436068
146.55874646948044,134.5803678309433
148.16585462724257,133.4793098174588
148.311822589695,133.88088912086658
148.7792953322567,134.50716980735388
149.24676807481842,133.0163872367867
149.71424081738013,133.0869548151374
150.18171355994184,132.74824294294552
150.64918630250355,132.74530777480726
151.11665904506526,131.7700854100729
151.58413178762697,133.3399191709
152.05160453018868,134.86519668259098
152.5190772727504,133.24876266756914
152.9865500153121,130.69480555915985
153.45402275787382,126.62292030314198
153.55358803886534,123.65500548454857
153.80077874827833,124.07087438183238
153.69223391932522,123.78178395033817
153.58368909037213,125.47175613754695
153.47514426141902,122.69953489824823
153.36659943246593,122.51582883520003
153.25805460351282,119.81526533779906
153.14950977455973,120.73501574712583
153.04096494560662,121.05155412209305
152.93242011665353,122.63920148672713
152.82387528770042,121.18692837134536
152.71533045874733,123.4121520115311
152.60678562979422,120.59298389149691
152.0082508471486,118.92522164936481
153.4989450788612,119.2674533385214
154.56316758115594,118.70466171889751
153.27265252986797,115.03895831247792
154.72094164541832,111.93097203637376
154.26413532439776,112.65690701689515
153.0295594448411,114.81415200838595
153.35336645341442,115.61344560942982
153.49471035273348,116.76383024313162
151.1190438329953,115.43375787641443
147.55006997862952,114.21412422567914
146.77072077063767,114.01306898577495
146.4397634663303,109.91242486948244
146.29861845420277,111.70838706841174
144.38838289776822,112.90030861679232
145.34237171803352,109.84532315992398
148.52346374565846,110.39085506045915
148.47791052973653,108.31033270781644
148.39531127875372,110.15917093617999
147.7633637947013,109.1785599978991
146.9846457770405,105.51679290157438
149.88047643246898,106.94680937388048
150.93307585328887,106.23531531311556
151.0742673194551,105.72515652792723
150.90411179907684,106.61374013067788
150.51225052356102,104.43654924397694
149.5779749269534,103.15260835936674
150.16482322798996,102.48889485573403
151.40690669736247,103.4121728337156
151.43365176706857,102.95459911783985
150.70781623225477,105.60705976958029
149.98198069744097,103.00828550882022
149.2561451626272,102.34419312644737
148.5303096278134,99.99325233173099
147.8044740929996,96.77140999542394
147.07863855818582,96.97212991727147
146.35280302337202,96.53473601084886
145.62696748855822,95.5820393027068
144.90113195374445,94.91884302340712
144.17529641893066,94.51719606458771
143.44946088411686,93.90184108232214
142.58222166779748,93.54649234361281
141.54281095253782,93.87083850742567
140.92405073824642,94.4322957808039
140.30986853633908,93.9503355055082
140.18131306762814,93.77958966929808
138.27547020778763,93.45627331841959
139.12309669857044,94.47912597309175
138.37499800482323,94.84777486581736
138.16013153670184,95.0434620694308
136.22160713893098,95.08440190070613
137.48133426506777,95.24310335955563
138.8001036124671,96.28314724922616
137.19434824816588,96.68594264426332
137.04048551752152,95.33940505952272
138.35350443992246,94.76864169094492
139.49585494348676,94.7682294142174
138.66028570919727,93.86458110268579
137.19951827007387,94.70793864838197
139.73380737375166,94.03939181402181
140.23270322924185,93.47370417102958
141.06976352886846,93.52834024859507
142.03522490323508,93.8487502760453
139.5881007843546,94.04326379978342
139.5814669635506,93.11382671077536
140.43882352357812,92.92000014468375
138.47065558986444,93.59344742077667
137.75957136745353,94.11850789343299
137.65010424706279,95.27361383631842
136.8713182645541,94.64367707097692
135.18059924027048,94.11250391656333
133.85715735612317,93.80478591894544
133.67174535506194,93.97608339871431
132.74611648748814,93.59907920648423
132.1719635525023,93.49543317624236
131.95604722134303,93.57057028715874
131.7495331479545,93.10462400806412
132.9482867857243,93.09171141779551
131.7393759506753,93.02410728653099
134.25587769098448,92.5650754839637
131.87178029425806,92.50743210743849
133.01226602231625,93.2477935486902
131.60916457117543,92.90684346086984
133.113221016568,92.7563667523113
132.0451251182439,92.67057738276516
129.82933093578976,92.58389754116565
130.14951166456493,92.68218784727657
130.51474084500785,93.51826696025208
133.8586635801821,93.48147753576556
132.58026019968247,93.24952621226883
132.78493765567308,92.96135995625525
134.5492140062842,92.91993643789279
134.2408021268464,92.16119966247058
135.29299846742606,92.37935281178973
137.1310390974922,92.64621712371991
135.12746807319039,93.49573239841622
134.47820538612504,93.08159681317878
131.81649179306118,92.75692781470842
130.68706123705047,93.92630038261471
130.4014062751975,93.7466427540089
130.62643450662324,93.42258124900437
129.7979441282858,93.49136386052264
129.16916187524356,94.82251703789822
127.29397000837481,95.07308066940384
126.41625715250842,94.84948905452427
123.64846407880412,94.84500856210991
122.72543475581942,94.86106220611885
121.25200758200755,95.72039364076353
119.81783987552407,95.33699287485098
120.50119305023826,94.4038570939152
123.29022304675003,94.33179036375411
122.13223459986062,94.77627745760488
120.67647347174805,93.8609460816241
119.4631373330098,94.37374668686189
119.10277498552401,93.84561894657061
118.66449301695745,94.03139667237863
119.10033338243018,93.98088924617795
121.03706594679814,94.76285376797331
120.31819123057764,96.29588191905796
120.22384455086026,96.5635480301418
120.2874224651202,96.28689736682693
120.41658808794813,99.49442711428784
119.09428121988421,99.95709702200217
119.01210596422014,100.6114908452996
118.43426137565923,103.99565833708097
115.55740145666044,105.030755566293
118.11371759683661,105.40531966044769
119.03189131777896,104.81710616127951
119.6011753499508,106.37729757565215
121.19270943391578,105.86076184537033
122.58442007987414,106.60120417326199
123.71735953047833,106.64188334783837
124.25527603502874,107.3533774086033
125.33495286748953,105.66444765503746
126.78216147968197,103.667445618247
126.3073000372881,100.98873106412032
126.0567814988115,100.07038776502415
123.78178395033817,97.32108387065561
123.49019226750012,96.51238019873342
125.25825914275912,95.98830705732217
127.41878102270408,97.8297550128402
128.52020005801987,98.72437742309614
129.23732643027793,98.93049124330413
129.77523718479034,99.00189620795739
131.63877764987276,99.01250763022783
131.95208755105492,95.60226151068365
133.01405175209985,95.57611074267697
133.34937430429693,95.79925893239643
132.9191373358414,96.30865979628584
135.01716365896152,95.98416523066219
133.51365181040288,95.46773443207293
135.97791912792977,96.76647662452767
135.22137928827786,95.85799814258081
135.25426988945304,96.47382220300833
137.37559650016973,96.01968771054548
138.73462256782074,96.57567730795844
136.17870799977769,96.46933693087946
135.81314726612922,95.42505563141843
134.90265576171439,95.4961525459771
135.5949189263304,96.60268545232424
133.8234368373226,95.82931356091073
133.14563642641102,95.53640134573412
133.72563411429027,97.47087488578875
134.62585878272836,98.31110873625683
133.82575734494353,100.96243585546935
133.40262517128488,102.77493940244347
130.97839063348556,102.85231416038819
131.73643137397806,104.42046029947775
130.82396350189555,105.45572849201548
131.63605913494942,106.2137789095943
131.1672580322287,106.24825456739278
132.73792470389523,106.31651261894697
134.16601049054782,103.77559224404835
133.9998764412928,106.38216833891407
134.03718357811292,107.61752595298763
131.7700854100729,108.45320712116924
130.72121948576685,111.07656066651086
132.79459106800834,109.90794429305951
134.78148841575978,111.59857425874026
133.66404400041043,111.52811680999328
133.88186791145918,112.53149699458415
134.36189415222813,112.5562035221891
132.74824294294552,113.20150171305345
131.95393390822125,112.6371875206928
132.86429621041495,113.21578422078944
131.9247039716639,112.12600165429372
132.61980410218476,110.19517827846457
130.25904576716627,108.84860855222921
130.12499913725583,108.57495243629901
131.9808136119739,111.29287095921276
130.84146676325832,111.72842968680591
131.50831389425488,113.21829243965745
131.02900755729812,114.98204118182845
129.3737138025775,116.49262933073601
128.9604183885188,113.06428485443836
126.06333394523703,109.19752363654133
124.10723789700768,108.23107684230963
124.31274271008431,108.69335975949777
123.96861510233964,104.55769165555712
124.22542660426735,105.98319382388638
122.62913932089371,102.96198798443383
123.88408656418555,101.48629198705747
125.33014587808574,101.42864103464015
127.15473756364322,101.11954391190945
124.96205334956981,102.96966232597501
124.37652448705069,101.88275430769575
125.39625710917295,99.0423567466604
124.01412359025221,98.75254939585633
121.91461572219282,100.42745499376205
121.17628271446279,102.2606337294728
121.6956311217717,100.1341021901442
121.31742207999969,100.11584284615152
121.36964866028235,96.60878091582292
121.2950336959518,95.65195418497767
122.02033997448406,95.84303328580224
122.04028978052858,95.92405448569131
122.12746623100561,95.90654744803028
123.65452863304694,96.8211731567461
125.54876416268277,95.50120500354927
126.38651844994682,95.47430443177593
125.59500977356083,95.33851513969302
126.09501519142859,96.43201150973918
125.23637156735907,96.04867206881755
123.46954307685759,96.09714366995485
123.66278212995324,99.5023023620584
124.07087438183238,100.03909249171306
125.51961411667077,99.63248779786132
124.98473131237539,101.41222532048637
125.28299137579951,101.21354985433722
124.63975851621102,101.48330318765359
126.9911207264003,100.57772671723976
128.41088547237766,97.01842566739674
125.39761916547539,97.29669324094752
129.16737063543704,100.45146192132309
129.21905112817998,102.513062737811
128.28165029005365,106.37539549426414
128.68564754045866,106.55479333817478
126.50298339930238,108.82234853368247
128.97328506957558,105.71716813179222
129.48192953625542,102.85012631484231
130.7247995568919,101.49436931594572
132.69785988776977,99.18426226830523
131.9529662207887,98.94470120012818
131.32407103410378,97.48452282648182
131.87433120197207,95.5420688303526
130.74486001964874,95.49288196623432
130.1066410106782,95.44290048606567
129.6958406320364,94.88763688672181
128.5033643419027,94.63460751306584
131.0795269713505,94.60479588970273
133.46257985856798,94.61193250896739
132.80554306267152,96.05682251679352
132.9747523671036,96.5437251618184
133.9037265953921,97.67086236262413
131.64744848551942,96.59631205213154
129.7415027708424,96.46527554196813
127.11996381176228,98.14807018878196
125.55140643988186,97.47450071444997
124.7992015246891,96.87954059410191
123.25589885663268,97.05962201799434
122.58972417867024,97.46092178528183
121.12173318999585,97.7800150336449
120.07325932390715,96.57303303969076
120.79416088263024,96.26362126867406
123.56063148837823,96.05129425333118
124.13257474316326,96.79213464817872
124.07382229478571,96.18070457524323
123.25176349865987,95.54813658391848
120.83933173128814,95.84500119657403
121.48617515833327,96.14458611696057
121.8196560014495,96.43405926735113
123.05161097220315,96.92396579904647
124.441272823523,96.5334833389237
125.85368902331686,95.93377050761299
126.08853335715457,96.33344655989423
125.191451153323,97.12378902977463
124.8368559113211,98.6173950648675
123.7346221554124,98.0189085418456
126.46865519335954,97.99571894364875
126.04083630363566,97.64856001334002
126.4331722664701,97.55560194620365
125.43077951201333,97.04900859680797
127.2310549584162,100.37000894779541
127.7893972440849,98.50886153893549
127.4455676452945,97.60996537160365
127.97530000372883,96.99163143898144
129.12294663401667,96.69947633857721
129.0472862652159,99.86796184986834
130.56829670721095,99.47383829173485
129.49344910597742,99.30018429078758
128.4995111514234,100.48254863971616
127.56794450163896,100.06602372960823
129.5444563832509,99.17633125460117
127.46213518077846,99.5747230111332
127.31207115392624,99.2541322744844
127.71182434107322,101.06610980623606
129.57827872800036,105.53122398257949
130.0290858766793,106.3246395866017
130.01125747426082,106.62927759928102
133.3399191709,107.35829373353538
132.75019437639432,103.29311668898578
131.2332204467023,102.33014748891515
130.74510595017463,104.11336214010286
133.0019496849977,102.95779711563348
135.03489312317186,102.93068670721851
136.4027396843367,105.96694240469463
137.06963034880457,102.96594313882596
137.2369649287955,99.97505800995765
136.55236876384683,99.92224724143173
136.11929587925655,99.63669469639937
135.5415026649208,98.26154487908045
135.83399638451033,96.91035098605215
134.995340428939,100.03890528146063
136.15029831262564,102.42862109359339
136.65512867474303,103.91474660171143
135.92050455309985,103.61863081394249
134.8044469662006,105.44070968229303
134.2316591860443,106.53159029078503
135.74057614331932,103.1185471526132
133.95551539067606,101.56470967418323
133.50221748062023,102.91595769702903
131.66349489664248,102.43000234966469
132.74328848048685,100.50012915179575
131.51519324172017,101.85796173157927
130.58646223969444,105.351047704935
130.64637735079302,105.77308715072596
130.87020057322576,106.50570221547369
130.83144357986689,104.24453041587276
129.67304964975307,106.21045844189064
130.28186860654895,103.80240602397852
130.61022867340802,102.64647504229876
129.99202603888992,105.87033943872001
130.23880741792385,104.63760645684184
128.91272744862954,103.39109133883912
129.89245622249067,105.68878236658043
131.32309145115397,103.16562663114796
134.63894735897287,102.8611281391911
134.6232291901468,104.03356609453796
134.0895180009076,103.25002011038724
136.26994038251803,102.97619224563401
136.80566080569054,101.56673498312126
137.1307197970962,99.68626814543116
136.26655045940706,96.3722039732183
138.35893759589823,96.37770370224573
140.2720424085206,98.0162870068093
140.02682513432018,99.45972439735812
137.95214117747292,98.40808185787294
140.0285445390605,96.51802049156716
139.34472684697363,96.6900893730434
139.46663581479123,96.89986789966756
140.53479785965703,95.33425882797857
140.42026899809366,94.85662516342718
140.49188230673033,94.44658956598899
140.6956784675979,93.77750568264017
141.63099386348975,94.08241874859364
139.08775373091456,94.87782898507588
137.39698660606456,93.70762400485361
138.77868751782316,94.12033962497839
138.6037717293747,94.79187449749985
140.75498492770808,94.86770587626958
142.00101786673244,95.1936348255468
142.03635159000655,94.81103028460997
142.77521550618954,95.09217514056802
142.28742762104864,95.63052368027114
141.58833222506897,95.38150644237619
141.14137276813696,93.84061258744498
141.9903766434391,93.84400442499346
144.1660236378549,93.38030633080498
145.03728602121888,94.0410433018866
145.17580558595353,93.70469424520483
146.7944904911084,93.70655001625809
146.87606749680563,92.3286499932977
146.04934152113742,93.16208700713499
146.08341317534226,93.1387355856971
147.50270664709117,94.21840065696851
146.164656989298,93.26738792549303
145.83323856196188,93.12928367174258
146.1147772484665,93.69333106136996
144.98262602838648,93.24687937912942
145.55025001131654,92.85338167410985
145.79093093554468,92.65091988409107
144.14748162745676,92.53587446551923
145.7722655065964,92.06902276321765
147.13853362788805,92.24936427947021
147.81855440783465,92.44627389704418
147.93080996444863,92.2542569042704
147.96507634059355,92.00511156106106
148.64737224827599,92.04548624053294
148.41397612094696,91.90115592757151
147.74969906461337,92.12592857976297
147.8786650128532,92.40405821351976
149.4595449240959,92.14147132682436
150.66866278064523,92.30103625700592
148.6845004725029,93.21328398403938
146.0622834652274,93.40359066005448
147.0250656972791,93.568702145114
146.8907878464629,93.59005569451976
145.40919737269476,94.47069069897347
145.37619370318933,93.79470638230374
149.6435135066354,93.72938476877937
149.70849795830617,92.52288981606043
149.2009058376037,93.51657674854695
150.49001803864735,95.18930749588812
150.39373365981285,93.92749059504202
150.53513014056102,94.82436659035844
151.32790834684937,95.21192261140757
152.22625643559124,95.58921786083728
152.54039653392235,95.76746742208559
151.4938932256622,97.14240624944117
151.6709639278242,98.30392090535922
150.48236014659113,98.80547031011632
153.64868286055335,98.93712618337425
153.00807552664062,100.00588200229404
151.30849514895067,98.28215504843061
152.67552340540612,99.11947597250567
153.39157305103444,97.39812695743754
152.6716008733653,98.73951999075418
153.1896179774316,99.60512910577413
153.06643169562975,97.89188817371613
151.488738363923,101.20872503554303
150.3963485342715,100.72186647951752
150.12872211989878,103.85515000746193
149.85599880950994,107.33166641456219
149.62345894230108,105.7377488728691
152.02898127484252,103.57413334822385
151.0813565131276,106.15383607282251
150.82369666853927,106.1780768907569
149.34075001028444,105.49799476102741
148.38368638696969,105.39963442565657
147.37048472162257,106.29231442273773
147.91871489892463,108.8074610812931
148.75767809402484,112.38747042300773
147.89571600985735,113.18547279508357
148.0971050492507,113.34850082845209
148.66034738176222,113.77762247386319
149.41976041308138,114.75244976575357
148.52579754121447,114.35145683801801
148.56110707299044,114.95065293354
148.1565740112092,115.54984161617764
147.41303182918696,114.80821155398307
145.8840882646469,113.33565385761315
145.23268838762448,116.6871640137192
146.27028870075893,116.11355971650751
146.56991622430945,114.63500056329104
148.62674050851453,116.11151016740396
147.06492504157848,116.77960078229243
148.1190710633431,118.38812807728674
148.6791926345044,120.04959609177585
150.31098826599032,116.72334532600365
148.6749709135651,112.46526270600674
146.65844532740041,114.92444522521699
148.46027822028043,114.47455540946798
146.39898476873668,117.40799855953136
145.64271355401382,115.55740145666044
145.06132488897674,116.74911234078304
144.34722253621945,118.5067404106207
141.85422685243802,118.72651680075965
141.05348644608316,115.2596983081531
141.23503984642062,115.09415187599537
142.9626716949217,116.02385138601322
146.6813624614336,114.74667251258693
144.38283652451506,112.00235958942383
146.7896279264386,108.61596978811079
147.2748341219207,110.06048457381648
147.61696378484282,110.05234624498907
150.06847674171894,111.51794356487116
149.54831490190557,115.00456467783707
150.77953744422885,116.69177598367403
150.76979171300582,118.4637038362353
152.24299236532545,119.64907895608063
152.91860246685695,120.78494901989141
152.29674882268702,121.48218060590051
151.59960750372946,123.36825525468119
150.87580233786122,126.46456260398709
148.86150017889238,126.3073000372881
149.53471849178987,123.36496373764723
148.2702765388738,123.76320418020973
150.07201932955584,126.50298339930238
152.53848492233342,126.41625715250842
152.7473522928806,124.58356485297888
149.6749643235297,125.70560046068844
149.07326523815638,126.0567814988115
147.51153493392846,125.06873626296135
147.93160224213653,126.46547688622904
146.12419025320227,127.41878102270408
146.87823917662655,128.8023472621131
147.96027300848587,126.3393346058476
144.73342893796197,125.80106721321653
142.5035907276224,126.04083630363566
143.07967610690426,125.46599850559657
141.82902836199474,128.73920203345213
143.14304755919295,129.64115900534884
141.8679776275278,127.94665983711812
143.6556773018449,129.45648244979623
141.977801451137,129.08414738644515
142.94136879164805,130.04307546391303
142.00162342575416,131.63877764987276
141.2835850371612,132.41246260722866
140.47024038885075,131.19005140518857
141.6577355324712,131.4332206010826
140.80807452339192,131.51519324172017
141.0724293041015,131.50831389425488
142.5702832502694,134.20842063760523
142.1591223911489,135.91908795478346
143.9772725211812,138.1232140542515
145.5202299496585,140.94853574383953
147.57852945063672,143.6556773018449
148.3532338071229,142.70466054162713
147.61504516193327,141.53540340129075
148.90979637029847,139.98668433128572
149.59931922088387,141.0041715801925
149.06854059428824,141.27849378386802
147.99959564763597,142.83578796157687
149.59326525432812,144.2579642391727
150.01845533003885,141.58833222506897
151.22947915328223,140.80807452339192
150.34497938662966,139.8463864513935
150.49715756467035,140.00797283827762
151.66411643447452,140.06816467806397
150.62939992083557,137.44135205039382
148.1325667923499,134.451608614189
145.7529748703542,132.86229491554124
145.5130909443603,131.42285217849818
147.9929909077676,129.9941690050998
147.91874695308718,130.56829670721095
148.95205443217014,130.5124576927407
147.64788460651735,131.21210420262605
147.41150366903466,135.16005352815867
146.3419277706842,136.06724115152693
146.78417137263716,135.08790083823038
147.3938720279753,135.5415026649208
148.10981132934975,134.176313264928
148.43268337270845,136.9414090416488
148.87894185595874,136.5793026410483
150.71630198658613,134.40898469263212
150.23304711267002,135.81133578717518
148.43412535836913,135.29299846742606
149.21400646430143,133.49436406451687
150.55951161313558,134.62585878272836
149.49891833619975,131.7393759506753
147.10489964202418,134.5242289939007
145.53936966007038,135.3491214602734
146.94727856729162,139.88707692933852
147.06818861717184,139.49585494348676
146.0733991251279,137.07564956060693
146.93323565873072,140.6784216191005
144.13308383882207,141.58259622710636
145.04331056585823,140.67967893006406
144.1680454674339,139.4289378859086
146.5007585697667,136.50186337133022
147.7380177008088,134.16601049054782
149.30354402829667,132.52199027261088
147.40332997249374,136.2479951694244
149.70760202527,137.9404341118372
148.16662924465356,137.02756653686046
147.76529656839077,142.5702832502694
148.4787469397836,140.30986853633908
149.15699116805658,139.57467021154974
149.5882770324733,138.7481859558252
150.69604932094765,136.26114891557094
152.3493960574637,134.15665549205286
150.13076057217006,134.51973216970669
149.18577805565283,137.36027876065148
151.14702105498446,136.97395378285444
153.16007395733016,142.05303833415562
152.98272661249683,144.38283652451506
152.2924043731274,144.32132254753145
152.16973811275875,143.02839372910955
151.66619058272633,145.41016012484957
150.68156716531627,144.91706290128172
150.49882607804312,146.53683917486777
151.53539858833105,148.47791052973653
151.3448806673062,149.07326523815638
151.6869263206484,148.4294558477514
152.06267338083876,149.06854059428824
153.0966461976754,152.0082508471486
152.73708665256325,146.87606749680563
152.40366045426427,146.5007585697667
155.8084550573998,145.85420530175458
154.581571206849,145.71531508141368
154.99399138003008,144.30502064669184
153.68141948683353,148.9016689198399
154.74066547899952,149.24676807481842
155.04079455971865,149.57499030097028
154.6036813434307,148.3532338071229
155.9724660455542,146.87823917662655
158.46189879501682,142.50294381970906
161.41433737009973,142.92203260903526
162.02123978667203,139.42393047529902
161.14231096585004,135.5374480478956
160.82391620209268,135.08498794608855
162.44463693574477,133.63289245558178
160.97056880094559,136.0629854326225
159.09016171188892,135.08614149477714
157.70425427167697,136.58154923659328
158.62318475100045,137.91972662297195
156.90073191697732,138.40541139332979
154.00199557307496,138.64846846349394
152.8977440240972,141.1405706634674
152.63120769834646,138.35350443992246
151.6974237444675,133.48874949019267
151.28080307087544,134.59025101314597
149.7111876080278,134.349377962463
148.5872155233782,132.38567458015334
150.3069169298486,131.0684454826944
149.12654920845557,131.7643941763654
149.09986418254553,132.73792470389523
150.80556233345493,130.14447456545795
152.0344187056059,128.8152624325876
152.90603033715448,127.88911804313246
153.82272637302353,125.67703853870738
151.6388595810093,124.9304570993426
152.14272961193245,125.82234672459208
152.93225544794825,126.78216147968197
153.50633823732784,129.0472862652159
151.85353781130334,129.57827872800036
152.65700434940217,130.41490891295896
154.25544773604923,132.36929855629242
153.03791483195633,132.58026019968247
153.0984889119553,134.00142247140238
154.24010599846648,136.82077922800931
155.99730767954594,133.14563642641102
156.24775896597114,132.24123938529164
154.2425494518905,131.64744848551942
154.1380053105042,130.68706123705047
152.41096810889263,130.71718043235336
153.96103589413667,131.38412288903297
153.11007463392747,129.53334095702706
155.15349454008583,127.94319494685972
155.98753352496942,129.17739611258108
154.90557114226513,130.65061137753437
154.01898318301636,130.51474084500785
156.315398983705,131.6403496187009
156.1874259881252,130.0290858766793
154.92179210290516,130.61022867340802
155.10963136750547,129.48219356479825
159.1683401081381,128.80251921203705
158.31178748052304,128.7614769590124
158.58940610962696,130.2184451994862
160.16264539168188,129.6226239581009
159.86943086775707,128.43261091327878
158.09573977812562,130.51448410853217
157.50606421820387,132.9747529926194
156.3826384908563,135.0858520822011
155.2874929010232,140.0176144907193
156.85685367898444,141.82352544645255
156.41350448992742,141.53878409049196
156.39489358886772,143.79046216938474
157.8075717561584,142.5837347598964
156.7925241042093,142.48466060139563
156.17919847067992,141.06976352886846
157.2594035509604,141.8679776275278
157.67228487477175,141.68097856787978
158.4250051903002,142.28742762104864
159.7254337827942,143.8613582277311
162.58445230372462,145.7276993487469
161.72837970393525,144.93536563981888
162.1137790133051,144.2691264155654
163.50322984543098,144.70510296506507
160.79964581537743,144.84500416078453
158.08601073865128,145.22538569131225
159.1225849708214,145.89744281748676
159.2416909410739,148.43268337270845
160.4590418293648,147.8858797639074
160.01309251120003,143.11077560422493
161.87589204472775,141.94679712849864
161.0879922713785,142.06150852129082
162.2792535849284,141.00493530266655
161.46833278525287,140.925515187468
160.5671571952458,141.11080920929683
158.68549169479627,141.18624210204578
159.09456002267044,143.7473232297216
157.6154142973883,144.35638508152695
158.31344675336985,146.29861845420277
158.9782551605497,150.68156716531627
157.63314213848,149.58191354406432
157.4483737272314,146.93323565873072
157.71182741628772,148.86150017889238
154.12310907051568,150.48236014659113
152.5881008802012,152.66182107839265
154.2787466635107,155.15349454008583
152.49238654560816,157.81882153378376
152.39653794027132,157.45865530554045
152.300024027208,157.4483737272314
151.62582774536543,153.51699957828907
149.32035862854596,152.70024990158635
147.54371960704765,151.14702105498446
147.63490696017732,147.8044740929996
146.201638863682,149.28377653479112
145.85420530175458,145.03276131127484
146.35326570570348,145.0075596126509
145.32650342779277,141.51717908561898
144.49964131448925,141.8926971206528
143.76481175753435,141.8495604483976
143.1236146833379,141.7724893182956
143.6176875619026,145.30059262753377
145.9657202876357,144.98262602838648
149.33235234764737,142.67509087853603
149.8626377153759,138.35893759589823
150.58089962165585,137.01958836075
153.90178295003432,135.21119698582376
155.59846261667914,137.39698660606456
156.61612094156334,135.48562029573444
156.98350182783977,135.35493699266615
157.12589267511265,139.24364287655288
160.66812883127227,136.50357697266378
161.9219790691672,134.18671903077183
160.39672665173208,135.16387043543725
161.27186628995912,138.73551068160924
160.34104223005713,137.38125766252546
157.2621229600464,136.73608455662458
157.50096920367395,134.45717733204177
157.71873564580065,135.54270833060036
161.1549005812954,133.65066875014747
162.22500134535665,134.5492140062842
160.85037037639236,135.10777582989957
161.43576693754207,135.96909312036405
160.25250241149254,136.60949848599358
160.0874861937335,138.49573228756623
160.44070133378986,141.00107765407333
157.7359567081749,139.46663581479123
160.4147502579661,140.02682513432018
159.16146437221443,138.98158063705645
157.34365640579588,142.03522490323508
159.49812694533927,143.71919886217793
159.0539512069841,145.22342641363036
158.78863251295982,142.69658393320475
158.51886415525038,143.8092182765926
158.24909579754095,142.57104618700615
157.97932743983148,140.43335034978222
157.70955908212204,138.18085244887277
157.4397907244126,135.17245712511942
157.17002236670317,132.90431370534634
156.90025400899373,134.54363384766285
156.6304856512843,131.66349489664248
156.36071729357482,132.55208724643165
156.09094893586538,132.48901321816066
155.82118057815595,133.31747065322304
154.81579907275736,132.57243341063773
154.09035123254665,132.2797328076248
152.5032059814033,131.1606549990312
149.8582365663527,130.87020057322576
150.71869558752573,132.93766463777717
154.47247345509047,132.38753102775866
154.5905115731711,131.87433120197207
154.92020731061007,132.26705505533565
153.2995686103854,135.42132938699197
152.46224016978778,134.8141266659158
154.2893892307838,135.36840578862842
154.70665782699612,134.55056211596448
153.97973282369742,133.82063487283682
154.534735976837,137.36772080818383
154.97556086306525,137.8465904045144
155.83300300738648,139.4713999156868
157.12491230695107,138.50384857901494
158.77295240934518,139.39373368895866
158.68322368077006,139.80875978100966
159.9004243037532,140.8804389400955
160.07057342257377,138.46721309610646
158.3446889768951,141.11364568091895
159.1058383313465,139.69802257540152
160.02306935400335,137.92388771138582
161.2192607659998,134.88143750851253
157.947985096558,134.8340107877327
157.7970200100043,134.31024434769597
159.080550704532,133.78929672653862
159.5921845576371,133.84805015664304
160.52111949425796,134.98168224706865
160.38303807053853,136.5750210088083
162.2430108107269,135.20108790943146
161.61706592355438,134.62906905982572
160.12608227955843,136.72279267269636
159.6690475215518,138.7318619692814
158.2991104789022,139.31027916801372
155.2717807878549,140.2720424085206
156.6696146523221,140.09556024651295
157.40218344656333,139.29625874044373
158.13475224080457,136.6482576272841
158.8673210350458,140.10406637969677
159.599889829287,140.92405073824642
160.33245862352825,142.70467388778388
161.06502741776947,145.7408691506399
161.79759621201072,149.09909525254972
162.53016500625193,144.89790907589742
163.26273380049315,146.27920642880082
163.9953025947344,147.06350605930055
164.72787138897561,147.37048472162257
164.78504559050745,146.1147772484665
167.62784424550063,146.38639386445004
165.10111763596427,148.62674050851453
165.8459708927783,149.93182342630737
165.48620576025994,150.34497938662966
164.49986648940123,151.32790834684937
166.58091501687966,151.30484213619772
164.95105061734847,152.22576459447615
165.89928398859024,151.35159847121722
165.66878833087506,151.4938932256622
164.83117912643803,152.14272961193245
164.78257587068586,150.68050152233036
165.24053579325573,149.50433644690793
167.9460769830676,149.1281731187545
169.6334966065724,151.0813565131276
169.2901675910838,150.31073486856135
169.49166737125725,150.07164118707965
169.99483115434137,149.52930481224072
171.21812045840232,150.31098826599032
170.1008846423539,151.45732692453993
168.6849885796327,152.13369445682144
165.78225662751186,149.09986418254553
166.29184833193634,147.91871489892463
166.4104044440395,145.84176410907
170.77732560393508,147.0250656972791
168.8272980162339,149.49891833619975
170.22262433045105,150.3069169298486
169.1855097093919,149.1536678881328
169.18269270229493,146.86431604335172
168.0749186168692,146.92407523890307
168.52678322403509,148.46027822028043
168.6846452970759,149.12138192565047
171.10497884474373,146.3881336623337
169.99589725459668,145.42447473528884
170.3997803788266,149.4595449240959
168.67841346169624,146.3419277706842
170.48941184444584,147.3938720279753
168.91354027979588,147.507858643908
166.72530475985417,148.2702765388738
164.01617004064104,149.85599880950994
164.55688602175724,150.4505971837502
163.61893358569108,151.22728802701513
163.15948362440594,151.08461815998294
162.53669646005338,150.06847674171894
161.02635428457157,147.67756460526795
160.38702547816789,149.41975735303507
160.43766905452478,146.2841025363398
160.20717843509718,148.41397612094696
160.87832223135192,148.88787404178862
161.77129967538474,148.56110707299044
160.10612780670002,149.10773752169527
160.60975386035707,150.16482322798996
161.1768479657935,151.1190438329953
161.6432263987472,152.2924043731274
162.51871052577175,152.39653794027132
161.23163201251216,152.02898127484252
159.29543375654976,152.59024210434404
160.77949096768606,150.49001803864735
160.84741981313107,149.18577805565283
159.22526445632224,148.13673852037516
160.26966943360338,150.76035526481894
161.78590486468735,152.12771336781177
162.99322771655847,151.30849514895067
163.78034077012214,152.93077852428698
165.3742576475513,153.0073118400227
166.76437235438544,152.300024027208
165.8915503202062,153.00807552664062
165.98400699111144,153.7861707834632
164.71209631263756,154.7197716491176
163.52716909262588,154.82427884579593
163.24532383976228,154.23091449004966
162.3484433049692,154.48254014196297
162.2844673793625,154.71724050527655
164.17145812824225,155.51637629365592
162.06391853084597,155.17683141696165
162.92999002262331,156.45047562878167
160.0167641389973,158.27680995667237
162.03361055109193,161.03656027461213
161.9498454246674,161.1768479657935
163.97383891873798,160.20717843509718
165.3244479311359,159.40613529192666
165.91430996770123,158.09573977812562
165.81039969215624,158.13682138728674
166.26642485084363,158.98007048718148
164.73913568772042,159.3807701126299
165.48626244300655,157.7876059767689
163.74723695036434,156.59799255731807
164.64757095820903,155.76537416643063
165.86921775644933,154.56269510693997
167.25326424693404,154.09035123254665
167.02789706676586,153.35336645341442
168.1508915630971,154.20828902188057
168.35173524670097,155.9837215260234
165.4163373923721,155.82118057815595
166.79205388847373,154.81579907275736
166.94127322566678,154.6775197778579
166.7508605746543,155.98753352496942
166.0856453350216,156.7925241042093
167.59649189980306,158.21681148714933
167.23915474669718,160.34388614203004
166.81333611630862,159.6284606978112
168.66869913616495,160.4590418293648
169.79277181859746,161.22516939083607
168.86547637588768,159.5442874770911
169.76232745846926,158.68518728026166
170.08305985153342,158.65295021389875
168.6016981973849,158.12934071160836
169.21541819317503,157.71413855636715
167.2219752584235,157.947985096558
166.59587198004414,159.88576688664998
168.23914845484518,160.33245862352825
168.08911262269916,160.05499845344357
168.14806745266594,157.97496971236498
169.39293583014347,156.67725912007998
167.654369070199,157.22338357142874
166.8830583446257,157.45750706037444
167.12288408695025,159.86943086775707
164.83281486371246,161.02635428457157
166.60898893335943,161.72837970393525
166.32540237794169,161.30240917220277
165.47232023832987,161.43576693754207
166.96284700213286,162.6067080064248
168.61660797109943,162.17025349300818
168.45868782823598,161.25064807564064
170.43658191732104,161.9498454246674
168.05681529935853,162.10627318567606
170.4266083845306,163.74143438909277
171.58636542454127,161.55360342227834
173.1723966861048,161.76669442620374
173.23703065210913,161.24323742581026
171.10737746446748,162.0208836240341
173.6673525731066,161.31519850391487
173.2838779260019,160.84355214161448
173.94524669113125,160.80733259202066
173.4044350501517,160.41282674865067
175.1010787812915,158.99047243937093
173.78712174375045,159.7136271310897
175.0665847743482,159.56325506034798
177.13730584933637,159.82229464431248
175.18455558885807,159.35928122526656
176.0553237016285,159.52418322976376
175.89169190975676,159.95270906414288
176.01944891626738,160.53867163342957
176.054964971129,159.82142985700298
178.38413627538333,157.63314213848
178.45081583330978,157.19625917170336
181.41444668381797,157.42038898979783
180.04848292315992,158.51886415525038
180.03321147923876,157.64690505812874
180.38162371455107,159.09016171188892
180.7300359498634,157.50606421820387
181.07844818517572,157.47848824356916
181.42686042048803,158.02421042681334
181.77527265580034,157.1550618286159
182.12368489111267,155.5435256528264
182.47209712642498,157.14590266675953
182.8205093617373,157.39004502433957
183.1689215970496,157.16214196994284
183.51733383236194,158.16703735092506
183.86574606767425,157.3998239135144
181.50829570296898,159.16049493160028
180.98981332158976,160.43245464142888
182.17945764251567,159.59784453558473
176.05999375473067,158.11918586285185
175.91328924843782,157.21114449562282
175.15758548559927,156.87010682295545
171.38901532666688,156.30052379897035
168.6191507342353,156.17078852750006
168.90559533809022,156.16348888853705
171.62354745300235,155.6513404838278
170.28179021204934,155.5586031501771
168.58769710514957,155.75919065685903
168.85813057596513,155.1063209027285
169.30346523564043,154.61274730309648
170.97588204019718,156.29529959903343
172.19385021147113,157.17002236670317
171.75519892108528,156.63489652105994
170.8426048722508,157.12589267511265
169.58955847944108,157.31175764831923
169.8448768737246,157.47528109760984
170.79929147623173,157.43658958796394
168.05835612113262,156.78474757874878
166.67197757764023,157.865776244616
168.4330374387633,158.545906056946
168.77893431675272,159.6289757387315
168.89788958258848,159.07769099793728
170.65614190449804,161.15544060431495
169.16213438815862,160.2646109208419
169.19469103285493,161.4816171310457
169.65531076705378,161.7770441238013
166.55132027094305,161.55637524501557
166.689365994472,161.46833278525287
167.3149722462726,162.23632506948908
163.88241770502782,162.03361055109193
162.83948840257335,164.02903992104845
159.07769099793728,167.53218742093864
159.9777136225172,168.24107672408792
157.6120259503739,166.86848053945465
160.7572430734345,164.08714977212065
158.3771693416262,164.17145812824225
156.64394474694222,164.53684469956053
156.2446878801042,163.807961901865
157.29162259317732,162.89297429200306
157.36012888393296,163.4896918941144
156.35975317340936,165.78341874021902
159.82261606865325,165.24053579325573
158.80264696070222,164.59447205777084
158.58851365146015,163.91105280203777
158.65865753343854,163.72716688218026
157.05124263823814,163.45356505691768
155.42312707917782,164.55688602175724
155.03930656258507,164.10915707315237
153.90197851413856,164.93004033797888
152.50280115708688,168.34803961926136
153.0019621405013,166.689365994472
155.92419648463195,166.55532288708858
157.92102785140975,166.17805810109
158.70164501103406,163.9447495247301
159.66193411926554,163.72127301346882
160.26261352521672,165.78225662751186
159.25294973030003,163.86957754617126
160.88162070550268,164.46947571853983
162.83577840288882,163.9586058329697
164.52468858778752,162.00555846510335
166.00891120719933,162.0614266843103
169.90948570765957,162.83577840288882
170.46759300405964,163.24532383976228
169.9285902809347,162.51871052577175
172.88572109350727,162.5681805505008
175.75736730858955,164.13445822691045
176.93296362524984,166.72530475985417
175.4911334449658,168.05681529935853
177.08580947213267,168.19364490626438
178.2855989577795,167.9460769830676
180.08705131319428,166.55132027094305
180.8249231796088,164.72462793515786
179.16130625083937,164.46272140978874
177.71057309886967,166.1241578836654
176.5942608592835,164.53178945362896
176.55883707944108,163.436917166537
175.9152271255766,163.41281879974156
174.6683594453103,163.28829345977817
176.40000493606018,163.40730489718317
175.7847993782994,164.33853607740278
174.17420734775754,168.00897039266624
175.1101163451406,167.86744026669467
175.52515922160717,166.4104044440395
177.23605786103002,168.8272980162339
177.7285448176617,169.16213438815862
176.77680426417336,169.30795130631833
175.63941302261995,169.61681101914277
176.0706678877677,170.77373644690903
175.94123893189425,169.18839553793978
176.41049808190382,169.10971233420383
175.80148413829195,169.19640547543446
177.45332674822882,169.45312935356978
177.59023240373128,168.9766111698781
181.27854685607602,168.6016981973849
181.1580851403253,169.16089136668504
177.83182855635127,168.758245185593
174.900961909759,168.35173524670097
176.0960035576709,169.19469103285493
175.4815631949478,168.89788958258848
174.19367546596743,165.80761147027124
172.6013506702289,164.42454464661557
172.31630158240864,162.37475286181518
171.8439593528517,162.19801596034713
172.12167737596,161.98935479870622
171.13171303269885,163.74562978347012
171.48439135545115,162.57991000614413
171.5287422151021,163.91247097649057
170.6926119116429,165.26724145167032
171.52754075832362,167.58478034075958
171.36393205134218,166.59587198004414
170.5862886861773,168.15573859033452
170.18287654613567,168.90559533809022
172.14497606496084,169.71260750621684
173.65350980264125,170.08305985153342
173.00330737110517,169.40036618641338
172.29057264220924,170.9275021082478
173.2963492844736,170.28843397396923
175.11654795210302,170.11198280194262
175.821311313167,170.76066508083687
176.2153659705933,170.64523775717367
177.0331714504776,171.11602362191425
177.01211495046627,170.41104049714576
177.22827046243503,169.99483115434137
178.2902819876496,170.67588109916102
178.22211103410436,170.48941184444584
177.0028936306619,167.26694094597823
176.1717498536118,169.69448709634491
176.54660903321457,169.27353433115434
174.6811939938366,166.97333848162353
175.66190276016326,164.95105061734847
176.16711620067898,165.42158757473786
177.401588356891,162.5367531743694
176.32086449169788,162.70232668994822
176.12434059702744,162.6956483576458
177.7214778268983,163.78745056942395
177.72383963518388,162.65536855810936
178.3531732809316,162.43144140143787
178.9810149648697,162.42852519286922
181.34702556293522,162.57676275618297
180.43044785815698,162.52320530650934
181.18139119453787,162.62091579474495
178.2415352792613,162.99322771655847
179.34980869755793,162.1137790133051
179.14776063385256,161.6504025601015
180.05833127347614,160.1683282596294
179.1408403379882,158.72211396252607
178.60765540332636,156.85569832940837
178.85574771769157,154.91042225319728
176.9357678987995,154.534735976837
177.3566371373399,153.9494427828026
177.45284345784913,155.2131990497337
176.52857751185687,157.989310222524
179.8386949106808,156.6944588067461
176.23400884706174,154.99399138003008
175.677713528928,153.95948048134713
175.5020604316584,153.50633823732784
176.06865149573437,155.1400161972941
173.11756919008505,155.17849958284884
173.1676802790877,154.96529987426223
173.19097148882048,153.2635200077414
174.18874178315838,152.4444970209384
173.9434001794854,149.53471849178987
171.82098448959312,148.28636781391754
171.56894464025962,148.39531127875372
173.05945773566836,142.94567615659747
172.4722787569762,143.91588182474243
171.26644933245058,142.94136879164805
171.8703485544744,142.9409196078019
170.99474071500194,142.5783313281979
170.98201938343138,149.21400646430143
171.95700389253747,145.55025001131654
171.044500345784,144.43111325324153
173.27032105185836,148.16077393017974
172.3043156241158,145.46296811413643
171.254185904174,146.39898476873668
169.7593794039185,142.77521550618954
168.9766111698781,142.64592173543477
168.85538239291887,142.32837704823302
168.67251270610018,142.9517807268306
169.30795130631833,144.49964131448925
170.06373945306217,145.2493363200803
170.91065786040656,143.39854235695222
170.43074127850602,142.8624030516536
170.16424863213604,140.41558291422305
169.51417299414084,142.03635159000655
170.10995788328947,145.98672526370393
170.9275021082478,145.79093093554468
169.51641219620217,143.93958943676074
170.91294859753958,147.96027300848587
174.09636888700936,148.95205443217014
175.26136761048411,148.66962662254934
173.2801117345041,148.16662924465356
173.37527153899967,149.83574902463153
173.17714879072355,153.08684701584886
174.28431328328105,151.66411643447452
171.35677870899036,151.75281447780333
169.79630031019553,150.89424172963
170.41104049714576,152.76950166709028
169.9101611539433,151.56901287928667
172.42099203622533,153.4016543638922
173.26084446578517,150.62939992083557
175.38352708972775,150.87580233786122
176.89118054859992,151.79360945778336
178.59130112963615,150.81526998396683
177.71786940730587,153.06643169562975
176.4374980607915,150.90411179907684
173.40449609334817,152.45401615799454
172.51352044311898,149.7424130839385
173.11843774917028,151.66514900182705
173.5901129998874,152.93242011665353
173.93960269476952,152.67552340540612
171.6607801466165,153.0295594448411
172.32525026615704,155.99720797677435
172.3545871672966,156.87503635075146
173.23197263865853,153.33481672098603
172.79770631872577,153.58368909037213
173.98350002529975,153.93173986601423
173.47207008211518,153.5167665693284
172.33113512957934,153.18089197224452
171.5796636968712,150.13076057217006
171.8751934822879,152.3493960574637
170.38277968453397,150.21179263598162
170.33084943856718,152.3624047265704
170.61822136027908,152.50280115708688
171.1725289894081,145.0709521736147
169.10971233420383,143.03286236688126
166.86848053945465,142.57719886826322
168.02569790288382,143.8989920946982
168.36681553741474,143.12411205671285
169.48660704353864,144.1985820905587
170.64523775717367,145.9657202876357
171.65088005224504,143.83336686487092
170.96356149784967,144.71300148597703
169.42667251784778,142.5035907276224
168.5631774696364,141.7466494938065
171.5987308294931,138.73462256782074
170.7880589818016,141.16300815097475
171.89053842858837,140.40581549160035
171.65704494600124,137.98629565171825
174.22117369231566,138.92195440549366
173.2793157851594,135.91343156981065
172.3533677793049,133.8586635801821
170.28843397396923,135.51723559582703
170.1402785670182,136.71893747090735
171.54113328368663,137.7430732253474
171.8487217125724,137.9844311738707
170.5385225903211,136.8713182645541
167.86744026669467,133.73316211012136
169.76545291778652,134.28955964279527
170.9342173432231,134.47820538612504
172.78769204083517,136.87968256556414
171.10884675899993,132.86429621041495
168.24107672408792,133.45463698533086
169.27353433115434,137.5402442932927
169.8533549029502,139.21569779773498
171.14146616931944,136.12688704423869
172.67438950403664,135.52197318103447
172.58456681211098,133.6041551503435
173.51926199412458,133.85712901169273
173.44543127710406,133.89590047799882
174.93851592425577,132.9482867857243
176.53925311167274,130.0234691792117
175.0064148493881,127.3739466142588
177.87959661069212,130.97393761663216
179.29032704155395,131.63605913494942
179.31410623745873,131.67244845539935
179.33788543336348,129.25352273033124
179.36166462926826,127.4455676452945
179.385443825173,127.52955226227039
179.4092230210778,128.4356190801906
179.43300221698254,127.64321428670557
179.45678141288732,127.31207115392624
179.48056060879208,129.81921762143236
179.50433980469685,126.5977667471527
179.5281190006016,130.25904576716627
179.5518981965064,131.95582652054495
179.11351666214992,132.83034241614078
178.24730291519776,133.113221016568
177.2248765014395,130.81533395757683
177.1655818773263,131.7253424044048
178.47810980486636,130.83144357986689
181.48554441790372,130.12499913725583
180.01029900646097,123.96861510233964
178.37775731871318,124.10723789700768
176.03204376940155,124.07382229478571
176.84897601788464,123.69471687465088
175.34804808490517,124.24611710198307
175.64687854439973,124.32275665943683
173.98584260668903,124.441272823523
172.55624741573862,127.31244567281358
172.7453735894641,130.17985259821882
172.2013046800779,128.55447710786697
172.670412551966,127.7893972440849
172.01226163902598,125.94005202841818
174.0996461734285,128.6093927096966
173.27957800321968,128.00262974014373
174.62514021323798,125.7061578952579
177.39822699072556,123.71735953047833
174.21759871202826,126.67617719046464
173.88814675837602,126.06944316172516
175.41343792812611,126.82589333490438
174.24680195039755,128.87474475713714
175.70452719665911,130.66904607252286
175.61658540738654,131.6528059844864
176.84697660676997,131.60051922677886
177.76958576226968,132.31519815243973
178.992796295414,133.32511934477347
178.5267901178469,136.95603681285215
179.4415031347539,135.70246891310117
178.02013691365926,137.0044473558237
175.72801083341858,134.8044469662006
175.29619298331238,133.36866587642294
174.91136674323434,132.75019437639432
175.2677691904391,132.5249206843068
173.3887020504504,131.5509020334683
173.7076172168219,127.85954071661317
174.69322901501965,129.04027279068515
174.831370106652,131.66146346455338
173.35462779320514,130.94765094780158
171.87962143077425,131.7610451897688
173.9876970568689,130.51782471626663
176.8813831193021,129.540024871407
175.32729511252782,127.20019427028566
177.04231156707755,123.3983056404497
177.10570130791814,122.41552666343125
178.40575374210528,121.49068680374448
177.04086517327573,120.66967343991998
176.43177518163708,120.04376808647712
176.09614743920483,122.45713610413188
177.5130949851185,119.2561223541558
178.45514532913074,120.5104273304661
180.00476986294368,120.29422864530223
180.8543725522013,119.58429392951543
179.399953859984,121.93703212365254
177.16845054553377,121.03186928913662
175.91189863504812,123.25589885663268
177.07175862674987,121.99141254450825
176.96560942660616,123.61838825577144
176.85903881876283,123.44670855136711
175.78051353970287,126.8761902577368
173.93043228670408,126.34293344304712
172.23703278382953,127.55050444823375
173.09228664333668,130.15513162259415
173.89123968274149,130.82396350189555
173.95392909308083,131.55296041266655
174.7439540877782,130.06969965939115
172.76778691234742,129.77384437171722
174.88783100686518,127.33930486128719
174.56368181172326,126.01620758163084
171.24587464197364,123.65452863304694
170.67588109916102,126.79173479043173
172.2750906680156,129.3737138025775
174.50364250546343,126.9623578005981
172.8240225225922,125.91010173664539
172.29830203985588,126.937265970761
169.22926346281258,124.96154442357013
167.58478034075958,130.04511615426946
169.50890690774398,127.51813199785143
171.75767869782783,123.18439397988983
170.45899281563928,121.74089424386446
171.14639507521719,122.58442007987414
170.3744240919442,121.57544301929752
170.11198280194262,120.87749985205271
170.21588596952012,120.19458930762832
171.85700675656238,121.56412033225138
170.77373644690903,121.0613372103535
171.31332168279982,120.5929621745466
171.89131036237558,119.31467633086041
172.93383646366206,120.55216200599175
173.72078844529193,120.68613174742472
173.40520279840518,119.32848016148358
173.56970384364058,119.06560789824952
175.0950436758579,117.61262950032895
175.19676589482125,117.15105103389381
173.11525478605597,117.48468742042449
174.38480545343074,117.6492527303991
174.41592181537837,118.00428836969924
174.43415646722883,117.85627292145703
172.89872357186115,116.84846217111968
173.04376669759787,113.11586467839689
173.18275434651835,113.39787156503178
172.394488494419,117.17700728294464
171.85176802426474,117.65292407728525
169.83434508769443,119.92335574404822
170.15726183522344,119.47525946958406
168.98709053472967,117.82695867026762
169.63698698690763,116.35985684016723
170.3023722203347,116.29542859674662
170.97344236631344,114.97548642600111
168.43785153684462,116.38367228038575
168.3900884781943,117.14783473793929
166.44674301175755,115.01742574899106
165.26742970610724,113.22912746092031
165.0556691731735,114.23947032690332
163.20324744495585,111.47902651368058
164.2127808542197,112.82409292687007
165.84894922037762,115.03277216506103
163.8534890884353,118.7328471955525
162.98492653020753,118.7387902629601
164.36022098487047,120.31819123057764
165.7974675693303,124.37652448705069
164.93004033797888,126.59720239670106
163.08167702734198,125.15434490691987
161.8822396151464,122.7088282744489
159.58917996332426,123.37410673289703
159.82229464431248,123.85693842382233
159.64915623328753,126.71831345563827
161.40854588800525,121.6645872504396
161.22516939083607,125.34303582837289
159.63372143386093,124.98473131237539
159.95270906414288,121.5619334389949
159.40613529192666,119.88947915601118
159.7136271310897,118.48620314724666
159.4454980575918,117.3035718099918
160.08854460352276,116.98576975967082
157.3998239135144,113.75399762042176
158.16247588896726,116.78827008207557
158.72211396252607,118.04516390598086
157.55237738123583,117.31550083508634
159.3807701126299,113.51122018811193
162.50976323112118,112.04818638863117
162.90011023454224,110.5749808935738
162.25817525738353,107.3938845642815
162.28588072082883,110.36556513533041
164.53549757460183,112.81967069664387
164.72761269424194,112.97994803613885
164.46947571853983,110.57099737624678
161.90941661533324,108.94128985916971
162.70232668994822,109.18814303364842
162.24017710382427,109.23208231719794
162.07976362967656,107.04227827721662
162.83665688964552,110.4418352757089
162.108244968331,110.20430627283554
162.65536855810936,110.22919341805196
164.2378390899074,108.30493382951654
164.87188606894256,109.09539412611556
162.2988216124452,107.35530804365938
161.15544060431495,105.86285510109643
163.4896918941144,106.6551330345648
164.20851759242717,107.10320313821131
163.807961901865,108.364735990866
164.02903992104845,110.18848732036201
165.11616124439556,109.8083437978555
165.50112192282455,106.6713493036845
165.00105460946392,108.39626142665252
165.11578848751762,106.54024133915767
166.21209578198776,106.53179855246425
163.91247097649057,108.77056529440489
164.53684469956053,112.00466254175463
161.64461005113463,110.89374302717054
160.7847732531813,114.15244042984982
159.870058854145,109.78949914770784
159.24464555675715,110.07989023856628
159.19954550175657,111.94635714819694
161.25164312708603,112.47171506857175
161.33988546817025,110.47304426532891
161.55637524501557,109.11410957430287
161.7728650218609,111.65151495940914
161.98935479870622,112.68782799955072
162.20584457555154,110.34169944461652
162.42233435239686,112.91177846254256
162.6388241292422,112.68818171938285
162.85531390608753,116.14459241223406
163.07180368293285,113.42530447487361
163.28829345977817,116.27886164807624
163.5047832366235,117.43237123682918
163.72127301346882,117.47737424292123
164.21291545280968,118.57160612513026
166.75492900088372,117.95613633461048
166.02870352378727,118.52530127869555
166.3159979615884,120.02876169319727
169.8688030268392,118.75257197739383
170.42194919576292,118.87738823607471
170.85086547178324,122.50787048189359
171.4050838338265,123.39107812350875
170.76066508083687,123.22610941500258
172.56349906544546,121.55466952465936
174.7978532373,120.62244774479376
177.44044038758645,118.86220964775758
176.22631903267987,119.7321402161308
175.1187271918266,119.38889963404874
177.45115649796702,121.63248967431771
175.79441333489746,123.1571299954659
175.8750720670623,122.53290363377195
177.16245923762537,119.99617492346277
179.08267967797704,119.93164133878875
179.241493202248,118.56929096852299
179.7803361246076,119.97676944093479
180.1938004322302,123.64365732647396
180.15415657972054,124.4917277729925
179.49491405213868,121.6504993802828
179.583188306431,121.54731743037527
178.63615240107612,124.86185064667414
177.14669587812858,126.95920821879247
177.31905982801018,131.15799406150046
174.8642136623798,130.06372758207777
173.2956932999133,128.92250370240265
172.53553052577607,128.02617890639564
170.98202654287746,127.02225218057868
169.77255632712198,128.52020005801987
169.41215449082932,128.09670895764455
170.60905339060167,127.44910182777649
169.95847613696597,126.86169317235948
172.6657530905974,126.38651844994682
171.58124982530097,124.63975851621102
170.98161450019296,121.8196560014495
172.7669666099714,120.03653774363296
172.58680444723475,120.54110689393902
171.7601171077307,118.49547243061983
171.23843487778538,118.50328657945865
171.31968927510138,117.98110034304578
171.8584363126022,119.81029452317833
171.26518151929534,117.42078106474308
173.53031534328343,117.08102274432959
172.6896707341342,114.75366378726451
174.65033920483305,112.96542221890068
175.11128421229594,116.06228897792109
175.73732951619343,117.10435280030642
177.25894930156045,116.15138902302465
174.98165244592846,117.35828268317452
172.7644900392194,119.65883186262893
169.5164592891747,119.4580606747686
172.72377302005722,120.66117331369753
173.0142579795584,119.27590377931945
173.88467901078099,120.4155255406582
173.1900674977592,119.71946158224898
175.02671479938854,120.95735788381586
174.9396657731681,121.17628271446279
174.41668101079708,121.03476761588347
172.58210047559263,118.15009788613992
171.96104786215486,113.77491808215025
170.8661435218178,113.26011878682621
171.80217768588716,117.49479780595514
172.5157207787006,119.09090111601505
172.8745255396843,121.24130089915813
173.57310844543738,120.15198688284293
174.98969546457928,117.83726583659006
177.1023219296893,120.38575812887734
177.95036798966726,120.29473244710752
178.12095663430293,120.45785212929579
177.31385209003645,122.6318676676729
179.6741749012764,122.68062002514007
179.45802706831705,120.86784212368336
178.8995439165444,119.03189131777896
177.98878612442465,119.01244043070169
180.82887106237558,118.675757552565
182.34158427636697,117.88269632709591
182.93980339776056,113.45824936871273
180.96292194808788,111.04811166004717
182.12396846937085,110.6199739317057
179.8042349942943,112.7790871200847
179.2068585370205,113.69353644059164
178.68316351781223,108.83938369979812
177.22500349077413,107.7022591249124
176.0418127232551,103.90399957766611
176.5182646229353,106.35974418056135
175.9362606088669,105.87658438571091
174.82953821753006,107.04229068428904
174.28222699346895,106.99833612970932
172.7223148487002,109.06582918288655
173.54063042292114,106.33695732179626
174.3589459971421,104.07690758064224
175.17726157136303,106.84516736519979
175.99557714558398,107.52898283870297
176.81389271980493,109.26372692099459
177.6322082940259,106.66608094832327
178.45052386824685,106.64751478640763
179.2688394424678,107.48127831726592
180.08715501668874,106.74352535651907
180.9054705909097,107.06313865344725
181.72378616513063,108.62931507912023
182.54210173935158,108.31195642040976
183.36041731357253,108.56949049894708
184.17873288779347,108.19520923331427
184.99704846201442,108.52650861121973
185.8153640362354,109.51896097222213
186.63367961045634,112.61424366798865
187.4519951846773,112.79990514268881
188.27031075889823,114.09631994985092
189.08862633311918,116.75282380816864
189.90694190734013,116.18233311149746
189.0690113393139,114.76165099980852
187.7527145001152,113.6372302760784
190.4300732680463,113.17704005520834
190.15559175976674,113.74319995133682
191.0068023922543,116.81486870214458
191.66851894665467,116.9448481332892
191.03473368418412,118.43426137565923
188.30616187857672,119.63741918248328
190.32533016779277,118.6977146287029
191.2441299888028,121.00268188621214
190.10499182575114,123.01905279463476
190.32252375558252,124.06182442514286
192.768145391895,121.48617515833327
193.1450688248122,120.94701967282158
193.57966561609683,119.78906285651394
193.88127097383622,118.45057098881914
194.34313956847163,117.93725327006906
195.00116077260458,117.80404617306384
191.7111910036028,119.01210596422014
190.83250781664057,119.40676758897634
190.21117614737554,116.06788966742627
189.4459077234266,114.49022773111794
186.684611470579,114.76130411511045
186.18054525816976,112.50125214892374
187.50898564754777,111.78260591587926
187.5043159650948,111.6669257450539
187.24443848803358,111.89817580974368
188.25414916408192,110.24293523282397
187.1597947210269,110.97887553451213
190.3769290482941,109.48270011504864
190.51153624500773,107.04845138256118
190.8237500286565,109.50187392957874
190.01775672040532,108.21376506595276
191.31869275974697,106.33608679782402
189.5631742817435,106.33450225811453
189.78997625205568,106.30581274966272
188.36738167972618,105.78066353895531
189.80702363786028,103.67192991911716
187.15135593923537,106.46165721767028
187.0719579852487,108.1206471967387
187.30695448426894,108.18450417745305
186.58074655990933,110.75732789556203
189.68688732657378,106.9511147136558
189.44620852587383,108.82229334540426
190.34178677278314,109.17707016768641
192.0434145151442,108.3544533893768
191.1231526043998,109.68251462594979
189.26782700464597,108.54040259450434
190.35102190604852,108.29334296024462
189.99351829769037,107.22930456234059
189.08025937860486,105.70950509415638
189.81065403217,104.68930514064115
193.12411991337237,104.41718332593808
194.98656242419557,103.61595464635803
194.70861545094593,100.79923587014356
195.32122948978855,98.75477241794515
195.57811656211575,99.08409426821994
197.11026385634818,95.7305669634827
198.83692355050218,95.29638832747509
198.7591451052432,95.54677778800529
198.497210578814,94.8544185359681
198.23527605238482,94.88099321657107
197.97334152595562,94.4510830650673
197.71140699952642,94.13600492801055
197.44947247309725,93.7783654803186
197.18753794666804,93.00267473395962
196.92560342023887,93.451332235057
196.66366889380967,92.89678039360697
196.40173436738047,92.69753743986925
196.1397998409513,92.88271714703491
195.8778653145221,93.77142611937293
197.08095696856788,93.79779901909639
196.39063886728724,94.77506127545111
195.26017200482758,93.23844711479015
196.67533335035245,92.78055449961619
196.23108096317392,92.4994785438821
194.447285088579,92.1799783801572
194.80590431462386,92.38077472042986
194.38085770268492,92.33307535212087
194.00154168184272,92.33081248817679
194.36416325904437,92.13357520427249
194.82911036110974,91.91906318754728
194.07615819162464,91.68628423556551
191.7406180472904,91.97950547263017
192.97339280961384,91.76414562297327
193.90688753666015,91.94250704059641
194.88454256861232,91.79271191012772
195.11999316180118,91.56087751558373
194.57855107354527,92.12611513501787
193.51861230610317,91.64973889868986
194.9492260216627,91.54881501033545
195.13674635719948,92.11150493617642
195.05705037917744,92.6804528743648
194.1654222120304,92.60872011937248
191.7875855150436,92.10971853156259
189.14113037337833,91.90805931234
190.32653422597585,92.10534984341548
186.97781280996304,92.30164322214448
185.52412004651316,92.1891386344044
185.19066844321142,91.82221794601188
183.66174294536316,91.81566163257679
185.03143532969062,91.29153967849258
183.02226106999493,91.8965757525634
182.89943602971766,91.9993946402267
182.39005291057674,92.38107898755905
182.65752176406536,92.16887851041537
182.57032313547202,91.68633670142974
185.54894543770016,91.84779894600617
186.87185608570582,91.83451822050309
186.66728289369632,91.5651089827199
187.07917712674663,91.49774056628232
185.79570573967032,91.48869794812161
184.04382516632091,91.51315671184005
183.14362415501142,91.40139871100581
183.8337059238534,91.2194029190969
181.31391502880805,91.30097199233626
179.1711269288437,91.34984275608299
179.86746496986768,91.03856785812236
179.62781759822926,91.19886545610154
177.94592212441844,91.31566517360837
178.9698540285824,91.27901314099454
177.78959074258805,91.37102802094697
176.70697548642406,91.32396413165006
178.30364429627588,91.10312466762463
175.52029397644847,91.0434358170406
173.08258639641065,91.06799219791586
173.58764237608358,91.2651883157901
173.66071296167235,91.2709736416716
174.28133910690426,91.25823489824035
174.1588243698255,91.25798695290625
173.43962419018848,90.87648594570112
173.12583373788317,90.37988965857157
173.57967438142683,89.96137010168599
174.69747396668942,90.24090910004401
175.74066331709844,89.99484880848584
177.31317813169508,90.04935688868652
178.57183021603578,90.81263184539235
176.2548675184512,90.42178870126332
176.13877066734148,90.59238757988105
176.02267381623176,90.68236442883882
175.90657696512204,90.72370489845645
175.79048011401233,90.48489270212468
175.6743832629026,89.74533683488764
175.5582864117929,89.8672494882206
175.44218956068318,89.48439232621534
175.32609270957346,89.57359392629766
175.20999585846374,89.43122920543502
175.09389900735403,89.55788353873805
174.9778021562443,89.04241142564152
176.36841853055006,88.61282681549284
177.04528627653764,88.67502347934162
178.02284911437746,88.66610844525842
177.19357643540553,88.46982443085847
176.414243089211,88.76048316903552
175.65394969267325,88.83459936710436
176.58162913024404,88.68041298749296
175.98451873312433,89.03606415591759
175.82715135856517,88.92984345970042
176.35330035275254,89.42201931007902
178.55562358402662,90.00241023875888
177.80420684020368,90.3947088455676
178.31193316276062,89.98868144734918
179.16483621867616,90.09422563907472
181.46800960245474,90.31664933599724
182.00824615741865,90.26000071558826
181.11184803168038,89.33471443406529
181.73922566766973,89.35278390241476
183.8001143241412,89.52822541914526
185.7559875367745,88.98467275221057
184.98861168036342,88.8447944683341
186.4210601334199,89.31220482661044
186.42659935672222,89.45268249568407
190.409103715939,88.7467153628039
189.3143079702393,88.77538426046179
188.30438263748923,88.99688595865558
189.31522133465177,88.69201910836992
191.12032522436255,89.11419525187968
190.2158917662152,88.69917677122939
189.69987679151137,89.50744322503056
190.28253245313448,89.58537682160531
188.67492736267678,89.97873944404341
189.6679340696895,89.89209704900205
190.03194067953328,90.18704642007592
194.0382637971049,89.86761740532538
193.24074494091053,90.2464984750241
190.9274981877077,90.58936874902545
192.9945841508243,90.78983201875697
192.56455753633225,90.27561996171832
193.38901683184847,90.31683951656481
194.03409603195144,90.17164277152584
194.374654472143,89.02074492229711
194.45636805161445,89.67954096990124
193.56683732545739,90.26313204795909
191.2727714451551,90.67173140105089
190.75560493366675,90.58668350703161
193.24713157692472,90.52527823081556
191.93219609366537,90.11110909779707
190.87665745393264,90.25423862743517
192.04533229131798,89.53833229638172
192.03427263531924,90.04952490481594
193.62152781260693,89.97545784394208
194.02529974258425,90.27614506438323
193.5643664188326,89.88404370784794
194.796399821271,90.17334015525185
196.0409633501687,90.2215119966529
195.6435286988459,90.72645288770448
194.89589003254582,90.54679625768144
196.99793058599906,90.65737641323595
198.55471800261088,90.95757237112792
198.01181969935627,90.96419786721539
198.9799630600193,90.91711837972886
198.09803560611286,90.91510724210816
196.5166178403076,90.9625659392283
197.9562992434707,90.84667657478587
198.82092446232306,91.18083548948779
199.88697699963672,91.05208315366735
201.21295204816963,90.68545783444836
201.88444103590942,90.03146224436752
201.05267104745053,89.75604839909317
202.04636363562744,89.09787737960957
203.20043920249034,89.22404865620418
203.52303119088054,89.25190205521793
204.68367738604474,89.63848054104284
205.33440325102976,89.57824418559012
206.52594450618645,89.64000577093908
206.0684261801058,89.5318324164687
206.26825658207323,89.00081601770245
206.05425140307915,89.59410162334235
207.42261567707538,88.95974055142966
208.253398228692,89.1265951521007
206.3339442307291,89.20778892097658
208.57349277190738,89.77912810691144
209.1951185252941,89.96171211146803
207.91812096384018,90.31260133537212
208.02394654799954,90.93385081728273
207.96345829755467,91.09736063469141
206.24256029144345,91.13908851400069
207.16213992435587,91.31105543830978
207.1378805996118,91.24507468960991
207.71137287823316,91.1382548727473
207.72119382838778,91.07364761395485
207.2274605869082,91.1960632203093
206.07406456369384,90.94981272274411
204.6093392184681,90.466211670722
205.96471121409414,90.36029496513929
204.16137319122947,89.89103502468808
206.16050151552994,90.25596867885884
207.48484032536143,90.79939020505161
210.8712366374621,90.9317466101153
213.78308396446258,90.38432099203932
211.2602888681387,89.80467202848375
211.96918955348028,89.66395592354115
212.60198224950474,89.59245030687919
212.40144817972333,88.84264021440266
211.3236566340254,89.0776663138538
213.29233495421022,89.86671528820125
212.46846255091083,89.46912899443417
211.64459014761147,89.54332150324522
210.82071774431208,89.62674887874903
209.9968453410127,89.82480376106533
209.17297293771333,89.21372974012817
208.34910053441394,89.13336700918542
207.52522813111457,89.63723084309675
206.70135572781518,89.89394504502556
205.8774833245158,89.9676068516693
205.05361092121643,89.50916720352885
204.22973851791704,89.66886247914928
205.2574585475202,90.3379107969942
203.5266110729567,89.76683182696465
204.86556529402537,89.31560926439312
204.64533839069924,89.05658299244715
204.4251114873731,89.4725262072714
204.20488458404694,88.88838702277268
203.9846576807208,89.53605312955568
203.76443077739467,89.92383810981576
203.54420387406853,89.99003844044692
203.3239769707424,89.78565315699983
203.10375006741626,90.44058571340416
202.8835231640901,91.03860693412209
202.66329626076396,91.16688591159459
202.44306935743782,91.01389537419314
204.45167924901526,91.2435208497581
203.75446323024042,91.31704876982162
203.07397346631353,91.07187664883145
203.7070745771081,90.64537259929081
205.3310360054182,90.73752075882334
204.71294918845496,90.65259216576665
203.1544178950725,91.11627064297213
201.86202620134287,91.05020332098253
202.3382506444945,90.99274334404272
200.94373861425896,91.17129165670288
201.1067577320965,91.43353914072023
201.71210093097352,91.16498702340718
201.27434353880432,90.19780555563786
202.62773230243207,91.01609062768702
201.12232215564683,90.93685888060318
199.5522945888084,90.42598652357532
198.20462038613317,90.73528041097899
197.1919683087727,90.67964741896593
195.77523273838528,91.01341004473578
194.3706662608162,91.13525878819063
194.83304665161933,91.00404795678321
194.6134595043319,91.0535127930952
192.82615002709719,90.59336603032938
192.00596692298967,91.24620386142071
192.84495434954653,91.14394033992549
194.94658270961796,90.92234310971727
194.07421544031413,91.13914065200203
193.58503315906069,91.2052992931875
194.65594909542574,91.10898551086447
197.83404781269,90.12993603732197
199.1794135350372,90.84909909089396
197.81894189251716,90.39197188450485
198.27324177312758,91.03387105196364
201.54520499630974,90.4540143511749
202.00856605429595,89.91675661898175
202.2200708191388,89.25200767080712
201.58516114471513,89.02524303826931
201.47779797536725,89.52672855134878
200.3604046330382,90.13403224139563
201.27715121637414,90.25523773775193
202.2136812105369,90.7437970518006
202.3370232039924,89.96415459048053
200.8005082503753,90.16662752129568
201.57736614823048,89.93898989217507
203.43008794072625,90.60344755886089
206.0332440681079,89.9601129559455
207.82523708256713,90.61984030871562
207.0321806273338,90.38494680197853
206.05214976508483,90.28736246922163
206.11407457300186,90.37440918759192
205.08856855925308,90.10820494263533
201.88923471675818,89.51518343171955
202.53988505556032,89.04810442039489
200.78733435012902,89.16773961112509
200.94628693046096,88.57638632997859
201.09526761380633,88.50861361478007
200.4920467128902,88.58141847239317
199.65728375323056,88.4366105295749
200.15926667720163,88.51733828108156
202.00198907389742,88.53132229698384
202.25125734514913,88.73363258336907
201.67956975054577,88.82428702779866
201.95825342914037,88.85357472097157
201.81503779651317,89.24912775748658
200.6374933981222,88.80048215943168
199.16781961436735,88.48501143606717
198.70342613528186,88.81323190797424
200.4251775163004,88.83881776536343
199.99775235339686,88.9794195056123
198.1646466858439,89.36755801810887
198.14600609597105,89.66910080477909
200.32577119381313,88.88783621859098
198.0929729024524,88.85399568906601
197.72787490528745,88.37269818877544
199.72004687609612,88.5955349102098
199.19602342944412,87.81490509806866
198.8629999596353,88.56108810730757
196.94071524869636,88.78359213553485
196.98164403177358,88.71477392047329
195.4750266350356,88.37338703814515
193.8337185989355,88.64529244020272
193.2688049101123,88.75227211263602
194.576345227046,88.35743084150235
193.3755269948685,88.38134910362767
191.1118206567337,88.45766219969903
192.51836695435932,88.48238426993107
191.62058772178335,88.45206673565318
195.3795543536625,88.34295216311557
195.89736662334212,88.40010199221274
194.49516729520985,88.71188629519872
194.24856800178117,88.56985642060855
195.62318660354723,88.51697510569643
197.33322440888676,88.17562272595491
198.2656032466666,88.7212234215135
198.47426627930238,88.0100945664818
199.64150106323407,88.17282212660432
201.6589157597149,88.54684142400077
202.10533300554107,88.40991615087295
202.70404661080968,88.3064498425318
201.72555936549895,88.087220556414
200.21820441626573,88.49512479436518
199.93153608071748,88.42660685847162
202.36712412841757,87.97765311719809
203.58514776359954,87.20801752483813
205.69483356438462,87.36349468828581
204.8911439102659,86.91891777796418
204.09772872139823,86.14145227936002
205.1526497286859,86.74777090568166
203.54828586049092,86.87984789547505
202.3719732566544,86.93805141127324
201.907107596881,86.91577380410324
202.54574678118638,86.7519704128429
201.78453849799013,86.94069416270337
200.21833948991326,87.82456824645851
202.31814784536405,88.07805287304355
199.27700781484518,87.98348561129826
198.53665240280264,87.57333341636124
199.97094674867176,87.8913910117943
199.80036355534813,88.08836633141115
198.41254847089843,87.98491320851537
198.86241653259708,87.40877232865357
199.3813510271984,88.06845472122656
200.96812012304713,87.93283995461502
200.5884432412321,88.03208139647624
200.3557556893427,88.02361831974089
202.27838520868332,87.62997172441118
200.69461795853326,87.81766946433684
201.52729619308468,87.48239560248885
198.43044063469117,87.70654359878372
198.20052810177825,87.26976361565652
198.32236962703956,87.03445162178691
197.54285149899232,87.20934324799519
197.5027203185545,87.52066859078425
195.08652365668172,87.22879422239262
194.66220328408076,86.97485864580823
193.3568071617499,87.33559457038004
193.2249868470715,86.65372224120324
193.0931665323931,87.01372344073876
192.9613462177147,86.95749392505822
192.82952590303628,86.09896290751735
192.69770558835788,85.93082127362693
192.5658852736795,85.98509727238249
192.4340649590011,86.0231670103786
192.30224464432268,85.46502137720344
192.17042432964428,85.72467898901799
192.03860401496587,85.99561024369933
191.90678370028746,85.55474124382417
190.7517691895606,85.86646121336564
189.02550950989348,84.69357692066843
189.71577382795255,83.64646746939066
188.87154814839025,80.8085468561725
186.38838963113687,80.2654395038719
188.20698556966937,80.07986031731602
188.34435864448318,80.17201173358261
188.481731719297,78.82897381317704
188.6191047941108,78.9459806774757
188.7564778689246,78.63234221018344
188.8938509437384,75.4779589234917
189.03122401855225,72.96833359087377
189.16859709336606,72.75065512631642
189.30597016817987,71.25288439607243
189.44334324299368,72.13563899547583
189.5807163178075,72.51916578414799
189.7180893926213,70.95353087600543
189.84721597849204,71.37396388042815
191.42117205135952,71.83187641202205
192.51091254051985,72.18846445354525
193.25439758998897,72.03292961604612
192.64684185888183,71.17610840798434
191.83836683302724,67.31531801495144
195.01720358064347,67.16818881283818
195.3555665979921,70.25524332758687
195.91592904713374,68.77842583247705
194.80336014505693,70.81552020698379
195.65229921737415,70.64538157941256
195.83496328753074,70.08044764508637
196.65615535665498,68.87990598837447
194.33096526712458,68.20372661650507
194.12319888768738,67.91319681531215
194.4872565533972,68.93328064575886
195.9441236411672,67.8701174592479
197.62145692311512,67.19968728828934
194.4669004142634,67.2585723954268
194.20962042175415,65.43414681359994
192.68969820319526,63.38108668599308
190.19073747927206,66.39857546122231
190.46498213987468,66.77478225588638
189.56350284840863,66.79648029896677
191.6886175741615,66.9077599252355
193.63413394756273,65.70420171810981
195.48678470742857,63.149416295280716
195.54367102338048,63.17686126716446
193.70212943364115,62.55655624513873
193.19690823510462,62.63610835202624
192.29978367909405,62.933864779703974
192.92265606936712,64.8447609684028
193.43380891170835,66.42402063963527
192.1757725046924,67.17252955359089
192.40427632568296,67.39969995821698
192.153691071303,67.29838169265832
189.71986394422777,67.7711817568737
189.71136924270826,66.73571954408169
190.08604434639665,67.3135570495682
190.42923256157601,67.61054034452017
192.06610134241637,68.9455462295646
191.373204881401,68.5497632901861
190.47829874560634,67.34735670688222
189.5833926098117,68.55244755576108
188.68848647401705,68.96494016580156
187.7935803382224,67.80638852643102
186.89867420242774,67.79095390299453
186.0037680666331,67.29199127792943
185.10886193083846,66.80110672558263
184.2139557950438,63.307912876847105
183.31904965924915,63.89396434466657
182.42414352345452,64.55341399041524
181.52923738765986,64.93238019478397
181.76505376322518,62.756042249424304
182.501009470635,63.052662029873495
184.2168861544752,63.318152725410926
182.19178522071508,61.52265448601209
179.45212966352375,62.72449555994184
178.10888418963083,58.80407480529348
177.01346590472443,55.29736458641792
180.4124780574108,55.21491212529472
178.2938558095679,57.247280322874445
175.87009728413597,60.810990625289406
176.70671365357035,57.44872542820113
177.0935987000759,59.053542517778965
176.54198026289444,54.60802490983831
174.09473435753776,52.05207630833402
172.16231909087603,48.601026340881646
174.636213448158,49.37085726432996
176.13737364099887,50.683758963186925
175.46174537394586,49.32976226816975
176.19427755329392,49.06089356190483
176.71476133423369,49.588601394244236
176.2132666639464,50.315694370084245
177.2131460004671,52.594437375107844
178.43069409243384,50.89396299237027
176.93580063217667,53.71079240527935
176.22179517680812,58.36658757483546
176.47945460458752,60.83237467700882
178.33752204553693,59.20867420353249
177.48120614548685,56.19184564649441
176.69757800788764,53.53549007963223
174.27746012324195,53.13281171693022
175.2983240251449,55.08794297112593
175.32290046525037,53.043035885891875
173.77505199540403,52.420765173993395
174.6071435774395,53.14730809978172
174.48537785266166,52.58627310549505
174.3154968033387,51.321908907778955
172.28390870055108,48.81383174566402
172.37891150402925,47.28294624266768
169.73916167346647,49.32465086981003
169.01624417856758,50.59858791798848
170.92677713910572,50.58541950214402
170.09751495104155,51.991220428233326
169.69448709634491,50.828086387478834
170.84001657540108,51.40282915724665
170.91095126802765,52.65946269134352
169.16089136668504,52.435369438111955
170.88704400119872,50.8392630249138
170.38129773822476,50.99891560576108
170.87814226628686,49.39206797915588
172.23671213563054,49.035219345857726
172.95483857741397,50.99203999399784
172.95163795706475,53.08810590620929
172.94843733671556,58.572481492278904
172.94523671636634,57.34888954366881
172.94203609601712,56.60179245112125
172.9388354756679,56.44754086805782
172.9356348553187,52.621707532330205
172.9324342349695,52.54592190214773
172.92923361462027,51.73783130470585
172.92603299427105,49.73358065244969
172.92283237392186,47.79455325240027
172.91963175357265,47.00315940580598
175.04212502244818,46.42528641459032
175.9579542124922,48.06534121408827
174.0931609608137,45.58092607244976
171.14882122983093,45.71782664187083
171.11602362191425,45.93466406212443
171.3883290864879,46.1093220639352
174.50041247372542,44.038075292809864
175.21045827948728,42.471729547792954
175.66589446949067,40.31205396981996
174.2034195760478,38.69923907455016
174.54153318350336,36.7078989372475
173.46987094215197,36.627607684482285
172.1556963092773,36.07894579922222
170.44791413530513,36.02642991786845
169.7292278001408,36.27115088080736
169.03573806240385,37.33146620169585
169.51731129011688,37.069554997601976
168.14656219394362,36.802494074209406
169.93837513377932,36.67745981993969
170.26474519492925,37.56625352626081
169.9694328547412,38.670382695968286
171.42477644538303,37.66859622170041
170.8415732750248,37.35056821166451
169.2933014620178,36.55405866018891
168.5590546792439,36.60165374118902
169.98875860347724,36.692907361928256
169.55499909480088,38.34121507544505
170.31165800972914,37.55610115368781
171.27547374617552,36.605014003156256
171.96255686320944,36.30252121820003
172.13616979442534,36.14019941614584
168.76358795750662,36.547636565317056
167.43127181450183,38.47031733141731
168.31833076155857,39.74514897261002
168.2446267715611,39.570040821958855
169.52611076762582,37.35293468195785
173.03011892789982,38.27327525672551
172.64610368739793,38.63349695604485
173.1132055014841,39.796961467596965
172.04515272102972,38.67394231986063
169.19640547543446,40.78185728255413
168.69245353446703,44.726532082750715
168.2097903799532,46.69174517592254
169.49757284361488,50.341888528183915
170.18929932060098,49.284024825084195
169.3109864974124,49.12185425388683
170.15077721488657,47.92036985009966
170.491041964158,48.0567677185066
170.23156381151094,50.71989404619668
169.9720856588639,50.966592581003226
169.71260750621684,50.963531170198884
169.45312935356978,51.94200728774618
169.19365120092274,50.318523505565665
168.93417304827568,49.38904295870141
168.67469489562865,47.908931028480474
168.41521674298158,47.92767861919813
168.15573859033452,46.99617775545143
167.8962604376875,47.21347198642971
167.63678228504043,45.05916242060047
166.20513428665726,46.12572001180389
167.28679085422843,45.67282846317511
168.758245185593,44.42721933594068
171.38255480414333,43.44528242916722
174.47386713116907,45.83985410761041
176.86827940672546,44.39779550876995
177.41706707184147,46.52586220678585
179.6419238755664,47.25649812380778
180.95124780487603,48.26817211592455
181.02666293069532,47.703647180335466
182.10362637118635,47.606299323307056
179.70980816978584,46.91011170734856
179.24632697493993,48.269467659193204
176.9963167662912,49.396240334284265
175.04240855767446,52.05299435090153
174.9314538059313,52.39945283249635
175.01447597157465,51.65904000616663
172.93480757814496,51.85659257882203
172.8577628970793,50.068352206203755
170.9763525619932,49.5411173058172
169.86055832941594,49.11115775414828
169.62336253381022,48.02279142334045
169.55151624718633,48.624171119772754
169.27248716720172,46.48271057415494
169.61681101914277,46.152634932957056
169.40036618641338,44.306026724865454
168.17158949749222,45.13599145947256
169.3411713579943,44.81042098223878
168.12739830409757,45.675880886795554
169.1000046114123,46.268319714146386
167.59204751556854,45.59829850241092
166.17805810109,44.22497293008788
165.37449028996465,44.20051494887499
164.79759581194742,44.98711436250144
165.44276739133096,45.94464165311092
164.7956290990852,45.98862866526953
164.41863725572765,44.420609367991446
166.79634023598555,43.51556605181284
163.483578745973,42.14108633726812
162.91411181432923,42.02623371069191
162.910693462975,43.06340829663495
163.74562978347012,42.9719195613529
164.72462793515786,41.92009905879939
164.64454113662146,41.271710559690554
164.34593338648642,40.76081118226004
163.07754385649517,41.08621057843564
162.98752627232233,41.20716368429108
164.77724245069567,42.65697463903101
163.436917166537,42.067890141946805
164.2555292680847,41.14607002809784
165.00922810216613,38.63661938281938
163.9586058329697,37.86473595036051
165.24219981035,37.56382933625771
162.91087402222075,40.25440498568811
160.65586688812905,36.98426662200352
162.52320530650934,37.326526562190416
163.40730489718317,38.46779778696586
164.10915707315237,36.689308296422574
162.11911612121386,36.94676834051423
162.50624898084328,36.40939372306221
164.53178945362896,36.63289741160128
166.02226264588032,36.93409362988639
165.54780343129963,36.62255945964507
163.95748018380732,34.916183526919184
164.64338066727046,34.85704098881327
163.65244870548614,32.91096491553168
163.72716688218026,33.986352878934085
164.61984078740775,33.993525501476974
165.32397885007842,34.31986107868931
165.26724145167032,34.32937031669233
166.28552029005303,35.96598769468236
169.0501633271097,37.03261244506348
168.19364490626438,39.11241124448191
167.33712648541905,40.317516919938704
166.48060806457374,39.09369262789303
165.6240896437284,40.09431473566114
164.7675712228831,45.026648711616765
163.91105280203777,45.380890862332855
163.05453438119247,45.139356027005476
162.19801596034713,46.149308705584566
161.34149753950183,49.81527054765216
160.4849791186565,48.324353324601915
159.6284606978112,50.72292863060004
156.92197371513626,50.950116869799885
155.5435256528264,52.41581969500075
157.13330192981167,54.78112461379446
157.51704587171525,55.087744329933706
157.7876059767689,55.37693528188545
158.12934071160836,54.896004952153774
158.60147413985675,57.00167817570591
156.67725912007998,55.238813365079324
156.87010682295545,54.674029459693074
155.37315135298786,55.16164099748719
157.7462489790192,54.49690060253896
158.41201812561684,53.89492307073789
159.51647723385594,56.430079422909856
160.68331685312046,59.07420965238558
161.57462176229063,58.64309075676036
162.0711912680097,60.24798960296639
161.65964645520313,58.84004161698766
161.7510433707866,59.38749509929967
162.00555846510335,58.604445266566024
162.67504592352373,61.44654401528639
162.0494158318371,56.33033195663767
159.52418322976376,56.170491838483706
159.65778366396304,57.1188463407924
159.65479148480776,58.823279524935536
159.82588484765097,61.00874836560617
159.16049493160028,60.91116645615621
159.24624535426767,58.79680058928675
159.03041376264827,62.322765506359694
158.2284978969074,63.39640027990379
159.7532024127738,66.80104943432235
157.66522381907234,66.53121094041991
157.16214196994284,67.32065262408533
155.4354711121978,67.12129428265143
156.15272617472996,68.00006747479341
156.24301494673264,68.47846074439784
156.33330371873535,67.91614900547687
156.42359249073803,67.87374047783655
156.5138812627407,69.01172158698294
156.6041700347434,67.9608872308951
156.6944588067461,70.2598172797422
156.78474757874878,69.82544287743853
156.87503635075146,69.86532175082336
156.96532512275414,71.4530917490064
157.05561389475685,72.11487761444556
157.14590266675953,71.30828226015814
156.65024029060152,71.08770857055174
155.31590922518345,71.72409198841395
157.04350865101398,70.98544315217892
155.29477415085262,70.87861823635338
154.8237290078376,69.83000302505872
155.51637629365592,70.2540906185346
156.0461177914941,71.58022792735078
156.504068180674,70.78132463636464
154.3192236654948,71.26630640847982
153.95948048134713,71.90534115769181
154.16877576467974,68.7290404230401
150.86784899535917,69.58514710024889
150.74949639199892,70.63361775770377
150.49553691401948,69.54905941243979
152.70024990158635,71.42364199526715
151.30484213619772,72.76202062248007
152.3624047265704,72.41275533939786
154.24072190767527,73.04745661156814
152.98832974215497,72.72783210814772
155.87267367387076,72.31075608393482
156.85569832940837,70.75281606376336
158.99047243937093,71.83598851813854
159.30809431147833,72.0248320835269
160.4531444561176,70.91273221331974
159.69283556330072,70.43988243957216
158.16703735092506,70.20895743766286
157.90905575540665,68.08126613828443
159.01620785832293,69.70088298541015
161.31519850391487,68.22937898408217
159.3176562280016,69.96715452285495
156.61581969466064,70.73683890937387
157.9484486219094,69.0245773906948
157.80879536348317,67.83163147885094
158.02421042681334,66.57099998693066
157.81882153378376,67.37884552366685
154.6775197778579,66.26806324553857
155.20158877225583,67.13564681600106
152.9123964405155,65.81735410767325
153.08684701584886,65.8223086602241
150.7421065561864,64.43970285971052
148.97369814929985,63.96249273781189
148.71143503836922,64.28194290354608
150.09791845544007,64.73709829697158
148.17438380298097,63.801806367175665
148.1337159950088,63.60428788453493
144.93536563981888,61.767049923393365
142.94843499497526,60.19326901655615
141.21042955056464,59.75495330410657
143.28804050697707,59.63339892972141
142.11807257358734,55.85621986053141
143.9097492128733,52.78220943914152
142.58091138083185,51.649644459870714
139.06214468001002,49.88552394633055
137.21754285747417,48.548143025853925
135.70246891310117,47.6477732596546
136.6482576272841,48.36076936265158
137.07564956060693,47.61545249392297
134.9311471202881,47.488428854427184
135.02622085982668,48.4662184266449
133.32511934477347,47.35067216845562
134.28955964279527,47.512668809584085
132.90431370534634,48.12237321700051
133.63289245558178,51.8202390736751
132.10576400728473,50.95710242924014
132.74530777480726,50.25085235377905
132.57243341063773,49.54667518307898
133.3572792328902,49.46233225527634
135.4827362388065,49.608409841106685
135.6124081015903,47.0393719036931
135.73910667863888,49.331012337423985
135.74967347565143,49.74517028368324
134.15665549205286,49.516951497502305
134.20842063760523,48.05789661345372
134.0449465625705,49.387439083510756
133.50744016671942,50.56326763844024
135.03523274610654,50.372963607876734
135.97281915571224,50.410475145549455
135.13439162811738,50.49602669169771
135.95178014894242,49.628738574429555
136.18935297448186,49.46990532695676
138.81800945895117,50.51162941539535
137.21896590321802,51.59707528264523
139.24538687913252,52.56073967316558
138.4511355012925,52.487024683191024
139.39373368895866,55.0324271250175
138.64846846349394,54.6551688152464
138.2232264288299,55.48636321451617
137.68011963166532,54.243963070418474
138.7592191542833,56.00311305036387
140.20031700991734,54.48109936249516
140.32588796917085,53.32823283954208
141.91405299401222,53.32537771280258
143.04623102874945,53.1608071107771
143.3736416812857,51.98230188133678
143.58078869162605,51.984339751276195
145.89744281748676,52.65284009830399
145.2493363200803,53.27595220967748
144.9446590017521,49.98621205566545
147.21142196374805,47.53864664090368
147.3959548575058,49.39504189740078
147.06350605930055,50.035915510208866
145.35727819767595,50.10377653692694
146.3881336623337,50.446550988783514
146.1109907221026,52.58078807097894
145.0783363934521,54.518249708298946
142.94567615659747,52.553108824854846
142.86612780672908,53.05799766843576
144.46038195556298,52.237821921471166
144.7272414329524,50.56796356306949
143.91588182474243,53.043351664919435
143.9644066334794,50.29036971163288
145.25154968524816,51.85936459511196
144.12522858616214,51.94609252149466
145.42447473528884,50.72339499096753
147.67756460526795,51.134290218405525
145.95370810727155,52.545954718843404
145.41016012484957,51.44541810978883
144.9854193288974,51.138151221255754
144.5963519832328,49.06217992729437
146.05410609358356,50.089496714558344
145.0803097709964,48.16379838779446
145.71531508141368,46.9854259446312
147.27519132096992,47.31099303710807
145.03276131127484,50.13961268717711
145.36407520920076,49.555870673407014
145.84176410907,49.64503787331094
144.30502064669184,52.41932113257107
145.3638003271033,50.790867623878846
145.5643631458189,48.83581371440018
147.08135344379113,48.46194062563027
145.6243600539352,47.54157947299531
147.8858797639074,47.000735178222286
147.57715160724007,49.116537328856246
148.46938049875413,48.09979871183095
149.58191354406432,46.894478746241816
148.68451945469275,47.428064257614984
148.0133177048245,46.799970791180506
149.638999204622,47.09248293748526
149.74307449555744,45.702322043908225
147.35828256281792,43.99070718178687
144.1985820905587,45.02976009330319
141.03087409393942,44.29167683939456
139.64686381578122,44.440141949445824
142.289290037263,46.569815630801784
142.77886533746272,45.61604220789487
143.17852673484117,46.18698278810653
145.46296811413643,45.915751760291194
143.72143675959666,46.41482637334751
143.79046216938474,44.47182028836207
143.23625090475088,44.061227216838674
143.8989920946982,42.15028877068055
140.89533256343637,40.7735447715601
141.25088641252236,39.8242357354282
141.34845136408998,38.69956889593057
139.4784804826786,41.4190400878448
139.90872719810855,41.30438705173667
138.52806695484563,37.897958442723656
140.23835928520504,37.353419428178526
138.52097899177778,37.43124167500957
140.52854347183776,37.12895540592042
140.00797283827762,37.02081764080026
141.80507025111572,36.562468189228575
139.4713999156868,36.66803353611975
139.772302372428,35.75224781567604
141.51717908561898,35.76916506046437
139.60153309514916,35.16520814276858
138.49573228756623,32.83471198203554
139.45572494157767,34.87043633242613
138.41993207143273,34.907936266876185
139.0914298233072,33.55799895720284
140.43335034978222,33.624417292813725
142.30443001565365,32.748405043430026
144.437259686374,35.41895336128383
141.7466494938065,35.41687455879425
141.75213970103295,37.097685307077676
141.61250501144647,36.193864386430796
141.11364568091895,36.26087632605782
141.10975157654053,35.19067664187749
141.77107721620374,36.53943794983271
140.93458003173657,34.497357598625065
141.40418566468912,33.05252975540872
140.75286410943892,31.45596748329906
142.5783313281979,32.10355261825677
142.64592173543477,32.56985775471864
142.74397194343246,32.118299377362206
141.29617272648363,31.455030624226662
141.319978363246,29.632960765849287
142.06150852129082,28.416189056190987
143.4183075868287,28.21089747297646
143.82033360249247,28.005084734256624
144.67411016436407,29.34285298542333
144.2691264155654,29.756013615896233
141.96111922659318,29.056869942633938
140.06816467806397,28.70583159072052
141.3979515876969,28.051810549731858
141.94679712849864,26.367154025035298
140.38390732332587,25.277135012241235
137.9404341118372,26.001712442715622
137.7430732253474,26.06114870713852
137.26626701052422,26.032338266553623
134.5803678309433,26.145046205318277
135.11317847632364,26.76839526812646
133.0364476774072,27.087638961364146
133.05958528989672,28.310989018823022
134.84337287645093,28.022668327352438
135.76265728476957,27.784962226077113
136.5793026410483,27.86181998131262
135.16917017347401,28.217611660045936
133.20740588284883,28.315364620089632
133.6041551503435,27.89489471918203
133.89590047799882,28.76156332587765
133.73316211012136,28.585984187270576
135.61366017662903,28.294147863834382
133.11893434344174,27.987324188412824
133.31747065322304,28.240345493855482
131.47089112940276,28.280046083280673
130.68775422456702,28.117223222586595
127.20351061593017,28.882071062563288
126.90844809385915,29.852510303547216
129.48851150808272,29.405092367855563
132.42854680238267,29.556885626957303
135.0858520822011,29.756048381848373
136.2931154325521,30.988805971039543
135.46380128569342,30.78484021262693
134.98168224706865,30.139690972374016
134.76825652104645,30.426259506675258
135.48752350510554,30.88728659191439
133.06270847238528,30.689563616997454
132.53047068419843,30.882333636011744
130.84745041893837,29.31377594844182
130.9080110231599,29.395318725821017
133.41254692932762,28.74828482710134
132.48901321816066,29.934599158032032
132.06016578317116,31.33711220675312
136.1311957303562,32.06322384030237
134.08158786896502,31.02723612529165
133.38471326856504,34.278840616999624
132.83034241614078,34.338142317240546
132.86528031608935,32.865867840541966
135.31519038218178,34.56838082344315
135.81610317571997,34.86840091668602
135.34951374515896,34.9260863730733
136.5750210088083,34.745296882076076
136.0629854326225,34.903687039006265
133.7445560037615,33.37441289204794
133.0298770781006,31.151899533333932
132.31519815243973,31.15191362884813
131.60051922677886,34.13172232110828
130.88584030111798,31.35561658623612
130.1711613754571,31.389481758565744
129.45648244979623,32.123403453397145
128.74180352413535,33.45359270630985
128.02712459847447,32.035509546865455
127.31244567281358,33.47249803830474
126.5977667471527,31.51856807103461
125.88308782149183,30.854001386556213
125.06873626296135,30.497250634410452
123.3983056404497,31.975469258344845
121.72715901737072,33.450594666392334
124.58356485297888,32.52094077382124
125.16294647848252,31.967672957639817
123.76320418020973,34.21411521446855
122.54253178813768,33.34359273547329
122.26558113092703,31.73614991254153
121.98240354240272,32.66620508012961
121.38730642589846,34.77865297038007
123.79698901677472,35.474430668407706
122.65804121130648,35.09832324124572
121.16159059410943,34.51646339941853
121.59820012607601,36.2928461281145
119.44933459096475,35.7666971143473
117.17700728294464,37.24442430556136
118.20418814197792,38.134009185147974
115.15931984387551,39.04158912857181
116.20625864994511,42.104219010198676
114.25021366052343,39.16569081133288
114.1315770008166,39.46076836187847
115.44684588596334,40.62175619131628
115.67546348789338,39.44650052314075
117.18911194794931,38.97381685937837
117.85627292145703,40.43821282820725
117.71244133192025,39.50494163394731
114.75244976575357,41.68616901897442
115.29786544838996,43.38457107584142
114.85660872128429,44.56292539707838
113.26011878682621,45.44491864061549
113.21578422078944,46.116295769263004
114.5347802759116,45.51365172633536
114.84312202590111,46.02267714262174
111.78260591587926,46.743193154189555
110.55417494085366,46.998823617250224
111.32298564221954,46.870105681998936
112.25158842040967,50.02342724043341
110.64580916766239,53.441385871548576
111.46465031726069,54.74804034299138
109.05376192899888,54.08596249096411
108.56949049894708,55.8149824288511
107.04227827721662,54.31133330666038
108.11046797278433,51.40076762685454
110.22919341805196,48.82103534980986
113.37819122561969,51.42290311854866
112.65690701689515,49.26876187654461
114.26261143989659,49.27478528992097
113.52193274540689,47.82127909914151
111.87607542889737,46.400483929084025
112.20108065136564,46.15219223369721
113.11586467839689,46.791298766870554
114.63500056329104,47.17817149919
113.89875540265874,46.351888069924335
113.02436423327134,46.81341004863492
114.35145683801801,45.409697910911596
112.92839499295317,45.128946534939665
114.81415200838595,44.25975576238122
116.04569514054859,45.38646586739581
114.65018694128514,44.93939892705101
114.31364843950573,42.29152237853942
115.23001921567942,41.85589015012843
113.75399762042176,42.431178547709784
114.09649992175923,42.06471194921983
115.54984161617764,42.75966926114676
116.74911234078304,41.826827980155485
116.11355971650751,42.73552543690426
116.02385138601322,41.14199152125062
117.17167391130056,40.590779522888745
115.32452035580546,44.14688744923264
114.05250808458679,44.37091217208927
113.06428485443836,45.20216570924654
112.63527683199517,45.99267682748886
113.75493376014373,45.641539151089844
114.97548642600111,45.960693040285875
114.26043052538246,48.193609615266006
114.19097361545498,51.313243961017285
115.07468699922593,53.90111963453603
113.9613390061757,51.73072844693856
114.00041629949226,53.27535362308155
113.77491808215025,49.86447543354962
114.57088194518938,48.496948200772295
113.0365614933254,47.756076818291
112.42623515261927,47.44742792177025
111.04811166004717,50.42611544212592
109.1785599978991,47.40018191172154
109.48568765128748,48.00568013068469
111.24393687933245,49.9663511311519
109.72826299094645,46.04584693047727
110.72297468018016,45.947140236939255
110.23149189424255,45.77497472395229
111.72842968680591,46.07465520022749
111.29287095921276,43.84760019002794
112.39435576335885,42.63335106364941
113.34735117742015,40.93369826211843
114.76165099980852,43.11980855032908
113.97156708159727,42.333100655835494
116.03814068482461,40.882617909897334
117.45469595656658,35.63115369742802
118.70124405923485,35.03109635533124
118.45057098881914,39.06208890376859
118.675757552565,39.4038618267651
115.85434960105981,40.870729975236934
115.36675834094595,42.21649590814892
115.05862442776306,43.41872267510926
116.03598341517734,42.87232254700199
115.74196990197294,43.027386602266034
117.31550083508634,44.13498720019383
118.15009788613992,44.750687456645
116.35985684016723,44.19079483591204
117.83726583659006,44.18264081148703
120.5104273304661,43.5244297581078
119.71946158224898,39.21087647319501
120.1517520337765,41.669277798653894
121.55466952465936,41.90749723195128
120.71010485873424,40.524310424486295
121.07606176973646,36.896005211162716
121.99141254450825,36.189051466495236
122.75704689930508,36.96820671155842
121.97204495828801,35.61314338248257
120.11596159603309,34.31139529112655
119.65883186262893,32.42527143660116
120.78804030322853,33.04192259804782
120.45785212929579,31.79776431034666
121.35933177717605,30.5384714839447
118.93291890971915,30.49999547158954
120.75501201440724,32.05821614822962
122.09151886429028,33.973956521623535
120.35128734281639,33.122283456478236
120.19458930762832,35.726426053369906
118.74598537907765,39.80753354064457
118.7387902629601,39.66848869225838
119.0562306459481,37.239151576361046
120.89570767662961,36.06511126742778
121.74089424386446,34.20095156379368
122.55209598942542,34.236789724561056
121.71765617443882,36.36352542050825
122.1756316585614,38.04968680161075
125.46599850559657,38.18690436832584
126.35097633489616,39.98308539626805
125.34303582837289,40.97169894465752
125.96395406460051,42.12631508695355
127.85954071661317,39.311896434435276
125.7061578952579,40.40978368154715
127.02225218057868,37.230147861674574
127.51239652266561,38.79988629460258
126.51101620970093,39.34110737371416
127.94319494685972,36.08894208163544
128.2201235091134,37.47459220011811
127.92105185590155,41.409582673069906
126.937265970761,44.300403463077004
126.95920821879247,45.19892453978259
125.53647859211827,43.94558387192958
126.34074948062118,43.37127334001432
123.19984290249376,41.01105205234811
122.98071303170171,41.13778154311596
120.51353994029871,40.510516782333745
120.66967343991998,40.15262515983313
120.4155255406582,42.366571180687274
120.13606040900055,44.283730729235735
121.1842133809342,44.01493507191669
123.10362820242736,45.749640407050514
122.90543748746387,45.42298778414406
122.78262942346846,45.66425640993573
122.5923301163298,45.64642201730995
123.4552817254436,45.46564234398929
122.84557937457521,44.54533217778246
123.96111864357712,44.97303965552645
125.47175613754695,44.31915245320603
122.51414127289041,43.899375336390804
120.58732667218936,43.755171447602685
121.18692837134536,44.94891751737889
122.22720419548332,44.967090049146734
119.99496524583262,44.01514007362391
120.30661623462129,44.05718333272451
119.65623366511453,44.238810606043685
119.40676758897634,40.89802869715856
119.65769924807365,42.90927882643624
121.3719297452771,42.9346043237773
122.50788550570152,40.49838630889892
123.69471687465088,40.55427614371617
124.09057114818084,40.63336656442131
123.75309389130705,38.26535777665132
118.48620314724666,39.93565480428189
117.66299047761953,39.40923114704423
120.87749985205271,41.03527781217607
122.11101132567529,40.685793458187135
123.22610941500258,40.70724845063097
122.12569869267124,41.85044841306081
117.88269632709591,45.157942884913275
118.80953634887514,43.65825493129167
119.2561223541558,44.55849797341864
120.95735788381586,43.63244221954273
121.2751232152389,43.951548111766144
122.06109489472165,45.9634720682039
121.5774375712912,46.752921716911366
123.02811127439783,49.08825947408669
120.95208365670209,48.922689335575555
120.89260595753848,48.791443865311884
122.47887117624569,48.704486135294616
123.79494036364277,46.73741462161778
123.77190663413101,44.80877141396255
123.65500548454857,45.11106810177569
123.36825525468119,44.746863991553845
124.67335350945864,44.946796164611264
126.67617719046464,44.595486853675425
126.51933909222907,43.94835814076448
123.84718697184125,41.9504583712365
125.0331408462897,40.99458588412256
127.78363019121129,40.39810513111891
126.72000680837597,43.64796288768073
128.3260222680935,46.081910673250704
130.05369957532866,50.273519032063625
130.3197628219258,50.31789080934105
131.782377023903,53.2361470653498
131.6900801375999,54.22093127115795
132.00012083367372,57.40369267244901
131.66406013912965,56.945444550626306
130.68929974749085,59.848924525301015
130.51448410853217,59.753275969123926
129.53334095702706,59.736142988624245
128.73920203345213,58.51608173260358
127.64321428670557,58.19254345218907
126.08718036354543,58.14113105632001
125.91010173664539,58.45549860536822
128.02617890639564,61.141749124960945
128.45654515587196,57.96411575056957
127.24408946390714,59.595317185929524
128.27524339133126,59.86632608785907
127.44359888344519,59.00403557807465
126.06944316172516,59.33295603190951
130.0234691792117,58.54379858618037
130.4586063627848,59.00215459024726
128.55447710786697,59.82724215513564
131.67244845539935,60.01311166555583
134.18671903077183,58.454827825168366
131.5904796105331,59.10260957419788
129.9941690050998,58.541600962897604
130.2184451994862,58.40226733408523
128.48140369598516,58.20245370211447
128.59173838835676,58.956090904866066
127.04658977188816,60.31064475927679
125.15434490691987,61.5859288873978
125.75382417778327,62.52037390018182
124.9304570993426,63.111817427194104
124.74005778379235,63.83968387011244
127.33930486128719,63.188286233630045
129.38530033838362,63.84054225075335
130.4368315783682,62.056755613183846
128.80251921203705,61.417041834550716
127.28050120247177,62.1006515628982
128.0832629376109,61.37151992083109
130.62878508001782,62.26449331678525
130.72076917052965,61.93034740594378
131.6421691211462,62.53946812975294
133.03288557014653,64.2638583000304
134.71018887910958,65.39615289057414
135.61582355122982,66.33181655602239
135.42132938699197,65.80429464225087
134.90807165373693,63.06032448297646
135.09625233709525,63.245304376649564
137.15901545061377,62.62341809863554
139.31143967434653,64.07358906975054
140.44557645090532,66.39800535048673
141.23437563539846,66.34337776744998
142.0045645935479,66.2583979278
141.51011227405561,65.79583795376506
141.00107765407333,66.1877316956611
139.05661143938585,66.230975269402
138.975492442534,65.66536828672082
140.5743197431413,67.89479497732937
142.9517807268306,67.2807173343591
143.03286236688126,67.57231373854759
142.18432948199845,66.89451952796506
141.68336369406134,66.329970015206
139.29625874044373,66.33638666329813
138.44528011241732,66.57763899817994
138.13620393076627,65.4747185927709
137.44135205039382,67.22673795390463
135.58546795334485,67.32501725371871
134.64653083702746,67.85666216741119
136.587212282586,68.46659858297973
137.80822772858477,69.62004895550938
138.90893989119465,69.35270715623464
137.22614923847166,70.70852881028398
135.3642240052234,70.41214203357693
136.27252542424202,70.17856304479065
133.05094568516245,69.4663241258029
131.88371125960245,69.74110313584322
132.8369219671595,68.44798519003574
133.1925769891524,68.05435852114346
132.8787851505483,69.49037231106564
133.53195319383843,69.62923355058403
132.61299999690743,69.47511906163561
133.2680532436068,71.08169882317326
134.01985146457733,71.02953019562534
132.09714609175572,70.1075416622695
132.13764327108137,70.6000849770184
132.93897379728475,71.08450645937191
132.8288523224992,71.86541419881979
133.68229313123564,71.24142909635195
135.0356358531717,70.651788995803
134.55056211596448,70.72402874126045
135.08498794608855,70.37579742851993
135.49535101413235,70.37732162077171
134.2141791405133,69.67130390984275
132.52876960948498,69.35402713560704
133.4793098174588,69.3477777795348
133.85712901169273,68.42870456960479
134.23494820592666,69.25534309972045
134.61276740016058,69.74936681597634
134.9905865943945,69.38962001423032
135.36840578862842,69.28613277667343
135.74622498286237,68.3865575988625
136.1240441770963,68.40663875623187
136.50186337133022,69.33207276515466
136.87968256556414,68.60079108115698
137.25750175979806,70.46379231219021
137.63532095403198,68.43561441232391
138.68418488768083,68.44185322583745
137.92388771138582,67.93073701795555
138.12534527122344,67.08989868609616
136.58154923659328,65.5063000084859
134.31124109910962,66.06826140328366
134.86281270379013,65.26057658341468
133.65066875014747,64.72430245556608
132.69428861539643,65.63213992548367
134.31024434769597,64.51112546967978
134.47013554203386,66.00288013323903
135.4685927496854,66.04914155992024
137.9283497495657,65.89569410074706
137.52649739060925,66.09511670916109
137.12464503165282,66.10208643826341
136.72279267269636,65.20846625429935
136.32094031373992,65.24910960479336
135.91908795478346,63.259450967021024
135.51723559582703,62.28779835865025
135.11538323687057,62.44494767445246
134.71353087791414,61.67265763617995
134.31167851895768,61.210187559311265
133.90982616000124,60.14691161629555
133.50797380104478,60.66681754386068
133.39958924105008,62.44708194103227
133.84805015664304,63.125862024078835
132.90740310643756,61.90617046050482
134.6667240303201,62.61227056002403
138.25093898154321,63.94315545293914
139.71376477831726,65.3632492053233
137.66493158964795,65.98368405913224
138.09323379558475,65.72251929813939
138.26284783419976,64.37240327669012
139.01652174187188,65.77675459965049
138.55628037423725,64.64710081029163
138.5586389349704,64.62639200325776
140.19463028836842,63.078841859237656
140.41558291422305,65.22069148539495
136.7563585398785,66.06275515127429
137.204284297181,65.35677564453191
139.08653353287121,65.69547976372245
136.9414090416488,63.88699137842785
137.51029609211355,60.09588674168674
137.63533120215772,60.0840867739711
135.16387043543725,61.05721101532455
133.22269987679672,60.798556313876425
133.54093566529173,63.40627862332594
132.93766463777717,64.71373996503576
131.520066764444,63.1162081687188
131.2519445229124,61.274392661343086
131.4746131859376,62.59011591220019
131.2916453449387,63.53914065678585
129.81921762143236,63.06519748818001
128.8023472621131,62.50381959272442
129.13853431835898,62.655091947577766
130.07113666529088,62.750144696051976
131.2578079424646,63.9585786211864
130.241515073108,62.86994399834295
128.87173719255583,64.66728069280757
127.75631030427989,64.56884613130832
126.22951109043514,62.86866205763158
124.96865735191496,62.97287337653944
123.54925987487286,62.848242985482095
122.97098023097371,58.19035475753275
122.68062002514007,60.40869664789783
121.01902278958897,58.98004894928357
120.8737909345995,57.54782936974741
119.86925290236914,54.6087330513739
118.4637038362353,55.14959964104801
119.88947915601118,52.91586249774886
120.15095682249488,51.0926289172363
119.75967603378547,50.40250524690646
116.36349035518634,50.26979075097839
115.95762635987542,50.474012845629986
114.23399785428408,49.87842491325799
114.01306898577495,46.95667826749524
112.68818171938285,44.02662027719525
108.98162872189937,43.753058029387404
110.88095954530841,42.91094622168957
110.60603454145081,42.72024435408396
110.44264659540924,43.37843950823209
110.89374302717054,45.09900004871164
111.54491682978282,45.21826161309502
112.59315960998397,46.12246188522458
111.31530608026544,45.8740075985988
109.06582918288655,44.76153140393958
108.25754444487231,44.252086888998015
111.07656066651086,44.75629531765942
112.34169268476279,46.3790741294605
110.48750449159313,46.80474155383934
109.23208231719794,51.37953910535792
110.37509115441105,49.914912486584115
110.42406770986999,47.96515016127303
110.47304426532891,46.619419979805905
110.52202082078784,47.896331856809844
110.57099737624678,46.036060590575175
110.6199739317057,51.290373359364324
110.66895048716464,51.09310628084331
110.71792704262356,50.63796156232404
110.7669035980825,46.72899171128533
110.81588015354143,45.382270996420054
110.86485670900035,44.600485851529385
110.91383326445929,44.132729997378746
111.7399784301954,46.23650179117162
112.237699495688,49.256302982653786
114.42648951665323,46.672045462432806
113.17704005520834,45.89251648620286
113.59406485168032,45.01811333924844
110.77754983400678,45.026060108628364
112.24737249166003,48.456814624536975
111.52811680999328,49.97140370710245
110.41288363249097,52.31389626208769
109.86634849964899,54.40128817733502
109.67913387192407,55.071901611556505
109.75540401230255,52.23375356471783
109.83167415268103,55.718615589368056
109.90794429305951,55.76533763617223
109.984214433438,54.21446836394075
110.06048457381648,54.47204818523987
110.13675471419496,56.07971289861033
110.21302485457345,53.246376227857404
110.28929499495193,52.858765896528524
110.36556513533041,52.994691748029936
110.4418352757089,50.33674551706117
110.51810541608738,50.02435927183826
110.94730052559447,48.66528460191355
112.12600165429372,47.756338099391876
109.57318579177408,46.682399366518425
109.8563697177778,45.96931019071066
110.57944897255041,47.14977712343419
112.27967720480436,45.03849092482949
112.56351084771067,45.60565725571825
111.72565564726139,47.162811122378514
112.00466254175463,48.317359328839856
114.74667251258693,47.89097947612965
117.7093684462043,45.63038343352727
117.74903695588009,46.782751191259436
120.188529727371,47.39319651749557
117.98110034304578,47.234943237799236
116.4257587075369,47.983619004361685
116.18809555061455,46.10259898710769
118.08700011303189,46.09951284969249
118.47460488039474,45.15485220750965
118.86220964775758,46.218351701330704
119.24981441512044,48.23481310738494
119.63741918248328,48.049508251635814
120.02502394984613,50.09825710230392
120.41262871720897,51.6812475457474
120.80023348457182,50.02720221457407
121.18783825193466,49.82637962505204
121.57544301929752,51.807123429857874
121.96304778666037,52.32043639157861
122.35065255402321,53.2264878302763
123.3699714360637,51.70418713755744
123.10956678870387,48.82490096143424
121.49068680374448,47.655684998557675
120.59298389149691,47.45998446913691
121.03186928913662,44.92273255914287
118.78984801442901,42.97749507622221
119.16654378816672,42.45775458901905
118.75257197739383,44.012019767654515
117.0846748589521,45.29265242002197
117.51697195857358,46.252971368956885
116.38367228038575,44.592635949117
118.1839771633544,46.98270949967109
119.47525946958406,46.88686787085855
119.38889963404874,47.427441428583755
119.30253979851342,47.614255685322085
119.2161799629781,45.98274067927286
119.12982012744278,45.36955366882616
119.04346029190746,43.414614019466896
118.95710045637215,41.95279672436912
118.87074062083683,39.723047879782136
118.78438078530151,41.614692096708396
118.69802094976619,40.961520279329775
118.61166111423087,41.368997204686956
118.52530127869555,43.9293888133293
117.52321312849551,43.70448363987537
116.98576975967082,43.65347851675962
116.15138902302465,42.39652540433523
115.78787263973331,43.421499220236335
115.65431841794874,43.31509368500732
115.27787152014135,42.61713989742556
116.90655375104103,43.15563295610302
117.43237123682918,44.94573100206326
116.76728135166564,48.31818173251379
115.70423362019909,48.316307504242495
114.23947032690332,46.22872979351392
111.99830463438497,44.84076342980941
112.94819711958567,43.97214946059611
112.74861703091806,45.19534615955625
112.20268023232683,44.28022087518549
111.58616634166951,43.24218694980911
110.56440062594254,45.43363167865013
109.51896097222213,44.55337521640012
111.05267214987622,42.913766958424944
110.18848732036201,43.02351254790258
108.86972597734626,43.39809613125044
109.28880194818797,40.59318396386706
108.45010719691885,39.38657492221198
107.04229068428904,40.734572884542146
105.96694240469463,42.01459179756991
108.33240649004594,40.58842621875214
108.23107684230963,40.85768185795118
110.97887553451213,41.17849489927244
111.59835769008086,42.991666836812875
109.24969428054922,42.34024176426736
109.93921019756789,41.91435671295997
107.81084702883857,39.67207668189175
107.62881246819167,42.67394307841125
108.9820236681719,42.92491685381365
107.37571261517743,41.826913530883196
109.32619848527527,43.61508729256262
107.7022591249124,42.663681215768314
108.364735990866,44.61194628891415
107.33166641456219,45.85129001134268
104.9058379560168,45.78822091463179
103.35370727873143,49.98220023576475
103.72217672661057,51.67420990558673
100.42745499376205,52.52302617575222
102.09725071396167,52.47029730955283
102.5614469449732,54.080112453539265
100.07038776502415,55.358474473650695
100.6049681614747,56.025155978108714
99.00189620795739,55.98109778639822
99.27533801731408,55.91624233887648
98.62508486337342,52.51231400983525
98.97762143358742,53.21425569655796
98.31110873625683,51.545118451838555
96.43201150973918,50.42135832651754
95.27361383631842,53.41288446076415
98.02960952983122,53.38133198556732
98.75254939585633,55.84731510950316
99.02906124636253,56.752543466726294
95.21192261140757,56.937613694260804
96.46933693087946,53.83356957914737
95.49714175627567,51.25363244902775
94.2432488301248,51.64043359040156
96.413229828777,51.48608355485178
97.24948793011933,50.661353055086025
99.1488572569694,47.03513218727826
100.23600171105046,47.787349295481995
100.2195742198124,49.72731501742756
99.70713948804516,49.69173388091182
99.74366191693264,48.84924635996195
99.53537779760408,48.69440689956078
101.05096537347363,46.97407074363071
101.73997998788336,43.71024192583772
102.48889485573403,42.628725717199714
102.2684097998565,44.33825552972571
101.32177429414716,44.86283409209577
99.68626814543116,49.10365115480854
101.50677270925894,46.770396864393284
101.0103396807504,48.54564335593305
103.33965575108243,47.78048420578583
103.50541640186438,46.803886400178094
101.84948100353988,47.1260600579583
103.15569639076827,45.918796841940015
102.57621011984595,48.80071852366262
101.41222532048637,48.62550424923345
100.08095566102251,44.79677505020593
98.50155999676375,45.1213280123414
98.45786539166535,45.80303240304776
99.30018429078758,47.02071295130606
101.59849738850792,45.53562241080359
98.50886153893549,43.84713382825323
98.75477241794515,42.72926462152558
99.15450826849012,42.096454061923986
98.6173950648675,41.09694286303878
99.17634074659887,40.309881879298075
97.23407295873153,39.95084813825564
96.00885592825168,40.684224502741934
95.89861122424864,41.21892959024055
95.80515602739183,43.32841625757839
97.45700314360708,43.70812155224051
99.02055454886131,44.67682492624789
96.79713041105829,44.15211800627792
96.97212991727147,45.898909919973065
98.40808185787294,45.77277697993866
98.52831001686322,47.41729252255618
97.21469876219128,48.77641702357015
98.80547031011632,48.82093102286121
100.2631300728968,46.24892250215713
100.28923757179555,46.04378393273632
103.41501494375531,48.787005906251586
103.03502076367062,49.496580332009735
102.65502658358592,52.29208193575906
102.27503240350123,52.96979220126372
101.89503822341653,52.183725081041935
101.51504404333184,51.94191730582582
101.13504986324715,55.92166163528078
100.75505568316245,54.24884389684426
100.37506150307776,51.23370433215663
99.99506732299307,52.151534417518896
99.61507314290837,52.87082180181239
99.23507896282368,52.985705624408894
98.42847074237145,55.07681784936343
97.61176035921874,55.37790699325685
99.36641655344023,53.29373616397196
100.6464504531479,54.00347852173722
102.98724579689475,53.8348942606994
100.88555798538475,55.66344213969214
99.32803274928185,57.08608140159402
100.51054119281592,57.77774167695163
99.13458138640858,57.98357601470362
99.47383829173485,58.2626206078883
99.20975991704393,57.20059587040013
97.87475605907309,57.46319875440593
96.5437251618184,56.857970759940564
95.68615685806068,56.64696616329186
95.09777511810358,57.853589640901546
97.47381465592134,57.861912007857406
95.72039364076353,58.506196029275735
93.97876913387122,60.34776040936762
93.48247526863544,58.98449802298619
93.6174196466581,59.196349437502846
93.57057028715874,60.72981294407589
92.7229757247372,63.06569935200969
92.7970877136754,63.76669731711651
92.69753743986925,62.748923369367084
91.82221794601188,63.52023030292965
90.6497193296395,65.81133450250893
89.36413810599369,66.12159575183443
91.01609062768702,65.79675213372963
93.21328398403938,66.01949742317078
93.77142611937293,67.05062920759255
93.50475754337673,66.51149880820545
92.33307535212087,65.92410112331797
92.64621712371991,67.85268597834374
92.50964034657777,69.36394941883499
91.06799219791586,69.49423528792627
89.52982112779291,69.75107194377132
88.75557913652979,68.48226185468795
87.32961139863174,69.68272618361539
88.71496780476396,69.97678395866886
90.466211670722,69.55184378111696
89.35278390241476,69.58523011544531
87.8913910117943,69.37585955337478
88.7212234215135,69.64544702427398
88.42660685847162,67.31225224862544
87.69308151999883,66.18351787903347
86.21240820298574,67.29390212875883
85.55550898598474,68.12338665151017
85.95703528475937,67.0589879073398
85.08798168758955,66.61185026354674
82.8497746079291,65.53558150756142
82.58675087004269,64.29640557190459
80.55973456829108,60.82800156971581
80.63460425095505,60.68109270353765
81.36489596365165,60.92421383516552
82.28168322458714,61.38434573445785
80.56984581091469,61.2741768446384
81.7407328416775,59.197165717268014
82.88827062265686,58.40105466251628
80.60531663081478,59.61996184307233
80.40896959793301,59.503836195729896
79.02239339882873,58.33717415805783
79.15965888313947,58.32233725079106
78.78995071157472,55.85521658430534
80.90520280224726,56.857024874412424
79.97170865364453,54.169439324699454
81.0988200218732,55.02378720387745
80.60079462359195,57.09113781565496
78.51415653756547,57.04939179220932
78.63234221018344,56.76223236226246
79.3466333995584,58.376999115221935
79.1395434115426,58.6218301556886
76.97641455497465,59.14787157771967
78.07127014322167,59.65182720249227
79.81860984094652,61.265792300897296
78.36142731784702,61.54247944368674
77.34403017654238,61.516823880235115
76.7646594051633,61.311828523398326
76.40025784062715,62.447744253263885
73.42258164240408,65.27822281643049
71.36076771646341,65.6947929366442
71.57164337744967,64.95154311271286
72.40071983598118,65.73542939084595
69.96715452285495,66.20509867631489
71.28569461846986,65.43772542285322
71.18002089175276,65.3995893592375
72.26241573270556,65.92907156454667
70.065001781845,65.62117877657046
71.08450645937191,65.75079738319657
69.93064692531081,64.43912737230174
71.44586502434693,64.18143129804155
72.37765592758868,66.11571464007454
73.73650174542838,64.59271749035919
73.1718165103852,64.90898486202464
74.91440367639721,64.41363044368308
75.19457675573756,61.628129999228044
71.12334267446225,63.08152698786496
71.50554568948259,61.535522043970275
71.49292793201388,60.995630953994706
69.74936681597634,58.24136164544739
68.69309124012462,55.105672321345494
66.75294792223973,55.767345634959945
67.39981743788736,57.24259516736481
67.70727406245453,60.16719162929896
66.90550801237991,58.54306807550127
67.32065262408533,58.183038568936425
66.72505312113522,58.4314461597492
69.05712177086819,59.575473597185095
69.82544287743853,58.05830163785209
70.2902930006368,56.90798714368489
69.49423528792627,57.269531004609355
68.96494016580156,55.20848856367722
68.21803058655918,53.45562205784357
71.24142909635195,55.4760179012673
72.96167270894844,56.25161086511401
70.7514503679012,56.85873000187009
69.88728475172907,54.37655423201145
65.52574867159404,54.55984721657696
68.08126613828443,55.825468959544736
65.80429464225087,56.94977528847683
65.9813253689001,57.024410590397416
64.66728069280757,55.841629899424085
64.37758031914836,55.17766071273834
67.0589879073398,55.90489511882665
67.79386265205832,55.956199990313664
66.33429410924089,57.19489994204494
66.17511720515085,56.86932943690288
66.56658609728865,55.9305955607264
67.6751313815302,53.896938260074975
68.67584140096282,55.16357134084989
69.51151493276788,56.02510016861027
72.76202062248007,55.8910157787351
70.80277367140359,56.95938898780496
69.50565866232616,58.50426231689918
70.18123490641958,58.79822367403295
69.78167165850145,58.30776074128019
68.76692735428766,57.77841263323621
67.88321299994081,58.0053493014814
68.34308286793373,59.37299679606913
65.77675459965049,62.31545435417955
63.94315545293914,63.98612232215748
64.2587481185413,64.69576809194189
64.04866054392434,62.30896188583132
62.97991549192212,61.35373919148378
62.750144696051976,61.22099401039096
62.52037390018182,60.427817356825095
62.29060310431168,59.51638428348654
62.06083230844153,62.544406312166494
61.83106151257139,61.80750793985385
61.601290716701236,61.96426024692548
61.37151992083109,62.75617075314619
61.141749124960945,62.15275979335228
60.9119783290908,60.76251639166771
60.68220753322065,61.17600449070945
60.4524367373505,60.541880159230715
61.21234055362207,59.68526570076948
58.54379858618037,59.23011614202818
60.76815094947404,61.692128303594984
61.767049923393365,62.538038837059794
59.60315181382225,60.74534813141558
61.98519497091956,60.87166129435808
60.410978405174966,59.95643227659207
59.134246990400214,59.82762850990634
60.66678853277383,59.68900128353474
60.965974746901956,57.888322559916716
57.62356122842993,57.39874402449057
55.55409689282219,58.14469635728469
57.496060487795155,58.484358884643854
57.09113781565496,59.3564013634802
57.19489994204494,58.783777715946286
57.39874402449057,59.690550407555314
56.47004568901138,61.20988082960443
54.504815870456056,61.15282892462472
53.39733133311426,60.96576298077132
53.11098533329885,61.2748942122585
49.204626555031254,62.09830018667564
47.74139870305973,61.83106151257139
48.269467659193204,62.97202751614118
47.03513218727826,61.75741552334817
47.78147230958936,59.597577317640734
48.173264193218124,58.599647876945454
47.22775297326474,58.339923715410826
44.21513053984291,59.030995139743716
45.20216570924654,58.5522965059043
44.60055048494974,56.242293034650665
43.32841625757839,56.14519760848441
45.139356027005476,58.041806967185714
46.35936673873722,57.38104631901301
44.012019767654515,56.56625956887727
46.3232569904781,55.08142763858285
46.505764405403156,54.94685904951178
45.50716818057485,53.834574000161076
45.58092607244976,54.14223354207339
44.440141949445824,53.533037401907784
43.918495650655444,54.4589499626761
42.857775174739935,57.23564216236733
41.84830626786731,56.657256596975905
41.316632602226136,55.859996985192716
38.778318828947434,51.53931875257519
40.20641479671973,50.48542937807653
40.75047032973939,52.15651150284292
38.31474439163208,47.9034550527967
37.32242032734305,45.43100185385738
35.521984719680184,45.05557460028049
34.63946832144432,42.81906523246165
32.56688278787303,41.659517721135934
33.07376593317857,43.68102664968545
31.79776431034666,44.317332618885935
31.332109780857063,42.83402712365762
32.653905591669556,42.682286406246654
33.22107948153324,42.39293361532036
32.662881394912915,44.05282575619884
30.89307938091565,44.30918101445571
28.715027621865133,43.722901557288125
30.561999192782,41.96226080135433
30.944262008958297,39.39004572383904
31.45596748329906,42.82232532266867
31.967672957639817,41.4180988976546
32.47937843198058,39.91724516550566
32.991083906321336,39.98939402965107
33.5027893806621,42.11406261921887
34.01449485500286,41.50179678104869
34.526200329343624,41.21838652855979
35.03790580368438,43.78107852400259
35.54961127802514,44.41447090106748
36.061316752365904,45.02451602803885
36.57302222670666,46.26265080385824
34.43559897980287,46.05628196995477
32.39536947688193,44.44596743914311
32.59717297191706,43.953060017074044
31.420172888324604,43.80914029179513
31.92015341943032,46.7605297990547
32.035509546865455,48.70442389893597
32.418255149667885,51.386379508328545
34.33476729420781,50.15692843096869
33.122283456478236,50.133008753913984
34.33553861868653,51.343328979458306
33.04821159956847,51.90962705309988
33.531807190968316,51.05372246630054
32.73862208248459,48.61639136359968
30.3940354682508,51.44061863075284
32.61418995871161,50.02139054893029
33.34359273547329,51.416755563060434
32.52094077382124,52.128968359396296
33.8203468977622,50.7073380501186
34.537342779030716,52.7591536223211
32.51305341567685,54.5633300204476
33.79391045282702,53.38771440448176
33.90752653186218,54.95645750816926
36.3627455856302,56.78208710290936
39.40923114704423,55.99537347849643
38.59706044189925,55.0105451691423
40.86864600994106,56.207040128687254
41.30438705173667,56.67421757192891
40.13249363744479,53.38128370042794
38.62787220889671,52.23716068906776
34.32612160941721,53.24924113602377
34.27561885313354,50.24912163083719
33.1799252770223,46.75478395095537
34.54616246845171,49.23765012475143
34.764746831662826,48.503921670884274
35.10586516306051,47.46393918266094
32.16574767509455,45.96041589315318
34.79125442817533,47.95941727137878
36.34084499181184,49.070559095720235
34.81313892937694,51.38972896439634
34.50549179197378,51.58636649243458
33.45327115803863,53.46796830734746
32.996267565896936,57.0073482605311
33.16801559125421,56.65100703233494
31.43502444419436,54.16694156753191
31.151899533333932,57.04464669079506
31.874667830878543,54.25633919000088
33.22179057633278,56.26150699157851
33.089211297146214,59.60315181382225
34.86840091668602,59.28551570103607
36.26087632605782,57.94079212155666
36.98426662200352,57.517563728471174
36.486933907817274,59.94695841732949
37.22330581380526,59.54549072650495
37.43124167500957,59.04083934984869
38.03395793290554,59.49746691860648
38.568634718527896,59.44057534285674
39.973585831028345,59.26181505409336
39.91724516550566,58.17459036064155
41.079340323402974,57.692785083533764
41.659517721135934,55.35617565459095
38.838960419600646,55.88917446312214
37.07834992970833,55.3783100227042
36.93143093209886,53.987802034680776
36.01447962936761,54.78145299360136
36.189051466495236,55.187461400560686
35.279373305596,56.23574894091324
32.18839402820258,59.35950307180154
31.406998795902176,59.62872892310028
31.463518219563706,60.73719463245448
33.807906858702765,60.337390955999034
33.2857030718016,62.831667418682194
32.118299377362206,64.93072505229601
33.25808469685862,65.28656725521634
34.19073948983715,66.56658609728865
30.82382855085533,68.34308286793373
31.841678839584834,69.22118622043715
31.962204795741712,69.50565866232616
31.408516990489932,69.82338771650696
33.993525501476974,70.11157495181843
34.78720116097343,70.27608753743867
34.572497542047536,68.32697788456824
36.50870371503148,67.51905077601492
37.86473595036051,68.84559563186167
41.08621057843564,68.67056033133102
39.72371782430615,70.80358328040843
41.37310098165504,70.55933935368587
41.03531660586204,70.89976305833913
40.309881879298075,72.02019872035831
38.79085438276178,71.61987193363125
40.730483231604744,71.57164337744967
39.79586357164156,71.36724988426604
38.94693641181501,71.48908966147631
40.33061681697768,71.3467858798416
38.30159867622142,71.21634226279276
38.42319822118547,71.3512608789876
37.487755048853,72.1040957225809
34.85704098881327,71.83111783590226
35.14891014883842,71.48536204335174
35.9611762562397,71.71807988369936
37.519186652831614,72.01829345881255
39.3450106892679,71.86073432114678
40.564817175535524,72.24023291037388
41.999558822491814,72.5663535571719
43.3292870892173,72.61533909246718
43.03119665101984,72.12139126805934
42.214090395134754,72.66185649458659
41.24644254359353,73.34812464603186
39.723047879782136,74.06415549293204
39.16569081133288,76.26070622467923
42.291649245356005,76.41023104288382
41.79302154431608,77.486183654064
42.96947023574308,76.20663083647948
42.096454061923986,76.72560430399143
41.9937644727388,75.54235584022331
42.104219010198676,76.30842708974318
43.34242005474605,76.51749207558294
44.30918101445571,76.40025784062715
44.67682492624789,76.60079468483733
43.74916006623086,77.29373063854383
45.13599145947256,75.51604693262861
47.40018191172154,75.66414738487892
47.030327728739415,77.64531516238787
48.316307504242495,77.49928732410032
48.17435653244129,78.73857702820244
47.1260600579583,77.63822457531788
48.62550424923345,78.49533428730591
47.29373620893656,78.43382300308507
46.109936388404094,79.42690921322693
46.480347071477645,78.76752513367381
46.82957521132666,78.76411262117679
45.93466406212443,79.08336077067943
46.481509174827295,79.2827429340553
47.78836558899403,79.79015921604966
46.72899171128533,79.27150633321092
50.438468894125556,78.22448913959278
48.66004537206304,79.66559243071511
46.894478746241816,79.58200070784528
46.06126899306497,78.85532784488792
47.82855684280998,79.15709603550596
49.59117048599096,79.59802386477968
51.313243961017285,79.90393349278409
49.27478528992097,80.71172178277942
47.703647180335466,81.72592920531494
48.601026340881646,81.19651182380818
47.93860036295072,81.26716614919717
49.26876187654461,81.90304574966481
48.187661511161295,80.46741710899956
49.8720529380877,80.82690455083652
52.280210699542884,80.24842501014801
55.41006890725109,80.27975479359932
57.51528796939442,80.04530149163124
57.71228524445162,79.60791453846944
58.12731665991675,79.02689327140048
59.08542323143062,79.81860984094652
60.82126663227445,80.14099949006238
59.68900128353474,80.3569765423692
58.791283271914104,80.54506366033074
58.50426231689918,80.82468570894589
61.55268151817425,79.96392177744804
57.19253756166593,78.78995071157472
59.14787157771967,76.47091220896756
60.19326901655615,78.44928956889484
61.251333554535705,78.76002014090557
60.16719162929896,79.56606567794196
60.07931679264814,77.74753034271308
58.99271762301434,78.32974126154821
59.37299679606913,79.38660266414082
59.753275969123926,79.30218827526812
60.133555142178714,80.47049238778108
60.5138343152335,80.70914120860544
60.8941134882883,80.08377644076677
61.274392661343086,80.42959109312778
61.65467183439788,79.8038781506012
62.03495100745267,79.17698853698951
62.41523018050746,79.81833942407044
62.79550935356225,81.30541748823725
63.17578852661704,81.02314143485306
61.21385824516804,80.16206236255029
58.345276289264206,80.23178502728642
58.339923715410826,77.98897634888533
59.228140539518975,78.22963521366768
56.4785381465793,77.55172094924977
54.572391794261726,77.16744595138312
53.084647674252615,78.79623130626267
50.29036971163288,78.25841275669696
50.8392630249138,77.77029434610292
52.858765896528524,76.86347372263847
54.606578752366325,77.08622104753776
55.14959964104801,75.97191809340408
58.02227178280606,75.14518479813322
58.09080566778586,74.45667119402873
59.20867420353249,73.92349352857292
61.085993329543484,73.39903382064145
63.06519748818001,72.2152738590838
63.9585786211864,72.55430917726103
65.8223086602241,72.84533376682245
64.09405627692087,71.43836262255465
63.318152725410926,71.64583662066264
62.70191270392011,70.63193730159153
61.00874836560617,69.794000036767
59.94598198769184,67.93690397631498
59.53870554509248,68.32513552308309
59.04083934984869,67.46384031738341
60.91116645615621,66.7499850310546
61.406219360168684,66.02543825613913
62.177357668609865,65.92750618562266
63.53914065678585,65.4532671830446
64.41363044368308,65.37754943702086
62.44708194103227,65.20197628545047
63.65495238810444,65.07743705023587
65.64627597914267,63.38219329028603
65.04949154764505,62.70065703518135
64.8447609684028,61.51778183670018
64.00440541003077,59.841805250003375
63.34371663588427,58.267858289523794
63.472584000465325,57.1497212384418
62.55236311918436,56.83156582540617
61.2748942122585,56.10697074842937
61.17757878258664,52.10725710987083
61.87518144375197,50.770975580147194
61.2741768446384,52.80958363082095
59.33295603190951,50.58086850810943
59.82724215513564,51.518496587037184
60.46155074366043,51.37712747724591
60.836595579411465,50.191489315628594
62.28779835865025,52.5277506861299
59.63339892972141,48.62274211249463
60.02984435814801,46.14532033410637
59.38749509929967,41.29172233907959
59.77971274131587,39.81703752960808
58.19254345218907,38.94693641181501
59.152967535925285,37.63506561469297
60.83741439622683,39.362831072665216
60.76251639166771,41.20343692083741
60.374339765538714,40.189003679980964
60.667348498331975,38.88206401059325
61.311828523398326,41.37310098165504
59.65662155574523,39.60405277526982
61.02647214115152,40.538171021310674
60.122174490600635,40.507227774601354
61.38434573445785,39.87614840175754
60.61519627691153,42.75442038941722
61.84111714139673,41.82187577893701
62.525009029800316,39.97556999058573
63.20890091820391,39.80812449513561
63.892792806607495,41.39507750540887
64.57668469501108,41.640567210792646
65.26057658341468,41.657211630857134
65.94446847181827,42.621607072446196
66.62836036022185,43.19483773348831
67.31225224862544,44.767899883326116
67.99614413702903,46.883292589612985
68.68003602543261,46.338747880285716
69.3639279138362,43.88107538873009
71.2691860831148,43.58518370594992
70.75760640171545,40.5023305926753
70.52750049777542,40.536082077309956
71.18466890982198,39.66375973436223
71.42364199526715,41.956529621710935
70.93861373429213,41.5990394528455
70.41219062032053,39.52019791752022
68.68540198280792,39.3450106892679
67.99572333195084,39.72742092847186
69.70154570158947,38.03395793290554
71.59238871068504,39.734500313337115
72.91000129873615,38.838960419600646
72.28787964017742,38.846834815261325
70.12337708964166,36.73805154668801
70.43988243957216,33.714126283565314
68.44798519003574,32.69539026519704
70.31431317852294,33.092461850075104
71.95977462246877,32.534221809576465
71.7374948995411,30.517228947193907
72.70529964283661,32.94939884793151
74.16461217537116,33.97039718418939
74.15745856155658,35.69899656485216
71.3512608789876,35.3027637993687
71.5535697537527,37.47742708883293
73.02337129249315,36.3627455856302
74.2645900126299,36.35951818806987
73.34812464603186,36.152166298414905
72.6124909270377,36.67849017392692
72.91011986692573,37.58606780651627
72.64227091548908,35.653675094132744
73.98479501967415,35.31824655788979
75.06421504434249,34.76621834918302
73.68024088638292,34.236251063552054
71.3604992630924,36.101532233344905
72.62328120224453,34.19073948983715
73.6376945400929,37.214420073150315
76.10729539766267,37.31358686947248
75.53593599682983,39.910160355068506
74.06918679315363,40.129976283262955
73.1615670292631,41.224708848353416
71.65002345783327,42.286747241090545
70.14537512001249,41.73695707154405
71.9614657091088,40.85864164536119
72.91058702865087,40.50827395999635
69.82822309569531,39.521943805685424
71.71857073015057,37.696108454069105
70.92266480360996,40.16579887722239
71.3881138773845,38.40258175147019
72.03407402551044,32.90577316551625
70.55933935368587,31.79648647055179
71.69950498323672,31.689937613046705
70.63361775770377,33.05003798825806
69.58523011544531,33.77090061769436
70.95554801534682,33.55380710518878
70.15810172790171,33.22179057633278
69.63581577627771,28.360183134848615
68.5550622841188,28.65482327538296
68.7290404230401,28.828388736931263
67.7994866344931,29.12628518740059
67.70607113207467,28.757079819266032
64.52081288044005,28.989026172917313
68.48656421200673,31.881672986838176
68.42870456960479,31.882962929509386
69.64544702427398,32.46597356377119
70.18854944860271,31.625844033172797
70.82340918170175,30.115017947736824
71.2632929882787,31.947727643447607
71.46767245347522,33.531807190968316
74.03451383536054,32.45966320123994
73.83030001292799,30.78676419384384
71.62184841782387,29.188256401075005
70.98544315217892,25.846985082220016
70.81552020698379,26.037248331592355
70.89976305833913,25.871775452437642
72.13563899547583,26.183247102157647
73.16609824173338,24.378418566272373
74.31226412387862,23.17949731481668
73.83000662862827,24.217477027938216
75.04425127158119,23.11125325946217
75.66411311446218,23.37794541084872
75.29923419123081,22.90064768370495
76.04931069004479,21.01994951011917
75.30196829985668,20.21130748230109
72.98767782941562,19.5800384131758
70.66038961618432,18.457698580711195
71.17360609560285,19.011664592249165
72.8287167597561,17.63621623813669
73.3377963187254,17.46300718050365
71.76720326516046,17.974953716419616
75.14518479813322,17.500302682653384
73.525406339572,17.63679404734264
74.80168180647755,17.779583639757714
73.84021304642704,17.546255156563472
72.44154719015118,17.677936538818596
74.40874457542196,17.93985478489142
72.30049826845908,15.780037024092083
71.41762433825838,15.325430885060406
72.5663535571719,16.078620092247213
71.36830802659803,17.24939171177392
74.72829649443177,17.954505303923128
76.3851366126411,18.70393931307099
77.51132969403666,18.926269697670445
79.1894898694237,18.80840705322502
77.31693033149779,19.421019233749348
80.08355515584365,19.735342304271967
81.88753631984922,19.83336062146947
82.13753502918073,19.70247144742506
84.19323875484375,19.577298460717596
85.46502137720344,19.982142474112948
86.356662616535,19.9575495921457
86.23435161994863,20.03754991332212
84.46138358976711,20.00753395090217
84.87350086744716,20.223016450413116
87.94775084081617,20.295959269903598
88.22664802728697,21.037895223805272
89.66395592354115,20.862761890405707
88.28691023432927,20.621057219614123
88.75227211263602,20.68527118652725
87.48239560248885,20.185742382692847
88.63116481230769,20.066554641528064
87.92120746641139,20.03797520226757
89.21372974012817,20.359299236881295
91.38745871531958,20.408034127817718
92.92052096869396,20.608134292486074
92.5650754839637,21.53720990491014
92.52288981606043,22.955346467395408
94.37374668686189,22.274461561860008
94.82251703789822,21.18741743829366
94.95573199363304,21.823390839755636
97.29669324094752,23.11262265138998
98.05297942684639,23.026518002358685
100.1557515290076,23.559632061147084
101.7482860630251,23.907680597126642
101.29732739020886,24.712142393864802
101.06610980623606,24.252906317021544
99.89817203122321,25.610643738546067
99.06720132065242,26.329266391717017
96.46049134442067,27.159298483977913
96.87441016011077,26.289956982677268
99.76414993496611,25.96931849192844
99.23864146050995,29.39983336736041
98.17691092237708,27.25194732225618
97.47450071444997,30.17929358318371
98.31408458687697,27.79452873346167
99.15366845930399,31.140099156668164
99.99325233173099,26.914357559926653
100.83283620415799,30.68811363736543
101.67242007658498,33.25808469685862
102.512003949012,31.951928588084563
103.351587821439,28.601303156183338
104.191171693866,30.361669155890198
105.030755566293,31.318714996905086
105.87033943872001,27.772220699740643
106.70992331114701,26.294614524599467
106.9529946625677,25.822204907836696
109.38858849260566,24.90400506834734
109.25465872817468,26.298668841023492
107.6490476851388,25.889281426375053
106.72728132226446,26.018388089349376
108.5038695408829,27.046633684872212
106.66702715256358,27.560710397661538
105.49799476102741,27.494975290908563
103.61863081394249,27.546277516667665
103.08897798654172,28.599982388278402
103.50684280256442,28.843395556077265
102.35164120478656,27.65785206477416
101.28250250583193,27.809151758425035
101.90495481720838,26.059414284707586
101.57095926224909,26.004692442801264
101.49436931594572,27.234680614588143
103.11910165267031,25.958302192345062
103.46895711038074,25.550652837724453
103.91474660171143,26.740440422827206
103.39109133883912,28.062238102400297
103.07532083862598,26.5048490751411
101.09135941449382,27.579916676695426
101.67245489664313,28.332773916678587
103.15260835936674,28.739419400655372
103.29311668898578,32.23431971113153
103.43362501860481,32.653905591669556
103.57413334822385,35.70095847093575
103.71464167784289,38.058976643783886
103.85515000746193,39.27010067318491
103.99565833708097,40.70006745840428
104.1361666667,40.56347541745699
104.27667499631904,41.12005913730399
104.41718332593808,39.752813164565474
104.55769165555712,38.79085438276178
104.69819998517616,39.522804370829434
102.97619224563401,34.480887589718954
103.08370290323754,38.3364428274326
104.54550114393295,34.847728498394616
106.98541174855085,33.709972919560585
111.09286085403316,32.996267565896936
111.69285637436158,31.92015341943032
112.7790871200847,33.090682670531216
115.21951732321486,34.51576748432635
114.1213701964212,34.79962603115854
115.09415187599537,34.67223867617447
116.9448481332892,36.165681719253605
116.14459241223406,33.93134774142077
117.44018712506329,33.877328037134276
119.29608433943795,32.48498317152306
117.65292407728525,34.74169838114203
116.99041879947397,31.27274963564071
114.95065293354,28.60018219413123
112.61544209535722,30.375586891922545
114.96925332708783,31.667179649875564
116.04294362605737,29.130910645367894
116.92847003765124,27.98774296847617
117.63018490214795,27.988113533537533
118.57317056530206,30.168609403658895
118.57160612513026,28.092619463359508
119.31467633086041,27.80734170725651
119.78052956473545,27.221110544942455
120.29422864530223,26.992919012473838
120.18019481715496,25.798759361342224
119.0769309661137,25.795612258893726
121.2774521070887,26.042771844560615
120.29473244710752,25.801797848476067
121.93703212365254,26.157460335318678
120.55216200599175,24.929150451085288
120.62244774479376,25.754833092368237
118.87040200706853,25.633456175353423
119.7321402161308,25.675171764067557
119.7173447750312,25.492473066709096
120.04959609177585,26.76708363833996
118.57273762216597,28.20059621924416
119.4535821332685,26.63852409884014
119.27590377931945,27.51819787234809
119.54746132465013,29.1127684091501
120.56512116865025,29.033349146621795
119.86982657713331,31.332109780857063
120.94701967282158,32.3483348588219
121.03476761588347,32.54756494784253
122.12411984808212,33.813482931696
121.67372415151968,33.88062844756244
120.84798939748788,32.47937843198058
121.69243559681337,31.912697586870664
120.03653774363296,31.718805578923106
118.38812807728674,31.261167910434175
120.54110689393902,30.944262008958297
120.66117331369753,32.86550572808536
121.6645872504396,33.360956099667916
123.18439397988983,29.215860733609865
122.97848974113691,33.14543823725707
124.52322333392446,33.585454670691256
125.69429811088186,35.327701747605275
126.62292030314198,34.96472399394512
127.68493180504808,36.53349555261201
130.84927902398528,35.70309449843563
130.69480555915985,35.71812594428871
130.81533395757683,37.41026798442293
131.11161046402484,35.26779655918976
133.1873376470628,35.32741845593223
131.98756511001002,36.90288483958289
130.51782471626663,36.347726632823665
132.61940517422386,35.64077626199981
133.7418210849519,34.69010954029741
131.14596283963465,33.58392925314955
132.55208724643165,33.22084577307462
134.45717733204177,33.15864293572833
135.67300456644205,31.29288823086948
133.5455150931665,30.07216451755455
132.41771991928172,29.64650604661511
131.95582652054495,26.793223183873316
132.90539968611495,26.60329210517423
130.41490891295896,25.872166436879194
129.17739611258108,25.019790379361197
130.17985259821882,26.315715758054353
133.10336557519463,25.574178366611324
131.63386626040673,25.968478816515663
131.54478565810783,26.295078797123555
130.68179057354988,26.73298633326148
129.08414738644515,27.72170935683088
129.85711258204154,30.347778033986664
132.62048878748655,30.66453192313884
131.6160050915648,30.180332938906048
129.25041236638884,29.069543192606925
129.58345186504565,28.590890200781587
128.83543156306905,27.510604356596673
126.58412674384067,27.487004634678936
126.34293344304712,26.32911381999044
126.10174014225356,26.96278676534595
125.86054684146,26.168155427486226
125.61935354066645,26.02338201944397
125.3781602398729,27.739885021135727
125.13696693907936,27.31522614535138
124.8957736382858,31.33294095889246
124.65458033749225,28.6042765767756
124.4133870366987,27.984287925163557
124.17219373590514,27.92320184033957
123.93100043511159,30.06211606774432
125.54892547866034,27.138075586205627
127.61577426842659,28.595310339264856
128.49340737704023,31.661233393597172
129.38359800136894,31.584075851440577
131.42285217849818,33.078358214062945
131.7253424044048,30.73989274664628
130.04511615426946,30.63796796265081
129.04883308102075,31.65208830687804
128.1367398381356,28.329741551947883
128.00262974014373,30.354676612307586
127.00881950838388,32.412442108158366
128.16527902889686,31.91677702851342
128.09670895764455,30.843479834040238
127.45269844462403,27.45488939001035
127.71192298498434,26.243887931056648
127.94665983711812,27.135268711033294
126.80044709624913,27.534913096120437
126.68469648137886,28.097503310961486
126.36060036589343,27.844452705104583
127.53640811420725,28.191649533694516
130.10886000261914,27.993112614385392
129.78104007408518,29.15634745372274
130.09296629212116,28.692638924998796
127.52955226227039,31.13366752174684
127.1837240973642,32.11211433197985
126.65722371978363,33.04821159956847
127.12215949529954,32.89741115493043
128.12642139395413,29.8389080874239
129.04027279068515,27.972205980491857
130.2451431865262,27.587042177451057
132.1454217589956,29.177871237807537
132.3237231366643,27.388100614987202
131.6649673041229,27.199204679876235
131.5509020334683,28.168360910487827
130.2354612819724,26.134456755364827
129.18579404397752,25.896185403818862
131.65968176307416,25.945433112940304
131.2216164939509,26.94786256867482
131.16247497657824,26.230274640865066
131.15799406150046,26.93325052302381
134.0771197875606,30.391275215569152
132.89158866428573,31.962204795741712
133.88088912086658,32.04401444182646
133.09534752716104,28.18578367706316
131.819522508066,29.0377056208999
133.0869548151374,33.017363574033155
134.37111018209106,33.2857030718016
137.82167170184508,32.470330159224645
137.98331386478245,34.09387769368062
136.60949848599358,34.478735537967296
136.38495304846947,33.62408059119915
137.21265716604876,32.507019451733605
137.17978086273587,33.42039055298896
138.479365843583,33.437695887390234
140.40581549160035,34.70235318525343
139.24364287655288,34.72245016817647
139.10393762934905,33.93108650657567
138.96423238214518,33.15176609912411
138.82452713494135,33.719310897707146
138.68482188773748,30.059884301063196
138.54511664053365,27.77225204117904
138.40541139332979,26.707894260997982
138.26570614612595,25.62189510712878
138.1260008989221,25.55543743167468
137.98629565171825,25.044793947342665
137.8465904045144,24.061609132284918
137.70688515731055,25.256232575359054
138.03064395146896,25.86398021558537
136.88015846028037,25.656383236513882
140.09556024651295,26.932777967129525
141.91350429875106,27.82972531030304
141.71609055683533,27.205945924623897
141.39053947317814,27.00974959269919
141.27304219886605,26.300013351664482
140.46634889386948,25.59375747977407
140.82933139153025,24.42597306620635
138.92195440549366,24.42622295202284
140.53966193135693,23.355026712199688
141.21382284452898,23.083448521886382
141.07860071719682,21.610373655924533
139.1160785695344,21.553527779719115
138.9225976748129,23.12688671924837
136.06724115152693,22.212966314393583
138.51766255443926,24.628388251866706
141.24279588071144,24.968616815517706
140.8095673320271,24.948130142869278
144.2579642391727,23.316164330002955
143.8248574731534,22.35300120969194
143.9004944080029,23.11537645180443
142.42479684022751,23.61977251075829
144.43111325324153,23.76496725330775
144.7982095539161,24.806359378693628
143.16166965670925,25.11260016283919
143.05438909066473,26.476012932684526
141.29767658715392,25.6605706428123
142.13633725429145,25.226744721308084
143.27229369993546,25.86571800135247
142.05303833415562,26.202825753652203
142.70467388778388,26.477767562996423
141.6230907646917,30.686625213181546
141.4032981819159,27.28936005574403
141.0297689692587,28.54694062868798
141.979398034153,28.08775691431435
145.22342641363036,27.582472399091
142.86456661871486,26.362930581170406
141.1405706634674,26.8069410397694
143.16094863817142,27.130593705361342
143.11077560422493,27.187202863431235
144.71300148597703,29.030252346236573
146.93486908679105,31.65503477854129
147.5844471868433,33.05458656634065
149.41975735303507,31.619067826735467
151.22728802701513,33.31874792586673
149.29832162327074,32.629721589891496
150.62352469412045,32.39665623681318
150.56940557496463,33.07376593317857
150.00107925682985,30.792267972062746
149.93672234837803,30.243760900443927
149.95145979788705,31.329874720228865
149.78647870103694,30.52932501022308
150.70422053899094,27.60575674672462
149.8298369250528,27.34135271847072
151.75281447780333,32.16102159858279
152.29870912828844,34.29684100559781
151.80549499306204,35.667225729987145
150.8205354925054,35.31362653206067
152.1734087354487,33.94655444616612
150.59281539751095,32.17076923308396
151.5171610954242,34.00810037355024
150.26366715847215,35.680214887265784
151.5033785231335,34.93449256008604
150.54108043864375,38.45071999109454
151.46265251489135,38.469401046790324
150.38934324109965,36.132908038552515
150.7755587731273,35.41560683505556
150.66793911614172,36.876768481776686
150.85465660058745,38.1352190587957
150.53615951522244,39.433294958851164
152.646652452992,39.37598066423004
153.0073118400227,37.21598915814309
152.42882118497548,38.14195760074903
150.59184092914728,40.267123411846704
150.39846224935621,39.50360948511225
150.46282755141752,41.00452604859406
149.17590235957874,41.84830626786731
146.76907785566033,40.95200755751005
147.68155131288168,41.35815550871113
146.473617383588,40.91819931659583
145.22538569131225,41.78923804469508
146.394375739512,42.96947023574308
144.39889792963646,42.64384557902618
144.54390053284664,39.592182775226945
146.22315076914936,35.791255302271686
148.64935647766893,33.264350449909244
146.60396757027382,34.17703897159806
148.0306524994301,32.91475223132332
147.0015483986739,33.63794067007018
146.92407523890307,34.09819195185448
146.41758248014796,34.09638658268242
146.95473813010935,33.089211297146214
145.03347181398655,33.162044618336914
146.16580781922144,33.360394798873685
145.05591527801812,34.572497542047536
145.91475161615668,37.487755048853
144.91706290128172,39.526393306527005
142.22356117266494,39.96377149100573
144.35638508152695,41.79302154431608
144.01779381584535,40.63953856919501
142.95098664792857,36.92233847905239
142.23204679521146,40.63602204453095
141.94498955876477,39.76197116606445
141.4319787008527,41.70779613307114
141.7724893182956,40.04513194738848
143.32705368830128,35.965639883067624
144.39391680457751,37.22741420308123
142.50294381970906,38.96326922074728
142.99253650301404,39.14008447873395
142.24684911775532,40.22149537217785
141.0026850791693,39.26435119972499
140.13308645208258,36.91856884361468
141.18624210204578,36.08394423668503
139.69802257540152,40.113834380439116
139.07563279801278,39.29571567602055
139.04824295600167,41.24644254359353
140.6784216191005,39.127450567612925
140.3871996927714,38.86621586860309
139.21569779773498,37.79033690052721
139.51599401640829,40.86121107626797
140.67967893006406,39.5595969653572
142.78011948049726,37.24713005065914
142.92203260903526,39.26715771051059
143.8662742415262,37.812822005124204
143.24035165748992,39.5708854580206
142.0584534028287,39.28416124075273
140.19497816082293,40.948163445243495
139.50444029233012,40.25440140866527
136.34797164606672,41.86400555046987
135.63014708866316,43.427517190134076
135.08790083823038,40.65816040621403
135.63476426325866,35.718179511787966
135.39971715240785,35.970568109153525
133.37845386191972,35.00320611782072
131.69459110913454,34.14584467017705
130.71718043235336,33.00792399243243
131.29504866088246,33.236788916457705
132.0414820699077,33.08410721410264
131.82016443437112,31.920476220086318
131.5857401636206,32.61418995871161
132.26705505533565,35.96505871446903
131.21210420262605,35.328586836893315
130.3731393777627,34.19216551220916
129.6226239581009,34.97849164557808
130.16957282446776,35.06456552211005
131.2828680234591,35.95885754485808
129.66361062058064,34.86098730237308
129.31385804484248,33.78470910424926
128.7614769590124,32.56688278787303
128.87474475713714,34.20368544967549
129.69227680483067,34.11986517121638
130.0364745138145,33.52654702219506
131.4332206010826,32.658737597027354
133.0371664180041,33.90851863641306
133.03574143903444,29.223549950971115
133.42403163223008,28.74862461037456
132.1716555696774,28.22304826114321
130.34243843763107,26.813875372673323
131.29199724474913,25.38839527011408
130.11986954838773,25.595096922805645
130.74428214058227,25.766158914787542
129.34341383599883,27.472949347387253
128.21103662111082,29.221673834426028
125.80106721321653,30.804220381685436
125.70560046068844,32.51305341567685
127.86325962233194,34.64126848209308
126.10666504854848,35.86616849870747
127.3739466142588,35.54961127802514
128.12563654374821,35.785651454502634
125.50553883332157,36.522292305646864
124.36236117404749,38.12672969875275
124.1502492208289,35.9611762562397
123.39107812350875,35.99521975456537
120.73501574712583,35.392990257719454
118.9649806570281,33.19426385894454
120.04376808647712,33.16801559125421
116.77960078229243,33.51456271932882
116.72334532600365,32.01675388129254
117.3035718099918,30.811124567532374
116.69177598367403,33.45327115803863
117.03118205916847,34.40958226324076
117.80404617306384,35.339499836051054
117.8807861748693,35.835755318409575
119.28256459973552,38.08723101642039
118.79616344419345,41.8141316516262
117.28163481431967,42.58536924954078
116.12230467373611,42.867940937622365
113.70418055177764,42.73002515729822
112.97994803613885,43.71672069927823
114.26404290099,44.36640830879138
115.00456467783707,43.32878061732021
113.82084694530951,43.58345585590482
113.45824936871273,43.20548767133498
112.65270280241127,43.88723227641231
113.12491555772137,44.93841554025066
113.24447940959045,45.76133371653274
114.09631994985092,46.22916661595499
114.15244042984982,46.17824422130673
113.0327577995979,47.237840863184665
112.5562035221891,47.78147230958936
111.6669257450539,51.45049103633196
111.3414719034451,53.020238167752964
110.98870687195212,50.27303035280535
112.09783709552916,53.23948652409744
110.8426653979661,52.30109202001216
113.93315676937749,55.87083911273306
113.74319995133682,54.135762113892575
114.68083741740219,52.687596324324296
114.3782412274048,52.32389029904812
111.46204168880818,52.735029812444004
114.92444522521699,51.382273863340316
116.49262933073601,51.57476995221857
116.19133136045541,48.6584861883113
117.15105103389381,51.61567182889758
118.7911677793871,53.83624635048273
119.97676944093479,51.751339559134856
121.6504993802828,51.64111559104361
120.02876169319727,51.649534172025646
118.59025711502649,49.7606512715286
119.0338075298792,49.92608983620582
121.24130089915813,48.74167801375904
121.85075402416072,47.7347341040216
121.76808650536435,47.48116620332138
119.78906285651394,49.2113972096536
119.99617492346277,47.771852732087694
120.30384462130495,46.25828557706472
120.809317470978,50.13035428444255
121.15265716241949,51.30284227511589
121.29399170905451,51.77747334358961
120.83987491896592,53.26637466095023
120.38575812887734,54.0012780822879
119.93164133878875,54.368856741322595
119.47752454870016,54.38651999528395
119.02340775861157,54.13318147265831
118.56929096852299,53.32881455388369
118.1151741784344,54.572391794261726
117.66105738834581,56.193318433968656
117.20694059825722,58.97795878228934
116.75282380816864,59.854259017107246
116.29870701808005,61.23008222665237
116.71202819535107,61.633865885921544
118.92732179584587,62.276579207567195
118.6977146287029,62.177357668609865
117.8609747817097,65.22750252773008
118.26912204032419,65.74109985821225
117.28756161484473,62.25779214728829
117.6492527303991,62.19079723590513
118.87738823607471,64.98832593543202
116.240312529305,65.51305624144953
115.43393880962604,65.01013487520426
119.81526533779906,65.26781755051412
119.05405401932208,64.00440541003077
120.15198688284293,66.108269695289
119.32848016148358,66.00775506317926
118.5067404106207,65.52574867159404
118.04516390598086,64.54779213655429
118.20824256036032,63.0739554577081
117.75823182232378,60.171032354757585
117.49241327028676,61.085993329543484
117.35021520973777,61.17757878258664
115.84724792373945,60.60811601556306
113.85166677494811,59.962798986370466
111.93419936316019,59.009630350142714
112.89689083538416,59.50426254363939
114.4836017589777,59.51304162151837
115.2596983081531,59.134246990400214
116.29542859674662,60.82126663227445
116.93647265876585,60.00455049611039
115.58055115935291,57.558416794096466
113.96529637105009,57.210307358752004
111.16713428718062,58.17389917344525
113.18547279508357,58.89426440708493
112.00235958942383,57.64763246820828
112.4219507045418,58.12008344998757
113.7049090228846,57.904653535179996
111.89817580974368,58.813730611353
109.98461177862828,57.728863451004436
109.04877951965045,55.3363295136419
107.64803038363813,55.200961651542045
109.68251462594979,55.822543049682935
111.31304643257131,55.74744408770629
109.65744282135337,56.68925029315031
107.56926120047538,56.86764009413835
106.76765856122684,55.289405882539704
104.68930514064115,57.955133539987415
104.81710616127951,56.732321840967806
104.82496516944185,57.338167996747785
105.60705976958029,57.18134042015498
106.05468052159178,57.18876045173735
106.50570221547369,57.01268694916044
107.70840632223461,57.5397440378702
109.44088198967141,58.96535316083644
109.50187392957874,60.13114394363958
109.55095502191972,62.443394125165256
109.01753113104964,60.84981651072487
108.71756401171841,58.72192090452679
109.94447332601473,60.155881801837275
107.12999618656927,60.2141896458716
107.04063465298587,62.910354137781106
107.48127831726592,62.99650012135683
106.99833612970932,64.2625962546302
106.1780768907569,65.69854686263163
107.14589878637257,66.81096427204508
104.56650071102904,65.66919978683676
102.93068670721851,65.62863150098337
102.3219580484231,67.1122356130235
100.6114908452996,67.46624491613147
101.33881629530273,68.66943302976708
101.77509743064851,69.58059527653643
102.86340098066307,69.58500939527347
101.85796173157927,68.44846491438422
99.07228227574502,68.45684701683112
98.64187970890971,67.7994866344931
99.13928720265454,67.12460755467373
99.63669469639937,68.77026740171306
100.1341021901442,67.28128878341397
100.63150968388904,68.60439965315771
101.12891717763387,69.5449606077392
101.62632467137871,69.70755169465582
102.12373216512354,67.99614413702903
102.62113965886837,68.73314380724912
103.1185471526132,68.69309124012462
103.61595464635803,66.87857646474907
104.11336214010286,68.54263728987952
105.75897751224772,67.70607113207467
106.70321481735336,67.37614045726929
108.21376506595276,67.8543108044734
107.89483750653378,68.68540198280792
109.82465019273035,67.7899889321327
110.15917093617999,70.08168985874738
111.93097203637376,70.08494714050563
114.21412422567914,69.02163423101823
113.43186278619852,67.11266544845311
114.75171377120984,66.35698040387312
112.53149699458415,63.083217697198556
112.74318070176922,63.200231652058974
113.42530447487361,65.0858399193155
114.55078641162474,64.72773331707641
113.45186663451068,66.69162912344021
113.02309248411316,66.82168011792048
118.19844031577544,66.91249156481982
119.12375610194954,66.20143586810651
120.12730534993727,66.48441213911273
121.0613372103535,66.65588371441491
122.1597698998003,69.27375792115426
120.56559986584529,69.35125518151321
118.73873363232,70.57267054309527
119.47679956180517,69.88728475172907
117.32053970056164,70.70737680669502
117.35828268317452,70.721124594465
115.78079294850154,71.12334267446225
115.3177493771928,70.11635490705325
113.68009455544393,70.7737810349046
113.9302312780539,72.25756110074438
116.1851997913037,71.99288889088791
117.42078106474308,72.0168807639265
117.00616765647841,72.57259998249936
116.1638028146394,73.12064338910982
117.53302007359325,72.7711831724825
116.33148637868878,73.63378961246681
117.12912051782953,73.97430372029035
117.22275350727837,74.78639643993071
118.00428836969924,75.28316133480945
118.13488059327112,73.90062311177967
117.49479780595514,72.66355332607277
118.40379807905585,74.9005549322662
117.95613633461048,72.91058702865087
118.73732938819889,72.98767782941562
119.01244043070169,75.18290818724468
120.05771940396413,74.97749300655998
119.89253623949229,75.46702384079796
120.57084716201584,77.72630637088038
122.6318676676729,77.59363519483189
120.8696229244008,79.28702396888669
120.5929621745466,79.89408049102764
121.33030246282293,78.29984107032095
122.97087044548323,77.75017232924208
123.97540999472022,77.05195559344801
123.4121520115311,77.51132969403666
124.06182442514286,76.2202775611891
121.48218060590051,78.83460988250354
123.39976213882751,78.16616568319014
122.51582883520003,77.31693033149779
125.07423050968458,79.6334794271198
127.04046261815793,81.21070074273068
127.05655031233941,80.55731678971065
126.46456260398709,82.21524757142282
125.78350708768828,81.5758983143756
125.518512777515,79.91300938963933
126.61949865330509,79.82368586145493
125.8900128520689,79.59692306076936
124.75196846455424,80.87664158094616
127.3605494402152,82.15639427618775
126.46547688622904,81.57088330353385
125.18233378725718,82.73553091802589
121.77497762271096,83.3647142591754
123.51558954895445,82.98381470186446
123.36496373764723,83.95618953412671
124.32275665943683,84.06347816486831
125.93408824855508,84.51438624217275
127.51813199785143,84.09229898842173
126.64055111890762,84.04294617249933
126.9623578005981,84.26756934614404
126.81658832110516,84.18652705964385
127.57454309142985,84.72493579161274
129.540024871407,83.91983468785844
130.42219947718488,84.43092912016323
129.68544946386655,84.29778516283372
129.8967074358238,84.17244267483726
128.54573015361578,85.1558324510745
127.05499415161954,84.17686688241518
126.79173479043173,84.08958362145222
127.2720649519453,83.38467756146385
127.55307760222487,83.58670998521728
128.8573337630573,80.97776969005209
130.15513162259415,82.91232226198427
129.17655195492094,83.9098479410309
131.38412288903297,84.13149310397215
130.04307546391303,82.77127388432889
129.77384437171722,82.80611280048386
131.19005140518857,82.52206060155147
132.13811680274497,81.88275813695165
132.4594306570706,80.71044868060243
129.24447177050993,81.0048470050051
127.54623451649985,80.7207444812939
127.20103919999858,78.86003509860585
127.02358938376925,77.75958997130736
127.44910182777649,73.29162515641616
128.27606210294869,73.75914867664619
129.68079328334213,73.9013334126713
128.8152624325876,72.6410217121742
130.97393761663216,74.03451383536054
133.48874949019267,72.92717059466212
133.33738801499157,74.3083382766769
131.78181467611134,75.28061937021315
130.69542734532666,73.73650174542838
133.04580607595386,73.68024088638292
130.66904607252286,75.10563333875807
131.6528059844864,73.55974377289552
130.06372758207777,75.53203322469075
131.7610451897688,73.11625151376602
133.89636759444005,73.06676246792189
133.61425632446782,72.86149917067686
135.62183337538602,72.68242947945156
135.75186002584118,73.35772241821581
137.08242228234283,74.00798453374037
136.194548485154,75.00501036876842
135.64796051618765,72.74275819911229
136.27673840679375,72.96767103161118
135.32304692874771,72.19447270676307
138.42140369607543,73.9531357464198
137.22172318417205,73.67378115445031
136.67825348283642,71.97946070062359
136.02021214129257,71.88118481943161
135.44936460134383,71.88281399830973
135.25177298302074,71.84338514646043
135.10777582989957,71.2183601421752
137.49856115984286,71.23348081017404
136.60261296618978,72.22174960822943
136.32971046445223,72.91371747862922
137.06615639321043,72.64018263140213
138.46721309610646,73.23033226531115
136.10584055502363,73.08433204654659
135.31259357239006,74.89787004786437
135.568864356955,72.85789109518653
136.15415285821138,72.9933652727825
134.54319867550274,73.76592411873338
134.73000464981783,72.98265153455543
136.12688704423869,72.33381881843043
137.05468812025626,72.37765592758868
138.67501425613847,72.35297704122966
138.19718045845738,71.55182121245197
138.57971517863578,71.80476187398891
137.36772080818383,71.2691860831148
136.68853894300736,70.90290534816319
138.49297329920634,71.01427150571708
139.07844908859997,70.8596512564371
139.64393137539608,71.25755497713929
139.4411156936196,70.21501464444145
139.98834680821673,71.28929226668882
141.00493530266655,72.23487659151598
142.8624030516536,72.32538649958438
145.1030673957629,72.30541346031485
144.81374363378362,72.24384783833744
143.84601106211565,72.62328120224453
141.98255268605897,72.57420182571356
141.68374270255472,72.05244228376229
142.69658393320475,71.86331974855933
140.81406135270228,71.95977462246877
141.86569259427372,70.85327972515788
140.56688226349837,67.95795847580779
138.51098070953037,67.33415020562668
139.4289378859086,67.91584947682217
137.9844311738707,67.94437328505128
138.12887676612047,68.97009072565179
138.92887382055497,69.88985258809237
141.99844014469446,68.94981168584933
139.5315574802223,67.97206502695194
141.99722253093213,68.20718811836977
140.925515187468,68.0860347219815
140.17474649469767,70.23503211559144
138.0602807136748,68.21803058655918
137.77261565557382,68.92676026635559
137.65096974118023,68.5554536336784
138.99547194630412,66.34217131377449
137.91972662297195,67.53169684296957
138.50384857901494,64.00091893990695
137.50345441928673,63.54485861811901
139.0249868299165,64.13677172133865
137.36027876065148,65.39087919154464
136.26658324288877,63.62927199041131
135.5738456894174,63.594750200856716
135.70343092364595,62.625632658765234
134.88143750851253,64.85974858702498
134.5816021328096,67.8929143647643
135.5959444009302,68.22537107755474
135.16005352815867,67.32849481479582
137.25399934717132,67.80644046753743
136.2479951694244,66.38476990842999
135.3491214602734,64.76202974199151
135.23709531165335,65.68047007252805
136.00577670243553,70.52750049777542
136.5851971863533,69.92391390433754
133.13327667856572,70.89600395136303
134.54363384766285,70.85860955397581
136.26114891557094,72.09620613947584
135.35852666570008,72.58651185067795
134.86519668259098,72.77695005501567
134.62906905982572,73.70091297901806
133.49436406451687,77.37600988646703
131.6403496187009,78.80803898646273
131.94676621364658,78.50166105916443
132.38567458015334,79.77690117020803
134.93597926074537,81.22535460099074
135.52197318103447,82.03365921184793
136.10031909964448,80.99692981424387
135.10306926207076,82.3112193386088
133.52503260836772,80.86948199606559
135.17245712511942,81.20203016719734
135.22056331120362,83.08667823060117
135.32022559816912,82.24015783224547
137.26992286083862,83.23402965014618
135.84826320599583,84.58734178922744
135.70449800545737,85.33594941266361
135.13381425299485,85.65820332695488
133.16144176389577,85.22486357194423
132.45919015169494,85.55766253834986
132.45283450984695,85.92907454696137
131.1606549990312,86.06214776355341
132.25461758852927,85.60682696867514
130.81337405279004,85.59257005240796
130.8261880177083,85.3975683515874
131.0684454826944,84.69130485111239
131.31070294768045,84.44878606317494
131.55296041266655,85.27967923067561
131.79521787765265,84.85530386239076
132.03747534263871,85.2531735741155
132.2797328076248,83.46559944630856
132.52199027261088,85.06030149411554
132.76424773759697,85.11205599002211
133.00650520258307,84.39821987885712
133.24876266756914,84.55429822909159
133.49102013255524,84.77228737512395
133.25072560097263,82.97161529200311
135.35493699266615,82.57649850478825
135.21119698582376,81.86481789331151
134.176313264928,81.56517024125739
131.66146346455338,83.13589619954095
132.36929855629242,84.07725612690405
131.23218138543777,83.60768128488368
133.43815555730885,84.44891000584187
134.5242289939007,84.73146441013408
133.5264712462258,85.24048221027927
133.9181965201711,85.3632255606074
132.99272866459475,85.37375866136875
134.451608614189,85.3856723799577
133.73848871325058,83.25431493660362
134.51973216970669,84.27978907052
138.003921321115,83.11995866588991
136.42829455126008,80.23238514701218
137.02756653686046,78.38060052924644
137.86373457886032,77.90386620402973
137.43436018313213,77.99994645684579
136.33942216004712,81.18568993120286
137.1404182623271,82.82414015664912
138.76998227848455,81.65924945523638
138.99340120865534,82.86567372778447
139.21682013882614,81.66647140345167
139.44023906899693,82.56724995590203
139.66365799916773,85.04760957986916
139.88707692933852,83.06081868453069
140.1104958595093,84.70110454371276
140.3339147896801,84.58488945035504
140.5573337198509,83.78714451939528
140.7807526500217,80.62472259228798
141.0041715801925,80.9875282912328
141.22759051036329,78.5378469522052
142.70466054162713,77.05102894292166
143.83336686487092,75.83965528206821
143.95421267158594,77.59078570796716
143.09479804721894,75.86462236201375
142.57104618700615,76.77502449143587
142.06682543337104,77.62036066859757
138.1232140542515,77.41531028261294
139.97874876808575,78.61101519637288
141.16300815097475,79.43488670829909
142.79045338072123,81.93811356407002
142.5883890824838,83.28962902420304
142.06422565627454,84.03096360053294
142.5804570100805,85.24453670132915
140.0176144907193,84.75629466255704
140.5216895998452,85.3095176991846
140.10406637969677,85.0419029469684
135.13044974248263,85.12477992768046
136.25413295718494,84.46386857821437
137.87472827081186,84.3456978545342
139.42393047529902,84.51860353350907
138.73551068160924,85.66575543973329
137.44439883735333,85.18646631577062
140.74967484411474,85.12896353492452
141.59659622495047,84.59950030783551
143.06835026381881,84.7409330946171
140.95396188483156,85.43929094213973
141.89326551889596,85.21503301960271
141.6590371859173,84.60045019146042
142.06928561927245,84.79049439842478
143.02839372910955,83.4145316851983
140.12574091850973,81.85675806437952
141.41382242291832,82.76242236296402
142.73811400756753,82.67912550665885
140.92017634611895,80.38018860612821
141.46380703424808,79.60701061970522
139.31027916801372,80.08014673444998
138.66655468506588,77.24985102249498
137.08786617867062,77.50817223483597
139.98668433128572,77.99025123048648
136.95603681285215,78.37198760474338
135.81133578717518,79.23594583133335
135.203740067102,79.61980944291408
135.48562029573444,80.28909154911729
136.07462761810075,81.40291495557476
136.71827433013146,83.36272729715796
136.73608455662458,83.082561548976
134.59025101314597,82.92922555219883
133.78929672653862,81.42429547795648
132.38753102775866,81.23816331850075
131.75704888281786,82.15836282098286
133.97495575127374,84.02743814091951
133.233797654315,83.42916465703894
134.02859855464968,84.12980926423263
131.7643941763654,83.39606308972412
131.58975067617015,84.17438753059518
133.0163872367867,84.85356016281222
133.45463698533086,83.99538095569018
134.2126492485615,84.23520383028198
130.65061137753437,83.4094092152363
130.14447456545795,83.8873743207039
130.97493007521584,83.94769069686643
128.9096326966792,83.9478016784029
129.65110430996745,84.49154329437681
131.44346897401846,84.35324391309065
130.77492880748102,83.7500493971921
131.32774264965042,83.52790208438279
132.0388203611113,83.44017731693343
133.71158769937657,83.89837192595867
131.92809116572948,84.01407040047313
130.23917362010872,84.05626209615059
130.5124576927407,82.82922515201578
131.29063273403068,82.86441230382817
133.00709067929182,83.13880192130605
133.0974844785746,82.23831611683028
133.18787827785738,82.15829696994808
133.27827207714014,82.13753502918073
133.36866587642294,81.1992527153687
133.4590596757057,82.02488013041734
133.5494534749885,82.59014900070862
133.63984727427126,81.55636767012079
133.73024107355405,80.99007623349071
133.82063487283682,80.80490976338196
133.9110286721196,80.00603802360375
134.00142247140238,81.41606470947168
134.50716980735388,80.95348025220531
133.79863475599709,82.33205803870223
133.57202044855657,81.84493969409384
133.08800410455365,82.80664297782057
133.04818847680582,82.3620223478419
132.59174857492482,83.3653191660757
132.24123938529164,82.53494777753177
130.94765094780158,81.66252884611355
129.64115900534884,82.58675087004269
130.27543524331082,81.18602216511378
130.09688336235465,82.56934889057807
128.44755624951694,84.18470772554038
129.4584291110383,82.28321904187996
130.2571592288169,82.54981847632004
130.97845639200617,82.74081099966484
130.1692910497602,82.52185461562127
128.4356190801906,83.55977580372141
128.53523066257688,84.21235449991366
125.42130046164812,83.13115905911374
124.8107651096811,83.3865495652104
124.90385468249322,83.98068412230815
123.01790728518179,84.47406482405829
123.54796457991098,83.6435462602952
125.31963023634634,83.41397758419504
124.73150454184098,82.68157811404954
124.4917277729925,83.07442056379243
123.86978509253743,84.04718936869547
122.45713610413188,83.06535085704795
120.41994708956115,82.25548130959567
117.12555752294864,82.518091030717
115.4118299117936,81.61260501507171
115.1304725930784,82.28168322458714
114.34462323570841,83.17941461217322
112.91177846254256,82.33044576502621
113.52616995656122,80.57458418706234
108.89566760562248,79.27378290687456
109.84532315992398,79.00084291293716
110.84766377378112,80.10286975159525
108.69335975949777,78.95143864408702
108.834075561863,79.84424312013155
110.62720170009524,79.1193992939422
109.85829888206482,79.03737973965458
108.96407661651621,78.51823479218972
110.05234624498907,80.99643880172438
109.91242486948244,80.72863918131615
113.09445212082206,80.83196446640387
111.77443967395479,81.48482843278583
111.91114334209286,80.421669782446
110.90132469456762,79.88610062552144
108.65180370228975,77.42254432958916
108.37336768670662,77.16313125271944
107.6749822415725,78.14204273806666
107.08758872711526,78.34555874984439
106.15383607282251,76.01691126382254
103.67192991911716,75.53157432736657
101.15288269023438,74.10059531979766
102.96198798443383,75.789381534155
102.55378744924913,75.12572501634571
103.25002011038724,77.65046421894121
100.1184445486467,77.76317218379772
101.72752425122725,76.75371584581481
101.2420882439455,74.45802220453871
101.0301360436715,73.03975592440348
101.21354985433722,72.80133813265427
102.11671692772416,72.09819622721176
103.9231968508642,72.03407402551044
103.667445618247,72.29242138502872
104.33761367443333,71.15712735065797
104.5589172056721,72.25364110866477
103.28654873798737,71.07778252667288
101.04144191545565,71.47871031855955
101.13702832046071,71.08183237251326
101.57538073773884,70.63487401082841
100.79923587014356,74.55843514374273
102.1138191985658,75.06190538656608
105.39963442565657,75.1225259181062
104.63760645684184,75.06421504434249
105.7827564212237,74.29821537424472
104.18386824466114,75.57718247526078
104.96131811951213,74.32847058446845
108.6440912837807,73.5170468836268
108.96155136428199,75.26409128972668
106.38216833891407,78.29448601643686
108.28437015437036,77.4511340551201
107.81325916834962,77.04959549507424
107.46561181245086,73.75304904839825
106.38036125861014,75.0036464673905
106.60120417326199,76.41783855700922
104.49914196340677,76.34060322342566
103.08647436758676,77.16036005619608
103.92547204655085,77.69793616766144
104.90448076093469,76.80731385032392
102.96966232597501,73.58367889385978
101.93476922053053,75.29923419123081
102.16476721199975,75.5146278647112
103.81979739013,73.56967075731866
104.74476315871242,73.90310804766078
103.77559224404835,74.67037588954152
103.6906888737187,71.69950498323672
103.85646936546604,71.94151847791376
104.47650591718673,71.10683020096847
101.42864103464015,70.94253993863673
99.89324969278893,71.86476225960536
97.55660083160531,70.52524895513005
98.41856295348396,70.90803476171362
98.73951999075418,72.1916040509565
98.45180055511535,72.86769211576484
98.33795003623892,73.02337129249315
100.48254863971616,72.28511617726419
102.06244266488491,72.37142830528401
106.29231442273773,71.69264986120766
107.10320313821131,71.75438182391073
105.06209282494302,73.01629304633938
102.4347043847684,74.95125540675194
101.93093618254565,74.55642155198638
102.12105396073319,73.73451592819421
102.14994630901134,75.04425127158119
103.47011430710647,73.60869287533266
102.34419312644737,73.73625679245333
103.81960612405932,72.37557147426642
105.45572849201548,75.85095855701695
105.77308715072596,77.3977221207993
106.09044580943643,78.36142731784702
106.4078044681469,77.04173929534767
106.72516312685738,79.3809453596423
107.04252178556786,79.5896184466347
107.35988044427833,79.42010092193038
107.6772391029888,78.2976286703514
107.99459776169928,77.53033808476815
108.31195642040976,78.97526946257365
108.62931507912023,80.22423419351743
108.94667373783071,78.9388892901399
108.93113953482383,78.85580020716758
110.11451205990588,78.79901727994368
109.48270011504864,76.60216896955461
110.20430627283554,77.60319023595761
112.55254499710315,78.77631050668221
108.19520923331427,80.15778184383282
106.21045844189064,82.05056855004368
107.76715734609763,83.60479661710121
107.52898283870297,82.74343837243454
106.62214576978216,83.02770114198661
105.22639609257587,84.21282307243246
107.03273922619009,83.097915778194
109.92548507685107,84.56010915089924
107.35530804365938,84.22443738989125
109.16815241822862,85.15701029255509
110.00507334652247,85.11506884080121
110.81383433105734,85.16733079869465
108.58112242371668,85.18642456557122
109.30541525570732,85.0230928992343
111.14685315172903,85.04448060899576
110.57455265799744,84.37308798863127
109.02751011909463,85.03887091492003
109.09539412611556,84.44452691640215
107.90659589364182,84.36956859847226
110.29346814989339,84.43460870170429
109.14222892766783,84.39136053148368
109.87246610559043,84.16287667732462
109.84319415150138,83.97845703285253
109.18814303364842,84.58587603919827
109.26372692099459,82.57981834338236
105.78754634276004,82.69355564826078
104.75624747569815,80.03170933919631
105.11237003898552,77.26542982483815
106.79411867048336,77.52117159191924
109.5270319841389,78.87771532376192
110.69660823087804,76.73441849055838
109.8083437978555,76.3851366126411
109.49939947942973,76.36194174809658
108.8074610812931,75.7648463069095
108.54040259450434,75.79612361218429
108.65166467396898,77.39578589666029
107.5433450272562,74.69402626845026
108.31033270781644,74.89972175917998
108.82229334540426,72.56812997283497
111.30341671889052,71.94402353726862
111.6967540536243,71.95093264816207
108.14221637370959,71.09602944272594
105.51679290157438,71.46767245347522
105.68878236658043,71.06823885823523
106.69523261971649,71.72923967474541
109.02839852085866,71.71510823005529
109.23095190263183,71.08457861488938
107.93090276884693,70.44943004592268
107.54907641573224,70.80277367140359
111.20357772701024,71.09799225586586
108.61596978811079,69.93064692531081
108.87190194938223,69.53520324570079
108.18450417745305,67.87262250188594
109.17875104479572,69.43744464116281
111.26933446137663,67.66629714357632
109.19752363654133,69.50512592848409
110.1092273499226,70.56004690664189
108.3544533893768,70.76954472027445
109.7021918754516,67.78952247986531
112.82409292687007,67.74543414733938
113.51122018811193,67.76807410004757
113.00649812395767,66.52820460254054
114.13680773477319,67.14444712300642
112.77347713871238,66.75373407561297
113.40159770044382,67.67100950841707
113.28069743532025,68.79246816136954
112.02990311513263,69.97387652413884
112.6371875206928,70.1288596481668
114.3807493307091,70.3893717154261
114.76130411511045,70.53407118710574
114.81744392457999,70.31431317852294
116.5044926193756,70.20620006570458
114.98204118182845,69.82784981100632
117.08175317839786,69.56641175106519
118.2800671308611,70.91996791902733
118.72651680075965,71.17360609560285
119.06560789824952,71.12902856574055
118.17827791310481,71.7669943920948
116.93572309052485,71.87071497540683
115.23172876940798,71.88889171419024
116.11151016740396,70.92266480360996
117.61262950032895,70.60235958547919
118.50328657945865,70.21031753597757
119.81029452317833,70.82340918170175
117.5068086878398,70.94732248223377
119.92335574404822,70.5051638680068
117.9473742346766,70.1291354367417
118.92142188385651,70.46331547949254
120.11230098780625,70.46228025384805
120.26835227840213,69.92308067321778
120.86784212368336,69.78614217750467
123.01905279463476,69.47814717086358
121.56412033225138,69.69558919968492
120.1542788939232,67.75229268710312
119.50793572048242,67.04979840790757
119.7482769621484,66.70803975319699
118.07345530089296,67.11946624494252
119.58429392951543,66.3869828409338
118.70466171889751,64.37758031914836
121.06890333330617,62.016844251987564
120.12196821891251,60.84650722744446
121.89293293225722,60.42120369273161
121.19775357539537,60.5098216124085
122.17828107909472,60.122174490600635
123.44197874486663,58.02227178280606
123.1571299954659,59.03944567618235
123.91465355129328,57.25116489817544
123.33711217741866,59.82101605878633
122.75171001379383,58.708022454214465
123.71089257603944,58.877258903924066
124.60679720904764,54.78811485015339
124.73784055829546,52.21172583058817
127.2532037581806,52.49201535160911
127.54962976115362,55.34814815697386
127.95458477094304,55.01032772537272
126.8761902577368,56.25894297374162
127.01018041461282,54.45013794045019
127.55050444823375,55.15086988287276
128.43261091327878,55.90458720712467
127.72305108662582,53.58293357236019
128.33491323783633,48.672464536881975
127.649878789104,51.268501872349844
126.3393346058476,53.97235393774284
125.42742057222681,50.23099215545102
123.44670855136711,47.4145585486409
124.39698107668121,48.37097696180777
124.96154442357013,48.96564457923623
124.24611710198307,50.259509352651015
122.12834127659023,49.5471539164556
122.41552666343125,48.68309849605138
122.63920148672713,47.85827647129256
121.29269492761904,48.74008106365908
119.2674533385214,46.51596218654085
118.27645465973211,47.25178147812841
117.73910265402309,46.37931137787619
115.28840869251373,46.28947398740291
114.50103738782119,46.18399518786374
113.70800263567152,45.18661077682607
112.10648626935013,44.96930078143957
113.4105869299042,43.80429149443185
112.5108810463897,44.80906447084425
112.47171506857175,45.20288697757281
112.96542221890068,42.78628951997713
114.05135326023027,42.014776354219684
113.80223114789612,44.21513053984291
114.64045493989482,41.966411607616266
113.39429217200131,41.17718260626136
113.83733174671686,41.34728648262358
114.54044712622672,41.48663347115954
111.24825384995324,44.15956733167181
110.24293523282397,43.84887464867682
110.5749808935738,44.153046192530425
110.30919928879585,43.58629424637666
110.16033583038107,44.31729311097668
109.65135352148783,44.436271707471484
111.47902651368058,43.76581402073977
112.16519879679977,42.24185263134854
110.47305683389351,42.480160744639086
111.01274547312623,40.711582719829345
109.33804393447903,39.997962022993796
109.13530776369885,39.53602886864789
107.14997340669446,37.35006285481928
106.01907110039504,35.76704137242399
105.87658438571091,35.10774177145689
106.05512640208111,34.78720116097343
108.47002029931298,34.7859761808544
109.11410957430287,34.73822752654356
111.33790775053791,33.22107948153324
110.21792783913409,32.41984216095762
109.50903858054382,32.62876386434028
108.45320712116924,30.915502123407485
109.78949914770784,30.835113220252524
108.91816835863588,30.330982180187085
109.13121084794922,29.31117928453235
108.30493382951654,28.64435020711896
106.6713493036845,29.835789446905025
105.86076184537033,29.83309786219628
103.70438556661811,28.405712766374272
103.90588511365345,29.276064070867207
103.11755769835398,29.178688339355503
103.22187558394778,28.568241282770444
104.06277605344368,28.558483860703035
102.44496487833784,28.838592933090645
102.35568882658426,27.78625632137695
100.98873106412032,26.07343486331258
101.57365927402692,26.575267997999003
101.72206328892446,26.495550205919944
98.93712618337425,26.37889415697705
98.38669395766765,27.25667379274031
99.17633125460117,27.20099354274397
101.88275430769575,26.99831974589917
102.16065499294179,27.289473025202454
102.04988613438938,27.161292231136837
100.57924746523601,25.66747513804571
98.79108545748979,25.823831598109813
97.64856001334002,25.150098328265756
98.19021777443281,25.75305137534465
97.42864972194641,24.444643591297943
96.49136837040373,24.807772817517996
95.7305669634827,24.601811651625454
94.87782898507588,24.39407789777435
93.54649234361281,23.725162273252078
92.16119966247058,23.789077710639553
92.60872011937248,23.185587229493922
91.00368916058181,25.13370790007577
88.3064498425318,25.37430239487212
88.33828073721787,25.996843439161307
86.10316689677458,25.13796105119817
85.11506884080121,25.089898333684882
85.76643820222519,25.266075535853986
87.09201258457743,25.479073373174145
89.88944401076606,25.973158480902857
88.79255750186668,26.17098613860569
86.7519704128429,24.956629646398245
91.25823489824035,23.663063758397428
93.49136386052264,23.41936547327375
94.12095061177378,23.71768479934565
91.91998452849768,24.07568118101437
90.94981272274411,24.888299618726144
87.99428666430994,24.56747914605668
85.00121638973246,25.604376750110738
86.19256356476492,24.244391256116185
83.55977580372141,24.78344903568725
84.35324610897321,24.73524255578636
82.51034210627144,24.032962991824782
82.58849389686034,22.80930669509023
82.54953392027682,22.36514222520955
83.56041334008926,22.53897957106916
83.082561548976,23.161186328628194
83.13589619954095,22.584517731487512
81.33695864812091,23.670404397923292
81.00224007909368,23.353936600028444
81.08591683929271,24.08723832657382
81.76058484225823,24.91928813848112
81.84493969409384,23.67499867088618
78.95143864408702,24.331532738926114
78.82897381317704,25.496248717659117
81.20485838538053,24.706527946948277
82.16629969764811,24.547107692013302
83.43002406426794,24.754428504601865
85.27758835644491,26.085775626787488
85.7685024453186,26.532255703795272
86.46372114275755,27.03547990041097
87.18211655406962,27.084417912831203
87.45368479374179,26.504662754620885
88.71477392047329,26.473189011923907
89.93679597711397,26.41395112605117
90.84091970439401,25.194090012748372
89.78565315699983,25.060289712810256
89.20525033026539,24.350856389174634
89.33471443406529,24.83363643410253
90.54679625768144,23.82608652605993
90.33815860701796,23.715856837038444
91.07941595604072,21.208934508192556
90.42178870126332,21.38631255292299
92.02572962297128,21.50151354496101
92.6804528743648,20.43423627299162
91.6558269762436,20.996073347064865
90.37988965857157,19.920616455818738
92.30103625700592,20.615570118578308
92.25349628855342,21.430310629734844
89.92285003609557,21.831045178225615
87.93283995461502,21.21211202678389
88.53132229698384,21.178293382704574
89.82480376106533,21.098143005540056
87.91968878120325,21.271362195813243
88.02361831974089,21.186300331756208
86.79230430240725,20.96484756039801
85.45913645651093,20.857867907617823
84.79049439842478,20.752843578243894
81.66252884611355,21.35484689109785
81.72592920531494,21.28114076037572
79.48813762943927,20.549461885442625
80.41295837550689,20.422047848498547
80.10286975159525,19.217036639155644
80.22438553739669,18.802804584430184
80.34590132319812,19.097523124664605
80.46741710899956,18.63096793131203
80.58893289480099,20.29597025002398
80.71044868060243,20.846344980171196
80.83196446640387,20.847416957316618
80.95348025220531,20.289024926643297
81.07499603800674,20.178959565515058
81.19651182380818,21.117828026555117
81.31802760960962,20.450574178361585
81.43954339541105,20.22643293040545
81.26716614919717,20.951604904972605
82.33205803870223,20.373883713079604
82.32540883547982,20.44286348968829
83.89837192595867,20.609764712223217
85.15701029255509,20.569780191410572
87.19338114709988,21.18723483158428
87.05208536083487,21.481049964979135
88.71188629519872,21.300982303587183
90.36116084773668,21.184337513476454
90.9625659392283,21.34997130431283
89.13336700918542,21.464882133892434
89.03606415591759,21.76241545540887
86.864579898269,22.39881438034274
87.6031760150506,22.10545131742677
90.03146224436752,23.01154723068243
89.25966496937083,23.119765432821886
88.48107760494624,23.21158116666917
88.54684142400077,22.765357778563292
89.96535218201002,24.605537590965618
86.58497431561133,25.26248548379666
88.35743084150235,25.636392454274038
88.68041298749296,26.263108358335316
91.13525878819063,26.578857602205115
92.36818107214269,26.428635104351066
91.14400284694666,26.88891687447925
91.34984275608299,26.608979037245
91.56087751558373,27.243284840012752
92.45851530047437,27.230519640155038
93.42258124900437,26.113310737503284
93.90184108232214,27.388772901881854
92.33081248817679,27.675160452846598
91.96412071992135,27.25125438469962
91.07187664883145,26.345320535938054
91.8965757525634,26.064838755554515
91.81566163257679,27.892454016107155
93.11382671077536,27.85748779693927
93.24687937912942,26.426627154974778
92.78055449961619,26.363389344704814
91.81518309304722,26.116176786425477
90.2464984750241,26.835482388763918
91.2651883157901,28.25526236293539
92.09485247913766,29.385785308792332
92.63405052639398,29.0348190721581
91.17129165670288,29.13472270491946
92.38207697212107,29.303264074366695
93.0189339459654,31.408516990489932
89.83972229117126,33.24162592308966
90.88080911661216,32.59717297191706
90.25423862743517,34.03597781700039
87.45809814882813,32.73273753640418
87.97765311719809,32.36465604402025
87.0096828431773,29.53405826032616
86.3627376711265,30.42820187351285
87.24861679820921,30.89307938091565
89.02524303826931,30.746814914667805
87.86613934995208,29.462798388968018
89.64000577093908,29.318467897303
88.83684747190746,28.361218613140526
89.4725262072714,28.272701412901657
90.10820494263533,28.308069783411053
90.74388367799926,28.02277118936881
91.3795624133632,26.857389759201034
92.01524114872713,25.07778270483093
92.65091988409107,24.517963346259613
93.28659861945499,23.80232987304187
93.92227735481893,23.26588032828723
94.55795609018287,24.817360291426724
95.1936348255468,23.979384409582007
95.82931356091073,24.622506667856904
94.88777340655427,24.51291447158122
95.25475341005016,25.202223890840422
97.35888117872734,26.17448349790521
96.10722421971299,26.042661713168112
95.20064450044082,25.583505652656807
94.11161177461496,24.69110069307962
94.97915981186668,23.624523800344015
94.9767066318383,23.665000561830603
96.5635480301418,22.620602577593793
96.16854049049076,22.158088791744618
98.94502746019883,21.62301074434802
96.30003370155879,21.986213467873192
98.61958173403242,21.861942616931938
95.83909809430766,22.918631571534927
96.6139304453899,22.999454530563906
96.985922467287,23.553360367911885
96.99146629841586,24.36758044554379
96.69947633857721,24.366410462848734
97.61440829779332,25.691328115059804
97.18512962023165,25.57414536192386
96.26216980257726,26.139887963116724
96.28689736682693,26.08634447060904
98.10830734330273,25.451471316798347
96.34610828040663,24.816840282940362
95.21898511889772,23.74412386978605
94.42712756401528,22.115628163365393
92.18326211107797,23.673518891347886
92.30926557033654,22.33275855625296
92.49724493052453,23.434745692374005
91.9093969526082,23.444471593145156
91.24620386142071,22.909779896424084
89.80467202848375,21.922394506597545
89.97545784394208,21.276573778643453
90.47238453387642,21.426825837520546
87.94808145652499,21.828477490192984
87.40877232865357,21.755202316031088
87.96928150809912,23.890747312340515
88.30815281700454,23.035353041446985
91.41298791617594,22.27813206409888
91.4159595119568,24.50166017692499
91.09698490974424,24.177811949603345
90.27483370271416,23.439233059196365
89.45268249568407,24.08855243922785
88.630531288654,22.72158167525696
87.80838008162391,24.234781916885815
86.98622887459383,23.423273755566992
86.16407766756375,23.946262328950432
85.34192646053367,24.69407062994771
84.51977525350358,24.27571115497185
83.6976240464735,25.675360494808096
82.87547283944343,25.235233114457404
82.05332163241334,25.805566798720577
84.88937248143209,26.090289222938235
85.55766253834986,26.316474102691924
84.35324391309065,26.47041364935766
82.93411335501365,26.367724736190652
83.00825781043763,26.05308641355092
84.36956859847226,25.889390739604156
83.42916465703894,26.67796139254923
82.32578963414788,24.790257506520106
82.30746858667567,25.976452950570295
83.38467756146385,25.990521952480734
83.77419515529552,26.072135366295942
82.97161529200311,28.147497570606262
85.41722559929009,28.22562989764036
86.14145227936002,27.705801722401674
86.19307036506311,29.43948468497789
84.59548462302949,30.654354280163528
86.0868642077303,28.436883852508785
84.44891000584187,28.85673049131609
84.08958362145222,28.906216524428075
85.86646121336564,32.74097479669032
85.18642456557122,32.26953503533951
84.84110654890128,31.585121343537683
87.81766946433684,34.292043855702246
87.80472311500802,33.8203468977622
85.93082127362693,31.406998795902176
84.89806559575942,33.359994620480954
87.16222138157863,31.372730082202644
88.2817779990921,31.351831666297247
87.26931366397129,32.16894062915336
85.65388103699703,33.4522689164802
84.39821987885712,30.95020622820335
82.15829696994808,28.1583306055111
81.74523645176836,27.668187230961696
81.48390359527457,27.355572000518222
81.35978462591969,26.53994365456442
81.25160685299775,25.762527818499525
83.07442056379243,26.18535043768017
84.96039724980592,26.082691771157545
85.63704967701344,26.517216975459007
84.68177412454331,26.40600548228964
85.24048221027927,26.03663419733499
83.91983468785844,27.35736452945077
82.30278291274394,27.002609700631968
83.95618953412671,26.793719191646904
84.37308798863127,26.830682475767816
85.21271311963525,27.39451377581887
84.22443738989125,26.492603847277348
83.06535085704795,25.902968416360604
82.03365921184793,26.128866664987704
79.73689723595743,26.40735917184172
79.05351218088352,25.53070484640864
80.1769351540041,24.610025130971323
78.81021577289376,23.6130769670757
78.65857666796495,23.173332400276937
78.60291092448938,23.99665572253033
78.59805195241672,23.846147482516905
77.8271129832124,22.343728215306502
78.77631050668221,22.369862468288556
79.45828227329288,23.966520506101705
78.86003509860585,22.636240106731027
80.20042858659619,22.42900731330561
82.92922555219883,23.431501323956148
85.8336664417337,24.06948163301501
85.33594941266361,23.143997262364792
87.90631737608344,22.163049296609472
88.56108810730757,22.299767210962138
88.0100945664818,22.973911563291725
88.40991615087295,24.73046277214787
88.69201910836992,25.878464520039866
89.7127813764992,25.24339858229727
88.19678565195758,24.15486419761975
86.56246760002531,24.97187128834598
84.43092912016323,24.13011662334857
85.99561024369933,24.27456898119886
83.64646746939066,22.332101488761637
84.73146441013408,22.27547452952456
84.54935806414011,22.688751542055815
86.52961741268909,22.582277693201977
86.11330797302833,22.17909824497957
87.82099606725974,23.29069911393042
87.55031858061317,23.151584241786377
87.55809990060186,22.49272170399597
85.1558324510745,21.82461890965928
84.76732651198137,23.54373232763554
84.69750737131707,23.77692026646654
87.24111013735825,23.919169455925395
85.1619376869209,24.44391256400648
85.37375866136875,23.7360068014704
84.13427815910292,25.219517328794446
83.0034677127849,22.483836691821228
83.97845703285253,24.05519797510486
82.53494777753177,24.618491184251482
84.21282307243246,23.430737846204508
83.31501446510649,23.7526222820442
85.29952198776093,23.958342969542226
86.22964504701781,23.680124314665242
86.51995806113639,22.287600757981636
86.43312143195047,21.944815103285528
84.0563217940196,21.265473105993212
82.54981847632004,20.99025691859206
82.78129080772963,21.09644677292011
83.35688076389876,20.356281070181378
84.13018802495318,20.821234636767063
84.5946731622538,20.480879962075417
84.85356016281222,20.72471509468794
85.12477992768046,21.22782126233034
86.18136076079516,21.657550047611217
84.55429822909159,22.54976275816515
84.13250320740185,22.588123192254717
84.21454425105819,21.56898746532408
83.94769069686643,21.521642299999108
82.95689377503413,21.771119860007712
82.518091030717,21.561614046717427
81.68507870190501,21.477346738104238
80.71619532453275,19.83733568893669
82.86567372778447,20.751416524472567
81.863339205271,20.982137242442462
82.77207298226499,21.157246702273444
83.02770114198661,20.21031709864954
81.85675806437952,19.63094042572589
82.14835362187756,20.17611970717923
79.51205946002895,21.15604397134591
79.51443404788425,20.993736307076286
80.73771366234821,20.252607427783506
80.7493804858432,20.590506141158485
82.23540408594035,19.636974296059165
83.56562691244326,19.74362092789544
82.72682907184767,19.803179819118515
84.04718936869547,19.145359426751572
84.80488755616256,19.025662963316055
86.93805141127324,18.130060199791707
87.95307336149475,19.34963431633042
87.02698348378269,19.48824441950293
86.34178067262002,19.054761835397628
85.59453195664169,19.23048174897084
86.00099811547669,18.627795542585336
85.78064835533685,17.54898785815068
85.41061193727353,18.571134394792352
85.38707599191417,18.215510035031524
85.90093692231859,18.34047495423329
82.75541325084203,16.991707095194975
85.95887130559983,17.02602302373434
86.91891777796418,17.606472544159114
87.33072804675929,17.330154896358398
85.38229583708008,18.231147580825947
87.49735273412062,18.00843678246589
87.41293122712896,18.45789738259549
85.2531735741155,17.95826183015669
83.66275237208666,17.928687794569694
82.76242236296402,18.822271667810337
81.29995674371682,18.86315699066999
81.66647140345167,18.94071515308786
83.62826035082551,18.97691559967132
82.02492403165836,19.166934188285122
82.06503673489205,19.09222841852337
80.70914120860544,18.908039903051648
82.53864562717993,18.279838233494544
82.15639427618775,18.494032515377366
82.80611280048386,18.76437438704469
81.03831009604978,17.835996164660898
81.82143059171356,17.99895303202263
81.95405042920733,17.797865688599142
81.56517024125739,15.899309499073418
83.23402965014618,15.374654209964719
83.04193956526471,15.851409930620475
83.3647142591754,16.666625541345052
82.36209214526525,16.282478061358784
82.80664297782057,16.145000132044288
83.67266578474545,16.75602966238103
86.57318709163518,16.433380080045577
86.87984789547505,16.94021348867179
87.37342204884398,17.24391698522766
86.65494510441579,15.17046623191406
85.24804522870677,16.329598004258873
87.55553680807263,15.779566833367358
87.1500226961022,15.506245181527
85.04760957986916,16.344014248771366
83.67411193424354,16.187405373855185
83.10911367321681,16.85638927215577
83.55389263489961,15.534626966840994
82.1019674411501,14.768018080387225
82.52206060155147,13.849399167442758
81.55636767012079,13.713257898776037
79.28702396888669,13.921602469602627
82.05056855004368,14.692110363659465
83.28962902420304,14.687438171087013
81.40464144968584,15.274094239944608
81.77150309968358,14.948683579313297
79.73580345215387,14.510388598534838
77.25375039782735,15.466972097496386
75.54571134491745,15.382389964206443
76.80731385032392,16.351451446759636
76.43098431693139,16.831868995574737
74.9005549322662,16.834107894368653
71.26816997009846,15.828005747920086
72.39697667160432,15.602002345983221
74.000259518483,15.829578356151702
71.91422238877806,14.754513686633619
71.74435128321515,14.654674638922659
70.20895743766286,14.119069387284622
69.91543635468173,13.257796607294262
69.5449606077392,14.068765038229412
71.93873804193944,14.167767463736805
72.2333949946386,13.611804604922535
71.95093264816207,12.928083231655727
71.49217066782386,13.992732523170737
71.16172714439982,13.763664554421082
70.89265776246246,14.06112936227497
70.721124594465,15.331866052414712
69.67130390984275,14.503390710836648
66.4419342214651,14.465805435191571
67.38183940326648,13.571485610972045
67.20027326097822,13.198607556701747
66.02082878207416,14.938682295301739
66.80071277834485,15.341895925317635
67.87262250188594,15.279738666343192
66.99235479338512,15.442021395878044
67.51905077601492,16.94582112554064
67.8543108044734,16.674474379026552
68.37788791472259,15.44420546510453
68.06642451644291,15.046003339358862
66.93805408512829,15.04898005273746
66.12159575183443,14.665377407864318
67.08989868609616,12.61175569854992
67.02463998088295,14.000318762576672
68.32513552308309,14.048611498526343
65.39087919154464,14.541394811768761
65.62117877657046,14.6791731266949
64.1592000751988,15.088501616778878
64.98643769060422,14.12980216582753
64.93072505229601,14.844879027477953
65.18388110175889,14.699252935254574
65.09582369825468,15.524528757568525
65.37754943702086,15.328750736361126
66.7499850310546,15.523137445880296
67.76807410004757,15.776811472697318
67.80638852643102,15.409426118623006
70.21031753597757,15.47630632997717
71.12600901355637,15.477605970905563
72.25756110074438,15.869320792526347
71.90534115769181,15.943119624315715
71.88118481943161,16.22456406899113
73.46089098055467,15.498169763496213
71.08457861488938,13.986327555465172
71.25755497713929,14.687178988056155
71.51601319010824,14.858055448852326
71.77447140307717,15.650308834101587
72.03292961604612,14.646236499696643
72.29138782901506,15.425558467170601
72.54984604198401,16.32579830868155
72.80830425495294,16.785348013288413
73.06676246792189,16.596618572814517
73.32522068089084,15.45796975632353
73.58367889385978,15.042431715945266
73.84213710682872,14.614659506445598
74.10059531979766,14.574686928116451
72.11487761444556,14.556588333140503
72.09819622721176,15.005171158987766
72.1696563585062,14.32333499117441
73.03124593817975,13.039956195068957
73.9531357464198,11.980150019976186
75.62575766208704,11.80119807502584
75.86403951586658,11.436602417561188
76.10232136964612,11.616600588614512
76.34060322342566,12.068208876817145
76.5788850772052,11.352022297759747
76.81716693098474,10.378778359088106
77.0554487847643,10.085453735527539
77.29373063854383,11.230874881711472
77.53201249232337,10.322681982406701
77.77029434610292,10.736654009103876
78.00857619988246,10.755824534310205
78.246858053662,10.053106327643277
77.26605437085782,9.828383163410091
76.81397497653106,9.072256608367528
75.74165610476827,7.949116252889849
77.55392120105132,9.965258874834518
76.61714767619254,8.461954652545616
77.52117159191924,10.075476961174617
77.54543618717338,10.281379048033024
80.05054233173556,9.90507904033469
82.69355564826078,8.9788932524242
80.93104031248198,8.426111905648677
83.3865495652104,9.071393503928519
82.17456903725017,8.268610363275464
83.71851428405198,7.025422217723413
84.27176971046777,6.828640404547325
85.18646631577062,5.584161437389264
83.25816223550578,4.44187299928095
83.46520266781032,4.854773540293181
85.24453670132915,5.785194608400455
88.34295216311557,6.621829783497239
86.61813850129708,6.764268389057693
86.87431543808853,6.622790027929409
87.43185209312648,5.246786407443923
88.51697510569643,3.5610118341031916
87.79511771069608,4.437052884660687
88.04352248485613,5.748462503011997
89.62969682142149,5.9129539614812225
89.43122920543502,3.861453760931368
90.16662752129568,3.8603800952230123
90.05742799689388,4.784226253419253
89.04810442039489,5.3884685571049955
87.52066859078425,3.941278529057615
88.92984345970042,4.680021941752298
86.10003870965681,6.39491450231466
85.88978777168462,5.830457252061821
84.00500885529183,6.858000800544003
82.15970137252849,6.36548263837116
85.55474124382417,2.553454195673381
85.3856723799577,2.4667445916043236
85.37556736062692,2.5058021043985503
87.3772272200809,2.303489202119252
88.79327933230789,2.2296348346733885
89.52672855134878,2.1876070156210883
90.48125335077013,3.3691911359752393
89.33987143913922,2.6846567093591167
88.46982443085847,2.8558597207289034
86.10622411900904,3.395342123004123
86.367525689908,3.2992058087880296
85.0419029469684,3.728777890170602
84.44452691640215,5.206269979222867
85.72467898901799,4.717865559591134
86.2627685066571,3.9768251747225247
86.73578751911846,4.225103327956553
85.3095176991846,4.2350258019803
83.43078156673312,4.995356534953252
81.86481789331151,4.966591608191395
82.3112193386088,4.091170678916689
83.19420494981092,4.262789608470702
82.86520177891583,3.9587214769886314
83.46473753077117,4.060187967638085
81.68101608069068,4.977315388112242
79.96392177744804,5.4088542908185895
77.59214613423026,5.408206555974743
77.45619020411954,5.929018788899696
77.94585063472071,6.133389681816476
78.29448601643686,7.045775793014447
82.73869166042668,6.082881896875052
81.58502931786391,5.920702674914963
81.02305678342692,5.9873469402888
79.71454397721887,6.416416957283094
79.03737973965458,5.945463251430422
79.6334794271198,4.748847463800155
79.77690117020803,4.2631973495730975
81.0498804914031,4.251868991878168
81.01907378765257,10.340962291865646
79.00185335983782,12.36321664295838
80.16206236255029,11.790729479998296
79.42465775521804,12.033404953667503
80.83462451333496,12.088087393360134
81.16301036083163,11.659880024422081
81.61522667090746,11.96821973695857
81.95022489777237,11.498603670268766
84.60045019146042,12.217287435510293
84.86304160044193,12.850245101870719
87.45931416343456,11.924848342405971
87.95112061840102,12.43875221755059
86.63953565645353,13.341876414476337
85.97769663928287,14.630221094397168
88.57638632997859,13.51552373021217
86.44134757194043,14.34304885779413
86.90242113011313,13.892261065433015
87.36349468828581,12.443906883443802
87.82456824645851,11.877296287563567
88.2856418046312,11.88520029045478
88.7467153628039,12.218936957167495
89.20778892097658,13.059895607791548
89.66886247914928,13.469775841288216
90.12993603732197,13.353993898335347
90.59100959549467,13.442827800440007
91.05208315366735,15.15826135276085
91.51315671184005,15.246730987939237
92.73640329281616,15.866297987549904
94.84708221554999,16.399845173301422
94.0876948690685,16.195915980283303
94.0410433018866,17.522054110832812
94.12033962497839,18.543477684041143
93.38030633080498,18.24027075770257
96.1087847972847,18.34957657766544
95.08440190070613,16.711699840876623
95.98416523066219,16.84101730897451
98.28215504843061,16.252433341549306
97.4679479600994,17.125991165283427
96.97284442238933,17.916189450075137
94.65048520512596,17.827090472810482
94.08241874859364,17.976851292268712
92.30164322214448,17.36902907585075
93.77750568264017,18.281215073961885
91.0535127930952,17.703107685044913
92.65994753047002,17.02440202477312
91.31566517360837,16.45100407548245
91.48869794812161,17.4038567628269
91.37102802094697,16.637060586417697
89.53833229638172,16.41852510007895
87.63047479567805,16.777234044133895
86.9951890342409,16.075182830899955
87.2270209137519,16.034127773009022
86.62385975771507,16.89154268330103
85.64244227029931,16.555245086365638
83.71527161570359,16.1138052585671
83.7915993296451,17.566395778802118
81.76190274678824,17.757154196713625
82.16901083575429,16.55179765997023
83.58172001887897,18.150333721334324
83.98068412230815,19.304147773629044
80.63058206235448,19.829452933870154
80.99489664133421,20.01357940954745
80.71368420241365,19.01448795353786
81.21765208196439,19.176511613346324
81.23968962265045,18.21177287728366
80.07986031731602,17.480770205964234
81.99538713021016,17.10678200229708
82.57981834338236,17.279355756103666
85.27376060556095,17.297602430143588
81.61260501507171,17.452228348351603
79.4621994744513,17.624923831865306
77.35236939936821,16.897643972338592
79.13316160172371,17.27186470497842
78.79623130626267,15.898518288844722
80.16277200822407,16.091784767292683
79.46064936455645,15.775905123837095
78.09223636927732,15.823013987545865
75.97420895847716,15.204945664718233
75.789381534155,15.3093345807106
72.42234740901128,15.329039236077497
72.62129340787763,15.699246051369034
74.14761364253411,15.728430903295346
75.20692805865855,16.642179425182146
77.20473878744109,17.25016442395249
74.58346810253245,15.11091151850491
77.16036005619608,15.268094099638164
77.93127461009418,14.924553018107542
78.04148069957944,15.225105171029861
78.03207044174196,14.882352225109654
76.75371584581481,13.642076379956706
76.45041648545975,12.253052951786023
75.08827595080149,14.287452072814942
77.76360912638074,13.980341087596159
80.38061745507972,13.617655873780413
80.61855251245795,14.240933273629071
81.20203016719734,13.952907733644896
81.93811356407002,13.323579461933498
80.15778184383282,13.515483993889578
81.21928638682367,13.521784231653433
80.17201173358261,13.04157128224508
81.04693469281756,12.735975896554482
82.24015783224547,11.413137099776572
83.25161156504171,12.592559403744756
80.87664158094616,12.786964309772575
82.25960850553236,12.787386975094014
81.92529385302649,11.639977585433664
81.18602216511378,12.038118099175993
80.37752477904654,12.04827670084224
79.27150633321092,13.452763716650223
77.77824848519145,14.65018252865423
77.87428133949255,14.637987237850645
77.97031419379366,14.282042913966254
78.06634704809476,14.609685943838972
78.16237990239586,13.449454588994533
78.25841275669696,13.534108509660781
78.35444561099804,12.175980277115839
78.45047846529914,14.325094841684455
78.54651131960024,13.426429581682335
78.64254417390134,12.866974993465114
78.73857702820244,13.295744650576873
78.83460988250354,12.046514642583833
77.8236006913779,13.3180126442616
79.03495629629732,12.864655920976563
78.80803898646273,13.034617580290599
79.14257907031879,12.090555896727084
78.17293364833596,11.917174090677197
78.04630845994134,10.935907228760996
77.26542982483815,11.168934418880731
74.00911931425493,10.51795762083938
75.68489162028459,9.683340401654895
76.49944841899614,9.805275685260515
76.41783855700922,9.25886980503563
77.09432954538717,10.175033960183754
74.69402626845026,10.00910562850186
76.08951582641114,10.026924470090774
75.0036464673905,9.896697546283788
74.8431656597364,10.615288136050486
74.45802220453871,9.91043804987286
75.28061937021315,10.728212951828857
73.75238791148124,11.707210838727676
74.04768127136403,10.022168934706539
73.55974377289552,10.083290015167055
73.42136119105089,9.156249602411544
71.97946070062359,9.608363951281794
73.84694775437578,9.366662766047336
75.4779589234917,9.862917211760648
73.98201227558768,9.17163748666064
75.53203322469075,8.783035875085666
74.73755497846368,8.347094858535472
74.64233550143231,8.38498147220517
75.70322049692392,7.613708398626748
75.28316133480945,9.226082661026956
76.35974603609613,9.660100571333317
74.67037588954152,9.78193017493988
74.90495066101772,8.772500023650132
74.45667119402873,8.680966997618148
74.00839172703975,9.713192533996203
73.56011226005076,9.678540625298867
73.11183279306177,8.798783057952622
72.66355332607277,9.238107845040666
72.2152738590838,8.370913567833439
71.7669943920948,7.572278138388661
71.31871492510581,8.287120207743298
70.87043545811682,7.272618291448898
70.42215599112784,7.153650639667522
69.97387652413884,6.30442137292677
72.02019872035831,4.964174182738438
75.00501036876842,4.560285387062232
75.64267936560594,5.353142002423443
77.10444931825336,3.402792211047945
77.74753034271308,1.7183999000248533
77.9102236624305,2.4479066832174787
77.99994645684579,3.635436531675469
77.92393673498866,1.064015877246986
78.81933585217617,0.2276515625904172
78.80578930596333,-0.4900104754948985
78.57232089933976,0.5771512586910734
77.05195559344801,1.6392388808979508
80.56520657614656,1.608572147456628
82.41512668499233,0.8594368650380316
81.95308956681974,-0.19454301313406774
82.40867019166869,0.05069412244089433
82.31707615165976,0.20463885817596195
83.53866607938716,2.098799996653989
83.70588936394073,2.051872011173212
84.17686688241518,1.528955084104613
83.31182650215219,2.4925792225651535
81.84883590721388,2.434318002257025
80.57458418706234,2.7654630597776566
79.00084291293716,2.589231298079235
77.08622104753776,2.634905609825278
77.64531516238787,2.485582499991168
75.15256276291564,2.353738442274118
75.92176456185075,2.6813773519983486
75.79308321300915,2.4290687748306343
75.64050265441364,2.417912113324807
73.18199542589917,2.7075402504427157
73.15305650168011,2.523258316764857
72.98265153455543,2.542096225151701
73.18132946110008,3.6928931193535752
69.28613277667343,3.6040415771364427
68.0860347219815,5.13398030221511
70.64538157941256,4.3976308371618025
69.26841197571302,5.1066528148826364
69.35270715623464,6.748047222351476
69.62978644156136,8.791847882840656
69.06634992554083,8.289547761811916
69.01172158698294,7.796492873762355
70.8596512564371,10.183448636197719
70.76954472027445,10.73059671525785
73.38779898461254,9.775151346388203
73.83106489161455,9.993710865090435
75.50115681103367,10.497944124363036
77.32877665373391,10.950641359731248
78.00830267652861,11.55324795140323
79.23460347114535,11.778072856831846
78.5583833841533,11.789522481229078
78.45549281938757,11.699781809521012
78.82140475028108,12.207650971139273
78.49578000873166,12.459650100790014
80.04530149163124,11.954521005670198
79.92947363530084,12.397832605202058
81.3284447234691,13.398782052381936
80.55731678971065,13.44142392527187
79.9189924059932,13.32931902944741
80.37076830645483,13.308856514538416
80.32571719799569,12.499396966741823
81.30541748823725,12.714584348701345
79.89408049102764,13.303220053290792
76.32243080655827,13.753857155123043
78.16616568319014,14.032844252529568
78.38060052924644,13.506114009881388
76.83961035258092,13.431166967424513
74.33502994315171,12.624570500710007
76.42170073141618,13.659712141281247
77.54652607395477,14.256389594162332
77.21815290391271,13.459464411577407
78.85532784488792,12.926115016932355
80.38310876629495,12.697025657206348
77.29503909881964,12.15948608399383
77.9247028425592,10.986599033594821
77.486183654064,10.947341645799908
76.8648193236662,11.996396993167052
76.10213260005699,11.551681232971813
78.3945991792903,10.306749475449239
76.98958185080495,8.9801026836358
77.18769176805299,9.905516231216799
77.83096176506056,8.025603405550761
76.36194174809658,8.175856329908521
75.21726005570277,9.246745011243458
75.90083694344767,9.960694799703978
76.73441849055838,8.936190315659625
75.97218295736663,8.957144201441196
72.83381255347757,10.207849339812284
73.78180944976091,10.671508679545106
75.0909063570521,8.93840922012741
74.6244583261968,9.036939323614932
74.04713149302296,7.816497788228826
74.23121066142969,9.458302837110065
74.12542636958369,8.114683092079066
73.39903382064145,8.068997945471454
70.91273221331974,8.251169492614212
70.08168985874738,8.68354905019306
71.78822174783852,7.144332239229222
70.89600395136303,7.725538098785715
70.1288596481668,8.134663260036097
69.56641175106519,9.226952756054581
69.49037231106564,9.064372914126624
70.72629585947652,9.272104545884744
71.73798306288148,9.658551686762756
71.58022792735078,9.247919055518313
72.75805654853126,10.02349890089579
71.67254284709675,10.29324325188591
72.12794778239116,11.353198515354304
72.57420182571356,10.539743991620178
76.06988363258701,11.527067354667755
76.70537724540512,10.889680403272829
75.80426236988905,10.674050657546937
76.51977671768593,11.09073707020915
75.92147975082841,10.73192943952991
78.90111087593786,11.222149145271699
78.5378469522052,12.162424435546964
77.52930919538245,11.932693701656378
78.79901727994368,10.916959559057654
77.7757488296669,11.136051582736421
76.2138434421663,10.688623736336506
76.5336625141985,11.164074306127109
78.63454004004402,10.872872817127769
78.44928956889484,11.09935626249506
79.03802621570762,11.8364622022019
80.40201154670548,11.348000886774244
81.5758983143756,11.6600208675065
82.77127388432889,11.579492117439237
81.97392719576345,11.55279553200096
84.39986680411816,11.636009824265404
85.62456314163958,12.863699318349415
84.04319043768578,12.829099037594895
84.03569715515593,13.10148023152542
85.6764991911398,12.8743159493446
86.74007620007974,13.229255837409614
85.92907454696137,11.456347617596165
88.73581249645858,11.484999577346073
86.15076468719876,11.285481597162725
88.79176643796333,12.027676708580444
88.2584165846102,12.136393420202534
87.5634174114672,11.519287745069537
87.88860544626608,11.031772327647458
87.78781944513194,10.917473247437105
89.36037749622498,11.04389498147716
88.49665882161942,11.02811154116422
87.0929817783434,12.721889937636357
84.325099502378,13.191419445007053
84.75797970371652,14.43090967681151
84.30865306589264,11.961281577888094
82.02853703930457,13.339624990918296
80.34460944694897,14.018213036523795
79.60791453846944,13.408865783907649
78.45054031523698,12.740639545645054
78.9459806774757,13.12809761901911
79.63880917359272,13.395420392503429
79.42010092193038,13.036645662782574
80.12938529437824,13.386057472505705
79.36257892097709,14.460017603352895
80.65995151142134,13.24585500132575
80.47049238778108,12.861563720881595
80.17125303707628,13.791886466144957
80.99007623349071,14.627573335567043
80.9305815464027,15.468573570427738
79.90393349278409,15.306510904827064
80.14099949006238,14.76361518805349
78.98870729373624,15.765167777142128
80.8085468561725,16.723725089507234
79.1193992939422,17.792702776582466
80.15128905487339,17.235590170671088
80.24842501014801,17.54259443944227
78.76002014090557,18.087083990166132
77.76641221183465,18.12781440523062
78.53305297171185,18.53248770426263
76.78493950653686,19.019152431135115
78.0532163619126,18.937035326331966
78.55586235483682,19.27478170773217
77.75958997130736,18.864674619362653
76.74011721165118,18.037923909870106
74.57657277649854,18.15176192103039
73.23048934464379,17.436691271344902
73.1781075849856,17.707852160926926
73.63378961246681,17.48748875326278
73.40447134509346,16.65742973868091
73.14897810567072,15.594317864126705
71.49097061866354,16.413393804200275
73.08561589569662,16.62132293279934
70.7737810349046,15.202407468876832
72.32831662831217,15.820586224385163
73.14102824871405,14.75254659155745
73.70091297901806,15.92338813570389
72.1040957225809,16.408015612191683
70.97666796513693,16.673254511681368
69.88985258809237,17.40212010469183
71.04706700114718,16.307741912026636
71.38903894693996,17.63703816886826
70.20354803246646,17.57180763339772
69.28707620809287,17.33806091790109
70.0355235205484,18.207717973602172
70.1278273071957,18.425836622537755
69.62376862208612,18.081619487216518
69.58500939527347,17.5619000478713
72.37644274041195,17.312132512635355
75.39341597049668,15.783416694454834
75.86462236201375,17.475807839634918
75.26409128972668,17.59493763641475
74.63520075394229,16.13667073918347
74.20456370844086,16.198279573205713
73.29162515641616,18.006863102137753
73.68716442405194,17.458967719611444
74.5793964232744,17.510361359019086
73.78873573485215,18.03916487515139
73.75304904839825,19.220232526171372
74.62396756768855,18.598673702365275
73.8596664644148,18.490133719029714
74.11153420847151,17.32241575165635
73.57500145374746,17.190911580550306
72.92717059466212,16.198165321785883
69.58514710024889,18.20259482285759
68.45767915520203,17.205262340680363
65.68047007252805,18.169503245432335
65.78530489610549,18.40875618499774
64.69494412246787,18.60641930068797
64.94587904150742,18.44826889486183
65.42649658853931,18.11489805997166
66.8831038927623,18.731150788096958
66.91249156481982,17.623479494027375
67.56978450187363,17.467900755670755
66.65588371441491,18.405284922006917
66.77584740732004,17.585891598137923
67.35698339383464,18.12318987041527
69.33074198084599,17.348320201784347
69.15105206779783,17.36660277551372
65.79583795376506,16.72468710723561
67.12460755467373,18.258074045160985
68.20718811836977,16.942939154926414
67.11266544845311,16.55633688910668
69.1756366143358,16.343664683842242
67.8929143647643,17.53785392118949
69.42382622618659,17.97743002196425
69.24029488997566,16.24246590765241
67.06757617880149,17.816667316568275
66.82168011792048,18.89054754761664
67.28478662510751,18.124920828267474
67.1104642587666,18.41810532760907
69.35337806521198,18.196918332462598
72.85789109518653,18.036617903750543
72.57259998249936,17.931838761275365
73.26291420693641,16.7758365886735
77.3977221207993,15.256213653791459
80.33743676129424,15.36587739784192
79.51354272430282,15.416952206211167
77.51449622255683,15.731741603383442
78.76411262117679,15.193223780095629
77.75017232924208,14.84119698942737
78.31584295960519,14.439183243918968
77.83066900134808,14.542627757946232
77.1231755555422,14.444166684306495
78.44711926502266,14.30476325749542
79.38660266414082,12.808535466409733
77.97896771528517,12.354768768829853
79.15933037082583,11.896343981941413
78.75279064603883,12.031060466663043
80.28909154911729,11.600076987930025
83.78714451939528,11.685109281998752
83.13115905911374,13.333678247623478
85.69265880598655,11.598365544016184
86.24473207348639,10.986485558713397
86.84659041159607,10.534694671434103
86.56140919543309,10.584967097455559
87.06540379979512,10.819463542236836
87.56939840415716,11.653754223934428
88.07339300851919,11.310458692216551
88.57738761288122,11.048383122465271
89.08138221724326,10.47625141810137
89.58537682160531,10.678355535725837
90.08937142596734,11.472087211371285
90.59336603032938,11.242601351931794
91.09736063469141,12.304529846353157
91.60135523905345,13.62025324428395
92.10534984341548,13.744890271266827
91.03860693412209,12.589519975068665
90.71528940931347,13.342116567154799
90.39197188450485,12.164319509916941
90.06865435969625,14.231247050126678
89.74533683488764,14.741733864714824
89.42201931007902,14.775087743996314
89.0987017852704,14.421591282217014
88.77538426046179,14.678384051799963
88.45206673565318,14.229060653682257
88.12874921084457,13.805437486864971
87.80543168603596,14.260382310444383
87.48211416122734,14.3178886825285
86.33147495145592,14.41209587252638
88.4063721409896,14.376739632482684
88.48238426993107,14.301216519337869
86.67252180597768,14.226840363613544
88.07805287304355,13.494151223923883
87.93967673039336,12.497888576318054
84.47749404395066,12.733175223164682
83.45191833709173,13.308649871236387
84.13149310397215,13.45074817921788
88.92800366874756,14.633165318887857
89.84103657051887,14.272656223555732
87.97700441791794,15.037996063095463
87.65425036906312,15.234944075690652
89.54682756310136,15.187187476261013
88.41781465890743,14.730320960655575
89.62674887874903,13.049149619147535
88.50861361478007,11.464590203170593
89.16105681137327,12.084220685606459
91.97950547263017,13.558522316062966
94.61193250896739,13.510092615899845
91.83451822050309,13.046622681783877
89.97984566904641,11.740111572381299
90.09422563907472,12.882834178572628
91.07529924576241,11.961838275833346
89.59245030687919,13.184615599752293
90.92234310971727,12.017875905328482
90.99274334404272,11.740660084641389
90.10430859652608,11.895858398393488
90.11110909779707,11.426612838949842
89.88404370784794,12.944755311582087
89.96137010168599,12.436889078729289
90.25128584185077,13.29061989862757
91.79271191012772,11.71814160678682
90.91711837972886,11.387888470603835
90.38494680197853,10.936231521318422
92.04548624053294,10.470452329694167
90.83597056013727,11.349061908583707
89.92980534303459,11.060414255153999
87.69076876865236,11.291793737145472
89.94291131750751,11.5583842060249
91.13914065200203,12.01060830694271
92.89678039360697,11.447533949030124
93.26738792549303,11.839666656790195
95.47430443177593,13.320115231723394
95.5820393027068,13.549668467023562
95.5420688303526,14.135700523933023
95.84954788772423,14.564124129374271
95.33425882797857,14.492601315487134
96.76647662452767,13.51481012193147
96.57303303969076,13.682743316085219
95.69039316002792,14.250940414033488
94.88428406434873,13.583029486582014
93.59005569451976,13.413888220559757
94.04326379978342,13.299653509920292
93.7783654803186,11.566175942778393
95.783496282121,9.935439875932119
96.828625174621,10.567306028716661
98.94470120012818,9.711219029427461
101.56673498312126,10.277953264846317
101.01129339055825,9.443025045161795
102.03165493641264,10.274590959192889
103.90399957766611,10.132251504902484
104.07080750561593,10.286510402463861
100.60936040506698,10.463876487802617
101.48629198705747,8.802709296623172
99.7140859508291,9.62217965280187
100.57772671723976,8.839648274231763
99.01250763022783,9.884397068591216
100.00588200229404,11.294044754471262
99.49442711428784,10.606523375007182
99.11947597250567,11.442824394941017
97.06133484628062,10.685543858972574
95.90097818950105,9.62575231261691
92.88271714703491,9.88437018735892
90.9311541473678,10.965340104141264
90.38432099203932,9.86282268757007
89.97873944404341,7.545890485351595
92.13357520427249,7.199835297842085
91.56314971943189,6.583561868048159
93.7466427540089,4.022817828564101
92.80997919035133,5.274653364798741
94.47069069897347,7.025945158503601
93.87083850742567,8.72303953355882
93.17692738615811,10.373180204108293
91.94250704059641,8.8675508010672
90.44553342065817,9.11448976287399
89.92668336343098,10.141848293847374
87.98348561129826,10.208219626520131
87.68018157603089,10.241405292856511
88.48788063424652,10.37608436080558
89.89103502468808,10.344321600679217
89.89394504502556,9.738766861871225
90.31683951656481,10.831763634937944
91.0540642480363,9.935687649901345
90.33373791946337,10.739589293488319
89.99484880848584,10.962925678356621
90.28736246922163,11.079401184933976
89.09787737960957,11.496949278511357
87.45815105844275,11.813259570098609
87.78422044472202,11.590404665874402
88.27895845440665,11.803367794526686
89.04241142564152,11.611914621091216
89.0776663138538,11.07303550161793
88.17562272595491,10.036795486580274
87.35492674057046,9.737146941809234
86.61564548338019,10.750520067655541
88.06845472122656,10.98986795098722
91.16688591159459,11.09981393955365
92.59374335190181,10.995521144515134
92.10971853156259,10.828445143469331
91.49774056628232,10.537041414211263
91.55217220067209,9.816754336913847
92.21518733922757,10.045551785827096
92.8554598688219,10.27921183873953
93.49573239841622,10.076965262547063
94.13600492801055,10.8220416519617
94.77627745760488,8.810413047609606
95.4165499871992,10.108662627510997
96.05682251679352,10.525250028740679
96.69709504638784,9.773522857988679
97.33736757598217,10.064346511798014
97.9776401055765,9.152215252191008
98.61791263517082,8.230562306028943
99.25818516476515,7.6453884645793755
99.69805176398043,7.304584207646114
99.97505800995765,6.708008860442211
100.37000894779541,6.375690908182075
102.70217064167697,5.55983613863953
102.72270302890838,6.636704847467458
102.60474940209018,6.828553276201884
104.48402385892224,8.121150168478872
104.03356609453796,7.722824888699432
105.20870329330442,5.717595628309726
104.61001057738915,6.374308021276015
101.13498697116604,6.635166787829971
104.27857595263124,6.491229033723549
103.83377034629821,5.915493316767643
102.00649737731662,4.713311562419669
101.33592142748354,4.515594927016435
100.81671851813188,5.176591886178606
100.24596548846675,5.725969745812466
103.48954137434511,5.211518375527408
104.42046029947775,5.786624526292953
105.44070968229303,4.830361641348379
104.24453041587276,2.9976800330209077
103.07632299243929,3.26060712762619
102.95459911783985,4.629243143927075
104.92649282953755,3.266267584767868
105.71716813179222,3.5513764607025857
106.46165721767028,4.368299727686515
106.61374013067788,3.592484813063523
107.06313865344725,3.1824397948957914
105.86285510109643,3.581314944515324
103.33367918278378,3.1005717429604447
102.60124083454625,3.1390689384519614
103.1603094687225,1.4364984663587734
101.13192273944964,1.385365404932953
101.91585844156702,1.9920921369686226
104.01876047526991,2.4049770925331355
103.29093014360187,3.536647820995988
104.6131134140924,3.0847970799315823
102.07029736921848,4.625569308783625
101.20872503554303,3.938786966474606
103.1370200603403,2.565849190995879
101.48330318765359,2.5580639256612625
100.96243585546935,2.5044204083780124
100.72253263312106,1.8356914086611713
100.9312309729106,1.3299505645857028
100.22969781493859,0.2605532023485986
102.64647504229876,0.3229725682453229
99.2541322744844,0.8548760988424313
97.69204369258254,0.5713429696761417
98.56348276027747,1.0821515192431077
96.32074516644512,0.667735860552188
95.50120500354927,1.0446963057140926
96.51736140344151,1.5702893976946146
97.02514667915835,0.8563363622321022
97.09413513342018,2.1548023475118554
97.73391615140737,0.9621732490839734
98.32223281554683,0.8414541036128458
95.42505563141843,1.6426528528311133
97.84782755193777,2.1109830897228608
95.79925893239643,1.5155980062150765
95.76299788634293,2.0549616257757926
95.82926804884382,1.0246870290498804
99.05067893807835,1.0283302501376919
98.4204817230808,-0.3583382932469887
97.51253502525269,-0.4852893870452748
97.88474740279963,0.15052202338409915
97.57680060327061,-1.2464163011879337
96.05129425333118,-0.47635970554493
96.20326805823395,-0.4249282595930195
96.37770370224573,-0.20977072574858546
98.04196323563578,0.4211972123416149
97.14227242730391,0.17085756590959766
97.89188817371613,0.4508859259807534
95.91782693024606,1.855344162315029
95.33815347842545,0.848604737243183
95.74383297214257,1.7124730382579503
96.77140999542394,0.7342585555516974
96.31938512045905,1.6938090107191386
95.72774889701562,1.7366137369745709
96.6900893730434,1.745730046067283
96.8211731567461,1.8317189338816577
93.51826696025208,2.2917268557871946
90.17164277152584,1.7389991231969804
89.9676068516693,0.9946071604281173
90.56359929131467,0.6752975439494592
91.0151513482,1.3505188014223903
90.89449496673578,1.4467588279142438
92.57952352248621,0.9531649406146558
95.61987813380917,2.120439013357218
96.59631205213154,2.0632124080743495
95.39888182630159,1.3569498823559398
96.25983295599532,1.2937339695308163
94.76285376797331,0.0
96.51802049156716,0.047374746223127484
96.18081164334471,0.04953080019451117
94.33179036375411,0.8177266674946853
92.52052937105672,-0.2776968818952547
91.7167061002549,-0.34998755128900694
92.39379320767401,0.328589010178182
94.79187449749985,-0.19052610521310293
95.02573901184513,0.7095563740078036
94.60479588970273,0.4459423533508474
92.26553203202535,1.3334212731226036
93.568702145114,2.2019434412222774
91.1645480720176,2.6860012955801773
90.59238757988105,1.3565169304594424
90.91510724210816,0.29352974135458165
90.72645288770448,0.34150139651200717
91.72885614208988,0.4060990579258128
93.55780020290167,-0.07382414419896699
96.33344655989423,-0.11201242885725904
95.84303328580224,-0.10216187720532455
97.95645494617428,-0.287485542782805
97.13764322953648,0.26954806180391366
96.60268545232424,0.38938870127475145
96.08891690475403,-0.17548876379438405
94.95795513807427,0.1754257488621076
94.34999524175055,-0.2384399842600955
92.99038346296533,-0.11250866268265991
92.08268345548696,-0.10958567579775336
93.52834024859507,0.3286116298250441
91.00404795678321,0.053286847800470216
90.19780555563786,1.742602037075178
90.19588228703718,0.8585556023968507
90.11068927965155,0.1306355560444351
90.00241023875888,-0.4352886571237018
89.49425518886714,-0.3422125589506487
86.65372224120324,-0.3324047409612506
86.45300654867556,0.5520802409051977
86.76701149655715,-0.010409698723591432
87.62997172441118,0.1112137434301484
89.67627198200589,-0.392465800769351
88.37338703814515,-0.22298229826200777
88.08259447260197,-0.12497519345123842
89.29743629360843,1.1141456859470449
88.83881776536343,1.0603884340137355
90.9030767549967,0.5378516394920961
90.36029496513929,1.5467035785410532
91.31704876982162,1.6477488441176042
90.31260133537212,1.7354789073898043
92.23419624020397,0.44251074231518217
92.83018052815997,1.150147341297123
90.68338247664528,2.4988700945130464
91.90542078298832,3.2682699687052725
91.19980290380995,2.831927518715288
90.5964747950484,5.847843245196259
90.87648594570112,7.281232324060819
89.65158027927994,7.5282413782059505
90.63927089616445,7.738411753129503
91.38059567288227,7.869364278819661
90.58668350703161,7.1670047425942025
91.58707711736118,7.9051112920073
91.49892499001473,7.366614239742851
89.50744322503056,7.915771958434981
91.09965840071621,7.917023052826827
90.95467232243523,8.082165415631831
91.93917322772391,7.975067343272109
90.70426052475688,7.91939842930919
90.51923404118779,8.444531869659858
90.3342075576187,8.869211045619672
90.14918107404962,7.462784293579307
89.96415459048053,6.828107379856415
89.77912810691144,4.106430348338371
89.59410162334235,6.492693743508808
89.40907513977326,3.9580392421916653
89.22404865620418,3.3535169287274846
89.0390221726351,2.5797720419253904
88.85399568906601,2.6174478586990793
88.66896920549692,1.6982624874569572
88.087220556414,1.438342566094751
85.90370019329659,1.1908184557029102
85.97468885550498,2.1580388190119626
86.60575940482364,2.598609950312235
87.07099169276859,1.8481609762012634
87.61176130638039,1.6232539190392323
88.49512479436518,0.40141294921407
88.40010199221274,1.0617987219468297
91.54881501033545,1.075375048502858
91.19886545610154,0.31913534254773057
91.69822276018546,1.0233284831925895
90.99663069965028,0.9712445997187487
91.61671925480266,0.39037162148222915
91.83775436969155,1.5429988544060973
92.36408724946645,0.2303757561066262
92.85338167410985,1.1773823729895023
90.58936874902545,1.4856893752553806
94.11850789343299,-0.3104167326114333
93.451332235057,-0.32496450353781503
93.4223033178208,-0.7037689087610888
93.86458110268579,-1.121104151563284
94.06582868792579,-0.949508357659034
94.05772824812725,-1.221274169836327
92.3136096596875,-1.5412928990901813
93.40359066005448,-1.9320080384291471
93.44831852820785,-0.8035785540570282
94.50305911910449,-1.2611014934921005
94.03939181402181,-0.8799226566523262
94.83136463478014,-0.7797296495141985
93.13849362714426,-0.6078634833636556
94.64017388107867,-1.3981289379116006
94.4322957808039,-0.6781467085721206
95.84500119657403,-1.3288457080639953
95.6818646689069,-1.3719717635867088
97.26128740420612,-1.3297856359029914
97.15095261448737,-1.1626673346505376
96.93848778391889,-1.6524504942860776
96.69464793339637,-1.2137785120236244
95.54677778800529,-1.3441782028285947
93.80478591894544,-1.5839746033693705
96.28314724922616,-1.1784681490110835
96.65177195093801,-1.1816197569589209
99.44802175662866,-1.146291809590625
99.5023023620584,-0.7908033503816916
97.74060360999586,-0.6616820939106889
99.70848979760297,-0.811392996743261
99.21186767716662,-0.6495056220775941
99.6988358104027,-0.16318189474729078
97.90221166582806,0.4114244110324377
97.71802854563093,0.9681624852212749
95.27163948178998,0.056908573105946325
95.38150644237619,1.082453926288773
98.26154487908045,0.35834343409359826
101.14112314418098,0.2413920589525257
103.74438512070849,1.2542787749305369
102.8611281391911,1.4750433047369305
103.70552467251888,1.846008604338575
102.78675126505443,0.9351482690829237
104.13287334635422,0.8117401529701422
102.05412555990674,0.556693316580742
102.15948155841971,0.40272870632848967
100.27116256817376,1.2370723176141116
99.22803780374275,-0.22034539512774032
100.21858984934029,-0.2987097216648157
100.11584284615152,-0.3976854016730438
96.30865979628584,-1.1878393892081305
91.87837401261123,-0.6160225062257652
92.44627389704418,-0.4790849423358736
93.57451071447524,0.6776956183762443
92.43170871682503,0.7748243126412155
90.68545783444836,1.848807239303453
91.83414852999586,2.1633131048662797
91.2709736416716,2.029571310811281
92.92000014468375,4.656221221074631
92.50743210743849,5.292476975126967
93.00267473395962,4.4061781453185525
92.37935281178973,4.4693778588957995
92.11150493617642,3.8930565632272724
91.31105543830978,3.189800852224932
90.78983201875697,2.165838040812607
93.158204629387,2.262755156586154
94.2760496007947,2.501782233561927
94.81103028460997,3.6243234201159504
93.7957076759713,3.2306884395591533
96.1109892894747,3.6492119598052084
98.72437742309614,3.310397574306455
98.77037220504197,4.918430502575819
100.0139847173528,4.875175618235888
100.10315304666406,5.915814419011106
99.33857148516228,7.234271944030448
97.59709840015728,7.825958665238112
97.47659716471844,6.520261140171792
98.82574219711451,6.379007354613001
99.18386488340131,7.837319848592905
98.96016506792061,7.885383730006355
97.10645851205852,6.994914063399934
97.47087488578875,6.793630614792984
95.67111946853407,7.408592256702633
97.47423450431492,7.354492865347873
95.54813658391848,8.301317538169643
95.44290048606567,7.680149201507955
95.76938491886301,7.8289248083621
96.18070457524323,8.691388779109975
93.43022493033351,7.357826992910086
92.9449307462852,7.448549454699981
93.70655001625809,7.802053018700787
91.24105068076356,6.8940353420931215
91.2194029190969,7.947374599920576
89.24912775748658,7.1507237982257
88.7630283104195,7.522541369377071
89.03345695871965,7.376393437189923
87.26976361565652,7.893192167936894
88.92174255146826,6.980991882297419
90.17334015525185,8.40129612451765
90.84909909089396,7.357590154528474
90.9317466101153,7.768245822374674
92.98330383314595,8.778362827397462
94.72471472229876,8.845749734946542
93.08159681317878,7.462432616984403
92.3493458760961,6.175460331852929
93.12928367174258,5.68941388077459
93.45627331841959,7.226171026671091
95.19682135966255,8.46736480189152
96.43405926735113,7.947878597799661
96.98779206082934,8.475391966464677
96.76177569501378,8.033548170075537
95.18930749588812,9.74330759883618
91.94522235266805,9.004386891813576
92.42544775156894,8.828642855989212
91.58418611452447,8.633575227644535
92.72999673739933,7.136133785639313
90.68236442883882,7.398775770748205
92.53941909559776,8.388916894599046
91.24507468960991,9.204734544787513
90.67964741896593,8.671888293447799
90.95757237112792,9.57300124876665
88.42078884019932,9.637615171976073
89.50916720352885,10.654658977397762
88.83459936710436,10.474594396920878
85.99916052267184,10.257871452849
86.91577380410324,9.782491312202513
87.41430074599434,8.982987481712321
88.8447944683341,7.962425108424673
88.82428702779866,7.503032867554546
88.63726179460654,7.770106141795191
88.08836633141115,8.190903515564685
87.43018629957086,6.858174409045935
89.20861348665495,6.895045350177833
87.85873770707046,6.8748137416385315
88.399616099341,7.4600354987538635
87.61996180651155,6.550954387673638
87.17156381421796,7.494895267226412
86.1726711804288,6.0483072384839955
85.80219152173383,5.2521182006869305
85.22262040277866,5.395811810828532
84.64304928382349,5.511056588948543
84.06347816486831,5.608299370393684
83.48390704591314,7.3235141452493835
82.90433592695797,8.146539102002654
82.3247648080028,9.635570533770657
81.74519368904762,8.130126764051644
81.16562257009245,9.004768961948235
80.58605145113728,8.63409589015778
80.00648033218211,7.141329676192061
79.42690921322693,6.239051597880005
80.4746795184187,6.817924449375799
80.83356078221969,5.883375578119578
80.56122040652485,4.8207034323125395
78.88326408014646,3.8812101508315537
80.49231391978549,3.929194049845748
82.17164411148326,2.104258408020691
81.48482843278583,1.6892127356619993
82.59014900070862,0.9390117528677394
85.96757801584118,1.979132570525762
84.85530386239076,1.9279589603735112
85.58960087506979,1.951884432539623
84.68065680857534,0.9369845899371287
86.32070367999748,0.8483775691627612
84.66095746292542,-0.2502696442645258
85.51426430456593,0.658766757769936
83.79315080136362,0.5328467641416115
83.43475182070136,0.6460187486878384
85.21503301960271,1.024189693414094
85.64368172838829,0.6206062114681798
84.25556695555224,-0.3062160211701184
84.12236738345126,-0.7142615135166736
84.12980926423263,-1.4310833114031758
84.18470772554038,-1.2321479305998626
83.4145316851983,-1.4676438344571223
83.52790208438279,-1.7774293176055642
83.22974556533379,-1.6946830696888489
82.83385890468294,-1.7793119051076607
82.06967449503469,-1.0530750470472339
79.61980944291408,-2.0799769647350885
80.50583210426463,-2.074758889327069
80.5921808473846,-1.6772949922271105
81.18568993120286,-0.9851827866661458
83.17447048546552,-1.4487154354358636
84.19986246223127,-1.2690312744642143
84.10763606680308,-1.7814450967150832
84.43460870170429,-1.6488578385771815
84.58587603919827,-0.9197330552430043
83.25431493660362,-0.6830508940389106
83.39606308972412,-1.004364175801924
79.9673549528924,-0.5905015237612767
77.88216049631882,0.09666116023201576
76.9033638132269,-0.5865932794057467
77.31112378991175,-0.48731703588770436
76.2202775611891,-1.6980965599093316
78.64012473857179,-1.4165279563337294
78.10552686693251,-1.418357922209161
79.03957709669531,-1.3817186240252015
78.93550582546177,-0.22468067026097893
77.50817223483597,-0.8126763877543205
75.52458253281921,-0.8313997397598392
76.1665256469626,-0.9957168839109357
74.23743508780657,-0.9003749201836576
73.92349352857292,-0.45475141843705347
76.26070622467923,0.10095665512003427
77.23603197781397,1.2303440798864338
77.24091772730726,-0.0009572060838149987
78.0505172004312,-0.17645874813046936
76.77502449143587,1.2896624569640103
77.16313125271944,1.2809092445228323
79.2827429340553,2.009376963154093
78.60066226569663,1.5256245965821655
78.04350646215318,1.5395756595949432
73.68461987421766,1.810225117570675
73.43759381103392,1.9613527715482217
73.76592411873338,1.0026776168287013
72.37557147426642,1.078425657587411
71.48908966147631,2.058813287403365
72.28511617726419,1.0450185019812306
73.04745661156814,0.8932389479253705
73.25004630600047,0.7743954167425333
70.2598172797422,1.1580387484386834
70.60790820169218,2.435612521472415
68.84559563186167,1.4520103765227668
67.80644046753743,1.127266886650264
69.70088298541015,0.8165688265239874
68.45684701683112,2.0001128763432656
68.40663875623187,2.519869868927148
67.46384031738341,0.8345734496055113
68.67056033133102,3.6005280094254637
68.00576098306625,2.5609341335385456
66.34337776744998,3.20447201399993
62.55148829231139,1.9825600850543
63.06694818765933,2.366371387816824
65.63213992548367,3.058369474744259
64.54779213655429,3.1358681782604316
65.99836267275664,2.41023086644379
63.38219329028603,3.1663096902233243
64.55341399041524,2.4569741431375007
65.26781755051412,1.2231916493307857
65.43772542285322,2.0241989868653647
65.71805220870138,0.196036274573555
65.74295862911958,-0.5276820758840104
65.81735410767325,-1.0254503300761049
64.71373996503576,-0.7197370967283929
63.38108668599308,-1.0519791921767567
61.67265763617995,-1.6688463710476
61.889360259573195,-1.3710295633203349
62.10606288296645,-1.76587493013656
62.322765506359694,-1.7564462006234023
62.53946812975294,-1.9534196959639565
62.75617075314619,-0.980414432538391
62.97287337653944,-1.3359606703301785
63.18957599993269,-1.402844760402009
63.40627862332594,-2.0588939547697906
63.622981246719185,-1.7268535635148359
63.83968387011244,-1.4337467593775712
64.05638649350568,-0.7984942314209544
62.57767399039495,-1.380142255235552
63.307912876847105,-2.308570753162126
64.93238019478397,-1.9499070055835457
64.72773331707641,-1.939687623281876
65.35677564453191,-2.471430959507667
65.7859143018298,-2.358914143741691
66.09199006033566,-2.0070724666376494
67.05527757135356,-2.0633226272528806
66.69162912344021,-2.628432779997531
65.86421734383221,-2.9525955878488443
63.17686126716446,-2.367873095845731
60.995630953994706,-1.947273727978466
59.2961479719779,-2.2261437876669774
59.49746691860648,-2.297522316723221
58.38032677064041,-1.6615664215806145
57.26980285893127,-1.5267966395812416
55.09798319461431,-1.5296434092679752
52.56073967316558,-1.1580408257270083
53.47563586869023,-1.9530705589743043
51.497642886830356,-1.5955211855400868
50.58541950214402,-1.3299908416170159
47.80897394420588,-0.9752452845271149
47.55903758980966,-0.4252887927450546
47.25649812380778,-1.2189561384928946
48.02336162264753,-0.8720781273431257
43.58518370594992,-0.7428910818765395
42.11406261921887,-0.8266391354991497
41.83287659876461,-1.3162723976947681
39.031590612303575,-0.810596125211124
41.224708848353416,-1.2214390801894748
41.45730182964701,-1.3004368014539576
39.5595969653572,-1.1883868198301921
40.70724845063097,-0.6668265046756993
42.39652540433523,-0.6679740360975682
43.5244297581078,0.9027847006027737
42.200593302910946,1.4009009291509966
41.73695707154405,1.5230813090089694
39.93484967136015,1.1624342655013518
38.55183168588337,0.6838748318910928
40.60709034495359,-0.5023735590805793
40.04513194738848,-0.49888763637129663
37.79033690052721,0.5222818863962883
39.67326398036772,0.5547301957042297
36.38874748920659,1.6471646100032906
35.8911797286794,1.4235587215665646
35.39361196815221,2.0214755889680585
34.89604420762501,0.9905537488562937
34.39847644709782,1.950493624635135
33.90090868657063,2.2382671668293734
33.40334092604344,3.3427711874972985
32.90577316551625,2.4334120843379785
32.40820540498906,2.3006515809355226
31.91063764446187,1.469287803106624
31.413069883934675,0.9340258590391328
30.915502123407485,1.981583436417834
30.689563616997454,0.22341884285858568
29.228511100956723,0.6716118311345829
29.83309786219628,0.04619429113017759
27.5908630006053,-0.5281372889934155
29.21673609327512,-0.5749387517818925
30.95020622820335,-1.273247516850862
30.15120805573473,-1.3576974133188937
30.868443670201682,-1.580675192500309
30.997321832710373,-1.9503129770075627
32.46597356377119,-2.0304004968172737
30.191657894725832,-2.0565195127488005
30.5384714839447,-2.3062387908576136
30.811124567532374,-1.9537704541952294
30.127329348137398,-2.5275994447451122
32.0106077746472,-2.94750519727217
34.57764735063836,-3.6438947872741236
34.20095156379368,-4.057959775790684
32.865867840541966,-4.360678900628678
31.85874517904979,-4.0639619323510345
30.73454113224026,-4.9524238245539465
28.74862461037456,-6.102316018433903
26.353269493778193,-6.497470872630184
26.289956982677268,-6.2331519588291835
27.69741381299225,-6.492118442831258
25.810988755934915,-7.616613027635905
21.831045178225615,-9.697265656199175
23.088720284732325,-7.64921583931291
21.117404682858602,-9.896015612847545
21.937642628836414,-10.518142323470062
21.404965702553646,-9.7802341205142
21.922394506597545,-9.256429723727862
20.260895232527186,-8.873151475552637
20.54396851794856,-8.334970205887714
21.18723483158428,-7.630703442358046
21.0287557544171,-7.601674545753044
20.134329476754854,-7.618579315630484
19.27478170773217,-7.194402175013445
21.172100155744438,-7.657037259835288
21.38840724419614,-6.537096344789845
23.11537645180443,-7.601182285376874
22.4728961115663,-7.066766997974277
23.45158977747042,-6.298758416988772
22.418730461814604,-6.034384320649857
24.05519797510486,-6.496853896896408
27.355572000518222,-5.156533105748911
27.289473025202454,-4.588073484030444
29.874074371195295,-4.630284583666091
34.266728206020815,-4.383055161938197
33.04192259804782,-4.241499798693739
34.73822752654356,-3.8776052620263473
34.20368544967549,-4.95742350253526
33.738905099711516,-4.382839098085689
33.973956521623535,-4.798504277005522
33.81416960415593,-4.472669238176966
33.530807678220036,-3.4300010128819136
33.08341541265811,-3.1624776632449665
32.123403453397145,-3.167726696445621
32.445630694161565,-2.7172786066400962
33.826156495349096,-3.368362602863638
31.172621536086098,-3.814258315680819
31.82864914028515,-3.845694623230517
30.98669771111105,-3.761822614184504
32.39469208377769,-3.4176415482890565
34.12856646179165,-3.779058626283777
35.72270381207194,-4.520594955728672
35.065363036900244,-3.804843538707161
35.70727455115756,-3.7611895728911473
35.16520814276858,-4.879198599179558
35.303450985023424,-3.8184472669101015
35.44169382727827,-4.70840517296971
35.57993666953312,-4.104239609623121
35.718179511787966,-4.437075978445539
35.85642235404281,-5.093562610194036
35.99466519629767,-4.421452322604849
36.132908038552515,-4.113515913346214
36.27115088080736,-4.945949087624468
36.40939372306221,-4.995754511342876
36.547636565317056,-4.392602506524591
36.6858794075719,-3.6307603431321787
37.76349387911959,-4.051801053558404
38.55839855980303,-4.696391281839183
38.942729340386386,-4.732820458972476
40.75014774782243,-5.0323672070330225
41.01105205234811,-4.570759791578457
40.55813350740556,-3.193277744663917
40.908202528481304,-3.3439964056883995
40.97169894465752,-4.063366418419541
41.8141316516262,-2.943988378415849
43.04206319923184,-2.9873560503418117
45.51365172633536,-4.479869381028816
42.85701912552582,-4.466471561977267
44.42721933594068,-4.784994424158272
44.592635949117,-5.998024870544697
45.78168027847124,-5.404621269139358
45.43363167865013,-6.2722991474113154
46.23650179117162,-5.731233430537668
47.0393719036931,-5.85076359049054
47.84224201621459,-6.286992174668033
48.64511212873608,-5.37789982133589
49.44798224125757,-5.9386185722811184
50.25085235377905,-5.4398059917379715
51.05372246630054,-5.370407320615865
51.85659257882203,-6.44118264480978
52.65946269134352,-5.131408120871457
53.462332803865,-4.723081735489153
54.26520291638649,-5.131621370426206
53.923958712582234,-5.528166457220214
56.7321992135835,-5.085234244900323
58.53578862165055,-5.563642453245194
56.030522556388426,-5.997880554968181
60.53833319850976,-6.183120762891844
61.031099825421016,-6.2973951972057804
59.44057534285674,-6.120639038461207
59.71185142246947,-6.697244710994484
60.805570045616236,-10.57966915765602
59.91178212292937,-11.616231003895034
56.90798714368489,-10.894259038384275
55.289405882539704,-11.75759431144448
55.29736458641792,-10.85486399482421
54.78112461379446,-11.150811764515801
53.42305206451309,-10.910173906195272
54.38651999528395,-11.64288576145732
53.1608071107771,-11.937492063365438
52.65284009830399,-12.985778266588383
54.58803168358249,-13.202439393899798
56.76721307150568,-17.750585296629822
55.144488031627354,-18.442859552141268
55.841629899424085,-16.977071642046283
55.01032772537272,-18.50278468352448
55.16357134084989,-22.40295663892037
53.38133198556732,-23.112922993800957
52.435369438111955,-23.954828141231314
50.72441824616518,-16.90777239925361
50.81736278634982,-21.588922340893838
53.02365645784187,-24.02861683517191
50.960389938225106,-23.91560452424293
51.59701505816892,-23.38803355947204
49.32976226816975,-24.024684897065892
47.85268900479171,-24.623220913659004
47.908931028480474,-25.207288947771996
46.480303652003336,-24.1577344781525
44.726532082750715,-24.005691201864487
45.57452935641488,-24.66075662813643
45.54149361064401,-23.82315565586824
43.20548767133498,-23.386959215438534
43.027386602266034,-22.34988573754285
41.4893794684413,-23.40759922057392
43.1418184817464,-22.643655414710842
45.53901717674449,-24.14458263204505
45.09900004871164,-24.01630823666814
47.050094292252744,-23.355982099417417
48.787005906251586,-23.01746792108826
50.341888528183915,-22.229900256815167
51.87929020842755,-24.45407311246507
52.56685085861977,-25.17429061958178
52.38271691569433,-25.42158715585155
49.28174570141792,-26.49815119242259
50.10377653692694,-26.353535324599132
53.7798012190359,-26.622468814106693
54.49690060253896,-26.988096866459955
55.29407738815171,-25.91201516623729
55.37790699325685,-25.698969017985256
55.60339362377388,-26.537756635810723
55.033294986065606,-25.309139806591233
54.126103533921416,-24.43955226746429
54.64210570918406,-22.47170559895825
55.08794297112593,-23.10120383102247
55.98109778639822,-23.408268023149624
56.36526254593648,-23.88423202850712
57.52011740815231,-22.773560649400526
58.0472702868893,-21.235478195714403
58.5744231656263,-20.96190672191017
59.10157604436329,-22.99582069521986
59.62872892310028,-22.397530789094837
60.155881801837275,-24.730264612293883
60.68303468057427,-24.27219131406294
61.210187559311265,-24.972253872143327
61.73734043804826,-25.458126629886834
62.26449331678525,-23.927933907238586
62.79164619552225,-22.898042343338656
63.31879907425924,-22.792470830700726
63.480567214801425,-24.591857945222316
61.75968792105196,-23.19387298683338
63.96249273781189,-23.184957670469686
65.64806641184161,-24.423523020231606
65.73542939084595,-25.14440819386748
66.56013014102706,-24.038749927054056
66.06826140328366,-23.933708751287913
67.08802345987735,-24.011775170436117
66.77478225588638,-21.582538384116454
67.11946624494252,-23.12755580165365
65.22329802099162,-21.146758522316137
64.62639200325776,-21.04370639301384
66.04139016449155,-21.101950745916895
66.76034549817473,-18.285360019401473
70.56770213645223,-13.99430332160229
72.64018263140213,-12.849446069142454
72.67437448730551,-13.52465807546155
72.7085663432089,-12.151110669311525
72.74275819911229,-11.51472227741395
72.77695005501567,-11.501961176186622
72.81114191091906,-11.062271334972428
72.84533376682245,-12.383995378735557
72.87952562272584,-12.25402650570542
72.91371747862922,-14.499868836655692
72.94790933453261,-13.659730952403256
72.982101190436,-16.615858772451976
73.01629304633938,-14.534489906392322
72.80133813265427,-19.94411037883212
72.58638321896913,-20.238822321249934
72.37142830528401,-18.79314241544186
72.15647339159888,-16.817763505586527
71.94151847791376,-14.006825125934917
71.72656356422863,-13.125722864212719
71.51160865054351,-12.414218639854933
71.29665373685837,-13.48972512201117
71.08169882317326,-13.51657314809263
70.86674390948812,-14.501866211953478
70.651788995803,-11.073160596504204
72.22868042101112,-13.511784039916357
71.97138644052117,-14.564923765320453
72.89581859896914,-17.281304767107617
73.77959512140683,-16.48203055602772
71.86541419881979,-15.148983975945226
71.95580630070413,-12.672363504942009
72.1916040509565,-12.721097660670653
72.56994649317016,-11.928185976779234
73.97430372029035,-13.482333997123453
74.09488074454205,-13.670268095309432
73.56967075731866,-12.285078400312216
73.35125785385084,-13.766455169399961
72.19121128367222,-12.70088823995575
72.26063652143867,-12.228472605196703
72.77220877946436,-11.900332174977875
70.3489671448594,-11.522197070177695
72.98130137978079,-12.418466152481749
75.9632692941728,-12.823816276851332
76.79050763012667,-12.554252034475414
77.89575035690812,-12.946761223733471
75.35031847876517,-12.408693082778559
72.75065512631642,-12.87012923917814
72.19353937854932,-13.545342046432937
70.90803476171362,-13.679256805479998
71.39053915693509,-14.157401382099545
69.0245773906948,-13.761827336239016
67.67100950841707,-14.921837276092925
66.41202153882068,-12.983216108633659
68.26662483285696,-13.98581562061377
67.92313930863406,-15.137220623197834
67.14444712300642,-18.587040734686234
66.9643066385932,-14.700566067497332
67.04979840790757,-16.648446271525405
64.2625962546302,-14.607542009117335
64.1704382771393,-13.176959083488597
64.07828029964838,-12.932859732317608
63.98612232215748,-12.693050897071323
63.89396434466657,-12.745393451896165
63.801806367175665,-12.276677730321822
63.709648389684766,-12.504336286227634
63.61749041219386,-11.703581301333378
63.52533243470295,-12.340302699077842
63.43317445721205,-12.402361270109973
63.34101647972114,-12.91520582849714
63.248858502230235,-12.02196248310975
65.0858399193155,-12.880765677661678
66.33181655602239,-13.521022870273288
67.23551104958842,-13.159273341092149
69.58059527653643,-14.272749511057475
68.94981168584933,-12.594367808342625
69.48971643697553,-12.409573529459857
69.55184378111696,-12.11995728875776
68.63016460762275,-11.566601297419135
68.6988314048616,-11.193489128223623
67.56210959980943,-11.546005320022022
67.88451623545458,-11.560887552998036
69.86532175082336,-12.016571859096182
72.1272179893862,-12.381975085761283
70.94253993863673,-11.660060054398079
69.17184584768516,-11.61373608663207
67.1122356130235,-12.775918479000163
66.35698040387312,-14.212351574419591
66.09511670916109,-15.568167396688345
64.37542731103171,-14.658672964356732
65.74109985821225,-14.160624105642755
65.22069148539495,-15.530498458407548
63.60428788453493,-16.15807258762132
64.73709829697158,-14.661133533642623
67.09589339045493,-14.15832289486742
66.90598274805295,-15.058702093761962
67.16818881283818,-14.056779695122849
71.54065640504471,-13.87854101900403
72.45777067753467,-13.207686963161589
73.45102607262966,-13.016742953897797
73.37392191362635,-12.443272284487712
74.40032506700916,-12.849349412039397
73.8021001921932,-12.751564675732888
72.50602870999253,-11.856624716733473
71.73946202560514,-12.286615785265239
68.66943302976708,-12.132716420557756
67.9673596681353,-11.775051229351686
65.49685163018508,-10.935616893365246
64.00091893990695,-9.379418578042808
63.088885017141095,-9.928141835155843
61.35373919148378,-11.14167182343994
58.72192090452679,-9.591099156755487
60.57911921076864,-8.668188272952596
60.74534813141558,-7.272679374447209
59.98386557089077,-7.663241517409941
61.479058165811736,-7.219889550012654
61.32984414728771,-6.902370979157709
63.49433648728365,-7.773523331445405
63.30307695723888,-7.21619785916457
63.111817427194104,-6.812383518023905
62.92055789714934,-6.81266331093237
62.72929836710456,-7.262973963603891
62.538038837059794,-7.112523602929913
62.34677930701502,-6.698181237925757
62.15551977697025,-6.531029881306754
61.96426024692548,-5.295718035301132
61.77300071688071,-6.61194709208702
61.581741186835934,-5.771325441423203
61.39048165679117,-5.466487102015132
61.30916290270482,-4.8524941136153785
60.00276090888484,-5.927998783739563
59.99332565189905,-5.161600211487445
60.84650722744446,-6.700142233382948
60.73594931036205,-5.822842690091305
60.66825333188448,-7.36149356166553
60.541880159230715,-7.921550319939639
59.35575995476593,-9.983024594995033
56.496121251189955,-9.492823456223702
54.675626224268996,-8.103823605092996
54.48109936249516,-10.911173433068512
55.59009913559084,-9.368011906557786
54.88682946880653,-11.259757556810582
58.267858289523794,-9.913137500136699
59.68526570076948,-10.0019252496588
59.467490073857526,-8.048625310611289
58.5298150309633,-8.673809845992714
59.03944567618235,-10.054315110564163
58.68358024478572,-8.056167971546898
57.08719389319412,-9.529615461384154
57.92131424834865,-8.520529552567542
56.997598454078336,-9.941486164294428
55.60080712383228,-8.359404230590265
58.20489394514263,-10.082235558328657
57.861912007857406,-9.960630278329544
57.60265365250157,-11.199158528199547
58.51608173260358,-11.955201737934647
60.26170977225194,-12.441774141805766
60.810990625289406,-12.623204353212332
60.566769578475046,-13.795903029966864
61.439677397507076,-12.979240511940628
59.722778687477756,-12.973106560758893
59.3564013634802,-12.989549097018426
57.227814076556456,-12.163485472233218
56.86932943690288,-12.982153155206412
53.70065555089081,-13.283000449496765
55.74744408770629,-13.90897315272444
53.122142147088624,-13.28860223400301
53.14730809978172,-13.35651017873038
51.984339751276195,-13.009884287356149
49.23765012475143,-13.546696759960062
51.73072844693856,-14.116783233662792
48.624171119772754,-13.88631410574325
49.588601394244236,-13.86594446948463
48.12237321700051,-12.177650779587342
48.193609615266006,-12.15379866223351
48.049508251635814,-10.609960507204
46.34439728261233,-8.545832550522
44.96930078143957,-10.068559343467953
45.19534615955625,-11.096103710823435
46.14532033410637,-7.901447237236508
46.75381529338036,-7.813101499921913
45.02976009330319,-9.76582044408573
45.44225799135389,-7.6740755555689235
46.68692559992489,-7.831827237717407
46.325812828362785,-8.129654642184857
45.66425640993573,-9.698588567658735
45.83985410761041,-8.614024245227304
47.91941072035559,-10.073459323301318
48.74008106365908,-7.826754656260788
49.02902119429645,-8.410729031625507
50.42611544212592,-9.968694717885937
49.9663511311519,-8.380532177338575
50.42782983503927,-8.08905308741386
49.5045524583478,-7.724497240768294
51.40076762685454,-8.360243941069736
51.61567182889758,-7.36460645696177
48.86854957719312,-7.413711480162187
49.608409841106685,-7.660008587483046
48.41729264646661,-7.162826925609587
46.501284159488264,-6.927643864028723
42.88631563542161,-8.061282144060005
42.62733820285051,-8.347942928458458
41.92009905879939,-7.935752899088378
40.61043750898138,-8.567001391682856
39.80753354064457,-8.354922768049027
40.16579887722239,-8.59157662559409
39.521943805685424,-9.410294662788996
38.86621586860309,-10.85987349388742
40.66820318233477,-8.687393436265992
41.49247733105618,-10.01903233216101
43.465245331563146,-10.81744824132209
45.17751367303448,-11.321555156520514
45.20288697757281,-10.601706213601313
46.18698278810653,-11.318384205347186
44.96896890782128,-10.920755610577805
44.153046192530425,-7.881523814670715
45.29265242002197,-7.712737001495104
44.94891751737889,-7.195014489210059
43.483280558736304,-7.817728205118724
41.17718260626136,-9.575659130783611
42.009368308955715,-7.2521987879682
45.253545823269135,-6.7437505948559
46.870105681998936,-7.339680536108464
48.10326737132958,-6.154951627732447
45.722753853083645,-5.150317485661809
49.72731501742756,-5.572947615141839
51.0926289172363,-5.5789796142361485
49.284024825084195,-6.117942308106375
48.07187976659036,-5.444906473600241
49.496580332009735,-5.315063485479015
50.13035428444255,-5.609687178706642
51.343328979458306,-5.1444191403482264
51.8197608534515,-5.2834159392507445
54.07343478492612,-4.843708392091515
55.223550171340825,-5.285665095138928
54.14223354207339,-5.190320384998442
55.91805461076372,-4.756435585687806
60.196970930114844,-4.254380265632555
58.19035475753275,-3.454127308643985
60.0840867739711,-2.671551649603116
59.05784307045143,-2.567059734855805
58.85111791886634,-2.8531200172845885
60.01573358802005,-2.079974869446734
62.14017988737986,-2.155724713902954
60.999967033359184,-2.1457409348381447
61.22099401039096,-1.7655081651251288
61.37359899039884,-2.3985478336493995
59.962798986370466,-2.6901780841538203
60.66681754386068,-2.110718425930548
59.848924525301015,-2.7600103504372697
59.09004534236243,-2.7185443679356767
59.626990112407704,-3.439087817265275
60.427817356825095,-3.2670640104903885
60.66392866224378,-2.3824261237196467
59.97301596999217,-3.0900604565948093
57.600104730625546,-2.6855479278472107
56.31704179431808,-2.8351600713001455
53.987802034680776,-3.9564203840718903
54.78145299360136,-3.9240154993552707
57.046959432749844,-4.298046147874926
56.08908670133684,-3.9751653677178553
54.40128817733502,-3.974260602588302
52.174145173625774,-4.304380975958248
52.183725081041935,-5.473505595155475
52.128968359396296,-4.969705710166485
53.53549007963223,-5.273216884069437
52.312943886358646,-4.640329770740261
51.297986409238,-3.9056160363986256
51.134290218405525,-3.824283960935797
53.136009080636036,-3.953132687885946
55.08196128986645,-3.4104015575958675
52.21172583058817,-3.700919591986378
52.30109202001216,-3.9768818175622753
52.17315889938734,-4.5237208761019545
51.57476995221857,-3.857396585757481
52.31443023328813,-3.448282916010124
51.649644459870714,-2.664343073500978
51.165745304316324,-3.105481109666128
52.011194994847145,-3.0621114213593046
55.4760179012673,-2.5328126232323145
53.49367982948232,-3.6650561772751233
51.64111559104361,-3.4221641844753665
51.649534172025646,-3.762056187366785
52.359908141677984,-3.3984712273151545
50.31555069003346,-3.6447470587549575
49.82637962505204,-4.188712593802302
51.53931875257519,-2.7834649395626734
49.55896687775984,-3.0066582737947902
49.468184907283664,-3.380886930052844
48.456814624536975,-3.8848843638615547
49.628738574429555,-3.8671038787082095
49.83080824481964,-4.17999593286241
48.70442389893597,-2.8346541677903567
49.256302982653786,-3.0441096343433784
49.98156718507212,-2.563466057643776
50.62082287062123,-2.4565808401075224
50.468923272057594,-2.6071407036031444
47.23441989824155,-3.301577787078466
46.41482637334751,-3.554779295468033
44.16741903740115,-3.2258523487305246
47.31476327784319,-2.758743187443487
46.43075692436269,-2.943724196689033
44.41447090106748,-3.1650620228641317
43.32878061732021,-3.584064166806237
42.431178547709784,-4.848044554104421
44.18264081148703,-3.6529827468874565
43.65795390377765,-4.29814879566281
44.71583935601728,-4.402625504117464
45.38823034389682,-4.497980641102501
46.803886400178094,-3.920980958171883
45.22473667175396,-5.039782849883057
43.8549853485326,-4.959763105256992
44.01493507191669,-5.854652501358006
42.63335106364941,-6.197096595487265
44.09426703290623,-6.748513073183094
43.899375336390804,-6.547185732153745
43.70448363987537,-5.056234565688682
43.50959194335994,-5.594017634484264
43.31470024684451,-4.430826541800915
43.11980855032908,-5.219587005630784
42.92491685381365,-5.810160625556289
42.73002515729822,-6.049998744639332
42.53513346078279,-6.7874283509016795
42.34024176426736,-6.9097216080668895
42.14535006775193,-6.701777566275039
41.9504583712365,-6.522019814525076
39.98939402965107,-6.622683485039751
39.14008447873395,-6.96088789121831
38.450329964387336,-7.249116225382053
37.40943244333505,-7.107497247320934
37.64811461795592,-6.847746434620867
37.07367844964735,-5.206598043530331
36.91856884361468,-4.842886622353434
36.2303514852992,-3.8732158558364667
35.32741845593223,-4.192627706683338
37.65765048193533,-4.511205210405064
34.7859761808544,-4.169227185766643
33.15176609912411,-3.9644171972294844
33.96600115958389,-3.813053388196576
31.41050888097398,-3.181933485456393
30.596586877156238,-3.0852958534267554
29.061582165693185,-3.9324125148487807
30.49999547158954,-3.929635197235626
29.395318725821017,-3.3592175886528928
28.022668327352438,-4.229009002256115
28.121478982581767,-4.498374847160604
26.38435166434156,-3.748560710479923
25.31228650185866,-4.946167596101402
24.067070676445574,-4.6163214112998565
26.42536985045667,-5.010326991347867
27.25667379274031,-5.593926595115442
27.52460892545203,-6.130908299423158
27.75157184947822,-6.096904918281037
25.889281426375053,-5.6980292315490475
29.292588737324685,-5.709753265284602
28.051810549731858,-4.80173796323827
28.204832222603635,-5.130434129198083
32.11211433197985,-5.24819385643448
33.14543823725707,-5.4835973024657285
29.618718877392226,-5.560140241810693
28.762268805316285,-5.572583733079358
28.264661212527315,-4.851108297525457
24.985524280529322,-5.958376914876845
24.42622295202284,-4.826032608350725
24.73046277214787,-3.9366525148675415
25.235233114457404,-5.218444654844685
24.010712065728285,-4.498597721211094
24.509585984191506,-4.363961105239216
25.75305137534465,-4.785268712571579
24.557636133459358,-3.8791477628750846
24.76816475407058,-4.799616181303036
25.604376750110738,-6.176841571504247
28.558483860703035,-4.741292150022308
28.21328700154941,-4.742905126649948
28.444151366009006,-5.261360833851907
27.553931714127582,-5.876739638341583
30.747200167243097,-6.525458482842133
28.151498383673577,-6.723347155554426
28.346412733749556,-5.253657769078494
28.576999894722157,-4.81557193968643
28.631845927582106,-6.000423729852165
29.339894599027886,-5.6042092865011055
25.7099302717059,-5.259852494248086
23.998959434708066,-6.001622312919138
24.287103391591028,-6.96147527611781
23.979384409582007,-6.59794291902098
25.050509095036453,-6.612130694409765
25.86571800135247,-7.855182224236186
24.95773785343229,-7.82184064215668
27.39336247194905,-10.563869956415445
28.74828482710134,-7.8767147282471495
26.315715758054353,-8.189533456772537
26.018388089349376,-7.813351020193139
27.395154966568484,-7.419944340293677
27.814084343853715,-7.186671272524522
27.86434667361641,-6.405475402279027
29.28994734736482,-5.608762659608282
28.082695435011722,-6.081865906504808
27.729283492842658,-6.200942534844789
27.972205980491857,-4.890909084236178
28.23884744593945,-6.422930529664254
27.98774296847617,-7.199191677362627
29.87813211152395,-6.647849402668419
29.441425917759414,-6.599259104003133
29.61094220097881,-8.040610124973442
30.570362407476715,-7.24892298451503
30.268671577316216,-10.047979938273684
29.102384775080278,-10.515480375553324
29.73731563885556,-8.468334240949842
28.68997034268695,-10.56289266381194
26.17098613860569,-11.013554034326672
26.932777967129525,-11.659873717827566
25.749035482082864,-14.066100042289442
26.300013351664482,-13.074904888325346
26.808241432689336,-17.41671555316465
28.25526236293539,-16.3461786393544
26.451181076564392,-16.065730437189433
28.843395556077265,-13.64241246110638
30.17929358318371,-11.503849055411603
30.69386659600097,-10.446115250760077
30.78484021262693,-10.535878004449208
31.13366752174684,-6.597517567411082
28.217611660045936,-6.717356101388285
26.63852409884014,-11.042090784673391
26.3035014576779,-11.509909895472612
25.968478816515663,-11.851655147423662
25.633456175353423,-12.09118850109484
25.298433534191183,-11.806542791191342
24.963410893028943,-11.291548483101186
24.628388251866706,-9.886948333454907
24.293365610704466,-9.852189535489535
23.958342969542226,-7.184197787323867
23.623320328379986,-7.697612314273553
23.28829768721775,-11.11988751466415
22.95327504605551,-12.112089895493794
21.184337513476454,-13.844109995989237
21.828477490192984,-11.684727715881582
20.512789790785714,-11.531536673592134
22.726188840559807,-11.613208319993825
20.105143646324613,-11.32299825197485
23.36379371246289,-11.2182772492747
26.15558078941433,-11.97177783249851
25.990521952480734,-11.736591774868467
24.83363643410253,-11.173766500627194
24.378418566272373,-9.966991370166994
24.712142393864802,-11.057319145895466
25.986168040644788,-9.99739005982182
26.569797097563317,-9.808534030923104
26.168155427486226,-9.904829522872948
26.724177160122043,-11.243750778006001
27.579916676695426,-11.155888208304724
24.9407642674192,-7.090960591260606
24.08723832657382,-6.190164577385254
21.25412309938182,-6.572351649782414
22.48869320288934,-5.595372057425303
22.10713286285125,-4.962572954795736
21.128934204328132,-4.873532963109178
20.223016450413116,-3.3409573040420764
21.555295689130798,-2.254932777392838
21.6321199342249,-1.9530840415289752
22.898487511169268,-1.9489205454142873
24.601811651625454,-2.2552144174708246
21.897757664272365,-2.3179713482494955
23.59199407440856,-2.2949872286180346
25.834138629952832,-1.9130447311290892
25.38839527011408,-1.9031079337247323
24.061609132284918,-1.5565056156962973
25.911045333102756,-1.8797782326216022
24.177811949603345,-2.2365866909967895
23.7526222820442,-2.5331528283879634
24.254600869277116,-1.9435741894816994
24.930904539290857,-2.0368010899572
25.62189510712878,-1.8840566631453912
22.918631571534927,-2.054922642734026
23.000615051687543,-2.439803275697018
22.51861916965856,-2.9577091754170852
22.21367667335067,-2.8016558415682233
22.688751542055815,-3.5440199333585154
24.807772817517996,-2.540916052938403
23.29069911393042,-4.681318810064281
24.370536873128184,-4.471893325627812
25.66747513804571,-3.513244982846828
25.675171764067557,-4.133195587550625
27.084417912831203,-3.6230398623048843
23.50106603983825,-3.5701136952909938
22.97212313560916,-2.9640648304192005
21.834338330814447,-2.3140794810153107
21.771119860007712,-2.2255623825757316
21.271362195813243,-2.636796774985058
20.54815426976852,-3.1491234094355134
17.600848365300543,-2.7364127920830166
16.248517800850767,-3.634723647471711
20.068716531527482,-2.639953653154694
20.29597025002398,-2.945746649564633
21.22782126233034,-2.281203495031749
21.0272327281127,-2.9212850517206803
18.92433881678534,-4.228262246413108
18.738987078685152,-4.156039576598229
22.00363966552844,-5.751082267512539
22.909779896424084,-4.435614479650028
22.904095511096376,-5.717001716533311
23.6130769670757,-5.148014675315496
24.08855243922785,-6.422813494794524
26.578857602205115,-7.0416978385155815
25.021351292470815,-6.300431601334359
25.266075535853986,-6.368447509930585
25.50918175309866,-9.688912865753105
26.733662216318375,-7.169790816730858
27.011756650517277,-7.259897293719012
28.595310339264856,-6.889737937290598
28.38386700113818,-5.9088424093292495
27.25194732225618,-5.691568762157582
27.60575674672462,-5.671613370178358
27.262103146313045,-4.4385330067130315
26.255594508785105,-4.234479593635557
26.134456755364827,-5.156007441371412
25.73613200033184,-5.001079348167588
28.6042765767756,-5.103738183227767
29.884982461840075,-5.7043036331228905
32.17076923308396,-4.685976143785121
33.94533382541827,-3.7495159220583876
33.22084577307462,-3.6593424612878116
32.748405043430026,-3.744492432329681
32.0321720062994,-3.3606231325226408
30.778448721341462,-2.451336880259871
30.787892804493307,-2.36138528631753
30.797336887645148,-2.382017698665447
30.806780970796993,-2.3366033560660577
30.816225053948838,-2.430845757790231
30.825669137100682,-1.889648751300332
30.835113220252524,-2.239352827263613
30.84455730340437,-2.480167665214486
30.854001386556213,-2.306734854346383
30.863445469708058,-2.3157025612158937
30.8728895528599,-3.6318409618106196
30.882333636011744,-2.9818174371291093
31.619067826735467,-4.182382092621748
30.24534041777265,-3.2055143188889463
30.115017947736824,-2.678753751695491
28.574999024962757,-2.685622684175126
28.14030149928978,-3.637876520174558
28.590890200781587,-4.380217040144718
30.07216451755455,-3.023349976183781
29.31377594844182,-2.5802018762000767
28.656031163972575,-2.9808142684451577
28.604413810212012,-3.756438076842691
30.497250634410452,-3.6698344431427303
30.189859061364874,-3.6813730677729053
29.756013615896233,-2.811814530890891
28.278543787268518,-2.5613076458745825
28.58577860487952,-2.66468912265924
29.444726574547218,-2.4994046629833684
28.84819556508639,-2.778877009710855
30.43004988830456,-2.73469896299354
31.307912963451134,-2.5909229413058243
32.96876766363395,-2.870067766362431
31.718805578923106,-3.7301899678375445
32.507019451733605,-3.2096743800630114
31.689937613046705,-3.2786041346558017
32.27275365306214,-4.0786379561028125
32.421800361086724,-4.589103110513977
32.508338211144896,-3.3617275974139442
35.03160429371557,-3.859669348646072
34.750738534776055,-4.862141222597695
34.64126848209308,-5.212110410800731
33.60796831690025,-5.571883138842328
33.798395517172786,-5.428800887349076
32.658737597027354,-6.502637765886636
33.45359270630985,-8.847922261437546
31.91743692186811,-9.201587632910888
31.9528551056437,-7.6440299787468495
31.882962929509386,-10.539647690478017
33.24348329792287,-9.048829394277474
34.31986107868931,-7.7949424297425285
34.496638189187294,-9.763765739705413
34.50271958234571,-9.960059002467347
33.877328037134276,-10.809904198484475
33.435340789461996,-10.809750973538126
31.73614991254153,-10.709511404718203
32.91096491553168,-11.12069164009763
33.021642909966914,-10.965565408656813
33.52654702219506,-10.787643749989488
33.013067291514474,-11.809594628242388
32.54777887584789,-11.929725618823081
32.082490460181305,-11.091501607629956
31.617202044514716,-10.933093400153668
31.15191362884813,-11.358890208149983
30.686625213181546,-12.06145057040503
30.221336797514958,-13.679422971457218
29.756048381848373,-11.941290895598332
29.29075996618179,-12.12038031131632
28.825471550515203,-12.856673654013022
28.360183134848615,-11.93638237183606
27.89489471918203,-11.93626044674705
28.332773916678587,-11.696314931569294
28.18578367706316,-10.930105979609442
27.933244808681373,-10.800716428470023
28.780365303268578,-11.02013910402387
29.120638124969297,-11.710925557084128
29.923917790855338,-13.077311314704389
31.274903248217267,-12.052054178644537
30.792267972062746,-12.556290936901913
30.66453192313884,-12.640093452827129
27.877537959497626,-13.807001099255329
27.15111531847738,-13.71176565840833
26.50803731402997,-14.645668703151165
26.311376386747817,-15.2136655057926
26.707894260997982,-15.785936214623963
28.117223222586595,-16.51362300815302
27.80734170725651,-16.536326914550006
26.157460335318678,-16.02512871767323
25.795612258893726,-15.8374237462272
25.433764182468774,-13.736976468914245
25.071916106043822,-13.638402656024113
24.71006802961887,-14.163260771469705
24.34821995319392,-16.119268046433653
23.986371876768967,-15.64782381805478
23.624523800344015,-16.87604870160902
23.262675723919063,-19.126765392027817
22.90082764749411,-20.364905681729763
22.53897957106916,-19.07133782839105
22.177131494644208,-20.059625085969312
21.755202316031088,-19.988451976500727
21.390562995426485,-19.280185564346528
20.01015385629185,-19.761210261305568
19.514894687893896,-21.14099571215431
16.55633688910668,-19.081343578039306
18.90137190816312,-18.298854695516415
16.834107894368653,-18.47026881193922
16.521698582208906,-16.87029346989057
17.54259443944227,-17.43594471761135
18.281215073961885,-17.42707915923841
18.531747281294173,-18.051345329863363
19.60384962562938,-17.967153814083403
18.97662719628984,-19.337254001620305
18.620552639654576,-21.172214218601418
18.131584297500996,-20.292930711111964
20.422047848498547,-21.538271647854355
17.54898785815068,-19.704518136300837
17.677936538818596,-19.378071957342748
18.24027075770257,-19.295002487066768
18.04266298062808,-21.155436365784848
17.707852160926926,-21.57746726993804
16.666625541345052,-20.998080179962837
15.898518288844722,-22.438607533857866
14.646236499696643,-22.218180527472963
13.693421585803177,-20.900556953167886
13.82815754098673,-22.22426450744956
13.064067300582108,-20.920257571878203
10.962925678356621,-20.754014019140993
9.443025045161795,-20.71713102927717
10.537041414211263,-22.133065939968347
10.395009750344522,-22.246071051925988
10.678355535725837,-22.08363366547674
10.216372815291358,-21.53086442634268
9.86282268757007,-20.731882743951925
12.371132702828062,-20.895121966451924
12.01094888572097,-18.927044177629416
12.740639545645054,-22.060090323636445
14.665377407864318,-22.33368666394239
14.152945318879453,-21.535294613033255
14.301216519337869,-22.100113106552385
14.231247050126678,-22.224997695351718
14.250940414033488,-22.062616228157207
13.952907733644896,-21.108975536916212
12.897937340808111,-19.904747952042033
13.257796607294262,-20.919850526729352
13.617655873780413,-20.970011615612158
13.977515140266563,-23.708459303881387
14.337374406752714,-22.728900867487646
14.697233673238866,-22.240052969429644
15.057092939725017,-22.209624904152044
15.416952206211167,-23.303326547404925
15.776811472697318,-26.44328506343958
16.13667073918347,-31.10057601164834
16.49653000566962,-34.6544262194236
16.85638927215577,-32.067686532270315
17.02956688919487,-30.57358731313587
16.351451446759636,-28.666100311919134
16.719145760228773,-30.983641464092678
17.510361359019086,-27.610328068767465
16.343664683842242,-28.675118626428592
18.152488194384325,-25.13333084517345
20.178959565515058,-24.13958927614164
22.01337157913859,-24.931441516220282
24.56747914605668,-25.108569642313945
25.052011734822933,-25.690211589599933
23.7606112418993,-28.14350127295179
23.172452701845597,-28.48687098814102
21.82461890965928,-28.864676868449937
20.606729433624746,-28.642883928116746
20.373883713079604,-28.528687074920484
19.23048174897084,-27.779624122208606
19.83733568893669,-27.206824104338065
19.61761207252753,-29.74065588779865
16.84101730897451,-26.938324750866634
17.886793624713725,-26.165719794762087
18.76174647053882,-25.30665926518999
17.840010204374106,-26.708528629207372
18.827758747642676,-25.030635662465112
21.18741743829366,-26.001470919332355
21.451914157364552,-25.532275456677624
21.296314055235555,-30.033489153820586
21.596434713105083,-28.387837112738318
20.474944143769264,-33.49232310309297
21.610373655924533,-30.772035891296415
23.715856837038444,-26.223425415281707
25.79661940301521,-27.316465992899904
24.308150999240763,-30.87115101636688
23.21158116666917,-36.84536286178886
26.811804995192222,-35.212758346451984
27.135268711033294,-37.134941856776784
27.30615784679931,-39.672584531800524
27.629864280521772,-40.94953735863718
29.766200960805683,-38.971979742724976
29.65729553552975,-39.59263042922995
29.548390110253823,-38.46973080764762
29.43948468497789,-40.646392826465885
29.33057925970196,-39.26056991576593
29.221673834426028,-39.52754689345839
29.1127684091501,-39.680397730960465
29.003862983874168,-37.638051871829575
28.894957558598236,-33.71249610952414
28.786052133322304,-30.8366952635901
28.677146708046376,-34.90391096636392
28.568241282770444,-35.35627147829054
28.956498874777964,-39.6269704660286
30.77559216424875,-39.81325488416638
33.42039055298896,-40.648464078982165
31.261167910434175,-38.15537612772903
32.470330159224645,-36.67165428444839
33.95297763657385,-37.10759990615926
34.42860540015918,-39.579378039101066
34.22807778890632,-35.145483662968594
32.534221809576465,-36.31829954197227
32.34248558952904,-34.95576038315925
33.74055282928819,-33.6483862773749
37.097685307077676,-26.909774490253675
36.876768481776686,-29.49770391910572
37.70178587874529,-30.77358776875834
34.681784173984326,-28.75473514661224
34.86098730237308,-31.726610236586154
34.292043855702246,-31.653875507905322
33.8599827135881,-32.60777382790409
36.2905259812932,-26.80589949404991
32.41743722216774,-29.98116599229543
35.09832324124572,-33.609763988831304
34.405135401466545,-31.557287725499556
34.19081164319459,-24.15679770887345
35.49559461210245,-24.22604466875614
34.278840616999624,-22.945875543570384
33.66316221459871,-23.561066883276418
33.359994620480954,-24.48439122983614
33.14622990236827,-22.60308327172944
32.48498317152306,-24.4029231623388
31.372730082202644,-23.767936410397393
29.669392773683217,-22.941276145303952
28.416189056190987,-24.230167834912407
27.993112614385392,-25.644293782863755
27.727642572573306,-23.81064198257545
29.0348190721581,-23.309930455679392
27.302955537055123,-22.208847942523217
28.1583306055111,-22.275567947390094
26.139887963116724,-22.610531729340302
26.059414284707586,-26.18354322867409
26.40600548228964,-24.508241678243476
25.86398021558537,-23.03705909372571
24.65080474667224,-25.1970423446148
23.508710895982723,-28.238544657703127
24.00184605695262,-30.993678815072577
22.274461561860008,-34.90895186633299
20.359299236881295,-32.880598304677214
20.495930876177177,-33.69139100308753
18.949276342620845,-34.1774125875793
18.680233229833267,-31.679069272092057
16.45100407548245,-30.70986257994535
16.32579830868155,-32.08676836137877
14.76361518805349,-33.82081791306029
15.47630632997717,-32.71439365513881
14.06112936227497,-33.64000072669445
14.290716895807494,-35.87599261579853
14.503390710836648,-38.3523584816688
13.83536027246598,-39.4529633644599
13.323579461933498,-39.48453016603985
12.536847280865075,-40.70110686498909
11.048383122465271,-40.53181391374838
10.51795762083938,-39.64535681315387
6.622790027929409,-39.131792726051074
6.858174409045935,-39.39624194184357
8.38498147220517,-40.60311557648053
7.935017763356654,-38.786075449136646
7.4600354987538635,-40.269671861985934
6.39491450231466,-40.39490416382657
7.1670047425942025,-41.5723536002276
7.234271944030448,-41.62592695656105
7.494895267226412,-40.32846392927574
7.503032867554546,-40.94431883680064
6.239051597880005,-41.55673892260853
6.175460331852929,-43.320340729336976
3.6928931193535752,-42.98145797478179
2.303489202119252,-43.384983930951144
2.1548023475118554,-42.80979305942251
4.875175618235888,-41.8352707472708
8.262690369570457,-42.32370680093325
8.230562306028943,-41.96480971111624
8.691388779109975,-41.99848714853987
9.152215252191008,-41.643082168871366
9.613041725272039,-42.05033835695663
10.07386819835307,-42.27734932188426
10.534694671434103,-42.374079308492135
10.995521144515134,-42.303692465671425
11.456347617596165,-43.11195607744614
11.917174090677197,-41.70914631748139
12.378000563758228,-41.23495296956132
12.83882703683926,-39.93394698619482
13.299653509920292,-41.167309840875845
12.047626259549551,-40.74395831595121
11.636009824265404,-39.85951127390769
11.720086370792224,-32.24127170414013
13.341876414476337,-28.994789484129697
16.90704596083298,-27.910997357026694
18.2278800869713,-28.771449195651943
17.63621623813669,-26.952184295969975
17.066700708862307,-26.833035811358535
18.037923909870106,-26.386665856870547
20.21031709864954,-26.19141591610806
20.90366078509054,-27.073470154726287
21.81065910696775,-27.54654718342967
21.046018725933962,-26.957317845603455
19.252894076345147,-26.480478089891836
19.574122256056402,-26.286812198610246
19.804118464804166,-25.08380843945444
20.08657649849288,-26.26961377757154
21.202161974281953,-26.348432465285182
21.652576770780865,-26.455197004186314
22.70658711610597,-25.655468415067965
23.200942104506314,-25.836060594139933
22.243104177119367,-25.983704276044307
20.990705999813557,-25.88595827983371
20.8818591937943,-26.580879497672036
19.9575495921457,-24.66814929065046
18.41810532760907,-25.041721409122342
19.759461560250017,-27.026828190814708
17.976851292268712,-29.1573106981724
16.958823602665568,-32.661334959898106
16.344014248771366,-33.24127983181783
15.628205257370086,-32.677970909669114
15.11091151850491,-32.55029564098885
14.913943896594722,-33.65803411105008
14.445213691004835,-36.30488306927628
15.524528757568525,-36.779190503613066
13.308649871236387,-35.917138025203855
12.950882567915475,-37.670038593863715
12.926115016932355,-36.647084365054134
14.987486827487439,-37.638926053699485
15.718348618492493,-40.34215718273091
15.900061676164974,-39.54916008880688
16.378255470178274,-38.83568922576497
16.198279573205713,-41.59115165233204
15.202407468876832,-41.112734732317215
17.23423142573395,-40.41020412592978
17.330154896358398,-40.97137809613015
16.259226489283694,-40.97523525563095
15.829578356151702,-39.85514643312669
18.42691942442701,-38.46165920065017
18.114295156403116,-38.18495224017843
18.11489805997166,-37.18033976523711
18.26186005930124,-39.504336210304075
19.996016247538428,-35.46319396954681
20.34715838667868,-37.85270038323482
18.3408628150112,-35.232020828904155
20.665834038826524,-29.096178571289066
21.944815103285528,-34.53819082289294
21.808946703827065,-27.8668164922649
21.6730783043686,-27.665598359054343
21.53720990491014,-27.000121019169093
21.401341505451676,-26.73707357797224
21.265473105993212,-26.607258749009777
21.12960470653475,-26.095274578098994
20.993736307076286,-27.074042352289094
20.857867907617823,-26.96311550017499
20.72199950815936,-28.537293936433578
20.586131108700897,-28.28684584957859
20.450262709242434,-27.759087495328437
20.365926571461447,-27.656602364196882
20.464878282419598,-25.207614453751965
22.192457192051975,-26.23208835861993
21.76241545540887,-26.654774732081854
23.11262265138998,-25.43936001220896
22.87487286617798,-27.270873300954534
23.559632061147084,-32.0915836158403
24.244391256116185,-31.80873569149507
24.929150451085288,-37.21970859135614
25.61390964605439,-39.71496508924869
26.298668841023492,-40.72838230287104
26.983428035992592,-41.214272356725424
27.668187230961696,-39.934100395050095
28.352946425930796,-37.82254007392366
29.0377056208999,-29.18043459364995
29.722464815869,-29.513228513756633
30.407224010838103,-29.341516624161557
29.42210080496443,-34.506542586307965
29.09102103127317,-29.40093135469666
31.33711220675312,-27.9748562301348
29.39983336736041,-29.082214719357765
28.882071062563288,-27.268797601625284
29.318467897303,-29.256052541725296
26.631557280188353,-35.16542737136545
26.53994365456442,-33.726903819233335
23.261573738057024,-35.209591688432404
23.42990316317567,-35.457632769855685
21.473998388479767,-35.688271404735
21.17363591945985,-35.865283513899065
19.143771524117202,-35.35065834069664
18.543477684041143,-33.02317832601394
19.947552622068233,-34.29198350537277
20.862761890405707,-30.10245774483976
20.378590342241456,-31.45441140619578
20.982137242442462,-35.354065799142575
20.96484756039801,-34.220257656011775
20.947557878353553,-32.20761274291311
20.9302681963091,-31.70593669409649
20.912978514264648,-27.34218521052828
20.895688832220195,-27.417880329146012
20.87839915017574,-29.635379853443258
20.861109468131286,-29.286135208228984
20.843819786086833,-31.16649173234386
20.82653010404238,-29.92381163789685
20.809240421997924,-28.880200615218126
20.79195073995347,-30.04985647122697
20.325143496958795,-31.80792160713384
20.303268993381295,-31.79046725181341
20.111870878034864,-33.52071893850003
19.041353565558914,-34.945570221083955
18.796127098562902,-35.41686610481778
18.757470618414594,-39.164373191418946
18.947838313651975,-38.44436988071961
18.583443977405437,-38.39878158236225
18.15430059374027,-39.05682636700867
21.53282498258029,-38.651068349724746
19.803179819118515,-38.12794459933803
21.516744839623207,-37.17217124198551
21.70896750901287,-39.40821706552818
20.752843578243894,-39.674093165828914
22.2178876644208,-40.6092786928955
21.157246702273444,-40.270395938340315
19.697511302112314,-40.94816144745069
21.186300331756208,-39.46658661626023
21.208934508192556,-39.35676664011291
19.892024743039023,-39.06817646707196
21.512025377578137,-35.12362268387912
21.561614046717427,-36.59204389504839
21.708015430300946,-36.5265769841239
20.670083981475607,-34.887557436353134
18.731150788096958,-34.73374618158994
17.99596984931107,-36.63373774329675
20.99025691859206,-37.62493455237272
21.35484689109785,-38.34131925000434
20.22643293040545,-35.02085390832902
20.01357940954745,-34.79843710587173
19.8349697240967,-33.36041437313965
20.70441766790066,-35.1848994367331
21.521642299999108,-35.41957330040028
22.504755506018313,-34.1494168939961
25.945433112940304,-32.97779082421449
25.271090493129368,-33.24059738784378
27.20099354274397,-34.10649753355541
28.215851402111895,-33.97971913635762
29.378069601782382,-34.69848532656007
31.35449116680286,-32.46957900907963
31.048456836506013,-33.42175067742192
30.742422506209163,-34.13182765444683
30.436388175912317,-34.98018673999261
30.130353845615467,-33.95551655406659
29.82431951531862,-33.88025115171696
29.51828518502177,-33.380150240119
29.212250854724925,-36.187353042411694
28.906216524428075,-37.08619921435529
28.60018219413123,-35.09278722226251
28.294147863834382,-36.99777960882602
27.988113533537533,-36.654260575895464
28.399617245912687,-36.643940341253106
25.636392454274038,-37.56772333803304
25.996843439161307,-36.57330284510844
25.6605706428123,-37.01416727050177
25.01142305799722,-37.34322696264867
23.80371182082691,-37.04675299828185
23.814412217934926,-36.56830742396372
20.704991628693726,-36.47975390398505
19.845415941385642,-38.35462368613966
19.34963431633042,-37.70295812427129
19.711991868824054,-34.93625238328331
17.467900755670755,-37.096078714651014
15.088501616778878,-34.75401910587226
16.24246590765241,-33.2819610305051
16.075182830899955,-34.73287521063933
15.780037024092083,-36.39421266834361
14.048611498526343,-33.66194525923045
14.355690616134849,-35.815613645999406
14.662769733743355,-33.88532206690951
14.96984885135186,-30.814926141035524
15.276927968960367,-34.4788468552756
15.584007086568871,-33.212547781573114
15.891086204177377,-30.575391661391038
16.198165321785883,-30.993484438381017
16.50524443939439,-26.02000046515187
16.812323557002895,-24.76396051534912
17.1194026746114,-23.942798322847707
17.426481792219906,-22.260291197290005
16.673254511681368,-22.86161932004744
16.582752697733532,-24.59512760685796
16.912437676288263,-23.990624046423548
17.24212265484299,-24.04722779197419
17.57180763339772,-23.80236262867536
17.901492611952452,-22.287703545251688
18.231177590507183,-20.284960678194984
18.56086256906191,-20.69860369975933
18.89054754761664,-20.19173081756019
19.220232526171372,-16.441863022790454
19.549917504726103,-15.98698947000916
19.87960248328083,-15.746363010408015
20.20928746183556,-16.840095024512546
21.276573778643453,-17.42247862530028
21.22083741048512,-18.990138864428324
21.19194981029302,-18.39880659057068
20.56024840365083,-20.148613705606614
22.318299435740855,-18.86686331603503
21.986213467873192,-19.03648867286672
22.367502674493913,-20.717116236440436
24.706527946948277,-20.20461184620708
25.479073373174145,-20.576575046416224
25.907987637343318,-18.599338680455897
27.306032884418,-19.921712498154836
28.18422021658677,-20.857869700481437
28.8527968156525,-20.870239497561126
29.556885626957303,-20.266487328251117
28.20059621924416,-19.604757409374503
27.64655248648224,-19.47599194724205
27.42019494837027,-18.06108181447698
27.4849103855068,-17.96147485681695
25.40566419363797,-17.636195688229293
25.91667809463469,-18.385062895096677
25.11970452196217,-19.27394833616019
25.758086437867444,-20.831611052460588
26.295078797123555,-20.7943383346557
24.98677000673418,-21.49496966159508
26.5048490751411,-20.912000666822934
26.316474102691924,-20.556658185338385
28.692593885736,-20.74915359429643
26.96278676534595,-20.250871343339576
28.59545656157699,-20.590438209751223
29.404322675197072,-19.70139972439959
28.739419400655372,-20.26723604916248
29.407772933818347,-19.232554955376617
30.840205867699524,-17.934441477103487
30.52932501022308,-17.354973741530216
27.855621925090077,-16.64639367032235
27.199204679876235,-15.972273330502816
28.236979387319106,-14.89919236049881
27.159298483977913,-14.50000319073827
27.82972531030304,-16.296392540295336
28.097503310961486,-15.390613729843425
27.93811393634836,-10.785085809096229
28.288595663030485,-9.685470792196664
29.12628518740059,-6.779504489989161
28.191649533694516,-6.177667914766513
31.38633900269168,-5.72726648733411
29.835789446905025,-4.041138794030282
26.985282408618268,-4.817749714653062
26.091704359026554,-4.693683315635963
28.83443967641676,-4.744946546850361
28.463529569888134,-4.70815032560626
28.092619463359508,-5.1807278429439645
27.72170935683088,-5.742687118150535
27.350799250302252,-8.8403036314697
26.979889143773626,-8.941321167036946
26.608979037245,-8.98713560742115
26.238068930716373,-9.34015075953007
25.867158824187747,-9.67234296013345
25.496248717659117,-9.260236453538067
25.12533861113049,-9.137159282163525
24.754428504601865,-9.031603696859403
24.350856389174634,-8.828705504062889
24.054815901493033,-6.43983479692763
26.37889415697705,-6.258102356644878
23.648930280541578,-6.494400198439575
23.575582138507013,-9.193122340838414
21.716652542180846,-9.226566481353506
21.742011706360376,-9.201182789652146
23.434745692374005,-9.564820330314404
23.33284158001717,-10.276006274494197
22.535253900046406,-10.541154976913454
23.89519970148529,-10.243741144166652
22.10545131742677,-10.229354546972536
23.076174625034646,-9.012433259579371
23.840374329180587,-9.763255651573605
22.63934998734394,-7.491228277883501
21.50151354496101,-8.022598456326955
21.062040390694616,-9.047126794004736
20.622567236428225,-10.385389914290695
20.18309408216183,-14.773488189415144
19.74362092789544,-15.057084611845
19.304147773629044,-12.25340452834301
18.864674619362653,-12.521701867879235
18.425201465096258,-11.466038808757771
17.985728310829867,-15.38108073333849
17.546255156563472,-10.739354411860637
17.10678200229708,-9.439700031486009
16.667308848030686,-10.462643268351634
15.225105171029861,-11.591074048975024
14.282042913966254,-14.43134828674961
17.25016442395249,-10.650663166109998
18.478839283093027,-10.309009139063193
19.78099619625825,-9.838222123443998
19.59683602157039,-9.351038041538384
20.127841468689706,-8.956140643975333
20.227437100353868,-8.331120336517172
18.405284922006917,-7.600865082313749
18.490133719029714,-8.03796924644821
18.21177287728366,-6.471687979267739
20.89840326483446,-7.161888296364803
22.955346467395408,-6.673015320297088
22.867750922317104,-5.657419276690085
22.49272170399597,-6.36352891455886
22.04701035604239,-5.400721926259276
22.41990918397973,-4.724509687846435
21.28895756277769,-5.5436844719858
20.793702693559744,-7.035048344397196
19.713689598594872,-6.363213067665537
22.078174157041172,-5.911833592645927
22.115628163365393,-7.534603746947118
21.69542204000058,-9.112842668128899
22.05073483926177,-9.34001253156004
24.1446364128266,-10.510560108234014
24.470324658585316,-10.763022753909635
23.789077710639553,-10.309192556596635
24.956629646398245,-10.399740471251246
25.691328115059804,-10.46285641613288
25.55543743167468,-10.775022820149301
25.958302192345062,-11.448824995189687
28.047258656112483,-11.496786946679494
28.103021863685413,-13.638724347166702
28.757079819266032,-17.573084579569546
28.70583159072052,-18.98207562891599
28.062238102400297,-20.352304922433003
28.296390024052325,-22.113447535308822
28.939220072754605,-22.275083486986457
26.47041364935766,-22.55604917533363
27.130593705361342,-23.72491703355948
26.40735917184172,-25.021453539858616
26.113310737503284,-26.049870197778656
24.545310522306494,-26.467833182701913
23.517250852667406,-28.517582393421694
24.44391256400648,-29.818356379873176
24.633018808158,-27.825492433141743
27.536817195416962,-27.52930775806774
25.798759361342224,-27.750874694280256
25.251250801795475,-26.75350853861985
27.75450624885316,-26.003638334180216
27.843778336563663,-24.825461896987647
28.661406519973767,-24.386482272222956
28.10039331120949,-24.408969218786197
29.832466790127185,-24.785161661029104
31.96859333020114,-24.764449476310944
33.513280760615274,-24.880610951510874
34.41568575901587,-23.774975424316487
34.9260863730733,-21.59470879170361
34.51646339941853,-22.669584032909935
30.923062073418514,-23.35278436525405
30.243760900443927,-22.982757677371996
31.148104322138057,-24.776411440666305
32.3550726757528,-24.737989131650732
29.852510303547216,-26.045934555433565
29.069543192606925,-25.623637355613486
27.338126943165655,-26.05125300261504
27.784962226077113,-25.356181670909
27.832319206436054,-26.308355291822927
27.494975290908563,-27.825771671105137
29.8389080874239,-29.036682946619568
29.033349146621795,-31.806276859026138
27.31522614535138,-30.1442439829768
26.373460476856646,-31.268561044899048
26.473189011923907,-29.509264860718886
27.888540946319804,-26.77870585692427
27.705801722401674,-25.71841912701778
27.523062498483547,-27.110604913886213
27.340323274565417,-28.005068503294137
27.15758405064729,-28.30639127157367
26.97484482672916,-27.900447947641727
26.792105602811034,-27.471033996163666
26.609366378892904,-28.537134551190583
26.426627154974778,-26.51652592008619
26.243887931056648,-26.613722873992103
26.06114870713852,-25.947278508197638
25.87840948322039,-25.413362523547327
26.367154025035298,-25.216674910227493
26.60329210517423,-24.792060562514585
28.251582023157194,-25.207752319228142
29.385785308792332,-25.60649672446071
27.1514924122406,-23.588098963942386
27.77197101490096,-21.626972011751583
27.379645216914724,-23.44410700986246
26.25911984249184,-24.085745678613854
24.444643591297943,-23.55391282777524
22.35300120969194,-21.610232630963132
23.907680597126642,-21.18174363279884
23.936736299643034,-20.616645296198207
24.612320119622904,-18.409503466170484
24.91928813848112,-21.256034968585684
21.52815404291318,-21.612612084195728
18.12781440523062,-22.462584355540375
19.139082795689138,-24.057581346453276
16.785348013288413,-24.950414533306873
15.200617332651541,-25.18285325089246
16.42000098761039,-25.55559542879621
17.96562660042339,-26.59360536974781
15.851409930620475,-25.465185202853984
16.831868995574737,-27.047260771940707
15.74354067061812,-26.937090061302776
15.0130357841704,-27.607673289412958
12.068208876817145,-27.80224250350524
12.99343422308482,-26.892585732067868
11.659880024422081,-27.630990383176897
10.37608436080558,-27.317639157431888
9.001111112833867,-27.86681029886028
8.461954652545616,-27.241222890019237
8.399534853496018,-27.434157601315075
7.9051112920073,-27.053267273956017
8.500470523961933,-28.959051957117076
10.045551785827096,-31.299515747910096
9.91043804987286,-32.190046125144946
9.90507904033469,-30.295196135584796
10.539743991620178,-29.59045812701573
11.285481597162725,-31.194465926018704
9.738766861871225,-28.888576442079632
7.398775770748205,-29.308675477990082
7.3235141452493835,-30.225259233872002
6.621829783497239,-27.613972797671646
8.487756912966187,-26.78074935887948
8.671888293447799,-26.94450109216001
9.064372914126624,-26.913271766416564
9.935439875932119,-26.271415466007603
12.153906537882476,-25.158092048032955
11.426612838949842,-25.312393658034573
11.813259570098609,-26.94728111153963
13.659712141281247,-24.71845715922409
11.600076987930025,-25.331420468049494
12.748268103998019,-25.526798578468597
11.914763047927483,-25.076435997536027
12.726755364879539,-24.89585225443358
13.469775841288216,-25.25713685947098
13.413888220559757,-25.903027746004852
15.204945664718233,-23.179578441278963
14.65018252865423,-24.617349508460954
14.12980216582753,-24.96296624590325
12.2218029855946,-26.6416043618072
13.036645662782574,-27.978952492152345
12.786964309772575,-27.37977541738144
14.571535451599779,-25.281898062330484
12.088087393360134,-24.673445213910206
11.02811154116422,-24.555673929218884
10.671508679545106,-25.733328061093168
9.711219029427461,-24.61639353142093
11.294044754471262,-25.78017620746797
11.182645493305005,-24.178025389854714
11.141890073055043,-23.1438278302703
12.354768768829853,-23.441693972111292
15.44420546510453,-23.480503972483792
15.122669049974064,-22.68044937085935
13.997903508693032,-21.649666831053096
13.588583817891065,-23.00680038415985
13.46636831747403,-24.26715506072058
14.807717763109531,-24.928899486375613
17.48748875326278,-23.989024565199617
16.856334230726606,-22.782083833839806
16.399845173301422,-23.14284985316108
15.279738666343192,-21.793649614065753
15.926646534221533,-21.79620797724641
18.598673702365275,-23.84399800587326
21.06276610378314,-21.77874067073292
19.609415402398593,-23.05886884313819
20.569780191410572,-24.325830930585635
22.5020339512233,-21.814574130685614
23.2235836708362,-19.41118125967888
24.331532738926114,-21.290519663370418
25.59375747977407,-21.683937050885984
25.829895786717195,-22.867941747704013
27.046633684872212,-23.062738946051287
24.69407062994771,-21.793818199835925
28.445474282167226,-21.282989569160062
28.02277118936881,-18.62833648674798
27.25236349915346,-18.675973323812183
28.013676614572578,-20.466703836781676
27.047054165281565,-21.315151782297235
27.414176368523126,-19.70898238152797
28.692638924998796,-21.18411919699753
28.204929792702107,-23.18689154538261
29.152989964618442,-23.407686028254254
31.372629571757553,-21.657986379222873
32.11158890967743,-19.156871834150486
31.625844033172797,-21.64051625209257
31.140099156668164,-18.67294535568934
30.654354280163528,-18.117862688885193
30.168609403658895,-17.42331675632515
29.682864527154262,-17.72044616390523
29.19711965064963,-18.19720747736041
28.711374774144996,-16.766777298011096
28.22562989764036,-16.674372931280125
27.739885021135727,-16.648999475534744
27.254140144631094,-18.20946157523207
26.76839526812646,-17.472112728064843
27.636118104324215,-21.11077124395168
29.565850660443722,-19.971296149682697
30.68811363736543,-20.408057710841575
28.005084734256624,-21.028887824305126
28.697425067827357,-18.62639487332548
28.48559232530752,-19.748621042830074
27.65785206477416,-19.809772522918237
25.373019750178084,-20.379754498671012
27.34135271847072,-19.794232541259703
28.506521949639765,-21.723935475146263
29.276064070867207,-21.677664699738038
31.44210615927237,-23.579677158222434
33.05458656634065,-25.232375656611474
34.092421637847245,-24.847176391917092
32.16102159858279,-26.354959885879833
31.20934252549516,-27.12393130284803
33.63794067007018,-27.13892404942387
34.93449256008604,-28.92237037054042
35.70095847093575,-28.011766374118764
35.31824655788979,-28.321179166072103
33.94655444616612,-30.314294645072657
34.41524869715399,-31.828300368187076
34.883942948141865,-30.240672691599197
35.35263719912974,-30.159972653004385
35.82133145011761,-31.346066095830242
36.290025701105485,-31.899501555114803
36.75871995209336,-30.326742787341033
37.22741420308123,-31.341335326179443
37.696108454069105,-34.323897844375715
38.16480270505698,-35.50690115356325
38.63349695604485,-35.601717052527555
39.10219120703273,-34.31513131673321
39.5708854580206,-35.24696346334961
40.03957970900848,-35.94544632465316
40.50827395999635,-37.4139558670581
40.976968210984225,-36.86613491131576
41.4456624619721,-38.48652797041583
41.91435671295997,-37.86927147369047
42.383050963947845,-36.03345717727089
42.85174521493572,-36.88420860592997
43.32043946592359,-37.75445802396552
43.789133716911465,-39.74155353750085
44.14688744923264,-40.060777428825595
43.85282665135062,-40.09171645262369
44.13498720019383,-42.202781104434266
42.84354189854511,-43.232021902093834
41.7856474149613,-42.83134499898847
38.670382695968286,-43.514074851382055
39.66848869225838,-43.762785645257246
39.57304755354189,-43.85717886535184
39.88407231397863,-43.94683957746549
38.35681258078126,-43.63756368549587
37.35293468195785,-44.48445790729585
35.631348067107155,-43.87283543186372
36.925586831687106,-44.56559634701852
38.058976643783886,-44.86136556581317
39.82796981534947,-44.02906658014563
38.62621802960012,-43.89937317355321
36.02642991786845,-43.78957560779884
34.87043633242613,-43.933755251377114
33.81603219002737,-43.77532809034543
34.27836044576566,-43.03452732088184
36.016651769616615,-40.08114984891207
36.67745981993969,-41.28207033216831
39.29571567602055,-40.788587361149524
38.59300527078541,-41.24871079302331
39.8242357354282,-41.346425796775485
40.86121107626797,-37.897049157900916
40.36027486499354,-38.193578162397884
43.957373712243616,-39.29254838342755
44.19079483591204,-38.487970201780605
44.43714120771456,-40.0301437105418
44.061227216838674,-41.28704420200587
43.80429149443185,-41.366561230824715
42.14108633726812,-43.91823339470205
43.02351254790258,-43.46512829406141
42.02374222489909,-44.25010842197555
42.702848590837746,-44.95458060534627
42.10759346896677,-44.8548092734479
43.62860174449195,-44.95321734317085
42.37787102531529,-45.058769844026074
44.56292539707838,-44.58219840868566
44.9876797407946,-43.849117415361576
44.44972829996679,-44.8451385722259
44.97303965552645,-45.4715657860889
46.791298766870554,-45.13765427446321
46.752921716911366,-45.013475326309376
45.59149821048325,-45.72756483213553
45.466911197910996,-45.08189827652577
46.55475850117808,-45.9668758000511
47.029767210546616,-45.700759506078526
47.14507960881356,-45.68728267161411
48.83581371440018,-45.83342230068871
49.54667518307898,-46.014452556605946
49.035219345857726,-46.07330418445343
49.26307004959904,-46.04875609708594
50.410475145549455,-46.01978919501006
46.569815630801784,-45.80980084613375
44.300403463077004,-46.115847040450845
43.38795858329112,-46.35323904152798
41.4180988976546,-46.69461207868558
41.13489392813052,-46.93023717791671
39.83354475744408,-46.55380933853116
41.291160205262344,-46.43358142354741
40.99458588412256,-47.19390862733275
42.87943906025446,-47.07446396441466
43.19431651048205,-47.07606705061661
42.112893338688956,-47.12666129659442
41.1976053212737,-49.280486311198054
42.51923909933446,-50.98061292386971
43.4239741137115,-51.986544831643975
44.55618869546245,-53.93002524691231
44.94573100206326,-56.527117317223976
44.988402556164985,-56.526667061341534
45.409697910911596,-56.11700272899603
45.1356633810168,-57.14158408160202
45.221974577439326,-56.19561735829222
45.40329130407254,-52.30152966939508
46.27556105565667,-48.1912559355285
47.25178147812841,-48.743320792753394
47.02383842582016,-48.240214984647906
47.54157947299531,-47.366626986884334
45.64642201730995,-46.80189357460609
44.763356575418484,-46.32923333165137
45.63038343352727,-46.89982864907745
46.399200512335895,-47.87623940207323
46.02267714262174,-48.477527169828264
45.95833983267583,-47.58146166483261
46.466488400898136,-47.03439752256886
46.6506686473537,-47.13469092017927
46.682399366518425,-47.27676472504564
44.01514007362391,-47.35841694618367
45.93465651381895,-46.85742986726605
46.37931137787619,-46.39837037768322
47.2810760061192,-46.42235153413008
49.39206797915588,-46.873589088749135
50.71989404619668,-46.63162540567301
50.05228950141537,-46.401813889188375
51.94609252149466,-46.49571531743349
50.95710242924014,-46.92853307284013
51.09310628084331,-46.50239884152789
50.40250524690646,-47.00949395159121
49.08986351391582,-47.01540324295201
48.39228687045591,-47.470699489051626
48.36076936265158,-47.0569760734173
48.63803797103038,-47.15830340443342
47.44742792177025,-47.88635985452724
45.49668322262582,-47.14752598246599
46.72966307063094,-47.98581216631294
47.57738723108222,-48.45222356353369
48.507112107825755,-49.13063567209431
47.46393918266094,-48.514389338790984
48.65799736532705,-50.29502023481918
50.52899367981639,-50.72102193168662
49.392371949612226,-51.11425891709483
47.81324731357343,-51.06833035102029
46.833439684736426,-49.078875423668784
45.26082656197056,-49.629387996451
44.967090049146734,-51.177668707140135
44.26366078808778,-52.38478469875056
44.724390544850635,-53.833086519382796
45.77497472395229,-53.06673397195458
46.66448408765483,-50.946385447476395
47.48129898749663,-49.84819706356491
48.56451522908226,-48.57425298466589
49.57941063537084,-49.82161122727157
50.93502562857923,-49.24696685461723
49.08825947408669,-50.13842520386013
48.079112777094785,-50.67062357350421
48.84372639878769,-50.713343832889684
48.66528460191355,-51.46866341241603
52.15651150284292,-51.16348352243906
51.80797667002971,-50.19055259736224
50.72154139869334,-50.79212703942065
48.354160585022974,-51.39471391514513
48.6256407666299,-52.08385404357459
48.73638309397088,-53.83449194029621
47.28302452075304,-54.161309186255
44.934844685828544,-57.11878663502084
44.919416412520356,-57.16839452397302
42.87232254700199,-58.557705260813435
42.61713989742556,-59.58174032261836
43.68000553527968,-58.64299731514447
41.99553575515275,-59.983893004122024
41.17849489927244,-60.74444007125185
40.267123411846704,-59.62807720417547
41.96226080135433,-59.297202285406655
43.694601742766004,-59.59687115455407
44.05282575619884,-59.80945616644461
43.77296693774972,-60.1019585535144
41.86400555046987,-59.97544786088716
39.66375973436223,-57.03404331862784
40.6163293023812,-56.837222834938395
40.25440498568811,-59.15189843699349
39.98308539626805,-58.518931399291894
39.96377149100573,-59.65161773985773
43.24774296178013,-59.86895701735137
43.99070718178687,-58.426861981333055
45.11106810177569,-53.71325702795706
47.512668809584085,-50.96344242245042
46.98922306862521,-49.735104858897
46.90762884643696,-47.785802274169825
46.300096178890335,-49.9566206654932
44.53966073771083,-50.51529486464057
43.427517190134076,-56.262333446775784
43.68102664968545,-55.88228922402467
45.1213280123414,-56.68088841201268
43.4172577067081,-58.97149897038828
43.728591461084804,-59.08954417424428
41.94232215489361,-58.25324204303391
44.29067874811941,-57.29977441855016
43.37127334001432,-51.787995657117904
42.97749507622221,-50.61983607996085
41.27420250355377,-50.50262450446923
41.14196052025936,-50.486347547208624
40.91169560988215,-50.11090170981196
40.02869655797777,-50.59220005683859
38.3364428274326,-57.27494668066419
37.31358686947248,-58.33772196702628
37.12895540592042,-57.04071649397851
36.27824800751669,-56.971658737594936
35.922613334793105,-59.45761577573156
36.627607684482285,-60.46308525004731
37.33146620169585,-63.22466109766515
37.635708123682406,-60.6724241123262
36.35951818806987,-60.58528302168532
36.90288483958289,-60.511810435470316
37.91959640944433,-62.37862141668537
37.83208941324471,-64.32599454554868
37.214420073150315,-64.56209210870007
37.45021577526604,-65.69835300151577
36.94676834051423,-64.35972276885602
36.53349555261201,-64.19108165231931
36.63289741160128,-63.087875041927134
37.56625352626081,-62.68058412438311
35.328586836893315,-60.50785723512768
33.58392925314955,-64.258538098934
35.92281253595386,-64.46090743877805
34.60009905680704,-64.39345099216337
35.66978316917117,-65.16546384342604
33.5446943061336,-65.8828387235949
34.03597781700039,-67.82510671761257
35.03109635533124,-71.00688604591605
32.69539026519704,-68.4271543945239
34.466480645417754,-66.10819207937071
34.21411521446855,-67.81598524230444
34.322090160684645,-66.27361381348733
34.32937031669233,-64.26003270089224
32.26953503533951,-64.98142530049167
31.12156244190684,-61.87133291433547
28.361218613140526,-62.30955045529236
28.27049981786833,-61.788214913388764
29.53405826032616,-64.22480987562665
27.196563617774117,-67.00960550247395
26.875149953572638,-63.6098451101808
26.8069410397694,-64.98052875136555
27.221110544942455,-62.043814084626746
27.205588533240388,-60.75270573519141
29.59355650410066,-61.65338339318866
31.757314572269024,-60.49846003243028
31.24320587332428,-60.197455469606766
33.37441289204794,-60.3050304876394
34.77150306018752,-60.775533798630164
38.08723101642039,-62.43038290495224
37.897958442723656,-64.49463566208539
36.605014003156256,-66.55222764951748
35.64077626199981,-71.63616487055295
35.76704137242399,-73.05998265167501
34.69010954029741,-75.54956296849387
32.61910760102672,-76.662367115541
32.36465604402025,-76.15283656660537
32.859760308185805,-76.36392620193669
34.00810037355024,-75.55357752982187
35.519205336000994,-68.67813824897966
37.106262612063794,-67.46031221402556
38.343935479975904,-70.26035406693633
37.983850683802714,-68.55850302158038
39.174085243986184,-66.6933679470197
38.97595921081333,-64.39729439578501
40.51262752826109,-62.14349888739589
38.961104576988305,-62.73634135972209
40.113834380439116,-67.23495885824975
40.734572884542146,-68.52078528475464
39.75716063692103,-67.0386040137309
39.04158912857181,-67.98999803130529
41.21892959024055,-65.56308736300267
40.75399780042206,-64.29226632224133
41.18960284554766,-68.30418944571419
44.84319616422822,-66.3726765656157
46.9854259446312,-64.43255725130828
47.428064257614984,-63.89106131171532
48.704486135294616,-63.88968916767514
48.53368058002789,-61.681268342209094
49.070559095720235,-59.064711720206596
48.791443865311884,-58.116522820380794
49.46233225527634,-57.397767498634025
49.69173388091182,-59.803177256025144
49.24952528009618,-59.28466652352543
48.96564457923623,-63.352389104537174
49.06089356190483,-62.61665227229127
49.551794773535335,-61.50020683694797
51.70418713755744,-62.10391581712216
50.06955956312016,-63.60731743834507
50.474012845629986,-65.23350628869298
50.42135832651754,-65.14033190761424
49.499467761999625,-67.0227890037285
48.06534121408827,-64.4271792154707
46.841908144670356,-64.22668752506131
48.98827029593682,-61.96461894851856
50.09825710230392,-63.37537493586534
49.98110251614833,-64.38045249096794
51.12835355931203,-66.59377259749122
53.70350733411216,-70.24127522053584
52.764079063300386,-69.81064150524256
52.270776203445,-65.79964246578868
51.77747334358961,-72.26924765278915
51.28417048373423,-66.5044913871487
50.790867623878846,-72.85941066588876
50.297564764023456,-70.97146491623279
49.80426190416807,-67.11617599427869
49.31095904431268,-67.0709275930228
48.8176561844573,-66.4919821382576
48.324353324601915,-65.65748536781909
47.831050464746525,-68.14194141342358
47.33774760489114,-66.2406038593328
48.88189875445535,-64.07404426896564
49.37085726432996,-63.59167139674975
49.16185962021794,-64.3781243310303
48.23608496167118,-62.299734125324356
46.5655921689458,-59.94041270861182
44.365961305222925,-60.2872138449391
45.98274067927286,-66.33354543514652
46.28947398740291,-65.43213201204328
46.07627381070956,-65.27280089661552
46.149308705584566,-60.321377565979
47.219205745403315,-59.94305855179702
48.05789661345372,-58.27802032657263
49.29502283248381,-58.45971863996332
49.43622412764395,-58.83967817410535
51.44061863075284,-58.263469594122355
52.49201535160911,-57.72046261468905
54.29436491806667,-56.4361332541542
53.96396266448712,-56.52451508380183
51.70433166160791,-57.34089246916064
54.896004952153774,-57.485362415281614
54.78811485015339,-58.23125857478667
54.243963070418474,-56.99905762269093
53.499709639890746,-57.1324401340722
51.688302585397075,-57.085446045452095
54.01480133150024,-57.523007898276944
55.53358069815809,-58.3047914539818
56.83156582540617,-57.95985489614208
57.5397440378702,-57.3945283935031
57.77774167695163,-56.50947474781033
58.64309075676036,-56.04787307073178
58.96535316083644,-56.352131590198084
57.488190300229085,-57.10777070158421
57.56382420266629,-56.288377394443195
58.2038726343502,-55.9118346368024
58.45549860536822,-55.87416935352977
57.76490813008538,-56.49204994324044
57.78023825789131,-56.02546246688872
56.87579424608686,-56.45384459070746
54.3332864277535,-56.08994753452837
55.436828376551475,-57.023453131662166
54.60802490983831,-55.91719439239427
53.08810590620929,-56.65243042575355
51.41787050995819,-56.76859586777822
52.74467264340781,-57.79468245418592
52.47029730955283,-62.4908427824408
50.72292863060004,-61.788165230010925
50.35148193358898,-58.144263051396265
49.37866159755823,-61.45118349433774
47.427441428583755,-68.13111013192407
47.7347341040216,-68.2932579460931
47.4145585486409,-71.09179732693622
46.96224260234023,-68.87038139733724
50.068352206203755,-70.75906825839672
50.81053093675968,-71.3209598044794
49.555870673407014,-66.78425214669814
47.68103091082942,-64.52836388539274
46.29504774862508,-63.73989880028782
43.604089425815154,-62.8488404652187
43.44528242916722,-62.05629660789299
44.93476295752297,-61.582886957193395
45.318530645745774,-57.96354131129385
44.55849797341864,-61.32077674265277
45.38047308814336,-58.95700764547105
45.89251648620286,-58.39907975584932
46.3708761943306,-61.54291413402624
44.20051494887499,-59.059435960185816
44.600485851529385,-58.1944986626899
43.273141219416935,-56.924129387837375
40.480634689133865,-57.90321435760611
40.09597374779618,-58.062223181510994
40.85864164536119,-58.374825829412195
40.510516782333745,-63.34212612623121
41.228628132244765,-65.20677865626747
42.88096806690152,-63.51200256695073
40.56574243034057,-68.49698420240532
39.312111389406645,-73.5064403815195
39.27010067318491,-76.18777994893479
38.47031733141731,-76.97229515343369
40.01755775833745,-76.99624952131872
40.232827033223195,-77.0191259950809
41.09694286303878,-77.13866508551716
44.31915245320603,-76.54533804643073
41.48663347115954,-77.84042108485465
40.684224502741934,-78.87038560439045
41.2299327356564,-79.31087873371207
39.97556999058573,-80.16912798859674
39.84667379579236,-77.64789572523782
37.43507398121923,-78.8778292173243
39.04550970163273,-77.44075290327551
38.18690436832584,-77.86861364789678
36.47999139807953,-77.45189110172103
34.76621834918302,-77.49362137985823
33.55799895720284,-77.90638134005849
33.71195250907208,-79.52438901299833
33.41644075843979,-78.21751194264814
31.7351068177758,-80.46383946325011
32.01675388129254,-81.58641596826499
32.125877011714906,-81.65637900720611
31.531666739948992,-81.35409396739405
31.85317419982846,-81.08770885836846
30.391275215569152,-81.07813002125876
29.712342283083544,-83.113518066593
28.65482327538296,-82.876034164119
27.936831506867186,-80.98522065842866
28.302837610718463,-81.4996927007678
30.42820187351285,-81.35614248164681
27.844452705104583,-79.92498753102089
27.92320184033957,-79.49160334379731
29.177871237807537,-80.53920869331519
29.64650604661511,-79.29282044064942
29.659143580326052,-80.59918380334595
29.340308253406892,-82.6313267789181
29.048813376766336,-80.10704837186023
28.436883852508785,-79.90645077744671
29.38287227229396,-80.74171440925636
30.354676612307586,-80.91453474061002
28.178363504297856,-81.33845390374303
29.030252346236573,-79.33487621824356
27.83796133741326,-79.35561170353616
28.272701412901657,-79.91753150437374
27.03547990041097,-79.0920304330993
26.835482388763918,-78.49847389145489
27.675160452846598,-79.60032912785533
26.662530013626778,-80.0360282575939
26.263108358335316,-80.04434061543465
25.24339858229727,-80.85116053428054
25.766158914787542,-80.66711502595072
26.93325052302381,-80.39579824865368
28.0339848219297,-80.98660842376032
26.08634447060904,-82.55862226650902
27.892454016107155,-82.47787777392033
30.06211606774432,-83.13898418827709
29.004754530048153,-83.49558142453361
28.158036774713946,-84.53706053779986
27.39451377581887,-82.71024358252494
26.504662754620885,-84.1812680177112
25.53070484640864,-82.38384254528111
26.064838755554515,-82.16568778035544
25.05837317437045,-80.37286509755148
26.64984297594903,-82.12931480193438
26.94786256867482,-79.83337060801665
27.51819787234809,-79.09634771202433
26.76708363833996,-80.90827229554594
25.976452950570295,-82.23763541715208
28.565466046358903,-85.86251712150593
28.315364620089632,-83.39005208494227
27.79452873346167,-84.40678560644646
27.815890479675456,-86.39356257710767
25.973158480902857,-84.43322328842181
25.583505652656807,-84.83789360639796
26.17448349790521,-85.0101281059122
28.19028479676502,-84.5809022442536
27.635808184153845,-83.18248016279968
25.594746815605966,-81.3784110010188
25.813845001692844,-80.46758645936768
24.158211740275163,-78.3548639853141
23.026518002358685,-76.70054859283123
20.61141150137046,-77.37900420327108
21.690990713452955,-76.03323277260934
21.098143005540056,-76.52505072785938
19.03327161491959,-77.02585264566133
16.913529509222634,-76.7663835808926
17.763341157262232,-79.39051345847722
17.190911580550306,-79.63534578942432
19.008147230636617,-79.42063329454314
19.291455595006955,-79.31273644139303
18.70393931307099,-78.15613004407321
20.847416957316618,-76.22667008711181
19.22652482776781,-76.41441784535596
19.09222841852337,-76.92908817899827
19.636974296059165,-77.29102788123751
17.700030379245952,-78.76592488479606
17.63679404734264,-76.20560773534504
18.503446661732507,-79.24684560099517
16.74499615746106,-77.0263512769631
13.178884451926645,-76.24317781701366
12.544468880874827,-75.95359439985658
12.031060466663043,-75.33839863813662
12.803248960603462,-72.97374152889005
12.443906883443802,-75.97901509994156
13.849399167442758,-73.58731185280958
12.61175569854992,-71.550685462919
12.208882887924407,-70.5686076610525
13.602139360924925,-70.26829214113214
12.784167739561042,-71.44875562773093
13.039956195068957,-66.55889879092233
13.295744650576873,-68.30897697410313
13.551533106084788,-67.33118114897384
13.807321561592705,-67.99075509720943
14.06311001710062,-63.45717104511064
14.318898472608534,-64.00722744557092
14.574686928116451,-65.31632242856658
14.830475383624366,-70.75731159186068
15.086263839132283,-71.14406993168117
15.342052294640197,-71.9853903922567
15.597840750148112,-73.083238346147
15.823013987545865,-73.21150727112152
16.95383692489579,-75.12163323818626
15.04390882563328,-75.94400799004295
13.191419445007053,-75.5974226890885
12.23374437470145,-75.78250037454413
14.272656223555732,-76.02275905568227
12.04827670084224,-75.50051266944196
10.63823191508033,-74.6881516268441
10.014361985786442,-74.51583823049637
11.492850404081794,-75.3555385383269
11.291793737145472,-74.9224898095301
11.09073707020915,-74.39794628242919
10.889680403272829,-75.0358888997163
10.688623736336506,-74.18994688842714
10.487567069400184,-74.73928847870383
10.286510402463861,-75.48205484011362
10.085453735527539,-75.72567570445933
9.884397068591216,-75.23287165780836
9.683340401654895,-72.03998953448733
9.482283734718573,-73.55880603247063
9.28122706778225,-74.10687592215018
9.366662766047336,-72.70250134830722
10.083290015167055,-69.8299102864749
10.8220416519617,-69.42457988344502
11.773779763507312,-69.72969228850958
12.899218654903436,-73.56226529333624
11.230874881711472,-72.93831738390426
9.660100571333317,-72.67191939891413
10.786926242827484,-70.44891332323007
10.52636421747992,-72.59813340558219
7.304584207646114,-72.95710535368242
7.462432616984403,-68.23746319656524
8.444531869659858,-65.54827929078826
10.378778359088106,-69.66719021091967
9.409669627536541,-70.08963260482818
10.606523375007182,-67.08680089055764
9.965258874834518,-64.83023077302178
11.370379179475947,-58.99789468672009
10.674050657546937,-62.31777485426477
8.633575227644535,-63.22376974268502
8.845749734946542,-61.103094287370865
8.121150168478872,-61.19729227274835
4.437052884660687,-57.63945694922363
7.837319848592905,-55.85908677529179
8.839648274231763,-55.68281643730487
9.112732623238076,-55.54369763834239
8.268610363275464,-55.918251341633486
6.36548263837116,-55.30406118318911
11.210040663422527,-55.72449472718735
7.153650639667522,-55.47062035483226
5.786624526292953,-55.18648365500114
6.583561868048159,-55.67456114604336
6.8940353420931215,-55.85865697776147
7.357590154528474,-53.508898383096046
8.710850286693967,-47.735213344552285
7.354492865347873,-50.455895184515555
9.291664969015425,-55.71845884445874
9.960694799703978,-55.72277302887101
10.965340104141264,-54.9514103510844
10.935907228760996,-54.70316768727642
12.863724011860594,-52.77118753685867
13.694611725571635,-49.04494564227607
13.028521122936331,-47.812388333373754
12.36321664295838,-45.58010343764297
12.436889078729289,-46.22245200207379
12.136393420202534,-49.00663003278548
12.589519975068665,-53.472829860093384
14.657822140521045,-51.74343569200158
14.435421526272057,-46.33842615508092
13.621862283065358,-49.56284244444303
13.459464411577407,-45.9055738296213
10.828445143469331,-45.64683567720451
9.62217965280187,-45.405419600377506
8.370913567833439,-44.8397709813849
8.130126764051644,-44.43764644714968
6.2023492395550885,-44.647398747706205
7.6453884645793755,-44.24997422854084
7.91939842930919,-44.21950749345843
7.025945158503601,-44.33134650865925
6.133389681816476,-44.785842775404404
5.785194608400455,-44.73090013231766
7.041782975293082,-45.31685456444432
4.106430348338371,-43.7124388344579
3.7846250800194596,-43.67310224445306
1.075375048502858,-44.175660773750785
2.4334120843379785,-43.733679310821465
3.6243234201159504,-43.566584923725486
4.656333771293292,-43.438619433370825
4.784625154478109,-42.667996728140594
3.861453760931368,-42.50229995087989
4.850152706889036,-42.38202332239411
3.592484813063523,-42.53601289383294
2.1633131048662797,-42.361687039989775
2.165838040812607,-42.180191563806076
3.5610118341031916,-39.83775026184783
3.9768251747225247,-39.9151291102951
3.536647820995988,-39.7790305912189
5.395811810828532,-37.87544286976547
6.420403944770952,-37.72594596978721
6.520261140171792,-39.93930080090881
6.30442137292677,-39.931513183785135
5.206269979222867,-40.01358271985684
3.728777890170602,-38.190382033622086
3.938786966474606,-35.53163496586317
2.831927518715288,-35.5729085286629
3.0036852106993206,-35.22635712203453
3.0847970799315823,-35.7097751592604
3.1005717429604447,-36.022288332353895
1.6938090107191386,-36.85576169508339
2.766409594235225,-38.46072100741624
1.979132570525762,-39.86834049740196
1.5155980062150765,-38.47504409763575
0.1258188826980169,-40.44184057812863
-0.3062160211701184,-39.94933184155044
-0.9197330552430043,-40.78453752738792
1.7366137369745709,-41.0669782780335
0.8932389479253705,-40.42359006721517
-0.3422125589506487,-41.10522763154315
0.196036274573555,-41.00820906639451
1.150147341297123,-41.030246237840124
2.104258408020691,-41.63776080612981
3.058369474744259,-41.84755639556369
4.012480541467827,-42.382656472338795
4.966591608191395,-42.99329650458448
5.920702674914963,-43.15911749558492
6.8748137416385315,-42.54392301886516
7.8289248083621,-43.01229967859539
8.783035875085666,-43.162944860850146
9.737146941809234,-42.60621261639805
10.691258008532802,-43.50406439583701
11.764977035760383,-42.443098344825934
12.181716331738409,-43.28782708396285
13.049149619147535,-42.09264397353022
15.51553897913546,-42.19712464874403
15.805579604896462,-42.98936256694196
15.602002345983221,-42.82911834669206
16.195915980283303,-43.4108966565797
17.436691271344902,-43.12056428677905
15.45796975632353,-42.97346536261227
14.497234430693503,-41.58096378601333
13.549668467023562,-42.27152277263986
15.048123792512827,-42.58268107303354
13.811547889450086,-42.95400867815829
15.540939902936753,-43.491968593762856
12.928083231655727,-43.59292560838422
11.6600208675065,-42.75535838565959
13.404416024100332,-43.1319708376702
11.707210838727676,-42.90617300943222
11.581187277947635,-42.16788170214203
11.45918788775428,-40.60116207579913
8.93840922012741,-39.883364950977324
7.685418190682394,-40.90576043920712
7.947878597799661,-41.62103142462464
8.888155004444378,-42.47940575677238
10.777461409743973,-42.11681512949638
9.660140611706085,-42.4323705083579
8.828642855989212,-42.344697779072234
7.893192167936894,-42.64257522022661
9.816754336913847,-43.34100565591667
11.491861943419753,-42.08353742553003
11.895858398393488,-40.90402757998259
13.43225791434334,-40.71919345420433
11.447533949030124,-39.249874683403
11.227808274713936,-38.68193625923095
12.162424435546964,-39.14979516278624
11.353198515354304,-38.948093633654395
16.62166376510753,-39.21151562247514
16.07010670469718,-38.739947476782454
15.329039236077497,-38.834949953284145
15.306510904827064,-38.417956357589524
15.141318550779788,-36.68041195249461
14.445932251592055,-36.739562650705516
15.085605759009258,-36.39744338609442
17.892455005123708,-38.09051539712394
16.342157311002573,-37.518020127019994
17.68774166822418,-38.14198539600423
15.981902713651321,-37.522163355375156
15.929299663962498,-37.72402062556374
15.899309499073418,-37.30926873741823
15.17046623191406,-39.250833682617724
13.611804604922535,-39.10979202510576
14.299958517846642,-39.18680073220382
15.30065855374923,-38.69702811364395
17.205262340680363,-39.25915400606401
17.33806091790109,-38.6881287847035
17.36660277551372,-37.84617411995532
17.395144633126346,-38.928887924218365
17.423686490738977,-38.82924790383214
17.452228348351603,-38.02784676990682
17.480770205964234,-38.441202104538924
17.50931206357686,-36.647476474285476
17.53785392118949,-33.27486615075267
17.566395778802118,-34.68665695868205
17.59493763641475,-33.986716776566915
17.623479494027375,-32.78130639585371
17.652021351640006,-32.6975166810054
16.09166584450118,-34.83628714433193
15.154848379746653,-34.400626242696084
16.682401250005416,-35.018939378205985
16.0362496712426,-31.819040694036094
15.594317864126705,-30.902271271637773
16.944877672790735,-31.57087329856885
15.325430885060406,-28.813713370258135
17.753836856737387,-28.69620117354071
18.524836848948066,-26.08861373984586
17.26751473754507,-26.525828829131807
16.726700111964032,-24.60756758434862
14.439183243918968,-25.245303329678446
12.185656891249073,-23.666206678701847
12.787386975094014,-22.780061215775955
12.335207016229718,-22.554182680695327
12.721889937636357,-21.45420868255217
12.957126450738343,-20.831451191424502
13.109944814477485,-19.649624058923063
14.112411391247532,-19.5653446672613
13.752866488948847,-18.031029156455727
13.353993898335347,-17.841190384045408
13.351462496203867,-17.201173294965123
13.19844885248182,-15.4919483839906
11.805183315740667,-14.656812957546952
11.954521005670198,-15.408372775989026
11.55324795140323,-14.952455925321603
9.32965151139595,-16.131847974788467
10.110217217651709,-17.657472210885903
8.444417125267485,-19.970568128993186
7.8351331474172525,-18.407172022518193
9.226082661026956,-19.655106486686833
7.272618291448898,-19.03567401340005
6.828640404547325,-17.41844780208278
5.246786407443923,-17.81553755222537
6.668079363715076,-14.996907297972038
7.226171026671091,-16.047934753033196
9.238107845040666,-17.150658541603615
7.869364278819661,-17.232268513880054
7.825958665238112,-17.160976393956904
7.376393437189923,-16.512218992486275
7.06013374177299,-15.482461398844121
8.72303953355882,-15.73549758371772
8.033548170075537,-13.459192000565855
6.082881896875052,-12.543379768196653
4.656221221074631,-11.42381031950975
4.091170678916689,-11.629061258312518
4.854773540293181,-12.494406080847213
7.025422217723413,-13.483112920535458
9.978838512392134,-15.73865994989849
7.962425108424673,-16.608538523128846
5.717595628309726,-15.4347744278919
5.511056588948543,-13.69953422461472
4.2631973495730975,-11.496695445701334
3.1663096902233243,-10.498111660115457
-0.32496450353781503,-10.241741213026733
-1.3162723976947681,-9.734564307666306
-2.382017698665447,-8.278853476019513
-1.9503129770075627,-7.095738851885787
-1.6772949922271105,-7.5642178205416055
-1.5565056156962973,-7.105700324658344
-5.039782849883057,-6.496833750689056
-3.637876520174558,-5.731877276996382
-4.0786379561028125,-5.068731335603772
-5.742687118150535,-5.182002239278916
-2.9873560503418117,-4.777385100934065
-2.563466057643776,-4.761721031505122
-0.33264363184193924,-3.2613142826126875
-1.1816197569589209,-3.2366907308299715
-0.4352886571237018,-3.62609265350381
0.6716118311345829,-3.2262122500821464
-0.2987097216648157,-3.606471776456863
-1.2690312744642143,-3.863669222754828
-2.239352827263613,-3.543010434707092
-3.2096743800630114,-3.3312671663937925
-4.17999593286241,-2.3549586780104077
-5.150317485661809,-1.3597659687349548
-6.120639038461207,-1.0544910375530812
-7.090960591260606,-0.3818406637952898
-8.061282144060005,-0.40520489400039406
-9.031603696859403,-0.38102795474027384
-10.0019252496588,-0.14541998770994358
-9.012433259579371,-0.33264363184193924
-6.130908299423158,0.1258188826980169
-7.262973963603891,1.539433659385185
-7.6740755555689235,2.4302847929893074
-6.300431601334359,2.8845817994323846
-4.402625504117464,3.0036852106993206
-3.0900604565948093,2.776071483094205
-0.47635970554493,2.6041957884107245
-0.6495056220775941,2.766409594235225
-4.946167596101402,3.435277971240644
-4.192627706683338,3.6085762361414595
-3.439087817265275,4.1046699844273595
-2.6855479278472107,3.7764119646505416
-1.9320080384291471,4.0441520701989395
-1.1784681490110835,4.267596700264571
-0.4249282595930195,5.388533801733736
0.3286116298250441,5.632740311864031
1.0821515192431077,4.850152706889036
1.8356914086611713,3.6679887996581755
2.589231298079235,3.4339363109642176
3.3427711874972985,3.6913052349776505
1.950493624635135,3.7528286066025887
2.2019434412222774,4.656333771293292
3.1390689384519614,5.005182602415838
2.058813287403365,3.967874633971575
-2.074758889327069,4.012480541467827
0.2276515625904172,4.087857088610094
-0.19052610521310293,3.7521300616331468
-1.6524504942860776,3.7846250800194596
-0.9957168839109357,3.7773119887309328
-1.3288457080639953,5.405780685331901
-1.3359606703301785,5.056409571330337
2.776071483094205,4.784625154478109
0.1754257488621076,4.579910648040601
-1.4310833114031758,4.147769998771464
-2.2552144174708246,5.419750863539873
-1.9534196959639565,6.420403944770952
-1.146291809590625,10.354327906817076
-1.0530750470472339,7.654837551208018
-3.634723647471711,7.041782975293082
-3.4104015575958675,8.444417125267485
-3.6813730677729053,8.500470523961933
-4.80173796323827,8.41400328996098
-7.657037259835288,8.487756912966187
-11.14167182343994,10.07386819835307
-11.496695445701334,9.444974989518279
-12.932859732317608,8.484404787902724
-16.87604870160902,8.710850286693967
-16.131847974788467,9.409669627536541
-17.42247862530028,9.08206601564996
-16.296392540295336,10.110217217651709
-14.15832289486742,11.39553301300653
-12.973106560758893,11.805183315740667
-14.212351574419591,12.762301033834396
-15.2136655057926,11.667505891081415
-16.047934753033196,11.492850404081794
-17.354973741530216,11.914763047927483
-15.568167396688345,11.963042843163693
-16.674372931280125,12.517169921263198
-15.8374237462272,12.966178493993162
-15.746363010408015,13.320290195510475
-18.051345329863363,13.573772209622028
-18.587040734686234,14.34240599286334
-15.785936214623963,14.09429364970302
-17.750585296629822,15.276927968960367
-17.160976393956904,16.248517800850767
-15.64782381805478,15.989292428956093
-17.841190384045408,16.50524443939439
-17.41844780208278,16.56738135708055
-19.27394833616019,18.170679350915343
-19.337254001620305,19.23483189708874
-20.292930711111964,18.04266298062808
-20.919850526729352,18.6619231173386
-20.717116236440436,17.763341157262232
-23.309930455679392,18.090057395109977
-23.774975424316487,18.305689485738412
-26.51652592008619,17.026639858542378
-26.75350853861985,16.97437141401667
-25.42158715585155,17.652021351640006
-25.836060594139933,17.413953576808286
-24.96296624590325,17.121242050138378
-27.8668164922649,16.797398406125673
-26.77870585692427,16.521698582208906
-27.750874694280256,15.628205257370086
-29.18043459364995,15.935767233103197
-30.1442439829768,15.597840750148112
-28.642883928116746,15.854681475056319
-29.096178571289066,16.421261522938952
-26.909774490253675,15.33532744003676
-28.005068503294137,15.122669049974064
-27.316465992899904,13.856414123380537
-26.94450109216001,13.846231086845599
-24.01630823666814,15.842933901033266
-19.47599194724205,15.33269044378805
-20.408057710841575,15.926646534221533
-19.03567401340005,15.540939902936753
-18.675973323812183,14.64594514975912
-20.20461184620708,14.114450297104703
-21.290519663370418,13.625581101765123
-22.062616228157207,12.990438703549055
-23.35278436525405,13.43225791434334
-21.77874067073292,14.318898472608534
-22.55604917533363,15.084783590675483
-21.108975536916212,15.342052294640197
-20.831451191424502,13.831244085542538
-23.18689154538261,13.828716034421996
-26.622468814106693,12.511060463307377
-24.1577344781525,12.056153494954476
-22.08363366547674,12.805112064745725
-20.831611052460588,11.795667056508025
-20.71713102927717,10.63823191508033
-18.298854695516415,11.440107945473633
-20.26723604916248,11.308798389099403
-19.655106486686833,12.01094888572097
-21.588922340893838,11.089742047722888
-21.59470879170361,12.181716331738409
-23.666206678701847,12.99343422308482
-23.12755580165365,12.64096589486961
-21.612612084195728,12.31928355951666
-20.998080179962837,11.898022850288607
-21.610232630963132,12.299571953321463
-23.10120383102247,13.551533106084788
-22.462584355540375,14.684065991729941
-24.386482272222956,12.897937340808111
-21.282989569160062,12.855349953774587
-23.386959215438534,13.694611725571635
-22.643655414710842,14.657822140521045
-24.408969218786197,14.497234430693503
-24.61639353142093,15.483148966852976
-24.847176391917092,15.416871509346434
-24.13958927614164,16.42000098761039
-24.972253872143327,16.024642184621275
-24.673445213910206,15.443351728623071
-24.737989131650732,16.13569392855999
-25.690211589599933,14.830475383624366
-27.779624122208606,16.25844202288354
-25.88595827983371,17.423686490738977
-28.537293936433578,18.827758747642676
-24.22604466875614,18.2278800869713
-23.990624046423548,17.84147238745936
-25.245303329678446,18.938385745997348
-26.095274578098994,19.060200404139263
-23.72491703355948,20.511727091032924
-22.47170559895825,20.61141150137046
-20.616645296198207,20.91409201165166
-22.260291197290005,20.765861945665755
-20.556658185338385,19.86667688948171
-21.626972011751583,20.95631152929487
-19.295002487066768,21.36982445283604
-21.18411919699753,20.055719470645446
-22.133065939968347,20.809240421997924
-21.235478195714403,20.473790990399976
-21.53086442634268,20.495930876177177
-20.364905681729763,20.49569828168171
-21.146758522316137,20.41064665208005
-21.64051625209257,20.260895232527186
-23.303326547404925,21.077256617090324
-25.644293782863755,20.670083981475607
-25.903027746004852,19.892024743039023
-26.286812198610246,19.892921555423914
-26.708528629207372,19.999287981230882
-24.880610951510874,20.116461204478146
-26.937090061302776,20.54815426976852
-27.417880329146012,21.046018725933962
-26.49815119242259,21.304115884041835
-25.309139806591233,21.570102769433632
-23.82315565586824,21.53282498258029
-27.026828190814708,21.432845140029283
-25.08380843945444,22.656394619716004
-25.108569642313945,22.02452892485715
-25.13333084517345,23.23991449913593
-25.158092048032955,23.308920867731082
-25.18285325089246,23.517250852667406
-25.207614453751965,22.124751601697927
-25.232375656611474,22.10713286285125
-25.25713685947098,22.04701035604239
-25.281898062330484,22.00758270802398
-25.30665926518999,21.6321199342249
-25.331420468049494,21.716652542180846
-25.356181670909,21.929422153831375
-23.480503972483792,21.687219680271298
-21.582538384116454,22.581522715877078
-23.05886884313819,21.136326338475772
-20.74915359429643,21.900111750068042
-17.573084579569546,22.49788702731659
-20.19173081756019,22.023633025768287
-21.57746726993804,21.877622539867478
-22.669584032909935,22.166087793387835
-22.275567947390094,21.516744839623207
-22.99582069521986,22.367502674493913
-22.246071051925988,22.492872401401673
-22.100113106552385,22.63238352798553
-19.970568128993186,21.665569306451818
-19.988451976500727,22.21367667335067
-21.256034968585684,22.23741204901743
-19.809772522918237,22.05073483926177
-18.06108181447698,21.93836773434783
-18.47026881193922,21.70896750901287
-18.50278468352448,21.503912215147828
-16.648446271525405,21.499705140988507
-14.656812957546952,20.512789790785714
-16.441863022790454,19.621839405094722
-19.07133782839105,19.27776308197624
-16.615858772451976,19.627144709694534
-16.766777298011096,19.09893980202308
-15.530498458407548,20.48208995342528
-14.773488189415144,21.22083741048512
-16.119268046433653,21.117404682858602
-17.72044616390523,22.045816784729247
-21.172214218601418,22.4728961115663
-20.266487328251117,22.549142381204813
-20.059625085969312,22.568420206698743
-19.748621042830074,22.177131494644208
-18.409503466170484,21.834338330814447
-17.41671555316465,20.990705999813557
-15.38108073333849,21.997053483292106
-15.390613729843425,21.202161974281953
-13.679422971457218,21.81065910696775
-15.057084611845,21.742011706360376
-14.645668703151165,22.35339045084429
-13.761827336239016,22.30127713711349
-11.775051229351686,22.63934998734394
-11.073160596504204,22.612526483990752
-7.901447237236508,21.921837520962
-7.64921583931291,23.088720284732325
-7.413711480162187,22.022651384411187
-7.249116225382053,22.257028110337245
-4.471893325627812,21.652576770780865
-3.0441096343433784,21.89608272713653
-3.2262122500821464,22.638167921742152
-2.811814530890891,22.004604924572174
-2.2255623825757316,21.918086608537127
-2.9577091754170852,22.467029148394076
-1.380142255235552,22.5020339512233
-0.45475141843705347,22.729847547168678
-1.6946830696888489,24.067070676445574
2.4302847929893074,24.285401319488187
0.4508859259807534,24.314017138030078
2.6813773519983486,23.9867617783382
2.029571310811281,22.55673748949773
2.7654630597776566,22.33748319282265
-0.11201242885725904,22.69970623063471
-0.7142615135166736,22.504755506018313
-2.7364127920830166,23.039103816933373
-4.826032608350725,22.295890375046
-3.0066582737947902,22.704393638963015
-2.2261437876669774,22.243104177119367
-3.804843538707161,23.169164987168248
-5.156533105748911,23.66857365072051
-3.380886930052844,25.443641202143702
-2.7172786066400962,25.40566419363797
-3.2786041346558017,26.887862786271974
-4.742905126649948,26.609366378892904
-0.20977072574858546,26.927615254042028
-0.5023735590805793,27.050495001213676
-1.3297856359029914,27.814084343853715
0.38938870127475145,27.537880740751948
0.40141294921407,28.715027621865133
1.810225117570675,28.861649628555597
3.20447201399993,29.229106325173497
4.995356534953252,29.33057925970196
5.68941388077459,30.82382855085533
5.9129539614812225,30.268671577316216
4.3976308371618025,29.592201585798087
3.6040415771364427,29.965139569566116
4.060187967638085,31.420172888324604
4.680021941752298,29.884982461840075
5.1066528148826364,29.766200960805683
5.405780685331901,29.56497654362664
8.388916894599046,31.148104322138057
7.613708398626748,30.91021890640469
6.635166787829971,30.3940354682508
7.545890485351595,30.923062073418514
6.416416957283094,29.722464815869
6.375690908182075,28.764896225090904
3.929194049845748,28.172209674981943
2.434318002257025,27.691722241784202
2.5580639256612625,28.372494245325015
5.056409571330337,27.39336247194905
5.847843245196259,28.302837610718463
5.353142002423443,27.83796133741326
4.964174182738438,27.30615784679931
5.915814419011106,28.445283388415504
8.068997945471454,28.121478982581767
8.810413047609606,27.013547005339085
9.551828149747758,27.262103146313045
10.29324325188591,27.75157184947822
11.034658354024062,28.470140630855116
11.776073456162214,28.69571896282426
12.517488558300368,28.151498383673577
13.25890366043852,28.42044455867369
14.000318762576672,29.682864527154262
14.741733864714824,30.634321033728703
15.483148966852976,29.407772933818347
16.22456406899113,30.407224010838103
15.869320792526347,31.008603369377102
18.781414590860724,29.89759355009344
18.425836622537755,29.923917790855338
20.857365123141882,31.77011851401877
19.83336062146947,32.11158890967743
19.01185097212556,31.674485213710884
19.09893980202308,32.0321720062994
17.134408305710302,30.272506235694436
17.68185335085655,29.502367767589593
18.130060199791707,29.441425917759414
18.822271667810337,29.404322675197072
20.91409201165166,28.445474282167226
19.8359193447884,28.346412733749556
19.388288598501536,28.234657124959046
18.677634812815604,26.662530013626778
19.622034734776697,26.073272732890572
21.644858481910667,26.71431763884646
22.549142381204813,26.15558078941433
24.631376054911946,25.31228650185866
23.423273755566992,24.268555132447844
23.553360367911885,23.52482933335473
25.188655506517065,23.2235836708362
25.979212360337165,23.688753125515625
25.277135012241235,24.52624406842751
22.681393884229536,22.565666033493816
20.64989634204732,23.204895236133666
22.461388582898763,24.58134067602544
20.886466343697442,24.95773785343229
19.524099500632442,23.040709469244366
17.668440276360126,24.612320119622904
19.10802298830607,24.19401385705756
18.305689485738412,23.973302906416386
18.1703775872686,24.04686201168528
17.87088651412152,22.72601618511488
15.523083482736844,23.07140734431196
19.054761835397628,22.549542417155244
17.659131144001933,24.02152412467576
14.287452072814942,24.05873788491449
17.816175971754884,23.575582138507013
18.34047495423329,23.33284158001717
15.728430903295346,24.52398177789714
15.854681475056319,24.63143027909288
16.80454349802461,25.66575685936
17.26035507721226,25.878631293580245
18.12318987041527,24.93337519741302
17.631699528915256,25.939839003984932
19.72962471017493,26.451181076564392
19.302392437073625,27.42019494837027
19.735342304271967,26.569797097563317
17.46300718050365,25.976034626141693
17.40212010469183,23.56142250805272
18.938385745997348,23.80371182082691
18.908039903051648,24.66079312203178
20.634284692815786,24.28138916558793
20.303950679174438,25.285145686165034
23.663063758397428,25.163185655620953
22.943024385813303,24.68238296490585
22.17909824497957,23.779067922191228
23.973302906416386,25.63805713550365
22.90064768370495,23.814412217934926
21.288809981067725,25.48925176864218
22.163049296609472,23.92314944021369
21.647224125139644,25.071916106043822
22.92389662028016,25.188655506517065
23.975595665891937,26.373460476856646
23.360227809168695,25.73613200033184
22.166087793387835,25.927013176492867
22.20592270354753,26.00375094722952
20.408034127817718,23.17155047871624
22.299767210962138,23.000615051687543
21.97141647683063,22.48264647558795
20.104097334957714,22.62150275909988
18.758233543367485,22.48869320288934
19.272733701730118,22.345614113547438
19.23483189708874,22.65104562313006
20.36757360008214,23.606266479307404
22.234639589935224,24.813804352625098
21.21925945684581,24.76816475407058
23.168848542181586,26.25911984249184
22.924049798970767,26.38435166434156
25.038309194954167,25.594746815605966
26.476012932684526,27.196563617774117
26.914357559926653,27.340323274565417
26.230274640865066,28.365538102842834
25.878631293580245,28.23884744593945
24.84698456269494,28.278543787268518
22.278846101840127,28.280645047394632
21.726110536246953,29.212250854724925
22.748149780406123,28.887959183990926
23.430737846204508,28.78527989887269
22.27172038087941,29.65729553552975
22.61306108971123,28.437899622705004
21.01994951011917,27.90691919934139
19.27776308197624,27.63798293209166
19.46781611204907,27.636118104324215
19.657869142121907,27.933244808681373
19.84792217219474,28.19028479676502
20.03797520226757,27.382497537165314
20.228028232340407,28.178363504297856
20.41808126241324,27.838404544453624
20.608134292486074,27.329677101245366
20.798187322558906,27.762003380695276
20.98824035263174,27.302955537055123
21.178293382704574,27.34935288520646
21.368346412777406,26.74498735396363
19.331383025142628,27.25236349915346
18.94071515308786,27.254140144631094
20.76534596662844,27.936831506867186
20.484250788587545,28.59545656157699
22.72601618511488,28.27049981786833
22.565666033493816,28.692593885736
22.35339045084429,28.21328700154941
22.584517731487512,29.340308253406892
22.49788702731659,28.18422021658677
24.436297628795955,28.399617245912687
24.05873788491449,29.378069601782382
26.367724736190652,26.808241432689336
24.73524255578636,26.88447967186154
26.042661713168112,26.826644017252626
24.8549838529274,27.77197101490096
25.235577859780395,27.523062498483547
26.532255703795272,28.215851402111895
26.34109287356977,28.463529569888134
26.32911381999044,28.236979387319106
24.52624406842751,28.58577860487952
25.896185403818862,28.656031163972575
25.226744721308084,28.762268805316285
24.19401385705756,29.468416094765235
22.586657350999154,28.8527968156525
23.353936600028444,29.03592205110125
21.93836773434783,27.7284726268921
20.954412952722073,28.352946425930796
21.464882133892434,29.252583844739352
20.609764712223217,28.288595663030485
22.522900115465806,28.85240572769697
22.33275855625296,28.506521949639765
21.353916145730686,28.204929792702107
23.41705407421377,28.264661212527315
24.55553406251592,30.863445469708058
25.646294082263633,28.711374774144996
26.787527556043344,26.47732188394862
24.125587859117577,27.727642572573306
22.582277693201977,27.23553992409086
22.549542417155244,28.103021863685413
21.522867147198806,28.001939744903922
19.43617876021749,30.78153388655493
18.8125155414594,28.84819556508639
19.844741360278892,29.832466790127185
19.01448795353786,28.604413810212012
19.097523124664605,29.845112227104607
20.49569828168171,31.971994170022125
21.900111750068042,33.826156495349096
20.7283356415695,33.581781339377336
22.00758270802398,31.352778689986334
21.34459628055995,29.897918095582472
22.145266568293735,28.786052133322304
21.432845140029283,30.997321832710373
19.260682401001667,34.65395783200144
20.706180594811194,34.33476729420781
20.116461204478146,34.60009905680704
17.9971624254247,34.144685944098015
20.201649344086217,34.33553861868653
22.345614113547438,30.840205867699524
23.119261122225126,29.3781443114004
24.911709879017316,29.347664668240093
24.02152412467576,28.251582023157194
25.029860789381917,28.661406519973767
23.99665572253033,31.463518219563706
22.850601586168974,32.254049354704506
23.739349780859705,31.41050888097398
22.765357778563292,27.832319206436054
23.41020363840481,28.296390024052325
23.30305186249416,27.729283492842658
21.929422153831375,26.935417894957382
20.176116261201518,26.266459367565815
22.498512266893975,27.5908630006053
21.921837520962,27.69741381299225
21.503912215147828,26.789538182092713
21.499705140988507,26.983428035992592
20.962706812859274,25.979212360337165
21.56898746532408,24.98677000673418
23.444471593145156,25.151780302669152
25.337399648092774,24.265356887876173
26.47732188394862,24.52390155768893
25.741321677734582,25.181665080325338
26.05308641355092,26.792105602811034
26.032338266553623,26.091704359026554
25.822204907836696,25.235577859780395
25.37560255593081,23.30305186249416
25.67375269774713,22.20623704977988
27.379682186231268,23.739349780859705
27.33738611988339,23.83613933517868
25.285009401464144,23.02097862042407
27.28936005574403,24.125587859117577
27.472949347387253,24.029022700736935
25.48925176864218,24.631376054911946
27.587042177451057,24.9407642674192
27.45488939001035,25.256131723035146
29.40563832383501,24.64757291108666
31.073261609333745,24.562971519106966
31.351831666297247,24.665278363850277
29.897918095582472,24.718073309970745
30.357129411525783,24.985524280529322
30.280209225139902,25.285009401464144
29.457989615697347,27.15758405064729
30.78676419384384,27.379645216914724
29.632960765849287,32.418255149667885
29.89759355009344,33.93767958125589
28.85673049131609,35.631348067107155
30.88412997475645,36.01447962936761
30.859517425937824,36.016651769616615
30.91021890640469,34.41524869715399
30.139690972374016,31.91743692186811
28.21089747297646,28.697425067827357
29.347664668240093,32.61910760102672
30.480490946393132,33.31435584552349
28.172209674981943,34.82112478181898
28.828388736931263,35.92281253595386
27.961995097786303,34.27836044576566
27.560710397661538,34.863938323557335
26.99831974589917,39.54506991078341
26.042771844560615,40.424788638882845
27.7284726268921,39.79586357164156
25.790052304475672,41.637496469343496
25.787590010026772,43.694601742766004
27.234680614588143,43.77296693774972
28.64435020711896,44.724390544850635
29.13472270491946,45.452572086554895
26.00375094722952,43.787833241771395
28.599982388278402,43.4172577067081
28.08775691431435,42.862558257492175
26.072135366295942,41.593924468377296
24.252906317021544,41.83134388302263
25.241945519190317,40.932083840953375
24.27571115497185,42.214090395134754
23.38050278703694,41.4893794684413
19.86667688948171,42.85701912552582
18.627795542585336,42.878124964972265
18.03916487515139,44.365961305222925
17.80316383765268,44.29067874811941
19.421019233749348,43.344527994122956
19.85974845491646,43.025339388078436
17.703107685044913,44.14655318634699
17.22234677044453,42.7848130853375
14.990409907579313,43.465245331563146
18.35692972780596,41.4456624619721
17.75833289362096,43.728591461084804
18.571134394792352,42.87943906025446
17.312132512635355,43.85282665135062
16.187405373855185,44.79746384707318
17.75126454497664,45.943595459814595
17.63703816886826,45.466911197910996
15.92338813570389,45.722753853083645
15.935767233103197,46.07627381070956
16.991707095194975,46.1703249935805
15.775905123837095,45.62629936167535
16.204852618278537,43.788120650405624
14.119273800197433,41.291160205262344
15.443351728623071,40.69795580078533
15.193223780095629,38.28321135413998
16.754452834355046,37.28756625447705
19.2658676288233,39.78359625196575
20.511727091032924,39.75716063692103
18.279838233494544,39.74292328595142
20.21574492061021,39.57304755354189
17.792702776582466,42.009368308955715
17.194937551228655,41.37469352708815
18.98728929277175,41.99553575515275
17.815078081859383,41.13846427029271
16.433380080045577,40.55813350740556
13.753857155123043,40.03957970900848
13.557164150286997,37.61804625780787
12.217287435510293,35.72659149347291
11.996396993167052,36.264054036148096
13.515483993889578,37.422266984060215
16.746815562849804,38.05806381720249
14.633165318887857,39.625154053865295
16.62132293279934,42.35714548041224
19.124767064335565,42.60264466848218
19.537931176400434,42.18649895462628
20.175613898651186,40.98210680017863
21.574154079522373,40.91359406836819
21.617577066752993,42.84354189854511
20.286853709647033,42.401467978799786
19.393046095072087,41.98040008859665
21.06741095519646,40.67228996617057
21.21211202678389,39.67326398036772
20.845223075125904,39.50422397421865
21.799528149151016,40.61043750898138
22.74064568770817,39.72371782430615
24.31971603973384,38.532779690116435
24.063761233121586,37.2390230660868
24.66079312203178,37.205238231928746
23.688753125515625,35.303450985023424
25.595096922805645,34.49670133894898
23.553272596710855,32.40432806488368
23.950441011965506,33.435340789461996
23.169164987168248,32.508338211144896
22.69970623063471,29.82431951531862
23.75143497021574,32.43554760793873
25.151780302669152,30.86718475738704
24.718073309970745,32.93793305149674
23.995799202159066,34.119873869547554
23.54373232763554,34.788180766088416
22.022651384411187,32.96876766363395
22.32694918791103,34.69243666399076
21.38631255292299,32.40820540498906
19.847508743866776,33.530807678220036
20.301391582269993,34.50271958234571
21.657550047611217,34.097738928627614
20.821234636767063,35.59158031052852
18.80840705322502,33.259794904261476
19.011664592249165,34.49349500530377
20.356281070181378,38.307207027272135
20.40208817467538,37.32242032734305
20.056063834665967,37.19542879624716
21.44903013972786,38.30159867622142
21.02923444742559,40.91169560988215
22.822734738682982,39.069950159860575
20.590506141158485,34.3869158507745
20.096576150663285,35.68882294068372
19.39184781267855,34.764746831662826
19.060200404139263,34.77150306018752
21.15604397134591,34.081913969912875
21.01598177560959,33.1799252770223
22.33748319282265,32.48178567003473
21.039141976599335,30.747200167243097
20.38780065780466,32.34248558952904
19.141562164659856,32.41743722216774
17.252322806098242,33.79391045282702
15.705083922017682,33.886973425793244
16.034127773009022,34.405135401466545
15.239925815303298,35.95951236371042
14.991809834236923,38.074311466150554
16.329598004258873,40.52110050380436
16.487829871735865,35.57993666953312
17.469854599691416,35.988204148250794
16.984393509621313,36.27824800751669
16.637060586417697,35.963111748858296
18.57827585139243,33.6587551243423
19.019152431135115,34.50549179197378
19.487778692178978,34.910471300889384
18.63525555949666,34.883892274993286
16.780063791708983,41.934936108073366
16.145000132044288,41.94232215489361
14.831167480254814,40.976968210984225
14.858055448852326,43.50959194335994
14.988701503591534,42.775357379312375
14.30476325749542,43.12697948232962
13.51481012193147,44.79742478756016
13.805437486864971,44.09426703290623
15.22472193119514,45.932383393664836
15.779566833367358,50.468923272057594
17.125991165283427,49.985926422464736
17.458967719611444,49.153607213754576
17.79194427393946,45.95833983267583
18.124920828267474,45.578470545885004
18.45789738259549,45.45730452035487
18.790873936923507,44.958780180287526
19.123850491251524,45.00293886300221
19.45682704557954,45.90976366301085
19.789803599907557,46.3800534286226
20.12278015423557,48.341784501437154
20.455756708563587,50.39086297997535
20.788733262891604,53.96396266448712
20.853329071622046,54.29075476184021
18.6619231173386,56.870043790934616
16.172015805568194,57.035643478134276
14.637987237850645,57.210367918331585
13.846231086845599,57.496060487795155
12.990438703549055,58.2038726343502
13.072723297696351,58.20489394514263
13.992732523170737,59.09328937988559
14.09429364970302,59.45000702230517
11.790729479998296,59.239457296994104
10.109148385637639,60.61519627691153
9.905516231216799,59.875661538671025
10.257871452849,61.4137002679655
8.772500023650132,60.619055265135195
7.5782483818855155,58.99203514658795
9.828383163410091,60.68891309177177
10.752537973044339,60.42725837151481
10.737685007800264,59.633797227700924
9.773522857988679,57.253790178846195
10.950641359731248,56.030522556388426
12.105446871540321,55.99371970959498
12.004030606035494,56.02758272160607
11.902614340530667,50.72441824616518
11.80119807502584,50.329856562457365
11.699781809521012,50.297564764023456
11.598365544016184,54.41980718629621
11.496949278511357,52.312943886358646
11.39553301300653,51.06265743355288
11.294116747501702,49.14008462286893
11.192700481996875,48.63803797103038
11.091284216492047,47.20239093024152
10.98986795098722,46.971337868652306
11.079401184933976,46.234485384102264
11.168934418880731,46.833439684736426
11.258467652827488,46.036456438975875
11.348000886774244,44.988402556164985
11.437534120721,43.816408661664696
11.527067354667755,43.3189732550283
11.616600588614512,44.16570673801228
11.706133822561268,43.789133716911465
11.795667056508025,42.857775174739935
11.88520029045478,42.73977248181068
11.974733524401536,41.7856474149613
10.044451784028851,41.04703321876837
10.132251504902484,40.66820318233477
10.736654009103876,42.289516155605526
10.831763634937944,42.62733820285051
10.685543858972574,42.85174521493572
12.912925168078786,42.832173437327626
12.665572362438269,42.633773918691055
10.936231521318422,43.41590503662917
12.267190720005814,43.12387024542092
13.828716034421996,43.944136095510906
16.102974402124566,46.18118097288493
17.98261029029702,51.37836973135782
18.231147580825947,50.346796253397976
14.92688806852097,51.297986409238
11.685109281998752,52.17315889938734
12.473970856746188,49.34238411005724
13.62025324428395,50.02253667554285
10.344321600679217,46.520294323501496
11.590404665874402,48.7413179196799
12.084220685606459,51.397935696951066
11.714144862761705,51.757777255195315
14.84119698942737,51.59701505816892
12.304529846353157,53.39733133311426
13.442827800440007,53.462332803865
13.452763716650223,54.07343478492612
14.376739632482684,54.33637269875872
14.882352225109654,57.490497694835135
14.924553018107542,59.152967535925285
14.897709875371126,58.24453665745664
15.989292428956093,56.31704179431808
18.08325168911677,56.976605710988515
18.34917257565589,57.348023703231725
21.655199906640537,57.28491340914791
23.083448521886382,59.8840948860991
21.553527779719115,58.4325975589642
20.146320611624112,61.02426764094179
20.207511776954682,62.14017988737986
20.058660482843464,60.843429336684835
19.457920091823983,61.30916290270482
19.32327983531038,58.50529610355109
20.441557996587395,56.81684529644482
18.494032515377366,54.263566259775935
19.189314102169895,52.31443023328813
18.457698580711195,50.39769721056745
18.087083990166132,52.20420037384126
19.16193071029197,55.18794036036481
19.769003409230173,54.14360272661846
16.466664126596925,54.24035069760598
17.870122680419907,55.08196128986645
17.97743002196425,57.24337590632763
19.68616531838242,54.00407071938278
21.227114368081637,57.1969345904999
21.09644677292011,56.4785381465793
23.890747312340515,57.22959614333187
22.158088791744618,57.3437102041627
23.07140734431196,56.840513156254545
25.885174782048452,59.09004534236243
25.939839003984932,57.52011740815231
26.38203794727341,58.39999804594248
26.79720113505762,55.09667946336303
27.676820065397575,54.46942575975643
27.90691919934139,52.16314552303509
28.838592933090645,51.652194231378175
31.128942302872243,53.07930271673855
30.85694506379297,50.04778333465217
32.11922591374496,46.846388346723245
33.072290005038425,46.65550469907451
33.22774937728504,47.50297588598038
33.93981956336449,45.4701594615399
36.570423310337915,45.43245148450475
34.712962246769585,44.71583935601728
33.813482931696,44.08921218751914
34.113233541914155,45.3720640332826
34.48742914328493,45.605190283997004
34.338142317240546,45.318530645745774
35.785651454502634,44.79848105659501
35.75224781567604,44.977518505348044
37.58606780651627,45.912995754263754
36.95085646336839,45.49668322262582
38.88206401059325,44.919416412520356
39.662930971926315,45.76159922985865
40.69795580078533,44.027201753021544
38.99340098840729,44.311516768788515
41.956529621710935,44.70631813652265
44.252086888998015,46.006818741536875
44.35644766423626,46.6517316322879
42.35714548041224,46.317030848070445
42.73977248181068,49.8720529380877
43.753058029387404,46.75381529338036
45.78822091463179,48.079112777094785
46.116295769263004,48.02336162264753
44.39420887055696,48.38108270987219
46.171531724224195,49.55896687775984
46.786556573458675,49.02902119429645
47.03646339141726,51.782086371733115
46.18399518786374,52.19673778869171
46.3800534286226,51.27952001669564
48.67598605596668,49.98110251614833
48.74917807618049,50.81736278634982
50.273519032063625,51.08862770222651
51.652194231378175,51.72673231111248
51.290373359364324,49.998456350714186
49.436775113286274,51.28417048373423
49.06829021867827,52.38101891217191
47.30035335369631,49.285316781170216
47.258138487834046,51.70433166160791
47.19043571976991,53.7798012190359
46.97407074363071,52.174145173625774
46.75770576749152,51.52085939589627
46.541340791352326,54.29598745597813
46.324975815213136,54.14389564020789
46.10861083907394,57.78023825789131
45.89224586293475,58.39598298865677
45.675880886795554,59.177364352044
45.459515910656364,59.23389484790438
45.24315093451717,59.531505780662556
45.02678595837797,60.00281058619363
44.81042098223878,57.92004919095879
43.76581402073977,58.33836997743283
41.874881830099,58.60683648620974
43.64796288768073,60.83741439622683
43.78107852400259,61.63077480460145
43.0423436651692,62.67626223947565
45.21826161309502,64.94587904150742
44.41822759193255,64.97599874793819
45.61604220789487,63.480567214801425
46.351888069924335,66.05731885044378
42.633773918691055,66.33429410924089
41.505180970778284,66.79577789416271
39.50494163394731,66.49772618122331
37.812822005124204,66.02896114335307
38.50179997666296,67.22228626831267
40.55427614371617,66.90598274805295
39.845802878942905,69.17184584768516
41.614692096708396,67.85571314004963
42.366571180687274,69.23616068336189
39.997962022993796,69.4124969354609
41.44027565378931,69.86719700767122
38.72611155943588,70.75760640171545
39.74514897261002,70.63728734397912
39.177075965920835,69.82822309569531
38.54810087480485,69.70154570158947
38.91247514780766,69.68548856799903
40.39810513111891,69.74236125690837
40.882617909897334,67.8013136884913
39.09369262789303,67.86719368567074
38.20293585331097,70.1965224861162
39.33213233038628,70.272583559443
38.28321135413998,71.35085215307225
39.526393306527005,71.41762433825838
36.66803353611975,72.33152198753984
37.80136962236564,72.7389340266988
35.090223092033305,72.54984604198401
34.29684100559781,73.11183279306177
35.11225937700627,76.79915538607602
35.59158031052852,76.35974603609613
36.08894208163544,76.45041648545975
36.34561821542406,76.98958185080495
36.3674452193301,78.45549281938757
34.144685944098015,75.32737900690242
32.80597648876255,74.95818311692945
32.56985775471864,75.38789911488806
33.575951815516405,74.04768127136403
32.35191651221031,75.07246160471755
32.05821614822962,73.52602432983343
31.51856807103461,73.32522068089084
31.584075851440577,74.91440367639721
30.634321033728703,73.92317155544438
32.04401444182646,74.42179139393859
33.585454670691256,73.16609824173338
33.96678111999345,73.16208646351814
33.16446903883825,72.89529639997514
31.86238475941053,73.2312198812009
32.54756494784253,73.78180944976091
33.25884980091745,73.17394432893926
35.84506635211765,73.80315781230965
34.081913969912875,73.45102607262966
32.629721589891496,73.63981704015514
31.352778689986334,73.83030001292799
31.07284519767644,74.02201017341366
29.339525048530795,75.64050265441364
29.215860733609865,75.92147975082841
27.999157830828945,75.32663954439366
29.31117928453235,77.26605437085782
29.405092367855563,76.65818061818455
27.14607601780352,76.81716693098474
27.62077102342649,77.8230180912382
28.168052414223684,77.54652607395477
27.838404544453624,78.34808946668615
29.36603780286763,78.8940396612224
31.27274963564071,76.7057466793678
33.321846201554386,77.45619020411954
34.12342796552723,74.57657277649854
34.92500972950007,76.98396121639604
35.72659149347291,76.69428880271644
36.52817325744575,78.49578000873166
37.32975502141859,77.28369328005147
38.13133678539143,78.45054031523698
38.932918549364274,77.53606539474004
39.734500313337115,77.35337938209226
40.536082077309956,76.00124326816707
41.3376638412828,76.81397497653106
42.13924560525564,75.54124409932103
42.734250868226276,73.525406339572
42.83402712365762,74.11535019044257
44.31729311097668,75.41316419553596
42.91094622168957,75.86403951586658
41.593924468377296,75.66411311446218
42.02739829624644,77.78190641403613
41.01485012648024,78.05422467972257
39.592182775226945,77.31478667419327
39.34609298552531,78.52044159874826
39.80922915266805,77.55392120105132
40.67228996617057,75.76640879776681
38.532779690116435,74.8005996369118
39.373689448548426,73.1781075849856
37.12911233283304,73.77959512140683
35.41560683505556,73.23926452549863
33.40160907344174,72.68664743501081
31.65208830687804,73.14897810567072
36.522292305646864,71.76711899249898
39.333214512146135,71.43606015301376
40.749482096101595,71.31663186954961
38.69923907455016,72.30439327973313
38.99288293873999,71.49054986926653
37.230147861674574,72.3938980382829
36.7078989372475,72.40816271395192
36.812396398320885,72.84641723856518
37.11685922638819,72.82580357260551
36.98168841220145,73.26291420693641
38.167897581789525,72.98130137978079
37.586452943967934,73.1615670292631
38.6716577325818,75.06377720614127
37.32845065900219,73.13562466732158
36.4166366884432,75.35031847876517
39.069950159860575,75.08827595080149
39.95611294379936,75.70229169635994
39.08195573009933,76.5788850772052
39.127450567612925,75.59608148290299
41.00452604859406,76.58346116466096
43.787833241771395,77.21815290391271
44.394823507450276,77.10444931825336
43.98030902877095,76.36922238890186
42.575344489746904,75.52458253281921
45.15485220750965,77.71380322330745
43.42133567289318,77.52930919538245
45.3720640332826,76.70537724540512
46.340871307880256,77.76360912638074
47.583806883997894,77.93127461009418
47.31099303710807,77.24091772730726
48.23481310738494,77.71081688388868
47.70279709032513,75.79308321300915
49.12185425388683,76.65838666224877
49.98220023576475,76.47965009144679
50.48542937807653,77.18769176805299
50.99203999399784,77.53686331363193
51.751339559134856,77.77379255741292
52.053277304185045,77.23603197781397
51.94191730582582,79.57874481588783
54.210142231369076,75.9632692941728
53.834574000161076,76.97641455497465
54.5633300204476,76.5336625141985
55.105672321345494,77.04071917900143
58.026021313695104,78.77492408373763
59.053542517778965,77.25375039782735
61.54452888055685,79.71454397721887
62.31588957352157,83.02653346386158
62.756042249424304,83.77419515529552
63.384862006245875,82.30746858667567
62.70065703518135,82.51034210627144
63.06607706620299,82.93411335501365
63.16272841079369,81.16850653126052
62.55655624513873,82.00685524007277
63.594750200856716,82.49773479696601
66.25181034166656,83.21683469565644
66.39800535048673,83.90652628612487
67.66629714357632,82.61185226985585
66.6244188333084,83.53866607938716
67.22651076455901,80.77137173989719
67.44938836370503,83.04193956526471
66.9077599252355,82.72682907184767
67.14443131275145,81.7407328416775
66.48441213911273,81.95405042920733
66.50893178952775,80.96250977880588
65.98368405913224,79.3466333995584
65.4532671830446,79.9673549528924
63.02087736376209,80.0541462306987
66.45936874566858,78.53305297171185
64.42222864016283,78.82140475028108
64.9440153486972,80.08355515584365
66.92503909862008,78.04815166077906
66.65232772376326,78.80578930596333
67.64367788203039,80.80724928852602
68.22537107755474,80.95466067625924
66.59659884914029,80.59838273745862
67.09994597703486,81.1971841980511
67.7711817568737,80.34460944694897
68.52856140011923,80.35822103224288
68.43561441232391,77.76641221183465
66.42402063963527,75.11645226254566
67.2585723954268,73.25004630600047
67.27110348568394,72.28787964017742
68.84819269276299,72.37644274041195
67.537013018851,71.78822174783852
66.46295277732261,72.46712831286726
65.92907156454667,72.40339741670154
62.447744253263885,72.4783307980195
59.544732837484844,72.50602870999253
58.61885962997176,73.00129255605873
59.736142988624245,72.39697667160432
61.51778183670018,72.14393798161724
62.67019231136794,70.66038961618432
64.81049986343777,70.20354803246646
62.44183512380879,70.04177815997679
64.95154311271286,69.0426740039969
63.44728429244859,70.94697547915331
64.35104293771175,70.15636261062997
62.66146583456887,70.5094749869174
64.64646794636243,70.89265776246246
65.3632492053233,71.49292793201388
65.5063000084859,71.93873804193944
65.14049045402888,69.82144287929955
66.49772618122331,70.832157155948
66.75373407561297,68.87858756139693
66.2333839012026,69.46686022687955
66.38383053405502,67.44456723190535
66.72519595428439,66.83202590580709
66.66402463057146,63.53745145705826
67.31531801495144,62.525009029800316
70.44943004592268,61.54452888055685
72.2180189556964,61.23173750168938
70.03753734094977,63.32648480294683
69.37291083559822,62.25275588736349
69.78614217750467,61.39048165679117
70.3893717154261,60.93826393929027
73.67378115445031,60.97558804579228
72.32538649958438,59.07563046727713
72.4269312753082,60.34196022333288
72.29242138502872,60.97936067933186
72.15791149474921,62.71476317114065
72.02340160446973,59.7956396263285
71.88889171419024,59.901165046851055
71.75438182391073,59.13711793811902
71.61987193363125,58.31663935607247
71.48536204335174,58.48625524325464
71.35085215307225,57.93961622263722
71.21634226279276,58.75618457228808
71.08183237251326,58.535004492489065
70.94732248223377,58.38032677064041
69.35402713560704,60.1428558866997
66.02760824999281,58.12731665991675
66.04914155992024,53.636864388602376
66.108269695289,53.48476021105217
65.81133450250893,53.05448238985938
64.56884613130832,54.675626224268996
66.20143586810651,53.621395928047896
67.74543414733938,57.399750321792084
68.3865575988625,61.09646684114981
67.29199127792943,61.601290716701236
66.61185026354674,57.5287005390014
66.71487605198429,55.38884730349354
65.66919978683676,56.3281051375388
67.05062920759255,53.67379112102867
67.44456723190535,53.400838380882874
68.1356581426937,52.89322117088276
67.17252955359089,51.94571749707486
66.2583979278,53.14000245682238
67.21966480190116,54.23610465860272
66.57099998693066,55.55409689282219
68.77842583247705,55.42481811480476
68.44185322583745,59.2961479719779
67.8701174592479,59.35793704355203
67.29838169265832,60.93221671135347
66.72664592606877,60.19579999538803
66.1549101594792,57.35378633511174
65.58317439288965,54.84091187073636
65.01143862630009,56.34232660302374
64.43970285971052,53.566414963509686
63.86796709312097,56.49456290071794
63.296231326531405,56.877282480979986
62.72449555994184,60.34441313740946
62.15275979335228,60.8941134882883
62.910354137781106,61.32486372966269
62.4131371065862,59.11694302665808
64.50731706608991,56.41241095679918
63.310903403111354,55.30490952563202
63.55712079457655,54.63646099618986
59.606668818711405,60.5138343152335
59.69118450355417,58.48054364564881
58.89426440708493,54.46205687286426
56.73587985934363,54.46255428245181
55.48636321451617,52.76678048160295
56.02510016861027,53.11098533329885
56.95938898780496,53.07615629249117
60.35180496297012,52.38271691569433
60.01311166555583,50.81998484811521
61.628129999228044,49.28174570141792
63.26582011976547,49.30336422048253
65.03823875269474,52.32347227216076
66.83202590580709,52.63010148799742
65.51305624144953,55.39628604931036
65.28656725521634,59.69118450355417
66.15719579877869,59.58330860024545
67.93073701795555,55.22988084182424
66.18351787903347,55.09798319461431
65.48530435876664,50.438468894125556
66.1877316956611,52.66014845285812
66.38146644742172,52.26176263342762
68.9455462295646,54.306965913074634
68.49915557553933,51.80797667002971
69.0666949868142,54.330118468138956
71.06823885823523,53.47563586869023
70.41214203357693,53.3326687631124
69.92391390433754,53.499709639890746
69.29385574655261,55.39856448860766
69.82784981100632,55.39271524591649
69.55639510253602,55.033294986065606
69.80709920186037,55.29407738815171
68.84055880963938,57.60265365250157
65.72243768535296,58.53578862165055
66.88925178362105,57.01371212907452
67.29390212875883,54.66149480719084
66.16667900548372,54.500604857440884
66.01949742317078,55.223550171340825
66.33638666329813,57.7937139254595
67.40180416688268,56.1181573310563
67.94437328505128,61.43157474348026
67.13238590184321,63.16272841079369
66.16638400762604,62.80719649378156
65.86019784939903,63.709648389684766
66.94643682666761,65.14049045402888
68.46659858297973,64.39921186995097
68.44846491438422,66.43323437472799
69.68272618361539,66.16667900548372
67.36067115477626,64.09706417145783
66.52099444942074,63.248858502230235
66.5994339378715,60.99850528000357
64.13677172133865,61.178448800625844
63.1162081687188,57.15667207750801
63.29649387152064,57.823731852351465
62.86994399834295,57.26980285893127
62.443394125165256,54.88682946880653
62.016844251987564,55.598335251272474
61.59029437880987,57.73615404842318
61.16374450563218,59.624139243478986
60.73719463245448,59.01487559748755
60.31064475927679,60.196970930114844
59.8840948860991,62.88482268192922
59.45754501292141,61.544333306813286
59.030995139743716,61.84111714139673
58.604445266566024,63.41481371182733
57.74892323809837,62.50868249083758
57.490497694835135,61.710435225120065
56.00311305036387,60.76815094947404
56.937613694260804,58.81355623837116
59.6239815361347,59.14339737428105
62.31545435417955,58.5744231656263
62.100948288588974,59.27491385210892
60.19648830936763,62.100948288588974
61.417041834550716,61.81175336662592
62.80719649378156,59.544732837484844
65.24910960479336,57.488190300229085
63.06569935200969,55.47976750209178
63.0739554577081,55.38274630718389
63.32650679214768,54.62751122704115
63.58059656390869,50.31555069003346
64.5438246206609,50.99740472056535
64.90898486202464,50.69732770270318
62.056755613183846,48.507112107825755
60.96576298077132,50.13453230159362
59.87477034835881,50.72154139869334
58.783777715946286,51.107674379271764
57.692785083533764,53.02365645784187
56.60179245112125,50.84971229660995
55.510799818708726,50.4189348989509
54.41980718629621,51.936779924923044
53.32881455388369,53.10822193918881
52.237821921471166,52.92758099048223
51.14682928905865,51.97454223491604
50.05583665664613,52.006230164268544
52.29208193575906,50.15268763337606
53.839963937382166,51.76280581980224
53.594547941846436,48.89617797831382
54.306965913074634,48.187661511161295
53.05448238985938,46.96224260234023
52.54592190214773,47.029767210546616
52.47371505517973,47.68808128995205
53.14000245682238,47.556455788354924
53.043351664919435,46.388931609696435
54.14353943418695,44.112192391451664
56.4253361907503,44.45548479154834
58.50529610355109,44.901066559833296
58.813730611353,46.324975815213136
57.88941697970258,45.0670621093995
57.22959614333187,45.44225799135389
56.242293034650665,45.5010928902001
55.85521658430534,45.38823034389682
59.51638428348654,47.050405249542784
56.877282480979986,48.67598605596668
57.0073482605311,50.93397527876737
57.574239658425554,50.05228950141537
58.14113105632001,49.282547225240464
58.708022454214465,46.68821673261756
59.27491385210892,47.684238298885916
59.841805250003375,47.207638633800634
60.40869664789783,47.219205745403315
60.97558804579228,47.807113473817665
61.54247944368674,50.05583665664613
62.10937084158119,49.13880563992918
62.67626223947565,47.91941072035559
63.2431536373701,47.03646339141726
66.13857685654874,46.505764405403156
66.39857546122231,46.90762884643696
68.01211636417611,45.253545823269135
65.37206098331832,43.68000553527968
66.67692952656569,44.7765575549253
66.37470494172494,44.64845918584065
65.53558150756142,41.55197979406139
65.24644688087668,42.02374222489909
66.20509867631489,44.16741903740115
67.7035474613866,45.85231359143139
65.3995893592375,44.49969500565793
66.59694985365391,48.38191842557668
67.78173846318508,49.94826646499098
66.34217131377449,48.39047949192382
66.64827451726627,48.091186287083076
66.350041156408,48.44340864975057
63.50220731126918,47.1872488113071
63.680799968568024,48.55830887640456
62.86866205763158,48.93211304893403
60.1428558866997,50.06955956312016
60.72981294407589,49.43666302809345
61.44768873458115,51.96567126386167
61.652955768880645,51.327492846293374
63.41481371182733,48.06953103632939
65.11869871435022,47.5097749338673
64.64710081029163,47.36301355078747
63.052662029873495,48.64511212873608
64.67176954459768,50.53191324565608
62.88482268192922,50.66697170277562
62.93238789064429,49.92662551326084
61.9530030694977,49.44798224125757
60.81495047253794,52.63350898834659
60.42570295959423,52.011194994847145
62.05438915311948,50.7237773153229
63.08152698786496,48.855907393338605
64.76202974199151,49.06829021867827
67.2807173343591,47.350121031365376
67.22228626831267,46.5655921689458
65.92410112331797,46.90799685293461
70.41294285627296,47.03895274202367
72.20946376317156,48.73867977798825
71.50293694781416,49.392371949612226
72.0267793493454,49.436775113286274
70.72069290593176,52.65641477730327
72.49156771412154,52.615847654241456
71.09799225586586,52.05214287211387
73.12064338910982,52.694340162478284
70.94697547915331,54.85362255728731
71.07778252667288,56.026561343927966
71.03226173243709,57.86447829809028
71.7545187877379,57.046959432749844
72.84355077134998,61.479058165811736
72.72783210814772,62.29060310431168
72.96767103161118,61.02517269456145
71.30828226015814,62.43010822198353
69.46668156140838,63.55712079457655
68.87858756139693,62.640495438843956
69.74110313584322,59.05784307045143
69.86516498003735,57.344555955645006
71.19329049939884,56.34943122261978
70.63193730159153,54.701604579118886
71.30274453568627,56.88368257700937
71.94674101498165,56.32267442809814
71.09602944272594,57.786375483386486
72.24924717141211,57.91049733816809
68.92676026635559,58.0472702868893
69.82338771650696,60.35180496297012
72.01441804592284,62.15608818284112
75.11645226254566,61.907969795273104
73.10832142147433,59.30136317968317
72.30541346031485,57.60538941572553
69.86577432589092,58.16096794203491
70.21697977718796,57.44665870974023
69.41768312481885,60.546381129623555
68.79246816136954,61.16374450563218
68.45932344382703,61.114419199504034
68.70576685744348,60.9119783290908
67.98963240749177,62.05438915311948
67.75229268710312,63.12868185080059
67.13564681600106,60.256013327826935
65.75079738319657,59.71658873818594
64.39921186995097,60.09187920106229
66.05731885044378,59.74743784279911
66.51149880820545,59.98386557089077
67.35188503069617,58.60189490905653
67.8013136884913,63.50220731126918
66.02543825613913,67.28478662510751
66.07620396242474,67.91849868164996
66.3869828409338,67.88451623545458
65.62863150098337,67.79386265205832
65.77456231072337,66.80071277834485
68.00006747479341,66.77584740732004
67.9790129753006,67.98963240749177
67.95795847580779,67.81057697935813
67.93690397631498,68.67584140096282
67.91584947682217,67.70727406245453
67.89479497732937,68.00576098306625
67.87374047783655,66.19748172931884
67.85268597834374,64.75744339208686
67.83163147885094,64.81049986343777
67.81057697935813,66.65232772376326
67.78952247986531,67.88321299994081
67.7684679803725,67.9673596681353
66.00775506317926,69.65301958321194
66.53121094041991,71.21900565271224
65.69547976372245,69.05712177086819
64.85974858702498,67.7684679803725
64.02401741032752,68.6988314048616
63.188286233630045,68.73062578329589
62.35255505693258,69.8667764397784
61.516823880235115,71.10627411573472
60.68109270353765,71.18466890982198
59.84536152684018,72.24924717141211
59.009630350142714,71.19329049939884
58.17389917344525,71.51601319010824
57.338167996747785,71.24708932205381
60.2141896458716,69.37436827323562
61.93034740594378,67.537013018851
63.54485861811901,69.06634992554083
61.63077480460145,68.49915557553933
59.52237310944622,67.22651076455901
57.77841263323621,67.35698339383464
55.92372737777313,67.40180416688268
55.86040628944695,67.20027326097822
57.01268694916044,64.72629275921405
55.822543049682935,67.09994597703486
57.93961622263722,66.9643066385932
59.09328937988559,67.99572333195084
59.29174987397206,67.13238590184321
58.31663935607247,67.06757617880149
59.177364352044,66.75294792223973
60.97936067933186,67.23551104958842
63.2820882033431,67.56978450187363
62.22067492658011,68.07801185745444
60.34441313740946,68.63016460762275
60.93826393929027,68.18537561540221
61.83452889637183,71.51160865054351
62.625632658765234,70.49454541632521
61.35612200711309,70.8552880292179
63.06032448297646,72.19121128367222
64.37240327669012,72.45777067753467
62.44494767445246,72.75805654853126
61.15282892462472,72.56258035628643
60.13114394363958,71.49217066782386
60.92287235198698,70.60790820169218
62.25275588736349,72.62129340787763
61.22245387174573,72.2333949946386
60.75448527096301,72.91000129873615
61.275978246498575,73.17140217309645
61.16279690878511,73.23048934464379
60.60811601556306,73.13579758760439
59.94695841732949,73.14300197422166
59.197165717268014,73.3966482544227
58.72668702512395,72.77220877946436
60.42725837151481,71.98830002968387
58.17282761611072,72.15791149474921
59.0437579255768,72.91320652772475
56.94977528847683,72.80830425495294
57.344555955645006,71.97138644052117
57.25116489817544,71.2632929882787
55.9305955607264,72.49156771412154
54.85362255728731,73.6376945400929
58.66699711477153,73.43759381103392
57.399750321792084,72.45529067706322
57.44872542820113,72.95911747207967
55.420308474537165,72.982101190436
57.73615404842318,73.38779898461254
59.14339737428105,73.83106489161455
59.06404679725885,75.20302222311656
59.531505780662556,74.09488074454205
59.35950307180154,73.40447134509346
61.23008222665237,73.25723183772104
61.32486372966269,74.20456370844086
62.30896188583132,73.8021001921932
61.51109455032848,74.23743508780657
61.23173750168938,74.6244583261968
62.640495438843956,75.54590516998599
64.69576809194189,76.10213260005699
66.30286036091104,75.98176745392564
68.05435852114346,74.73755497846368
67.22673795390463,76.08951582641114
66.74442876185347,76.10232136964612
65.54663850539913,78.38272074886092
64.29640557190459,81.20485838538053
63.75928920006018,78.910632227811
62.76680328516209,79.1395434115426
62.848242985482095,77.70472959850363
63.149416295280716,75.97420895847716
62.748923369367084,75.53593599682983
65.6947929366442,76.11297512552427
66.49023444113811,75.70322049692392
64.72430245556608,75.17337978511884
66.73579272309766,73.76927926374734
65.79675213372963,73.46089098055467
63.91087506109289,72.4269312753082
67.03043255850078,72.61264284618493
68.9243133816056,71.94674101498165
69.45680959211833,71.94556523336959
71.04068952313533,73.22615712376316
68.32697788456824,75.18010536835463
69.22118622043715,74.58346810253245
70.2540906185346,77.94585063472071
70.272583559443,78.00104160442164
70.54848303785957,78.63872972161718
69.62004895550938,79.02239339882873
69.75269095672157,77.54543618717338
69.54905941243979,77.34848132600051
69.0426740039969,78.17102662755218
65.97720382865975,78.45417759156132
67.85571314004963,78.31584295960519
66.50238932043447,78.67228124006931
66.63025204162707,78.67423274034451
61.90617046050482,80.16277200822407
62.37506400214867,82.02701120570015
60.87166129435808,81.6315031908984
59.58330860024545,83.26179304272567
58.4314461597492,83.71851428405198
56.48162838083099,82.82720082317253
55.38884730349354,82.32578963414788
54.22439666417821,82.06503673489205
56.317549001967066,85.38229583708008
55.700019838982726,85.90093692231859
53.441385871548576,85.41722559929009
54.6368044591541,83.48390704591314
54.31133330666038,85.08798168758955
56.5314926161426,84.25556695555224
54.518249708298946,84.68177412454331
55.598335251272474,84.80488755616256
55.8910157787351,83.71527161570359
55.50097407044972,83.04898616946807
53.46796830734746,83.46520266781032
54.46255428245181,83.15475258901667
51.93366491503557,85.20062799610925
50.13961268717711,85.63000607818218
51.30284227511589,86.26895956330738
50.49602669169771,86.11330797302833
48.07588955618271,85.95562087785174
47.614255685322085,85.47847303269063
48.0567677185066,85.78553917604647
45.915751760291194,82.95689377503413
47.48474377313788,83.67411193424354
46.05251303794276,82.43365031385804
44.93841554025066,84.41134708216968
46.22872979351392,85.63704967701344
46.3790741294605,85.41061193727353
46.43634217097109,81.8947347282966
44.37091217208927,82.1019674411501
46.220002994045124,83.82014531082866
48.23987118792972,83.17690748509231
47.20239093024152,82.17456903725017
46.77231869086521,83.67266578474545
46.84662469244709,82.54953392027682
47.64567383588356,81.01907378765257
47.45998446913691,81.49212882327522
46.782751191259436,81.82143059171356
47.2044381963433,82.32540883547982
45.96041589315318,80.87490855883946
45.38646586739581,81.06153977255445
45.18661077682607,78.55586235483682
46.75478395095537,80.05054233173556
46.520294323501496,81.74519368904762
45.898909919973065,81.0988200218732
47.06714028655702,79.31457467212374
48.20593797248327,80.63058206235448
46.672045462432806,82.40867019166869
43.95941073024368,81.43954339541105
43.38457107584142,79.48813762943927
44.39734775448995,75.3596861398185
42.775357379312375,75.2007943868935
41.16900453480396,76.93655782332381
40.507227774601354,80.62853197009352
38.46779778696586,81.76058484225823
36.30252121820003,82.05332163241334
36.96820671155842,83.79315080136362
36.152166298414905,84.86304160044193
36.60165374118902,81.74523645176836
39.44650052314075,80.37076830645483
40.15262515983313,81.30868844781115
40.76081118226004,81.61522667090746
41.368997204686956,82.59735155077644
41.97718322711387,82.25960850553236
42.58536924954078,82.65777439545191
43.193555271967696,82.17164411148326
43.80174129439461,80.56122040652485
44.40992731682152,81.03831009604978
45.01811333924844,81.09019994624366
45.62629936167535,81.27029443960289
46.234485384102264,81.68507870190501
46.84267140652918,80.41295837550689
48.54564335593305,80.0985406935218
50.02139054893029,78.64254417390134
49.74517028368324,78.5583833841533
46.52586220678585,77.88216049631882
46.081910673250704,80.26819020832758
44.80906447084425,79.05351218088352
44.038075292809864,78.99106821615591
43.09053468935147,78.55121361366324
42.471729547792954,79.4621994744513
43.414614019466896,78.57232089933976
46.38039838725563,79.48721776721415
47.6477732596546,79.03495629629732
49.60749769387394,78.38970912946463
50.035915510208866,79.12709100812047
47.89097947612965,78.98080302568904
49.050989095763754,79.45480053835689
48.692256336489955,77.9247028425592
49.14008462286893,78.05235307250284
50.15268763337606,77.42503922255929
52.05207630833402,77.34554261832088
52.87082180181239,79.23460347114535
52.607749269905,78.00857619988246
54.13918218574004,76.23607773856732
51.88859773513036,75.87298218271836
52.52302617575222,74.16461217537116
51.94571749707486,74.0721964852778
49.86447543354962,73.85020768433942
50.446550988783514,74.11153420847151
51.84203934631214,74.09046932640416
52.14429169048491,73.83246325773327
53.26089905580255,74.34526780646615
49.10365115480854,75.55078270644778
50.45097243748398,76.1246262373345
52.32389029904812,77.79129973137478
54.26480782985866,76.82726833264381
54.13318147265831,76.97648772778703
51.76280581980224,77.05408360527264
50.770975580147194,76.06153084330302
50.315694370084245,77.84190967627944
51.06381956803364,80.5921808473846
52.47562519447839,78.16858329596778
54.24884389684426,78.06899739958229
53.13281171693022,78.246858053662
53.21425569655796,79.30256453606574
54.45013794045019,77.97896771528517
54.169439324699454,76.92676367375084
54.22093127115795,75.30196829985668
54.55984721657696,76.06988363258701
55.859996985192716,76.68467711203543
54.21446836394075,75.3277386193832
53.246376227857404,74.4248174417574
52.39945283249635,75.19457675573756
49.998456350714186,74.33245118973902
49.32465086981003,73.29970433651249
50.63796156232404,74.18362994564129
48.73867977798825,74.35624117051663
48.61639136359968,74.15745856155658
48.01419614149343,74.62396756768855
48.922689335575555,74.63520075394229
47.53864664090368,74.03644819361524
45.99267682748886,73.84021304642704
44.63126693894158,74.000259518483
41.90749723195128,75.63973708581035
44.61194628891415,74.50394654075991
47.30528172638998,75.16858957318925
49.116537328856246,76.04829563696772
49.43503088820897,77.87835592271526
51.321908907778955,76.7646594051633
55.03181935102232,75.68489162028459
51.25363244902775,76.5585902072831
51.62853141200347,77.97031419379366
53.3326687631124,77.92393673498866
52.92588728421472,76.83203618848347
51.70144999346537,77.53201249232337
51.386379508328545,77.8236006913779
52.006230164268544,77.0554487847643
52.85887910883051,76.83363380706953
51.97454223491604,74.59529987330146
51.57872895589032,74.35918990207807
53.542650552810706,74.04713149302296
53.71079240527935,74.47186419777631
52.63350898834659,73.98479501967415
52.26176263342762,73.68247770031024
53.10065893378512,72.96369633887207
55.39856448860766,73.24580627323978
55.079756407212514,73.42258164240408
55.3783100227042,73.48292057404522
55.15086988287276,72.93544439110072
56.34943122261978,74.64233550143231
58.80407480529348,74.61173263674272
58.599647876945454,74.73884027260178
58.484358884643854,74.23121066142969
56.23574894091324,74.46171759240995
56.49456290071794,75.0909063570521
58.562746364422566,75.44445219930061
58.17459036064155,75.60845978053557
57.888322559916716,75.15256276291564
59.01487559748755,76.09926002106802
56.25894297374162,75.39341597049668
56.657256596975905,75.74165610476827
55.8149824288511,77.20473878744109
54.263566259775935,77.88236953569809
53.26637466095023,78.14357890876437
52.621707532330205,80.38310876629495
53.50360217705436,80.15187936578475
54.29598745597813,81.51167385810074
55.17766071273834,84.53678256594691
51.964272031393534,82.02492403165836
51.27952001669564,84.59548462302949
50.966592581003226,85.80219152173383
49.985926422464736,85.62456314163958
52.05299435090153,86.19192684212825
51.06265743355288,86.87431543808853
47.95941727137878,86.46372114275755
45.42298778414406,86.91583736548617
43.54271670881186,86.367525689908
41.691148495267875,86.10316689677458
44.36640830879138,86.22964504701781
44.39779550876995,85.8732682200003
46.83939760435303,86.16407766756375
43.48746993611347,86.37209207771008
45.38494221725976,86.2472725700562
44.37899879351367,86.90242113011313
42.01459179756991,86.2627685066571
41.87269401201145,86.10622411900904
42.21649590814892,86.356662616535
42.24185263134854,86.74563890488085
41.6364507078548,86.21240820298574
42.12631508695355,86.18136076079516
41.10283597565149,87.0096828431773
41.02600040582759,87.13079915563067
41.059409372986856,86.0868642077303
43.025339388078436,86.19256356476492
44.45548479154834,86.23714285130775
46.18118097288493,85.64244227029931
46.619419979805905,84.64304928382349
45.912995754263754,85.04820981158139
46.88926263121119,83.31501446510649
48.80308046349365,80.00648033218211
48.874572373518255,79.74296187760616
49.30336422048253,79.83285003524797
49.91946658511004,78.55742967512317
47.820903042575466,80.29442304949747
49.92662551326084,80.41550355829051
48.74167801375904,79.45828227329288
49.10557015085262,78.64012473857179
48.92411633989955,80.7493804858432
49.18556000537129,79.97849369538704
48.1238404466834,80.9305815464027
51.19547349235792,81.36489596365165
48.73852366299466,81.44088189945612
45.90976366301085,83.09421965985115
47.054121775324944,84.0563217940196
48.39047949192382,83.70588936394073
48.38521362731874,84.92275384448536
50.02253667554285,85.96757801584118
51.53332111995879,85.90370019329659
53.24924113602377,85.88902569920961
53.45562205784357,85.92007190526898
54.50739515198222,85.417461565893
53.8348942606994,85.34192646053367
55.21491212529472,84.325099502378
53.07615629249117,84.44270595311399
54.12277512276435,85.88978777168462
52.19673778869171,85.78350637542263
51.72673231111248,85.24804522870677
52.41581969500075,85.7558229774495
52.96979220126372,85.7685024453186
53.94986845013566,84.04319043768578
55.25238120627384,85.76643820222519
53.82349034515073,84.93441775364477
51.64043359040156,83.55389263489961
50.19817897376314,83.25816223550578
50.71419875284567,83.17447048546552
50.66697170277562,80.37752477904654
49.39504189740078,78.54651131960024
48.68309849605138,77.80777365986586
48.16379838779446,77.51449622255683
49.387439083510756,75.97218295736663
48.7555421992807,76.78493950653686
47.5302979162729,78.10458979462992
46.91011170734856,78.50834554112403
43.344527994122956,77.89575035690812
46.405738583085316,75.82740091745909
47.41729252255618,77.54399225090307
47.17817149919,77.35236939936821
47.40208694719869,80.50583210426463
48.82103534980986,80.17531653614394
48.90214061450974,80.17125303707628
48.336739869268094,78.44711926502266
47.83869755335864,76.52621150893566
46.55761401129118,76.43098431693139
48.5644771443314,77.47906851513957
47.9034550527967,79.9189924059932
49.396240334284265,80.41196926332115
48.04703296276531,81.863339205271
46.998823617250224,82.86520177891583
45.76133371653274,82.58849389686034
45.0670621093995,82.54320723607512
42.73552543690426,80.72342703516868
42.145231104158796,82.52347355683283
42.02623371069191,82.41512668499233
40.91359406836819,81.16301036083163
41.852893881701846,82.31707615165976
41.55197979406139,82.8530991815775
43.421499220236335,84.12236738345126
44.767899883326116,84.39986680411816
43.88107538873009,84.13427815910292
42.663681215768314,81.026413724025
40.07194587347509,80.31926610564562
39.50422397421865,80.60531663081478
36.41178307385568,80.6725517710115
33.24162592308966,80.32345834778222
32.10355261825677,77.8271129832124
29.85787101785726,78.07127014322167
28.017252496825222,78.0532163619126
28.470140630855116,80.15074937435563
29.468416094765235,80.83356078221969
31.77011851401877,81.77150309968358
31.920476220086318,79.91012823788877
32.94939884793151,78.98870729373624
33.72156344349578,79.13316160172371
34.910471300889384,81.03330220519712
35.100683817197364,81.07499603800674
37.642691073979286,80.58605145113728
37.41026798442293,81.82547390683506
37.953373896020125,80.86856646165329
40.08132867180158,80.77710809490159
39.752813164565474,81.02305678342692
38.24386814617545,82.92165539983388
36.9338093867107,84.10763606680308
37.98159667324339,84.2534623810963
34.903687039006265,83.7047752619227
34.09638658268242,83.08323387894238
33.289086126358576,85.05332886266092
32.48178567003473,83.19420494981092
31.674485213710884,83.56041334008926
30.86718475738704,83.43078156673312
30.059884301063196,82.7144277870279
29.252583844739352,84.08088892245236
28.445283388415504,80.27736130999003
27.63798293209166,79.29705495061476
26.830682475767816,78.04350646215318
26.02338201944397,78.88002661763316
26.503374760955808,78.0505172004312
26.517216975459007,76.75970422887185
25.439242003034046,75.64267936560594
26.037248331592355,76.80105891022748
25.213637446099895,77.83066900134808
23.12688671924837,78.51415653756547
22.257028110337245,80.60079462359195
21.89608272713653,80.82747284705925
27.485666163683803,80.0798413685074
28.310989018823022,79.36257892097709
29.303264074366695,78.79632999386602
29.15634745372274,76.1665256469626
27.388100614987202,80.2311256390855
26.685954764904782,80.19843386758036
28.69571896282426,80.55973456829108
30.216219752196338,82.14835362187756
31.329874720228865,83.6976240464735
31.585121343537683,84.47749404395066
31.975469258344845,85.22262040277866
29.34285298542333,84.66221804972412
26.085775626787488,83.03096336378815
28.989026172917313,82.90433592695797
28.764896225090904,83.45861279065107
28.42044455867369,82.73869166042668
29.130910645367894,83.38522792355703
28.57965507279055,83.22409854473861
28.372494245325015,82.99218744380546
27.85748779693927,82.3247648080028
26.992919012473838,83.58172001887897
26.202825753652203,84.13018802495318
26.887862786271974,83.5497942837336
24.28138916558793,80.93104031248198
23.711283620192734,81.74224882485638
25.810582306494247,81.99538713021016
24.7468030078889,80.65995151142134
22.20623704977988,78.74751890721352
21.80840142010247,77.89517392303328
22.14334595325653,78.09719850605684
20.281971579445038,77.34403017654238
17.82527345976418,77.87428133949255
18.036617903750543,78.09223636927732
16.900050988995094,78.15674771635608
17.018032254414265,77.40201629689746
17.522054110832812,79.03802621570762
18.272991475163746,80.27626247457813
19.829452933870154,80.99489664133421
19.471729977525687,82.95711893485515
19.5800384131758,82.90581882092661
20.28025408944644,82.45767986681943
22.039250023669023,83.60681196983028
23.358789555209146,79.37029746729038
23.606266479307404,79.20862212750484
21.861942616931938,81.50261763073154
21.877622539867478,81.32111857504997
19.721370504796692,84.88970081185066
19.627144709694534,85.29952198776093
21.837840240723388,85.69265880598655
23.26588032828723,84.30865306589264
23.143997262364792,83.85132639325433
24.226748214588614,84.5946731622538
22.973911563291725,85.95887130559983
20.48773721643655,87.24861679820921
19.987485178797378,86.95216539974595
20.44286348968829,86.82597835218861
22.56205937497364,87.80838008162391
22.3939544855907,86.45300654867556
20.738188880095908,86.44134757194043
19.300371900204023,87.49183295512125
20.03754991332212,86.34178067262002
19.083263311213845,87.0929817783434
17.816667316568275,87.25144632730048
17.24939171177392,86.32070367999748
17.385189972530235,86.19307036506311
17.02440202477312,85.95703528475937
18.054243199495012,85.97468885550498
17.964555582735724,85.2224024786137
16.75602966238103,85.27758835644491
16.307741912026636,85.84766637238232
15.842933901033266,86.10003870965681
13.921602469602627,86.74007620007974
13.679364159880981,86.16982401932722
17.624923831865306,86.23435161994863
17.4038567628269,84.84110654890128
15.409426118623006,83.7915993296451
15.783416694454834,82.33701833355444
14.614659506445598,81.35978462591969
13.303220053290792,81.08591683929271
13.660254565285697,78.1788600571725
12.062662026222362,76.94058114976805
14.068765038229412,76.49944841899614
15.943119624315715,76.23625076511892
16.219941532866386,74.74908934025608
16.94021348867179,74.5793964232744
17.13148088144677,75.80619131869119
17.297602430143588,74.69655158215133
20.016552735368855,75.73356900163472
20.450574178361585,74.74875979925064
20.48208995342528,74.426495437241
17.026639858542378,73.83000662862827
18.65975745817145,74.82707091616584
17.806987359495835,75.38267521629594
19.598731558521592,76.03638790249543
19.455902055937585,75.29348102968268
18.287131298707084,75.97289168779781
18.15176192103039,75.21726005570277
17.466598814354686,75.93195181251656
16.7758365886735,74.73156263227501
19.217036639155644,74.62524715740821
18.70925720297854,74.52376594384809
18.964682806190513,73.40438760458028
19.710947828786388,73.68716442405194
17.952586252553676,73.56011226005076
18.258074045160985,72.36474410883832
19.020345113941236,72.81114191091906
20.57811932931331,73.14102824871405
19.44991001713974,71.38903894693996
17.31548510537936,71.24645716092314
18.194473294423215,72.71035092645658
15.234944075690652,72.96167270894844
15.425558467170601,72.84355077134998
16.55179765997023,72.9326449256607
14.730320960655575,72.8287167597561
13.320290195510475,72.42234740901128
11.472087211371285,72.12794778239116
11.579492117439237,72.35092420029923
10.076965262547063,71.5535697537527
9.74330759883618,71.74435128321515
10.702858118059545,73.1718165103852
10.056649657195159,73.80085594216908
10.281379048033024,74.08464525407177
11.5583842060249,73.20855269187186
12.446798314287431,72.50666272289375
11.164074306127109,71.72656356422863
9.678540625298867,73.08561589569662
9.156249602411544,72.94790933453261
8.68354905019306,73.37819872617582
8.025603405550761,72.04197466332378
9.25886980503563,73.18199542589917
8.982987481712321,73.68676701713714
9.444974989518279,74.2645900126299
7.885383730006355,74.07354765413494
9.608363951281794,75.20692805865855
11.8364622022019,75.54571134491745
13.852383195653502,77.07244772144857
13.736659172916042,77.29503909881964
12.299571953321463,78.1054080083356
14.492601315487134,76.8648193236662
13.642076379956706,75.90083694344767
16.124611753308173,76.32243080655827
16.94007103977904,75.50115681103367
19.496303303266668,74.12542636958369
20.458359923858012,74.40032506700916
22.004604924572174,74.4786733557174
23.966520506101705,76.48579543291025
24.50166017692499,77.83228361718095
26.85227723295572,74.21310674004293
26.329266391717017,74.10957625495337
24.816840282940362,76.04430971220725
24.27456898119886,79.63382758526483
26.74498735396363,78.55525145931189
26.078887821886074,78.55459870517825
27.2220668789797,79.92947363530084
26.748659873598406,79.69137710323061
27.382497537165314,79.90624707309851
29.056869942633938,79.36410755786162
29.950267011815274,79.19501592167259
29.129648992690704,80.1769351540041
29.188256401075005,78.92160293567332
30.73989274664628,79.15933037082583
28.329741551947883,79.3532773985851
27.28297748884059,77.66988922681603
26.428635104351066,77.7757488296669
26.33624099123416,77.32877665373391
26.93422731686762,76.88235240908301
25.40673222781391,74.5922364457656
27.386272865703035,73.83091360678439
28.76156332587765,73.27116412747677
26.857389759201034,72.56994649317016
26.345320535938054,71.7545187877379
24.52398177789714,71.67265567451756
23.23991449913593,71.3881138773845
22.858842302648362,72.68422038154014
22.63238352798553,73.18190580088185
22.93685481648553,73.37392191362635
24.314017138030078,73.21811316915762
25.902968416360604,72.0566712744432
24.04686201168528,71.73946202560514
24.68238296490585,71.36076771646341
24.13011662334857,72.26241573270556
24.15486419761975,72.76250796626644
25.872166436879194,72.7085663432089
25.976034626141693,72.30049826845908
28.676504753906364,71.16172714439982
29.861659326201636,70.46600673508802
29.592201585798087,70.67158787119571
30.272506235694436,70.14537512001249
32.39683792660728,69.42382622618659
32.40432806488368,69.80709920186037
33.15864293572833,67.34682688021053
33.62408059119915,65.18900724077912
32.76028233789105,63.310903403111354
34.31097790908258,63.136002066285634
32.73273753640418,63.34101647972114
30.49111999642619,61.02647214115152
28.23325935846866,63.1941722995489
25.675360494808096,63.472584000465325
26.294614524599467,61.32984414728771
26.826644017252626,60.81495047253794
26.80875941270998,63.333431908831166
25.089898333684882,60.01573358802005
23.19245619151622,59.99332565189905
23.308920867731082,57.35448378466452
21.747999432356146,56.49366856746426
21.1723786258725,59.0437579255768
21.128714515831167,60.43553564078705
21.901305952112878,60.19648830936763
20.473790990399976,59.29174987397206
19.012519092555763,58.59086536177732
18.323607740656666,55.36133577278296
20.066554641528064,55.437150602820005
20.59614252862601,56.317549001967066
18.506790497574475,55.50097407044972
17.236969276762586,55.43169691706778
17.65929438198955,55.21637110742019
18.081619487216518,54.55460819358093
18.50394459244348,53.136009080636036
18.926269697670445,51.82019413312866
19.348594802897413,50.93502562857923
19.770919908124377,50.81053093675968
20.193245013351344,49.37866159755823
20.615570118578308,48.85511001716652
21.037895223805272,48.874572373518255
21.46022032903224,48.39228687045591
21.882545434259203,49.362780544917314
21.75508636871671,48.945552699786326
20.901523484248756,47.30528172638998
21.66193986246236,48.17435653244129
22.54976275816515,46.34439728261233
21.19522670690784,44.26366078808778
21.077256617090324,43.712287406853605
21.665569306451818,43.19431651048205
19.999287981230882,44.41822759193255
20.164157765375908,41.405100348411615
20.71557982718329,42.85780634808063
22.48264647558795,39.86179893028351
21.304115884041835,37.04544018323492
21.936589314691535,38.205000471080396
22.023633025768287,38.38939320311065
24.806359378693628,37.44543830519358
24.948130142869278,37.10319109365248
26.41395112605117,36.37911426071393
22.633343772666613,36.02745807379391
23.67499867088618,36.2905259812932
24.380904297903182,36.7772865530752
24.458284685661116,38.24386814617545
24.366410462848734,39.6835206422125
26.740440422827206,38.6615725406526
26.73298633326148,38.97595921081333
28.308069783411053,39.93484967136015
27.161292231136837,43.03119665101984
27.880039841348786,42.12848947469753
26.804190529749462,42.383050963947845
27.087638961364146,43.49195800415048
26.88447967186154,43.55000112686793
25.889390739604156,43.53601153831046
25.13370790007577,43.3292870892173
22.215737753752826,43.73856547965186
22.457555390790095,42.88096806690152
22.742762790102162,44.39420887055696
22.999454530563906,42.88631563542161
23.459605040844703,44.63126693894158
23.039103816933373,46.040367194918105
23.487989587072036,46.55475850117808
25.12332309260308,46.10314157194382
26.128866664987704,46.921653736194486
24.63143027909288,48.03625887497598
24.51291447158122,48.7555421992807
22.332101488761637,48.278716832585225
22.71750704188898,47.68876741564204
23.52482933335473,48.336739869268094
24.52390155768893,47.5302979162729
27.329677101245366,47.48474377313788
26.145046205318277,47.70279709032513
25.11260016283919,48.98827029593682
23.04990452711612,48.5644771443314
22.27547452952456,49.597167707167785
19.9456776744918,49.18556000537129
20.651042892954635,49.5045524583478
19.226164126742212,49.53277101371713
19.1979100298591,46.88926263121119
18.86095126227214,46.38039838725563
18.006863102137753,47.06714028655702
16.091784767292683,47.71957918331067
13.846714335771544,44.888236828689415
13.892261065433015,44.9953426809258
14.382109980375395,44.472186853631115
13.625581101765123,43.0423436651692
14.699252935254574,45.626015500067446
15.005171158987766,46.109936388404094
12.033404953667503,46.414748014191034
13.140069113627401,44.78592155361964
12.0646111654442,40.02869655797777
12.090555896727084,40.56574243034057
12.822451931289926,41.33404456277468
11.413137099776572,43.24774296178013
8.680966997618148,43.217795316661295
6.858000800544003,44.34322642875678
7.654837551208018,45.54149361064401
5.388533801733736,47.3112417214352
3.941278529057615,48.66004537206304
3.635436531675469,48.01419614149343
2.4049770925331355,46.501284159488264
1.0446963057140926,47.583806883997894
1.064015877246986,47.505209389023406
-0.7984942314209544,49.10557015085262
-0.7797296495141985,48.6256407666299
-2.8531200172845885,49.112886552777645
-2.9640648304192005,48.68119820247936
-3.543010434707092,49.11683635490684
-3.7611895728911473,49.270034291962844
-3.2670640104903885,51.93366491503557
-3.6438947872741236,48.88189875445535
-2.471430959507667,48.251238650810436
-3.3984712273151545,48.38521362731874
-2.0070724666376494,47.55903758980966
-1.402844760402009,47.16946496491999
-0.19454301313406774,46.399200512335895
0.4060990579258128,47.054810543865756
-0.12497519345123842,47.85268900479171
1.2896624569640103,46.466488400898136
0.658766757769936,46.340871307880256
0.05069412244089433,46.39079091518432
-1.6615664215806145,46.56106248481965
-1.4487154354358636,46.79585028274061
-0.0009572060838149987,47.31616853516847
-0.2502696442645258,47.1630548008013
-1.5955211855400868,46.05251303794276
-0.810596125211124,45.693469452028324
0.556693316580742,46.75770576749152
1.6982624874569572,43.087005109796976
1.2937339695308163,42.14535006775193
1.6471646100032906,37.70178587874529
1.846008604338575,41.97095746284454
-0.5281372889934155,42.200593302910946
-2.9525955878488443,42.94084254610427
-2.628432779997531,43.09053468935147
-3.0852958534267554,45.96110352250677
-4.498597721211094,46.786556573458675
-4.188712593802302,46.403983880514716
-5.563642453245194,46.084032922181244
-6.368447509930585,42.39089785450839
-4.5237208761019545,40.810348212806986
-3.744492432329681,39.045808639552384
-4.383055161938197,36.3674452193301
-3.6593424612878116,38.55183168588337
-5.085234244900323,41.19069368184183
-4.962572954795736,43.18197111973197
-4.724509687846435,45.304210696380466
-3.301577787078466,46.3232569904781
-6.183120762891844,46.057023124228024
-6.7437505948559,46.14211188585972
-5.657419276690085,45.57452935641488
-4.945949087624468,45.38494221725976
-4.382839098085689,45.33111630133087
-3.845694623230517,44.394823507450276
-3.779058626283777,44.405751336245814
-4.0639619323510345,44.35644766423626
-2.685622684175126,46.55761401129118
-2.4565808401075224,46.480303652003336
-0.6160225062257652,46.405738583085316
-0.7197370967283929,45.07736691569504
0.8165688265239874,44.284808176469966
4.0441520701989395,44.37899879351367
2.4925792225651535,45.22473667175396
1.4009009291509966,44.72474297741471
-1.4337467593775712,42.13924560525564
0.2605532023485986,46.32284090576373
-0.49888763637129663,45.459515910656364
0.056908573105946325,47.19043571976991
-0.6078634833636556,47.050094292252744
-0.10216187720532455,48.73638309397088
0.6752975439494592,48.1238404466834
-0.811392996743261,48.27125290041614
-1.8840566631453912,48.264012442020366
-0.14541998770994358,48.23608496167118
-3.3606231325226408,48.42528859365573
-4.234479593635557,52.053277304185045
-4.81557193968643,51.964272031393534
-2.439803275697018,49.43503088820897
-2.6071407036031444,48.56451522908226
-0.9851827866661458,48.41729264646661
0.26954806180391366,48.20593797248327
0.6206062114681798,49.551794773535335
0.9681624852212749,53.40089317371306
0.7342585555516974,48.84372639878769
0.9390117528677394,52.607749269905
0.5328467641416115,49.35200103953583
-0.22298229826200777,49.26307004959904
1.1773823729895023,46.92058820221636
-0.8799226566523262,48.07187976659036
0.5771512586910734,47.500813655605924
-0.9752452845271149,47.29373620893656
-2.0565195127488005,47.054121775324944
-1.221274169836327,46.891753818542995
-0.392465800769351,46.84662469244709
-1.5412928990901813,46.9144382119271
-2.73469896299354,44.4394711894007
-2.155724713902954,44.34980925398489
-4.570759791578457,43.2528713639699
-3.9768818175622753,39.174085243986184
-3.454127308643985,38.450329964387336
-2.5613076458745825,41.1976053212737
-4.479869381028816,40.51262752826109
-6.9097216080668895,41.691148495267875
-7.724497240768294,41.14861420325617
-7.600865082313749,41.03263609925284
-6.200942534844789,40.03500445025559
-5.2834159392507445,38.6481138094377
-7.066766997974277,40.28152528828674
-6.2722991474113154,41.49247733105618
-7.0416978385155815,40.60709034495359
-6.43983479692763,40.647600137549226
-8.08905308741386,42.440118144640394
-6.779504489989161,40.34131042677128
-7.195014489210059,42.145231104158796
-7.921550319939639,42.37787102531529
-7.813351020193139,42.58628763798674
-5.253657769078494,42.14008679430321
-4.229009002256115,45.81814613071979
-5.131621370426206,45.38961962506555
-2.9212850517206803,41.854156507391735
-4.798504277005522,42.99577188384542
-3.8671038787082095,43.066690650923135
-6.154951627732447,41.52913545796465
-2.8346541677903567,38.35681258078126
-0.48731703588770436,37.519186652831614
0.328589010178182,37.96117964894275
0.34150139651200717,38.66491403947284
1.078425657587411,38.167897581789525
-1.121104151563284,41.874881830099
-0.9003749201836576,41.38264915567384
-1.889648751300332,43.34242005474605
-1.3710295633203349,42.02739829624644
-4.360678900628678,41.079340323402974
-4.851108297525457,40.78274734786688
-5.056234565688682,38.72611155943588
-5.261360833851907,41.2299327356564
-5.466487102015132,41.672406153807444
-5.671613370178358,41.75521660738146
-5.876739638341583,40.75014774782243
-6.081865906504808,38.32702365346566
-6.286992174668033,39.44211397535987
-6.492118442831258,39.34609298552531
-6.697244710994484,38.59706044189925
-6.902370979157709,39.177075965920835
-7.107497247320934,38.568634718527896
-8.334970205887714,40.469385656052175
-9.112842668128899,41.316632602226136
-11.199158528199547,39.70608863520272
-8.410729031625507,38.6716577325818
-7.855182224236186,37.65765048193533
-5.731233430537668,38.55839855980303
-5.854652501358006,36.57302222670666
-5.219587005630784,36.93143093209886
-4.520594955728672,37.11685922638819
-3.606471776456863,37.106262612063794
-5.093562610194036,37.25145011243892
-6.298758416988772,38.967208894331975
-8.022598456326955,37.00550060626745
-6.96147527611781,35.99466519629767
-7.184197787323867,36.9338093867107
-9.698588567658735,37.830803267140965
-7.36460645696177,39.904847209926324
-6.2973951972057804,40.07194587347509
-5.428800887349076,41.44027565378931
-5.001079348167588,40.78834881068132
-4.051801053558404,38.646630743426456
-3.953132687885946,36.66193957358873
-4.472669238176966,36.92761702310914
-4.392602506524591,39.177940287918666
-1.0544910375530812,37.64510717718376
-3.3592175886528928,39.931116406
-1.418357922209161,38.54009035713632
-1.9537704541952294,40.75399780042206
-2.3985478336493995,41.265070550681656
-2.9808142684451577,40.908202528481304
-4.298046147874926,39.13110967227991
-4.169227185766643,37.65883459147431
-2.636796774985058,37.42711508774378
-1.5267966395812416,36.290025701105485
-3.6650561772751233,37.64882635832849
-2.671551649603116,39.88407231397863
-2.678753751695491,39.466901470523894
-1.273247516850862,40.749482096101595
-1.6488578385771815,38.20293585331097
-5.259852494248086,37.635708123682406
-4.104239609623121,38.54810087480485
-4.959763105256992,39.669303224878234
-6.61194709208702,41.66608583759947
-6.2331519588291835,42.0190123663828
-7.21619785916457,43.32043946592359
-7.5642178205416055,43.72606981107074
-6.44118264480978,42.10759346896677
-5.9088424093292495,41.9937644727388
-8.03796924644821,41.142513874085324
-6.599259104003133,41.999558822491814
-5.85076359049054,44.19882411159207
-6.001622312919138,45.53901717674449
-7.663241517409941,46.220002994045124
-5.285665095138928,46.41843743195861
-4.744946546850361,45.26082656197056
-3.9240154993552707,45.02678595837797
-2.7185443679356767,45.221974577439326
-4.304380975958248,43.957373712243616
-2.639953653154694,42.13578371708356
-1.9489205454142873,43.48746993611347
-1.9530840415289752,46.06126899306497
-2.540916052938403,46.300096178890335
-4.063366418419541,46.10861083907394
-4.862141222597695,43.54271670881186
-5.212110410800731,42.71589451547009
-5.473505595155475,41.453170126922075
-4.421452322604849,43.42133567289318
-6.117942308106375,45.93465651381895
-7.8767147282471495,44.96896890782128
-6.700142233382948,47.02383842582016
-5.594017634484264,46.3708761943306
-8.847922261437546,47.2810760061192
-7.82184064215668,46.945892215284424
-7.112523602929913,47.820903042575466
-5.691568762157582,46.98922306862521
-8.129654642184857,47.030327728739415
-9.256429723727862,48.04703296276531
-9.379418578042808,47.17633977163813
-11.560887552998036,47.62634711192851
-10.809750973538126,46.82957521132666
-8.278853476019513,46.38431825103152
-7.24892298451503,44.934844685828544
-6.176841571504247,47.48129898749663
-5.010326991347867,48.06116835837519
-2.9818174371291093,47.83869755335864
-3.859669348646072,49.16185962021794
-5.771325441423203,51.84203934631214
-5.131408120871457,57.574239658425554
-7.095738851885787,58.42541440839073
-7.199191677362627,59.71185142246947
-7.035048344397196,59.76595293688858
-8.614024245227304,60.86257339117326
-5.103738183227767,60.836595579411465
-4.842886622353434,60.66477927497925
-4.4385330067130315,59.87477034835881
-2.758743187443487,60.73594931036205
-1.1626673346505376,61.16279690878511
-1.9435741894816994,62.41523018050746
-2.3062387908576136,63.06607706620299
-1.7774293176055642,63.17575313025255
-1.4676438344571223,63.04392827581572
-0.17645874813046936,63.32650679214768
-1.6688463710476,62.55236311918436
-1.0519791921767567,61.68018004341951
-0.5905015237612767,60.871855525307105
0.8177266674946853,60.98917457081839
2.1580388190119626,60.42570295959423
2.0549616257757926,59.918771198962865
1.951884432539623,57.600104730625546
1.848807239303453,54.8042301106818
1.745730046067283,55.144488031627354
1.6426528528311133,51.777181764636296
1.5395756595949432,54.50739515198222
1.4364984663587734,53.30495475889766
1.3334212731226036,48.38037062719558
1.2303440798864338,48.65799736532705
1.127266886650264,48.53368058002789
1.024189693414094,47.7059571581138
0.9351482690829237,49.96410353916897
0.5378516394920961,47.84224201621459
-0.07382414419896699,47.40208694719869
-0.2776968818952547,46.758158147575166
0.6838748318910928,51.34535966071295
0.8414541036128458,54.14353943418695
0.053286847800470216,51.62853141200347
0.4114244110324377,54.22439666417821
-1.3597659687349548,54.126103533921416
-0.3976854016730438,53.00790513934145
-0.7037689087610888,52.85887910883051
-2.2949872286180346,54.435574112137296
-1.8797782326216022,51.569375827470274
-3.4176415482890565,51.416568817179474
-3.6698344431427303,49.857050374834415
-3.2366907308299715,48.354160585022974
-2.480167665214486,49.013676309882754
-2.358914143741691,46.66400908123817
-2.0799769647350885,47.39131954747259
-3.2055143188889463,45.89224586293475
-3.3439964056883995,43.80174129439461
-2.664343073500978,41.97718322711387
-3.9324125148487807,42.92845552219568
-7.813101499921913,39.973585831028345
-6.502637765886636,40.08272122628868
-6.096904918281037,39.95611294379936
-4.693683315635963,40.13249363744479
-1.4165279563337294,37.642691073979286
-2.945746649564633,36.00572006422812
-2.943988378415849,34.37827459915228
-3.193277744663917,34.80254968504098
-2.66468912265924,33.16446903883825
-2.4994046629833684,30.797336887645148
-4.685976143785121,30.77559216424875
-8.59157662559409,28.780365303268578
-9.7802341205142,29.048813376766336
-10.601706213601313,27.75450624885316
-10.539647690478017,29.36603780286763
-12.381975085761283,34.52043684138797
-10.541154976913454,34.92500972950007
-12.02196248310975,32.76028233789105
-11.321555156520514,35.10586516306051
-12.70088823995575,34.6055396104063
-10.935616893365246,31.048456836506013
-11.096103710823435,32.18839402820258
-10.965565408656813,35.52077985125367
-10.809904198484475,36.16834104838795
-11.629061258312518,36.27056407291996
-12.228472605196703,36.16458265178794
-12.979240511940628,35.05295515181504
-13.483112920535458,34.89604420762501
-14.921837276092925,36.4166366884432
-14.056779695122849,35.519205336000994
-13.64241246110638,36.023318030704615
-11.150811764515801,34.97359088616512
-8.545832550522,34.12856646179165
-7.712737001495104,35.66978316917117
-6.496833750689056,35.44169382727827
-4.497980641102501,36.01741396644269
-3.756438076842691,37.37510899673358
-4.95742350253526,40.08132867180158
-3.857396585757481,45.90153446929713
-4.70840517296971,44.39734775448995
-5.608762659608282,43.767769923102854
-6.422930529664254,44.40992731682152
-3.023349976183781,46.281939359268165
-3.448282916010124,46.27816175675625
-3.8732158558364667,46.30587928112987
-4.29814879566281,46.8048784298331
-4.723081735489153,46.43634217097109
-5.148014675315496,46.68692559992489
-5.572947615141839,47.2044381963433
-5.997880554968181,51.06381956803364
-6.422813494794524,51.46482313200319
-6.847746434620867,53.97526922734909
-7.272679374447209,51.97711501265607
-7.697612314273553,54.02961230727902
-9.260236453538067,48.74917807618049
-9.904829522872948,51.57872895589032
-9.529615461384154,52.59889029397659
-8.941321167036946,54.51586152362892
-12.06145057040503,53.26089905580255
-12.985778266588383,52.40830611464713
-15.137220623197834,54.97149085656152
-14.700566067497332,54.47440394827637
-13.638402656024113,52.270776203445
-15.73549758371772,46.841908144670356
-14.89919236049881,47.23441989824155
-15.482461398844121,46.480347071477645
-16.065730437189433,47.258138487834046
-16.648999475534744,47.047364284096716
-17.232268513880054,48.173264193218124
-17.81553755222537,48.71899750200092
-18.39880659057068,46.84267140652918
-18.98207562891599,47.831050464746525
-19.5653446672613,48.86854957719312
-20.148613705606614,51.42820270760981
-20.731882743951925,54.176662512608495
-21.315151782297235,51.8197608534515
-22.209624904152044,52.245878437587
-22.982757677371996,52.404144616328416
-22.224997695351718,49.01006711825644
-22.22426450744956,48.73852366299466
-24.038749927054056,49.83080824481964
-24.14458263204505,47.68103091082942
-23.19387298683338,49.499467761999625
-24.785161661029104,47.57738723108222
-24.4029231623388,47.15795790577381
-24.011775170436117,49.76240965771743
-22.86161932004744,52.47562519447839
-22.33368666394239,54.07903811785251
-22.773560649400526,54.3332864277535
-22.287703545251688,51.646129018638305
-23.767936410397393,51.923628758739916
-21.683937050885984,52.496656498412456
-23.355982099417417,47.80897394420588
-25.91201516623729,49.326137529982745
-27.52930775806774,51.70144999346537
-26.913271766416564,51.505609882560535
-29.308675477990082,52.364156797068944
-27.13892404942387,56.69547546613268
-26.525828829131807,56.98834728502919
-27.268797601625284,54.504815870456056
-28.011766374118764,57.51528796939442
-28.75473514661224,59.08542323143062
-29.49770391910572,59.06404679725885
-30.240672691599197,57.41998484343206
-30.983641464092678,57.7173110089549
-31.726610236586154,57.04572872119468
-32.46957900907963,57.56382420266629
-33.212547781573114,57.14333376707239
-33.95551655406659,57.71228524445162
-34.69848532656007,58.520572384149894
-36.59204389504839,57.08719389319412
-36.022288332353895,57.227814076556456
-35.50690115356325,57.76490813008538
-35.46319396954681,56.16429738478981
-34.75401910587226,55.68635784483697
-31.80873569149507,56.664216826396164
-33.27486615075267,55.91805461076372
-35.24696346334961,54.23143146460038
-33.64000072669445,52.8791263985465
-33.02317832601394,52.280210699542884
-33.380150240119,56.979032775748756
-33.82081791306029,55.92372737777313
-34.400626242696084,53.94986845013566
-33.609763988831304,51.88859773513036
-31.79046725181341,54.14107065750521
-31.80792160713384,54.4024322264724
-30.87115101636688,50.52899367981639
-33.49232310309297,51.53332111995879
-36.39421266834361,54.13918218574004
-37.87544286976547,54.7326199130524
-38.193578162397884,53.49367982948232
-40.53181391374838,54.836138344210205
-37.62493455237272,54.78868296555352
-39.59263042922995,56.997598454078336
-39.931513183785135,56.067492279453276
-40.270395938340315,54.32617116578204
-40.6092786928955,54.12277512276435
-40.94816144745069,51.87929020842755
-41.28704420200587,54.29436491806667
-41.62592695656105,54.57099094411547
-41.96480971111624,54.78767624905457
-42.303692465671425,56.7321992135835
-42.64257522022661,58.562746364422566
-42.98145797478179,58.39600099161309
-43.320340729336976,59.91178212292937
-42.80979305942251,59.6239815361347
-42.82911834669206,59.62699517240865
-43.78957560779884,60.66678853277383
-42.374079308492135,60.35754700909475
-44.58219840868566,61.22245387174573
-44.8548092734479,59.94598198769184
-47.13469092017927,60.7353384531384
-48.743320792753394,60.81491010971336
-50.11090170981196,61.21234055362207
-46.07330418445343,60.56252248683348
-47.812388333373754,60.00276090888484
-47.15830340443342,59.606668818711405
-46.69461207868558,60.37403146599377
-45.80980084613375,59.35575995476593
-47.366626986884334,60.68220753322065
-47.87623940207323,60.90703833577906
-46.401813889188375,62.79164619552225
-46.49571531743349,63.49433648728365
-47.58146166483261,62.70191270392011
-47.35841694618367,61.216639167284
-46.873589088749135,61.21385824516804
-44.21950749345843,64.3509379902054
-44.24997422854084,64.52081288044005
-43.87283543186372,66.31343851292081
-42.344697779072234,66.50893178952775
-45.31685456444432,66.73579272309766
-46.92853307284013,67.1104642587666
-45.58010343764297,67.09589339045493
-43.89937317355321,66.76034549817473
-45.64683567720451,65.58317439288965
-43.1319708376702,65.30988883122403
-43.01229967859539,64.04866054392434
-41.10522763154315,64.3730798272319
-38.35462368613966,62.97991549192212
-41.28207033216831,62.4916503633577
-38.651068349724746,63.536300695561785
-39.250833682617724,63.2431536373701
-39.52754689345839,61.406219360168684
-38.739947476782454,62.44183512380879
-38.09051539712394,60.68303468057427
-40.08114984891207,60.66825333188448
-39.10979202510576,59.52237310944622
-37.04675299828185,59.501499174313125
-34.73287521063933,59.55127415285903
-35.1848994367331,60.53833319850976
-34.90895186633299,59.51201672034396
-35.457632769855685,59.19451491777813
-36.654260575895464,57.46639157773226
-36.56830742396372,59.1511779886378
-37.72594596978721,59.91323845236405
-36.03345717727089,59.92686975100487
-37.85270038323482,60.88692518012853
-39.504336210304075,61.26897247273333
-39.249874683403,63.30307695723888
-38.6881287847035,62.15551977697025
-37.518020127019994,60.79977056940781
-36.99777960882602,60.667348498331975
-37.638926053699485,59.626990112407704
-39.672584531800524,58.43243097747295
-39.934100395050095,57.15275565455069
-41.112734732317215,55.27943096406998
-44.25010842197555,54.95815651167654
-47.03439752256886,55.079756407212514
-43.762785645257246,55.98847153558427
-42.95400867815829,56.76721307150568
-43.91823339470205,56.73587985934363
-42.50229995087989,56.646632336285776
-44.02906658014563,56.791204704655556
-43.34100565591667,57.19253756166593
-43.77532809034543,54.83818158788808
-42.4323705083579,55.700019838982726
-43.733679310821465,57.46609451064733
-42.11681512949638,58.24211821926071
-38.82924790383214,58.30116263514344
-38.441202104538924,58.233066526957934
-38.69702811364395,58.175878717455156
-39.05682636700867,55.99775623007674
-39.6269704660286,58.5298150309633
-39.48453016603985,57.92131424834865
-40.72838230287104,58.25963452553431
-39.7790305912189,56.847180164951205
-40.71919345420433,58.484241241945995
-39.579378039101066,59.53870554509248
-38.12794459933803,60.410978405174966
-36.88420860592997,61.889360259573195
-34.4788468552756,60.66392866224378
-36.739562650705516,58.791283271914104
-36.779190503613066,60.965974746901956
-36.68041195249461,61.09483993812119
-36.63373774329675,61.75968792105196
-35.35065834069664,64.31784540133107
-34.53819082289294,63.2820882033431
-34.1774125875793,64.1592000751988
-33.24127983181783,63.892792806607495
-31.346066095830242,61.251333554535705
-30.10245774483976,63.088885017141095
-31.10057601164834,66.13857685654874
-29.286135208228984,66.25181034166656
-30.159972653004385,66.71487605198429
-30.8366952635901,66.62836036022185
-27.607673289412958,65.37206098331832
-26.308355291822927,62.48775969396725
-26.386665856870547,63.02087736376209
-27.12393130284803,65.22329802099162
-25.623637355613486,65.21392797065171
-27.630990383176897,62.993604838007215
-27.54654718342967,63.86796709312097
-28.92237037054042,63.72859241805508
-28.880200615218126,62.76680328516209
-29.1573106981724,65.71805220870138
-28.994789484129697,64.91117476889774
-28.48687098814102,65.97720382865975
-27.978952492152345,65.89444466339236
-27.471033996163666,64.73535541019886
-26.96311550017499,64.50731706608991
-26.455197004186314,63.868948874713524
-25.947278508197638,62.3120737956581
-25.43936001220896,61.51109455032848
-24.931441516220282,62.41015898194104
-24.423523020231606,63.75928920006018
-23.91560452424293,64.9440153486972
-23.407686028254254,65.23657734086844
-22.941276145303952,65.24644688087668
-24.71845715922409,66.5994339378715
-26.353535324599132,67.7002370123011
-26.045934555433565,69.51151493276788
-24.825461896987647,69.3128903487961
-24.005691201864487,66.59694985365391
-25.655468415067965,66.64827451726627
-24.66075662813643,65.64627597914267
-24.928899486375613,65.49685163018508
-25.1970423446148,66.350041156408
-25.465185202853984,66.2333839012026
-25.733328061093168,65.86421734383221
-26.001470919332355,65.78530489610549
-26.26961377757154,65.97229626765737
-26.537756635810723,66.72505312113522
-26.80589949404991,65.77456231072337
-27.074042352289094,66.74442876185347
-27.34218521052828,66.41970200415892
-27.610328068767465,64.69494412246787
-28.666100311919134,64.2587481185413
-27.9748562301348,65.38224823589539
-27.656602364196882,64.64646794636243
-27.37977541738144,65.86019784939903
-28.238544657703127,66.15539661521191
-28.813713370258135,67.21966480190116
-28.517582393421694,68.45932344382703
-29.513228513756633,68.86410642815837
-30.033489153820586,69.41575477345197
-32.677970909669114,69.24029488997566
-34.323897844375715,69.80383228084149
-35.018939378205985,67.44938836370503
-35.53163496586317,68.84055880963938
-35.41957330040028,69.19779585064478
-37.18033976523711,68.37788791472259
-36.5265769841239,69.15888147486369
-37.17217124198551,69.48971643697553
-37.522163355375156,69.28707620809287
-39.29254838342755,69.43719731746633
-37.30926873741823,68.4002371657148
-40.060777428825595,68.9243133816056
-39.85951127390769,69.52594474263478
-40.269671861985934,69.21697826700334
-38.44436988071961,70.1425651706401
-38.928887924218365,70.52679410265019
-42.27734932188426,70.28416769922606
-43.7124388344579,71.15328590994174
-43.438619433370825,72.1696563585062
-42.90617300943222,71.04068952313533
-41.214272356725424,71.4097430382121
-41.030246237840124,72.2180189556964
-40.0301437105418,70.7514503679012
-39.93394698619482,71.71857073015057
-39.83775026184783,72.20946376317156
-39.74155353750085,72.83381255347757
-39.64535681315387,73.3377963187254
-39.54916008880688,72.01313479103372
-39.4529633644599,71.67232884419637
-39.35676664011291,72.23286122991556
-39.26056991576593,71.40856192590189
-39.164373191418946,71.76199793715764
-39.06817646707196,70.76786834029612
-38.971979742724976,71.34823432244649
-36.85576169508339,71.77447140307717
-38.34131925000434,72.02340160446973
-35.232020828904155,72.6124909270377
-34.73374618158994,73.75238791148124
-33.986716776566915,71.91946383468249
-35.209591688432404,72.34522602228932
-37.4139558670581,72.70529964283661
-38.15537612772903,72.44154719015118
-36.67165428444839,71.54065640504471
-34.945570221083955,70.65503961152628
-35.815613645999406,70.72394760485975
-38.3523584816688,70.18854944860271
-39.131792726051074,69.37291083559822
-42.54392301886516,69.55639510253602
-42.180191563806076,70.56770213645223
-42.361687039989775,71.59238871068504
-43.12056428677905,71.3604992630924
-43.933755251377114,71.11708645584508
-42.60621261639805,71.1167725925773
-43.94683957746549,70.86674390948812
-42.38202332239411,70.46048755402623
-41.24871079302331,69.35337806521198
-40.788587361149524,68.45767915520203
-40.32846392927574,69.30690083013106
-39.86834049740196,69.3639279138362
-39.40821706552818,69.62376862208612
-38.948093633654395,69.63581577627771
-38.487970201780605,70.1278273071957
-38.02784676990682,69.78167165850145
-37.56772333803304,70.62772746816786
-37.10759990615926,70.36870394905098
-36.647476474285476,70.70359960248919
-36.187353042411694,71.9614657091088
-37.134941856776784,71.89489257831876
-37.82254007392366,71.44586502434693
-35.688271404735,73.11398545594854
-36.31829954197227,70.85389604171998
-37.096078714651014,70.97666796513693
-37.70295812427129,69.86516498003735
-39.14979516278624,70.48644936322009
-38.48652797041583,69.99936760584696
-38.417956357589524,70.43195353747431
-41.0669782780335,70.72069290593176
-40.39490416382657,69.86577432589092
-42.83134499898847,70.18123490641958
-43.11195607744614,69.46668156140838
-41.5723536002276,69.69615226773823
-42.382656472338795,70.39585694810366
-43.491968593762856,70.72629585947652
-46.014452556605946,69.33074198084599
-44.73090013231766,68.84819269276299
-45.405419600377506,69.21375778028832
-43.384983930951144,69.29370793243756
-43.566584923725486,69.37043759787177
-44.33134650865925,69.45680959211833
-44.95458060534627,70.19166149282789
-46.35323904152798,69.26841197571302
-47.00949395159121,67.64367788203039
-46.42235153413008,68.1356581426937
-46.43358142354741,66.92503909862008
-46.93023717791671,67.48316600587887
-44.8397709813849,67.64696463734782
-42.667996728140594,65.18388110175889
-43.67310224445306,65.64806641184161
-43.232021902093834,65.74295862911958
-43.85717886535184,65.73501976549453
-45.13765427446321,66.66402463057146
-44.647398747706205,66.37470494172494
-43.162944860850146,66.38383053405502
-42.75535838565959,65.90334058392365
-40.60311557648053,66.31405508788899
-39.71496508924869,66.09199006033566
-38.83568922576497,63.17578852661704
-37.75445802396552,61.9530030694977
-35.917138025203855,62.04855215699782
-33.65803411105008,62.4131371065862
-29.635379853443258,60.07931679264814
-26.354959885879833,60.65692531462895
-24.59512760685796,61.35612200711309
-24.02861683517191,62.18073941213777
-25.021453539858616,61.581741186835934
-26.952184295969975,63.296231326531405
-24.792060562514585,64.5438246206609
-24.623220913659004,65.9813253689001
-25.71841912701778,66.52099444942074
-24.76396051534912,67.08802345987735
-27.047260771940707,66.61512596536384
-27.241222890019237,66.49023444113811
-26.78074935887948,66.38146644742172
-28.14350127295179,66.59659884914029
-27.665598359054343,66.1700743869223
-27.900447947641727,66.6244188333084
-29.40093135469666,66.04139016449155
-26.580879497672036,67.02463998088295
-25.60649672446071,67.3104877504245
-26.59360536974781,67.78173846318508
-26.223425415281707,69.1756366143358
-24.730264612293883,66.99235479338512
-24.89585225443358,67.05527757135356
-22.438607533857866,69.17861343428623
-22.275083486986457,68.60056266949022
-22.208847942523217,67.27110348568394
-22.229900256815167,68.35400821626736
-23.062738946051287,69.43604352536641
-24.085745678613854,69.18703503801923
-25.207752319228142,70.03753734094977
-23.954828141231314,69.91543635468173
-24.27219131406294,70.3489671448594
-25.17429061958178,70.54848303785957
-23.80236262867536,70.71537752789582
-24.057581346453276,70.04087440621153
-23.1438278302703,69.29385574655261
-23.441693972111292,69.62978644156136
-23.14284985316108,69.274525516079
-22.113447535308822,69.15105206779783
-21.649666831053096,69.15350275584909
-23.179578441278963,66.88925178362105
-24.950414533306873,67.5103445883109
-26.44328506343958,66.90653796887014
-27.000121019169093,70.06308692141614
-26.988096866459955,70.0355235205484
-26.6416043618072,68.52856140011923
-25.312393658034573,69.25778033869078
-26.05125300261504,69.79847617089969
-25.983704276044307,69.84332160303465
-22.728900867487646,69.85273663668997
-20.96190672191017,70.84811713291884
-20.69860369975933,70.41219062032053
-22.60308327172944,70.57420169104421
-22.610531729340302,71.15475066036304
-22.782083833839806,70.12337708964166
-20.895121966451924,70.42215599112784
-20.284960678194984,70.065001781845
-19.94411037883212,70.52359728583897
-20.352304922433003,70.49019103817392
-21.538271647854355,70.03360268828185
-23.927933907238586,69.41768312481885
-24.024684897065892,66.86192806206657
-23.588098963942386,65.94446847181827
-23.942798322847707,66.1549101594792
-23.561066883276418,65.48530435876664
-27.073470154726287,66.00180937161028
-27.86681029886028,66.90550801237991
-29.98116599229543,67.92313930863406
-27.825492433141743,67.7035474613866
-29.036682946619568,67.03043255850078
-29.509264860718886,66.41202153882068
-28.69620117354071,66.50238932043447
-27.825771671105137,67.04906259898401
-29.92381163789685,67.56210959980943
-28.959051957117076,66.56013014102706
-31.299515747910096,65.7859143018298
-30.772035891296415,66.30286036091104
-30.295196135584796,66.16638400762604
-29.818356379873176,66.15719579877869
-29.341516624161557,64.66893280540641
-28.864676868449937,65.04949154764505
-28.387837112738318,65.03823875269474
-27.910997357026694,65.11423495005569
-27.434157601315075,62.03495100745267
-26.957317845603455,60.133555142178714
-26.480478089891836,59.228140539518975
-26.003638334180216,59.84536152684018
-25.526798578468597,56.31040559293991
-26.18354322867409,58.51365465872363
-25.78017620746797,58.787677895513546
-26.467833182701913,58.232801490975255
-25.041721409122342,59.509159211154035
-27.053267273956017,58.34306055134318
-27.613972797671646,57.140022025425374
-26.08861373984586,57.3376744106159
-24.591857945222316,58.17282761611072
-23.708459303881387,58.13604240846558
-22.060090323636445,58.345276289264206
-19.232554955376617,57.469447860036716
-19.794232541259703,57.260872260854775
-19.156871834150486,56.922712489973364
-18.407172022518193,55.92706715306779
-17.657472210885903,56.83990390664628
-16.90777239925361,57.18883830054015
-16.15807258762132,56.75321192668666
-15.408372775989026,54.210142231369076
-14.658672964356732,52.873239980157614
-13.90897315272444,53.923958712582234
-13.159273341092149,52.14429169048491
-12.409573529459857,53.001353065821974
-11.659873717827566,50.62082287062123
-10.910173906195272,49.24952528009618
-11.93626044674705,47.67089780622186
-11.591074048975024,48.363876687711034
-12.25340452834301,46.4541694924665
-11.32299825197485,45.57085791401366
-12.751564675732888,46.63550748160512
-12.25402650570542,46.72966307063094
-13.207686963161589,49.80426190416807
-13.459192000565855,48.16087998141481
-11.809594628242388,45.669880519726675
-11.97177783249851,44.93476295752297
-10.082235558328657,44.60055048494974
-11.64288576145732,45.50716818057485
-11.259757556810582,47.250863610053266
-11.503849055411603,48.49519531074539
-8.8403036314697,48.964763424111176
-10.309192556596635,51.41787050995819
-12.494406080847213,53.66379169639953
-11.566601297419135,52.86562000379382
-9.99739005982182,52.359908141677984
-9.928141835155843,50.32639817758354
-9.966991370166994,48.692256336489955
-10.241741213026733,49.57941063537084
-9.047126794004736,48.364728832737136
-8.103823605092996,49.43622412764395
-7.817728205118724,47.72112805689198
-5.72726648733411,48.6393308797239
-7.219889550012654,49.08986351391582
-4.777385100934065,49.71897172977619
-5.572583733079358,46.6506686473537
-5.273216884069437,47.92643769732724
-6.701777566275039,47.14507960881356
-6.258102356644878,46.27556105565667
-7.162826925609587,45.12734632925883
-5.218444654844685,45.1356633810168
-4.70815032560626,45.59149821048325
-2.2365866909967895,45.88597444166051
-2.567059734855805,44.88744557695281
-4.437075978445539,42.49246719260724
-4.879198599179558,43.31470024684451
-4.588073484030444,42.801593139191986
-3.1491234094355134,42.65157984781085
-3.554779295468033,43.193555271967696
-5.156007441371412,42.575344489746904
-5.161600211487445,42.112893338688956
-6.102316018433903,40.86864600994106
-5.5789796142361485,41.178639544630705
-7.194402175013445,40.735910928825604
-6.927643864028723,38.49959736738124
-5.37789982133589,36.35300334837947
-4.995754511342876,36.34561821542406
-6.36352891455886,35.64177993165455
-8.520529552567542,35.82133145011761
-8.687393436265992,37.40943244333505
-10.068559343467953,37.885943920484785
-9.564820330314404,34.19081164319459
-9.968694717885937,32.996167038568444
-9.67234296013345,32.09034539828529
-11.02013910402387,28.549117469891097
-10.515480375553324,30.357129411525783
-11.856624716733473,31.85317419982846
-13.074904888325346,29.152989964618442
-13.638724347166702,31.00136692510384
-13.71176565840833,29.003862983874168
-13.87854101900403,25.72881441038304
-12.87012923917814,24.8549838529274
-13.125722864212719,26.811804995192222
-12.989549097018426,24.308150999240763
-13.69953422461472,23.990614226767782
-14.661133533642623,22.457555390790095
-14.50000319073827,24.509585984191506
-12.856673654013022,25.029860789381917
-13.795903029966864,23.49386178848253
-12.640093452827129,26.631557280188353
-12.414218639854933,26.960536623060893
-11.173766500627194,26.79720113505762
-8.828705504062889,27.15111531847738
-6.7874283509016795,27.076859303815144
-6.190164577385254,27.843778336563663
-4.133195587550625,27.4849103855068
-2.254932777392838,29.14981860972359
-1.5839746033693705,26.141383353724486
-1.2321479305998626,29.28994734736482
-2.3366033560660577,28.158036774713946
-1.3004368014539576,28.692129450587842
-4.435614479650028,30.561999192782
-5.24819385643448,31.82864914028515
-5.400721926259276,30.596586877156238
-4.6163214112998565,28.56826572488784
-4.817749714653062,25.40673222781391
-4.241499798693739,24.901619707524222
-3.6318409618106196,27.60857699683767
-1.9130447311290892,26.42536985045667
-2.3140794810153107,26.078887821886074
-2.3824261237196467,26.50803731402997
-2.281203495031749,28.676504753906364
-4.113515913346214,27.830696045110255
-2.6901780841538203,28.12004540060142
-6.494400198439575,29.29075996618179
-4.9524238245539465,25.911045333102756
-3.4300010128819136,26.733662216318375
-2.94750519727217,24.436297628795955
-1.7655081651251288,25.337399648092774
-2.8351600713001455,26.698508482249718
-2.0368010899572,27.721967423606273
-3.700919591986378,29.102384775080278
-3.824283960935797,29.339525048530795
-4.466471561977267,29.21673609327512
-3.813053388196576,28.14030149928978
-2.5328126232323145,24.65080474667224
-2.308570753162126,23.7607305030938
-1.2214390801894748,23.936736299643034
0.9905537488562937,25.01142305799722
0.5520802409051977,23.711283620192734
2.2917268557871946,24.602566490986934
2.0001128763432656,24.485573952917754
-0.4852893870452748,21.17363591945985
-1.9031079337247323,21.98195169663319
-1.9530705589743043,21.368346412777406
-3.0621114213593046,20.665834038826524
-3.2613142826126875,20.365926571461447
-4.640329770740261,19.609415402398593
-3.3617275974139442,19.388288598501536
-1.3576974133188937,20.54396851794856
0.15052202338409915,20.79144603288907
1.0283302501376919,22.906499595083762
-0.22034539512774032,21.062040390694616
-2.1457409348381447,21.747999432356146
-1.7564462006234023,21.915741590921584
-0.5865932794057467,21.21925945684581
1.0233284831925895,24.054815901493033
0.8563363622321022,23.75143497021574
-0.6781467085721206,22.318299435740855
-1.939687623281876,21.617577066752993
-2.5275994447451122,21.401341505451676
-2.451336880259871,21.404965702553646
-3.2258523487305246,21.13934470901181
-3.9564203840718903,20.38780065780466
-4.696391281839183,19.804118464804166
-6.531029881306754,20.08657649849288
-7.618579315630484,20.793702693559744
-5.130434129198083,21.596434713105083
-4.741292150022308,23.74135937937346
-5.717001716533311,22.9804454684383
-9.960059002467347,21.451914157364552
-10.518142323470062,21.936589314691535
-10.054315110564163,20.899898188722013
-9.697265656199175,21.46022032903224
-9.983024594995033,19.44653132070278
-8.668188272952596,20.40208817467538
-6.812383518023905,22.90082764749411
-7.601182285376874,22.822734738682982
-8.040610124973442,23.89519970148529
-6.81266331093237,22.17354696092137
-10.933093400153668,20.58309096975338
-9.896015612847545,20.104097334957714
-11.2182772492747,21.02923444742559
-11.531536673592134,21.522867147198806
-11.696314931569294,25.439242003034046
-13.98581562061377,25.11675723659383
-13.659730952403256,25.251250801795475
-12.554252034475414,25.433764182468774
-13.670268095309432,26.503374760955808
-13.009884287356149,25.50918175309866
-11.193489128223623,27.14607601780352
-9.137159282163525,25.810988755934915
-7.935752899088378,26.787527556043344
-7.826754656260788,27.749347986308738
-8.468334240949842,29.547783471316272
-9.941486164294428,32.16574767509455
-11.291548483101186,33.14622990236827
-12.543379768196653,31.628690329821183
-14.43134828674961,29.61094220097881
-15.4347744278919,31.128942302872243
-12.823816276851332,31.85727168417447
-14.157401382099545,31.39994820680998
-13.077311314704389,33.5446943061336
-11.155888208304724,31.999462031159364
-12.745393451896165,32.662881394912915
-9.575659130783611,30.221336797514958
-9.76582044408573,32.35191651221031
-10.609960507204,34.092421637847245
-10.920755610577805,36.11836241098613
-10.46285641613288,36.537274524580525
-10.739354411860637,38.78577911349856
-12.418466152481749,38.932918549364274
-12.408693082778559,38.778318828947434
-13.521022870273288,36.86080577671137
-13.28860223400301,34.25339486016102
-13.844109995989237,34.496638189187294
-14.160624105642755,33.71195250907208
-13.736976468914245,31.7351068177758
-17.150658541603615,33.807906858702765
-16.02512871767323,32.68160224404895
-18.285360019401473,32.54777887584789
-18.442859552141268,32.450521034524385
-17.43594471761135,33.96600115958389
-17.201173294965123,33.60796831690025
-17.42331675632515,33.94533382541827
-19.126765392027817,35.009926096659576
-17.42707915923841,37.545350955465494
-16.87029346989057,35.798640587997625
-19.649624058923063,37.32845065900219
-16.512218992486275,37.8594219444655
-16.64639367032235,40.62020428209042
-17.281304767107617,38.62621802960012
-16.608538523128846,40.232827033223195
-18.117862688885193,42.64666052795861
-19.03648867286672,43.604089425815154
-19.70139972439959,43.4239741137115
-17.636195688229293,43.62606124611694
-16.51362300815302,41.78016579260085
-19.081343578039306,40.564817175535524
-18.19720747736041,37.40795450189741
-18.385062895096677,39.33213233038628
-19.280185564346528,39.10219120703273
-18.86686331603503,37.505473621928424
-18.031029156455727,35.56775434562699
-18.990138864428324,34.113233541914155
-19.604757409374503,34.766579036724224
-18.599338680455897,33.41644075843979
-20.857869700481437,32.082490460181305
-19.70898238152797,33.25884980091745
-20.7943383346557,33.81416960415593
-20.870239497561126,32.596236664074844
-20.238822321249934,33.87256747593471
-21.028887824305126,33.72156344349578
-21.535294613033255,31.617202044514716
-21.657986379222873,27.676820065397575
-22.780061215775955,30.73454113224026
-22.397530789094837,30.85694506379297
-21.18174363279884,30.778448721341462
-21.814574130685614,32.859760308185805
-22.867941747704013,33.575951815516405
-22.945875543570384,33.072290005038425
-23.112922993800957,31.9528551056437
-25.030635662465112,33.013067291514474
-23.933708751287913,33.90090868657063
-24.04722779197419,28.27696372913093
-24.325830930585635,27.86434667361641
-25.413362523547327,26.238068930716373
-25.076435997536027,26.685954764904782
-23.44410700986246,26.85227723295572
-24.48439122983614,26.724177160122043
-23.408268023149624,28.0339848219297
-21.793818199835925,30.630955784466597
-22.898042343338656,33.52781376741517
-22.218180527472963,32.508343834445576
-22.40295663892037,34.30875666920742
-23.579677158222434,35.60880407931206
-23.40759922057392,38.91247514780766
-23.03705909372571,40.3165993768832
-23.184957670469686,41.13489392813052
-22.34988573754285,41.6364507078548
-19.921712498154836,40.456024283947954
-18.62833648674798,39.27542674013183
-16.840095024512546,36.46299680486842
-16.536326914550006,39.08195573009933
-15.972273330502816,36.20646017100551
-16.817763505586527,38.54811734860466
-19.378071957342748,38.50179997666296
-21.04370639301384,39.74010058851368
-19.41118125967888,36.52817325744575
-18.927044177629416,35.49559461210245
-18.79314241544186,35.31203021924768
-20.920257571878203,34.322090160684645
-21.723935475146263,33.95297763657385
-24.617349508460954,36.34084499181184
-23.989024565199617,38.401575851734044
-23.88423202850712,38.153366617756944
-22.68044937085935,36.486933907817274
-23.38803355947204,36.2303514852992
-25.14440819386748,35.8911797286794
-24.45407311246507,37.32975502141859
-24.26715506072058,35.47558417822625
-23.84399800587326,34.466480645417754
-25.532275456677624,32.68020906541364
-24.776411440666305,33.5027893806621
-24.555673929218884,33.798395517172786
-26.94728111153963,35.957148762172835
-28.321179166072103,36.661667570090295
-24.66814929065046,35.279373305596
-24.230167834912407,36.50870371503148
-25.207288947771996,36.87149076859285
-24.15679770887345,38.258919599648415
-22.240052969429644,34.93825423212346
-23.01746792108826,36.925586831687106
-25.55559542879621,34.681784173984326
-26.02000046515187,30.816225053948838
-26.654774732081854,29.618718877392226
-25.458126629886834,27.62077102342649
-26.271415466007603,28.565466046358903
-24.764449476310944,32.0106077746472
-26.19141591610806,35.90942496050263
-26.23208835861993,37.19440823068479
-26.938324750866634,33.93981956336449
-26.165719794762087,33.40160907344174
-24.178025389854714,34.39847644709782
-23.00680038415985,33.487427797245914
-21.677664699738038,31.91063764446187
-21.793649614065753,32.445630694161565
-20.912000666822934,31.86238475941053
-20.754014019140993,33.22774937728504
-19.761210261305568,33.76640022207636
-18.62639487332548,32.39469208377769
-17.96147485681695,28.576999894722157
-18.20946157523207,29.129648992690704
-20.250871343339576,30.15120805573473
-17.934441477103487,28.825471550515203
-20.379754498671012,28.78213359814625
-21.14099571215431,27.047054165281565
-20.970011615612158,27.28297748884059
-20.466703836781676,27.888540946319804
-21.155436365784848,26.97484482672916
-22.792470830700726,25.986168040644788
-25.216674910227493,25.904302710725208
-24.43955226746429,23.986371876768967
-26.613722873992103,23.804284741195925
-24.508241678243476,21.75508636871671
-25.698969017985256,22.14334595325653
-23.55391282777524,21.897757664272365
-26.607258749009777,22.215737753752826
-27.759087495328437,23.19245619151622
-29.59045812701573,23.41705407421377
-32.71439365513881,23.262675723919063
-34.13182765444683,22.04924043460099
-34.79843710587173,21.06741095519646
-33.2819610305051,20.450262709242434
-34.68665695868205,20.89840326483446
-32.78130639585371,21.128714515831167
-32.24127170414013,20.87839915017574
-30.902271271637773,21.03282844131844
-30.04985647122697,21.128934204328132
-32.0915836158403,20.207511776954682
-31.653875507905322,20.146320611624112
-33.71249610952414,20.98824035263174
-31.557287725499556,20.201649344086217
-30.993484438381017,20.18309408216183
-31.828300368187076,19.622034734776697
-31.70593669409649,19.139082795689138
-32.067686532270315,19.487778692178978
-35.41686610481778,19.260682401001667
-34.29198350537277,19.22472658149082
-33.66194525923045,20.41808126241324
-35.02085390832902,19.769003409230173
-35.09278722226251,19.8349697240967
-34.220257656011775,20.301391582269993
-36.86613491131576,20.143751566260622
-36.643940341253106,20.33194556076201
-37.72402062556374,19.45682704557954
-37.21970859135614,19.574122256056402
-38.14198539600423,20.901523484248756
-39.39624194184357,19.84792217219474
-39.81325488416638,19.2658676288233
-37.34322696264867,19.02833749478536
-36.57330284510844,19.331383025142628
-36.47975390398505,18.50394459244348
-39.883364950977324,19.511480062064592
-42.443098344825934,20.706180594811194
-40.94431883680064,20.228028232340407
-38.46165920065017,19.721370504796692
-40.90402757998259,20.047479709997166
-42.202781104434266,19.33078060868642
-41.8352707472708,19.78099619625825
-44.8451385722259,19.46781611204907
-46.39837037768322,19.846221171210118
-46.85742986726605,19.471729977525687
-45.9055738296213,19.376737403674536
-44.785842775404404,19.455902055937585
-42.47940575677238,21.28895756277769
-41.643082168871366,20.979259611410683
-39.85514643312669,21.647224125139644
-38.786075449136646,21.644858481910667
-38.47504409763575,22.096540856531245
-39.46658661626023,22.71750704188898
-39.680397730960465,22.00363966552844
-41.55673892260853,21.726110536246953
-40.97523525563095,22.535253900046406
-41.63776080612981,23.995799202159066
-40.70110686498909,23.840374329180587
-40.34215718273091,22.726188840559807
-40.09171645262369,22.742762790102162
-37.897049157900916,22.3939544855907
-39.21151562247514,22.422184730089853
-37.84617411995532,21.690990713452955
-36.84536286178886,22.943024385813303
-38.39878158236225,23.361525371079942
-40.78453752738792,24.00184605695262
-42.53601289383294,24.633018808158
-40.42359006721517,22.145266568293735
-39.25915400606401,22.459355938247608
-37.08619921435529,23.021438339063565
-35.87599261579853,23.5556843252697
-35.601717052527555,23.360227809168695
-35.145483662968594,23.165843063304564
-35.22635712203453,22.681393884229536
-33.6483862773749,23.28829768721775
-33.97971913635762,23.358789555209146
-33.52071893850003,24.911709879017316
-32.880598304677214,26.05078323748821
-31.806276859026138,26.255594508785105
-32.08676836137877,25.222588074731547
-33.42175067742192,25.314580076376043
-32.60777382790409,25.907987637343318
-33.726903819233335,25.12332309260308
-33.88025115171696,25.038309194954167
-35.12362268387912,25.787590010026772
-34.6544262194236,25.87840948322039
-34.1494168939961,25.25329570462207
-33.24059738784378,25.085493322392985
-34.10649753355541,25.298433534191183
-30.77358776875834,23.41020363840481
-30.326742787341033,23.511103645077537
-30.314294645072657,24.760614350899196
-30.814926141035524,25.260796285654216
-30.993678815072577,23.172452701845597
-30.57358731313587,23.640981162078777
-28.528687074920484,22.850601586168974
-28.30639127157367,24.380904297903182
-26.892585732067868,24.34821995319392
-24.60756758434862,25.373019750178084
-26.049870197778656,22.858842302648362
-27.270873300954534,22.904095511096376
-27.110604913886213,20.788733262891604
-27.206824104338065,21.69542204000058
-28.537134551190583,20.936768445113557
-28.675118626428592,20.79195073995347
-31.57087329856885,21.0287557544171
-31.899501555114803,20.57811932931331
-31.45441140619578,21.172100155744438
-32.661334959898106,21.06276610378314
-31.819040694036094,20.7283356415695
-31.341335326179443,20.886466343697442
-28.888576442079632,20.912978514264648
-29.082214719357765,19.987485178797378
-30.575391661391038,19.770919908124377
-34.98018673999261,19.1979100298591
-32.97779082421449,20.04355584104656
-33.69139100308753,20.027488409364572
-32.6975166810054,18.947838313651975
-34.31513131673321,19.291455595006955
-33.36041437313965,20.21574492061021
-35.35627147829054,19.59683602157039
-37.86927147369047,19.457920091823983
-41.00820906639451,18.57827585139243
-40.97137809613015,19.059058714948453
-41.58096378601333,19.020345113941236
-40.646392826465885,18.65975745817145
-40.74395831595121,20.068716531527482
-42.58268107303354,19.833796273386277
-42.27152277263986,20.176116261201518
-44.95321734317085,19.759461560250017
-45.9668758000511,18.42691942442701
-47.785802274169825,18.964682806190513
-47.07606705061661,19.041353565558914
-50.19055259736224,19.514894687893896
-49.24696685461723,18.98728929277175
-50.72102193168662,19.302392437073625
-51.39471391514513,19.300371900204023
-50.713343832889684,20.111870878034864
-49.00663003278548,19.598731558521592
-53.833086519382796,20.20928746183556
-54.70316768727642,19.226164126742212
-55.67456114604336,18.90137190816312
-55.71845884445874,17.879807343412104
-56.52451508380183,18.3408628150112
-58.374825829412195,19.124767064335565
-60.3050304876394,19.844741360278892
-60.511810435470316,19.697511302112314
-58.263469594122355,19.72962471017493
-56.526667061341534,20.441557996587395
-56.971658737594936,19.85974845491646
-56.50947474781033,20.378590342241456
-56.04787307073178,20.127841468689706
-56.99905762269093,20.34715838667868
-55.91719439239427,20.484250788587545
-56.02546246688872,20.954412952722073
-58.64299731514447,21.296314055235555
-55.72449472718735,21.1452948340477
-55.18648365500114,20.651042892954635
-57.1324401340722,21.655199906640537
-58.23125857478667,21.360515145302337
-59.58174032261836,21.837840240723388
-59.80945616644461,22.973417795348656
-60.775533798630164,24.5984488341813
-62.8488404652187,24.287103391591028
-64.3781243310303,24.557636133459358
-63.45717104511064,24.158211740275163
-62.61665227229127,23.38050278703694
-63.89106131171532,23.508710895982723
-61.87133291433547,22.867750922317104
-61.65338339318866,24.545310522306494
-60.58528302168532,24.063761233121586
-61.32077674265277,23.950441011965506
-60.46308525004731,24.31971603973384
-58.83967817410535,25.464600372308947
-60.2872138449391,25.758086437867444
-61.582886957193395,25.741321677734582
-61.788165230010925,24.55553406251592
-61.54291413402624,22.95327504605551
-63.087875041927134,24.470324658585316
-64.07404426896564,24.254600869277116
-63.34212612623121,22.93685481648553
-66.5044913871487,21.288809981067725
-64.43255725130828,20.843819786086833
-66.4919821382576,20.56024840365083
-68.23746319656524,20.36757360008214
-71.00688604591605,20.325143496958795
-70.24127522053584,21.390562995426485
-71.44875562773093,20.9302681963091
-71.550685462919,21.66193986246236
-71.9853903922567,23.54051443184872
-70.44891332323007,22.461388582898763
-69.72969228850958,23.553272596710855
-70.26829214113214,24.309548020838804
-70.5686076610525,23.88864114813693
-71.3209598044794,24.84698456269494
-70.08963260482818,25.11970452196217
-71.14406993168117,25.213637446099895
-72.67191939891413,25.414471601175688
-72.85941066588876,25.749035482082864
-72.70250134830722,26.64984297594903
-71.63616487055295,27.338126943165655
-68.30418944571419,27.051614022254903
-67.0227890037285,26.985282408618268
-65.27280089661552,26.111420843112974
-66.2406038593328,26.875149953572638
-66.3726765656157,27.205588533240388
-63.60731743834507,27.66363674603505
-63.22466109766515,28.81686471272442
-63.352389104537174,28.83443967641676
-62.14349888739589,27.485666163683803
-62.31777485426477,27.961995097786303
-61.19729227274835,30.49111999642619
-60.49846003243028,31.702629803095142
-62.05629660789299,30.825669137100682
-62.37862141668537,31.91260982170557
-62.30955045529236,30.62561810124682
-64.19108165231931,30.189859061364874
-64.22480987562665,33.51070614416773
-64.258538098934,35.71854653427708
-64.29226632224133,34.81313892937694
-64.32599454554868,36.061316752365904
-64.35972276885602,36.2350855439011
-64.39345099216337,37.83208941324471
-64.4271792154707,35.922613334793105
-64.46090743877805,34.57764735063836
-64.49463566208539,37.41375153655445
-64.52836388539274,37.828634941045706
-64.56209210870007,35.43059711430982
-65.54827929078826,34.63946832144432
-66.6933679470197,35.100683817197364
-67.99075509720943,34.31097790908258
-69.66719021091967,36.47716521972205
-70.75731159186068,36.90607238557438
-73.21150727112152,34.22807778890632
-73.5064403815195,30.570362407476715
-74.73928847870383,30.88412997475645
-76.15283656660537,31.62473591519208
-73.55880603247063,29.19711965064963
-77.13866508551716,27.635808184153845
-77.49362137985823,28.631845927582106
-76.03323277260934,29.308171728155575
-76.70054859283123,30.130353845615467
-76.97229515343369,31.85874517904979
-75.97901509994156,32.991083906321336
-77.0263512769631,32.3550726757528
-79.09634771202433,31.841678839584834
-76.99624952131872,31.874667830878543
-80.59918380334595,28.082695435011722
-80.66711502595072,31.70747756932393
-78.76592488479606,32.8700221140914
-80.98660842376032,32.616893674186564
-82.47787777392033,30.98669771111105
-82.71024358252494,29.09102103127317
-84.5809022442536,32.421800361086724
-84.53706053779986,31.307912963451134
-84.40678560644646,32.971397166545515
-83.49558142453361,29.004754530048153
-85.0101281059122,31.07284519767644
-86.39356257710767,30.07405350123204
-85.86251712150593,30.84455730340437
-82.876034164119,30.77015545732704
-81.35614248164681,31.96859333020114
-81.58641596826499,32.7436694536722
-81.33845390374303,32.21777602605062
-82.38384254528111,31.311308355500334
-80.39579824865368,34.266728206020815
-79.52438901299833,33.02372876449502
-76.41441784535596,32.39683792660728
-77.84042108485465,33.96674791967434
-79.39051345847722,32.0968244023408
-80.37286509755148,30.8728895528599
-79.0920304330993,28.677146708046376
-77.37900420327108,26.34109287356977
-77.02585264566133,25.644588164326997
-75.0358888997163,26.311376386747817
-75.55357752982187,26.315367735314194
-75.5974226890885,25.67375269774713
-75.94400799004295,25.813845001692844
-76.36392620193669,24.963410893028943
-77.90638134005849,25.050509095036453
-77.44075290327551,24.166285938721696
-79.35561170353616,23.623320328379986
-77.29102788123751,21.995970280268207
-79.63534578942432,21.982264920808184
-80.90827229554594,21.32795788555774
-80.0360282575939,20.857365123141882
-82.12931480193438,22.10968187282531
-81.35409396739405,22.234639589935224
-79.33487621824356,22.522900115465806
-79.31087873371207,22.48258002951614
-79.31273644139303,22.269243726866392
-79.24684560099517,23.119261122225126
-79.42063329454314,23.204332817023836
-78.87038560439045,23.233177597314917
-79.83337060801665,22.97212313560916
-81.4996927007678,23.36379371246289
-83.18248016279968,23.200942104506314
-83.39005208494227,22.82951549881847
-83.13898418827709,22.27172038087941
-84.43322328842181,22.078174157041172
-84.1812680177112,21.555295689130798
-84.83789360639796,20.75309342386226
-80.91453474061002,22.498512266893975
-82.55862226650902,20.056063834665967
-80.98522065842866,22.633343772666613
-81.07813002125876,21.937642628836414
-82.16568778035544,21.512025377578137
-83.113518066593,21.25412309938182
-81.3784110010188,21.882545434259203
-82.6313267789181,22.61306108971123
-81.65637900720611,21.521834040665457
-80.16912798859674,22.20592270354753
-80.74171440925636,21.844558280032253
-80.46758645936768,20.845223075125904
-78.8778292173243,20.01015385629185
-79.92498753102089,20.70441766790066
-79.49160334379731,20.606729433624746
-77.86861364789678,19.16193071029197
-77.64789572523782,18.887889209880928
-78.15613004407321,19.766243032398375
-76.7663835808926,20.622567236428225
-77.0191259950809,19.800719147439885
-77.45189110172103,20.861109468131286
-76.24317781701366,21.39469069976331
-78.49847389145489,21.19194981029302
-79.91753150437374,21.95361282834985
-80.53920869331519,21.80840142010247
-80.46383946325011,21.630304376731832
-81.08770885836846,21.1723786258725
-80.04434061543465,20.947557878353553
-79.29282044064942,20.8818591937943
-79.90645077744671,21.227114368081637
-82.23763541715208,20.76534596662844
-80.85116053428054,19.983811143821953
-79.60032912785533,20.088983192521894
-80.10704837186023,20.175613898651186
-78.21751194264814,20.303950679174438
-78.3548639853141,19.94442027966562
-76.92908817899827,20.28025408944644
-75.23287165780836,19.987888232570597
-74.10687592215018,20.59614252862601
-75.12163323818626,20.704991628693726
-76.52505072785938,20.90366078509054
-75.54956296849387,20.895688832220195
-74.51583823049637,20.738188880095908
-75.3555385383269,19.711991868824054
-73.083238346147,19.789803599907557
-73.05998265167501,20.72199950815936
-74.6881516268441,21.38840724419614
-72.97374152889005,21.44903013972786
-73.58731185280958,22.27060720135973
-76.662367115541,22.586657350999154
-75.50051266944196,23.43256717992791
-76.22667008711181,24.7468030078889
-75.72567570445933,23.144716893581542
-75.78250037454413,22.924049798970767
-72.95710535368242,22.32694918791103
-75.95359439985658,22.898487511169268
-74.39794628242919,21.799528149151016
-76.54533804643073,22.46104459492609
-75.33839863813662,23.830707183584167
-75.48205484011362,23.50106603983825
-76.02275905568227,23.84078351525099
-74.9224898095301,23.59199407440856
-76.18777994893479,24.1446364128266
-76.20560773534504,25.696982537170044
-73.56226529333624,25.91667809463469
-72.03998953448733,24.980779631350096
-72.26924765278915,25.790052304475672
-72.93831738390426,26.804190529749462
-74.18994688842714,26.979889143773626
-72.59813340558219,29.287455978447035
-71.09179732693622,28.894957558598236
-70.75906825839672,28.574999024962757
-70.26035406693633,28.168052414223684
-70.97146491623279,27.629864280521772
-69.81064150524256,27.93811393634836
-69.8299102864749,25.829895786717195
-67.98999803130529,25.867158824187747
-67.11617599427869,25.37560255593081
-66.59377259749122,25.61390964605439
-66.27361381348733,25.893581153060584
-68.14194141342358,27.350799250302252
-65.69835300151577,26.93422731686762
-65.23350628869298,25.810582306494247
-65.79964246578868,26.353269493778193
-63.22376974268502,25.885174782048452
-63.37537493586534,24.880838640109346
-62.68058412438311,25.22654892394463
-65.16546384342604,25.021351292470815
-64.00722744557092,24.226748214588614
-62.043814084626746,24.470924632264843
-61.96461894851856,24.010712065728285
-60.197455469606766,24.71006802961887
-59.297202285406655,25.12533861113049
-58.99789468672009,24.650186502812954
-59.62807720417547,24.218566401092506
-60.321377565979,22.92389662028016
-59.97544786088716,23.076174625034646
-57.27494668066419,21.886938062056394
-56.924129387837375,21.34459628055995
-59.28466652352543,20.163968735701445
-57.16839452397302,20.798187322558906
-58.144263051396265,19.37783656816909
-57.90321435760611,20.12278015423557
-55.85908677529179,20.586131108700897
-57.29977441855016,20.227437100353868
-56.08994753452837,20.281971579445038
-55.85865697776147,21.0272327281127
-55.68281643730487,21.808946703827065
-58.27802032657263,23.088841736493517
-59.45761577573156,23.10886263839084
-59.983893004122024,23.075837127650413
-58.97149897038828,23.648930280541578
-60.75270573519141,24.474192968000573
-62.43038290495224,26.33624099123416
-63.88968916767514,28.047258656112483
-64.38045249096794,29.228511100956723
-64.26003270089224,29.022649648166478
-65.31632242856658,28.57965507279055
-67.08680089055764,29.200877751418425
-68.13111013192407,30.191657894725832
-69.42457988344502,33.31606403707671
-67.81598524230444,33.628467648490705
-68.67813824897966,33.244052444263495
-68.4271543945239,34.98880495247594
-68.55850302158038,35.2101606971121
-67.82510671761257,38.13133678539143
-68.2932579460931,38.42319822118547
-68.49698420240532,38.53405515149069
-68.87038139733724,39.662930971926315
-67.0709275930228,40.6163293023812
-66.55222764951748,41.14196052025936
-67.33118114897384,39.333214512146135
-68.52078528475464,37.22330581380526
-68.30897697410313,35.412933857872794
-67.0386040137309,35.89207102311079
-64.83023077302178,34.41568575901587
-65.56308736300267,36.570423310337915
-67.46031221402556,35.47597005946511
-67.23495885824975,35.72270381207194
-67.00960550247395,41.03263512438707
-66.78425214669814,41.059409372986856
-66.55889879092233,39.40759372610914
-66.33354543514652,39.845802878942905
-66.10819207937071,42.702848590837746
-65.8828387235949,44.801188430097554
-65.65748536781909,44.84319616422822
-65.43213201204328,43.92784579088664
-65.20677865626747,42.413144107169956
-64.98142530049167,42.34148346987881
-62.73634135972209,41.01485012648024
-59.86895701735137,41.228628132244765
-57.63945694922363,41.83287659876461
-56.76859586777822,43.29472238994155
-56.837222834938395,39.84667379579236
-56.4361332541542,39.80922915266805
-58.062223181510994,41.16908209867636
-59.08954417424428,39.38152869968199
-57.34089246916064,39.031590612303575
-56.527117317223976,39.04550970163273
-56.49204994324044,40.480634689133865
-59.94041270861182,38.31474439163208
-59.064711720206596,38.942729340386386
-58.518931399291894,38.10751788777235
-57.11878663502084,39.312111389406645
-55.88228922402467,39.83354475744408
-55.54369763834239,40.543678829377136
-53.93002524691231,39.373689448548426
-55.47062035483226,41.02600040582759
-57.79468245418592,41.16900453480396
-58.557705260813435,43.16717151660542
-57.96354131129385,44.09994528726789
-57.485362415281614,43.918495650655444
-57.397767498634025,43.273141219416935
-60.50785723512768,44.55618869546245
-59.94305855179702,45.38047308814336
-59.59687115455407,44.763356575418484
-58.33772196702628,43.65795390377765
-60.6724241123262,43.74916006623086
-59.803177256025144,44.81494005593171
-58.116522820380794,44.53966073771083
-57.14158408160202,46.29504774862508
-61.50020683694797,45.721143190608444
-63.59167139674975,48.0640756090633
-62.4908427824408,49.90557821494824
-63.6098451101808,52.56460751794182
-62.10391581712216,52.47371505517973
-61.45118349433774,50.890184374273645
-63.73989880028782,49.98156718507212
-61.788214913388764,53.44637226980427
-60.74444007125185,53.82349034515073
-61.681268342209094,52.14194466182333
-63.51200256695073,51.497642886830356
-64.98052875136555,47.82855684280998
-64.39729439578501,48.23987118792972
-65.14033190761424,47.64567383588356
-64.22668752506131,46.83939760435303
-62.299734125324356,44.9876797407946
-61.103094287370865,45.17751367303448
-59.059435960185816,43.73216704659692
-59.15189843699349,45.40329130407254
-60.1019585535144,45.24315093451717
-58.25324204303391,44.7811050264502
-57.3945283935031,43.62860174449195
-54.9514103510844,42.734250868226276
-55.9118346368024,41.01085151555247
-57.523007898276944,39.842136448446574
-58.95700764547105,40.01755775833745
-57.10777070158421,36.00925897260999
-55.918251341633486,34.27561885313354
-57.03404331862784,34.37251403905394
-57.085446045452095,33.8599827135881
-57.023453131662166,33.08341541265811
-57.95985489614208,33.57515309639481
-59.65161773985773,32.97621795137132
-58.3047914539818,32.39536947688193
-56.288377394443195,31.941573168444222
-56.262333446775784,35.020087787102675
-57.72046261468905,35.85642235404281
-56.68088841201268,33.513280760615274
-58.426861981333055,31.20934252549516
-58.1944986626899,30.480490946393132
-56.352131590198084,31.12156244190684
-56.45384459070746,28.259493029186373
-54.161309186255,29.292588737324685
-50.59220005683859,27.855621925090077
-50.79212703942065,30.071598309181525
-50.486347547208624,29.120638124969297
-48.1912559355285,30.51900498876846
-47.98581216631294,30.742422506209163
-48.240214984647906,31.24320587332428
-47.12666129659442,31.656279014257773
-45.72756483213553,30.59485404826259
-47.0569760734173,30.216219752196338
-45.058769844026074,30.127329348137398
-46.80189357460609,27.779640389046378
-48.477527169828264,26.80875941270998
-49.629387996451,24.261796543145753
-46.50239884152789,23.487989587072036
-46.33842615508092,21.473998388479767
-47.27676472504564,20.64989634204732
-47.88635985452724,20.464878282419598
-46.89982864907745,21.01598177560959
-47.07446396441466,20.287344608651697
-49.13063567209431,20.286853709647033
-51.74343569200158,21.353916145730686
-52.77118753685867,22.122787784922743
-53.71325702795706,23.168848542181586
-56.65243042575355,23.261573738057024
-57.04071649397851,23.00000020197013
-56.11700272899603,21.708015430300946
-58.39907975584932,20.853329071622046
-58.45971863996332,22.2178876644208
-55.87416935352977,21.97141647683063
-55.72277302887101,22.039250023669023
-55.30406118318911,20.634284692815786
-56.19561735829222,19.43617876021749
-53.83449194029621,17.840010204374106
-51.11425891709483,18.272991475163746
-49.735104858897,18.790873936923507
-47.19390862733275,17.901492611952452
-45.68728267161411,17.600848365300543
-45.700759506078526,17.1194026746114
-43.4108966565797,15.74354067061812
-41.99848714853987,14.897709875371126
-38.46072100741624,14.795168213841992
-38.834949953284145,15.718348618492493
-36.39744338609442,14.33974359700194
-35.7097751592604,15.154848379746653
-37.01416727050177,14.337374406752714
-39.9151291102951,13.404416024100332
-40.648464078982165,12.784167739561042
-39.674093165828914,11.773779763507312
-41.346425796775485,12.778615261953625
-42.97346536261227,13.588583817891065
-40.01358271985684,13.125153854385838
-38.68193625923095,13.92474687932415
-38.18495224017843,11.990477083264144
-39.18680073220382,11.292466621759784
-41.23495296956132,11.210040663422527
-43.15911749558492,11.437534120721
-42.05033835695663,10.52636421747992
-42.09264397353022,10.691258008532802
-43.03452732088184,9.928840579155702
-43.46512829406141,9.978838512392134
-41.62103142462464,10.702858118059545
-43.28782708396285,10.307776625529268
-41.167309840875845,9.613041725272039
-44.175660773750785,10.017305766620924
-42.32370680093325,11.34596121432013
-40.94953735863718,9.653755133607076
-41.366561230824715,10.044451784028851
-40.90576043920712,10.237603166845185
-40.41020412592978,11.75284104386189
-39.93930080090881,12.402049233722705
-42.19712464874403,12.280240155314258
-42.99329650458448,12.03936050798038
-40.60116207579913,11.874701187541298
-41.59115165233204,10.985923243336948
-42.98936256694196,10.487567069400184
-43.514074851382055,10.604879695460795
-44.48445790729585,10.575175075211389
-43.50406439583701,10.469056209871718
-45.08189827652577,11.034658354024062
-46.32923333165137,10.014361985786442
-44.56559634701852,11.182645493305005
-46.04875609708594,11.92614337503011
-46.55380933853116,12.004030606035494
-46.115847040450845,12.586357184442912
-46.22245200207379,12.153906537882476
-43.63756368549587,12.497838745905781
-43.59292560838422,12.760726234436468
-45.013475326309376,12.83882703683926
-45.4715657860889,13.028521122936331
-47.735213344552285,13.817748236949182
-50.946385447476395,13.935742838537042
-49.078875423668784,14.445213691004835
-50.455895184515555,14.913943896594722
-52.38478469875056,13.807321561592705
-50.98061292386971,12.7552808465085
-50.29502023481918,14.541311560906063
-53.06673397195458,14.755745279108313
-53.472829860093384,15.891086204177377
-50.67062357350421,16.259226489283694
-51.177668707140135,16.913529509222634
-51.787995657117904,15.30065855374923
-53.508898383096046,15.141318550779788
-52.30152966939508,15.552317765758648
-51.46866341241603,14.484473686888144
-50.51529486464057,14.697233673238866
-51.16348352243906,16.6443443152972
-50.96344242245042,17.815078081859383
-51.06833035102029,17.952586252553676
-50.13842520386013,17.68774166822418
-51.986544831643975,17.964555582735724
-48.514389338790984,17.75126454497664
-49.56284244444303,18.97662719628984
-50.50262450446923,18.295909575555612
-52.08385404357459,17.816175971754884
-49.280486311198054,17.65929438198955
-49.04494564227607,18.677634812815604
-49.84819706356491,17.99596984931107
-48.57425298466589,19.710947828786388
-49.9566206654932,19.87960248328083
-50.61983607996085,20.096576150663285
-49.82161122727157,20.193245013351344
-48.45222356353369,19.996016247538428
-47.14752598246599,20.10079198487407
-46.01978919501006,20.303268993381295
-47.01540324295201,19.68616531838242
-46.63162540567301,19.01185097212556
-47.470699489051626,18.738987078685152
-44.43764644714968,17.69435171680125
-45.83342230068871,17.13148088144677
-44.86136556581317,17.469854599691416
-43.849117415361576,18.443361641681978
-42.08353742553003,18.70925720297854
-42.16788170214203,17.886793624713725
-41.84755639556369,17.77481416376871
-41.70914631748139,17.87088651412152
-40.44184057812863,17.98187796554863
-39.94933184155044,17.56664967986084
-36.30488306927628,17.446573706206088
-37.670038593863715,16.726700111964032
-38.190382033622086,17.31548510537936
-38.46973080764762,17.245755779355513
-37.638051871829575,16.94007103977904
-34.83628714433193,17.700030379245952
-32.55029564098885,17.48883990162414
-31.16649173234386,18.231177590507183
-34.506542586307965,18.114295156403116
-35.865283513899065,18.758233543367485
-35.212758346451984,18.03239788740361
-34.95576038315925,17.631699528915256
-36.647084365054134,17.79194427393946
-35.5729085286629,16.41898802010632
-35.354065799142575,16.466664126596925
-35.94544632465316,15.800660138917092
-34.93625238328331,16.49839358218991
-35.16542737136545,16.117183223631947
-34.90391096636392,16.27923133161502
-34.887557436353134,15.771210375455805
-32.190046125144946,15.78167451264271
-33.88532206690951,16.1924695839483
-31.268561044899048,17.066700708862307
-32.20761274291311,16.216319189914564
-31.679069272092057,17.26654942038552
-31.194465926018704,18.583443977405437
-30.70986257994535,18.76174647053882
-30.225259233872002,18.84845745745426
-29.74065588779865,18.86095126227214
-29.256052541725296,18.433517384784732
-28.771449195651943,18.796127098562902
-28.28684584957859,18.194473294423215
-27.80224250350524,18.442284979390095
-27.317639157431888,18.781414590860724
-26.833035811358535,19.03327161491959
-26.348432465285182,18.757470618414594
-26.73707357797224,19.008147230636617
-23.81064198257545,19.60384962562938
-22.554182680695327,19.713689598594872
-21.45420868255217,18.620552639654576
-20.900556953167886,19.189314102169895
-19.971296149682697,19.61761207252753
-18.67294535568934,19.252894076345147
-20.576575046416224,20.058660482843464
-21.79620797724641,19.9456776744918
-20.590438209751223,19.98181000594533
-21.101950745916895,19.947552622068233
-19.904747952042033,19.32327983531038
-21.11077124395168,19.10802298830607
-21.49496966159508,19.272733701730118
-19.704518136300837,19.123850491251524
-17.967153814083403,17.75833289362096
-17.472112728064843,17.35898915557696
-16.977071642046283,17.018032254414265
-16.48203055602772,16.204852618278537
-15.98698947000916,16.90704596083298
-15.4919483839906,17.194937551228655
-14.996907297972038,18.08325168911677
-14.501866211953478,17.659131144001933
-14.006825125934917,18.425201465096258
-13.511784039916357,17.985728310829867
-13.016742953897797,18.524836848948066
-12.521701867879235,18.1286020509175
-13.545342046432937,18.478839283093027
-12.594367808342625,17.82527345976418
-13.283000449496765,17.753836856737387
-14.499868836655692,17.24212265484299
-15.73865994989849,17.870122680419907
-16.3461786393544,17.70396429859586
-13.99430332160229,16.900050988995094
-12.09118850109484,17.426481792219906
-12.849349412039397,16.682401250005416
-13.176959083488597,17.102778910277426
-12.443272284487712,17.74670658326333
-12.623204353212332,17.80316383765268
-13.48972512201117,17.46019315992413
-10.775022820149301,16.49653000566962
-10.785085809096229,16.62166376510753
-9.852189535489535,16.746815562849804
-9.886948333454907,17.236969276762586
-7.6440299787468495,17.252322806098242
-4.732820458972476,15.584007086568871
-5.370407320615865,16.295254925647257
-5.593926595115442,15.523083482736844
-5.9386185722811184,15.304373154716277
-4.784994424158272,14.807717763109531
-5.7043036331228905,15.405425228923528
-6.497470872630184,16.102303231070064
-5.751082267512539,16.582752697733532
-5.709753265284602,17.26751473754507
-5.295718035301132,16.719145760228773
-6.96088789121831,16.09166584450118
-5.068731335603772,17.268447261891158
-8.056167971546898,17.385189972530235
-9.439700031486009,16.300568852839604
-10.535878004449208,16.808835338651804
-10.229354546972536,17.23423142573395
-11.660060054398079,16.342157311002573
-10.563869956415445,16.07010670469718
-11.546005320022022,16.0362496712426
-12.163485472233218,15.977942716489085
-11.736591774868467,15.048123792512827
-12.383995378735557,16.274376013053676
-13.86594446948463,15.584206652899852
-14.534489906392322,15.22472193119514
-13.807001099255329,16.62319498919012
-11.062271334972428,16.102974402124566
-12.151110669311525,17.22234677044453
-12.982153155206412,16.937729835488867
-13.202439393899798,17.26035507721226
-11.806542791191342,16.69183302907732
-10.85987349388742,16.172015805568194
-11.42381031950975,15.690149881778607
-12.286615785265239,16.74499615746106
-11.509909895472612,16.912437676288263
-10.787643749989488,16.4479619989203
-12.504336286227634,15.200617332651541
-12.12038031131632,14.435421526272057
-12.285078400312216,14.25024854982051
-13.679256805479998,13.178884451926645
-9.808534030923104,12.451734461759997
-10.446115250760077,11.293237650814447
-10.047979938273684,11.227808274713936
-9.201587632910888,11.720086370792224
-8.347942928458458,12.0954288667695
-10.85486399482421,10.737685007800264
-10.243741144166652,12.306936039632868
-10.399740471251246,14.761440520312085
-10.709511404718203,14.336654370653873
-9.688912865753105,14.299958517846642
-10.894259038384275,13.430094151625756
-9.34001253156004,12.335207016229718
-7.105700324658344,13.213549418146531
-7.630703442358046,13.82815754098673
-6.889737937290598,13.734677025408908
-6.537096344789845,12.62954432701021
-7.831827237717407,11.388004019971238
-7.773523331445405,9.38041171368204
-6.177667914766513,9.40094218681368
-3.8848843638615547,12.0646111654442
-5.810160625556289,11.714144862761705
-7.339680536108464,9.291664969015425
-6.717356101388285,7.850864276955164
-5.528166457220214,8.405673201998717
-6.034384320649857,9.28122706778225
-7.2521987879682,9.819966475592361
-6.525458482842133,10.04229129483824
-4.363961105239216,9.001111112833867
-5.958376914876845,8.152085405606895
-4.511205210405064,7.5782483818855155
-4.182382092621748,6.757186359305871
-3.863669222754828,6.2023492395550885
-2.7834649395626734,6.565839589759011
-3.3312671663937925,7.672764332634554
-0.7908033503816916,7.06013374177299
-2.0304004968172737,8.399534853496018
-2.36138528631753,7.957400025732644
-1.580675192500309,6.9399544124601835
0.09666116023201576,6.668079363715076
-2.0633226272528806,7.513742997903146
-0.17548876379438405,7.8351331474172525
2.262755156586154,8.262690369570457
3.4339363109642176,7.685418190682394
2.9976800330209077,8.308663921572789
3.581314944515324,8.879810187639855
3.3691911359752393,10.374147958202025
3.7528286066025887,9.504441996313687
5.55983613863953,9.946562758488382
4.784226253419253,10.290832542868891
2.7075402504427157,10.777461409743973
2.1109830897228608,9.551828149747758
3.8930565632272724,9.660140611706085
3.6005280094254637,11.84090049560069
4.147769998771464,10.266541729349496
7.738411753129503,10.752537973044339
5.584161437389264,8.299112434538022
7.408592256702633,7.423213384109307
10.329179634271336,7.935017763356654
11.04389498147716,9.112732623238076
11.292466621759784,8.886319675112404
9.727779288398645,11.308714632971398
11.896343981941413,12.299214303511278
11.653754223934428,13.53499777318953
12.402374740470213,14.92688806852097
13.571485610972045,13.852383195653502
12.459650100790014,15.085605759009258
10.207849339812284,13.736659172916042
8.869211045619672,14.479666309460713
7.850864276955164,13.19844885248182
6.895045350177833,12.77271274613583
7.045775793014447,13.679364159880981
7.949116252889849,14.987486827487439
7.357826992910086,14.112411391247532
7.423213384109307,13.351462496203867
6.708008860442211,12.599463271493294
7.281232324060819,12.208882887924407
8.146539102002654,12.402374740470213
9.62575231261691,12.957126450738343
12.565798622659575,14.501217901093858
13.3180126442616,14.491470164356738
14.018213036523795,15.04390882563328
16.25844202288354,13.719920591518362
15.079737882247976,14.96984885135186
15.731741603383442,13.845511727901266
13.845511727901266,13.727352860624524
13.92474687932415,12.726755364879539
14.86010289479927,12.888650264239013
18.433517384784732,13.684457608345753
16.4479619989203,14.990409907579313
13.583029486582014,13.513832422208832
13.840490433413537,12.863724011860594
14.114450297104703,15.086263839132283
13.10148023152542,15.079737882247976
13.201398622543753,14.647639600048294
13.513832422208832,13.752866488948847
13.682743316085219,13.25890366043852
12.526894677145945,12.185656891249073
14.135700523933023,12.266610625279682
13.721340957529492,11.491861943419753
13.333678247623478,12.517488558300368
14.6791731266949,11.706133822561268
12.760726234436468,12.17676364499869
12.906694052990673,13.660254565285697
13.198607556701747,13.997903508693032
14.226840363613544,14.282822965355592
13.719920591518362,13.977515140266563
14.795168213841992,13.846714335771544
13.45074817921788,13.83536027246598
13.510092615899845,13.109944814477485
13.684457608345753,11.754605988605737
12.267654380509217,14.872558990760247
10.750520067655541,12.95719861392141
10.872872817127769,13.693421585803177
10.525250028740679,11.95097770241395
8.347094858535472,12.105446871540321
9.246745011243458,12.912474280367618
8.114683092079066,12.803248960603462
9.11448976287399,12.312695185086879
10.026924470090774,12.378000563758228
10.322681982406701,12.446798314287431
8.426111905648677,13.201398622543753
10.183665527954028,12.405906183081921
10.022168934706539,13.721340957529492
13.072789775832858,12.650564038591282
16.102303231070064,12.305176938071757
15.331866052414712,12.565798622659575
15.442021395878044,11.45918788775428
13.734677025408908,11.902614340530667
15.304373154716277,11.764977035760383
14.25024854982051,11.370379179475947
12.77271274613583,12.822451931289926
14.542627757946232,12.748268103998019
15.084783590675483,14.290716895807494
16.216319189914564,12.462080316883974
15.320750861560013,13.602139360924925
14.460017603352895,12.191040942486916
11.961281577888094,12.462322199183912
13.494151223923883,11.258467652827488
13.342116567154799,12.2218029855946
12.762301033834396,13.850613142898156
12.735975896554482,14.571535451599779
14.336654370653873,12.950882567915475
15.477605970905563,13.557164150286997
16.252433341549306,13.835387300783921
14.75254659155745,13.140069113627401
15.04898005273746,12.371132702828062
15.765167777142128,11.974733524401536
16.56738135708055,13.46636831747403
15.328750736361126,12.536017187273188
14.256389594162332,12.912925168078786
14.491470164356738,14.345389563085835
18.150333721334324,15.049462531718829
17.69435171680125,16.74693795557076
18.53248770426263,17.141354450253694
20.154536569496003,17.994675195152922
19.982142474112948,18.054243199495012
20.846344980171196,18.35692972780596
21.32795788555774,19.536640348034926
20.185742382692847,18.131584297500996
18.6435468026942,17.466598814354686
17.928687794569694,18.15430059374027
16.555245086365638,19.8359193447884
17.606472544159114,20.93830746845528
17.446573706206088,18.7962744681125
17.77481416376871,19.061220251281323
19.800719147439885,18.614177289098148
18.1286020509175,19.141562164659856
16.1924695839483,18.287131298707084
14.03965807193562,18.8125155414594
10.73192943952991,19.083263311213845
9.036939323614932,18.506790497574475
10.755824534310205,19.39184781267855
10.362459763396057,18.949276342620845
9.946562758488382,18.152488194384325
10.739589293488319,18.531747281294173
11.34596121432013,19.22652482776781
12.0954288667695,18.63525555949666
11.84090049560069,19.012167904885477
13.835387300783921,17.913699534592194
13.408865783907649,17.9971624254247
13.426429581682335,17.713119534339345
11.667505891081415,17.02956688919487
11.611914621091216,17.96562660042339
11.639977585433664,18.335156196154855
12.397832605202058,18.509594230186032
11.963042843163693,18.34917257565589
10.689455609041495,18.56086256906191
11.031772327647458,17.98261029029702
12.175980277115839,18.1703775872686
11.308798389099403,17.479227682840182
11.484999577346073,17.50931206357686
12.046514642583833,17.806987359495835
11.308714632971398,17.668440276360126
8.798783057952622,17.79390181367944
9.391748843557695,18.26186005930124
10.819463542236836,17.134408305710302
11.924848342405971,16.944877672790735
12.624570500710007,16.96171410136603
14.3178886825285,16.856334230726606
12.8743159493446,17.892455005123708
12.888650264239013,19.33605360932917
13.856414123380537,18.5006349458726
14.345389563085835,19.33761781526216
12.511060463307377,18.92433881678534
11.442824394941017,17.395144633126346
11.310458692216551,18.365079013011197
11.09981393955365,20.134329476754854
10.266541729349496,20.474944143769264
14.229060653682257,20.962706812859274
15.800660138917092,19.537931176400434
12.017875905328482,18.680233229833267
12.462322199183912,16.996384488339775
11.877296287563567,16.754452834355046
11.740660084641389,16.812323557002895
9.204734544787513,16.780063791708983
8.082165415631831,16.667308848030686
8.289547761811916,15.85253967474346
7.802053018700787,16.984393509621313
7.5282413782059505,16.958823602665568
6.764268389057693,16.95383692489579
7.770106141795191,15.900061676164974
5.883375578119578,14.355690616134849
6.828553276201884,14.879089765149187
5.748462503011997,15.010064307437531
5.945463251430422,16.420540036798606
5.176591886178606,15.307488420955123
5.929018788899696,15.325035831352018
4.4693778588957995,13.621862283065358
6.491229033723549,14.139051443853322
6.793630614792984,15.057092939725017
5.419750863539873,13.349260051811573
3.8812101508315537,14.048436046772931
3.2306884395591533,15.981902713651321
1.7183999000248533,15.908195408597448
2.435612521472415,15.705083922017682
2.4988700945130464,15.51553897913546
1.469287803106624,15.0130357841704
2.120439013357218,14.831167480254814
2.0241989868653647,14.988701503591534
1.9279589603735112,16.80454349802461
1.8317189338816577,14.94444382455099
1.7354789073898043,15.655316580138567
1.6392388808979508,15.241022621095158
1.5429988544060973,16.378255470178274
1.4467588279142438,15.623543721323625
1.3505188014223903,14.86010289479927
1.2542787749305369,15.239925815303298
1.1580387484386834,16.44623266106594
1.0617987219468297,15.929299663962498
1.4856893752553806,17.591073398241676
2.565849190995879,16.025972532286854
1.2809092445228323,11.844453624104696
-3.3409573040420764,11.294116747501702
-2.367873095845731,9.482283734718573
-2.8016558415682233,9.696996155535635
-3.62609265350381,10.109148385637639
-4.589103110513977,10.056649657195159
-3.7301899678375445,10.367131742977236
-3.9056160363986256,11.141890073055043
-5.404621269139358,10.689455609041495
-5.4835973024657285,10.741249541109154
-7.534603746947118,10.216372815291358
-9.226566481353506,11.581187277947635
-10.650663166109998,10.786926242827484
-11.013554034326672,10.395009750344522
-11.057319145895466,8.888155004444378
-12.276677730321822,10.183665527954028
-11.851655147423662,8.577374791166362
-9.913137500136699,9.32965151139595
-8.673809845992714,10.329179634271336
-8.048625310611289,9.391748843557695
-8.380532177338575,10.698315151102344
-7.419944340293677,10.362459763396057
-9.492823456223702,11.091284216492047
-7.881523814670715,11.192700481996875
-10.309009139063193,12.473970856746188
-11.51472227741395,12.167239490075131
-8.360243941069736,12.906694052990673
-8.956140643975333,12.526894677145945
-8.354922768049027,11.234540305021302
-6.59794291902098,9.727779288398645
-5.571883138842328,8.527869002351474
-4.890909084236178,9.3121305216788
-1.7814450967150832,10.036115664556545
-0.3818406637952898,12.047626259549551
0.35834343409359826,11.674193259235567
-0.3324047409612506,12.43267891246409
0.8483775691627612,12.267654380509217
0.4211972123416149,12.23374437470145
1.528955084104613,12.062662026222362
-1.1878393892081305,12.536847280865075
-2.778877009710855,13.840490433413537
-1.1883868198301921,14.126910606395548
-1.6980965599093316,13.996769209197693
-0.11250866268265991,16.487829871735865
1.608572147456628,17.297745211481285
0.8594368650380316,16.219941532866386
0.5547301957042297,15.94683859386108
3.1824397948957914,15.659417719947928
1.9613527715482217,14.06311001710062
0.31913534254773057,12.899218654903436
0.047374746223127484,14.567316110683473
-1.1580408257270083,14.662769733743355
-0.40520489400039406,15.320750861560013
0.8548760988424313,14.800880369421956
1.7124730382579503,15.805579604896462
0.40272870632848967,14.991809834236923
0.9027847006027737,13.721144851306933
-0.010409698723591432,14.152945318879453
0.848604737243183,14.445932251592055
0.8585556023968507,16.124611753308173
1.0246870290498804,14.938764502508981
1.1908184557029102,12.896280356150372
1.3569498823559398,13.35575604964626
1.5230813090089694,12.544468880874827
1.6892127356619993,13.064067300582108
1.855344162315029,13.811547889450086
2.0214755889680585,14.832237185922763
2.1876070156210883,14.03965807193562
2.353738442274118,14.119273800197433
2.519869868927148,13.072723297696351
2.6860012955801773,13.518805162953909
3.189800852224932,13.072789775832858
1.2231916493307857,12.522612943616654
0.9621732490839734,11.776073456162214
0.17085756590959766,12.267190720005814
1.0026776168287013,12.665572362438269
0.6460187486878384,13.152154716584585
0.04953080019451117,14.382109980375395
-1.3299908416170159,14.951049528987374
-3.6529827468874565,16.804378114713483
-4.057959775790684,16.583223543809822
-3.974260602588302,17.68185335085655
-3.4221641844753665,18.323607740656666
-2.870067766362431,19.164689004771223
-2.3179713482494955,18.236325670942712
-1.76587493013656,18.503446661732507
-1.2137785120236244,18.6435468026942
-0.6616820939106889,19.012519092555763
-0.10958567579775336,18.472000292724474
0.44251074231518217,19.845415941385642
0.9946071604281173,20.944071123582198
1.5467035785410532,20.455756708563587
2.098799996653989,21.12960470653475
1.4235587215665646,21.901305952112878
-2.0588939547697906,22.51861916965856
-1.947273727978466,22.56205937497364
-0.8035785540570282,23.846539054015988
-0.3583382932469887,23.7606112418993
-0.8126763877543205,24.370536873128184
0.6776956183762443,24.930904539290857
1.7389991231969804,24.293365610704466
4.625569308783625,23.998959434708066
3.402792211047945,23.63541137780542
2.8845817994323846,25.241945519190317
2.366371387816824,25.7099302717059
1.8481609762012634,25.646294082263633
1.3299505645857028,27.2220668789797
0.8117401529701422,27.011756650517277
0.29352974135458165,27.379682186231268
-0.22468067026097893,27.414176368523126
-0.7428910818765395,28.68997034268695
-1.2611014934921005,29.40563832383501
-1.7793119051076607,29.565850660443722
-2.297522316723221,29.571613309203546
0.20463885817596195,28.91482370754795
-0.5749387517818925,29.87813211152395
-3.1624776632449665,29.659143580326052
-4.228262246413108,29.444726574547218
-4.430826541800915,28.425048503164657
-3.748560710479923,30.69386659600097
-3.9366525148675415,29.492135433653498
-4.041138794030282,29.41338374090546
-5.1807278429439645,28.204832222603635
-3.929635197235626,27.880039841348786
-4.630284583666091,28.38386700113818
-4.873532963109178,28.444151366009006
-0.980414432538391,27.64655248648224
0.2303757561066262,27.33738611988339
0.5222818863962883,28.10039331120949
1.6232539190392323,27.306032884418
3.2682699687052725,26.38203794727341
4.087857088610094,26.21254090047397
5.3884685571049955,25.05837317437045
4.2350258019803,22.87487286617798
4.748847463800155,23.547996425753436
2.3006515809355226,23.90803000755831
-0.34998755128900694,22.70658711610597
2.501782233561927,23.459605040844703
1.2370723176141116,23.45158977747042
0.7095563740078036,22.418730461814604
-0.4900104754948985,23.42990316317567
1.3565169304594424,23.04990452711612
0.39037162148222915,23.322723015134454
2.2296348346733885,22.74064568770817
-0.4252887927450546,22.41990918397973
-1.3817186240252015,21.574154079522373
-0.6679740360975682,22.0042984487062
-2.079974869446734,21.6840913868404
-0.8313997397598392,21.039141976599335
-0.8266391354991497,19.348594802897413
-1.2189561384928946,19.143771524117202
-3.513244982846828,19.393046095072087
-2.5331528283879634,20.458359923858012
-3.368362602863638,19.524099500632442
-2.5909229413058243,19.42153742135745
-4.761721031505122,20.016552735368855
-3.6447470587549575,20.135798308382704
-5.822842690091305,20.164157765375908
-7.186671272524522,20.084098545942858
-8.873151475552637,19.496303303266668
-11.93638237183606,19.44991001713974
-10.462643268351634,19.549917504726103
-11.496786946679494,19.847508743866776
-12.11995728875776,20.48773721643655
-12.556290936901913,19.657869142121907
-12.721097660670653,20.412467742848897
-11.466038808757771,20.154536569496003
-9.685470792196664,20.105143646324613
-9.763255651573605,19.801135159454834
-7.7949424297425285,19.331581389872657
-4.848044554104421,20.348824881032215
-5.998024870544697,21.19522670690784
-3.8776052620263473,20.71557982718329
-6.049998744639332,21.267837180976464
-5.6980292315490475,20.82653010404238
-7.161888296364803,21.6730783043686
-7.169790816730858,22.278846101840127
-6.363213067665537,22.748149780406123
-7.491228277883501,21.52815404291318
-8.359404230590265,22.01337157913859
-10.385389914290695,22.192457192051975
-10.930105979609442,23.320375565591178
-11.042090784673391,23.975595665891937
-12.016571859096182,24.458284685661116
-12.880765677661678,25.052011734822933
-13.35651017873038,25.271090493129368
-14.272749511057475,25.834138629952832
-14.163260771469705,26.3035014576779
-12.91520582849714,27.536817195416962
-12.177650779587342,27.395154966568484
-11.684727715881582,28.013676614572578
-13.546696759960062,27.52460892545203
-15.148983975945226,25.79661940301521
-14.607542009117335,25.12741603534759
-14.066100042289442,26.748659873598406
-13.52465807546155,27.1514924122406
-12.983216108633659,26.426743427610223
-12.441774141805766,27.09273141102813
-11.900332174977875,27.553931714127582
-11.358890208149983,28.956498874777964
-10.81744824132209,28.939220072754605
-10.276006274494197,29.669392773683217
-9.734564307666306,31.00841108638468
-9.193122340838414,29.97607827152129
-7.601674545753044,31.772744982968568
-8.567001391682856,32.71109977226895
-9.838222123443998,32.76096481562464
-13.482333997123453,33.02444651043184
-12.340302699077842,33.18522693525326
-12.15379866223351,32.282416311509394
-9.960630278329544,32.72609553855837
-10.911173433068512,31.372629571757553
-12.112089895493794,31.531666739948992
-11.61373608663207,31.413069883934675
-12.672363504942009,32.73862208248459
-8.98713560742115,33.73953836650711
-10.800716428470023,33.289086126358576
-11.12069164009763,33.67256319984536
-12.132716420557756,32.55041021835019
-10.01903233216101,34.28700508722905
-9.351038041538384,34.883942948141865
-9.34015075953007,36.2394848531529
-10.498111660115457,36.55381621458628
-11.613208319993825,36.47999139807953
-11.243750778006001,36.40937372889089
-11.448824995189687,37.743687001270885
-11.318384205347186,37.80136962236564
-11.522197070177695,38.59300527078541
-14.952455925321603,37.12911233283304
-11.928185976779234,40.201001233627416
-12.775918479000163,40.06159589268644
-11.091501607629956,40.72219733797538
-12.052054178644537,39.192714070790466
-12.946761223733471,41.43049844181388
-13.51657314809263,41.18960284554766
-13.766455169399961,38.64935888884771
-14.116783233662792,37.983850683802714
-13.88631410574325,38.961104576988305
-14.564923765320453,37.91959640944433
-15.058702093761962,38.16480270505698
-12.693050897071323,36.98168841220145
-12.849446069142454,37.491285737697694
-11.941290895598332,36.69529324192184
-9.763765739705413,36.76469127093931
-9.201182789652146,37.07367844964735
-9.048829394277474,36.634413079746736
-11.11988751466415,38.343935479975904
-11.616231003895034,38.577482039906776
-10.56289266381194,38.50793528585012
-10.510560108234014,37.61195358442388
-11.75759431144448,37.76349387911959
-12.402361270109973,40.001064854107085
-11.937492063365438,40.75047032973939
-11.501961176186622,41.03531660586204
-10.57966915765602,40.09597374779618
-10.763022753909635,40.33061681697768
-11.710925557084128,41.3376638412828
-11.703581301333378,42.72344465532107
-11.929725618823081,43.08910169361696
-11.955201737934647,42.257532121563166
-10.073459323301318,43.1418184817464
-9.368011906557786,44.10879333663174
-9.591099156755487,45.52338544511704
-8.331120336517172,47.74139870305973
-8.189533456772537,49.204626555031254
-7.36149356166553,51.78632674028023
-7.616613027635905,53.85296432553376
-9.410294662788996,55.43053428469473
-7.259897293719012,54.664145723855135
-5.5436844719858,54.61432318099559
-6.612130694409765,60.710283552137824
-3.920980958171883,63.44728429244859
-5.315063485479015,63.622981246719185
-4.843708392091515,64.37542731103171
-4.254380265632555,65.33890839469167
-4.799616181303036,65.54663850539913
-1.3981289379116006,67.6751313815302
-1.3719717635867088,68.05729194291364
-2.943724196689033,67.38183940326648
-2.3157025612158937,70.41294285627296
2.6041957884107245,71.62184841782387
2.417912113324807,70.95554801534682
1.6477488441176042,71.26816997009846
2.634905609825278,71.36830802659803
2.009376963154093,73.15305650168011
0.9531649406146558,73.18132946110008
1.5256245965821655,73.57500145374746
1.0603884340137355,73.37144050236225
0.7743954167425333,73.84694775437578
0.10095665512003427,73.44872047352587
0.667735860552188,74.31226412387862
0.7748243126412155,74.33051845079576
0.2413920589525257,74.41800904029267
-1.9499070055835457,74.18022845927673
-2.3549586780104077,73.84213710682872
-2.7600103504372697,73.98201227558768
-3.1650620228641317,76.64010812263174
-3.5701136952909938,73.80468125054047
-3.9751653677178553,74.37305265145862
-4.380217040144718,74.42474402952871
-4.785268712571579,78.10552686693251
-5.190320384998442,78.06634704809476
-5.595372057425303,79.20533107854865
-6.000423729852165,79.03957709669531
-6.405475402279027,76.92687668008736
-5.6042092865011055,76.82838799966144
-5.927998783739563,76.2138434421663
-5.731877276996382,76.62628110504048
-5.206598043530331,76.8850075514842
-4.681318810064281,78.00830267652861
-4.156039576598229,78.65099122304065
-3.6307603431321787,76.61714767619254
-3.105481109666128,76.67252187202108
-2.5802018762000767,77.09432954538717
-2.054922642734026,77.31499832791027
-1.5296434092679752,76.83961035258092
-1.004364175801924,76.79050763012667
-0.4790849423358736,77.9102236624305
0.04619429113017759,76.10729539766267
0.3229725682453229,74.33502994315171
-0.16318189474729078,75.92176456185075
0.9340258590391328,78.17293364833596
0.4459423533508474,77.60366331826086
-2.306734854346383,78.04630845994134
-5.0323672070330225,75.93181395685964
-4.498374847160604,76.1169029313406
-6.197096595487265,74.30904195953984
-7.660008587483046,75.39344061988673
-5.560140241810693,73.63927974331642
-5.444906473600241,74.06918679315363
-5.4398059917379715,73.8596664644148
-4.8524941136153785,73.24621835569593
-5.609687178706642,73.52418071257777
-3.7495159220583876,74.63564406799792
-3.761822614184504,74.58027085896926
-3.8791477628750846,74.80168180647755
-1.0254503300761049,74.72829649443177
-0.8720781273431257,74.156747074523
-0.38102795474027384,73.68461987421766
-0.287485542782805,73.93349733676862
-1.2464163011879337,74.10392186887363
1.0450185019812306,74.8431656597364
0.9369845899371287,74.90495066101772
-0.949508357659034,74.00911931425493
-3.167726696445621,76.9033638132269
-5.182002239278916,79.00185335983782
-6.471687979267739,81.21765208196439
-6.496853896896408,82.82372513843269
-6.522019814525076,81.62119796824093
-6.547185732153745,82.3718869689911
-6.572351649782414,82.73595383635713
-6.597517567411082,80.61777976957315
-6.622683485039751,78.59805195241672
-6.647849402668419,80.11229927086423
-6.673015320297088,80.12938529437824
-6.698181237925757,81.08365669907364
-6.723347155554426,83.31182650215219
-6.748513073183094,84.73649806569024
-4.969705710166485,86.00099811547669
-2.430845757790231,85.55550898598474
-4.756435585687806,84.76565038624733
-3.762056187366785,85.38707599191417
-5.1444191403482264,84.5054236950026
-5.911833592645927,84.96039724980592
-3.8184472669101015,85.67940095927715
-3.584064166806237,84.74333339743548
-0.6830508940389106,83.04120460037522
-0.6668265046756993,83.78496785407592
1.438342566094751,85.6764991911398
2.41023086644379,86.3627376711265
2.4290687748306343,85.78064835533685
2.4479066832174787,85.64368172838829
2.4667445916043236,84.75797970371652
2.485582499991168,82.42650477559522
2.5044204083780124,78.65857666796495
2.523258316764857,79.14257907031879
2.542096225151701,80.4877072308051
2.5609341335385456,79.51354272430282
2.5797720419253904,79.73580345215387
2.598609950312235,79.51443404788425
2.6174478586990793,80.43653108980916
3.310397574306455,79.83276846223058
3.7764119646505416,81.6747357970693
4.629243143927075,80.4746795184187
6.550954387673638,81.10943144478053
7.957400025732644,82.625478801191
9.071393503928519,84.55873782679093
8.936190315659625,82.88827062265686
9.805275685260515,84.24348672182334
10.567306028716661,84.76732651198137
12.299214303511278,84.89806559575942
11.551681232971813,82.67599253588558
13.29061989862757,83.22974556533379
13.034617580290599,83.68862684027347
12.778615261953625,84.59120237053398
12.522612943616654,85.45655825827833
12.266610625279682,84.48601606611142
12.01060830694271,84.54935806414011
11.754605988605737,82.78129080772963
11.498603670268766,80.20042858659619
11.242601351931794,79.85264960437652
10.986599033594821,81.50791359340792
10.73059671525785,79.10823958691637
10.474594396920878,79.46064936455645
8.886319675112404,81.08034270279335
10.064346511798014,81.95022489777237
10.469056209871718,80.56520657614656
10.017305766620924,82.16901083575429
14.119069387284622,82.06967449503469
14.872558990760247,82.37956187332226
15.416871509346434,82.633695551363
16.420540036798606,84.10196523550364
15.690149881778607,83.00825781043763
15.659417719947928,80.49231391978549
15.046003339358862,82.23540408594035
15.85253967474346,83.15020433212585
16.025972532286854,84.20046269685167
16.897643972338592,83.62258891350363
15.623543721323625,82.65232173654084
17.99895303202263,81.58502931786391
15.15826135276085,82.49990068645926
13.506114009881388,84.69750737131707
14.761440520312085,84.00500885529183
14.678384051799963,84.51977525350358
13.986327555465172,84.53386633619985
15.468573570427738,84.63085917877982
17.70396429859586,84.91642583886618
16.711699840876623,83.45191833709173
19.536640348034926,83.07515896029011
17.827090472810482,80.42880840656473
17.24391698522766,80.83462451333496
18.170679350915343,80.40201154670548
18.335156196154855,80.36047657114615
18.509594230186032,79.27825173200144
19.37783656816909,78.16237990239586
17.479227682840182,77.1231755555422
18.614177289098148,77.77824848519145
18.60641930068797,79.00409275489231
19.059058714948453,77.09128219712014
17.56664967986084,78.35444561099804
17.74670658326333,79.11489705240743
15.498169763496213,79.33180576039253
13.339624990918296,78.3945991792903
14.501217901093858,76.42170073141618
15.374654209964719,76.04931069004479
17.931838761275365,77.83096176506056
19.22472658149082,77.59214613423026
17.245755779355513,75.56562159588307
18.443361641681978,74.40420330667219
17.500302682653384,77.31149090875793
17.98187796554863,78.04504185575622
16.596618572814517,75.96025545873614
13.32931902944741,74.40874457542196
14.139051443853322,75.76637848049502
13.449454588994533,76.08830476168941
12.944755311582087,76.94447603021855
12.03936050798038,79.42465775521804
12.536017187273188,80.88099698237166
11.95097770241395,80.38061745507972
12.056153494954476,82.68613373908416
12.15948608399383,80.85771776264605
12.499396966741823,80.61855251245795
10.604879695460795,80.32571719799569
11.55279553200096,82.83385890468294
12.405906183081921,83.72106897435467
12.7552808465085,81.86064185731819
11.293237650814447,82.87984949161866
12.866974993465114,81.83974245415628
13.713257898776037,81.9540437070796
14.879089765149187,81.17657187244879
13.35575604964626,82.32126622096054
13.53499777318953,81.29995674371682
13.229255837409614,82.54150415735907
11.980150019976186,81.10850408178521
11.060414255153999,81.48390359527457
10.497944124363036,77.29927531329105
8.957144201441196,77.2678103225541
10.27921183873953,80.58893289480099
8.802709296623172,80.22438553739669
10.053106327643277,79.72153995299162
9.935687649901345,78.5224579589238
12.650564038591282,80.10252706542786
14.34240599286334,80.23214323479986
15.256213653791459,77.1754156201683
14.684065991729941,75.80426236988905
16.996384488339775,72.64336704315237
14.647639600048294,72.64227091548908
15.037996063095463,72.0691441152992
14.951049528987374,71.67254284709675
14.768018080387225,71.50554568948259
14.832237185922763,70.93580128948877
14.567316110683473,71.31871492510581
15.049462531718829,71.04706700114718
14.627573335567043,71.28375213976092
14.64594514975912,71.50824337573542
17.5619000478713,70.93861373429213
16.13569392855999,71.38249232104798
15.382389964206443,70.59833903133475
17.36902907585075,71.03226173243709
15.771210375455805,70.87043545811682
15.3093345807106,70.99186843462847
13.521784231653433,71.49097061866354
12.855349953774587,72.0267793493454
9.88437018735892,71.76720326516046
12.62954432701021,71.7374948995411
10.470452329694167,71.64700614655489
11.740111572381299,72.15647339159888
13.152154716584585,72.58638321896913
14.43090967681151,72.62761547313889
13.791886466144957,72.86847193606116
13.534108509660781,71.39053915693509
14.755745279108313,71.01881619377566
13.320115231723394,71.28569461846986
12.253052951786023,72.19353937854932
13.184615599752293,71.25245900228794
10.917473247437105,72.22868042101112
9.57300124876665,72.29138782901506
9.17163748666064,71.9509788510244
9.272104545884744,70.21697977718796
6.374308021276015,71.16660040350405
6.748047222351476,71.95580630070413
6.980991882297419,71.10359845260041
6.994914063399934,72.32831662831217
4.713311562419669,72.67437448730551
7.796492873762355,73.03124593817975
9.653755133607076,73.35125785385084
8.405673201998717,73.10832142147433
5.2521182006869305,73.0289080056913
7.199835297842085,74.14761364253411
7.947374599920576,75.85152134644197
5.292476975126967,76.51977671768593
7.513742997903146,79.28983343359971
8.527869002351474,81.00592887270109
8.41400328996098,79.1894898694237
9.004386891813576,80.15128905487339
8.299112434538022,78.88326408014646
7.462784293579307,78.60066226569663
7.522541369377071,82.02853703930457
7.768245822374674,83.39832529877253
4.977315388112242,84.20081017448183
5.608299370393684,83.26130576157948
3.7521300616331468,83.8355597218869
3.266267584767868,84.19986246223127
3.8603800952230123,85.19342253645016
3.1358681782604316,85.27376060556095
3.6492119598052084,85.53270305407132
4.225103327956553,83.70881188641053
4.579910648040601,84.27176971046777
3.6679887996581755,83.24251097230866
2.5058021043985503,80.33743676129424
3.5513764607025857,79.110985223331
2.8558597207289034,81.06309998421912
4.918430502575819,81.59791202833904
5.408206555974743,82.77207298226499
3.395342123004123,81.21928638682367
4.022817828564101,81.33695864812091
3.26060712762619,81.04693469281756
3.967874633971575,81.76190274678824
4.560285387062232,81.68101608069068
4.267596700264571,83.25955014564907
4.717865559591134,83.46473753077117
4.515594927016435,81.88753631984922
1.539433659385185,82.16629969764811
2.2382671668293734,80.91745412046389
2.051872011173212,81.84883590721388
2.553454195673381,82.15970137252849
2.4569741431375007,82.61409217278796
3.435277971240644,84.03503901488104
3.3535169287274846,83.66275237208666
4.1046699844273595,85.65388103699703
3.6913052349776505,85.51426430456593
-1.7268535635148359,85.45913645651093
2.0632124080743495,85.59453195664169
4.8207034323125395,85.62800721515939
3.9580392421916653,85.37556736062692
1.1624342655013518,85.42417832801135
3.2992058087880296,85.58556274127824
5.13398030221511,85.08705196239445
5.005182602415838,84.66095746292542
8.251169492614212,80.79572507520126
8.8675508010672,78.81933585217617
8.134663260036097,80.25223982658314
8.46736480189152,80.3606276837738
9.072256608367528,80.71368420241365
11.09935626249506,78.60291092448938
11.961838275833346,79.73689723595743
12.966178493993162,82.30278291274394
13.430094151625756,83.10911367321681
14.654674638922659,84.87350086744716
15.33532744003676,83.43002406426794
15.325035831352018,81.31802760960962
17.27186470497842,84.02889252267106
17.974953716419616,84.11427309493115
17.475807839634918,80.56984581091469
14.800880369421956,81.16562257009245
14.630221094397168,80.71619532453275
15.042431715945266,80.90520280224726
13.51552373021217,81.97392719576345
13.518805162953909,84.4800171620222
16.408015612191683,82.89536259231241
17.141354450253694,84.03569715515593
16.797398406125673,85.04092496765004
15.908195408597448,81.92529385302649
16.69183302907732,77.28369958930317
15.820586224385163,78.81021577289376
19.145359426751572,78.75279064603883
21.34997130431283,79.63880917359272
21.630304376731832,81.0498804914031
23.144716893581542,82.30867617095193
24.029022700736935,80.35633973654018
24.790257506520106,80.40896959793301
24.234781916885815,79.97170865364453
24.39407789777435,79.27686769670964
24.622506667856904,78.90111087593786
23.990614226767782,80.06990168209049
23.41936547327375,77.31112378991175
21.982264920808184,77.6527610439207
23.779067922191228,78.04148069957944
23.511103645077537,78.93550582546177
22.287600757981636,79.15965888313947
22.65104562313006,78.28675104742408
20.480879962075417,76.73215732407823
19.025662963316055,76.2964904125257
17.916189450075137,78.87241455526606
17.879807343412104,77.28598000356341
16.27923133161502,75.63890633951951
13.24585500132575,75.81383715054467
14.938764502508981,75.67101439108514
14.948683579313297,76.72846323522484
17.102778910277426,75.48536336086067
16.117183223631947,75.4987215252881
18.40875618499774,73.53185474280883
19.331581389872657,73.61266194616569
21.997053483292106,72.70865320213466
22.588123192254717,72.87952562272584
23.37794541084872,73.42136119105089
23.11125325946217,73.0021967510379
24.285401319488187,71.97721640938873
21.995970280268207,71.92415514077267
22.729847547168678,73.07139942145547
21.477346738104238,72.92734707538371
20.72471509468794,72.89581859896914
20.163968735701445,72.91011986692573
22.483836691821228,72.37853572424766
23.56142250805272,72.40071983598118
24.217477027938216,71.18002089175276
23.5556843252697,72.03859922695773
24.69110069307962,72.01441804592284
21.426825837520546,72.26063652143867
21.481049964979135,69.75269095672157
22.27060720135973,68.01211636417611
22.581522715877078,66.94643682666761
23.204895236133666,65.99836267275664
22.973417795348656,68.6211790000465
23.040709469244366,66.93805408512829
20.95631152929487,67.39981743788736
20.68527118652725,66.63025204162707
22.62150275909988,64.10977607842507
22.636240106731027,65.32610907569865
24.602566490986934,66.02760824999281
24.58134067602544,65.58585378581523
24.268555132447844,65.42649658853931
25.443641202143702,65.11869871435022
25.823831598109813,64.02401741032752
26.575267997999003,62.72929836710456
25.194090012748372,63.34371663588427
23.355026712199688,62.190460934089224
23.173332400276937,61.77300071688071
23.640981162078777,61.031099825421016
23.77692026646654,60.5463519410883
24.265356887876173,58.915577795941246
25.25329570462207,59.10157604436329
25.762527818499525,58.72668702512395
24.813804352625098,58.62307689866768
27.388772901881854,58.41100091832539
29.229106325173497,56.31095395232146
31.85727168417447,54.62070584691624
33.96674791967434,54.26520291638649
34.97849164557808,54.57968600527565
35.22563435115364,54.26480782985866
35.339499836051054,53.70350733411216
38.401575851734044,54.562297287501416
42.257532121563166,54.87778492256149
43.70812155224051,59.77971274131587
43.953060017074044,62.55148829231139
42.82232532266867,63.384862006245875
43.18197111973197,64.05638649350568
45.60565725571825,63.58059656390869
46.32284090576373,60.75448527096301
46.8048784298331,61.78516655837364
43.65825493129167,61.63946355091238
43.9293888133293,60.26728472381835
45.03849092482949,61.59029437880987
45.5010928902001,62.93238789064429
46.09951284969249,63.31879907425924
46.27816175675625,66.72664592606877
47.35067216845562,66.8831038927623
49.013676309882754,67.36067115477626
48.496948200772295,66.02082878207416
47.62634711192851,66.17511720515085
45.669880519726675,66.07620396242474
46.25828557706472,62.67019231136794
45.38961962506555,61.77743313994104
45.918796841940015,61.55268151817425
45.304210696380466,58.92304424687176
47.756076818291,57.92781268677404
48.38191842557668,59.97301596999217
46.317030848070445,60.374339765538714
44.34980925398489,63.91087506109289
45.77277697993866,62.57767399039495
46.758158147575166,61.44768873458115
47.684238298885916,63.29649387152064
46.41843743195861,65.29050977328033
45.128946534939665,64.11773572440207
47.162811122378514,64.1704382771393
45.026648711616765,62.206753263816424
45.960693040285875,62.22067492658011
45.605190283997004,62.35255505693258
46.971337868652306,61.98939540042751
48.672464536881975,63.14119437207344
50.081108575190825,62.34677930701502
52.23716068906776,61.93311082554416
54.977190185322335,64.07828029964838
55.07681784936343,64.44345508735783
54.8042301106818,64.57668469501108
56.1181573310563,65.09582369825468
56.67421757192891,64.35104293771175
56.193318433968656,66.72519595428439
54.65438144727685,63.20890091820391
48.85511001716652,63.65495238810444
48.81383174566402,63.77243375045072
50.67401593507675,63.26582011976547
50.133008753913984,64.67176954459768
47.983619004361685,65.52998950094239
47.500813655605924,66.46295277732261
46.9144382119271,64.42222864016283
47.5097749338673,63.06694818765933
47.350121031365376,63.583217186344264
48.341784501437154,59.2745759969795
46.799970791180506,57.62755675360138
46.26265080385824,56.496121251189955
44.34322642875678,57.60379251531795
43.08910169361696,55.89017985318892
42.480160744639086,54.6742345040094
42.991666836812875,54.856589682362596
43.16717151660542,53.69289692971053
42.621607072446196,55.436828376551475
41.85589015012843,54.35146091395056
43.15563295610302,56.312557262912186
43.97214946059611,59.65880330643629
40.647600137549226,60.2024551351884
39.522804370829434,61.63398445940774
38.2093740585323,62.79550935356225
37.25145011243892,64.74659934189442
37.2390230660868,62.66146583456887
36.634413079746736,61.606461424348666
38.53405515149069,63.61749041219386
37.205238231928746,64.20088816405054
34.96472399394512,64.22557348364029
33.51070614416773,66.4419342214651
32.254049354704506,67.14443131275145
34.097738928627614,70.15810172790171
32.0968244023408,67.97142307942099
31.29288823086948,68.5550622841188
32.8700221140914,68.70576685744348
33.31606403707671,68.48656421200673
34.49670133894898,68.06642451644291
36.27056407291996,69.0666949868142
35.95885754485808,70.30497133429704
36.661667570090295,71.49484417875625
37.55351402098103,71.91422238877806
38.83928828913454,71.50293694781416
39.6835206422125,72.1272179893862
37.835400691335344,71.30274453568627
35.92991323567492,71.12600901355637
35.963111748858296,72.46846942857837
37.03261244506348,71.99158494891749
36.2350855439011,72.85035810483102
35.95951236371042,71.65002345783327
37.491285737697694,71.73798306288148
34.37251403905394,71.80082759764738
36.193864386430796,71.13038727779973
34.11986517121638,71.00041975332185
31.455030624226662,68.94528429334694
27.002609700631968,65.01143862630009
27.60857699683767,66.67692952656569
28.12004540060142,65.72243768535296
27.34935288520646,68.13666450035714
25.57414536192386,70.2902930006368
27.051614022254903,71.29665373685837
23.88864114813693,70.80784859092469
25.801797848476067,71.70802999391456
26.001712442715622,71.3173509379521
23.547996425753436,70.6811109237176
24.64757291108666,67.99545431580228
25.150098328265756,67.35188503069617
23.361525371079942,66.2408680041987
23.76496725330775,64.7605743298752
23.075837127650413,63.43317445721205
21.300982303587183,63.18957599993269
21.360515145302337,62.31588957352157
20.289024926643297,57.65899825513979
20.996073347064865,58.68358024478572
21.117828026555117,62.37506400214867
22.212966314393583,60.4524367373505
23.165843063304564,61.652955768880645
23.673518891347886,63.09379967409263
23.7360068014704,63.42044241621904
24.474192968000573,61.87518144375197
24.880838640109346,63.52533243470295
26.21254090047397,63.28201290497528
26.082691771157545,64.09405627692087
23.82608652605993,62.53957021859629
22.46104459492609,60.57911921076864
20.79144603288907,61.65467183439788
22.369862468288556,64.45362603324821
22.269243726866392,62.10937084158119
21.844558280032253,59.384994257481615
22.096540856531245,57.30985635311518
22.343728215306502,57.88941697970258
21.1452948340477,57.49865234711664
19.94442027966562,60.26170977225194
18.365079013011197,61.72079219006669
18.442284979390095,60.46408146908096
18.63096793131203,58.99271762301434
17.121242050138378,62.10606288296645
16.44623266106594,61.33753493482231
16.942939154926414,60.0095872471224
16.96171410136603,57.27123176021254
18.295909575555612,59.16313441870224
19.63094042572589,58.63130832583417
20.21130748230109,57.79603257210173
18.937035326331966,56.27308148714656
19.70247144742506,56.36526254593648
22.0042984487062,54.79447610686387
21.36982445283604,54.04355948238677
23.43256717992791,53.72617386975244
20.751416524472567,54.851359595847185
20.951604904972605,55.47895695690776
21.430310629734844,55.03181935102232
19.987888232570597,57.10772416536608
19.98181000594533,56.51179738364187
21.28114076037572,59.45754501292141
20.33194556076201,58.66699711477153
18.20259482285759,58.189174050408546
19.33078060868642,59.01739187443713
17.713119534339345,60.918691355986475
17.585891598137923,63.00358008433569
16.024642184621275,62.06083230844153
16.41852510007895,61.98519497091956
16.421261522938952,61.11687811430808
18.090057395109977,60.19536636324844
18.472000292724474,58.90410559610574
18.7962744681125,59.722778687477756
19.166934188285122,60.566769578475046
17.954505303923128,58.85111791886634
19.176511613346324,57.73574282597119
20.135798308382704,56.47004568901138
18.887889209880928,56.4011488350555
20.549461885442625,55.25238120627384
22.704393638963015,54.58803168358249
22.82951549881847,53.42305206451309
23.946262328950432,53.542650552810706
23.088841736493517,53.084647674252615
23.204332817023836,52.83587201891481
23.161186328628194,53.594547941846436
23.74135937937346,55.420308474537165
22.459355938247608,56.427765928611294
23.316164330002955,59.467490073857526
23.725162273252078,61.28675898948758
24.166285938721696,61.73734043804826
23.670404397923292,61.275978246498575
25.414471601175688,59.52347189079385
25.260796285654216,60.92287235198698
25.754833092368237,63.567246816744486
27.534913096120437,63.680799968568024
26.426743427610223,61.4385059719022
27.78625632137695,60.02984435814801
31.91677702851342,60.805570045616236
32.23431971113153,57.74892323809837
30.964533903541096,55.53358069815809
33.00792399243243,57.581917088389794
34.40958226324076,55.510799818708726
34.847728498394616,56.48162838083099
34.51576748432635,56.87579424608686
31.62473591519208,58.026021313695104
32.72609553855837,54.18114421441427
34.907936266876185,54.092299818110334
35.020087787102675,55.783716447582165
32.996167038568444,54.34484688919125
30.843479834040238,53.67810389662949
29.308171728155575,54.4140092339778
27.721967423606273,54.6368044591541
27.66363674603505,54.65438144727685
30.263225065542304,54.64210570918406
29.022649648166478,55.23863251013114
25.085493322392985,55.93558454725465
25.63805713550365,55.41006890725109
26.141383353724486,55.60080712383228
21.39469069976331,53.86515908677547
20.58309096975338,55.230322305453015
19.44653132070278,51.968886254657974
21.62301074434802,51.75346947567659
21.687219680271298,48.92366837115192
20.979259611410683,48.602631573717616
21.886938062056394,49.60749769387394
22.568420206698743,51.19547349235792
20.055719470645446,52.764079063300386
21.918086608537127,52.69844079308339
21.98195169663319,53.50360217705436
22.045816784729247,52.74467264340781
22.10968187282531,52.87578390613708
22.17354696092137,55.59009913559084
22.23741204901743,54.81404406304481
22.30127713711349,54.09231799077584
22.36514222520955,54.606578752366325
22.42900731330561,51.71260565815481
22.492872401401673,51.91931389213561
22.55673748949773,52.18679392418747
22.620602577593793,49.29502283248381
23.00000020197013,47.93860036295072
25.060289712810256,47.78836558899403
22.612526483990752,47.31476327784319
20.084098545942858,47.511025854975045
19.48824441950293,47.28302452075304
19.846221171210118,46.464206344913784
19.920616455818738,46.986530517531435
19.577298460717596,46.481509174827295
19.376737403674536,48.181684025038045
18.86315699066999,46.35936673873722
18.34957657766544,44.808836562842686
17.835996164660898,45.47844069350398
17.32241575165635,43.069221604865575
16.808835338651804,42.2328326987927
16.295254925647257,44.44972829996679
15.78167451264271,44.31676087182379
15.268094099638164,47.22775297326474
14.754513686633619,48.8176561844573
14.240933273629071,47.30035335369631
13.727352860624524,47.76661829045814
14.167767463736805,48.90214061450974
14.484473686888144,47.33774760489114
14.775087743996314,47.989665940641
12.912474280367618,46.66448408765483
10.741249541109154,46.541340791352326
9.635570533770657,46.171531724224195
8.475391966464677,46.325812828362785
9.40094218681368,46.77231869086521
9.504441996313687,46.43075692436269
8.484404787902724,48.109664674969274
10.47625141810137,46.89638381754693
11.75284104386189,50.42782983503927
14.032844252529568,49.59117048599096
13.817748236949182,49.91946658511004
13.558522316062966,50.19817897376314
15.523137445880296,52.01470979326922
15.341895925317635,52.33857357023596
16.65742973868091,54.01480133150024
16.72468710723561,52.92588728421472
15.466972097496386,54.366671696502976
17.35898915557696,54.977190185322335
16.89154268330103,55.585871191352346
21.03282844131844,61.439677397507076
19.33605360932917,59.40573398725441
19.42153742135745,61.726782733187704
19.02833749478536,62.317755516704
20.295959269903598,61.019733143985846
19.33761781526216,60.74927725713159
18.44826889486183,58.43467219636831
17.95826183015669,58.09080566778586
15.405425228923528,58.5706762377777
14.479666309460713,59.8590522482088
13.850613142898156,58.42980413541397
13.349260051811573,58.53848017526642
13.395420392503429,57.28760278294424
14.32333499117441,56.832868889133316
14.421591282217014,54.42298999588394
16.642179425182146,53.70065555089081
15.650308834101587,53.59158533162303
16.6443443152972,53.839963937382166
17.93985478489142,55.60339362377388
16.41898802010632,58.61885962997176
15.506245181527,57.20553565892162
14.692110363659465,56.4253361907503
12.733175223164682,58.0358217980971
11.778072856831846,59.60832785967878
14.564124129374271,58.276046874838364
13.935742838537042,56.34378259134911
14.465805435191571,54.611329042999955
16.274376013053676,54.85174896446286
15.36587739784192,56.08908670133684
17.02602302373434,60.999967033359184
17.994675195152922,61.37359899039884
19.061220251281323,60.17379286403994
20.088983192521894,56.5314926161426
20.944071123582198,57.62356122842993
20.41064665208005,61.83452889637183
20.17611970717923,60.46155074366043
19.164689004771223,55.5241383805226
20.765861945665755,53.56255028979235
21.570102769433632,50.081108575190825
21.915741590921584,50.45097243748398
23.17949731481668,51.68658150110897
25.202223890840422,51.459646625979325
25.550652837724453,50.960389938225106
26.362930581170406,50.73899939716064
24.618491184251482,50.71419875284567
23.90803000755831,51.097887844229696
23.66857365072051,50.158704499428374
23.439233059196365,50.80010091719536
23.10886263839084,50.83559906097927
23.7607305030938,51.165745304316324
24.36758044554379,53.10065893378512
24.90400506834734,51.688302585397075
25.22654892394463,51.14682928905865
26.960536623060893,52.43983357129055
27.35736452945077,52.012968819694294
27.00974959269919,50.67401593507675
27.25125438469962,48.92411633989955
26.813875372673323,49.468184907283664
26.363389344704814,48.99506375438084
23.846147482516905,48.07588955618271
24.562971519106966,49.59956338269134
23.804284741195925,52.56685085861977
22.27813206409888,50.35148193358898
24.650186502812954,49.31095904431268
23.233177597314917,47.58899212589217
21.13934470901181,48.97534752615177
19.983811143821953,48.13775200631549
17.297745211481285,47.81324731357343
16.078620092247213,46.340178708328935
14.609685943838972,45.727962235046995
13.831244085542538,43.95941073024368
13.386057472505705,43.38795858329112
11.440107945473633,44.43714120771456
13.398782052381936,43.04206319923184
11.874701187541298,42.94349543409475
13.721144851306933,42.53513346078279
16.97437141401667,41.87269401201145
16.777234044133895,41.852893881701846
17.46019315992413,42.24687953236231
20.143751566260622,41.505180970778284
17.84147238745936,40.36027486499354
20.047479709997166,41.07697973979007
22.04924043460099,37.98159667324339
21.823390839755636,39.63806472858079
22.122787784922743,38.36613667142894
22.422184730089853,38.99288293873999
22.72158167525696,39.82796981534947
23.02097862042407,39.88551172162021
23.320375565591178,40.613761443283835
23.61977251075829,40.23570626603056
23.919169455925395,38.99340098840729
24.218566401092506,37.69310776245479
24.517963346259613,36.03268463855091
24.817360291426724,35.40319720243075
25.11675723659383,34.79125442817533
24.888299618726144,35.03790580368438
24.93337519741302,34.526200329343624
26.495550205919944,34.15812921960684
27.23553992409086,34.537342779030716
27.772220699740643,35.14579164107174
27.537880740751948,35.07457154224697
27.09273141102813,33.96678111999345
25.96931849192844,34.01449485500286
26.88891687447925,33.29799123160961
27.510604356596673,33.90752653186218
28.001939744903922,34.597968520733474
26.315367735314194,34.54616246845171
25.219517328794446,35.35263719912974
26.090289222938235,35.92750015639035
24.470924632264843,36.75871995209336
23.80232987304187,35.70727455115756
25.451471316798347,35.51171456899725
26.183247102157647,35.92991323567492
27.546277516667665,36.13044990006762
27.691722241784202,37.64811461795592
28.425048503164657,38.62787220889671
27.076859303815144,38.2093740585323
27.205945924623897,37.72192046880282
26.03663419733499,36.6858794075719
26.698508482249718,37.07834992970833
27.749347986308738,37.6984156807556
30.517228947193907,36.812396398320885
29.492135433653498,36.54347787049767
29.469860904925223,35.521984719680184
31.772744982968568,35.11225937700627
30.330982180187085,36.51715867140548
29.56497654362664,34.24890456611695
29.200877751418425,35.090223092033305
29.287455978447035,35.368639280499956
27.487004634678936,36.44341165535033
26.004692442801264,36.21253413172147
27.984287925163557,36.55073659341095
27.86181998131262,36.70298938152025
25.904302710725208,36.17204827164616
26.793223183873316,35.11306823976133
28.405712766374272,34.42860540015918
29.3781443114004,33.81603219002737
28.54694062868798,33.66316221459871
29.14981860972359,33.58578990709368
25.66575685936,35.39361196815221
26.073272732890572,35.14891014883842
27.013547005339085,35.065363036900244
28.365538102842834,34.12342796552723
30.361669155890198,33.738905099711516
30.071598309181525,30.43004988830456
30.59485404826259,31.757314572269024
27.987324188412824,34.24643716883833
29.41338374090546,32.11922591374496
28.168360910487827,33.321846201554386
30.180332938906048,30.24534041777265
28.78527989887269,31.143617399362185
29.502367767589593,32.04964301995416
28.8548573337492,31.44210615927237
30.804220381685436,31.172621536086098
32.616893674186564,30.787892804493307
33.52781376741517,30.868443670201682
33.55380710518878,30.436388175912317
32.282416311509394,30.859517425937824
33.078358214062945,30.280209225139902
34.825748754826314,29.95722092839653
34.478735537967296,30.806780970796993
34.13172232110828,29.950267011815274
33.78470910424926,29.73731563885556
33.437695887390234,28.789108059173454
33.090682670531216,28.848346460143137
32.7436694536722,29.061582165693185
32.39665623681318,27.999157830828945
32.04964301995416,28.23325935846866
31.702629803095142,27.815890479675456
31.35561658623612,27.386272865703035
31.008603369377102,27.877537959497626
30.07405350123204,28.48559232530752
32.43554760793873,28.017252496825222
32.89741115493043,28.8548573337492
30.426259506675258,29.457989615697347
30.988805971039543,29.924604217189156
32.06322384030237,29.339894599027886
33.6587551243423,29.712342283083544
35.71854653427708,29.51828518502177
37.98373297658072,29.548390110253823
37.47459220011811,29.861659326201636
37.35056821166451,31.073261609333745
38.54811734860466,30.964533903541096
38.96326922074728,32.12284678153312
39.045808639552384,31.35449116680286
39.06208890376859,31.274903248217267
41.20343692083741,33.021642909966914
40.40978368154715,33.27658925296143
39.904847209926324,33.852831888320615
40.040458101379215,35.03160429371557
40.58842621875214,34.48742914328493
42.45775458901905,34.016501853457136
41.78016579260085,32.27275365306214
41.03263512438707,34.0417031339222
40.129976283262955,33.64803225349524
40.89802869715856,34.6019247892519
40.201001233627416,35.22563435115364
39.27542674013183,34.32612160941721
40.59318396386706,33.24348329792287
39.796961467596965,31.38633900269168
39.54506991078341,29.59355650410066
42.067890141946805,29.42210080496443
40.95200755751005,29.38287227229396
39.362831072665216,29.469860904925223
38.45071999109454,30.263225065542304
38.469401046790324,29.85787101785726
40.28152528828674,30.89157243665904
40.06159589268644,29.874074371195295
40.543678829377136,31.43502444419436
41.533749032442756,32.125877011714906
40.870729975236934,32.78042908972228
41.13846427029271,34.750738534776055
41.01085151555247,36.41178307385568
39.76197116606445,37.43507398121923
39.88551172162021,37.36421222487225
42.06471194921983,35.84506635211765
41.854156507391735,34.997836711783954
43.94558387192958,33.40334092604344
44.22497293008788,33.74055282928819
46.338747880285716,34.43559897980287
47.054810543865756,34.58885173739859
44.54533217778246,34.01843393480509
44.436271707471484,32.80597648876255
43.88723227641231,34.825748754826314
42.94349543409475,33.95278962146973
43.61508729256262,34.712962246769585
46.1093220639352,36.31603810255537
45.43245148450475,36.38874748920659
43.951548111766144,37.835400691335344
44.86283409209577,37.08216034859805
42.9346043237773,37.98373297658072
43.944136095510906,36.78556156611379
46.036456438975875,37.003942979986086
47.000735178222286,37.45021577526604
46.770396864393284,37.953373896020125
48.364728832737136,38.10156706545518
50.259509352651015,37.55351402098103
50.890184374273645,38.283045343437486
51.52085939589627,37.683020723266516
52.151534417518896,37.586452943967934
52.78220943914152,40.20641479671973
53.41288446076415,39.184353093233526
54.04355948238677,41.644693562447394
54.6742345040094,41.45730182964701
55.30490952563202,43.13167330400459
55.93558454725465,43.43473014868075
56.56625956887727,44.25773389574101
57.1969345904999,44.72810608988844
58.823279524935536,45.78168027847124
58.48054364564881,43.98030902877095
56.870043790934616,41.98971386335294
57.15667207750801,41.27420250355377
56.922712489973364,42.51923909933446
55.956199990313664,42.291649245356005
56.732321840967806,43.8549853485326
58.30116263514344,41.10283597565149
59.8590522482088,39.77411254182464
60.256013327826935,38.83928828913454
59.13711793811902,40.730483231604744
59.854259017107246,40.040458101379215
57.60538941572553,36.95085646336839
56.979032775748756,38.2261395195781
54.34484688919125,40.26838252617337
50.963531170198884,41.533749032442756
50.02720221457407,43.2248892483677
47.896331856809844,43.483280558736304
47.36301355078747,43.95401709377668
47.511025854975045,45.44878976682549
46.95667826749524,48.10326737132958
44.92273255914287,48.80308046349365
45.693469452028324,49.637850995855466
46.464206344913784,50.697029591402206
47.234943237799236,50.49601131940127
48.00568013068469,51.814810136223606
48.77641702357015,50.522922146479125
49.5471539164556,49.04678147364038
50.31789080934105,49.050989095763754
51.08862770222651,51.12835355931203
51.85936459511196,50.932774791171894
52.63010148799742,52.71679890666193
53.400838380882874,52.59265338055714
56.34378259134911,53.122142147088624
57.92004919095879,54.58892257091543
56.31040559293991,54.54452418808993
55.92166163528078,55.86040628944695
56.41241095679918,59.65662155574523
56.664216826396164,62.92055789714934
56.19184564649441,66.04543621254905
56.430079422909856,64.98643769060422
57.348023703231725,66.45936874566858
57.86447829809028,68.26662483285696
57.210307358752004,68.76692735428766
57.28760278294424,67.9790129753006
56.65100703233494,68.68003602543261
56.88368257700937,70.75206630887699
56.10697074842937,70.53241108589101
58.25963452553431,71.73960065893199
59.239457296994104,72.84585671479721
57.269531004609355,73.14300742034159
55.16164099748719,73.29448086005169
53.2361470653498,73.78873573485215
51.37836973135782,75.46759176395956
51.46482313200319,76.74011721165118
51.807123429857874,75.67589730018713
51.923628758739916,74.93593490298187
52.687596324324296,74.1083703871721
52.10725710987083,74.00839172703975
49.92608983620582,73.96654982036459
48.80071852366262,75.29673985696633
50.56326763844024,74.27901783826839
49.94826646499098,75.62575766208704
50.23099215545102,75.70919866933775
50.318523505565665,75.08230981525469
49.46990532695676,74.46385630901825
49.153607213754576,75.167900983926
50.89396299237027,75.85867822273387
52.18679392418747,79.03833681146529
54.18114421441427,81.42116959287553
54.32617116578204,82.8497746079291
55.27943096406998,81.00224007909368
55.90458720712467,83.65964990656062
57.01371212907452,84.68065680857534
58.33836997743283,84.13250320740185
59.82762850990634,85.50581950504497
58.915577795941246,84.56814143689121
58.175878717455156,83.43475182070136
55.37693528188545,83.25528552422146
57.49865234711664,83.56562691244326
55.99775623007674,83.2246655587971
54.63646099618986,84.79036043003853
54.95815651167654,85.00121638973246
53.40089317371306,85.21271311963525
50.81998484811521,85.01073468831254
49.64503787331094,85.33081077134034
49.53277101371713,84.88937248143209
48.503921670884274,84.44066473860737
47.68808128995205,84.46138358976711
46.743193154189555,84.35324610897321
49.5411173058172,85.1619376869209
49.326137529982745,85.86941132294461
49.11115775414828,85.85410870548907
48.89617797831382,85.2334475571223
48.68119820247936,84.19323875484375
48.4662184266449,80.18990458522454
48.251238650810436,79.68468049689227
48.03625887497598,81.40464144968584
47.82127909914151,80.23065021616205
47.606299323307056,83.6800479766105
47.39131954747259,84.46014181419999
47.17633977163813,84.83772181517116
48.92366837115192,85.33007551759542
47.16946496491999,84.56316356736453
46.986530517531435,82.90556817141267
44.72474297741471,83.62826035082551
44.238810606043685,84.21454425105819
45.45730452035487,83.67300388959048
46.281939359268165,82.41876819171021
47.556455788354924,81.94855039292437
46.51596218654085,81.25160685299775
46.79585028274061,81.86262107984122
43.73216704659692,83.0034677127849
40.538171021310674,81.80501545477699
41.07697973979007,82.5728285806894
39.192714070790466,82.75541325084203
39.95084813825564,83.35688076389876
41.5990394528455,82.53864562717993
43.58345585590482,83.13651109855086
41.14861420325617,82.87547283944343
43.12697948232962,83.36306268239349
45.52338544511704,82.80060696439057
44.317332618885935,81.3284447234691
45.8740075985988,81.64981854032371
46.66400908123817,81.23968962265045
48.38108270987219,81.95308956681974
47.85827647129256,81.40528566837759
47.047364284096716,79.51205946002895
47.58899212589217,80.30893521822281
48.317359328839856,77.9100011282637
48.16087998141481,78.03207044174196
49.13880563992918,78.45047846529914
49.90557821494824,79.1383507926035
46.98270949967109,78.63454004004402
44.750687456645,80.26130676393771
45.05557460028049,80.63460425095505
44.14655318634699,81.7302000983741
42.24687953236231,79.09208628212467
39.44211397535987,80.34590132319812
40.63602204453095,81.10546444832192
38.64935888884771,80.73771366234821
37.55610115368781,81.47951252822855
37.422266984060215,82.36209214526525
37.04544018323492,83.25161156504171
34.28700508722905,85.8336664417337
34.745296882076076,85.99916052267184
36.66193957358873,85.5915902782187
36.562468189228575,86.00237350988431
36.46299680486842,87.18211655406962
36.36352542050825,87.72880296547005
36.264054036148096,87.45931416343456
36.16458265178794,88.19678565195758
36.06511126742778,88.08259447260197
35.965639883067624,87.45815105844275
35.86616849870747,87.17386922784232
35.7666971143473,86.9951890342409
35.667225729987145,87.19338114709988
35.56775434562699,87.74656547819575
34.58885173739859,87.55764833917995
37.47742708883293,86.90006809913855
36.802494074209406,87.118747884742
37.505473621928424,87.3772272200809
37.003942979986086,87.05208536083487
37.64882635832849,86.99421134204971
38.2261395195781,86.15076468719876
39.311896434435276,86.82155826773511
41.70779613307114,86.56246760002531
41.640567210792646,86.56140919543309
41.644693562447394,86.52961741268909
40.62175619131628,86.57318709163518
37.683020723266516,86.79120958647135
37.885943920484785,87.32961139863174
40.03500445025559,87.86613934995208
39.93565480428189,87.91968878120325
39.433294958851164,88.2817779990921
37.239151576361046,88.25487928817132
36.37911426071393,88.2856418046312
37.36421222487225,87.78422044472202
38.1352190587957,88.31999374516046
37.63506561469297,87.8870439909273
38.54009035713632,87.59493631682922
39.46076836187847,86.98622887459383
37.6984156807556,86.76701149655715
38.36613667142894,87.55709018229821
38.967208894331975,87.30214485885702
40.78185728255413,87.56453812053402
40.72219733797538,87.1500226961022
39.28416124075273,87.404382381165
38.67394231986063,87.55809990060186
40.424788638882845,87.41293122712896
40.735910928825604,87.45569732585749
41.04703321876837,87.45809814882813
41.35815550871113,87.07099169276859
41.669277798653894,87.1077804815185
41.98040008859665,87.26931366397129
42.29152237853942,87.41017895342452
42.60264466848218,86.65494510441579
42.913766958424944,87.37342204884398
43.2248892483677,86.51995806113639
43.53601153831046,86.67252180597768
43.84713382825323,87.32138875365276
44.29167683939456,85.97769663928287
45.578470545885004,85.58960087506979
46.04378393273632,87.41430074599434
45.727962235046995,86.79230430240725
45.71782664187083,87.43018629957086
45.380890862332855,87.92120746641139
42.628725717199714,88.00567924342623
42.7848130853375,87.99428666430994
44.28022087518549,87.94886339930162
43.06340829663495,88.30815281700454
43.2528713639699,88.63726179460654
41.43049844181388,87.96928150809912
40.08272122628868,87.86660591369987
39.669303224878234,87.94775084081617
40.63953856919501,87.35492674057046
39.37598066423004,88.07339300851919
40.524310424486295,87.61170943733288
39.40759372610914,87.70886726986133
37.72192046880282,87.48211416122734
39.78359625196575,87.69076876865236
41.29172233907959,87.45368479374179
41.826913530883196,88.12634428923758
41.265070550681656,87.95112061840102
41.78923804469508,88.14800738483584
40.78274734786688,87.59434395486028
42.75966926114676,88.35680825439819
42.15028877068055,88.16553350923691
42.878124964972265,88.07273889971812
42.39293361532036,88.4063721409896
43.19483773348831,88.36315149436206
41.95279672436912,87.79511771069608
41.142513874085324,88.27895845440665
41.83134388302263,88.22664802728697
42.58628763798674,88.12874921084457
41.934936108073366,87.24048859323979
42.014776354219684,87.68018157603089
43.712287406853605,87.61996180651155
44.72810608988844,87.55553680807263
46.15219223369721,87.85873770707046
44.64845918584065,87.78781944513194
43.63244221954273,87.55031858061317
42.72344465532107,87.17156381421796
43.39809613125044,86.73578751911846
42.81906523246165,87.09201258457743
43.95401709377668,87.95307336149475
44.283730729235735,87.62837293288038
42.64666052795861,88.05434188127414
44.09994528726789,87.5634174114672
45.947140236939255,87.80472311500802
45.36955366882616,87.2920733266274
45.46564234398929,86.61813850129708
47.237840863184665,86.82475587849225
48.99506375438084,86.58497431561133
49.516951497502305,86.57933567390393
50.39086297997535,86.62385975771507
52.41932113257107,86.60575940482364
51.97711501265607,86.24473207348639
54.080112453539265,86.69916110117853
52.873239980157614,86.61564548338019
51.814810136223606,86.63953565645353
50.83559906097927,86.33147495145592
50.33674551706117,86.84659041159607
50.99891560576108,87.50706231814911
50.346796253397976,87.80061899562888
48.49519531074539,87.49735273412062
47.250863610053266,88.33828073721787
48.13775200631549,87.94808145652499
47.92767861919813,87.16222138157863
49.282547225240464,87.59712822825527
48.55830887640456,87.6031760150506
49.285316781170216,87.61176130638039
50.24912163083719,87.2270209137519
52.735029812444004,87.72656668681826
51.75346947567659,87.63047479567805
51.68658150110897,87.48758400782178
51.37712747724591,87.33072804675929
51.71260565815481,87.02698348378269
50.58086850810943,86.71846039546801
50.02435927183826,86.04598830721496
51.58636649243458,86.43312143195047
50.932774791171894,87.16344464010164
52.69844079308339,86.96466806396154
51.097887844229696,86.68093058679887
53.23948652409744,87.06540379979512
52.16314552303509,87.40649837680492
52.32347227216076,86.864579898269
49.73358065244969,86.80593959926254
48.855907393338605,86.06313602843554
48.945552699786326,86.1726711804288
48.38037062719558,87.27933858250194
45.9634720682039,87.24111013735825
48.091186287083076,87.12176619497653
51.78632674028023,86.12855560118433
50.93397527876737,86.89446729925342
52.33857357023596,86.43377328747503
51.382273863340316,86.05729864158774
50.089496714558344,86.68111298324155
49.597167707167785,87.6224534891601
48.44340864975057,87.20875791852025
48.84924635996195,87.69308151999883
48.46194062563027,88.12741950008603
48.26817211592455,88.05903022782589
45.67282846317511,88.2898045345199
45.12734632925883,87.80543168603596
46.56106248481965,87.72548697102167
47.96515016127303,88.28691023432927
49.43666302809345,88.04352248485613
49.76240965771743,87.88860544626608
49.331012337423985,87.65425036906312
48.548143025853925,87.82099606725974
47.787349295481995,87.63194198675266
47.72112805689198,88.08012259602603
47.76661829045814,87.90631737608344
47.655684998557675,87.97700441791794
51.757777255195315,87.93967673039336
52.553108824854846,87.26464457474798
50.661353055086025,87.7465563681027
49.97140370710245,87.56939840415716
52.985705624408894,87.2045747890043
50.69732770270318,87.43185209312648
50.49601131940127,88.41781465890743
49.914912486584115,88.49665882161942
53.533037401907784,88.42078884019932
52.38101891217191,88.71496780476396
51.459646625979325,88.48788063424652
48.6584861883113,88.79327933230789
49.06217992729437,88.66896920549692
47.68876741564204,88.630531288654
49.11683635490684,88.30104833080264
51.936779924923044,88.48107760494624
52.56460751794182,88.2584165846102
52.5277506861299,88.49370260649569
52.05214287211387,88.399616099341
52.65641477730327,88.48296245642263
54.16694156753191,88.79176643796333
54.4024322264724,89.04348920479907
54.95645750816926,88.77288933996586
51.397935696951066,89.02794911823284
51.42290311854866,89.33588665687722
52.012968819694294,89.29743629360843
50.372963607876734,88.92800366874756
49.7606512715286,88.83684747190746
50.02342724043341,89.52982112779291
50.84971229660995,89.0928000391454
51.48608355485178,89.23313943023086
51.34535966071295,88.73581249645858
50.51162941539535,89.6883322461051
48.31818173251379,89.67627198200589
49.112886552777645,89.33987143913922
49.38904295870141,89.16435378928847
49.270034291962844,89.25113863483479
48.82490096143424,89.25966496937083
49.35200103953583,88.85279639367408
50.13453230159362,89.16105681137327
50.329856562457365,89.0390221726351
51.65904000616663,89.11034124151556
51.138151221255754,88.85981649130204
50.26979075097839,89.20525033026539
48.7413179196799,88.61691490425433
46.99617775545143,89.12346576471947
47.03895274202367,88.63116481230769
46.218351701330704,89.1482681492956
44.7765575549253,89.0684045864084
43.71024192583772,90.11068927965155
44.79746384707318,89.15747706816524
45.00293886300221,89.40907513977326
45.59829850241092,89.60701416699933
44.808836562842686,89.33749899482622
46.268319714146386,89.36413810599369
46.24892250215713,89.49425518886714
46.945892215284424,89.03345695871965
46.388931609696435,89.20861348665495
46.88686787085855,89.08138221724326
47.00315940580598,89.84103657051887
47.92036985009966,89.62598096969053
45.47844069350398,89.97984566904641
43.71672069927823,89.89592830112865
42.94084254610427,89.88944401076606
44.4394711894007,89.0987017852704
43.755171447602685,88.79255750186668
43.087005109796976,88.7630283104195
42.72926462152558,88.92174255146826
44.595486853675425,88.57738761288122
45.44878976682549,88.75557913652979
45.43100185385738,89.65158027927994
46.891753818542995,89.78018539422543
47.1630548008013,90.06865435969625
46.80474155383934,89.7127813764992
48.93211304893403,90.14918107404962
47.48116620332138,89.92285003609557
48.6393308797239,90.19588228703718
48.181684025038045,89.36037749622498
47.71957918331067,89.62969682142149
45.85129001134268,90.51923404118779
44.284808176469966,90.89449496673578
44.132729997378746,90.40000316855078
43.767769923102854,90.62844078124218
43.72606981107074,90.74388367799926
45.02451602803885,89.94291131750751
42.12848947469753,90.63927089616445
41.14607002809784,90.99469488676438
41.68616901897442,91.3001234591213
41.19069368184183,90.9311541473678
39.625154053865295,90.9837119385724
40.09431473566114,90.91380958772362
40.56347541745699,90.3342075576187
41.03263609925284,90.48125335077013
41.50179678104869,90.6497193296395
41.97095746284454,90.33373791946337
42.440118144640394,90.5068902027042
42.90927882643624,90.26645965613683
43.37843950823209,90.56359929131467
43.84760019002794,90.47238453387642
44.31676087182379,89.93679597711397
44.78592155361964,90.36116084773668
44.16570673801228,90.9688912795533
42.49246719260724,91.06927740528259
41.98971386335294,90.9030767549967
40.7735447715601,90.68338247664528
39.50360948511225,90.08937142596734
38.134009185147974,90.25128584185077
38.10751788777235,90.27483370271416
36.40937372889089,90.5964747950484
37.02081764080026,90.05742799689388
37.8594219444655,90.69008651551451
36.01741396644269,89.75438411722487
35.41687455879425,89.83972229117126
35.47597005946511,89.78795572710666
36.11836241098613,89.3472014654982
36.02745807379391,89.2846739963086
36.537274524580525,89.54682756310136
35.05295515181504,89.95168746417502
35.726426053369906,89.96535218201002
36.86080577671137,89.56961622710666
36.55381621458628,89.47133882707963
37.326526562190416,89.92980534303459
36.93409362988639,90.33979707846974
38.27327525672551,90.49638859461412
38.97381685937837,89.96400606155707
36.347726632823665,90.01651334240199
35.06456552211005,89.92668336343098
35.680214887265784,90.10430859652608
36.35300334837947,90.59100959549467
36.2394848531529,90.44553342065817
36.101532233344905,91.09965840071621
36.20646017100551,90.71528940931347
36.16834104838795,90.88080911661216
37.61804625780787,90.89744776646502
38.283045343437486,91.1645480720176
38.258919599648415,91.34215899722298
38.63661938281938,90.99663069965028
38.32702365346566,91.04262618878073
35.63115369742802,90.84091970439401
37.069554997601976,91.07941595604072
40.5023305926753,90.575724720626
38.153366617756944,90.46236266441107
36.21253413172147,90.83597056013727
35.96505871446903,91.07529924576241
35.96598769468236,91.09817624931395
35.653675094132744,91.0151513482
33.05252975540872,91.08285480802125
32.412442108158366,90.95467232243523
32.450521034524385,91.09215702756782
34.31139529112655,91.14400284694666
33.624417292813725,90.70426052475688
33.51456271932882,90.33815860701796
35.14579164107174,90.60334243280408
34.74169838114203,91.00368916058181
34.24890456611695,91.34758356842919
31.65503477854129,91.38059567288227
30.347778033986664,91.3795624133632
31.881672986838176,91.09698490974424
31.628690329821183,91.24105068076356
31.661233393597172,90.64713774429876
32.09034539828529,91.0540642480363
32.71109977226895,91.36854215872631
35.19067664187749,91.4159595119568
33.264350449909244,91.55147411106401
33.08410721410264,91.81955617070874
33.31435584552349,91.80543354494927
36.03268463855091,91.87837401261123
36.2928461281145,91.95317738433815
37.24442430556136,91.94522235266805
38.38939320311065,91.83414852999586
41.271710559690554,91.57586539239078
40.469385656052175,91.55217220067209
40.25440140866527,91.7844013952778
39.466901470523894,91.38745871531958
38.79988629460258,91.4691118920603
41.4190400878448,91.56314971943189
43.069221604865575,91.69822276018546
45.85231359143139,91.8060599731245
47.09248293748526,92.57952352248621
48.264012442020366,92.3493458760961
50.32639817758354,92.23360906811138
49.59956338269134,92.36818107214269
48.62274211249463,92.25929492965169
47.50297588598038,92.69244109435276
49.34238411005724,92.92458355309665
50.27303035280535,92.65211617713227
49.87842491325799,92.22851012001719
50.80010091719536,92.06357719525121
52.23375356471783,92.21518733922757
51.42820270760981,92.45851530047437
52.66014845285812,92.82680315774479
54.435574112137296,92.8554598688219
54.00407071938278,92.61213161296394
55.38274630718389,92.72999673739933
54.836138344210205,92.83086104201927
53.66379169639953,92.80997919035133
54.83818158788808,93.27787307364858
57.27123176021254,92.7079441068839
56.07971289861033,93.28659861945499
54.94685904951178,93.8745636217159
55.187461400560686,93.29400242098357
55.358474473650695,93.80237262717534
57.04939179220932,93.15388205835461
53.97526922734909,93.44831852820785
55.3363295136419,93.87314402707284
55.230322305453015,93.55780020290167
56.44754086805782,93.55439199208797
58.376999115221935,93.24759105689486
58.79822367403295,93.28343110771102
59.633797227700924,94.89428055687256
59.624139243478986,94.88777340655427
58.59086536177732,94.57547878251783
58.24211821926071,94.91421156732478
58.4325975589642,95.74745097597777
58.62307689866768,94.9767066318383
58.81355623837116,96.1109892894747
59.00403557807465,95.49714175627567
59.19451491777813,96.7084184762594
59.384994257481615,94.95770031510243
59.575473597185095,94.50305911910449
59.76595293688858,94.9062790608237
59.95643227659207,93.7957076759713
60.14691161629555,93.60642580598392
60.337390955999034,94.0876948690685
61.633865885921544,94.54361849373596
61.02517269456145,94.00385081384375
60.871855525307105,93.34395021189395
60.843429336684835,93.43231216177912
61.43157474348026,93.158204629387
62.99650012135683,93.31704077637194
62.04855215699782,93.17692738615811
62.97202751614118,93.50475754337673
63.72859241805508,93.0053452798326
65.33890839469167,93.026471524739
64.7605743298752,92.9449307462852
62.50381959272442,92.83018052815997
62.831667418682194,92.92052096869396
61.44654401528639,92.73640329281616
59.597577317640734,92.08268345548696
59.75495330410657,92.63405052639398
59.503836195729896,92.39379320767401
56.34232660302374,91.72885614208988
55.76533763617223,92.02572962297128
52.594437375107844,91.93917322772391
53.621395928047896,91.61174639843354
53.636864388602376,91.58707711736118
53.043035885891875,91.96412071992135
53.69289692971053,91.59126303414516
53.001353065821974,91.49892499001473
51.90962705309988,91.19980290380995
54.47204818523987,91.41298791617594
54.092299818110334,91.60135523905345
56.025155978108714,91.56966931224937
57.79603257210173,91.58418611452447
57.96411575056957,91.72430755147045
60.83237467700882,91.7167061002549
59.60832785967878,92.23419624020397
59.51304162151837,92.45901384066394
63.14119437207344,92.18326211107797
64.11773572440207,92.31335113226162
63.52023030292965,92.25349628855342
63.88699137842785,92.36408724946645
62.933864779703974,92.02647787851234
61.606461424348666,92.53941909559776
60.710283552137824,92.26553203202535
60.5463519410883,92.01524114872713
58.43243097747295,91.91998452849768
56.83990390664628,91.90542078298832
57.73574282597119,92.02297850535174
56.26150699157851,91.6558269762436
57.247280322874445,91.61671925480266
58.34306055134318,91.83775436969155
60.09187920106229,91.70701968212981
57.04464669079506,91.71145519828598
57.728863451004436,91.52699904550279
58.956090904866066,91.91458586917919
59.2745759969795,91.56478903154523
59.86632608785907,91.9093969526082
58.84004161698766,91.81915064230026
60.09588674168674,92.09485247913766
57.98357601470362,91.81518309304722
58.53848017526642,91.98201636092084
56.847180164951205,92.3136096596875
57.65899825513979,92.38207697212107
56.32267442809814,92.12024819492348
55.238813365079324,93.0189339459654
52.32043639157861,92.82191826297492
54.135762113892575,92.65994753047002
51.416568817179474,92.52052937105672
51.91931389213561,92.55565721071922
53.48476021105217,92.70571227721278
51.569375827470274,92.7229757247372
50.522922146479125,92.61751727658373
51.45049103633196,93.57451071447524
49.71897172977619,95.8170176981302
46.12246188522458,95.27163948178998
45.4701594615399,97.72581556729858
44.49969500565793,97.69204369258254
47.31616853516847,98.31408458687697
48.109664674969274,100.56543245459912
46.89638381754693,102.60124083454625
45.53562241080359,103.26652727824842
45.943595459814595,102.82582675711888
46.10259898710769,103.81960612405932
44.25975576238122,105.75897751224772
45.90153446929713,108.75626995912016
44.93939892705101,110.11451205990588
46.17824422130673,109.82465019273035
46.68821673261756,109.65744282135337
46.057023124228024,110.21302485457345
48.06116835837519,112.02990311513263
47.3112417214352,113.91633865387493
46.252971368956885,111.424985098737
46.90799685293461,111.52098282097232
47.050405249542784,112.58232479392719
48.42528859365573,114.50103738782119
48.71899750200092,116.90655375104103
46.7605297990547,118.40379807905585
46.48271057415494,118.45638781132986
46.22916661595499,121.10571742426369
47.14977712343419,124.8957736382858
46.036060590575175,122.97098023097371
45.80303240304776,126.34074948062118
45.96110352250677,128.41088547237766
45.81814613071979,128.91272744862954
44.7811050264502,128.9096326966792
44.80877141396255,126.81658832110516
44.70631813652265,126.4331722664701
44.801188430097554,127.92105185590155
45.57085791401366,126.90844809385915
43.62606124611694,128.21103662111082
41.37469352708815,129.99202603888992
42.13578371708356,130.09296629212116
41.657211630857134,129.04883308102075
41.178639544630705,129.48192953625542
40.70006745840428,127.51239652266561
40.22149537217785,127.15473756364322
39.74292328595142,128.2201235091134
39.26435119972499,128.74180352413535
38.78577911349856,128.8573337630573
38.307207027272135,126.51127049743887
37.828634941045706,123.29022304675003
37.35006285481928,122.50788550570152
36.87149076859285,126.21635826269853
35.392990257719454,125.78350708768828
36.692907361928256,124.73784055829546
37.96117964894275,124.96205334956981
38.205000471080396,125.85428243169703
40.590779522888745,125.22742438215606
42.286747241090545,125.59500977356083
39.38657492221198,128.1367398381356
40.317516919938704,128.5033643419027
42.67394307841125,127.53640811420725
41.52913545796465,126.8792607523827
41.39507750540887,128.87173719255583
42.75442038941722,127.96809071740795
41.21838652855979,129.34341383599883
43.12387024542092,131.2216164939509
43.49195800415048,132.45919015169494
44.98711436250144,131.2828680234591
44.55337521640012,130.3197628219258
47.488428854427184,130.28186860654895
48.278716832585225,131.25817012278458
47.39319651749557,131.782377023903
49.362780544917314,132.06016578317116
49.2113972096536,132.45283450984695
49.01006711825644,134.2316591860443
48.97534752615177,136.10031909964448
51.38972896439634,137.93745018528892
50.191489315628594,139.4411156936196
48.69440689956078,138.0751509283938
50.04778333465217,141.0026850791693
51.6812475457474,143.58078869162605
49.81527054765216,147.44720733913184
48.27125290041614,150.12872211989878
50.73899939716064,152.05160453018868
50.4189348989509,149.5415930393422
51.96567126386167,147.7894689674508
52.58078807097894,148.87894185595874
52.420765173993395,146.61237670919493
53.83356957914737,143.84601106211565
54.29075476184021,146.0622834652274
54.24035069760598,143.8703413449077
55.42481811480476,143.72143675959666
53.00790513934145,144.38838289776822
52.71679890666193,141.71609055683533
52.8791263985465,139.24538687913252
55.47895695690776,141.09418298104993
59.52347189079385,139.98834680821673
59.01739187443713,138.12534527122344
58.5522965059043,134.54319867550274
58.877258903924066,134.70912529933202
60.43553564078705,132.53047068419843
59.30136317968317,132.8369219671595
59.7956396263285,133.91780854918474
61.28675898948758,135.3642240052234
58.98449802298619,136.60261296618978
59.82101605878633,135.83399638451033
59.35793704355203,138.52806695484563
61.98939540042751,138.47065558986444
62.25779214728829,140.32068553726631
62.59011591220019,140.38390732332587
63.567246816744486,141.98255268605897
63.32648480294683,147.40332997249374
63.259450967021024,147.96507634059355
61.93311082554416,148.4787469397836
61.77743313994104,146.78417137263716
61.68018004341951,145.0731291360479
62.50868249083758,143.23625090475088
61.09483993812119,144.14748162745676
60.42120369273161,145.83323856196188
61.33753493482231,146.3036817768241
61.265792300897296,147.74759332134923
59.91323845236405,146.473617383588
57.904653535179996,146.56991622430945
60.74927725713159,148.43412535836913
60.171032354757585,147.57852945063672
60.84981651072487,147.7633637947013
60.93221671135347,149.5779749269534
61.52265448601209,148.6485946088162
61.80750793985385,152.90603033715448
62.19079723590513,152.1734087354487
61.019733143985846,152.24299236532545
61.26897247273333,150.39846224935621
61.11687811430808,149.5400177816795
63.00358008433569,149.2561451626272
64.2638583000304,146.89189582194228
63.39640027990379,146.55874646948044
64.98832593543202,148.10981132934975
66.10208643826341,146.87863719183323
65.11423495005569,147.74969906461337
63.42044241621904,146.12765235368474
63.77243375045072,149.6749643235297
65.27822281643049,147.50270664709117
63.76669731711651,145.91475161615668
64.97599874793819,141.40418566468912
63.1941722995489,140.7807526500217
65.72251929813939,140.8095673320271
65.4747185927709,141.2835850371612
64.45362603324821,145.37619370318933
63.868948874713524,147.40897122130838
63.583217186344264,144.73342893796197
63.333431908831166,146.164656989298
61.692128303594984,149.54831490190557
61.726782733187704,149.68572378728376
60.19579999538803,150.64993683832458
59.16313441870224,146.93486908679105
58.32233725079106,144.81374363378362
61.63946355091238,143.1368881175654
60.99850528000357,144.9854193288974
60.35754700909475,148.52490528044146
59.71658873818594,150.37348616311135
59.07563046727713,151.53539858833105
58.43467219636831,152.86547799996487
57.7937139254595,155.57255759779136
57.15275565455069,156.6304856512843
56.51179738364187,157.7618446344583
55.87083911273306,156.37597481534488
55.22988084182424,155.2473419311948
54.58892257091543,156.61581969466064
55.0105451691423,157.93938200003356
56.945444550626306,157.73325531824108
57.38104631901301,157.76744653242247
58.787677895513546,159.2843018906754
57.18883830054015,158.21730093120337
58.39598298865677,160.79964581537743
58.541600962897604,160.53670783299083
59.918771198962865,160.32188529977878
58.0053493014814,159.0580899203757
57.1497212384418,160.05210703057696
59.11694302665808,161.33988546817025
61.78516655837364,161.14231096585004
62.655091947577766,161.29824018723565
62.3120737956581,160.38702547816789
61.710435225120065,159.64648153530547
61.72079219006669,158.5553874348611
62.190460934089224,158.2284978969074
61.216639167284,156.85968459694215
61.20988082960443,158.08601073865128
62.15608818284112,159.22526445632224
63.84054225075335,158.46455675667687
65.22750252773008,157.14783502859888
66.19748172931884,159.49812694533927
64.74659934189442,159.51133645948215
66.1700743869223,159.82261606865325
66.41970200415892,159.04910723559502
65.07743705023587,157.71182741628772
61.02426764094179,158.13475224080457
61.63398445940774,157.18381770433095
59.51201672034396,156.96532512275414
55.39628604931036,158.20435271260277
56.3281051375388,161.18697521741467
55.825468959544736,161.62424367633574
56.840513156254545,162.11911612121386
59.10260957419788,164.20851759242717
60.0095872471224,166.67197757764023
57.60379251531795,166.0856453350216
57.260872260854775,164.58973581568688
57.955133539987415,164.52468858778752
58.12008344998757,165.7974675693303
59.28551570103607,165.3742576475513
57.853589640901546,165.8459708927783
57.46609451064733,166.51606093359075
57.1188463407924,168.0749186168692
55.99371970959498,167.8962604376875
56.791204704655556,168.05835612113262
57.54782936974741,168.12739830409757
57.64763246820828,168.85538239291887
56.857970759940564,168.98709053472967
55.98847153558427,168.1508915630971
57.28491340914791,167.59204751556854
58.6218301556886,168.08911262269916
57.91049733816809,168.02569790288382
57.5287005390014,168.36681553741474
58.90410559610574,168.67251270610018
58.60683648620974,168.77893431675272
58.232801490975255,169.39293583014347
58.41100091832539,169.41215449082932
56.31095395232146,169.27248716720172
53.896938260074975,169.1000046114123
55.88917446312214,169.1855097093919
57.41998484343206,168.14656219394362
59.875661538671025,168.5631774696364
60.619055265135195,168.76358795750662
59.74743784279911,169.11920974328143
61.09646684114981,169.19365120092274
60.918691355986475,169.48660704353864
62.48775969396725,168.5590546792439
62.276579207567195,168.61660797109943
62.18073941213777,168.58769710514957
63.078841859237656,168.91354027979588
64.59271749035919,169.7292278001408
63.136002066285634,170.84001657540108
62.4916503633577,171.52754075832362
60.24798960296639,170.79929147623173
60.56252248683348,170.6926119116429
59.50426254363939,170.21588596952012
60.68891309177177,170.3997803788266
59.61996184307233,171.5287422151021
59.65182720249227,170.77732560393508
60.86257339117326,170.1008846423539
62.43010822198353,169.83434508769443
62.61227056002403,171.14146616931944
64.20088816405054,170.91095126802765
63.245304376649564,170.73446433403032
61.17600449070945,170.65614190449804
60.34196022333288,171.26518151929534
59.501499174313125,172.1556963092773
58.276046874838364,170.38277968453397
58.40105466251628,169.8533549029502
57.40369267244901,169.3109864974124
60.17379286403994,169.8448768737246
60.46408146908096,169.9101611539433
58.42980413541397,169.49757284361488
58.16096794203491,169.6334966065724
60.34776040936762,168.85813057596513
60.798556313876425,168.93417304827568
60.82800156971581,168.6191507342353
60.00281058619363,168.6849885796327
61.4385059719022,168.45868782823598
60.5098216124085,168.86547637588768
60.98917457081839,169.42667251784778
60.00455049611039,170.22262433045105
58.92304424687176,170.18929932060098
58.506196029275735,170.9342173432231
59.45000702230517,172.14497606496084
59.23389484790438,172.2750906680156
58.79680058928675,172.53553052577607
60.81491010971336,171.254185904174
60.88692518012853,170.8415732750248
60.92421383516552,170.61822136027908
60.65692531462895,170.15077721488657
59.1511779886378,170.92677713910572
59.23011614202818,169.9694328547412
56.78208710290936,169.51417299414084
57.35378633511174,170.5862886861773
57.558416794096466,170.31165800972914
56.976605710988515,171.10737746446748
56.76223236226246,170.8426048722508
56.832868889133316,169.58955847944108
58.05830163785209,169.95847613696597
58.5706762377777,169.9285902809347
55.85621986053141,170.16424863213604
55.47976750209178,170.28179021204934
56.86764009413835,171.31332168279982
58.041806967185714,171.87962143077425
57.035643478134276,171.7601171077307
56.14519760848441,171.13171303269885
55.18794036036481,172.16231909087603
56.69547546613268,171.26644933245058
57.34888954366881,172.7453735894641
57.20059587040013,171.14639507521719
55.437150602820005,170.91065786040656
56.85873000187009,170.09751495104155
57.253790178846195,170.06373945306217
57.92781268677404,170.26474519492925
57.46639157773226,169.49166737125725
54.46205687286426,167.62784424550063
54.368856741322595,168.2097903799532
54.85174896446286,164.65416415401296
54.08596249096411,168.17158949749222
55.767345634959945,168.41521674298158
57.024410590397416,168.67841346169624
57.23564216236733,168.6846452970759
57.10772416536608,169.3411713579943
58.520572384149894,169.65531076705378
57.581917088389794,169.52611076762582
54.07903811785251,169.50890690774398
54.4140092339778,170.491041964158
54.97149085656152,170.42194919576292
57.44665870974023,170.8661435218178
58.535004492489065,169.51641219620217
59.40573398725441,170.23156381151094
59.62699517240865,169.7593794039185
58.233066526957934,169.55151624718633
57.823731852351465,166.8830583446257
56.026561343927966,168.2446267715611
55.21637110742019,169.2933014620178
55.43053428469473,169.55499909480088
55.071901611556505,169.03573806240385
54.54452418808993,170.18287654613567
53.566414963509686,169.87864174360107
54.674029459693074,169.76545291778652
54.84091187073636,170.43074127850602
54.79447610686387,171.42477644538303
54.74804034299138,171.21812045840232
54.701604579118886,171.58124982530097
54.6551688152464,171.89131036237558
54.6087330513739,172.29057264220924
54.562297287501416,172.4722787569762
54.51586152362892,172.7223148487002
54.46942575975643,172.6896707341342
54.42298999588394,172.51352044311898
54.37655423201145,172.67438950403664
54.330118468138956,172.92283237392186
52.91586249774886,173.66071296167235
56.312557262912186,174.7978532373
58.24453665745664,175.79048011401233
58.48625524325464,178.8995439165444
59.26181505409336,185.03143532969062
61.4137002679655,186.18054525816976
61.5859288873978,188.30438263748923
59.196349437502846,188.87154814839025
61.907969795273104,189.08862633311918
60.90703833577906,189.44620852587383
62.1006515628982,188.68848647401705
61.178448800625844,188.30616187857672
61.114419199504034,188.481731719297
62.09830018667564,189.03122401855225
62.206753263816424,188.25414916408192
64.43912737230174,182.00824615741865
64.31784540133107,180.7300359498634
64.51112546967978,184.98861168036342
66.15539661521191,175.64687854439973
66.00180937161028,176.65744666268077
64.09706417145783,175.29619298331238
61.544333306813286,174.9778021562443
64.3730798272319,175.16370637522792
65.18900724077912,179.34980869755793
65.89444466339236,186.63367961045634
67.32501725371871,186.66728289369632
65.66536828672082,187.07917712674663
66.00288013323903,185.10886193083846
66.70803975319699,186.0037680666331
68.35400821626736,179.11351666214992
69.74236125690837,177.98878612442465
70.5051638680068,185.8153640362354
71.80476187398891,186.87185608570582
71.43606015301376,186.58074655990933
71.21900565271224,186.4210601334199
71.15475066036304,185.19066844321142
74.11535019044257,185.54894543770016
73.53185474280883,186.42659935672222
74.10957625495337,186.684611470579
73.0289080056913,188.34435864448318
73.25723183772104,188.36738167972618
71.72923967474541,188.7564778689246
72.7389340266988,191.7875855150436
71.86476225960536,194.12319888768738
71.50824337573542,194.03409603195144
71.01427150571708,192.97339280961384
70.1965224861162,193.5643664188326
70.23503211559144,193.1450688248122
71.76199793715764,193.51861230610317
72.37853572424766,192.04533229131798
71.99158494891749,189.5833926098117
74.4248174417574,189.16859709336606
73.37819872617582,186.97781280996304
71.17610840798434,182.39005291057674
73.07139942145547,179.50433980469685
70.71537752789582,176.9963167662912
72.0168807639265,177.13730584933637
73.73625679245333,177.87959661069212
73.40438760458028,177.72383963518388
74.5922364457656,178.31193316276062
74.82707091616584,177.71786940730587
75.06190538656608,176.9357678987995
75.29673985696633,188.27031075889823
75.53157432736657,179.5518981965064
75.76640879776681,178.2938558095679
76.00124326816707,177.25894930156045
76.23607773856732,178.60765540332636
76.47091220896756,177.23605786103002
76.7057466793678,176.1717498536118
76.94058114976805,176.13737364099887
77.1754156201683,176.58162913024404
78.22448913959278,176.70671365357035
76.82726833264381,177.1023219296893
77.53606539474004,177.6322082940259
78.38272074886092,178.63615240107612
79.48721776721415,179.36166462926826
79.10823958691637,179.4415031347539
81.30868844781115,178.30364429627588
82.82414015664912,179.16130625083937
82.87984949161866,179.45212966352375
84.46014181419999,179.385443825173
83.85132639325433,179.241493202248
83.24251097230866,179.583188306431
82.633695551363,179.5281190006016
82.02488013041734,179.45678141288732
81.41606470947168,179.8042349942943
80.80724928852602,180.9054705909097
80.19843386758036,180.03321147923876
79.5896184466347,182.12396846937085
78.98080302568904,180.08705131319428
78.37198760474338,180.8543725522013
77.76317218379772,181.73922566766973
74.89972175917998,182.34158427636697
76.65838666224877,184.2139557950438
77.77379255741292,190.42923256157601
78.55525145931189,183.8337059238534
81.03330220519712,187.50898564754777
81.74224882485638,184.2168861544752
80.38018860612821,187.24443848803358
80.31926610564562,187.1597947210269
81.16850653126052,189.81065403217
80.6725517710115,190.46498213987468
81.64981854032371,193.63413394756273
83.65964990656062,194.57855107354527
82.52185461562127,194.4669004142634
82.54320723607512,190.47829874560634
82.625478801191,195.00116077260458
84.51438624217275,195.11999316180118
82.91232226198427,198.20462038613317
83.4094092152363,195.65229921737415
85.2334475571223,195.62318660354723
85.04820981158139,195.89736662334212
83.06081868453069,199.19602342944412
84.17244267483726,198.55471800261088
84.27978907052,201.86202620134287
84.69130485111239,202.31814784536405
84.56316356736453,198.47426627930238
82.68157811404954,198.32236962703956
85.92007190526898,198.43044063469117
85.04092496765004,194.80590431462386
82.56724995590203,198.14600609597105
84.03096360053294,198.9799630600193
82.73553091802589,201.81503779651317
83.26130576157948,202.66329626076396
82.86441230382817,202.27838520868332
84.2534623810963,203.58514776359954
84.55873782679093,205.1526497286859
82.92165539983388,202.8835231640901
81.23816331850075,202.25125734514913
83.26179304272567,202.44306935743782
84.24348672182334,200.21833948991326
82.57649850478825,198.53665240280264
80.72342703516868,200.4251775163004
79.3809453596423,198.7591451052432
78.32974126154821,199.88697699963672
78.74751890721352,201.907107596881
79.45480053835689,202.2200708191388
80.79572507520126,201.78453849799013
80.0798413685074,202.62773230243207
81.9540437070796,205.05361092121643
81.7302000983741,206.52594450618645
80.27736130999003,206.3339442307291
80.3606276837738,206.26825658207323
79.3532773985851,208.02394654799954
80.4877072308051,208.253398228692
77.59078570796716,208.57349277190738
77.71081688388868,212.40144817972333
79.29705495061476,209.17297293771333
79.79015921604966,208.34910053441394
80.9875282912328,209.1951185252941
81.88275813695165,210.8712366374621
81.42429547795648,213.78308396446258
81.22535460099074,213.29233495421022
81.026413724025,212.46846255091083
80.82747284705925,211.64459014761147
80.62853197009352,211.2602888681387
80.42959109312778,207.96345829755467
80.23065021616205,206.05214976508483
80.03170933919631,206.24256029144345
79.83276846223058,205.8774833245158
79.63382758526483,205.08856855925308
79.43488670829909,204.68367738604474
79.23594583133335,205.69483356438462
77.79129973137478,207.0321806273338
80.25223982658314,207.82523708256713
80.18990458522454,207.91812096384018
82.68613373908416,207.71137287823316
81.27029443960289,206.11407457300186
80.72863918131615,207.52522813111457
79.31457467212374,207.72119382838778
80.95466067625924,207.48484032536143
83.6800479766105,207.42261567707538
85.27967923067561,205.96471121409414
85.5915902782187,204.8911439102659
84.3456978545342,206.16050151552994
83.62258891350363,204.09772872139823
84.09229898842173,203.5266110729567
87.1077804815185,203.10375006741626
86.16982401932722,203.1544178950725
91.16498702340718,202.36712412841757
89.98868144734918,200.3604046330382
90.81263184539235,198.27324177312758
91.70701968212981,196.1397998409513
93.70469424520483,197.83404781269
94.48083350518827,196.39063886728724
95.58921786083728,194.83304665161933
93.84561894657061,194.88454256861232
93.43231216177912,191.31869275974697
91.9993946402267,189.71986394422777
92.83086104201927,189.31522133465177
94.47065467842434,192.56455753633225
93.98088924617795,190.35102190604852
90.93385081728273,191.1231526043998
89.96171211146803,193.12411991337237
91.81915064230026,189.71577382795255
89.25113863483479,187.5043159650948
87.03445162178691,189.14113037337833
86.96466806396154,184.17873288779347
84.53386633619985,182.8205093617373
85.85410870548907,183.1689215970496
86.82597835218861,187.15135593923537
89.51518343171955,190.32653422597585
88.03208139647624,190.21117614737554
89.02794911823284,187.7935803382224
88.12741950008603,183.8001143241412
89.47133882707963,184.04382516632091
89.48439232621534,182.65752176406536
90.3947088455676,183.51733383236194
89.75604839909317,182.57032313547202
91.27901314099454,182.54210173935158
91.11627064297213,181.27854685607602
92.14147132682436,181.72378616513063
92.92458355309665,182.501009470635
93.8609460816241,182.17945764251567
97.72139770697785,181.02666293069532
96.7469579645026,182.47209712642498
96.70205220314769,181.46800960245474
96.91035098605215,179.70980816978584
96.77891456819872,181.77527265580034
97.09212622368347,180.43044785815698
99.63248779786132,181.07844818517572
97.7800150336449,183.02226106999493
99.23359183516538,182.12368489111267
98.87381214478762,181.1580851403253
97.61386369392154,180.4124780574108
97.09195682853765,181.76505376322518
95.5553514310898,181.41444668381797
95.46773443207293,182.42414352345452
94.59020860566434,182.19178522071508
94.77506127545111,181.52923738765986
94.29116446875621,181.42686042048803
93.95551761154825,181.50829570296898
95.5113758158728,181.31391502880805
93.8745636217159,181.34702556293522
93.1387355856971,181.11184803168038
93.84061258744498,179.6741749012764
92.23360906811138,179.6419238755664
91.40139871100581,177.41706707184147
91.32396413165006,177.48120614548685
89.95168746417502,176.41049808190382
91.10312466762463,177.16845054553377
94.11250391656333,176.40000493606018
95.09029099208698,177.3566371373399
94.64266237480084,176.89118054859992
95.23027421614307,177.45284345784913
96.62585101417162,176.54660903321457
97.31206500833848,177.19357643540553
98.3782569142649,177.01346590472443
100.24018245660822,176.52857751185687
100.66981514728559,177.2248765014395
101.01582195068876,177.0217601554946
103.68447538593263,177.44044038758645
106.30581274966272,178.06508066316871
107.35829373353538,177.83182855635127
109.87026117987897,177.80420684020368
110.34169944461652,178.33752204553693
109.34140532714366,177.10570130791814
109.40624886353393,176.9835579832928
109.74875631035856,177.31317813169508
111.62689993415671,175.63941302261995
111.51794356487116,175.73732951619343
113.14737661487459,176.5182646229353
114.4809002266836,175.78051353970287
115.61344560942982,176.54198026289444
113.33767387061035,175.70121423876412
113.46219101913873,177.01211495046627
114.82985893585884,177.0028936306619
117.495085915174,178.3531732809316
119.09090111601505,178.37775731871318
118.53799433276228,178.10888418963083
117.85696476962971,176.53925311167274
116.51941706381723,177.04346864125316
116.76383024313162,176.55883707944108
119.81413986837428,177.7214778268983
120.20624426346447,177.14669587812858
121.34915350473024,176.16711620067898
120.58866001790433,176.93580063217667
123.28649804949897,176.12434059702744
123.91813993184873,175.9152271255766
122.50787048189359,176.06865149573437
121.54731743037527,176.5942608592835
123.37410673289703,177.45332674822882
120.69770025767959,177.5130949851185
120.33081276830177,178.40575374210528
116.7104555840276,177.78959074258805
116.43339657279591,178.68316351781223
116.27886164807624,178.57183021603578
116.5555937521079,179.49491405213868
116.78827008207557,178.45081583330978
114.82324451717456,178.45052386824685
116.18233311149746,177.1655818773263
118.92522164936481,176.054964971129
117.40799855953136,177.0331714504776
117.28940209957685,177.0935987000759
117.14783473793929,178.12095663430293
117.93725327006906,177.22500349077413
115.34623270185593,177.16245923762537
114.86842664602676,176.47945460458752
113.93548424026528,177.31385209003645
113.69353644059164,176.05999375473067
113.33565385761315,175.71227753205397
112.4872083696057,175.0665847743482
112.24168838709576,174.831370106652
112.5207967648923,174.69747396668942
112.79990514268881,174.98969546457928
113.07901352048535,175.70452719665911
113.35812189828188,173.93960269476952
113.6372302760784,173.57310844543738
113.91633865387493,175.09389900735403
114.19544703167145,173.88467901078099
114.47455540946798,173.54063042292114
114.75366378726451,173.3887020504504
115.03277216506103,172.7669666099714
115.31188054285757,173.18275434651835
116.97951872763494,173.26084446578517
115.39770042301421,173.17714879072355
116.53579160201366,173.37527153899967
117.36667216010248,173.51926199412458
119.78526186764067,173.93043228670408
121.10893230535052,173.4044350501517
121.10571742426369,173.57967438142683
121.5619334389949,173.88814675837602
123.61838825577144,174.29370282511158
123.81367112735519,175.09581162189684
122.01091693925572,175.04212502244818
121.05155412209305,175.21045827948728
122.0585185046009,175.30466841433227
120.78494901989141,174.28222699346895
122.53290363377195,173.43962419018848
126.8792607523827,172.9388354756679
125.9385661543825,171.96255686320944
126.59720239670106,171.89053842858837
126.9143199599412,170.98201938343138
129.26696558882605,169.6743082545652
128.92250370240265,169.79277181859746
128.57804181597925,167.25326424693404
128.23357992955587,166.73625443930734
127.88911804313246,166.96284700213286
127.54465615670907,165.89928398859024
127.20019427028566,166.21209578198776
126.85573238386228,166.94127322566678
126.51127049743887,165.5433090570784
126.16680861101547,165.3244479311359
125.82234672459208,164.83281486371246
125.47788483816868,165.11616124439556
127.20484673315238,165.62646705978582
128.79899034475312,165.11578848751762
129.48219356479825,165.91430996770123
129.09020841069943,165.6240896437284
128.6093927096966,165.54780343129963
128.98476674998034,164.72787138897561
124.94203712311776,164.49986648940123
124.86185064667414,163.95748018380732
123.85693842382233,165.47232023832987
123.64365732647396,164.09672372534465
122.37784159113902,163.62338415052906
123.78830817557962,162.91087402222075
124.14294825633353,163.5467605338354
124.77187196066481,164.36022098487047
124.88712864513029,165.50112192282455
126.72944255176633,165.48626244300655
125.89337443487041,165.4528374606446
126.82589333490438,165.1604521500629
126.99225876628832,165.00105460946392
126.01620758163084,167.3149722462726
127.96809071740795,170.46759300405964
128.94319130838906,170.43658191732104
130.06969965939115,170.3744240919442
131.25817012278458,172.03980955837753
128.57216947832444,172.8577628970793
126.06762092181502,171.62354745300235
125.08884450790038,172.58210047559263
126.10394143346117,169.98875860347724
125.3097768447215,167.12288408695025
122.58395232142058,167.33712648541905
122.77749640459486,166.9083860067678
124.15149274982411,165.37449028996465
120.96294316574833,163.9535109222086
120.68613174742472,160.5687830835348
122.22241251421434,160.88162070550268
123.43592591484379,157.97932743983148
120.89242037517218,159.7532024127738
121.00268188621214,160.08854460352276
121.63248967431771,159.98838829889235
120.27672996373994,161.0879922713785
119.4580606747686,160.17036905082358
119.19763494665483,160.01309251120003
117.10435280030642,159.6692828280578
116.39586363307237,158.87163860031868
117.47737424292123,158.80264696070222
118.24086006575311,161.8822396151464
118.07060308867744,161.99538362422967
115.47800044363544,163.54565627157663
115.12462345636911,165.0931034590144
114.25470878570621,167.23915474669718
112.99351595173154,166.20513428665726
111.65151495940914,168.4330374387633
111.15632857474026,169.21541819317503
111.53527583518962,169.9720856588639
111.01979284534004,169.22926346281258
109.0262954987617,166.60898893335943
106.62927759928102,166.81333611630862
107.75414977507428,169.62336253381022
108.58711357863953,171.36393205134218
111.83277465875486,171.31968927510138
111.76484361595719,173.09228664333668
113.8011363397406,173.82428930430152
112.00334977215732,175.0950436758579
109.96269775662093,175.91189863504812
110.20396019516035,176.32086449169788
111.97984892713527,176.8813831193021
111.59857425874026,177.22827046243503
112.91907134722395,177.2131460004671
113.67646720793431,178.38413627538333
111.56565088603593,177.45115649796702
111.33689853396959,176.43177518163708
109.57567419047105,176.93296362524984
108.57495243629901,175.90657696512204
106.9511147136558,175.65394969267325
105.351047704935,176.85903881876283
105.7377488728691,176.81389271980493
103.78841662596909,176.69757800788764
106.69346224803309,176.84697660676997
106.47589386945164,177.07175862674987
108.64812151385412,176.96560942660616
110.07989023856628,175.72801083341858
110.64421311636863,175.66589446949067
111.7894601016509,175.46174537394586
116.54382641393376,176.0553237016285
118.7328471955525,176.09614743920483
119.05381473557006,176.77680426417336
116.92912500001219,175.8750720670623
117.08102274432959,177.401588356891
117.82695867026762,176.70395259702673
114.83442256277449,177.39822699072556
116.20574492375019,177.94592212441844
115.43375787641443,178.9698540285824
116.41887474889008,176.84897601788464
115.27290411495056,176.86827940672546
113.01672027759601,177.08580947213267
111.95213521863843,177.59023240373128
112.38747042300773,178.9082757220122
111.21197018522803,178.2415352792613
111.97052474332625,177.04231156707755
112.162414904327,177.7285448176617
113.77762247386319,178.24730291519776
112.08239859319079,177.71057309886967
112.70367045566675,178.02284911437746
113.52111968527075,179.2068585370205
112.96482151579015,178.22211103410436
112.46526270600674,179.14776063385256
112.26138479629785,179.1711269288437
112.0744812079297,179.33788543336348
113.39787156503178,179.08267967797704
111.94635714819694,179.7803361246076
112.26434097106207,179.16483621867616
112.58232479392719,180.00476986294368
112.90030861679232,178.992796295414
113.21829243965745,183.31904965924915
113.53627626252256,188.8938509437384
113.8542600853877,188.6191047941108
114.17224390825281,190.01775672040532
114.49022773111794,189.6679340696895
114.80821155398307,191.1118206567337
115.12619537684819,189.78997625205568
115.44417919971332,191.6886175741615
112.68782799955072,192.153691071303
109.71590245950512,192.03860401496587
111.52098282097232,191.62058772178335
112.43238951666875,194.02529974258425
114.30108169605676,192.92265606936712
113.38015818448974,194.447285088579
116.06228897792109,194.45636805161445
115.01742574899106,194.1654222120304
115.71759227852283,195.54367102338048
113.93128111554647,197.62145692311512
113.78953314840331,196.40173436738047
114.27208481727558,194.4872565533972
114.36106750097585,193.57966561609683
113.13253156692531,193.2688049101123
111.90050796274444,193.38901683184847
113.22912746092031,194.9492260216627
115.45581208690632,195.08652365668172
116.13624572815512,194.6134595043319
118.45638781132986,195.48678470742857
118.49547243061983,196.67533335035245
118.4945962751169,201.52729619308468
119.64907895608063,202.10533300554107
117.92408300415829,199.16781961436735
117.63164493742993,198.83692355050218
118.59719974234731,195.91592904713374
117.48468742042449,196.23108096317392
116.06788966742627,195.13674635719948
116.81486870214458,193.3755269948685
115.86219831133646,192.84495434954653
115.03895831247792,194.94658270961796
115.02000071069807,197.18753794666804
112.81967069664387,202.3382506444945
110.45691954940965,203.75446323024042
108.71916621964372,205.3310360054182
107.45564209082312,206.70135572781518
108.90239695662547,205.33440325102976
107.22930456234059,204.71294918845496
107.61752595298763,204.22973851791704
106.99391950777186,203.76443077739467
107.3938845642815,202.3719732566544
107.8290338328604,199.99775235339686
109.72733899704873,200.8005082503753
108.57346060746946,201.88923471675818
110.19517827846457,201.57736614823048
108.94128985916971,200.96812012304713
108.77056529440489,198.41254847089843
109.17707016768641,198.23527605238482
110.39085506045915,200.32577119381313
108.96394203181255,197.33322440888676
109.54406998590372,198.86241653259708
108.00269043556807,200.21820441626573
106.06403132529884,194.89589003254582
105.90177513293112,193.56683732545739
105.53122398257949,194.796399821271
104.17996303165273,193.0931665323931
106.33450225811453,192.17042432964428
105.66444765503746,193.24713157692472
103.95732905123096,194.36416325904437
103.74066805550851,190.28253245313448
104.46143616998486,189.99351829769037
105.53782059125334,187.7527145001152
107.41939272778113,180.01029900646097
108.99851882759314,180.15415657972054
109.49614042582232,182.10362637118635
110.06904020279994,182.89943602971766
113.2498071596995,189.90694190734013
113.87675487922233,190.32252375558252
114.84150632591232,193.19690823510462
112.63225248940418,191.2441299888028
111.16145475630275,190.15559175976674
113.34850082845209,180.38162371455107
113.64986897536915,179.31410623745873
112.5227157104058,179.2688394424678
112.61424366798865,179.29032704155395
112.39383139986948,178.2902819876496
111.01498024204912,177.76958576226968
110.27924600963593,178.2855989577795
110.75732789556203,178.9810149648697
112.34024075365694,179.1408403379882
112.19902535658237,180.98981332158976
111.19698103022841,179.4092230210778
108.55273542064089,179.24632697493993
108.39626142665252,179.86746496986768
108.52650861121973,189.26782700464597
109.20094143472075,180.08715501668874
108.84860855222921,179.399953859984
107.8985990575415,180.05833127347614
108.35958632948572,183.14362415501142
107.93356792411963,190.10499182575114
107.3343355886065,183.36041731357253
107.26263765638805,191.373204881401
106.66608094832327,190.2158917662152
106.73813853201261,190.51153624500773
106.33608679782402,190.32533016779277
106.35974418056135,190.3769290482941
107.07895349773597,192.29978367909405
106.3924729838596,192.5658852736795
105.96878450843245,194.07421544031413
106.48251152011207,191.2727714451551
104.26740610336952,192.30224464432268
102.1591156167857,193.43380891170835
101.21209011346191,194.80336014505693
100.67130951453558,198.09803560611286
100.56543245459912,200.4920467128902
101.97352943580323,195.8778653145221
105.24042104300318,195.83496328753074
102.82582675711888,194.70861545094593
101.56470967418323,195.3795543536625
100.50311038662858,198.497210578814
101.42997132152293,198.8629999596353
101.87337781212435,199.72004687609612
101.64467200840298,201.71210093097352
102.52928300053779,201.21295204816963
102.77493940244347,197.1919683087727
102.43000234966469,195.9441236411672
102.2606337294728,198.1646466858439
102.39989087138233,194.98656242419557
102.513062737811,192.9613462177147
104.18407935406454,194.20962042175415
104.06698292390415,194.24856800178117
102.26490371621593,193.58503315906069
102.95444387573053,192.768145391895
102.95779711563348,191.42117205135952
103.29561361084245,192.0434145151442
103.16801987730547,192.4340649590011
102.10338234775654,190.4300732680463
101.85560375842168,183.86574606767425
100.72186647951752,183.66174294536316
103.12982800231806,187.30695448426894
104.73169992718725,190.409103715939
106.2212263853731,193.70212943364115
107.15225848450154,192.9945841508243
106.88526698898112,195.6435286988459
107.16632513376406,199.27700781484518
104.07690758064224,200.6374933981222
101.77267245689873,202.04636363562744
103.26652727824842,201.88444103590942
106.24825456739278,202.00198907389742
104.43654924397694,202.2136812105369
106.53179855246425,201.95825342914037
104.35548186694942,201.27715121637414
104.72657301887341,196.0409633501687
103.30796161511253,198.82092446232306
105.98319382388638,198.20052810177825
106.76891059071028,195.05705037917744
105.14198119586061,194.65594909542574
106.5609350975055,197.81894189251716
106.6551330345648,195.4750266350356
105.72515652792723,198.0929729024524
106.64751478640763,201.1067577320965
108.82234853368247,201.54520499630974
106.74561474319306,201.6589157597149
106.55479333817478,201.27434353880432
105.17357766755084,202.00856605429595
108.29334296024462,202.53988505556032
106.37539549426414,203.3239769707424
106.14691501486597,203.43008794072625
107.1341233739723,205.2574585475202
106.3246395866017,203.52303119088054
106.63521785687497,203.07397346631353
105.78066353895531,204.4251114873731
105.40531966044769,204.86556529402537
106.31651261894697,204.16137319122947
105.1866178459411,204.6093392184681
105.89596752840356,206.07406456369384
106.2137789095943,206.0332440681079
106.53159029078503,204.64533839069924
106.84940167197576,206.05425140307915
107.16721305316649,207.1378805996118
107.48502443435723,207.2274605869082
107.80283581554797,212.60198224950474
108.1206471967387,211.96918955348028
108.43845857792944,211.3236566340254
108.75626995912016,210.82071774431208
109.0740813403109,206.0684261801058
109.39189272150163,209.9968453410127
110.39749037858212,207.16213992435587
111.46711218783767,203.54828586049092
109.97374267339337,203.9846576807208
108.83938369979812,202.3370232039924
106.75886646056222,202.70404661080968
106.37729757565215,203.7070745771081
105.2332510408962,204.20488458404694
103.4121728337156,202.54574678118638
99.66519763765767,201.72555936549895
97.32108387065561,203.54420387406853
97.01277971420986,203.20043920249034
98.63173444431388,204.45167924901526
99.18426226830523,201.58516114471513
99.77479069012621,201.12232215564683
98.93049124330413,199.1794135350372
101.06148389396834,199.5522945888084
99.37777955791496,200.78733435012902
97.8297550128402,201.67956975054577
96.90732492765021,200.3557556893427
94.51719606458771,201.47779797536725
93.59907920648423,201.09526761380633
93.84400442499346,196.66366889380967
94.73725356081616,195.26017200482758
93.88751368907627,194.00154168184272
92.53587446551923,194.07615819162464
93.60642580598392,194.33096526712458
93.58558580324963,196.65615535665498
92.55565721071922,194.34313956847163
90.52527823081556,196.94071524869636
89.25190205521793,194.576345227046
87.56453812053402,191.7111910036028
86.57933567390393,192.64684185888183
86.37209207771008,193.24074494091053
85.60682696867514,196.92560342023887
86.68111298324155,192.00596692298967
86.71846039546801,189.56350284840863
89.33749899482622,189.02550950989348
89.1265951521007,189.68688732657378
86.89446729925342,189.08025937860486
85.417461565893,188.20698556966937
83.41397758419504,185.79570573967032
82.49773479696601,175.91328924843782
82.61409217278796,178.02013691365926
82.95711893485515,174.8642136623798
83.68862684027347,174.47386713116907
84.76565038624733,173.61931542023902
83.11995866588991,173.23703065210913
83.6435462602952,173.23197263865853
83.44017731693343,174.22117369231566
84.41134708216968,173.35462779320514
84.44270595311399,173.08258639641065
84.47406482405829,173.6673525731066
84.5054236950026,174.1588243698255
84.53678256594691,173.46987094215197
84.56814143689121,173.5901129998874
84.59950030783551,174.66656812446953
84.63085917877982,174.27746012324195
84.66221804972412,174.28431328328105
84.69357692066843,174.09636888700936
84.72493579161274,173.98350002529975
84.75629466255704,173.78712174375045
86.80593959926254,174.636213448158
84.74333339743548,175.6743832629026
85.33007551759542,176.21579227362068
87.32138875365276,176.01944891626738
87.45569732585749,175.54611870615085
87.33559457038004,175.74066331709844
87.20801752483813,176.22179517680812
87.30214485885702,176.414243089211
90.73752075882334,176.02267381623176
89.62598096969053,177.04528627653764
89.93898989217507,177.04086517327573
88.16553350923691,177.31905982801018
86.69916110117853,178.45514532913074
85.84766637238232,178.55562358402662
84.48601606611142,178.47810980486636
85.01073468831254,178.43069409243384
84.17438753059518,180.04848292315992
84.91642583886618,181.18139119453787
85.45655825827833,179.45802706831705
83.70881188641053,179.48056060879208
84.46386857821437,187.4519951846773
86.19192684212825,179.8386949106808
87.50706231814911,178.59130112963615
87.62837293288038,179.62781759822926
87.16344464010164,178.5267901178469
86.99421134204971,179.43300221698254
88.84264021440266,180.96292194808788
90.48489270212468,180.82887106237558
91.64973889868986,180.1938004322302
92.06902276321765,182.93980339776056
90.89744776646502,189.69987679151137
91.34215899722298,180.95124780487603
91.5651089827199,181.48554441790372
91.08285480802125,189.71136924270826
92.58389754116565,189.30597016817987
92.24936427947021,190.34178677278314
93.70762400485361,189.7180893926213
92.75692781470842,190.03194067953328
92.2542569042704,190.9274981877077
91.91906318754728,192.69770558835788
91.8060599731245,192.1757725046924
92.00511156106106,193.8337185989355
89.2846739963086,191.93219609366537
89.0684045864084,191.0068023922543
89.15747706816524,190.75560493366675
87.81490509806866,190.87665745393264
87.7465563681027,191.12032522436255
86.00237350988431,191.90678370028746
85.50581950504497,195.77523273838528
84.58488945035504,194.0382637971049
82.67912550665885,191.7406180472904
81.0048470050051,192.82952590303628
78.50166105916443,189.84721597849204
79.20533107854865,191.66851894665467
79.72153995299162,192.51091254051985
81.40528566837759,194.374654472143
80.26819020832758,194.3706662608162
81.10850408178521,194.38085770268492
80.61777976957315,193.2249868470715
81.57088330353385,193.25439758998897
82.41876819171021,192.68969820319526
82.32126622096054,191.83836683302724
84.23520383028198,189.5631742817435
84.05626209615059,189.5807163178075
88.99688595865558,189.4459077234266
87.72880296547005,189.80702363786028
87.80061899562888,190.08604434639665
91.03387105196364,190.83250781664057
90.33979707846974,193.88127097383622
90.575724720626,197.44947247309725
90.24090910004401,200.94628693046096
89.78018539422543,199.80036355534813
89.99003844044692,197.11026385634818
90.84667657478587,194.49516729520985
92.67057738276516,195.57811656211575
93.10462400806412,193.90688753666015
92.81205325718368,195.3555665979921
92.61751727658373,197.71140699952642
93.24952621226883,196.99793058599906
93.72938476877937,194.66220328408076
94.09888768386345,190.19073747927206
90.65737641323595,192.06610134241637
89.60701416699933,193.62152781260693
89.5318324164687,196.5166178403076
91.95317738433815,194.82911036110974
92.50790979292832,195.01720358064347
94.14211625307796,197.08095696856788
95.97427039332592,197.5027203185545
96.87954059410191,192.82615002709719
97.1563888357025,192.40427632568296
97.85665840953219,191.03473368418412
99.08409426821994,190.8237500286565
98.0162870068093,189.44334324299368
99.20155346986373,188.67492736267678
98.1731182132593,189.3143079702393
97.99571894364875,190.7517691895606
97.08099813324777,192.51836695435932
97.05962201799434,195.32122948978855
97.72581556729858,198.01181969935627
99.84314674593554,197.72787490528745
99.60512910577413,198.70342613528186
98.28018911443013,200.5884432412321
95.98830705732217,199.93153608071748
95.74668042887265,198.2656032466666
95.90654744803028,200.69461795853326
96.51238019873342,199.97094674867176
98.20517485699378,196.98164403177358
96.3722039732183,199.65728375323056
94.26958756316789,201.05267104745053
94.9062790608237,199.64150106323407
92.38077472042986,199.3813510271984
92.4994785438821,200.94373861425896
93.2477935486902,200.15926667720163
93.28343110771102,197.54285149899232
91.90805931234,197.97334152595562
92.25642019308802,197.9562992434707
92.65211617713227,193.3568071617499
92.82191826297492,192.03427263531924
92.63824306036791,189.0690113393139
92.02647787851234,186.89867420242774
90.13403224139563,177.95036798966726
90.4540143511749,175.94123893189425
90.26645965613683,175.82715135856517
89.04348920479907,175.677713528928
88.51733828108156,175.52029397644847
89.57359392629766,175.98451873312433
88.12634428923758,175.61658540738654
88.14800738483584,175.7847993782994
86.97485864580823,175.89169190975676
86.06214776355341,175.75736730858955
85.8732682200003,175.32609270957346
84.73649806569024,174.66101222309214
86.0231670103786,174.3154968033387
84.20046269685167,173.94524669113125
82.42650477559522,174.68992084456337
83.46559944630856,175.79441333489746
84.79036043003853,176.03204376940155
85.58556274127824,175.9579542124922
86.06313602843554,175.821311313167
85.63000607818218,176.0418127232551
87.118747884742,175.87009728413597
87.24048859323979,175.2677691904391
87.404382381165,175.57044314490318
91.04262618878073,175.9362606088669
91.13908851400069,176.2153659705933
89.78795572710666,176.0960035576709
90.44058571340416,176.4374980607915
92.42731270479914,176.22631903267987
94.70793864838197,175.80148413829195
96.42759615607889,176.19427755329392
96.29588191905796,176.36841853055006
99.0423567466604,176.2548675184512
100.6240410956988,176.2132666639464
100.99334107148957,176.71476133423369
101.52787480115272,176.0706678877677
102.57363165626836,175.34804808490517
102.73758695010302,175.11654795210302
99.95709702200217,173.9434001794854
99.47366809979277,173.98584260668903
98.48320557968445,174.6683594453103
95.63742729832987,174.28133910690426
96.90608767957279,173.77505199540403
94.95770031510243,175.04240855767446
95.02731231292812,175.11128421229594
94.64367707097692,175.1010787812915
93.47370417102958,175.17726157136303
93.77958966929808,173.9876970568689
91.1960632203093,174.69322901501965
90.27561996171832,174.6811939938366
90.60334243280408,174.7439540877782
90.46236266441107,173.40449609334817
88.00567924342623,173.44543127710406
85.12896353492452,173.00330737110517
85.7558229774495,173.04513695697298
85.3975683515874,173.2793157851594
87.22879422239262,173.1723966861048
83.8873743207039,172.76778691234742
85.3632255606074,172.9324342349695
83.02653346386158,173.12583373788317
83.097915778194,173.11843774917028
84.21235449991366,172.23671213563054
84.02743814091951,172.58456681211098
79.68468049689227,172.89872357186115
79.03833681146529,172.64610368739793
77.59363519483189,172.95483857741397
78.910632227811,174.3589459971421
79.56606567794196,173.58764237608358
79.27686769670964,174.62514021323798
77.34554261832088,174.41668101079708
78.88002661763316,173.7076172168219
77.87835592271526,174.19367546596743
80.2654395038719,173.27032105185836
79.82368586145493,174.18874178315838
79.28983343359971,173.89123968274149
78.87771532376192,172.79770631872577
78.29984107032095,173.2838779260019
80.22423419351743,173.1900674977592
80.41550355829051,173.11525478605597
80.17531653614394,173.11756919008505
79.00409275489231,173.08413239494232
81.62119796824093,172.55624741573862
81.90304574966481,172.3545871672966
81.42116959287553,171.8751934822879
82.59735155077644,170.97588204019718
83.90652628612487,170.91294859753958
82.15836282098286,172.18246102802433
82.52347355683283,172.94203609601712
81.51167385810074,172.8745255396843
78.55459870517825,172.3043156241158
80.62472259228798,172.88572109350727
78.49533428730591,172.93383646366206
81.17657187244879,172.5157207787006
80.82690455083652,170.98161450019296
79.30256453606574,170.97344236631344
80.23178502728642,171.54113328368663
79.66559243071511,172.78769204083517
78.52044159874826,172.32525026615704
77.78190641403613,172.04515272102972
78.28675104742408,171.58636542454127
78.79632999386602,171.65088005224504
79.58200070784528,170.4266083845306
79.57874481588783,170.98202654287746
80.97776969005209,170.45899281563928
79.27825173200144,172.29830203985588
80.421669782446,172.93480757814496
82.49990068645926,172.7722346262845
82.89536259231241,172.3533677793049
83.99538095569018,172.2013046800779
81.65924945523638,171.24587464197364
81.8947347282966,170.3023722203347
84.29778516283372,170.99474071500194
81.83974245415628,169.79630031019553
80.99643880172438,170.10995788328947
81.32111857504997,169.51731129011688
81.08034270279335,170.33084943856718
79.88610062552144,169.5164592891747
80.71172178277942,169.77255632712198
80.23214323479986,168.69245353446703
79.36410755786162,166.00891120719933
74.156747074523,165.84894922037762
74.4786733557174,165.32397885007842
74.8005996369118,162.32713546281525
75.1225259181062,162.2430108107269
75.44445219930061,161.96377055951427
75.76637848049502,160.87832223135192
76.08830476168941,159.9004243037532
76.41023104288382,160.77949096768606
76.73215732407823,159.82588484765097
77.05408360527264,159.38437978702598
77.37600988646703,160.5671571952458
77.69793616766144,160.10612780670002
77.6527610439207,160.60975386035707
77.8230180912382,158.84124376110825
76.68467711203543,159.24352403320162
73.9013334126713,159.17406726049867
75.48536336086067,156.64394474694222
75.93195181251656,156.90073191697732
77.63822457531788,156.1874259881252
80.43653108980916,156.09094893586538
83.17690748509231,157.05124263823814
80.7207444812939,158.13010284619855
80.29442304949747,156.53503683195038
76.60079468483733,156.1859575159499
78.65099122304065,153.52097950117277
80.08377644076677,153.2995686103854
77.39578589666029,150.86784899535917
78.50834554112403,150.8205354925054
77.62036066859757,151.39977328121049
77.60366331826086,147.16402819569117
78.09719850605684,150.09791845544007
77.70472959850363,150.26366715847215
77.99025123048648,150.58381169091382
77.28598000356341,150.89692560133122
78.45417759156132,150.39373365981285
78.99106821615591,148.77149352930238
82.30867617095193,145.0803097709964
81.50791359340792,143.14304755919295
78.14204273806666,140.23835928520504
75.81383715054467,138.57971517863578
77.71380322330745,137.204284297181
78.06899739958229,137.75957136745353
77.55172094924977,140.53966193135693
74.50394654075991,136.74583250930024
77.04071917900143,136.34797164606672
76.80105891022748,134.93597926074537
77.60319023595761,137.0798472113713
80.15187936578475,134.25587769098448
80.0541462306987,129.12294663401667
81.1971841980511,127.05499415161954
82.82720082317253,124.65458033749225
79.59692306076936,126.16680861101547
76.5585902072831,127.2310549584162
76.92687668008736,127.01018041461282
80.86856646165329,127.75631030427989
82.82922515201578,128.57804181597925
81.49212882327522,130.8261880177083
82.33701833355444,127.29397000837481
83.25528552422146,129.7979441282858
83.15475258901667,131.29504866088246
84.56010915089924,128.9604183885188
82.74343837243454,126.61949865330509
83.45861279065107,125.191451153323
84.39136053148368,126.83235921075537
84.07725612690405,126.10174014225356
83.60681196983028,124.1502492208289
84.51860353350907,123.79698901677472
88.05434188127414,123.10956678870387
88.56985642060855,125.9385661543825
90.40000316855078,130.3731393777627
90.64537259929081,132.13811680274497
90.73528041097899,131.2332204467023
91.01341004473578,129.89245622249067
91.29153967849258,133.25072560097263
91.56966931224937,128.33491323783633
91.84779894600617,129.31385804484248
92.12592857976297,130.241515073108
92.40405821351976,133.38471326856504
92.68218784727657,136.18935297448186
92.96031748103336,135.64796051618765
93.23844711479015,133.53704337801014
93.51657674854695,133.233797654315
93.79470638230374,132.42854680238267
97.39812695743754,130.9080110231599
97.83507282074075,135.25426988945304
95.49288196623432,135.5738456894174
96.89986789966756,135.78326780338796
97.55560194620365,133.5264712462258
96.57096029855502,133.51365181040288
95.85799814258081,133.88186791145918
94.8824325234505,133.9181965201711
95.65195418497767,135.203740067102
95.76746742208559,137.19434824816588
96.99163143898144,134.71018887910958
98.0238842567488,136.400387342877
97.7332938813419,138.55628037423725
98.38416676604244,139.06214468001002
99.8725425326437,141.10975157654053
98.15287612960134,138.99547194630412
97.17346272803195,139.12402709614517
95.33851513969302,138.27547020778763
94.7682294142174,140.41721975048475
94.76864169094492,138.8001036124671
95.24310335955563,139.04824295600167
94.4510830650673,141.14137276813696
95.91422002555126,142.95098664792857
96.63360090626408,146.78387670119145
95.12647016991117,145.6243600539352
93.92630038261471,145.06132488897674
93.71128800836338,143.9644066334794
94.57547878251783,143.04623102874945
96.09714366995485,143.13382685543255
95.33940505952272,142.18432948199845
95.81443129513563,141.75213970103295
94.59633137683863,136.27252542424202
94.82436659035844,136.22160713893098
94.14764009743203,135.97281915571224
95.3506134017328,135.22137928827786
96.80810758155027,133.7445560037615
97.21279819301694,132.0451251182439
96.82211237288115,131.81649179306118
96.57567730795844,133.9037265953921
95.25423786572972,134.9905865943945
95.07308066940384,134.59062061924294
96.04867206881755,134.76825652104645
94.94719518181422,133.13327667856572
97.14240624944117,132.1719635525023
96.7136843766948,131.87178029425806
97.23319338608377,132.63737876138495
95.6237805548277,130.74510595017463
96.21487969792561,129.25041236638884
97.5396302703403,131.32774264965042
100.08667454110453,130.88584030111798
97.8933027364074,130.1711613754571
97.67086236262413,131.82016443437112
98.78872295468516,133.1925769891524
97.60996537160365,130.2571592288169
97.92263843221536,129.09020841069943
99.72283260959955,129.13853431835898
97.43628171565736,126.68469648137886
97.98067873688967,124.52322333392446
99.45972439735812,124.14294825633353
102.05956978106035,124.25527603502874
101.11954391190945,124.90385468249322
102.42862109359339,123.19984290249376
102.85231416038819,122.1756316585614
100.1509382027869,123.54925987487286
100.45146192132309,121.36964866028235
102.33014748891515,119.81783987552407
102.93466663317531,122.01091693925572
100.03890528146063,120.56559986584529
100.20787893578894,121.34915350473024
96.46527554196813,123.66278212995324
94.82180500461519,122.12834127659023
95.93377050761299,121.35933177717605
95.74745097597777,122.75171001379383
95.63383276927155,122.22720419548332
95.29638832747509,121.29399170905451
96.10639639373481,123.05161097220315
92.06357719525121,124.88712864513029
89.16773961112509,127.54465615670907
89.76683182696465,127.04046261815793
89.96400606155707,125.47788483816868
88.67502347934162,125.89337443487041
87.70654359878372,122.06109489472165
89.46912899443417,121.19775357539537
91.7844013952778,120.89242037517218
91.1382548727473,120.8737909345995
93.9503355055082,117.51697195857358
90.26313204795909,118.20824256036032
89.86671528820125,116.4257587075369
88.69917677122939,121.19270943391578
87.8870439909273,121.2774521070887
85.59257005240796,121.91461572219282
85.04448060899576,120.18019481715496
81.86262107984122,120.41994708956115
84.08088892245236,121.71765617443882
85.03887091492003,120.89570767662961
85.16733079869465,119.05381473557006
84.77228737512395,115.85434960105981
83.17941461217322,118.1839771633544
82.3620223478419,120.22384455086026
85.19342253645016,122.12746623100561
83.03096336378815,119.10033338243018
81.6315031908984,115.78787263973331
82.80060696439057,117.66105738834581
84.4800171620222,114.31364843950573
85.0230928992343,114.19097361545498
83.04120460037522,114.5347802759116
83.07515896029011,113.89875540265874
82.7144277870279,117.74903695588009
79.85264960437652,116.33148637868878
79.81833942407044,114.26261143989659
83.22409854473861,114.83442256277449
81.94855039292437,114.85660872128429
83.58670998521728,116.41887474889008
83.78496785407592,117.75823182232378
85.53270305407132,116.97951872763494
85.86941132294461,116.51941706381723
85.33081077134034,116.20574492375019
85.88902569920961,115.32452035580546
87.25144632730048,111.30341671889052
88.66610844525842,112.5227157104058
89.36755801810887,111.33790775053791
88.17282212660432,109.57318579177408
87.72656668681826,109.98461177862828
89.8672494882206,110.39749037858212
89.57824418559012,110.57944897255041
89.25200767080712,111.20357772701024
88.88838702277268,106.78919208331266
90.26000071558826,109.02751011909463
90.3379107969942,106.79411867048336
90.7437970518006,104.46143616998486
91.07364761395485,106.84940167197576
91.03856785812236,102.16476721199975
92.72770758426634,102.1591156167857
93.28137393428707,101.97352943580323
94.03139667237863,103.50541640186438
92.96963331789894,106.3924729838596
91.3001234591213,103.95732905123096
89.92383810981576,105.24042104300318
89.53605312955568,109.39189272150163
89.1482681492956,111.08786827592827
88.76048316903552,110.69660823087804
88.37269818877544,112.74861703091806
87.98491320851537,111.95213521863843
87.59712822825527,113.35812189828188
87.20934324799519,113.9302312780539
86.82155826773511,112.10648626935013
86.43377328747503,114.84150632591232
86.04598830721496,113.28069743532025
85.65820332695488,112.34024075365694
87.57333341636124,112.26138479629785
88.48501143606717,112.70886353942375
91.2052992931875,113.93315676937749
93.49543317624236,112.63527683199517
93.59344742077667,111.82165350848487
94.50886135670781,109.75540401230255
93.25775989890342,108.65166467396898
94.17549311282733,111.7894601016509
96.52688931311792,114.19544703167145
94.93404899026989,115.74196990197294
93.80237262717534,117.5068086878398
94.47912597309175,115.43393880962604
94.00385081384375,117.12555752294864
92.70571227721278,119.09428121988421
91.80543354494927,120.96294316574833
92.12049416749996,121.12173318999585
93.026471524739,120.809317470978
91.59126303414516,122.11101132567529
91.09215702756782,121.1842133809342
88.31999374516046,123.25176349865987
87.55764833917995,121.96304778666037
87.13079915563067,120.84798939748788
86.82475587849225,120.12730534993727
86.05729864158774,119.47679956180517
85.47847303269063,120.33081276830177
84.7409330946171,115.79482466210777
85.22486357194423,115.65431841794874
84.26756934614404,116.20625864994511
84.59120237053398,118.24086006575311
84.88970081185066,116.29870701808005
83.08667823060117,115.44684588596334
83.60768128488368,118.73732938819889
82.73595383635713,114.82985893585884
82.74081099966484,113.93128111554647
84.49154329437681,108.9820236681719
84.03503901488104,107.11196458564098
82.90581882092661,111.01498024204912
84.10196523550364,112.39435576335885
83.25955014564907,113.52193274540689
82.37956187332226,112.43238951666875
83.7047752619227,109.93921019756789
83.13880192130605,109.28880194818797
82.5728285806894,106.06403132529884
82.00685524007277,103.11755769835398
81.44088189945612,101.33358392349051
80.87490855883946,101.32177429414716
80.30893521822281,101.01129339055825
79.74296187760616,98.17691092237708
79.17698853698951,97.09195682853765
78.61101519637288,96.20326805823395
78.04504185575622,95.76938491886301
77.47906851513957,96.10722421971299
77.31499832791027,96.1087847972847
77.83228361718095,95.6237805548277
77.53686331363193,94.94561846762409
79.91012823788877,94.47065467842434
80.11229927086423,95.72774889701562
81.21070074273068,95.23914927304425
79.15709603550596,94.14211625307796
80.80490976338196,94.87434954642032
80.86948199606559,95.02731231292812
81.59791202833904,94.59020860566434
80.2311256390855,95.12647016991117
79.02689327140048,95.783496282121
80.59838273745862,96.10639639373481
80.3569765423692,96.18524926351127
79.59802386477968,95.92680097037073
77.88236953569809,95.67111946853407
78.17102662755218,95.39888182630159
78.04815166077906,95.6818646689069
80.36047657114615,95.82926804884382
80.08014673444998,95.59402231789946
80.10252706542786,94.17549311282733
79.12709100812047,94.14764009743203
78.67228124006931,94.95795513807427
78.5224579589238,95.6101561517893
76.92676367375084,95.09029099208698
77.42254432958916,95.4348364766577
77.9100011282637,95.54472323762555
76.69428880271644,95.3506134017328
75.46759176395956,94.48083350518827
72.35297704122966,94.09888768386345
70.49454541632521,94.97915981186668
70.28416769922606,94.12095061177378
70.63487401082841,94.88428406434873
69.37585955337478,95.58332120737856
71.3173509379521,95.90097818950105
71.71510823005529,96.02892600280742
70.6000849770184,96.7469579645026
72.55430917726103,95.5553514310898
71.88281399830973,96.62585101417162
71.87071497540683,97.18512962023165
70.90290534816319,96.79713041105829
71.16660040350405,97.06133484628062
70.11635490705325,97.09212622368347
72.0248320835269,97.02514667915835
72.58651185067795,96.6139304453899
70.832157155948,98.05297942684639
70.19166149282789,97.57680060327061
70.20620006570458,99.69805176398043
69.8667764397784,101.13504986324715
69.85273663668997,101.57365927402692
69.82144287929955,101.51828303678106
73.80468125054047,101.59849738850792
74.32847058446845,100.24018245660822
72.12139126805934,98.47508602892829
71.91946383468249,97.08099813324777
72.86847193606116,96.83852284317584
71.83598851813854,96.37489008297162
71.76711899249898,95.61987813380917
72.14393798161724,94.6319879977885
69.15350275584909,94.26958756316789
70.37579742851993,94.11161177461496
71.83111783590226,93.88751368907627
74.74908934025608,94.05772824812725
75.17337978511884,93.95551761154825
73.03975592440348,95.74668042887265
72.56258035628643,94.65048520512596
72.91320652772475,95.09777511810358
74.74875979925064,95.25423786572972
74.06415549293204,95.80515602739183
73.52602432983343,95.91782693024606
73.52418071257777,95.69039316002792
75.18290818724468,94.34999524175055
74.73156263227501,94.64017388107867
75.80619131869119,94.59633137683863
76.03638790249543,94.64266237480084
73.17394432893926,94.50886135670781
74.89787004786437,94.61638911184059
74.93593490298187,94.29116446875621
75.67589730018713,94.2432488301248
75.2007943868935,94.14998556724433
73.23033226531115,94.2760496007947
70.43195353747431,94.93404899026989
70.46379231219021,95.68615685806068
71.64583662066264,96.49136837040373
74.46171759240995,97.1563888357025
72.95911747207967,98.1731182132593
73.35772241821581,99.20155346986373
72.64336704315237,100.1557515290076
71.97721640938873,99.15450826849012
71.47871031855955,101.72752425122725
70.70359960248919,100.6049681614747
71.26630640847982,98.94502746019883
70.70852881028398,99.15366845930399
70.49019103817392,99.05067893807835
71.4530917490064,99.84314674593554
71.83187641202205,98.78872295468516
73.24621835569593,98.4201549350575
73.60869287533266,98.4204817230808
74.33051845079576,98.38416676604244
75.51604693262861,98.32223281554683
76.30842708974318,97.26128740420612
76.83363380706953,98.20517485699378
76.23625076511892,99.77479069012621
75.12572501634571,99.74366191693264
74.426495437241,100.88555798538475
77.24985102249498,100.37506150307776
78.34555874984439,100.790314047718
79.27378290687456,100.84310481862293
78.76752513367381,101.09648034803199
80.35633973654018,99.6988358104027
81.02314143485306,98.64187970890971
80.15074937435563,99.02055454886131
76.94447603021855,99.72283260959955
76.04829563696772,102.86340098066307
76.06153084330302,102.11671692772416
75.32737900690242,100.99334107148957
75.70919866933775,106.70992331114701
78.15674771635608,107.15225848450154
75.5146278647112,107.90659589364182
75.54590516998599,109.23095190263183
75.57718247526078,107.64803038363813
75.60845978053557,106.75886646056222
75.63973708581035,103.48954137434511
75.67101439108514,103.15569639076827
75.70229169635994,101.93476922053053
75.73356900163472,102.05956978106035
75.7648463069095,103.50684280256442
75.79612361218429,107.16632513376406
75.82740091745909,107.1341233739723
75.85867822273387,107.16721305316649
76.11297512552427,107.14997340669446
75.96025545873614,106.69346224803309
76.1246262373345,106.63521785687497
76.20663083647948,102.09725071396167
76.09926002106802,103.29093014360187
76.65818061818455,101.67245489664313
75.59608148290299,100.21858984934029
77.53033808476815,103.07532083862598
78.63872972161718,100.23600171105046
77.05102894292166,101.15288269023438
79.110985223331,101.73997998788336
79.30218827526812,101.33592142748354
79.08336077067943,102.07029736921848
78.43382300308507,102.05412555990674
76.01691126382254,99.8725425326437
77.54399225090307,99.25818516476515
76.67252187202108,100.2195742198124
75.41316419553596,101.89503822341653
75.56562159588307,101.67242007658498
74.62524715740821,103.72217672661057
73.29970433651249,103.47011430710647
71.31663186954961,102.73758695010302
70.63728734397912,103.22187558394778
73.63927974331642,103.81979739013
73.14300742034159,102.70217064167697
72.89529639997514,105.06209282494302
73.14300197422166,109.49939947942973
73.85020768433942,107.15009339124188
73.08433204654659,108.57346060746946
72.86149917067686,109.83167415268103
69.52594474263478,107.70840632223461
69.4124969354609,108.55273542064089
69.794000036767,110.88095954530841
72.82580357260551,109.54406998590372
72.24023291037388,112.61544209535722
73.93349733676862,113.14737661487459
72.92734707538371,112.20268023232683
71.86073432114678,111.16713428718062
73.16208646351814,110.77754983400678
72.24384783833744,112.65270280241127
71.1167725925773,111.24825384995324
70.56004690664189,110.57455265799744
71.9509788510244,113.97156708159727
70.6811109237176,113.93548424026528
69.37436827323562,114.3807493307091
69.47511906163561,113.52616995656122
68.86410642815837,113.33767387061035
70.78132463636464,114.4836017589777
70.46048755402623,110.45691954940965
69.70755169465582,112.237699495688
67.39969995821698,113.83733174671686
68.22937898408217,115.84724792373945
67.5103445883109,115.44417919971332
68.47846074439784,117.73910265402309
70.59833903133475,118.61166111423087
70.57267054309527,120.12196821891251
70.80784859092469,116.1851997913037
72.46712831286726,117.00616765647841
74.47186419777631,118.1549869941121
75.46702384079796,118.27645465973211
77.98897634888533,117.66299047761953
77.42503922255929,115.79229743372919
76.72846323522484,114.05250808458679
74.58027085896926,112.09783709552916
73.24580627323978,112.34169268476279
73.11625151376602,110.90132469456762
72.31075608393482,109.14222892766783
75.66414738487892,109.86634849964899
76.83203618848347,107.24128896479161
72.86769211576484,106.74561474319306
72.41275533939786,109.55095502191972
72.84585671479721,108.65180370228975
74.0721964852778,107.6772391029888
74.09046932640416,108.00269043556807
75.4987215252881,110.72297468018016
75.07246160471755,112.16519879679977
75.32663954439366,107.6490476851388
72.33381881843043,107.81325916834962
72.66185649458659,104.9058379560168
72.0691441152992,104.73169992718725
72.33152198753984,107.14589878637257
69.46686022687955,108.64812151385412
67.99545431580228,107.5433450272562
68.07801185745444,109.87026117987897
66.89451952796506,111.31304643257131
66.06275515127429,111.7399784301954
63.09379967409263,110.84766377378112
63.12868185080059,108.58711357863953
65.01013487520426,105.89596752840356
64.10977607842507,104.90448076093469
63.200231652058974,110.62720170009524
63.17575313025255,112.08239859319079
62.62341809863554,111.72565564726139
63.53745145705826,112.84105146914317
64.91117476889774,115.12619537684819
65.29050977328033,117.45469595656658
64.44345508735783,120.79416088263024
61.81175336662592,122.26558113092703
64.72629275921405,121.77497762271096
63.04392827581572,124.17219373590514
64.22557348364029,124.96865735191496
62.41015898194104,121.89293293225722
61.75741552334817,122.09151886429028
60.37403146599377,119.12982012744278
56.427765928611294,116.54382641393376
56.752543466726294,115.86219831133646
56.02758272160607,120.20624426346447
57.210367918331585,121.29269492761904
60.26728472381835,120.57084716201584
60.2024551351884,119.16654378816672
58.20245370211447,119.10277498552401
58.75618457228808,122.17828107909472
58.97795878228934,123.81367112735519
61.05721101532455,123.56063148837823
58.98004894928357,123.78830817557962
57.24337590632763,122.78262942346846
57.08608140159402,124.67335350945864
57.18876045173735,127.05655031233941
57.35448378466452,126.08718036354543
55.68635784483697,123.88408656418555
56.16429738478981,125.54876416268277
55.783716447582165,127.68493180504808
54.500604857440884,126.80044709624913
54.176662512608495,125.86054684146
54.62070584691624,124.4133870366987
54.00347852173722,122.84557937457521
51.37953910535792,124.14184829797692
52.58627310549505,122.13223459986062
50.59858791798848,121.33030246282293
51.23370433215663,123.51558954895445
53.32537771280258,125.518512777515
54.4589499626761,127.04658977188816
54.851359595847185,126.36060036589343
56.207040128687254,125.54892547866034
55.90489511882665,127.20484673315238
56.98834728502919,131.92809116572948
55.39271524591649,133.8234368373226
53.89492307073789,134.71353087791414
52.43983357129055,136.65512867474303
49.98621205566545,140.55028070971852
48.602631573717616,140.54916136835516
49.04678147364038,139.05661143938585
47.771852732087694,140.43882352357812
44.25773389574101,138.03064395146896
44.79742478756016,137.12464503165282
43.13167330400459,137.21754285747417
44.977518505348044,140.12574091850973
44.15956733167181,139.5814669635506
46.73741462161778,139.07844908859997
46.38431825103152,139.08775373091456
44.9953426809258,139.4784804826786
47.67089780622186,141.4319787008527
48.363876687711034,137.17978086273587
46.12572001180389,137.70688515731055
44.02662027719525,138.96423238214518
41.16908209867636,139.73380737375166
39.39004572383904,138.58128872457308
41.409582673069906,141.99844014469446
41.453170126922075,142.33285804652525
40.31205396981996,141.46380703424808
40.810348212806986,137.51029609211355
39.11241124448191,135.63476426325866
36.53943794983271,135.5949189263304
37.743687001270885,134.36189415222813
37.42711508774378,132.1454217589956
37.28756625447705,130.64637735079302
36.54347787049767,130.2451431865262
35.798640587997625,130.68929974749085
34.01843393480509,130.77492880748102
32.3483348588219,130.84146676325832
32.41984216095762,129.26696558882605
35.009926096659576,129.7415027708424
37.08216034859805,128.94319130838906
38.14195760074903,125.43077951201333
38.12672969875275,123.97540999472022
38.34121507544505,125.55140643988186
37.41375153655445,128.02712459847447
39.21087647319501,129.82933093578976
40.78834881068132,129.85711258204154
41.75521660738146,133.0364476774072
41.03527781217607,132.3237231366643
42.14008679430321,133.1873376470628
40.456024283947954,130.34243843763107
42.333100655835494,132.10576400728473
40.685793458187135,133.05094568516245
40.001064854107085,134.0895180009076
41.405100348411615,134.90807165373693
44.958780180287526,139.64686381578122
44.472186853631115,141.23503984642062
44.05718333272451,143.24454189573828
44.946796164611264,143.32705368830128
46.65550469907451,141.94498955876477
47.1872488113071,139.5881007843546
46.63550748160512,136.27673840679375
47.78048420578583,135.81314726612922
46.10314157194382,135.61582355122982
47.61545249392297,134.31167851895768
47.7059571581138,135.38539332185778
46.6517316322879,138.67501425613847
45.641539151089844,137.22172318417205
44.19882411159207,140.1104958595093
45.96931019071066,142.58091138083185
45.721143190608444,143.29574347967718
46.921653736194486,143.28804050697707
46.81341004863492,146.022275463732
47.15795790577381,148.16839134510062
47.505209389023406,149.25970576824915
46.340178708328935,147.93200692833807
48.09979871183095,147.21142196374805
49.96410353916897,145.64271355401382
48.37097696180777,146.16580781922144
46.006818741536875,148.0306524994301
44.10879333663174,147.9929909077676
44.79677505020593,148.68451945469275
44.79848105659501,147.99770811773294
46.05628196995477,148.1980939650827
46.846388346723245,151.58413178762697
45.749640407050514,151.8020991149507
42.99577188384542,150.08098344011486
42.18649895462628,150.00107925682985
40.961520279329775,150.59281539751095
38.6615725406526,150.3625502599098
38.04968680161075,155.3806745781861
37.69310776245479,156.0834085297204
36.90607238557438,153.90178295003432
36.70298938152025,150.1003107084033
38.26535777665132,149.7600005733494
34.70235318525343,148.70850265097968
34.82112478181898,146.22315076914936
33.64803225349524,144.05243127208726
33.90851863641306,142.9609525029589
32.74097479669032,138.003921321115
32.508343834445576,139.1283588364094
33.244052444263495,141.63099386348975
33.57515309639481,144.85483860446493
33.360394798873685,147.99959564763597
32.12284678153312,147.5844471868433
33.450594666392334,150.76298529436576
33.19426385894454,152.54340268901467
32.93793305149674,153.61176095466726
32.68160224404895,154.0178097420393
32.42527143660116,153.0984889119553
32.16894062915336,150.9769388873601
31.91260982170557,151.74646160076395
31.656279014257773,150.93307585328887
31.39994820680998,152.46224016978778
31.143617399362185,149.638999204622
30.88728659191439,145.36407520920076
30.630955784466597,143.3808660462954
31.912697586870664,143.97733075915266
35.99521975456537,143.16166965670925
35.60880407931206,144.54390053284664
35.2101606971121,143.16094863817142
34.480887589718954,142.94843499497526
34.15812921960684,138.13620393076627
34.016501853457136,137.26992286083862
32.55041021835019,137.77261565557382
33.02444651043184,140.47024038885075
32.78042908972228,140.6956784675979
33.236788916457705,144.5147079395489
31.951928588084563,139.90872719810855
33.93767958125589,142.35577658845855
31.971994170022125,144.9446590017521
28.56826572488784,143.44946088411686
28.147497570606262,143.27229369993546
28.601303156183338,140.44557645090532
30.77015545732704,142.61110562790464
31.941573168444222,142.06928561927245
29.547783471316272,142.44439770493557
28.234657124959046,140.5839213133817
30.746814914667805,145.01703582769045
28.85240572769697,142.11807257358734
28.789108059173454,139.52627375327384
28.27696372913093,140.5743197431413
29.178688339355503,138.76998227848455
28.585984187270576,135.62183337538602
29.965139569566116,139.0249868299165
28.22304826114321,138.19718045845738
26.492603847277348,138.26284783419976
24.760614350899196,139.12906786127763
24.309548020838804,138.87400056091354
25.285145686165034,136.32094031373992
26.05078323748821,136.02021214129257
24.968616815517706,135.95178014894242
27.230519640155038,138.9225976748129
28.549117469891097,138.54511664053365
26.67796139254923,140.5573337198509
24.97187128834598,142.31358936509008
23.830707183584167,141.89326551889596
23.92314944021369,143.4183075868287
24.547107692013302,145.53936966007038
24.665278363850277,146.19404879492242
24.78344903568725,147.2748341219207
24.901619707524222,145.34237171803352
25.019790379361197,145.0624332460368
25.13796105119817,147.09082579186153
25.256131723035146,149.60712373497478
25.37430239487212,148.71143503836922
25.492473066709096,147.58263013043901
25.610643738546067,149.54959589628322
25.72881441038304,147.29709267761572
25.846985082220016,147.82775203299164
25.871775452437642,146.12419025320227
25.878464520039866,143.06835026381881
23.74412386978605,142.13633725429145
23.71768479934565,139.12309669857044
25.044793947342665,139.66365799916773
23.84078351525099,139.0914298233072
21.6840913868404,137.87472827081186
20.252607427783506,138.51766255443926
18.76437438704469,137.71044195853275
19.766243032398375,141.6230907646917
23.185587229493922,140.13308645208258
23.021438339063565,140.49188230673033
20.75309342386226,138.81800945895117
19.892921555423914,137.25399934717132
20.621057219614123,142.06422565627454
21.136326338475772,145.1030673957629
20.287344608651697,146.58230239732555
20.027488409364572,143.9004944080029
18.236325670942712,143.9772725211812
17.913699534592194,142.36985055412168
17.591073398241676,142.31516191529244
17.268447261891158,143.49291574875517
16.94582112554064,142.24684911775532
16.62319498919012,138.52097899177778
16.300568852839604,135.49535101413235
15.977942716489085,133.57202044855657
15.655316580138567,133.73848871325058
15.33269044378805,136.7563585398785
15.010064307437531,134.2408021268464
14.687438171087013,134.6667240303201
15.307488420955123,134.73000464981783
16.583223543809822,133.97495575127374
19.511480062064592,132.9191373358414
18.196918332462598,133.01405175209985
15.699246051369034,135.13439162811738
17.79390181367944,136.194548485154
19.012167904885477,138.12887676612047
17.26654942038552,137.69822545268173
17.48883990162414,138.26570614612595
16.723725089507234,142.07234812772734
15.552317765758648,142.71060111634253
14.33974359700194,142.99253650301404
14.444166684306495,141.77107721620374
11.844453624104696,139.1160785695344
14.844879027477953,138.42140369607543
14.41209587252638,138.7592191542833
11.92614337503011,142.74397194343246
11.387888470603835,143.1236146833379
13.431166967424513,142.86612780672908
12.027676708580444,141.86569259427372
9.896697546283788,144.7327653712091
10.654658977397762,143.24035165748992
10.698315151102344,148.96233493154415
12.207650971139273,146.65844532740041
11.96821973695857,146.201638863682
12.462080316883974,148.17438380298097
11.932693701656378,146.99429011697083
14.325094841684455,145.5643631458189
12.882834178572628,145.62696748855822
11.07303550161793,143.18395815360205
12.17676364499869,145.5202299496585
13.046622681783877,143.17852673484117
13.04157128224508,142.77886533746272
9.713192533996203,142.0034924126779
10.947341645799908,142.86456661871486
12.861563720881595,142.09578172093654
13.44142392527187,142.23204679521146
12.038118099175993,139.772302372428
12.896280356150372,138.2232264288299
12.451734461759997,137.2369649287955
9.658551686762756,138.5586389349704
10.985923243336948,139.10393762934905
14.34304885779413,137.49856115984286
12.805112064745725,139.13033278515624
13.125153854385838,140.82933139153025
13.744890271266827,139.51599401640829
13.12809761901911,140.2723816375815
12.850245101870719,137.25750175979806
14.048436046772931,136.88015846028037
12.592559403744756,137.14303840129645
12.191040942486916,137.66493158964795
11.789522481229078,142.00162342575416
11.388004019971238,140.34152588620125
10.986485558713397,141.19422983813155
10.584967097455559,139.60153309514916
10.183448636197719,137.19951827007387
9.78193017493988,136.42829455126008
9.38041171368204,137.21896590321802
8.9788932524242,139.64393137539608
8.577374791166362,140.0285445390605
8.175856329908521,140.5216895998452
10.354327906817076,138.66028570919727
10.290832542868891,138.25093898154321
10.277953264846317,138.82452713494135
9.637615171976073,142.06682543337104
9.004768961948235,144.43442413383437
7.915771958434981,142.79045338072123
7.1507237982257,142.1591223911489
8.287120207743298,143.92886140908627
7.672764332634554,140.56688226349837
7.725538098785715,137.08887109579913
6.0483072384839955,138.68482188773748
7.975067343272109,134.64653083702746
6.636704847467458,133.61425632446782
6.817924449375799,135.39971715240785
7.448549454699981,135.76265728476957
6.828107379856415,136.20211209316696
6.9399544124601835,138.6037717293747
6.757186359305871,136.33942216004712
4.368299727686515,136.38495304846947
3.9587214769886314,141.30515128219352
4.251868991878168,144.56762306564994
4.830361641348379,143.23896868029553
5.4088542908185895,142.9626716949217
5.9873469402888,144.61524389827147
6.565839589759011,147.3959548575058
7.144332239229222,145.5990642908009
7.722824888699432,147.67892793304298
8.301317538169643,150.54108043864375
8.879810187639855,150.9010978274837
9.458302837110065,151.6974237444675
10.036795486580274,147.91874695308718
10.615288136050486,144.93922607016341
12.306936039632868,143.31373753349956
12.280240155314258,143.2908886667172
12.586357184442912,147.14749359367534
11.349061908583707,147.06818861717184
11.898022850288607,153.22352866453417
14.260382310444383,151.94423456196296
14.938682295301739,150.85465660058745
15.866297987549904,150.38934324109965
15.534626966840994,150.82369666853927
16.282478061358784,150.8967223349621
15.246730987939237,151.3968464045442
14.556588333140503,151.80549499306204
17.779583639757714,153.55358803886534
18.5006349458726,150.7755587731273
16.413393804200275,150.23304711267002
16.937729835488867,149.6435135066354
16.1138052585671,150.0000965400167
14.94444382455099,149.74307449555744
15.274094239944608,150.76979171300582
14.126910606395548,151.6388595810093
13.763664554421082,155.2717807878549
13.980341087596159,154.24010599846648
15.187187476261013,154.63996780610827
15.241022621095158,154.00199557307496
13.308856514538416,151.78481951095623
14.510388598534838,150.9236643390679
14.282822965355592,150.77953744422885
12.829099037594895,148.0133177048245
12.864655920976563,145.44444116875687
12.599463271493294,146.35326570570348
12.497888576318054,148.7792953322567
11.674193259235567,150.25118298221648
11.234540305021302,148.6845004725029
11.803367794526686,146.69995542934558
11.519287745069537,147.27519132096992
9.819966475592361,149.35784665361297
9.928840579155702,150.01845533003885
9.696996155535635,151.85353781130334
5.830457252061821,151.66619058272633
5.632740311864031,155.59846261667914
6.492693743508808,158.8677166162336
5.725969745812466,160.0874861937335
7.366614239742851,160.8267468901746
11.222149145271699,158.77295240934518
8.63409589015778,158.89297938082586
8.791847882840656,161.4161563482694
9.3121305216788,159.9808213924765
10.237603166845185,158.00864385337758
10.02349890089579,157.40218344656333
10.463876487802617,158.23227887783906
11.464590203170593,155.37315135298786
11.71814160678682,153.69223391932522
12.714584348701345,151.59960750372946
10.728212951828857,148.7670492533535
7.816497788228826,149.88047643246898
9.08206601564996,148.6676818637782
8.308663921572789,146.6813624614336
7.136133785639313,145.05025231613266
11.352022297759747,144.1680454674339
13.213549418146531,143.20821233281094
12.402049233722705,140.81406135270228
13.059895607791548,140.52854347183776
13.996769209197693,137.26626701052422
12.517169921263198,134.9311471202881
12.863699318349415,135.01716365896152
13.573772209622028,136.4027396843367
12.31928355951666,137.57360287339714
11.136051582736421,137.21265716604876
11.436602417561188,136.68853894300736
12.64096589486961,137.22614923847166
12.218936957167495,137.04048551752152
11.839666656790195,136.348626617304
12.164319509916941,136.85289539401495
12.497838745905781,139.47215086826444
12.43875221755059,139.08653353287121
14.687178988056155,140.20031700991734
16.49839358218991,139.97874876808575
16.804378114713483,141.82902836199474
15.94683859386108,139.5315574802223
18.215510035031524,138.77868751782316
20.04355584104656,138.68418488768083
19.833796273386277,136.51529581294395
19.621839405094722,134.37111018209106
21.267837180976464,130.97845639200617
20.43423627299162,129.18579404397752
20.348824881032215,125.16294647848252
20.412467742848897,121.76808650536435
23.119765432821886,120.80023348457182
25.07778270483093,121.3719297452771
24.261796543145753,122.77284289645429
24.42597306620635,119.78526186764067
28.240345493855482,118.80953634887514
30.62561810124682,117.22275350727837
27.187202863431235,114.68083741740219
27.138075586205627,114.57088194518938
27.050495001213676,115.05862442776306
25.574178366611324,114.42648951665323
24.610025130971323,112.56351084771067
25.181665080325338,114.34462323570841
26.111420843112974,115.44222535451323
26.793719191646904,114.54044712622672
25.644588164326997,112.24737249166003
27.77225204117904,111.31530608026544
27.243284840012752,111.05267214987622
26.71431763884646,110.13675471419496
26.18535043768017,108.71916621964372
25.656383236513882,107.76715734609763
25.12741603534759,110.16033583038107
24.5984488341813,112.162414904327
24.06948163301501,109.984214433438
23.54051443184872,107.07895349773597
23.01154723068243,106.70321481735336
22.48258002951614,105.78754634276004
21.95361282834985,108.94667373783071
22.124751601697927,109.50903858054382
22.295890375046,109.25465872817468
22.467029148394076,109.05376192899888
22.638167921742152,111.19698103022841
22.80930669509023,113.53627626252256
22.9804454684383,112.27471926877745
23.151584241786377,110.81588015354143
23.322723015134454,110.29346814989339
23.49386178848253,110.23149189424255
23.665000561830603,107.48502443435723
23.83613933517868,105.90177513293112
24.032962991824782,104.96131811951213
24.07568118101437,107.7576448236363
23.17155047871624,104.5589172056721
25.696982537170044,103.41501494375531
25.256232575359054,104.18386824466114
25.805566798720577,107.93090276884693
26.116176786425477,108.5038695408829
25.26248548379666,102.12105396073319
26.935417894957382,102.14994630901134
28.91482370754795,102.57621011984595
29.934599158032032,101.64467200840298
29.571613309203546,100.50311038662858
30.375586891922545,100.6240410956988
28.887959183990926,101.51504404333184
29.845112227104607,103.85646936546604
29.03592205110125,104.35548186694942
27.779640389046378,102.44496487833784
27.762003380695276,103.74438512070849
27.809151758425035,106.72728132226446
25.222588074731547,111.21197018522803
24.605537590965618,113.8011363397406
23.9867617783382,114.30108169605676
24.485573952917754,114.00041629949226
25.163185655620953,117.20694059825722
25.927013176492867,116.99041879947397
25.893581153060584,118.2800671308611
26.789538182092713,115.70423362019909
28.437899622705004,116.5555937521079
28.78213359814625,118.13488059327112
29.223549950971115,116.39586363307237
30.51900498876846,118.08700011303189
30.89157243665904,117.49241327028676
32.45966320123994,118.19844031577544
31.667179649875564,115.15931984387551
31.70747756932393,114.26404290099
29.97607827152129,117.03118205916847
30.78153388655493,116.240312529305
31.79648647055179,117.12912051782953
32.66620508012961,113.75493376014373
32.971397166545515,109.92548507685107
33.27658925296143,109.49614042582232
33.581781339377336,107.2517353999226
33.886973425793244,107.81084702883857
34.19216551220916,108.96394203181255
34.497357598625065,105.11237003898552
34.80254968504098,104.56650071102904
35.10774177145689,104.191171693866
35.412933857872794,105.20870329330442
35.71812594428871,104.74476315871242
36.023318030704615,104.26740610336952
34.98880495247594,102.55378744924913
33.88062844756244,103.71464167784289
35.43059711430982,106.05512640208111
36.00925897260999,104.6131134140924
35.957148762172835,105.14198119586061
33.93134774142077,104.72657301887341
37.10319109365248,104.82496516944185
36.67849017392692,102.57363165626836
37.545350955465494,104.54550114393295
39.81703752960808,104.33761367443333
37.66859622170041,106.48251152011207
35.3027637993687,107.41939272778113
34.97359088616512,109.0740813403109
34.24643716883833,109.97374267339337
33.67256319984536,111.09286085403316
34.236251063552054,112.5108810463897
34.597968520733474,107.8290338328604
35.69899656485216,109.20094143472075
35.26779655918976,110.42406770986999
34.56838082344315,113.46219101913873
36.47716521972205,110.91383326445929
37.40795450189741,110.66895048716464
36.689308296422574,110.98870687195212
38.074311466150554,110.52202082078784
36.92233847905239,109.30541525570732
37.24713005065914,106.73813853201261
35.47558417822625,107.26263765638805
35.31203021924768,106.76765856122684
35.61314338248257,106.09044580943643
35.835755318409575,106.2212263853731
35.52077985125367,105.2332510408962
38.646630743426456,109.57567419047105
39.86179893028351,111.33689853396959
40.93369826211843,113.68009455544393
42.64384557902618,115.47800044363544
43.722901557288125,116.43339657279591
44.746863991553845,118.93291890971915
43.41872267510926,118.26912204032419
42.0190123663828,116.53579160201366
40.98210680017863,117.8609747817097
42.289516155605526,119.12375610194954
42.801593139191986,117.52321312849551
41.13778154311596,119.30253979851342
41.637496469343496,117.53302007359325
40.49838630889892,114.65018694128514
38.69956889593057,112.25158842040967
36.51715867140548,111.16145475630275
38.577482039906776,110.47305683389351
37.56382933625771,114.84312202590111
38.40258175147019,115.1304725930784
39.72742092847186,114.82324451717456
38.10156706545518,115.34623270185593
36.896005211162716,116.18809555061455
34.93825423212346,114.36106750097585
35.76916506046437,115.23172876940798
34.788180766088416,116.36349035518634
35.64177993165455,119.89253623949229
37.00550060626745,118.11371759683661
35.41895336128383,115.3177493771928
36.55405866018891,113.34735117742015
36.62255945964507,114.27208481727558
35.92750015639035,114.17224390825281
36.69529324192184,114.3782412274048
39.184353093233526,115.45581208690632
38.49959736738124,117.495085915174
39.34110737371416,118.20418814197792
38.846834815261325,121.18783825193466
40.23570626603056,120.95208365670209
41.66608583759947,121.38730642589846
40.63336656442131,122.12569869267124
41.14199152125062,119.0562306459481
41.33404456277468,118.79616344419345
40.26838252617337,117.18911194794931
40.65816040621403,118.07345530089296
43.816408661664696,120.35128734281639
44.027201753021544,120.02502394984613
43.31509368500732,113.8542600853877
43.58629424637666,111.14685315172903
44.33825552972571,111.97052474332625
45.157942884913275,109.96269775662093
46.42528641459032,107.80283581554797
47.21347198642971,107.45564209082312
47.989665940641,104.18407935406454
46.414748014191034,103.0899966063507
46.30587928112987,104.17996303165273
45.33111630133087,103.43362501860481
44.47182028836207,106.66702715256358
44.75629531765942,103.6906888737187
43.55000112686793,101.93093618254565
42.85780634808063,103.83377034629821
44.84076342980941,102.10338234775654
46.69174517592254,101.7482860630251
47.756338099391876,102.44524281019136
48.82093102286121,102.60474940209018
49.88552394633055,102.62113965886837
50.950116869799885,102.12373216512354
52.01470979326922,103.46895711038074
53.07930271673855,103.351587821439
54.14389564020789,102.52928300053779
55.20848856367722,101.13498697116604
56.27308148714656,102.5014562468445
57.3376744106159,102.35164120478656
58.40226733408523,101.09135941449382
57.517563728471174,100.24596548846675
57.18134042015498,100.1509382027869
56.646632336285776,100.10315304666406
57.469447860036716,100.30976403901916
57.786375483386486,100.83283620415799
57.46319875440593,101.13702832046071
57.140022025425374,101.13192273944964
56.81684529644482,101.06148389396834
56.49366856746426,100.66981514728559
56.170491838483706,100.78607298770547
55.84731510950316,100.75505568316245
55.5241383805226,99.36641655344023
55.200961651542045,99.32803274928185
54.87778492256149,100.1184445486467
54.55460819358093,99.70848979760297
54.23143146460038,98.82574219711451
51.518496587037184,99.27533801731408
52.14194466182333,99.23507896282368
52.31389626208769,100.28923757179555
53.30495475889766,101.12891717763387
52.615847654241456,99.76414993496611
52.86562000379382,100.27116256817376
53.38771440448176,98.61017032791588
51.107674379271764,100.20787893578894
52.76678048160295,98.50155999676375
51.777181764636296,97.61440829779332
53.83624635048273,97.74060360999586
52.487024683191024,97.59709840015728
51.991220428233326,97.47659716471844
53.85296432553376,97.17346272803195
52.7591536223211,97.14227242730391
54.02961230727902,97.10645851205852
55.92706715306779,97.58642635921815
57.3437102041627,96.90608767957279
58.99203514658795,96.76177569501378
57.30985635311518,95.81443129513563
59.901165046851055,96.21487969792561
60.66477927497925,96.3789110565745
62.317755516704,96.42759615607889
62.544406312166494,96.4668424121654
62.993604838007215,96.828625174621
63.536300695561785,96.99146629841586
65.89569410074706,97.11061338207156
66.230975269402,97.21469876219128
68.54263728987952,97.83507282074075
70.06308692141614,96.65177195093801
68.6211790000465,96.93848778391889
68.94528429334694,97.51253502525269
67.46624491613147,97.23407295873153
69.41575477345197,98.42847074237145
67.9608872308951,100.2631300728968
68.12338665151017,99.66519763765767
70.57420169104421,98.61958173403242
70.37732162077171,98.56348276027747
71.55182121245197,97.95645494617428
72.85035810483102,99.23864146050995
74.73884027260178,99.22803780374275
72.34522602228932,97.24948793011933
70.73683890937387,96.97284442238933
69.84332160303465,97.23319338608377
69.02163423101823,97.4928884643554
67.7899889321327,96.79702621479257
66.90653796887014,97.35888117872734
67.57231373854759,97.4660488669443
68.18537561540221,97.5368635505865
69.43719731746633,98.48320557968445
69.17861343428623,98.52831001686322
69.19779585064478,98.02960952983122
69.21697826700334,97.61176035921874
69.23616068336189,97.47423450431492
69.25534309972045,97.43628171565736
69.274525516079,98.33795003623892
69.29370793243756,98.19021777443281
69.3128903487961,97.55660083160531
69.33207276515466,97.98067873688967
69.35125518151321,97.71802854563093
69.37043759787177,98.08856266948895
69.38962001423032,98.45786539166535
70.52359728583897,99.89817203122321
70.93580128948877,99.74695156007766
70.53407118710574,101.33881629530273
71.84338514646043,101.57538073773884
73.11398545594854,101.14112314418098
74.95818311692945,101.29732739020886
74.63564406799792,101.77509743064851
75.54124409932103,104.27857595263124
75.3277386193832,103.1370200603403
73.80315781230965,104.48402385892224
72.84641723856518,105.1866178459411
72.19447270676307,104.92649282953755
72.71035092645658,107.54907641573224
71.25245900228794,107.8985990575415
69.43744464116281,107.99459776169928
71.40856192590189,109.34140532714366
71.49054986926653,114.05135326023027
71.4097430382121,115.71759227852283
71.73960065893199,119.0769309661137
70.30497133429704,118.9649806570281
70.67158787119571,117.85696476962971
70.75281606376336,119.2161799629781
72.70865320213466,117.44018712506329
74.10392186887363,116.5044926193756
73.00129255605873,115.67546348789338
70.8552880292179,114.57760175996758
70.15636261062997,113.4105869299042
69.18703503801923,110.7669035980825
70.75206630887699,110.86485670900035
73.5170468836268,110.48750449159313
74.18022845927673,113.0365614933254
73.27116412747677,110.00507334652247
73.61266194616569,110.41288363249097
74.34526780646615,113.85166677494811
72.36474410883832,113.00649812395767
71.01881619377566,111.32298564221954
70.76786834029612,110.64580916766239
71.15712735065797,110.30919928879585
69.27375792115426,113.45186663451068
71.13038727779973,112.26434097106207
72.05244228376229,111.24393687933245
72.61533909246718,109.94447332601473
73.29448086005169,107.93356792411963
74.35624117051663,109.40624886353393
74.52376594384809,107.6749822415725
76.93655782332381,106.72516312685738
75.38789911488806,104.43988052453469
77.16744595138312,104.61001057738915
77.49928732410032,104.75624747569815
75.06377720614127,106.76891059071028
75.10563333875807,107.89483750653378
74.69655158215133,107.35988044427833
74.35918990207807,104.27667499631904
74.18362994564129,103.29561361084245
74.46385630901825,102.15948155841971
71.64700614655489,103.33965575108243
70.85327972515788,103.30796161511253
72.09620613947584,104.07080750561593
69.50512592848409,104.47650591718673
69.36394941883499,103.9231968508642
70.87861823635338,103.03502076367062
73.13579758760439,103.90588511365345
71.99288889088791,103.35370727873143
72.76250796626644,102.16065499294179
71.92415514077267,103.08897798654172
72.50666272289375,101.91585844156702
73.3966482544227,102.1138191985658
73.92317155544438,101.77267245689873
73.2312198812009,104.06698292390415
73.0021967510379,104.49914196340677
74.41800904029267,104.13287334635422
74.3083382766769,103.70552467251888
74.27901783826839,103.92547204655085
76.51749207558294,105.7827564212237
75.167900983926,104.06277605344368
77.84190967627944,104.01876047526991
76.2964904125257,103.33367918278378
74.30904195953984,106.62214576978216
76.52621150893566,109.02839852085866
77.2678103225541,108.58112242371668
76.48579543291025,111.91114334209286
77.66988922681603,112.39383139986948
75.54235584022331,111.56565088603593
75.20302222311656,115.02000071069807
76.82838799966144,113.02309248411316
76.58346116466096,113.39429217200131
78.16858329596778,110.8426653979661
77.90386620402973,110.06904020279994
78.14357890876437,108.93113953482383
77.28369328005147,108.37336768670662
79.37029746729038,104.1361666667
81.1992527153687,103.12982800231806
80.77137173989719,102.5614469449732
80.99692981424387,102.04988613438938
79.20862212750484,102.2684097998565
78.05422467972257,100.63150968388904
77.41531028261294,97.21279819301694
78.22963521366768,101.2420882439455
76.79915538607602,102.03165493641264
77.31478667419327,100.67130951453558
76.72560430399143,98.43240318687957
76.75970422887185,97.13764322953648
75.39344061988673,97.01277971420986
75.38267521629594,97.09413513342018
75.29348102968268,96.82211237288115
77.31149090875793,97.5396302703403
78.77492408373763,98.10830734330273
77.29927531329105,99.89324969278893
76.04430971220725,101.04539929758742
76.88235240908301,101.87337781212435
78.67423274034451,102.95444387573053
78.2976286703514,101.42997132152293
77.40201629689746,102.39989087138233
78.8940396612224,101.57095926224909
75.93181395685964,101.28250250583193
76.1169029313406,101.50464090136235
76.8850075514842,102.27503240350123
75.85152134644197,102.00649737731662
77.07244772144857,101.03060388164883
78.1054080083356,100.08095566102251
78.1788600571725,101.21209011346191
82.25548130959567,101.0301360436715
83.09421965985115,100.57924746523601
82.28321904187996,98.0238842567488
82.65777439545191,97.33736757598217
80.06990168209049,96.32074516644512
81.10546444832192,96.69709504638784
79.83285003524797,96.77891456819872
80.77710809490159,96.31938512045905
79.90624707309851,96.30003370155879
80.0985406935218,96.413229828777
78.92160293567332,96.87441016011077
78.00104160442164,97.15095261448737
78.55121361366324,98.00957753946702
79.97849369538704,99.01200958158705
80.41196926332115,101.0103396807504
80.00603802360375,99.47366809979277
81.09019994624366,100.0139847173528
83.7500493971921,101.04144191545565
81.08365669907364,101.59733270226401
82.56934889057807,99.99506732299307
82.54150415735907,103.1603094687225
84.02889252267106,103.68447538593263
85.62800721515939,107.04252178556786
86.68093058679887,107.08758872711526
88.08012259602603,106.9529946625677
85.98509727238249,103.74066805550851
88.61691490425433,106.88526698898112
89.02074492229711,109.16815241822862
87.49183295512125,109.74875631035856
85.66575543973329,112.24168838709576
86.26895956330738,112.63225248940418
87.86660591369987,110.55417494085366
87.01372344073876,112.16145282870431
86.95749392505822,108.99851882759314
87.41017895342452,109.71590245950512
88.45766219969903,107.75414977507428
88.05903022782589,106.69523261971649
86.2472725700562,106.99391950777186
85.05332886266092,107.62881246819167
85.08705196239445,108.47002029931298
86.12855560118433,108.35958632948572
87.70886726986133,107.37571261517743
88.07273889971812,111.58616634166951
88.4366105295749,113.52111968527075
88.80048215943168,111.59835769008086
89.16435378928847,109.72826299094645
89.52822541914526,106.5609350975055
89.89209704900205,106.47589386945164
90.25596867885884,108.98162872189937
90.61984030871562,109.48568765128748
90.9837119385724,113.02436423327134
91.34758356842919,112.92839499295317
91.71145519828598,111.90050796274444
90.64713774429876,111.6967540536243
88.85279639367408,110.71792704262356
88.81323190797424,112.59315960998397
90.79939020505161,110.81383433105734
89.86761740532538,109.0262954987617
90.60344755886089,109.5270319841389
89.3472014654982,110.60603454145081
91.57586539239078,112.91907134722395
91.52699904550279,114.25470878570621
90.67173140105089,118.92732179584587
88.95974055142966,120.83987491896592
89.05658299244715,122.1597698998003
91.01389537419314,121.59820012607601
91.18083548948779,121.2751232152389
91.4691118920603,122.0585185046009
91.09817624931395,121.25200758200755
90.25523773775193,119.29608433943795
90.2215119966529,118.57273762216597
90.04935688868652,118.92142188385651
87.20875791852025,118.59025711502649
84.44066473860737,118.57317056530206
83.15020433212585,115.78079294850154
80.96250977880588,118.17827791310481
82.45767986681943,117.9473742346766
82.43365031385804,113.9613390061757
80.88099698237166,115.39770042301421
82.3718869689911,114.09649992175923
83.38522792355703,114.96925332708783
83.39832529877253,113.09445212082206
84.92275384448536,117.17167391130056
84.70110454371276,117.63018490214795
83.08323387894238,114.86842664602676
79.84424312013155,111.01979284534004
81.06309998421912,113.2498071596995
80.85771776264605,117.28756161484473
80.82468570894589,117.36667216010248
80.32345834778222,113.96529637105009
78.55742967512317,115.36675834094595
78.97526946257365,111.97984892713527
76.64010812263174,112.27967720480436
76.97648772778703,112.19902535658237
79.1383507926035,112.0744812079297
81.00592887270109,111.62689993415671
82.67599253588558,109.13530776369885
82.8530991815775,107.56926120047538
82.23831611683028,109.32619848527527
80.54506366033074,109.13121084794922
79.19501592167259,111.26933446137663
77.72630637088038,113.40159770044382
76.47965009144679,111.3414719034451
73.90310804766078,113.80223114789612
72.23286122991556,112.00334977215732
71.89489257831876,112.74318070176922
68.5497632901861,114.55078641162474
71.25288439607243,115.4118299117936
70.52524895513005,114.25021366052343
71.37396388042815,115.29786544838996
71.94402353726862,118.74598537907765
70.99186843462847,120.83933173128814
71.00041975332185,120.69770025767959
69.69558919968492,121.6956311217717
68.13666450035714,122.04028978052858
67.3104877504245,121.52737687393902
67.12129428265143,124.8107651096811
66.2408680041987,124.39698107668121
68.20372661650507,126.51933909222907
70.36870394905098,130.72076917052965
69.69615226773823,128.59173838835676
69.53520324570079,132.9747523671036
68.77026740171306,133.00709067929182
70.1075416622695,136.15029831262564
68.5554536336784,137.1310390974922
67.91849868164996,136.7215678317158
66.87857646474907,137.37559650016973
67.19968728828934,139.01652174187188
67.28128878341397,141.96111922659318
66.61512596536384,141.22759051036329
67.91614900547687,139.76373667567296
67.37614045726929,138.66655468506588
67.64696463734782,135.81784544579756
66.73571954408169,139.07270717700803
68.55244755576108,137.08242228234283
69.79847617089969,135.95142072530777
72.23487659151598,134.01985146457733
73.22615712376316,133.72563411429027
73.18190580088185,134.995340428939
72.40339741670154,134.0449465625705
72.96369633887207,133.85715735612317
71.28375213976092,133.33738801499157
72.03859922695773,133.67174535506194
71.2183601421752,132.86528031608935
71.67232884419637,129.58345186504565
71.67265567451756,125.25825914275912
70.91996791902733,125.23637156735907
72.22174960822943,123.79494036364277
70.60235958547919,126.06762092181502
72.40816271395192,126.35097633489616
72.68422038154014,125.08884450790038
72.62761547313889,126.58412674384067
74.29821537424472,127.95458477094304
73.21811316915762,130.07113666529088
74.03644819361524,131.1672580322287
72.3938980382829,131.9247039716639
71.49484417875625,134.31124109910962
72.56812997283497,137.98331386478245
74.07354765413494,139.34472684697363
73.80085594216908,135.23709531165335
73.17140217309645,138.16013153670184
71.36724988426604,135.75186002584118
70.80358328040843,137.1404182623271
69.80383228084149,141.39053947317814
71.02953019562534,145.17805652445568
73.75914867664619,144.77661877043565
74.55642155198638,144.13308383882207
74.95125540675194,145.40919737269476
75.98176745392564,146.55305473756638
74.37305265145862,148.5872155233782
72.93544439110072,147.81855440783465
72.01829345881255,148.92844960107195
74.00798453374037,146.76907785566033
72.68664743501081,146.47232559513319
72.46846942857837,146.4397634663303
71.71807988369936,146.9846457770405
74.08464525407177,148.36072123618848
73.68676701713714,144.90113195374445
73.96654982036459,143.6176875619026
71.70802999391456,141.8261135203077
74.42474402952871,144.33383758517937
72.7711831724825,145.7722655065964
73.13562466732158,144.34722253621945
72.9326449256607,144.5963519832328
74.1083703871721,147.9079066089718
72.18846445354525,148.85118391226743
73.76927926374734,147.89571600985735
73.20855269187186,147.35828256281792
73.23926452549863,147.50548655399265
73.44872047352587,147.13853362788805
73.63981704015514,147.47245294085874
73.83091360678439,146.52525527424652
74.02201017341366,144.7982095539161
74.21310674004293,147.64788460651735
74.40420330667219,148.5303096278134
74.59529987330146,147.0015483986739
74.78639643993071,147.63328247663807
74.97749300655998,146.4442204081329
75.16858957318925,142.5804570100805
75.3596861398185,141.70540026970926
75.55078270644778,141.979398034153
73.68247770031024,140.92017634611895
72.01313479103372,140.75498492770808
72.68242947945156,141.07860071719682
70.52679410265019,137.52649739060925
71.28929226668882,135.5959444009302
70.39585694810366,135.46380128569342
71.3467858798416,134.78148841575978
72.25364110866477,134.84337287645093
74.42179139393859,135.10306926207076
75.08230981525469,137.50345441928673
74.33245118973902,137.05468812025626
74.61173263674272,136.67825348283642
