file,tau,m,mD,mL,mEN,mTT,mLAM
pks0906+01_lc_liner.csv,19,6,0.8798749215816336,6.318224526988232,2.0611490045125067,7.718765968611929,0.9240200166805671
