file,n_raw,n_grid,dt,tau,m,eps,RR,xmax_plot
1ES2322-409_lc.csv,73,3906,1.0,76,4,0.5083443284385083,0.04257521095259174,600.0
