file,tau,m,mD,mL,mEN,mTT
4c+01.02_lc_liner.csv,24,5,0.7196238836611023,5.193912495730323,1.7814545238853938,7.29319832104026
