input,iaaft
0.0,83.45191833709173
1.385365404932953,83.95618953412671
3.7773119887309328,82.82372513843269
4.262789608470702,82.3718869689911
5.211518375527408,82.56724995590203
4.4061781453185525,81.50261763073154
7.572278138388661,81.17657187244879
7.680149201507955,81.03330220519712
9.862917211760648,80.56520657614656
7.141329676192061,81.40528566837759
8.778362827397462,82.05692027256109
8.190903515564685,81.77150309968358
6.379007354613001,82.96410172725346
5.274653364798741,83.16842914788454
3.6085762361414595,83.13115905911374
1.981583436417834,84.30003886356658
1.4750433047369305,83.71851428405198
1.1141456859470449,83.67501920730561
-0.3104167326114333,83.60768128488368
1.4520103765227668,84.6579660574421
0.8345734496055113,85.90093692231859
1.082453926288773,85.63704967701344
-0.5276820758840104,86.19307036506311
-3.814258315680819,87.37495152423442
-3.9644171972294844,88.37269818877544
-3.181933485456393,89.21974257907665
-3.6230398623048843,90.89449496673578
-2.110718425930548,91.20155339035345
-3.5440199333585154,89.92383810981576
-1.3441782028285947,89.50916720352885
-0.2384399842600955,90.99924151904881
0.1306355560444351,91.31566517360837
0.22341884285858568,92.24936427947021
0.1112137434301484,91.19980290380995
0.5713429696761417,91.94522235266805
0.9712445997187487,93.0189339459654
1.9920921369686226,91.71932888826983
1.5702893976946146,91.56478903154523
1.742602037075178,91.82221794601188
1.9825600850543,91.40139871100581
2.6846567093591167,91.1960632203093
4.44187299928095,90.54679625768144
5.915493316767643,89.96171211146803
7.917023052826827,91.83414852999586
8.40129612451765,91.46443303878304
10.036115664556545,91.31105543830978
10.916959559057654,92.08268345548696
11.089742047722888,92.31335113226162
12.305176938071757,90.11110909779707
11.990477083264144,90.19588228703718
9.247919055518313,89.54682756310136
9.775151346388203,90.60344755886089
8.9801026836358,90.73752075882334
10.373180204108293,89.53605312955568
10.481634362169212,88.99167271517534
10.590088520230129,87.63194198675266
10.698542678291048,87.20875791852025
10.806996836351965,85.99561024369933
10.915450994412884,85.38288637062281
11.023905152473802,86.15076468719876
11.13235931053472,86.334349371716
11.240813468595638,85.64091290757858
11.349267626656557,85.48643171407407
11.457721784717474,84.70110454371276
11.566175942778393,85.37871019354365
10.00910562850186,86.04598830721496
10.525654420935751,86.22964504701781
10.73550514447979,86.46372114275755
8.68986225866458,86.78363490406052
9.367548706329472,87.68018157603089
11.4856405577827,87.94775084081617
11.405035078702005,89.1265951521007
12.160524600991238,90.72370489845645
11.38094798041523,90.99663069965028
11.940371352450471,91.17751830550316
11.20535987078298,90.8993214511456
10.374147958202025,89.80467202848375
12.43267891246409,91.32396413165006
12.808535466409733,91.31704876982162
10.367131742977236,90.31260133537212
10.306749475449239,90.11068927965155
12.167239490075131,91.08285480802125
14.541394811768761,90.83597056013727
15.828005747920086,91.0215261173556
17.235590170671088,89.25190205521793
16.74693795557076,89.21305793022769
17.413953576808286,88.79255750186668
18.03239788740361,88.76048316903552
16.674474379026552,88.8447944683341
17.757154196713625,89.3472014654982
17.348320201784347,90.60334243280408
18.207717973602172,89.6883322461051
17.279355756103666,88.53310324762788
18.169503245432335,88.84264021440266
18.00843678246589,87.24111013735825
18.802804584430184,87.74656547819575
17.797865688599142,88.37338703814515
18.84845745745426,87.81490509806866
20.00753395090217,87.6224534891601
20.899898188722013,88.06845472122656
18.97691559967132,88.34295216311557
20.10079198487407,88.48238426993107
20.93830746845528,88.89129545775683
22.02452892485715,87.79511771069608
23.035353041446985,87.80061899562888
20.936768445113557,87.55553680807263
21.334751320682873,86.45992755252838
21.732734196252192,86.84659041159607
22.130717071821508,85.24804522870677
22.528699947390823,84.21454425105819
22.926682822960142,83.68862684027347
23.324665698529458,84.74333339743548
23.722648574098777,83.46473753077117
24.120631449668092,83.22888143257086
24.518614325237408,83.7500493971921
24.916597200806727,83.15020433212585
25.314580076376043,82.33701833355444
25.464600372308947,82.55115958669926
26.266459367565815,82.72682907184767
26.477767562996423,83.43475182070136
26.927615254042028,83.08323387894238
26.07343486331258,82.8530991815775
27.582472399091,82.53494777753177
28.259493029186373,82.68157811404954
28.692129450587842,82.23831611683028
31.00136692510384,82.73595383635713
31.02723612529165,82.58675087004269
29.924604217189156,82.53864562717993
28.848346460143137,82.93411335501365
28.81686471272442,83.5497942837336
31.00841108638468,82.88190100146622
32.62876386434028,82.86441230382817
34.37827459915228,82.74081099966484
33.05003798825806,83.22409854473861
35.11306823976133,83.18354578223736
37.64510717718376,82.43365031385804
37.65883459147431,83.15475258901667
37.61195358442388,82.69207235716912
38.05806381720249,83.44017731693343
39.177940287918666,83.07515896029011
37.37510899673358,82.61409217278796
34.09819195185448,83.26130576157948
32.91475223132332,82.80664297782057
34.997836711783954,83.17690748509231
36.165681719253605,83.67411193424354
37.830803267140965,84.44452691640215
37.353419428178526,84.13018802495318
38.66491403947284,83.29465642345332
37.19440823068479,83.58670998521728
36.73805154668801,83.99538095569018
38.50793528585012,84.02889252267106
39.931116406,85.2224024786137
39.910160355068506,83.6800479766105
38.47823955114975,84.27176971046777
37.905484482335915,85.27967923067561
37.65363260952553,83.43002406426794
37.70840719077736,84.59120237053398
35.400784019244455,85.62456314163958
36.83224702762456,84.13427815910292
36.9986053251655,85.65820332695488
37.606339474151504,85.46502137720344
38.41697319094081,84.89806559575942
40.28348835772421,84.27978907052
39.53602886864789,84.03569715515593
36.00572006422812,85.45353550352768
35.8784309320625,84.76565038624733
35.751141799896885,85.99916052267184
35.62385266773126,86.7519704128429
35.49656353556564,85.42417832801135
35.36927440340002,86.26895956330738
35.241985271234405,85.95887130559983
35.11469613906878,84.91103456782389
34.98740700690316,84.25556695555224
34.86011787473754,84.52408923676636
34.732828742571925,84.68177412454331
34.6055396104063,85.53668496445023
31.947727643447607,84.20446347800532
33.709972919560585,84.16649263237385
32.83471198203554,84.83772181517116
32.76096481562464,86.9525825098245
33.487427797245914,85.53270305407132
33.02372876449502,84.51045255959436
34.916183526919184,83.64646746939066
34.49349500530377,83.82014531082866
35.00320611782072,83.6435462602952
33.714126283565314,84.11427309493115
34.30875666920742,85.78860113970929
28.861649628555597,85.06030149411554
31.389481758565744,85.86646121336564
33.162044618336914,86.34178067262002
32.97621795137132,86.367525689908
33.017363574033155,85.12896353492452
34.09387769368062,84.37308798863127
35.68882294068372,83.54604427892446
35.970568109153525,82.75541325084203
34.79962603115854,84.06101159896113
33.95278962146973,83.19420494981092
34.69243666399076,84.09229898842173
34.65395783200144,84.79049439842478
35.596165382536725,85.2334475571223
35.42316145929156,85.93082127362693
36.244109890679454,87.09201258457743
35.574734195832505,85.78553917604647
36.062275007030905,85.86941132294461
37.28394653763401,86.80593959926254
37.47047120012098,85.51426430456593
35.65130654051181,85.78350637542263
35.99611989589586,84.5946731622538
33.52042811888191,85.67940095927715
33.18522693525326,87.574959405261
33.29799123160961,90.36116084773668
36.55073659341095,90.03146224436752
36.44341165535033,89.97984566904641
35.70309449843563,88.40874894183486
34.67223867617447,87.62837293288038
35.89207102311079,86.19256356476492
33.87256747593471,86.62385975771507
36.14019941614584,86.10622411900904
35.51171456899725,84.3456978545342
34.14584467017705,85.28033167908458
33.77090061769436,84.41134708216968
32.86550572808536,85.45913645651093
32.21777602605062,85.59453195664169
33.76640022207636,86.24473207348639
34.17703897159806,86.1726711804288
33.092461850075104,86.91891777796418
33.93108650657567,88.51733828108156
34.77865297038007,86.96466806396154
33.259794904261476,87.35492674057046
33.73953836650711,85.97769663928287
33.47249803830474,85.66575543973329
34.236789724561056,86.38458959410521
35.988204148250794,84.66095746292542
34.6019247892519,84.2848006307987
33.628467648490705,85.3975683515874
33.97039718418939,86.95216539974595
34.883892274993286,85.38229583708008
35.07457154224697,85.95562087785174
35.474430668407706,84.92275384448536
34.863938323557335,85.38707599191417
34.766579036724224,86.44134757194043
32.596236664074844,87.26931366397129
31.311308355500334,86.91583736548617
31.33294095889246,88.69917677122939
29.462798388968018,87.95112061840102
28.280645047394632,87.59434395486028
27.830696045110255,87.6031760150506
28.280046083280673,87.99428666430994
29.95722092839653,86.356662616535
30.687836466770758,87.88860544626608
31.38792506485546,86.77659832079343
30.36679924075186,86.74563890488085
31.838522616133496,88.53720858400527
30.9926067644162,89.23313943023086
31.861963265330107,88.61282681549284
33.069092372966985,86.00237350988431
33.479514480238116,86.18136076079516
35.98590674019441,85.96757801584118
37.316793675519236,87.03445162178691
37.44543830519358,85.58556274127824
37.21598915814309,85.59257005240796
37.19542879624716,85.12477992768046
39.26715771051059,83.60479661710121
38.6481138094377,83.39606308972412
40.52110050380436,83.23016414102975
40.613761443283835,81.95308956681974
39.4038618267651,81.21765208196439
39.13110967227991,81.08365669907364
39.52019791752022,80.40896959793301
36.92761702310914,79.1894898694237
36.17204827164616,80.08355515584365
39.38152869968199,79.91633455111399
41.34728648262358,80.17531653614394
40.189003679980964,80.18990458522454
41.672406153807444,80.25223982658314
44.15211800627792,79.3809453596423
43.788120650405624,78.9310667713406
40.932083840953375,78.5224579589238
41.12005913730399,78.67654924546629
40.91819931659583,78.92160293567332
42.862558257492175,78.2712040388915
43.24218694980911,78.55121361366324
43.41590503662917,78.53305297171185
43.217795316661295,78.76752513367381
43.29472238994155,79.27378290687456
41.966411607616266,80.17125303707628
40.948163445243495,80.55731678971065
42.39089785450839,80.90520280224726
40.34131042677128,81.7407328416775
41.20716368429108,80.54506366033074
40.62020428209042,80.7493804858432
43.066690650923135,80.32345834778222
44.112192391451664,81.02305678342692
44.070491130116025,80.37076830645483
44.028789868780386,80.61855251245795
43.98708860744474,80.16277200822407
43.9453873461091,80.63460425095505
43.90368608477346,80.24842501014801
43.86198482343782,79.13316160172371
43.82028356210218,80.23178502728642
43.778582300766544,79.36257892097709
43.7368810394309,79.97170865364453
43.69517977809526,80.8085468561725
43.65347851675962,80.03685561033906
40.85768185795118,79.88823400350573
41.38264915567384,81.23576650792164
41.82187577893701,80.85771776264605
42.78628951997713,80.32850240274524
41.826827980155485,80.50583210426463
43.73856547965186,81.06309998421912
42.92845552219568,81.50791359340792
42.682286406246654,81.84493969409384
44.901066559833296,82.15829696994808
46.403983880514716,82.69355564826078
45.98862866526953,82.7144277870279
45.44491864061549,82.98381470186446
45.626015500067446,82.65232173654084
47.207638633800634,81.23816331850075
45.19892453978259,81.83145181174882
43.80914029179513,82.95183869645729
44.888236828689415,84.00500885529183
46.14211188585972,84.4800171620222
45.88597444166051,85.43929094213973
45.702322043908225,85.80219152173383
44.81494005593171,86.33147495145592
46.400483929084025,87.0096828431773
45.452572086554895,86.89446729925342
46.1703249935805,87.24048859323979
42.71589451547009,87.26976361565652
44.88744557695281,87.69308151999883
44.507821680850675,88.3064498425318
44.128197784748544,88.61691490425433
43.748573888646405,88.48296245642263
43.36894999254427,88.46756800858901
42.98932609644214,87.85873770707046
42.60970220034001,86.23435161994863
42.23007830423788,87.43018629957086
41.85045440813575,88.85279639367408
41.47083051203361,88.85357472097157
41.091206615931476,87.69076876865236
40.711582719829345,90.48489270212468
42.65697463903101,91.13525878819063
44.08921218751914,91.55786638547643
44.44596743914311,91.18083548948779
43.43473014868075,90.69500221465373
43.84887464867682,90.2215119966529
42.2328326987927,89.02794911823284
42.9719195613529,90.00241023875888
42.401467978799786,89.63723084309675
45.026060108628364,90.33979707846974
45.932383393664836,91.09817624931395
47.92643769732724,91.95317738433815
45.382270996420054,93.84561894657061
46.07465520022749,93.38030633080498
45.07736691569504,93.92749059504202
42.72024435408396,94.28207723573566
43.3189732550283,94.93404899026989
44.420609367991446,95.58921786083728
44.306026724865454,94.82436659035844
46.04584693047727,95.61987813380917
47.28294624266768,96.80810758155027
47.02071295130606,96.57096029855502
46.883292589612985,95.7305669634827
48.02279142334045,96.30003370155879
48.06953103632939,95.89137916508646
47.807113473817665,96.08891690475403
47.79455325240027,96.79213464817872
46.084032922181244,95.27361383631842
46.040367194918105,94.64017388107867
46.92058820221636,94.46106880779992
48.0640756090633,94.65048520512596
49.857050374834415,93.7466427540089
51.782086371733115,95.13256292597417
51.94200728774618,95.91422002555126
52.59265338055714,95.4961525459771
51.59707528264523,95.84500119657403
51.545118451838555,97.23298351305856
52.364156797068944,96.76647662452767
51.416755563060434,96.43405926735113
50.697029591402206,96.33344655989423
51.268501872349844,96.09714366995485
52.496656498412456,95.25475341005016
54.23610465860272,93.70762400485361
53.27595220967748,93.29400242098357
53.020238167752964,93.158204629387
53.2264878302763,92.92052096869396
54.61432318099559,94.19693492282336
54.66149480719084,94.66413670833853
56.4011488350555,92.7563667523113
57.20553565892162,91.27901314099454
54.78767624905457,92.69244109435276
54.0012780822879,93.2477935486902
56.68925029315031,91.70701968212981
55.66344213969214,91.16688591159459
57.14333376707239,91.72885614208988
58.189174050408546,91.56087751558373
58.30776074128019,91.36854215872631
57.403704561453154,92.62458600462202
57.74312900173002,91.2052992931875
57.719877788078065,91.74271394583847
57.440227016645466,92.12611513501787
57.96979246264117,92.73640329281616
60.84390727329838,91.5651089827199
60.17606529628806,91.24507468960991
60.492243824277104,90.91510724210816
59.45355013692262,89.62969682142149
58.06718189137869,90.18704642007592
58.63130832583417,89.15747706816524
59.690550407555314,88.99688595865558
59.509159211154035,87.95307336149475
58.183038568936425,89.49965876503781
56.857024874412424,89.04810442039489
54.611329042999955,88.30815281700454
55.23863251013114,89.0684045864084
53.32823283954208,89.58376830356151
53.27535362308155,88.4063721409896
53.29373616397196,88.83459936710436
54.25633919000088,88.49665882161942
56.33033195663767,88.17562272595491
56.25161086511401,87.2217383457109
54.366671696502976,87.50676852483151
54.14107065750521,87.63417584556525
55.34814815697386,86.99421134204971
55.087744329933706,87.87291715883445
55.02378720387745,87.56453812053402
55.99537347849643,88.50003031310267
55.89017985318892,86.87431543808853
55.08142763858285,87.18211655406962
52.404144616328416,88.33828073721787
52.80958363082095,88.02891948308532
50.99740472056535,88.57638632997859
50.56796356306949,88.46982443085847
50.7073380501186,87.48239560248885
50.7237773153229,86.82155826773511
51.327492846293374,88.04352248485613
50.828086387478834,89.31560926439312
48.964763424111176,89.67627198200589
49.637850995855466,89.71390392110739
50.53191324565608,89.98868144734918
50.72339499096753,91.13914065200203
52.87578390613708,90.06643000702397
52.89234879361878,88.92800366874756
52.90891368110048,89.64000577093908
52.92547856858217,89.89394504502556
52.94204345606387,87.7465563681027
52.95860834354557,88.08836633141115
52.97517323102727,89.92980534303459
52.99173811850897,89.39228311019403
53.00830300599067,92.10534984341548
53.02486789347236,91.83451822050309
53.04143278095406,91.57586539239078
53.05799766843576,91.42283607339559
53.44637226980427,91.61671925480266
55.09667946336303,93.026471524739
52.694340162478284,93.59344742077667
54.78868296555352,92.83018052815997
55.36133577278296,92.7229757247372
54.664145723855135,93.5897105541673
52.245878437587,93.87314402707284
53.58293357236019,95.33940505952272
53.72617386975244,95.24310335955563
54.33637269875872,96.30865979628584
54.62751122704115,98.97762143358742
52.40830611464713,99.18724107027248
50.158704499428374,99.62874521392284
51.646129018638305,100.12429102842343
50.39769721056745,100.14296232699705
51.44541810978883,99.37777955791496
51.968886254657974,100.1184445486467
52.20420037384126,99.57459516781608
51.82019413312866,99.97505800995765
54.57099094411547,100.6049681614747
54.09231799077584,99.76414993496611
54.14360272661846,98.50886153893549
53.67379112102867,98.21150099457998
52.545954718843404,98.69424977947361
51.505609882560535,97.8297550128402
50.15692843096869,98.02960952983122
51.40282915724665,97.83507282074075
53.97235393774284,96.93848778391889
54.57968600527565,97.18512962023165
53.59158533162303,97.61176035921874
51.8202390736751,98.8343701953784
53.90111963453603,98.31524611895341
50.683758963186925,97.55560194620365
52.92758099048223,97.74060360999586
54.81404406304481,99.02906124636253
53.10822193918881,100.96243585546935
54.47440394827637,100.42745499376205
52.89322117088276,100.2195742198124
53.86515908677547,100.88555798538475
54.35146091395056,101.33202562498913
52.994691748029936,101.21209011346191
53.67810389662949,101.06148389396834
55.718615589368056,100.84310481862293
55.35617565459095,100.72253263312106
57.24259516736481,100.58637369969242
56.067492279453276,100.99334107148957
55.43169691706778,100.30976403901916
57.7173110089549,100.73468644316222
57.00167817570591,101.15288269023438
54.856589682362596,101.2420882439455
54.7326199130524,101.77267245689873
57.04572872119468,102.72270302890838
56.64696616329186,103.22155916235891
56.75321192668666,103.29561361084245
57.62755675360138,101.77509743064851
57.94079212155666,101.57095926224909
59.65880330643629,101.33592142748354
58.0358217980971,102.26490371621593
58.2626206078883,102.2606337294728
55.91624233887648,101.67245489664313
58.24136164544739,101.64478580857164
58.13604240846558,103.85646936546604
59.92686975100487,103.48954137434511
60.7353384531384,103.1370200603403
60.79977056940781,102.60474940209018
62.53957021859629,103.33895097980258
63.28201290497528,104.48402385892224
63.083217697198556,107.81325916834962
65.38224823589539,107.08758872711526
67.48316600587887,109.18814303364842
68.05729194291364,111.7894601016509
67.85666216741119,114.01306898577495
67.53169684296957,115.09415187599537
69.65301958321194,119.65883186262893
70.04177815997679,120.61468200578733
70.08044764508637,121.00268188621214
68.73314380724912,120.73501574712583
68.60056266949022,121.35933177717605
67.34735670688222,121.19270943391578
68.73062578329589,121.31219578331974
68.60079108115698,122.25792388738292
67.79095390299453,125.51961411667077
68.87990598837447,121.74892730156441
65.97229626765737,122.06109489472165
65.21392797065171,121.06890333330617
66.04543621254905,120.30384462130495
66.43323437472799,121.03476761588347
64.18143129804155,122.12746623100561
64.28194290354608,121.2751232152389
64.75744339208686,122.73078793941451
61.535522043970275,122.09151886429028
60.546381129623555,122.75171001379383
59.595317185929524,122.84557937457521
59.00215459024726,121.74089424386446
58.14469635728469,121.2950336959518
59.07420965238558,120.62244774479376
59.55127415285903,120.15198688284293
59.54549072650495,120.22384455086026
58.39999804594248,118.27717060722416
60.19536636324844,121.36964866028235
62.63610835202624,122.1597698998003
63.62927199041131,124.07087438183238
62.71476317114065,128.00262974014373
64.07358906975054,132.9482867857243
66.38476990842999,135.32304692874771
65.23657734086844,135.84826320599583
65.69854686263163,137.1404182623271
66.52820460254054,137.63533120215772
64.3509379902054,135.568864356955
65.32610907569865,133.39737157858627
65.90334058392365,134.87371002629013
66.79577789416271,134.01743192602274
66.80104943432235,132.9191373358414
66.81096427204508,131.87433120197207
67.00724849510024,130.74510595017463
67.20353271815539,132.62048878748655
67.39981694121055,135.61582355122982
67.5961011642657,136.85289539401495
67.79238538732086,136.18935297448186
67.98866961037601,136.8149062642773
68.18495383343117,136.75689914566755
68.38123805648632,139.05661143938585
68.57752227954148,137.22614923847166
68.77380650259663,136.32971046445223
68.97009072565179,134.88143750851253
70.1425651706401,135.6124081015903
71.11708645584508,135.57863885914108
70.85860955397581,137.63532095403198
71.43836262255465,135.95178014894242
71.94556523336959,138.87400056091354
70.62772746816786,140.19482033461347
70.70737680669502,140.82728423467725
69.97678395866886,141.29617272648363
71.38249232104798,137.79016920417166
71.72409198841395,138.003921321115
69.75107194377132,134.40898469263212
69.47814717086358,135.1479642254602
69.43604352536641,133.65066875014747
70.72402874126045,131.29504866088246
69.25778033869078,129.58345186504565
69.92308067321778,130.2571592288169
70.5094749869174,133.04818847680582
70.46331547949254,131.82016443437112
72.30439327973313,133.4590064239636
72.0566712744432,134.71018887910958
71.24645716092314,135.21119698582376
71.10359845260041,135.18059924027048
69.21375778028832,135.13439162811738
69.3477777795348,136.22160713893098
68.60439965315771,136.8713182645541
67.91319681531215,137.68011963166532
65.39615289057414,136.400387342877
65.52998950094239,137.80822772858477
67.32849481479582,137.26992286083862
67.3135570495682,138.839425332655
66.31343851292081,138.66655468506588
66.329970015206,136.25413295718494
63.125862024078835,136.14006657481806
65.20846625429935,137.21896590321802
66.79648029896677,140.17474649469767
66.57763899817994,139.4713999156868
70.27608753743867,136.42829455126008
70.08494714050563,136.15415285821138
71.10683020096847,136.4027396843367
70.65503961152628,138.5046888477364
71.24708932205381,135.81610317571997
73.83246325773327,137.26626701052422
72.96833359087377,138.76998227848455
72.6410217121742,139.5814669635506
71.98830002968387,142.86456661871486
72.04197466332378,142.18578331358526
70.95353087600543,142.50294381970906
72.9933652727825,140.43335034978222
71.86331974855933,138.16458564319578
72.61264284618493,137.98331386478245
71.10627411573472,137.5098549180844
70.72394760485975,141.0724293041015
70.85389604171998,141.16300815097475
71.08770857055174,139.80875978100966
70.46600673508802,139.4411156936196
71.34823432244649,142.71060111634253
70.46228025384805,143.44946088411686
73.37144050236225,139.69802257540152
73.73451592819421,139.4289378859086
73.48292057404522,142.31358936509008
70.48644936322009,143.92886140908627
70.25524332758687,138.19718045845738
69.62923355058403,135.203740067102
71.69264986120766,138.26284783419976
70.84811713291884,138.7420275679828
71.15328590994174,139.01652174187188
71.23348081017404,142.37613984482005
70.21501464444145,143.49291574875517
70.53241108589101,144.1985820905587
69.55571171387481,144.56762306564994
68.90331386836196,145.39770584938165
66.74377413982427,144.437259686374
66.24566912301076,146.1543421659152
66.56616704998055,146.4442204081329
64.36269202503503,147.82775203299164
64.09616340814495,148.0133177048245
63.75222033765662,150.68625247638803
63.761253906829765,153.33481672098603
63.06896110288132,155.69828283666985
64.66893280540641,159.3176562280016
65.30988883122403,160.01874576573198
66.31405508788899,158.25060405300036
65.70420171810981,160.43766905452478
67.61054034452017,160.26966943360338
67.7002370123011,158.77295240934518
66.86192806206657,160.0167641389973
67.04906259898401,161.36838096467747
67.34682688021053,161.7770441238013
65.43414681359994,162.11592479637534
65.58585378581523,161.47965959684194
64.73535541019886,162.70042254737373
66.02896114335307,163.08167702734198
65.92750618562266,162.57872035555283
66.11571464007454,163.24532383976228
66.69784656226304,163.88241770502782
67.27997848445153,164.02903992104845
67.86211040664003,163.0369880501405
68.44424232882852,163.25983756589446
69.02637425101702,163.82895089905153
69.60850617320551,163.50247754394735
70.19063809539401,164.56302431111095
70.7727700175825,164.87188606894256
71.354901939771,164.17145812824225
71.93703386195949,163.86957754617126
72.51916578414799,163.19733508279128
73.90062311177967,161.3064826324586
75.63890633951951,159.69799185442164
75.97289168779781,157.07584520560388
75.97191809340408,154.01898318301636
77.28369958930317,153.5167665693284
77.09128219712014,153.1896179774316
78.51823479218972,150.76979171300582
79.09208628212467,151.94423456196296
79.33180576039253,151.78481951095623
80.23238514701218,149.30354402829667
79.91300938963933,150.16482322798996
81.06153977255445,147.55006997862952
81.50261763073154,146.0622834652274
80.27975479359932,146.9651038697201
80.91745412046389,146.53683917486777
80.27626247457813,147.6148990006304
81.6747357970693,147.68911247282696
82.02701120570015,147.13842832613466
81.82547390683506,146.9846457770405
82.98381470186446,145.5990642908009
83.3653191660757,141.46500207662442
83.5497942837336,138.77868751782316
84.04294617249933,137.9844311738707
85.42417832801135,137.21265716604876
86.91583736548617,135.74967347565143
87.61170943733288,135.71368932558508
87.72548697102167,139.5315574802223
88.72281945674105,137.27903651042786
88.42601709851739,136.2931154325521
88.53310324762788,133.49436406451687
91.12516696461866,130.12499913725583
91.55786638547643,127.16207645016867
91.47636288706222,127.94319494685972
90.76100765596537,126.09501519142859
91.38804418569117,127.76667269401777
90.41981852462837,128.5652615966272
90.73039662481578,126.937265970761
94.73979672776596,129.67304964975307
94.46535612520644,129.29682019391356
95.4961525459771,128.47096676157713
96.61516642992619,127.11996381176228
98.14807018878196,130.51782471626663
99.01200958158705,130.42219947718488
99.5747230111332,130.4586063627848
96.79213464817872,126.83235921075537
96.61565322840423,124.39698107668121
97.07262368157959,127.56794450163896
94.93029814439933,125.09510819957248
94.34340070905745,125.54892547866034
94.447349085381,126.62292030314198
94.00509309047385,129.26696558882605
93.5897105541673,133.42403163223008
92.68718958590219,134.90807165373693
91.31093340972694,134.37111018209106
91.94620686448282,133.90574682561092
89.66910080477909,135.78326780338796
87.2920733266274,136.32479828097135
89.54332150324522,135.22137928827786
90.5068902027042,130.52006694273894
89.75438411722487,130.87020057322576
88.64529244020272,132.01325474141277
88.58141847239317,129.5444563832509
89.31220482661044,127.45269844462403
91.98201636092084,127.44910182777649
90.49638859461412,127.2532037581806
89.6883322461051,127.05499415161954
89.91675661898175,123.97540999472022
88.85981649130204,124.25527603502874
93.02410728653099,123.44197874486663
95.60795226701721,123.78830817557962
94.4038570939152,123.46954307685759
93.0053452798326,124.32275665943683
92.31335113226162,123.51558954895445
91.30097199233626,125.33495286748953
92.02297850535174,125.56797225160406
89.56961622710666,125.33014587808574
92.7563667523113,122.78262942346846
92.3286499932977,121.07606176973646
93.69333106136996,120.95208365670209
93.47616618176056,121.78505983535132
94.61638911184059,122.55209598942542
93.79779901909639,122.12569869267124
96.92396579904647,123.49019226750012
94.97281498543752,125.47788483816868
95.58332120737856,130.69542734532666
94.84500856210991,131.92809116572948
95.09217514056802,132.61940517422386
96.5334833389237,133.7418210849519
97.58642635921815,133.61425632446782
96.91782544859853,134.2408021268464
95.54472323762555,132.57243341063773
96.53473601084886,129.18579404397752
93.87314402707284,128.00587827598096
93.48147753576556,128.28165029005365
91.05020332098253,132.09714609175572
94.54361849373596,134.54552754716516
90.59811995723483,136.33942216004712
91.01330520553954,135.03489312317186
88.53720858400527,138.8001036124671
89.33739558658024,140.82933139153025
87.16161376208832,138.51766255443926
85.38288637062281,142.86612780672908
87.62041376992424,145.05442403786444
87.2217383457109,145.5643631458189
85.48643171407407,145.5202299496585
84.74827651348063,147.5844471868433
86.90006809913855,148.78580404548316
87.63194198675266,149.60712373497478
89.9601129559455,148.95205443217014
88.85357472097157,148.0306524994301
89.31560926439312,148.46027822028043
89.11419525187968,147.93755275112088
87.2045747890043,149.34075001028444
87.12176619497653,149.7111876080278
86.23714285130775,150.5868339373818
87.74656547819575,152.66182107839265
87.55709018229821,150.66866278064523
87.26464457474798,148.16662924465356
87.6224534891601,147.9929909077676
90.93685888060318,149.93182342630737
90.9688912795533,149.16408226931236
92.12611513501787,149.32035862854596
94.85662516342718,148.90979637029847
92.38107898755905,148.68451945469275
90.42598652357532,149.21400646430143
90.04952490481594,149.8843185340053
92.61213161296394,150.85465660058745
92.74419855545221,150.9769388873601
92.87626549794051,152.51398873968233
93.00833244042879,154.98064352193757
93.14039938291708,156.1874259881252
93.27246632540536,158.31178748052304
93.40453326789364,156.79178831399562
93.53660021038193,155.05450369062996
93.66866715287021,155.1400161972941
93.8007340953585,152.5293184084252
93.93280103784679,151.79360945778336
94.06486798033507,155.32786707652366
94.19693492282336,154.61274730309648
94.32900186531164,154.63122561256017
94.46106880779992,153.03791483195633
94.59313575028821,153.16007395733016
94.72520269277649,154.59894926016895
94.85726963526477,151.58491127636333
94.98933657775306,150.13076057217006
95.12140352024134,153.1275319511787
95.25347046272964,153.4016543638922
95.38553740521792,151.75281447780333
95.53640134573412,151.5592452612038
94.85812293175728,149.88047643246898
92.69244109435276,150.93307585328887
90.72370489845645,150.66793911614172
91.72430755147045,148.46938049875413
91.0434358170406,148.92844960107195
92.7079441068839,150.87580233786122
91.2435208497581,151.39977328121049
91.43353914072023,150.80556233345493
92.16887851041537,151.6974237444675
91.10898551086447,151.59960750372946
91.36854215872631,150.89692560133122
92.22851012001719,153.55358803886534
91.25798695290625,152.76728136034563
90.18704642007592,151.85353781130334
88.9794195056123,151.40690669736247
88.30104833080264,150.12872211989878
88.35680825439819,151.3448806673062
88.38134910362767,150.8205354925054
89.23313943023086,153.61176095466726
88.73363258336907,154.8237290078376
89.0928000391454,155.84727678252455
88.78359213553485,153.61030169715463
88.25487928817132,153.47410733721253
86.95216539974595,152.54039653392235
87.40649837680492,153.40436555228823
85.43929094213973,154.9800400551408
85.11205599002211,154.72094164541832
82.99218744380546,155.45866308865507
87.17386922784232,156.6997466783394
87.27933858250194,159.67089843880365
88.49370260649569,160.4231948885749
89.55788353873805,162.19045271888825
90.62844078124218,161.5968167766405
91.14394033992549,160.96164472015226
92.1799783801572,160.9205710349512
90.99469488676438,162.43963360164904
89.33588665687722,161.42932318454362
89.11034124151556,159.6284606978112
88.48296245642263,158.86197632876195
86.74563890488085,158.60854586693424
87.94886339930162,158.89297938082586
87.59434395486028,160.58845317940373
89.12346576471947,161.18997191501057
88.88783621859098,160.87832223135192
89.89592830112865,160.91442143640924
88.77288933996586,162.24017710382427
87.48758400782178,162.11911612121386
83.13651109855086,158.04146781898444
84.93441775364477,159.7312157999757
85.20062799610925,159.6692828280578
85.95562087785174,156.9432675310253
84.83772181517116,156.7929092812706
83.8355597218869,160.84355214161448
83.9478016784029,162.76063661200763
83.04898616946807,160.3046639604446
83.36272729715796,158.80264696070222
85.78553917604647,162.32713546281525
85.2224024786137,162.0285808950047
86.79120958647135,161.61706592355438
85.78350637542263,162.71606496544823
86.09896290751735,163.0847785032611
85.67940095927715,162.07976362967656
85.06030149411554,161.32163441427022
84.18652705964385,163.56154150782726
83.72106897435467,164.2555292680847
83.60479661710121,163.02443052911985
83.21683469565644,162.91411181432923
83.82014531082866,162.71951662303294
82.90556817141267,158.50876333389684
82.21524757142282,157.67228487477175
83.9098479410309,156.0834085297204
81.80501545477699,155.57924032785448
82.82372513843269,155.83300300738648
84.20081017448183,154.7345669980598
84.44878606317494,152.76950166709028
84.16287667732462,155.61151155789736
82.33044576502621,158.041238721237
84.01407040047313,158.3234801214942
81.47951252822855,159.30809431147833
82.65232173654084,158.8677166162336
84.11427309493115,160.90398636373655
82.88190100146622,163.09394482361063
83.23016414102975,160.82391620209268
81.67597268121646,161.3464437280668
83.22888143257086,158.78863251295982
81.37919461369825,160.4590418293648
81.39389633839406,160.9728096825491
80.09474185409756,159.4454980575918
77.50392518217521,160.44070133378986
77.0096517716725,157.2621229600464
76.52889264834727,158.16247588896726
75.85095855701695,158.20435271260277
77.04173929534767,158.60324541713237
78.38970912946463,155.06040526245488
78.34808946668615,158.84124376110825
75.83965528206821,163.436917166537
76.36922238890186,163.65244870548614
75.18010536835463,164.10915707315237
76.62628110504048,164.55688602175724
77.04959549507424,165.07328352802358
76.86347372263847,165.91430996770123
75.87298218271836,165.4951928501081
76.98396121639604,166.24243804935824
77.4511340551201,167.63678228504043
78.9388892901399,168.43785153684462
79.8038781506012,168.2446267715611
80.42880840656473,169.51731129011688
80.26130676393771,170.46759300405964
79.69137710323061,170.2303463891824
78.05235307250284,170.1402785670182
77.34848132600051,169.42667251784778
79.11489705240743,166.76437235438544
77.65046421894121,169.79630031019553
77.89517392303328,169.51417299414084
77.80777365986586,166.8830583446257
78.87241455526606,166.79634023598555
81.40291495557476,169.3109864974124
83.2246655587971,169.69448709634491
83.67300388959048,169.55499909480088
84.58734178922744,167.7326770116978
86.74777090568166,167.32742862084572
88.5955349102098,166.9767601221611
86.94069416270337,166.76883844183402
88.61282681549284,166.79205388847373
90.69008651551451,167.08835089077152
89.63723084309675,167.2952388343098
90.01651334240199,166.87682147642764
91.68633670142974,167.3149722462726
90.65259216576665,169.39293583014347
91.90115592757151,168.02569790288382
91.91458586917919,170.31165800972914
92.12024819492348,168.45868782823598
93.09171141779551,167.03203863807192
95.18144675083576,168.24107672408792
94.63460751306584,166.96284700213286
94.6319879977885,167.654369070199
93.24759105689486,166.29184833193634
94.14998556724433,165.81039969215624
94.91884302340712,166.32540237794169
94.85516644463998,165.44276739133096
94.79148986587283,165.4575638343689
94.72781328710568,165.0931034590144
94.66413670833853,166.59587198004414
94.60046012957139,166.3256759988216
94.53678355080424,166.3159979615884
94.4731069720371,167.41081620438746
94.40943039326996,165.50112192282455
94.3457538145028,164.46947571853983
94.28207723573566,164.2302986788785
94.21840065696851,164.79759581194742
94.44658956598899,164.93004033797888
93.29400242098357,164.97999250804048
93.31704077637194,166.60898893335943
91.68628423556551,166.28552029005303
91.56478903154523,164.88603519626122
92.91993643789279,166.10864795770843
93.97608339871431,166.72530475985417
93.27787307364858,167.43127181450183
91.81955617070874,169.58955847944108
93.92749059504202,168.6849885796327
96.26362126867406,169.8533549029502
96.3789110565745,169.99589725459668
95.60226151068365,170.491041964158
94.41971024909203,172.93383646366206
96.08616343826984,171.31968927510138
96.66426156298998,172.32525026615704
97.2423596877101,172.19385021147113
97.82045781243025,171.8703485544744
98.39855593715039,171.58636542454127
98.97665406187053,172.42099203622533
99.55475218659066,172.8577628970793
100.1328503113108,172.394488494419
100.71094843603095,171.5987308294931
101.28904656075109,170.99474071500194
101.86714468547122,169.93837513377932
102.44524281019136,169.9285902809347
103.0899966063507,170.97344236631344
102.96594313882596,171.5796636968712
105.70950509415638,172.03980955837753
107.24128896479161,171.89053842858837
107.11196458564098,172.2013046800779
104.43988052453469,171.31332168279982
102.85012631484231,171.11602362191425
103.00828550882022,170.9763525619932
102.78745219084098,171.1725289894081
101.03060388164883,172.6013506702289
100.84310481862293,172.78769204083517
100.30976403901916,170.43658191732104
100.14296232699705,171.38901532666688
95.57611074267697,171.8584363126022
96.68594264426332,174.01685091347042
95.18437445484813,175.98451873312433
96.47382220300833,173.78712174375045
96.58051763141276,171.62354745300235
95.38233680694972,171.6607801466165
94.57425423446283,173.2963492844736
96.60878091582292,173.1248473482342
98.4201549350575,173.40520279840518
98.1650448134357,175.71227753205397
97.04900859680797,176.2548675184512
96.7084184762594,176.5942608592835
97.12378902977463,177.22827046243503
98.30392090535922,177.83182855635127
101.51828303678106,178.63615240107612
99.92224724143173,180.47260859216505
98.61017032791588,181.52923738765986
98.0189085418456,182.6850477854775
95.30996098880857,179.8386949106808
95.5737373529696,179.86746496986768
95.83751371713065,179.8042349942943
96.10129008129168,179.6419238755664
96.36506644545271,178.60765540332636
96.62884280961376,177.10570130791814
96.89261917377479,176.1717498536118
97.15639553793584,176.22631903267987
97.42017190209687,175.9152271255766
97.6839482662579,176.5182646229353
97.94772463041895,175.57044314490318
98.21150099457998,175.9579542124922
95.02552056082865,173.82802981708215
93.6504530952732,174.69322901501965
94.84777486581736,174.43415646722883
96.6443572208987,172.3545871672966
96.86227773815551,173.3887020504504
97.23298351305856,170.6926119116429
96.92986835322208,171.27547374617552
98.63543056079727,170.9275021082478
99.10998229362654,171.14882122983093
98.97044252094695,171.89131036237558
99.62874521392284,170.81851828118434
96.07606692666745,169.69363127364997
95.40242471383198,170.19958749217193
95.92405448569131,170.8426048722508
97.80946619897117,171.35677870899036
98.43240318687957,174.28133910690426
101.04539929758742,173.40449609334817
103.04275553284081,171.4050838338265
100.78607298770547,173.19097148882048
100.50012915179575,171.3883290864879
101.45432996364947,171.1632796322886
101.09648034803199,171.38255480414333
103.16562663114796,172.18246102802433
103.19531605468099,174.0996461734285
102.91595769702903,174.69747396668942
103.80240602397852,173.43552743567707
106.23531531311556,172.04515272102972
103.62709694394763,171.044500345784
104.19947351794251,171.254185904174
105.32836193416179,171.57647329896156
104.48584800756792,171.42477644538303
105.28982447440636,172.23671213563054
107.17915195414616,171.65088005224504
106.31176795995698,173.46987094215197
107.63718550143922,175.01863757702657
111.37394737210595,176.079064254075
107.80371316425835,175.57710939117547
107.3533774086033,174.50626888414325
106.78919208331266,177.04528627653764
107.7576448236363,176.71476133423369
111.424985098737,176.70697548642406
112.70886353942375,173.47207008211518
111.08786827592827,175.80148413829195
111.59512062833859,175.21045827948728
110.885476738356,174.68992084456337
110.93873851857724,175.14274242461522
109.83677958139833,173.98584260668903
110.57302135385271,175.91328924843782
110.3861161714768,177.3566371373399
111.11232682179863,178.12095663430293
109.85835895148222,178.4796473586767
111.7349069500922,178.57183021603578
111.39276616740207,179.2068585370205
113.53992201659739,178.68316351781223
112.84105146914317,177.80420684020368
114.57760175996758,177.45115649796702
113.20150171305345,178.5251206522901
115.79482466210777,178.38413627538333
117.63151708093542,177.41706707184147
115.79229743372919,178.55562358402662
115.44222535451323,178.0015337569035
116.6871640137192,177.1023219296893
116.84846217111968,176.67468087767992
118.1549869941121,177.5130949851185
119.83751497171046,178.10888418963083
122.7088282744489,178.02013691365926
124.14184829797692,177.1655818773263
121.52737687393902,177.22500349077413
122.69953489824823,177.25894930156045
122.77284289645429,178.31193316276062
125.22742438215606,177.401588356891
127.14295540327669,176.0960035576709
125.77661350560885,174.24680195039755
126.55061193935582,173.68640683283505
126.86169317235948,171.54113328368663
128.47096676157713,169.55151624718633
130.30665374449046,168.90559533809022
129.4041292407173,168.76358795750662
129.90850422138115,167.59649189980306
129.25352273033124,167.59204751556854
126.83235921075537,166.75492900088372
125.85428243169703,168.69245353446703
125.5240699035062,168.3900884781943
125.94005202841818,167.26694094597823
126.21635826269853,166.44674301175755
124.82510541955054,165.43222983040886
125.67703853870738,164.64338066727046
126.71831345563827,164.2127808542197
128.5652615966272,164.2378390899074
129.75719389968035,164.1561302818603
132.41246260722866,164.73913568772042
132.9396072037514,164.53549757460183
132.33237263321809,164.53684469956053
133.02904178448614,164.1943146652944
133.1222286092712,165.00922810216613
134.93694468552388,164.60625481316112
135.09919176660767,164.41863725572765
134.54552754716516,165.11616124439556
132.82298549544328,165.11578848751762
131.9235589103852,163.9983018230398
130.3020470563047,164.17818528780126
133.64950145508828,165.37449028996465
133.91780854918474,164.88722189819347
136.98329885384769,165.54780343129963
136.85289539401495,165.47232023832987
135.78326780338796,165.0556691731735
135.20108790943146,165.26742970610724
134.70912529933202,165.4647078504288
135.54270833060036,166.02870352378727
135.91343156981065,166.1241578836654
135.5374480478956,165.1604521500629
136.97395378285444,165.8915503202062
138.98158063705645,166.75973208104793
137.5098549180844,167.30910968609678
137.0044473558237,166.97333848162353
138.46797094020485,166.7508605746543
138.87400056091354,167.62784424550063
135.93637393818963,165.84894922037762
137.0798472113713,165.4528374606446
134.349377962463,164.78504559050745
135.1479642254602,164.61984078740775
135.94655048845746,165.01286106796593
136.74513675145468,164.59447205777084
137.54372301445193,164.23800788546234
138.34230927744915,164.42454464661557
139.1408955404464,163.20324744495585
139.9394818034436,161.1768479657935
140.73806806644086,162.44463693574477
141.53665432943808,161.8278258803517
142.33524059243533,162.1266053885699
143.13382685543255,162.75863876713993
143.24454189573828,162.25817525738353
143.29574347967718,162.1308636612122
145.1466477855025,159.1683401081381
146.58356619394254,156.1859575159499
147.14749359367534,157.80879536348317
146.69995542934558,156.90073191697732
145.05025231613266,152.76246536014926
145.92106884082963,151.89725391912845
146.87863719183323,150.86784899535917
146.53683917486777,152.54340268901467
147.44720733913184,150.82369666853927
146.19404879492242,150.90411179907684
144.4268490905581,148.9016689198399
145.5990642908009,147.10489964202418
144.40918469059665,143.97733075915266
145.30059262753377,144.6047820031609
143.18395815360205,148.17438380298097
144.47528820612797,148.92476319572484
146.47232559513319,148.43412535836913
146.78387670119145,147.2748341219207
145.0731291360479,147.76529656839077
147.16402819569117,146.19404879492242
149.50433644690793,145.3788951027413
148.13673852037516,144.40918469059665
149.28377653479112,145.6243600539352
148.88787404178862,146.58356619394254
150.21179263598162,147.29709267761572
150.8967223349621,146.201638863682
150.33593559598066,145.9657202876357
151.58491127636333,145.46296811413643
150.46099089308228,147.68155131288168
149.1281731187545,149.2009058376037
148.6206297817397,149.93672234837803
149.10773752169527,148.887211668816
151.39902143741674,148.2089621564092
150.35321328935416,149.35784665361297
152.66182107839265,148.87894185595874
156.0834085297204,149.95145979788705
154.88069918707646,150.26366715847215
155.76537416643063,148.98734811307003
154.42502289910374,147.08135344379113
155.75919065685903,146.87863719183323
156.16348888853705,147.14749359367534
157.27075680700707,148.71143503836922
159.71652950927862,148.77149352930238
160.49433229048208,147.99959564763597
162.10627318567606,147.10023082035426
162.43144140143787,147.09082579186153
161.7770441238013,146.99429011697083
164.08407341064884,146.58230239732555
163.9157431973268,145.98672526370393
161.86307922187095,145.20430471609896
162.57872035555283,143.4075761820728
162.75863876713993,143.52305118844163
161.99538362422967,141.63099386348975
159.7312157999757,140.20031700991734
158.89297938082586,139.24364287655288
157.76744653242247,140.44557645090532
158.25404874110947,140.43882352357812
159.24352403320162,143.95421267158594
157.5913649828997,143.9772725211812
159.2843018906754,145.0624332460368
157.45865530554045,142.00162342575416
157.989310222524,142.1591223911489
158.23227887783906,139.46663581479123
158.65295021389875,139.5881007843546
160.56111432349948,139.1408955404464
161.6504025601015,137.87523792355407
162.6461723881327,142.32837704823302
164.2302986788785,139.58263825019083
164.2361237090102,139.66606112051613
165.01286106796593,140.75498492770808
163.78745056942395,142.05303833415562
162.87074668122722,139.12402709614517
166.55532288708858,140.23270322924185
164.23800788546234,142.33524059243533
164.00372799776787,144.40461477798237
162.99935978043925,145.07567393749358
163.45356505691768,145.04331056585823
162.0177775781615,142.31516191529244
163.82895089905153,139.60153309514916
163.72176206817164,135.83399638451033
161.94846950133288,134.00142247140238
161.3464437280668,135.76265728476957
160.4231948885749,135.48752350510554
161.2568030681475,134.63894735897287
162.6956483576458,133.54093566529173
160.81577286728628,133.0163872367867
161.2741641075223,131.95889153726984
161.41191421672497,132.56690147628217
162.1266053885699,130.9080110231599
162.1308636612122,130.09787270986845
160.41282674865067,127.76479204003459
161.96377055951427,124.1502492208289
161.37961761009592,122.6318676676729
161.29824018723565,127.29397000837481
162.6067080064248,125.46275316931927
164.49737322938483,121.05155412209305
165.26785987006087,119.10277498552401
162.0614266843103,116.9962590447817
159.7437277016688,117.76146169102233
158.20435271260277,115.86219831133646
156.97586217237617,115.36675834094595
155.57846641606395,117.03118205916847
156.9945111061789,117.15105103389381
159.51133645948215,119.86982657713331
159.28938399042624,120.55216200599175
159.42947671945072,119.75967603378547
160.9728096825491,117.66299047761953
162.54793524635554,119.0338075298792
163.9447495247301,118.73873363232
164.97999250804048,115.45581208690632
164.59447205777084,113.93548424026528
162.57991000614413,113.41130337521166
164.21295721176506,112.34169268476279
162.76063661200763,112.12600165429372
162.42852519286922,112.56351084771067
165.43222983040886,112.4872083696057
165.0931034590144,113.39787156503178
163.9535109222086,111.01274547312623
161.5610734066081,109.02839852085866
161.3064826324586,110.39749037858212
160.5035806002901,111.59512062833859
159.83984698181348,111.16145475630275
159.59784453558473,110.07989023856628
159.2645225038232,111.15632857474026
158.5753570050733,108.65166467396898
157.23709146552022,111.83277465875486
158.38763293517655,113.12491555772137
160.3046639604446,117.17700728294464
159.20028518813,115.84724792373945
160.53867163342957,118.75257197739383
161.31614660971204,115.29786544838996
159.59977842883427,115.85434960105981
158.8677166162336,114.68083741740219
159.7592304068107,111.19698103022841
160.12470940408085,109.28880194818797
161.76669442620374,105.32836193416179
162.0208836240341,106.72728132226446
163.9983018230398,108.00269043556807
164.13445822691045,108.33240649004594
163.0847785032611,107.80413192563488
163.41281879974156,109.85835895148222
165.62646705978582,112.23003133165031
166.73625443930734,114.35145683801801
167.08835089077152,112.36281875578487
164.42454464661557,113.01672027759601
165.4647078504288,112.21776554580846
167.26694094597823,110.11451205990588
167.7326770116978,112.51539521251486
169.6743082545652,111.01498024204912
169.11920974328143,107.1341233739723
166.51606093359075,112.00235958942383
166.2179592113245,110.57944897255041
165.1604521500629,110.29346814989339
164.58973581568688,111.33790775053791
163.97327853398255,111.07656066651086
164.33853607740278,110.06904020279994
163.25983756589446,105.95216566817335
162.57676275618297,102.10338234775654
161.25064807564064,99.33857148516228
163.60396831592044,100.6240410956988
166.1241578836654,100.27116256817376
167.30910968609678,102.05412555990674
165.42158757473786,101.14112314418098
164.17818528780126,102.93068670721851
162.89297429200306,101.28250250583193
162.23632506948908,99.05067893807835
161.7253214032444,99.07228227574502
159.9808213924765,100.14188758677442
160.2899278997205,100.57924746523601
157.57694019689998,100.08667454110453
157.87410314265384,99.25818516476515
157.35979769955352,99.76857103781852
159.63881977590566,99.80230313911488
160.07926966229547,99.1279032573558
158.73580340568873,99.23507896282368
156.37597481534488,98.75254939585633
156.17078852750006,99.27020932584374
156.08285097415046,99.1488572569694
156.1859575159499,100.1328503113108
155.7713309292606,99.30018429078758
157.31952741006776,98.75477241794515
157.1550618286159,98.64187970890971
157.31175764831923,97.9626919344477
156.885443451247,99.01623027974071
155.75599539867196,99.27533801731408
156.5634553871866,98.20517485699378
157.43658958796394,98.56953836928042
158.5553874348611,98.4204817230808
157.61682547588623,97.67086236262413
157.5490012426761,97.95645494617428
159.15738638020574,99.02055454886131
158.13682138728674,99.60512910577413
156.44651459005738,100.35533236405792
155.91249979438282,100.10315304666406
156.79178831399562,101.04539929758742
154.98064352193757,100.66981514728559
154.190659506756,100.6114908452996
154.39436407580646,101.73997998788336
154.40667536353695,102.44524281019136
153.18089197224452,101.7415803778649
152.93770254557109,102.34419312644737
153.4016543638922,104.61388705701023
153.47410733721253,105.53782059125334
154.9800400551408,107.15225848450154
157.8077035606589,105.7377488728691
158.08694466996894,106.23531531311556
158.40288765155884,103.70552467251888
157.86811884607357,101.04845637096142
158.25060405300036,100.51534236108435
159.6289757387315,99.5747230111332
158.57348452799624,100.6464504531479
160.79119434287446,101.080064084828
162.10327201631918,100.64056598913757
160.71279518732547,100.37000894779541
162.21206172407548,102.33177372248056
160.17036905082358,105.351047704935
159.61263132132373,109.33804393447903
159.08397288225856,111.93419936316019
159.5442874770911,112.66579273203921
158.44383810348018,112.63527683199517
157.12927809652118,112.10966347875444
156.88244367813053,111.20357772701024
156.93099401655505,114.26404290099
153.50853990804924,114.84312202590111
153.00828593958957,114.85660872128429
154.41813877410704,115.79229743372919
152.54340268901467,116.20997570661905
154.63122561256017,117.88269632709591
157.82027873221548,117.61262950032895
157.21114449562282,115.70423362019909
157.18204167388325,115.58055115935291
157.0302065023377,114.84150632591232
156.73903133057686,116.72334532600365
157.42484538663348,117.43237123682918
158.73881098055978,116.863535545405
159.72901100288993,116.03814068482461
156.8269439883686,116.18233311149746
156.4110301255072,114.23947032690332
156.06946140746686,114.95065293354
156.89278602005413,115.55740145666044
159.9880309386813,113.97156708159727
157.26968916164154,112.4219507045418
156.55751543052918,113.68009455544393
155.17849958284884,112.91645526457978
154.7725798134698,112.19902535658237
153.61176095466726,112.16519879679977
153.84248324719292,111.76484361595719
155.44293303375406,109.19752363654133
155.13342411161906,110.72297468018016
153.22352866453417,110.57302135385271
154.95482670235526,111.01979284534004
154.3178538977836,110.11541767376515
153.9494427828026,109.71590245950512
155.9837215260234,110.98870687195212
154.49767694950597,112.86632275807166
154.20828902188057,112.00466254175463
154.5732174838469,112.92839499295317
154.43963354371,113.70418055177764
155.44131991708517,112.6371875206928
155.70881451723963,113.93128111554647
154.77262836162922,112.47171506857175
154.36221656004267,109.96269775662093
153.7861707834632,107.35530804365938
152.93077852428698,106.64751478640763
153.12643631562526,107.04229068428904
153.40436555228823,104.46839442728988
153.78575006503874,110.00507334652247
156.45047562878167,112.44338047461969
157.8584037008835,112.82283683893219
157.5686326414709,112.24168838709576
158.97305196126908,113.45824936871273
158.98007048718148,112.77347713871238
159.4186375953221,113.39429217200131
156.72258364967882,113.11586467839689
157.97496971236498,112.73232500307836
158.10168494327883,112.95572277061818
158.2284001741927,114.09649992175923
158.35511540510655,114.1213701964212
158.4818306360204,117.90500043172798
158.60854586693424,118.9649806570281
158.7352610978481,119.92335574404822
158.86197632876195,122.45713610413188
158.9886915596758,124.9304570993426
159.11540679058965,121.5774375712912
159.24212202150352,119.83751497171046
159.36883725241736,119.78906285651394
160.722460239413,118.83044390693408
162.32713546281525,117.63164493742993
161.36838096467747,115.21951732321486
163.82809390662226,117.7127930301253
164.08714977212065,119.97676944093479
165.4951928501081,123.10362820242736
166.97333848162353,119.89253623949229
169.87864174360107,119.05405401932208
168.00897039266624,117.71988879935459
165.78341874021902,112.863472727948
164.56302431111095,113.51122018811193
163.74143438909277,113.83733174671686
161.42357826186688,113.74319995133682
160.13794634555128,112.50787196576127
159.38437978702598,109.97374267339337
156.85968459694215,110.39085506045915
155.03983404252998,108.90239695662547
152.63809034029256,109.04877951965045
155.34528881229406,109.86634849964899
155.26953328114902,112.42623515261927
155.2940064802468,113.48983948205652
155.0132810962554,111.80017626576316
155.3581441992166,111.26933446137663
155.3883629596611,110.94163940320443
154.59894926016895,110.23149189424255
154.95951991604088,111.05267214987622
154.91703649210157,108.95378665222344
152.51349620180181,108.6440912837807
154.31803387125973,109.67913387192407
155.80043784768,108.39626142665252
153.1275319511787,105.68878236658043
154.30925977738806,105.42729637402905
155.45866308865507,102.66853828356916
155.49106463371183,107.90659589364182
154.61274730309648,105.96694240469463
154.9703071898101,106.37729757565215
155.32786707652366,105.70950509415638
155.68542696323726,102.55378744924913
156.04298684995086,102.78675126505443
156.40054673666444,106.3246395866017
156.75810662337804,106.46165721767028
157.11566651009161,103.77559224404835
157.47322639680522,102.82582675711888
157.83078628351882,102.39989087138233
158.1883461702324,105.86285510109643
158.545906056946,109.91423970617808
157.31283705259565,113.17704005520834
158.69510106410843,114.1315770008166
156.02380321073704,114.26261143989659
155.2131990497337,114.75244976575357
155.35756211055917,115.14682866538587
155.57255759779136,116.04294362605737
157.865776244616,119.2561223541558
157.45750706037444,117.48468742042449
158.34809171131718,116.69177598367403
157.8073240268958,116.38367228038575
159.67089843880365,117.49241327028676
160.84626582836162,118.63677292610363
160.02110084046603,119.0769309661137
160.06157529117226,119.01210596422014
162.11328275385623,118.20418814197792
161.2541976429683,118.70466171889751
160.2646109208419,120.31819123057764
160.71311762527532,118.57160612513026
158.47455297025687,120.03653774363296
158.70567505024295,120.04376808647712
159.12649083319164,118.70124405923485
160.1683282596294,118.66449301695745
161.20601361058692,118.38812807728674
164.1561302818603,118.45057098881914
163.02443052911985,117.7093684462043
161.62424367633574,118.36180939313898
161.4898367979959,116.04569514054859
159.1165521992109,116.18809555061455
158.7825692337524,117.44018712506329
157.73325531824108,116.75904584076048
157.22954932100208,114.81744392457999
156.7929092812706,114.82985893585884
158.76948998070935,114.09631994985092
157.39004502433957,114.63500056329104
158.59596529302496,113.20150171305345
158.3234801214942,112.34024075365694
159.14099652590215,112.92828275517395
159.06160873833838,114.23399785428408
159.35764719880203,115.65431841794874
159.65368565926568,116.39586363307237
159.94972411972932,117.31550083508634
160.24576258019297,116.81486870214458
160.54180104065662,115.78787263973331
160.83783950112024,117.10435280030642
161.1338779615839,116.43339657279591
161.42991642204754,116.90655375104103
161.7259548825112,116.93647265876585
162.02199334297484,119.64907895608063
162.3180318034385,121.6504993802828
163.5467605338354,122.37784159113902
161.74783561073428,119.58429392951543
158.50760302540255,122.41552666343125
157.12369467365033,120.83933173128814
157.56043723361734,118.49547243061983
156.62497573435812,116.99041879947397
155.6513404838278,117.35021520973777
156.08851947892404,116.14459241223406
156.66470868973923,117.81188232720967
154.27156883526442,117.08175317839786
155.57924032785448,115.23001921567942
155.99720797677435,117.32053970056164
156.38564533768687,115.78142623644564
157.38279578066528,116.19133136045541
157.19625917170336,116.13624572815512
156.353212784655,116.98576975967082
159.97827158277005,114.64045493989482
160.50553560000748,114.8350632016596
160.54207051209244,114.4836017589777
161.67362632474476,115.00456467783707
161.31614181504239,116.06228897792109
161.5968167766405,118.92522164936481
161.8774917382386,119.18281336763673
162.15816669983673,118.59025711502649
162.43884166143482,117.28756161484473
162.71951662303294,116.69960818057118
163.00019158463104,119.16654378816672
163.28086654622916,123.39976213882751
163.56154150782726,123.65452863304694
163.84221646942538,127.02225218057868
164.12289143102348,127.68493180504808
164.4035663926216,128.12563654374821
165.80761147027124,127.02206348917734
165.07328352802358,122.62913932089371
166.87682147642764,124.88712864513029
167.53218742093864,126.34074948062118
169.18839553793978,130.0234691792117
169.46204069122678,129.99202603888992
172.18246102802433,131.42285217849818
174.99932186181178,131.5857401636206
176.70395259702673,131.367439434751
174.50626888414325,131.86031618685004
175.70121423876412,131.23218138543777
175.6391618149698,129.48851150808272
175.57710939117547,129.75719389968035
175.51505696738116,131.7253424044048
175.45300454358684,131.95208755105492
175.3909521197925,130.51448410853217
175.3288996959982,131.6421691211462
175.26684727220385,133.00709067929182
175.20479484840953,133.1925769891524
175.14274242461522,134.7893092373717
175.08069000082088,133.66404400041043
175.01863757702657,133.1873376470628
173.82428930430152,133.48874949019267
173.87962486818486,136.95603681285215
175.30466841433227,137.75957136745353
175.71227753205397,139.73380737375166
175.57044314490318,140.30986853633908
175.54611870615085,141.0026850791693
176.21579227362068,141.17765701161056
176.50020725714904,141.0297689692587
177.04346864125316,141.94498955876477
178.9082757220122,140.3005721774329
178.06508066316871,139.98331664897452
176.9835579832928,139.93372813486582
174.5419796896999,139.34472684697363
174.57080519282812,141.6577355324712
173.73378314267316,141.9954267823505
174.66656812446953,138.72404001569643
172.7722346262845,139.31027916801372
171.2877794430009,139.97874876808575
173.04513695697298,141.22759051036329
174.9751385085558,140.06816467806397
177.0217601554946,141.58833222506897
176.65744666268077,142.9409196078019
174.68992084456337,142.74397194343246
171.1632796322886,143.16094863817142
172.03980955837753,140.74967484411474
171.57647329896156,140.31062559843258
170.73446433403032,141.41382242291832
168.34803961926136,141.1371077461839
168.08483942302348,137.36027876065148
167.82163922678558,138.12887676612047
167.5584390305477,141.68097856787978
167.2952388343098,141.3979515876969
167.03203863807192,141.05530276885477
166.76883844183402,142.48466060139563
166.50563824559615,140.82245678720713
166.24243804935824,140.02321327765813
165.97923785312037,142.9517807268306
165.71603765688246,143.72143675959666
165.4528374606446,143.27229369993546
163.50247754394735,142.8624030516536
162.9793352858406,141.6590371859173
162.5577077197008,142.94567615659747
162.52359047014943,143.8613582277311
161.18997191501057,142.57719886826322
159.64648153530547,142.44439770493557
158.24982572218832,140.8095673320271
158.60324541713237,138.90141174077286
156.0778087273209,139.87756480615505
155.73454703617358,141.6230907646917
156.44465380719927,141.40418566468912
155.61151155789736,141.91405299401222
157.25093109080922,142.5804570100805
157.94990938371706,142.30443001565365
157.73556490735274,141.19422983813155
157.65876698028404,136.71827433013146
157.11417081513687,135.12746807319039
157.07584520560388,137.38125766252546
156.0009612769964,140.10406637969677
154.0178097420393,138.12534527122344
156.57039693179198,137.07564956060693
156.30052379897035,136.58154923659328
156.38036837484415,134.60505269509005
156.460212950718,132.86429621041495
156.5400575265918,131.64744848551942
156.6199021024656,132.34172749689873
156.6997466783394,132.38567458015334
156.77959125421324,134.50466504832508
156.85943583008705,135.70343092364595
156.93928040596086,134.84337287645093
157.01912498183466,133.71158769937657
157.0989695577085,133.4793098174588
157.1788141335823,133.37845386191972
158.2954190911281,132.24123938529164
159.6692828280578,131.6528059844864
161.4161563482694,133.50744016671942
160.3365143563144,132.78082874718987
161.32163441427022,133.8234368373226
161.47359496216097,134.9311471202881
160.59215220985874,132.89158866428573
158.46455675667687,134.7585998136581
157.14783502859888,137.1307197970962
157.64690505812874,138.64846846349394
157.49666872364597,138.57971517863578
156.4703173771834,137.41255415097768
154.7197716491176,136.0629854326225
153.9298124257293,137.00903495820376
156.68989990186762,137.19434824816588
157.22338357142874,137.65096974118023
158.27680995667237,140.18131306762814
157.56033922451493,140.41558291422305
159.0847759972139,141.36276742199527
159.5469103536587,140.6784216191005
160.80733259202066,138.9225976748129
160.37215416999874,140.75286410943892
160.05210703057696,142.03635159000655
160.38356580621416,141.54281095253782
159.69799185442164,143.17662616933515
159.98838829889235,144.38283652451506
161.93604984294748,147.50548655399265
162.3201219889199,145.85420530175458
158.21730093120337,145.83323856196188
158.50876333389684,147.8786650128532
158.84124376110825,145.35944225640804
161.07739104599847,147.35828256281792
160.26558844744724,146.82997691908596
159.82142985700298,146.39898476873668
159.96292755351536,146.49869803315346
159.1288039731815,148.311822589695
160.13549223434285,146.4397634663303
158.29574552433712,146.47232559513319
159.0395020347532,149.8582365663527
159.93215964584508,149.09986418254553
159.94254981077196,147.7380177008088
159.1267644161119,147.49000740664962
159.54683065328572,147.87887352125327
160.79342378430397,149.7424130839385
162.89950564770072,152.45401615799454
163.86957754617126,155.13342411161906
164.46272140978874,155.5435256528264
163.0035834344668,154.09035123254665
163.33538018245403,152.0082508471486
162.5367531743694,152.1343909418511
161.21885783860517,154.48254014196297
160.9205710349512,153.95948048134713
160.53670783299083,154.56316758115594
162.0778463416159,156.35975317340936
161.54128231172658,155.51637629365592
161.04002454277256,155.26953328114902
161.18697521741467,155.3581441992166
160.38459818691885,156.04298684995086
160.43245464142888,155.57255759779136
162.37475286181518,156.85685367898444
160.64499701804334,157.42484538663348
161.55360342227834,157.22338357142874
161.8278258803517,156.85943583008705
159.58122502240784,154.16877576467974
160.58845317940373,152.646652452992
160.90398636373655,154.70665782699612
161.42932318454362,150.46099089308228
159.86383530242256,152.22625643559124
162.0280881010558,152.3624047265704
158.04146781898444,152.27170253679947
160.34388614203004,152.29870912828844
162.11592479637534,152.91860246685695
162.37671252180724,153.78575006503874
161.57454948964065,154.95482670235526
161.30240917220277,152.9123964405155
162.43963360164904,152.39653794027132
161.31622555617577,150.56940557496463
158.21681148714933,150.51629289209237
155.1400161972941,151.0742673194551
155.80351045423075,151.30484213619772
157.47528109760984,152.4444970209384
157.89113228496197,152.22576459447615
159.5628707705274,154.20828902188057
161.2261103472964,153.9298124257293
161.7597016123616,155.31590922518345
162.70042254737373,153.0019621405013
161.7636657057733,154.30925977738806
160.84355214161448,154.5732174838469
162.55161044679102,154.36221656004267
160.5588072434634,152.99621946567072
159.88576688664998,155.6513404838278
157.47848824356916,155.70881451723963
157.7618446344583,155.4354711121978
155.84727678252455,154.87762068585516
155.10469961438986,152.0344187056059
154.36212244625517,152.2924043731274
153.61954527812048,150.37348616311135
152.8769681099858,148.64935647766893
152.1343909418511,148.5872155233782
151.39181377371642,148.0905300519396
150.64923660558173,146.87356642619187
149.90665943744705,146.7896279264386
149.16408226931236,146.6813624614336
148.42150510117767,146.76907785566033
147.67892793304298,147.23535777098843
145.98672526370393,144.39889792963646
146.74531216925507,143.58078869162605
144.7327653712091,143.80941100843557
143.2908886667172,144.81374363378362
141.30515128219352,145.0075596126509
139.12402709614517,150.39036591362787
140.54916136835516,146.93677194820745
140.2723816375815,146.38639386445004
140.32068553726631,145.1466477855025
139.39959197217058,146.29861845420277
139.20081252323945,145.79093093554468
138.90141174077286,145.75256293360394
139.9129443243957,145.30059262753377
138.7420275679828,145.05222989165387
137.5029180403083,141.99844014469446
137.27903651042786,140.32588796917085
134.08622472073486,140.53479785965703
133.30564224877756,140.8804389400955
134.11554750644035,141.51717908561898
134.7903871958996,142.78011948049726
135.46522688535882,142.95098664792857
136.14006657481806,142.67509087853603
136.8149062642773,142.57104618700615
137.48974595373653,143.11888866615072
138.16458564319578,143.71919886217793
138.839425332655,142.23204679521146
139.51426502211424,144.38838289776822
140.1891047115735,144.9668006308189
140.8639444010327,144.7327653712091
141.53878409049196,145.7276993487469
143.71919886217793,148.1190710633431
144.43442413383437,149.68572378728376
143.8092182765926,149.59326525432812
142.44439770493557,148.6206297817397
141.60680447805495,150.53513014056102
141.03658425139372,155.0389015437474
142.59154186111928,156.24840652896515
141.82352544645255,155.75599539867196
144.85483860446493,156.98350182783977
145.7276993487469,156.99864808665097
145.05222989165387,156.2446878801042
143.97733075915266,155.2717807878549
145.35944225640804,154.8880842057372
146.86431604335172,152.0644356846672
147.99770811773294,154.31803387125973
147.82775203299164,153.11007463392747
146.4442204081329,150.00107925682985
148.16077393017974,149.49891833619975
146.18718267721894,150.49553691401948
146.38639386445004,152.8977440240972
146.27920642880082,154.7725798134698
149.83574902463153,152.5032059814033
150.08098344011486,152.93077852428698
149.7600005733494,150.09791845544007
150.37348616311135,151.5033785231335
150.75451501880093,155.2940064802468
150.9236643390679,154.4854224077717
149.60712373497478,154.26413532439776
148.70850265097968,154.00199557307496
149.35784665361297,156.08851947892404
150.31073486856135,157.16214196994284
151.74646160076395,156.92197371513626
152.76950166709028,156.61612094156334
151.79360945778336,156.41350448992742
153.20926408756708,157.31283705259565
156.01461202526184,159.6690475215518
158.11918586285185,159.03041376264827
159.35928122526656,158.27680995667237
162.17025349300818,159.58917996332426
162.5681805505008,160.10612780670002
164.60625481316112,158.69510106410843
163.2984121892565,158.34809171131718
163.54565627157663,158.43120106408827
160.32188529977878,159.11540679058965
161.78827006277174,160.02110084046603
162.0285808950047,159.52418322976376
161.49433700690994,159.65368565926568
162.1043641263309,161.42991642204754
161.1778250802646,159.9924158911795
161.0392242870854,159.08397288225856
161.07520830179192,158.60147413985675
162.57898667084598,159.00890344182676
162.19045271888825,159.6289757387315
163.5795837687935,159.1165521992109
162.40442902232692,158.09573977812562
164.1943146652944,157.63314213848
162.49410613960754,157.73325531824108
161.95308353570857,157.3998239135144
162.29840879577347,157.39004502433957
160.91442143640924,157.47528109760984
161.24323742581026,157.13330192981167
160.05499845344357,158.97305196126908
159.0580899203757,159.96292755351536
160.01874576573198,158.70164501103406
160.63032816689045,157.45750706037444
162.1510232844103,158.02421042681334
160.96164472015226,157.43658958796394
161.7336163118697,157.8077035606589
160.00388234433808,158.73881098055978
160.85965937390267,156.30052379897035
161.85869337873285,157.26968916164154
159.0035431005934,155.44293303375406
159.00890344182676,157.23709146552022
157.00712539974847,157.27075680700707
156.59799255731807,158.35511540510655
155.5586031501771,157.4483737272314
153.59578379512047,157.34365640579588
149.93182342630737,157.64690505812874
148.28636781391754,157.989310222524
151.3968464045442,157.18204167388325
151.5469095844652,158.41201812561684
151.56901287928667,158.08601073865128
152.12771336781177,157.49666872364597
153.87402429885944,157.89113228496197
155.0389015437474,157.50096920367395
154.48254014196297,157.6154142973883
154.91042225319728,159.71652950927862
155.06040526245488,160.38459818691885
154.87610014302476,162.21351179117588
154.3796436497261,163.07754385649517
152.44237313165127,164.46272140978874
151.45494709929548,164.08714977212065
150.59247945737903,163.0035834344668
151.89725391912845,162.57991000614413
152.0644356846672,161.7636657057733
152.76246536014926,161.49433700690994
155.08673450873118,161.42357826186688
154.4854224077717,160.05499845344357
156.29529959903343,159.61263132132373
153.5167665693284,158.23227887783906
150.1003107084033,158.18643771252886
149.68572378728376,159.24624535426767
150.49173237081206,159.82261606865325
150.76298529436576,159.64300290553246
153.33481672098603,158.29574552433712
152.51398873968233,158.5753570050733
152.86547799996487,160.1636681765452
152.59024210434404,159.0580899203757
151.37729296047192,158.7352610978481
151.78481951095623,159.94254981077196
151.20845673768008,159.86943086775707
151.5592452612038,159.64915623328753
148.57390733180773,159.54683065328572
146.16079884738775,159.94972411972932
143.8613582277311,160.2899278997205
144.84500416078453,160.08854460352276
145.0624332460368,161.34525139511996
146.61237670919493,160.20754215534387
146.99429011697083,159.4186375953221
144.70510296506507,160.0874861937335
144.40461477798237,161.4161563482694
142.5916797196638,161.41191421672497
142.32837704823302,161.95308353570857
141.58259622710636,162.50976323112118
141.8926971206528,161.7597016123616
138.7481859558252,162.03361055109193
136.7215678317158,161.76669442620374
137.71044195853275,161.7259548825112
141.4132661628344,161.85869337873285
141.8495604483976,161.23163201251216
142.80493745077268,162.00555846510335
142.0531850523477,161.55360342227834
143.46144321701425,161.9219790691672
144.79588441998592,161.96377055951427
144.32132254753145,164.72462793515786
145.01703582769045,164.52468858778752
141.29986049286,163.54565627157663
142.95420046171333,163.2984121892565
144.77661877043565,162.0208836240341
142.83578796157687,163.40730489718317
142.57719886826322,164.12289143102348
140.34152588620125,165.98400699111144
141.53540340129075,164.83281486371246
139.24196657101626,162.6956483576458
139.31808079295882,163.95748018380732
137.63472062324547,164.71209631263756
137.23253961018005,163.483578745973
139.5538371385868,162.83577840288882
138.3889262251301,163.9586058329697
139.40014249903186,163.33538018245403
135.80737994293906,163.78034077012214
135.57863885914108,162.98492653020753
136.75689914566755,163.97327853398255
135.38539332185778,162.51871052577175
135.81784544579756,160.25141613414254
137.140248161867,160.63032816689045
138.4781424312686,159.18930990349915
138.0751509283938,158.76948998070935
137.08887109579913,159.24464555675715
137.38125766252546,158.2991104789022
133.56780132535675,158.57348452799624
135.08614149477714,157.81882153378376
135.96909312036405,156.75810662337804
139.57467021154974,156.16348888853705
138.6554836512612,156.5422475919451
137.9453133091902,157.1550618286159
139.07270717700803,158.11918586285185
136.400387342877,158.21681148714933
134.8141266659158,157.7359567081749
136.20211209316696,156.44465380719927
134.59062061924294,157.5490012426761
134.40898469263212,157.8073240268958
134.66325697267726,158.13682138728674
134.8340107877327,158.40288765155884
136.404891091578,157.73787364695445
136.4458247788963,157.12491230695107
137.9930165927765,155.3883629596611
138.5884681109526,156.88244367813053
140.53688321545042,157.21114449562282
140.13997052175634,156.68989990186762
138.94957194164894,156.37597481534488
140.71928978471354,156.87010682295545
141.46500207662442,156.72258364967882
142.44447841076646,156.4110301255072
142.71060111634253,155.75919065685903
142.31358936509008,153.07789108652682
142.76471984017653,152.44237313165127
142.54926749832927,151.488738363923
144.5147079395489,147.40897122130838
146.55305473756638,145.01703582769045
145.1977366555217,145.7722655065964
143.8703413449077,144.38810581962724
145.39770584938165,144.34722253621945
144.56762306564994,143.8092182765926
143.58171235476303,144.89790907589742
142.9409196078019,144.7272414329524
143.3808660462954,144.1660236378549
141.28399221552306,145.53936966007038
138.3815915126568,143.8248574731534
137.57360287339714,143.71812575276434
138.68405750393453,142.79045338072123
139.80875978100966,139.31143967434653
140.8804389400955,134.76825652104645
142.0034924126779,131.4660147851708
142.56816149720927,127.2310549584162
141.09418298104993,125.08884450790038
141.03561794003193,124.73784055829546
140.55028070971852,125.31963023634634
141.04973219673408,122.13223459986062
144.0339273857156,123.75309389130705
142.07234812772734,126.3073000372881
143.92886140908627,123.28649804949897
142.67509087853603,123.64846407880412
141.27517469985105,123.18439397988983
142.61110562790464,120.57084716201584
143.94907347487714,120.67647347174805
143.31373753349956,121.63248967431771
142.31516191529244,120.18019481715496
142.33285804652525,120.29882580478214
142.36985055412168,119.65769924807365
140.5839213133817,119.0562306459481
141.41923474561503,117.93725327006906
140.94853574383953,117.8807861748693
141.17765701161056,117.0846748589521
141.19422983813155,115.43375787641443
141.8261135203077,113.26011878682621
143.23896868029553,110.81383433105734
142.5837347598964,109.5270319841389
143.826309160246,109.26372692099459
146.12765235368474,109.98461177862828
148.52490528044146,107.54907641573224
148.7670492533535,106.75886646056222
149.1536678881328,106.67822652486397
147.9079066089718,104.68930514064115
148.86245058568144,104.81710616127951
148.9016689198399,102.07029736921848
147.58263013043901,101.21354985433722
147.7894689674508,102.20452863485085
146.52525527424652,102.35164120478656
150.9769388873601,101.99500916139195
152.45401615799454,102.16476721199975
150.58381169091382,101.13702832046071
151.94423456196296,101.2794977065959
153.07789108652682,101.13498697116604
151.08461815998294,103.08370290323754
152.27170253679947,102.57635225939576
150.89424172963,103.12982800231806
152.5293184084252,102.96594313882596
151.45732692453993,102.73758695010302
151.13855730752417,102.48889485573403
150.81526998396683,103.29093014360187
150.68050152233036,103.91474660171143
152.99621946567072,104.17996303165273
153.87785956621457,103.80240602397852
150.73214539347939,104.74476315871242
152.76728136034563,105.78066353895531
153.2635200077414,107.3533774086033
153.61030169715463,109.50187392957874
151.39977328121049,109.01753113104964
152.4444970209384,107.24128896479161
149.25970576824915,109.49939947942973
146.89189582194228,107.76715734609763
145.07567393749358,110.350462459746
143.39854235695222,112.15079004100876
145.0075596126509,114.27208481727558
150.25118298221648,111.92015097090126
148.98734811307003,110.97887553451213
150.76035526481894,112.65292517573768
152.2525997586842,112.5108810463897
150.32051884079533,112.82409292687007
150.03812273864253,112.76605774505543
150.39036591362787,116.54382641393376
150.5720874686636,116.41887474889008
150.44993470267704,117.6492527303991
147.68911247282696,115.34623270185593
148.2089621564092,116.92847003765124
146.49869803315346,114.5347802759116
147.28174198565145,115.12462345636911
146.93677194820745,113.34850082845209
147.29709267761572,112.39435576335885
148.0905300519396,111.33689853396959
148.4294558477514,110.5749808935738
147.24723425705452,111.11232682179863
146.87356642619187,111.30341671889052
146.49989859532923,111.6669257450539
146.12623076446658,112.0598098840417
145.75256293360394,111.3414719034451
145.3788951027413,109.92548507685107
145.00522727187862,110.60361011423137
144.63155944101598,113.18547279508357
144.25789161015334,114.13680773477319
143.8842237792907,115.3177493771928
143.51055594842805,115.44684588596334
143.1368881175654,116.5044926193756
143.12411205671285,116.27886164807624
142.48466060139563,112.20268023232683
141.70540026970926,112.5562035221891
141.68097856787978,113.75493376014373
142.09578172093654,115.79482466210777
143.49291574875517,117.52321312849551
143.93958943676074,118.67556248902679
144.89790907589742,119.12375610194954
143.71812575276434,120.41994708956115
142.9609525029589,120.69770025767959
145.0709521736147,123.39107812350875
146.2841025363398,128.43261091327878
147.47245294085874,127.4455676452945
147.09082579186153,130.97393761663216
147.03790107148174,131.01458013612736
150.07164118707965,130.2451431865262
152.22576459447615,132.74530777480726
153.52097950117277,133.50221748062023
154.87762068585516,135.20108790943146
154.8880842057372,138.4781424312686
153.51699957828907,136.71240819161704
152.13369445682144,138.34230927744915
152.5086003218998,137.15901545061377
149.52930481224072,136.61576728745362
145.24598941222428,139.38220029392147
145.44444116875687,137.37559650016973
143.20821233281094,137.04048551752152
144.46642442415688,137.0798472113713
143.94993151536323,131.4746131859376
143.77520847268275,133.6041551503435
146.15178357921897,134.62585878272836
146.60549424143787,138.41993207143273
146.030054842924,140.92405073824642
145.56109660739088,140.53966193135693
148.37023841215643,140.11076723753152
146.4153902600641,136.7215678317158
146.44173076949076,137.9001830204018
146.3036817768241,138.0751509283938
147.507858643908,135.62183337538602
147.40897122130838,136.07462761810075
149.16271094693894,137.92388771138582
147.63328247663807,137.06963034880457
146.40725232947898,136.10031909964448
148.60525642294277,134.47013554203386
149.12138192565047,136.68853894300736
148.77149352930238,134.5242289939007
150.89692560133122,136.67825348283642
148.75481835037613,135.54270833060036
147.87887352125327,136.97395378285444
149.58847912225437,136.02021214129257
147.93200692833807,135.5415026649208
149.58919816749804,136.1311957303562
147.6148990006304,135.11317847632364
148.16839134510062,131.2519445229124
150.3625502599098,134.50716980735388
149.7424130839385,133.53503576567496
151.8467335028724,134.90265576171439
151.66514900182705,133.95101831345568
148.85118391226743,134.8044469662006
147.97598660148407,137.48974595373653
149.95713729939598,133.64950145508828
148.66962662254934,132.9747523671036
149.57499030097028,132.80554306267152
148.92844960107195,133.08800410455365
148.6676818637782,130.62878508001782
146.58230239732555,130.84146676325832
145.7724394138855,129.85711258204154
148.27425684644587,131.32309145115397
147.50548655399265,131.16247497657824
146.55874646948044,127.51813199785143
148.16585462724257,130.2354612819724
148.311822589695,130.68706123705047
147.58623394030147,126.0567814988115
147.93755275112088,123.96111864357712
148.12674586715536,124.01412359025221
146.9683895372593,126.26137817324012
147.5423151383541,127.9024204481109
147.49000740664962,132.00012083367372
147.13842832613466,132.45919015169494
149.8843185340053,131.5509020334683
149.80535219563464,129.16737063543704
151.77174157428712,127.61577426842659
153.45402275787382,124.94203712311776
153.55358803886534,121.1842133809342
153.80077874827833,119.4580606747686
152.00150011541191,120.12196821891251
152.67517290910348,120.15095682249488
153.39468368342415,121.24130089915813
152.75531303990195,120.78494901989141
154.7345669980598,118.08684586017432
152.3256785325132,118.74598537907765
150.5868339373818,118.675757552565
151.5340858844407,117.63151708093542
153.31496355208745,118.4945962751169
153.54701760060667,117.71244133192025
152.60678562979422,117.51811838653715
152.0082508471486,117.35828268317452
153.4989450788612,117.81013035191937
154.56316758115594,122.65804121130648
153.27265252986797,120.41658808794813
154.72094164541832,123.37410673289703
154.26413532439776,122.0585185046009
153.0295594448411,119.47679956180517
153.35336645341442,120.13606040900055
153.49471035273348,122.02033997448406
151.1190438329953,120.56512116865025
147.55006997862952,120.66967343991998
146.77072077063767,119.7321402161308
146.4397634663303,118.7328471955525
146.29861845420277,120.04959609177585
144.38838289776822,120.89260595753848
145.34237171803352,120.79416088263024
148.52346374565846,119.20062894279391
148.47791052973653,118.5067404106207
148.39531127875372,119.4631373330098
147.7633637947013,124.82510541955054
146.9846457770405,126.35097633489616
149.88047643246898,129.13853431835898
150.93307585328887,125.5240699035062
151.0742673194551,126.64055111890762
150.90411179907684,129.90850422138115
150.51225052356102,133.0371664180041
149.5779749269534,136.07066281859778
150.16482322798996,137.13054089700702
151.40690669736247,137.86373457886032
151.43365176706857,139.7718129633356
150.51629289209237,141.05348644608316
150.73666261027478,141.53665432943808
151.1586501215528,139.07563279801278
150.68625247638803,140.64824777843054
148.78580404548316,140.02682513432018
148.887211668816,141.1405706634674
148.92476319572484,142.58222166779748
146.80971289196145,143.1368881175654
145.11632448261338,142.83578796157687
142.995104070194,142.289290037263
143.44946088411686,142.9609525029589
142.58222166779748,143.23436367251955
141.54281095253782,142.77886533746272
140.92405073824642,141.7724893182956
140.30986853633908,138.5586389349704
140.18131306762814,135.42132938699197
138.27547020778763,135.5374480478956
139.12309669857044,135.02622085982668
138.37499800482323,135.13381425299485
138.16013153670184,135.13044974248263
136.22160713893098,134.8141266659158
137.48133426506777,132.90539968611495
138.8001036124671,134.64653083702746
137.19434824816588,133.56780132535675
137.04048551752152,132.42854680238267
138.35350443992246,131.95393390822125
139.49585494348676,131.6403496187009
138.66028570919727,131.94676621364658
137.19951827007387,133.11893434344174
139.73380737375166,131.95604722134303
140.23270322924185,129.64115900534884
141.06976352886846,125.8900128520689
142.03522490323508,123.20365199144611
139.5881007843546,123.77190663413101
139.5814669635506,121.25200758200755
140.43882352357812,120.19458930762832
138.47065558986444,120.59298389149691
137.75957136745353,125.50553883332157
137.65010424706279,127.20103919999858
136.8713182645541,129.8967074358238
135.18059924027048,125.46599850559657
133.85715735612317,127.44359888344519
133.67174535506194,128.52020005801987
132.74611648748814,130.27543524331082
132.1719635525023,131.67244845539935
131.95604722134303,130.7247995568919
131.7495331479545,130.84927902398528
132.9482867857243,129.540024871407
131.7393759506753,130.66904607252286
134.25587769098448,133.43815555730885
131.87178029425806,133.12466425670297
133.01226602231625,131.7610451897688
133.12395112272807,135.4827362388065
133.23563622313992,138.96833213206517
133.34732132355174,138.92887382055497
133.4590064239636,138.13620393076627
133.5706915243754,139.49585494348676
133.68237662478725,140.5839213133817
133.79406172519907,141.59659622495047
133.90574682561092,140.93458003173657
134.01743192602274,140.95396188483156
134.12911702643459,138.68418488768083
134.2408021268464,137.48133426506777
135.29299846742606,137.23253961018005
137.1310390974922,134.6971809662309
135.12746807319039,132.61980410218476
134.47820538612504,132.61299999690743
131.81649179306118,130.58646223969444
130.68706123705047,126.10666504854848
130.4014062751975,130.68929974749085
130.62643450662324,129.3737138025775
129.7979441282858,130.25904576716627
129.16916187524356,131.5645901355906
127.29397000837481,131.9529662207887
126.41625715250842,133.79863475599709
123.64846407880412,133.97495575127374
122.72543475581942,136.26114891557094
121.25200758200755,138.49297329920634
119.81783987552407,141.86569259427372
120.50119305023826,141.89326551889596
123.29022304675003,142.75685290728958
122.13223459986062,143.17852673484117
120.67647347174805,144.46642442415688
119.4631373330098,143.94907347487714
119.10277498552401,144.63155944101598
118.66449301695745,144.32132254753145
119.10033338243018,145.0709521736147
121.03706594679814,145.32650342779277
120.31819123057764,146.4245960671835
120.22384455086026,146.52525527424652
120.2874224651202,147.58263013043901
120.41658808794813,147.28174198565145
119.09428121988421,147.58623394030147
119.01210596422014,150.59247945737903
118.43426137565923,152.67552340540612
115.55740145666044,151.5469095844652
118.11371759683661,156.08285097415046
119.03189131777896,157.0302065023377
119.6011753499508,156.67725912007998
121.19270943391578,154.92020731061007
122.58442007987414,156.45047562878167
123.71735953047833,156.6199021024656
124.25527603502874,157.31952741006776
125.33495286748953,157.83078628351882
126.78216147968197,157.57694019689998
126.3073000372881,157.86811884607357
126.0567814988115,157.14783502859888
123.78178395033817,155.59846261667914
123.49019226750012,155.17849958284884
125.25825914275912,152.59024210434404
127.41878102270408,153.18089197224452
128.52020005801987,154.9703071898101
129.23732643027793,157.14590266675953
129.77523718479034,155.87267367387076
131.63877764987276,154.25544773604923
131.95208755105492,151.6388595810093
133.01405175209985,153.54701760060667
133.34937430429693,154.39436407580646
132.9191373358414,157.7462489790192
135.01716365896152,156.93928040596086
133.51365181040288,157.8075717561584
135.97791912792977,160.12608227955843
135.22137928827786,160.13794634555128
135.25426988945304,160.4531444561176
137.37559650016973,160.17036905082358
138.73462256782074,161.04002454277256
136.17870799977769,161.2741641075223
135.81314726612922,161.31614181504239
134.90265576171439,163.9535109222086
135.5949189263304,165.24219981035
133.8234368373226,165.89161991659526
133.14563642641102,166.51606093359075
133.72563411429027,165.71603765688246
134.62585878272836,163.91247097649057
133.82575734494353,162.6461723881327
133.40262517128488,163.00019158463104
130.97839063348556,164.00300570632763
131.73643137397806,162.91087402222075
132.01325474141277,162.15816669983673
132.29007810884747,162.5367531743694
132.56690147628217,163.84221646942538
132.84372484371687,162.2988216124452
133.12054821115157,160.97056880094559
133.39737157858627,160.39672665173208
133.67419494602098,162.02123978667203
133.95101831345568,160.80733259202066
134.22784168089038,161.2261103472964
134.50466504832508,162.06391853084597
134.78148841575978,163.9447495247301
133.66404400041043,163.74723695036434
133.88186791145918,165.78341874021902
134.36189415222813,165.80761147027124
132.74824294294552,166.55132027094305
131.95393390822125,164.13445822691045
132.86429621041495,164.21291545280968
131.9247039716639,168.14806745266594
132.61980410218476,163.9157431973268
130.25904576716627,164.64454113662146
130.12499913725583,164.77724245069567
131.9808136119739,166.21209578198776
130.84146676325832,168.91354027979588
131.50831389425488,169.22926346281258
131.02900755729812,168.2097903799532
129.3737138025775,168.6016981973849
128.9604183885188,168.77893431675272
126.06333394523703,169.27248716720172
124.10723789700768,169.40036618641338
124.31274271008431,169.49166737125725
123.96861510233964,168.14656219394362
124.22542660426735,169.01624417856758
122.62913932089371,164.20851759242717
123.88408656418555,164.00372799776787
125.33014587808574,164.58973581568688
127.15473756364322,164.2361237090102
124.96205334956981,164.36022098487047
124.37652448705069,169.31932865520372
125.39625710917295,165.3244479311359
124.01412359025221,165.42158757473786
121.91461572219282,164.64757095820903
121.17628271446279,164.7956290990852
121.6956311217717,165.4163373923721
121.31742207999969,164.21295721176506
121.36964866028235,164.08407341064884
121.2950336959518,165.26785987006087
122.02033997448406,165.86921775644933
122.04028978052858,167.5584390305477
122.12746623100561,166.73625443930734
123.65452863304694,169.50890690774398
125.54876416268277,169.86055832941594
126.38651844994682,169.8688030268392
125.59500977356083,169.8448768737246
126.09501519142859,170.22262433045105
125.23637156735907,169.76232745846926
123.46954307685759,169.03573806240385
123.66278212995324,168.6846452970759
124.07087438183238,169.62336253381022
125.51961411667077,169.67755415944134
124.98473131237539,170.11198280194262
125.28299137579951,169.9101611539433
124.63975851621102,170.67588109916102
126.9911207264003,170.28843397396923
128.41088547237766,172.14497606496084
125.39761916547539,173.23197263865853
129.16737063543704,172.55624741573862
129.21905112817998,170.41104049714576
128.28165029005365,170.10995788328947
128.68564754045866,170.3023722203347
126.50298339930238,170.30432149877055
128.97328506957558,170.5862886861773
129.48192953625542,170.26474519492925
130.7247995568919,171.14146616931944
132.69785988776977,171.85700675656238
131.9529662207887,173.1723966861048
131.32407103410378,170.15726183522344
131.87433120197207,171.7601171077307
130.74486001964874,171.03243944385582
130.1066410106782,172.28390870055108
129.6958406320364,172.58680444723475
128.5033643419027,173.4044350501517
131.0795269713505,172.7223148487002
133.46257985856798,171.87962143077425
132.80554306267152,171.26518151929534
132.9747523671036,171.36393205134218
133.9037265953921,170.92605618574183
131.64744848551942,170.45899281563928
129.7415027708424,170.4266083845306
127.11996381176228,170.77373644690903
125.55140643988186,170.48941184444584
124.7992015246891,171.13171303269885
123.25589885663268,170.80505594762656
122.58972417867024,171.5287422151021
121.12173318999585,173.2793157851594
120.07325932390715,172.6896707341342
120.79416088263024,172.3043156241158
123.56063148837823,170.96356149784967
124.13257474316326,171.2877794430009
124.07382229478571,171.56894464025962
123.25176349865987,170.98201938343138
120.83933173128814,169.87864174360107
121.31219578331974,166.94127322566678
121.78505983535132,169.926538647005
122.25792388738292,167.12288408695025
122.73078793941451,165.48626244300655
123.20365199144611,164.72787138897561
123.67651604347769,164.01617004064104
124.14938009550929,166.26642485084363
124.62224414754088,166.20513428665726
125.09510819957248,166.86848053945465
125.56797225160406,167.25326424693404
126.04083630363566,168.67841346169624
126.4331722664701,169.6743082545652
125.43077951201333,167.28679085422843
127.2310549584162,169.35461585611506
127.7893972440849,169.7593794039185
127.4455676452945,168.67251270610018
127.97530000372883,170.33084943856718
129.12294663401667,170.18287654613567
129.0472862652159,169.83434508769443
130.56829670721095,169.30795130631833
129.49344910597742,166.689365994472
128.4995111514234,166.55532288708858
127.56794450163896,169.5164592891747
129.5444563832509,170.34802952248367
127.46213518077846,171.14639507521719
127.31207115392624,170.97588204019718
127.71182434107322,170.43074127850602
129.57827872800036,170.44791413530513
130.0290858766793,170.9342173432231
130.01125747426082,170.76066508083687
133.3399191709,170.28179021204934
132.75019437639432,169.90948570765957
131.2332204467023,169.99483115434137
130.74510595017463,171.65704494600124
133.0019496849977,171.26644933245058
135.03489312317186,172.3533677793049
136.4027396843367,173.88814675837602
137.06963034880457,174.3154968033387
137.2369649287955,173.9876970568689
136.55236876384683,175.79441333489746
136.11929587925655,176.54198026289444
135.5415026649208,177.14669587812858
135.83399638451033,177.44044038758645
134.995340428939,177.48120614548685
136.15029831262564,178.43069409243384
136.65512867474303,177.23605786103002
135.92050455309985,179.29032704155395
134.8044469662006,177.31905982801018
134.2316591860443,176.27760312861
135.74057614331932,173.7430560265339
133.95551539067606,173.18275434651835
133.50221748062023,173.0142579795584
131.66349489664248,172.90902665299774
132.74328848048685,172.33113512957934
131.51519324172017,171.8751934822879
130.58646223969444,172.91963175357265
130.64637735079302,173.44543127710406
130.87020057322576,175.04240855767446
130.83144357986689,175.64687854439973
129.67304964975307,174.18874178315838
130.28186860654895,173.9434001794854
130.61022867340802,173.98350002529975
129.99202603888992,173.2801117345041
130.23880741792385,172.95483857741397
128.91272744862954,171.48616361596902
129.89245622249067,170.79929147623173
131.32309145115397,172.16231909087603
134.63894735897287,171.85176802426474
134.6232291901468,172.93480757814496
134.0895180009076,173.2956932999133
136.26994038251803,173.6014330422868
136.80566080569054,173.65808223598563
137.1307197970962,172.37891150402925
136.26655045940706,172.29830203985588
138.35893759589823,170.7880589818016
140.2720424085206,173.12583373788317
140.02682513432018,173.2838779260019
137.95214117747292,173.7076172168219
140.0285445390605,173.73378314267316
139.34472684697363,174.6683594453103
139.46663581479123,173.27957800321968
140.53479785965703,173.23703065210913
140.42026899809366,173.88467901078099
140.49188230673033,175.68198650500506
140.6956784675979,176.16711620067898
141.63099386348975,176.19427755329392
139.08775373091456,175.677713528928
137.39698660606456,175.3288996959982
138.77868751782316,174.28222699346895
138.6037717293747,173.79970522023274
140.75498492770808,175.74066331709844
142.00101786673244,174.27746012324195
142.03635159000655,174.1588243698255
142.77521550618954,175.46174537394586
142.28742762104864,176.54660903321457
141.58833222506897,177.76958576226968
141.14137276813696,176.69757800788764
141.9903766434391,178.2902819876496
144.1660236378549,178.45514532913074
145.03728602121888,179.94826307234274
145.17580558595353,178.59130112963615
146.7944904911084,177.39822699072556
146.87606749680563,180.00476986294368
146.04934152113742,181.76505376322518
146.08341317534226,180.01029900646097
147.50270664709117,182.0217095946515
146.164656989298,184.32868863448823
145.83323856196188,180.08705131319428
146.1147772484665,180.1938004322302
144.98262602838648,182.93157115762259
145.55025001131654,181.48554441790372
145.79093093554468,182.10362637118635
144.14748162745676,179.16130625083937
145.7722655065964,182.2047640262734
147.13853362788805,180.03321147923876
147.81855440783465,181.34702556293522
147.93080996444863,180.04848292315992
147.96507634059355,179.399953859984
148.64737224827599,179.34980869755793
148.41397612094696,178.5267901178469
147.74969906461337,179.6741749012764
147.8786650128532,178.37775731871318
149.4595449240959,178.3531732809316
150.66866278064523,177.7214778268983
148.6845004725029,178.06508066316871
146.0622834652274,179.16483621867616
147.0250656972791,177.19357643540553
146.8907878464629,176.18638480656995
145.40919737269476,175.1101163451406
145.37619370318933,175.5584503170301
149.6435135066354,175.8750720670623
149.70849795830617,176.93296362524984
149.2009058376037,175.9362606088669
150.49001803864735,175.87009728413597
150.39373365981285,175.54611870615085
150.53513014056102,175.4911334449658
151.32790834684937,175.821311313167
152.22625643559124,175.3909521197925
152.54039653392235,176.89118054859992
151.4938932256622,177.87959661069212
151.6709639278242,178.33752204553693
150.48236014659113,176.8732197522149
153.64868286055335,177.04346864125316
153.00807552664062,177.04086517327573
151.30849514895067,177.0331714504776
152.67552340540612,176.36841853055006
153.39157305103444,176.58162913024404
152.6716008733653,177.31385209003645
153.1896179774316,177.7285448176617
153.06643169562975,178.02284911437746
151.488738363923,178.45081583330978
150.3963485342715,179.1711269288437
150.12872211989878,177.72383963518388
149.85599880950994,177.98878612442465
149.62345894230108,179.5518981965064
152.02898127484252,180.43044785815698
151.0813565131276,179.9528703013966
150.82369666853927,180.05833127347614
149.34075001028444,181.62801518623172
148.38368638696969,182.93262012916017
147.37048472162257,180.15415657972054
147.23535777098843,182.63738472432703
147.10023082035426,182.42203807713412
146.9651038697201,183.14362415501142
146.82997691908596,182.93980339776056
146.69484996845182,183.02226106999493
146.55972301781765,184.3479459753441
146.4245960671835,182.65752176406536
146.28946911654936,184.41592062071888
146.1543421659152,185.91951914538015
146.01921521528104,180.4124780574108
145.8840882646469,182.39005291057674
145.23268838762448,181.50829570296898
146.27028870075893,180.43837105801396
146.56991622430945,182.9331067880058
148.62674050851453,186.684611470579
147.06492504157848,187.6067432206326
148.1190710633431,187.24443848803358
148.6791926345044,182.89943602971766
150.31098826599032,182.34158427636697
148.6749709135651,179.70980816978584
146.65844532740041,179.14776063385256
148.46027822028043,178.2938558095679
146.39898476873668,178.40575374210528
145.64271355401382,178.47810980486636
145.06132488897674,179.45802706831705
144.34722253621945,179.49491405213868
141.85422685243802,181.63747755726888
141.05348644608316,184.04382516632091
141.23503984642062,179.583188306431
142.9626716949217,179.7803361246076
146.6813624614336,179.62781759822926
144.38283652451506,177.9981120071659
146.7896279264386,177.78959074258805
147.2748341219207,177.2248765014395
147.61696378484282,177.04231156707755
150.06847674171894,177.0028936306619
149.54831490190557,176.03204376940155
150.77953744422885,176.2153659705933
150.76979171300582,176.23400884706174
152.24299236532545,175.94123893189425
152.91860246685695,174.6811939938366
152.29674882268702,173.65350980264125
151.59960750372946,173.64598692471031
150.87580233786122,173.58764237608358
148.86150017889238,175.32729511252782
149.53471849178987,175.65394969267325
148.2702765388738,176.21579227362068
150.07201932955584,175.7847993782994
152.53848492233342,173.43962419018848
152.7473522928806,174.28431328328105
149.6749643235297,173.5944057351971
149.07326523815638,174.19367546596743
147.51153493392846,176.054964971129
147.93160224213653,175.41343792812611
146.12419025320227,175.41805045522736
145.83484284760644,176.414243089211
145.5454954420106,176.55883707944108
145.25614803641474,177.01211495046627
144.9668006308189,177.01346590472443
144.67745322522308,176.13737364099887
144.38810581962724,175.75736730858955
144.0987584140314,176.93580063217667
143.80941100843557,176.70395259702673
143.5200636028397,176.84897601788464
143.23071619724388,177.59023240373128
142.94136879164805,175.91189863504812
142.00162342575416,175.70452719665911
141.2835850371612,176.06865149573437
140.47024038885075,177.13730584933637
141.6577355324712,176.53925311167274
140.80807452339192,177.16245923762537
141.0724293041015,176.70671365357035
142.5702832502694,175.30466841433227
142.1591223911489,174.66656812446953
143.9772725211812,173.17714879072355
145.5202299496585,173.77138062338332
147.57852945063672,173.94524669113125
148.3532338071229,174.2034195760478
147.61504516193327,175.89169190975676
148.90979637029847,174.17420734775754
149.59931922088387,174.50364250546343
149.06854059428824,172.9734710941503
147.99959564763597,173.04513695697298
149.59326525432812,173.57310844543738
150.01845533003885,173.1132055014841
151.22947915328223,173.53031534328343
150.34497938662966,173.5901129998874
150.49715756467035,174.99932186181178
151.66411643447452,175.45300454358684
150.62939992083557,173.77505199540403
148.1325667923499,175.08636988140015
145.7529748703542,175.01447597157465
145.5130909443603,175.66190276016326
147.9929909077676,176.01944891626738
147.91874695308718,176.4374980607915
148.95205443217014,176.0418127232551
147.64788460651735,175.66589446949067
147.41150366903466,175.08069000082088
146.3419277706842,174.21759871202826
146.78417137263716,173.1676802790877
147.3938720279753,173.11756919008505
148.10981132934975,174.6071435774395
148.43268337270845,174.900961909759
148.87894185595874,173.10235997645552
150.71630198658613,172.72377302005722
150.23304711267002,174.65033920483305
148.43412535836913,173.85635441393157
149.21400646430143,175.1187271918266
150.55951161313558,173.11843774917028
149.49891833619975,170.91065786040656
147.10489964202418,171.23843487778538
145.53936966007038,172.64610368739793
146.94727856729162,172.78013777069253
147.06818861717184,174.54153318350336
146.0733991251279,174.98165244592846
146.93323565873072,176.9357678987995
144.13308383882207,176.86827940672546
145.04331056585823,177.95036798966726
144.1680454674339,178.9698540285824
146.5007585697667,181.01912235172074
147.7380177008088,181.18139119453787
149.30354402829667,182.19490258485556
147.40332997249374,179.11351666214992
149.70760202527,177.45332674822882
148.16662924465356,176.9835579832928
147.76529656839077,175.82715135856517
148.4787469397836,176.8813831193021
149.15699116805658,177.0935987000759
149.5882770324733,176.9963167662912
150.69604932094765,177.08580947213267
152.3493960574637,179.241493202248
150.13076057217006,178.2855989577795
149.18577805565283,178.2415352792613
151.14702105498446,177.16845054553377
153.16007395733016,176.65744666268077
152.98272661249683,176.22179517680812
152.2924043731274,175.26136761048411
152.16973811275875,173.87962486818486
151.66619058272633,175.14419214116785
150.68156716531627,174.41592181537837
150.49882607804312,175.32290046525037
151.53539858833105,174.91136674323434
151.3448806673062,175.72801083341858
151.6869263206484,175.0064148493881
152.06267338083876,173.62975763913622
153.0966461976754,172.12167737596
153.58439643379734,170.77732560393508
154.0721466699193,170.18929932060098
154.55989690604125,170.5385225903211
155.04764714216319,173.71473142968446
155.53539737828513,172.89872357186115
156.0231476144071,173.11525478605597
156.51089785052903,175.08127097193704
156.99864808665097,175.2983240251449
157.4863983227729,175.11128421229594
157.97414855889488,175.88052537954005
158.46189879501682,176.35330035275254
161.41433737009973,176.05999375473067
162.02123978667203,175.52515922160717
161.14231096585004,176.12434059702744
160.82391620209268,175.73732951619343
162.44463693574477,174.9314538059313
160.97056880094559,173.93960269476952
159.09016171188892,171.10884675899993
157.70425427167697,171.8439593528517
158.62318475100045,173.26084446578517
156.90073191697732,172.4722787569762
154.00199557307496,172.56349906544546
152.8977440240972,172.13616979442534
152.63120769834646,171.10737746446748
151.6974237444675,171.24587464197364
151.28080307087544,173.04376669759787
149.7111876080278,172.31630158240864
148.5872155233782,171.96255686320944
150.3069169298486,172.65124888838736
149.12654920845557,172.8240225225922
149.09986418254553,170.8415732750248
150.80556233345493,171.48439135545115
152.0344187056059,171.52754075832362
152.90603033715448,173.00330737110517
153.82272637302353,173.05945773566836
151.6388595810093,173.2312488587607
152.14272961193245,174.22117369231566
152.93225544794825,175.20479484840953
153.50633823732784,175.26684727220385
151.85353781130334,175.6391618149698
152.65700434940217,176.47945460458752
154.25544773604923,175.4834476304701
153.03791483195633,175.2677691904391
153.0984889119553,174.9778021562443
154.24010599846648,174.7978532373
155.99730767954594,175.63941302261995
156.24775896597114,176.0553237016285
154.2425494518905,175.70121423876412
154.1380053105042,175.52029397644847
152.41096810889263,176.47614200314496
153.96103589413667,175.34804808490517
153.11007463392747,176.52857751185687
155.15349454008583,176.84697660676997
155.98753352496942,175.5020604316584
154.90557114226513,175.4815631949478
154.01898318301636,174.21897177673753
156.315398983705,174.14437252028802
156.1874259881252,172.01226163902598
154.92179210290516,171.75519892108528
155.10963136750547,172.7722346262845
159.1683401081381,172.7453735894641
158.31178748052304,173.35462779320514
158.58940610962696,175.18455558885807
160.16264539168188,177.71057309886967
159.86943086775707,176.32086449169788
158.09573977812562,174.8642136623798
157.50606421820387,172.1556963092773
156.3826384908563,170.65614190449804
155.2874929010232,170.42194919576292
156.85685367898444,171.95700389253747
156.41350448992742,173.07771592824164
156.39489358886772,174.48537785266166
157.8075717561584,174.5419796896999
156.7925241042093,173.37527153899967
156.17919847067992,175.0950436758579
157.2594035509604,174.636213448158
157.67228487477175,175.28490875593513
158.4250051903002,174.0931609608137
159.7254337827942,173.56970384364058
162.58445230372462,173.16680441760812
161.72837970393525,172.84458221184514
162.1137790133051,172.2750906680156
163.50322984543098,171.8487217125724
160.79964581537743,170.87814226628686
158.08601073865128,170.88704400119872
159.1225849708214,170.21588596952012
159.2416909410739,170.3997803788266
160.4590418293648,170.64523775717367
160.01309251120003,170.08305985153342
161.87589204472775,169.73916167346647
161.0879922713785,169.65531076705378
162.2792535849284,170.3744240919442
161.46833278525287,169.7292278001408
160.5671571952458,169.76545291778652
158.68549169479627,169.3411713579943
159.09456002267044,169.2901675910838
157.6154142973883,168.9766111698781
158.31344675336985,168.85813057596513
158.9782551605497,168.61660797109943
157.63314213848,169.10971233420383
157.4483737272314,168.89788958258848
157.71182741628772,167.23915474669718
154.12310907051568,166.2179592113245
152.5881008802012,166.0856453350216
154.2787466635107,165.62646705978582
152.49238654560816,165.26724145167032
152.39653794027132,166.02226264588032
152.300024027208,165.24053579325573
151.62582774536543,164.49737322938483
149.32035862854596,162.49410613960754
147.54371960704765,162.108244968331
147.63490696017732,161.64461005113463
146.201638863682,162.53406136110922
145.85420530175458,164.34593338648642
146.35326570570348,163.807961901865
145.32650342779277,162.910693462975
144.49964131448925,163.41281879974156
143.76481175753435,162.2792535849284
143.1236146833379,161.56313268773673
143.6176875619026,161.72837970393525
145.9657202876357,161.15544060431495
149.33235234764737,161.46833278525287
149.8626377153759,161.57454948964065
150.58089962165585,161.7336163118697
153.90178295003432,162.54793524635554
155.59846261667914,162.37475286181518
156.61612094156334,163.72176206817164
156.98350182783977,161.7253214032444
157.12589267511265,161.07520830179192
160.66812883127227,161.99538362422967
161.9219790691672,162.3201219889199
160.39672665173208,162.5681805505008
161.27186628995912,162.0614266843103
160.34104223005713,162.28588072082883
157.2621229600464,160.26558844744724
157.50096920367395,158.9782551605497
157.71873564580065,158.2284978969074
161.1549005812954,158.44383810348018
162.22500134535665,157.31175764831923
160.85037037639236,157.19625917170336
161.43576693754207,157.56043723361734
160.25250241149254,157.73556490735274
160.0874861937335,156.65024029060152
160.44070133378986,156.55751543052918
157.7359567081749,156.5634553871866
160.4147502579661,154.7197716491176
159.16146437221443,153.90178295003432
157.34365640579588,153.06643169562975
159.49812694533927,153.9494427828026
159.0539512069841,152.16973811275875
158.78863251295982,150.64923660558173
159.39316025896704,147.61696378484282
159.18930990349915,148.64737224827599
159.90067425690845,146.8907878464629
162.21351179117588,148.62674050851453
161.34525139511996,149.8298369250528
159.93834186265815,151.5340858844407
156.24840652896515,152.8769681099858
154.14108228004014,151.13855730752417
153.6835332714107,150.06847674171894
155.05450369062996,148.57390733180773
155.82118057815595,148.60525642294277
154.81579907275736,147.57715160724007
154.09035123254665,145.03347181398655
152.5032059814033,143.76481175753435
149.8582365663527,146.04934152113742
150.71869558752573,145.00522727187862
154.47247345509047,144.30502064669184
154.5905115731711,145.80382742903703
154.92020731061007,147.50270664709117
153.2995686103854,147.81855440783465
152.46224016978778,149.8626377153759
154.2893892307838,151.22728802701513
154.70665782699612,152.60678562979422
153.97973282369742,152.06267338083876
154.534735976837,148.3532338071229
154.97556086306525,151.45494709929548
155.83300300738648,150.3625502599098
157.12491230695107,147.7633637947013
158.77295240934518,150.39373365981285
158.68322368077006,155.44131991708517
159.9004243037532,153.90197851413856
159.94429828255187,155.49106463371183
159.98817226135054,154.3178538977836
160.03204624014919,154.534735976837
160.07592021894786,154.12310907051568
160.11979419774653,155.42312707917782
160.1636681765452,156.61581969466064
160.20754215534387,154.88069918707646
160.25141613414254,156.504068180674
160.2952901129412,156.85968459694215
160.33916409173986,156.3826384908563
160.38303807053853,156.01461202526184
162.2430108107269,155.04764714216319
161.61706592355438,153.84248324719292
160.12608227955843,153.82272637302353
159.6690475215518,152.29674882268702
158.2991104789022,152.2525997586842
155.2717807878549,152.1734087354487
156.6696146523221,150.53615951522244
158.08764087160765,148.16077393017974
158.041238721237,148.6676818637782
158.43120106408827,148.37023841215643
159.02751316292284,147.61504516193327
158.485106222747,146.12765235368474
159.9924158911795,144.12522858616214
162.64062487327183,144.14748162745676
163.09394482361063,144.25789161015334
162.71606496544823,146.0733991251279
162.53406136110922,145.22342641363036
164.72787138897561,146.74531216925507
164.78504559050745,149.57499030097028
167.62784424550063,150.3069169298486
167.41081620438746,150.49715756467035
167.1937881632743,152.02898127484252
166.9767601221611,152.5881008802012
166.75973208104793,150.49882607804312
166.54270403993476,148.4294558477514
166.3256759988216,149.06854059428824
166.10864795770843,148.6749709135651
165.89161991659526,148.41397612094696
165.67459187548207,150.71630198658613
165.4575638343689,152.24299236532545
165.24053579325573,149.12138192565047
167.9460769830676,152.42882118497548
169.6334966065724,152.00150011541191
169.2901675910838,153.2635200077414
169.49166737125725,150.49173237081206
169.99483115434137,147.9079066089718
171.21812045840232,149.10773752169527
170.1008846423539,149.5779749269534
168.6849885796327,152.13369445682144
165.78225662751186,150.55951161313558
166.29184833193634,149.16271094693894
166.4104044440395,147.8858797639074
170.77732560393508,147.40332997249374
168.8272980162339,150.44993470267704
170.22262433045105,154.91042225319728
169.1855097093919,154.90557114226513
169.18269270229493,154.6775197778579
168.0749186168692,155.53539737828513
168.52678322403509,155.2131990497337
168.6846452970759,155.9837215260234
171.10497884474373,155.82118057815595
169.99589725459668,156.59799255731807
170.3997803788266,156.15272617472996
168.67841346169624,154.41813877410704
170.48941184444584,153.39157305103444
168.91354027979588,151.1586501215528
166.72530475985417,150.35321328935416
164.01617004064104,146.3419277706842
164.55688602175724,147.41150366903466
163.61893358569108,147.57852945063672
163.15948362440594,147.0250656972791
162.53669646005338,146.78417137263716
161.02635428457157,145.92106884082963
160.38702547816789,146.08341317534226
160.43766905452478,145.1030673957629
160.20717843509718,145.504066072568
160.87832223135192,145.83484284760644
161.77129967538474,146.18718267721894
160.10612780670002,145.8840882646469
160.60975386035707,146.56991622430945
161.1768479657935,147.93080996444863
161.6432263987472,147.97598660148407
162.51871052577175,146.93323565873072
161.23163201251216,146.55874646948044
159.29543375654976,146.93486908679105
160.77949096768606,147.93160224213653
160.84741981313107,148.66962662254934
159.22526445632224,148.6845004725029
160.26966943360338,148.6791926345044
161.78590486468735,146.87606749680563
162.99322771655847,146.1147772484665
163.78034077012214,146.55972301781765
165.3742576475513,145.91475161615668
166.76437235438544,144.46038195556298
165.8915503202062,143.58171235476303
165.98400699111144,142.18432948199845
164.71209631263756,144.45490132492637
163.52716909262588,143.39854235695222
163.24532383976228,143.94993151536323
162.3484433049692,143.3736416812857
162.2844673793625,142.0034924126779
164.17145812824225,141.68374270255472
162.06391853084597,141.11364568091895
162.92999002262331,139.40014249903186
160.0167641389973,136.11929587925655
162.03361055109193,138.50384857901494
161.9498454246674,138.92195440549366
163.97383891873798,140.3871996927714
165.3244479311359,140.13308645208258
165.91430996770123,138.49573228756623
165.81039969215624,138.44528011241732
166.26642485084363,138.46797094020485
164.73913568772042,137.87472827081186
165.48626244300655,137.9404341118372
163.74723695036434,140.73806806644086
164.64757095820903,139.9394818034436
165.86921775644933,138.08349981716762
167.25326424693404,139.24538687913252
167.02789706676586,135.09919176660767
168.1508915630971,137.82167170184508
168.35173524670097,138.4511355012925
165.4163373923721,139.21569779773498
166.79205388847373,140.38390732332587
166.94127322566678,141.03658425139372
166.7508605746543,139.51426502211424
166.0856453350216,140.2720424085206
167.59649189980306,141.4132661628344
167.23915474669718,141.03561794003193
166.81333611630862,141.41923474561503
168.66869913616495,142.44447841076646
169.79277181859746,142.28742762104864
168.86547637588768,140.49188230673033
169.76232745846926,140.089068491794
170.08305985153342,140.19463028836842
168.6016981973849,139.08653353287121
169.21541819317503,141.00493530266655
167.2219752584235,140.56688226349837
166.59587198004414,140.81406135270228
168.23914845484518,141.18624210204578
168.08911262269916,141.85422685243802
168.14806745266594,140.0285445390605
169.39293583014347,140.0176144907193
167.654369070199,140.51207586307186
166.8830583446257,139.20081252323945
167.12288408695025,139.51599401640829
164.83281486371246,141.09418298104993
166.60898893335943,141.61250501144647
166.32540237794169,142.0531850523477
165.47232023832987,141.60680447805495
166.96284700213286,143.05438909066473
168.61660797109943,142.69658393320475
168.45868782823598,144.0987584140314
170.43658191732104,144.2691264155654
168.05681529935853,145.05025231613266
170.4266083845306,149.4595449240959
171.58636542454127,149.28377653479112
173.1723966861048,150.03812273864253
173.23703065210913,149.70760202527
171.10737746446748,152.12771336781177
173.6673525731066,154.42502289910374
173.2838779260019,156.89278602005413
173.94524669113125,157.92102785140975
173.4044350501517,158.65865753343854
175.1010787812915,159.0035431005934
173.78712174375045,158.3771693416262
175.0665847743482,158.65295021389875
177.13730584933637,158.545906056946
175.18455558885807,158.25404874110947
176.0553237016285,155.35756211055917
175.89169190975676,153.45402275787382
176.01944891626738,153.87402429885944
176.054964971129,150.68050152233036
178.38413627538333,151.30849514895067
178.45081583330978,149.74307449555744
181.41444668381797,149.18577805565283
180.04848292315992,148.38368638696969
180.03321147923876,149.52930481224072
178.4796473586767,149.15699116805658
178.5251206522901,149.78647870103694
179.9528703013966,146.94727856729162
180.47260859216505,144.91706290128172
184.66276681612436,146.41758248014796
184.95872480843946,145.23268838762448
184.2520492687283,143.93958943676074
184.3479459753441,143.02839372910955
182.93262012916017,144.84500416078453
183.51938461853067,144.54390053284664
183.86574606767425,141.98255268605897
181.50829570296898,143.79046216938474
180.98981332158976,141.8495604483976
182.17945764251567,140.80807452339192
176.05999375473067,140.67967893006406
175.91328924843782,137.45516233726673
175.15758548559927,136.587212282586
171.38901532666688,135.09625233709525
168.6191507342353,133.3572792328902
168.90559533809022,133.01405175209985
171.62354745300235,132.84372484371687
170.28179021204934,127.20484673315238
168.58769710514957,122.97098023097371
168.85813057596513,124.14184829797692
169.30346523564043,130.97845639200617
170.97588204019718,132.0388203611113
172.19385021147113,127.71192298498434
171.75519892108528,130.3731393777627
170.8426048722508,133.68229313123564
169.58955847944108,134.38674872774297
169.8448768737246,134.55056211596448
170.79929147623173,135.10777582989957
168.05835612113262,136.74513675145468
166.67197757764023,138.0602807136748
168.4330374387633,139.98668433128572
168.77893431675272,143.3808660462954
168.89788958258848,143.51827903222866
170.65614190449804,143.51055594842805
169.16213438815862,144.01779381584535
169.19469103285493,144.77661877043565
169.65531076705378,143.91588182474243
166.55132027094305,143.13756596975912
166.689365994472,142.0045645935479
167.3149722462726,143.18395815360205
163.88241770502782,142.36985055412168
162.83948840257335,141.4427119666448
159.07769099793728,138.5884681109526
159.9777136225172,138.71051988265313
157.6120259503739,141.2835850371612
160.7572430734345,138.82888227340447
158.3771693416262,138.90893989119465
156.64394474694222,135.73910667863888
156.2446878801042,137.204284297181
157.29162259317732,137.5029180403083
157.36012888393296,139.39959197217058
156.35975317340936,137.57360287339714
159.82261606865325,135.75186002584118
158.80264696070222,135.74057614331932
158.58851365146015,135.39971715240785
158.65865753343854,136.21676049548566
157.05124263823814,135.67300456644205
155.42312707917782,133.88186791145918
155.03930656258507,134.62906905982572
153.90197851413856,133.9037265953921
152.50280115708688,131.47089112940276
153.0019621405013,132.8288523224992
155.92419648463195,131.32774264965042
157.92102785140975,129.31385804484248
158.70164501103406,133.03288557014653
159.66193411926554,127.41878102270408
160.26261352521672,126.06944316172516
159.25294973030003,123.78178395033817
160.88162070550268,120.68613174742472
162.83577840288882,124.13257474316326
164.52468858778752,125.39761916547539
166.00891120719933,125.91010173664539
169.90948570765957,123.3983056404497
170.46759300405964,125.34303582837289
169.9285902809347,122.51771267553168
172.88572109350727,123.69471687465088
175.75736730858955,120.12588360061736
176.93296362524984,119.18669999203293
175.4911334449658,118.2800671308611
177.08580947213267,117.18911194794931
178.2855989577795,113.93315676937749
180.08705131319428,114.57760175996758
180.8249231796088,114.31364843950573
179.16130625083937,114.36106750097585
177.71057309886967,109.87246610559043
176.5942608592835,105.75897751224772
176.55883707944108,104.82496516944185
175.9152271255766,104.48584800756792
174.6683594453103,103.41501494375531
176.40000493606018,104.33761367443333
175.7847993782994,105.98319382388638
174.17420734775754,108.37895928892915
175.1101163451406,106.38216833891407
175.52515922160717,103.9231968508642
177.23605786103002,103.92547204655085
177.7285448176617,104.19947351794251
176.77680426417336,103.70438556661811
175.63941302261995,103.33367918278378
176.0706678877677,103.4121728337156
175.94123893189425,103.50684280256442
176.41049808190382,103.16801987730547
175.80148413829195,103.30796161511253
177.45332674822882,104.63760645684184
177.59023240373128,105.03311615103352
181.27854685607602,104.56650071102904
181.1580851403253,109.07874908252955
177.83182855635127,106.3924729838596
174.900961909759,106.05512640208111
176.0960035576709,104.75624747569815
175.4815631949478,106.01907110039504
174.19367546596743,105.7827564212237
172.6013506702289,107.17915195414616
172.31630158240864,108.30493382951654
171.8439593528517,110.24293523282397
172.12167737596,109.94447332601473
171.13171303269885,111.59835769008086
171.48439135545115,112.24737249166003
171.5287422151021,114.05135326023027
170.6926119116429,114.3807493307091
171.52754075832362,113.0365614933254
171.36393205134218,115.47800044363544
170.5862886861773,116.9448481332892
170.18287654613567,118.09007383521443
172.14497606496084,117.98110034304578
173.65350980264125,118.91173645906828
173.00330737110517,120.66117331369753
172.29057264220924,120.98014192759712
173.2963492844736,120.89570767662961
175.11654795210302,119.81783987552407
175.821311313167,122.22241251421434
176.2153659705933,121.98240354240272
177.0331714504776,121.6645872504396
177.01211495046627,117.75823182232378
177.22827046243503,117.9473742346766
178.2902819876496,118.20824256036032
178.22211103410436,117.96677610098571
177.0028936306619,116.4257587075369
176.1717498536118,114.05250808458679
176.54660903321457,114.00041629949226
174.6811939938366,112.26138479629785
175.66190276016326,113.02436423327134
176.16711620067898,114.19097361545498
177.401588356891,116.240312529305
176.32086449169788,116.15138902302465
176.12434059702744,115.44222535451323
177.7214778268983,113.85166677494811
177.72383963518388,111.17602830522095
178.3531732809316,110.90482396905593
178.9810149648697,109.93921019756789
181.34702556293522,109.37402533657176
180.43044785815698,111.7399784301954
181.18139119453787,111.16713428718062
178.2415352792613,109.54406998590372
179.34980869755793,109.23208231719794
179.14776063385256,109.20094143472075
180.05833127347614,108.31033270781644
179.1408403379882,109.50903858054382
178.60765540332636,105.60705976958029
178.85574771769157,104.96131811951213
176.9357678987995,107.5433450272562
177.3566371373399,106.78919208331266
177.45284345784913,106.79411867048336
176.52857751185687,108.25754444487231
179.8386949106808,108.65180370228975
176.23400884706174,108.66637297057629
175.677713528928,109.02751011909463
175.5020604316584,111.53527583518962
176.06865149573437,115.44417919971332
173.11756919008505,113.40159770044382
173.1676802790877,112.99351595173154
173.19097148882048,112.5227157104058
174.18874178315838,113.52616995656122
173.9434001794854,113.87675487922233
171.82098448959312,113.09445212082206
171.56894464025962,114.65018694128514
173.05945773566836,113.53992201659739
172.4722787569762,114.54044712622672
171.26644933245058,113.80223114789612
171.8703485544744,115.15931984387551
170.99474071500194,114.86842664602676
170.98201938343138,112.27967720480436
171.95700389253747,109.39189272150163
171.044500345784,110.69695263583475
173.27032105185836,109.72826299094645
172.3043156241158,110.48750449159313
171.254185904174,110.64421311636863
169.7593794039185,113.52196260089433
168.9766111698781,116.59597976256842
168.85538239291887,119.88947915601118
168.67251270610018,121.31742207999969
169.30795130631833,122.98071303170171
170.06373945306217,128.59173838835676
170.91065786040656,128.33491323783633
170.43074127850602,127.28261956814185
170.16424863213604,127.57454309142985
169.51417299414084,124.14938009550929
170.10995788328947,124.98473131237539
170.9275021082478,122.17828107909472
169.51641219620217,121.6956311217717
170.91294859753958,121.72715901737072
174.09636888700936,122.54253178813768
175.26136761048411,121.71765617443882
173.2801117345041,123.02811127439783
173.37527153899967,123.79698901677472
173.17714879072355,124.36236117404749
174.28431328328105,120.89242037517218
171.35677870899036,121.38730642589846
169.79630031019553,121.2774521070887
170.41104049714576,121.3719297452771
169.9101611539433,121.77497762271096
172.42099203622533,121.76808650536435
173.26084446578517,123.71735953047833
175.38352708972775,125.96395406460051
176.89118054859992,132.9396072037514
178.59130112963615,134.36189415222813
177.71786940730587,135.38539332185778
176.4374980607915,136.194548485154
173.40449609334817,135.81784544579756
172.51352044311898,136.18185190873845
173.11843774917028,135.16917017347401
173.5901129998874,135.58546795334485
173.93960269476952,135.81133578717518
171.6607801466165,133.05958528989672
172.32525026615704,129.6958406320364
172.3545871672966,128.55447710786697
173.23197263865853,129.17655195492094
172.79770631872577,124.22542660426735
173.98350002529975,122.77284289645429
173.47207008211518,122.22720419548332
172.33113512957934,123.54796457991098
171.5796636968712,127.95458477094304
171.8751934822879,128.91272744862954
170.38277968453397,130.97796219999995
170.33084943856718,130.241515073108
170.61822136027908,133.20740588284883
171.1725289894081,130.3197628219258
169.10971233420383,127.78363019121129
166.86848053945465,123.4552817254436
168.02569790288382,124.31274271008431
168.36681553741474,128.53523066257688
169.48660704353864,128.6093927096966
170.64523775717367,131.88371125960245
171.65088005224504,132.10576400728473
170.96356149784967,134.08622472073486
169.42667251784778,133.5264712462258
168.5631774696364,132.13811680274497
171.5987308294931,126.38651844994682
170.7880589818016,126.67617719046464
171.89053842858837,128.4995111514234
171.65704494600124,133.12054821115157
174.22117369231566,132.15604223810945
173.2793157851594,133.7445560037615
172.3533677793049,134.0895180009076
170.28843397396923,134.86281270379013
170.1402785670182,135.32022559816912
171.54113328368663,137.1000181022627
171.8487217125724,136.26655045940706
170.5385225903211,135.0356358531717
167.86744026669467,134.2316591860443
169.76545291778652,133.99913881709728
170.9342173432231,135.17245712511942
172.78769204083517,136.26658324288877
171.10884675899993,137.51029609211355
168.24107672408792,136.4458247788963
169.27353433115434,136.27252542424202
169.8533549029502,134.349377962463
171.14146616931944,133.68237662478725
172.67438950403664,130.69480555915985
172.58456681211098,132.13764327108137
173.51926199412458,128.1367398381356
173.44543127710406,130.15513162259415
174.93851592425577,127.64424892206141
176.53925311167274,123.79494036364277
175.0064148493881,121.03706594679814
177.87959661069212,121.67372415151968
179.29032704155395,123.44670855136711
179.94826307234274,122.72543475581942
180.43837105801396,126.72944255176633
182.31889442502302,122.97848974113691
184.32868863448823,124.15149274982411
184.41592062071888,126.13286144490598
182.6850477854775,124.37652448705069
181.01912235172074,125.78350708768828
181.88269881609233,120.71010485873424
181.23631564395166,121.93703212365254
182.42203807713412,124.09057114818084
179.5518981965064,126.4331722664701
179.11351666214992,123.93100043511159
178.24730291519776,122.69953489824823
177.2248765014395,123.54925987487286
177.1655818773263,125.55140643988186
178.47810980486636,129.68079328334213
181.48554441790372,128.27606210294869
180.01029900646097,129.81921762143236
178.37775731871318,127.94665983711812
176.03204376940155,128.2201235091134
176.84897601788464,133.72563411429027
175.34804808490517,133.23563622313992
175.64687854439973,131.95525828576575
173.98584260668903,132.16992344988003
172.55624741573862,133.2680532436068
172.7453735894641,134.2126492485615
172.2013046800779,133.78929672653862
172.670412551966,134.73000464981783
172.01226163902598,134.2141791405133
174.0996461734285,135.81314726612922
173.27957800321968,137.43436018313213
174.62514021323798,134.25587769098448
177.39822699072556,134.01985146457733
174.21759871202826,134.54319867550274
173.88814675837602,135.93718837032569
175.41343792812611,137.49856115984286
174.24680195039755,142.13633725429145
175.70452719665911,142.06682543337104
175.61658540738654,143.23896868029553
176.84697660676997,142.06928561927245
177.76958576226968,141.82352544645255
178.992796295414,138.75444548335759
178.5267901178469,140.34152588620125
179.4415031347539,139.1160785695344
178.02013691365926,136.27673840679375
175.72801083341858,137.9930165927765
175.29619298331238,137.54372301445193
174.91136674323434,135.48562029573444
175.2677691904391,135.54957845968
173.3887020504504,135.61366017662903
173.7076172168219,134.22784168089038
174.69322901501965,135.70449800545737
174.831370106652,136.74160848478775
173.35462779320514,134.93694468552388
171.87962143077425,133.85715735612317
173.9876970568689,138.16013153670184
176.8813831193021,139.57467021154974
175.32729511252782,138.2232264288299
177.04231156707755,144.47528820612797
177.10570130791814,144.4268490905581
178.40575374210528,143.34983867888837
177.04086517327573,140.94853574383953
176.43177518163708,141.30515128219352
176.09614743920483,143.46531368525723
177.5130949851185,143.2908886667172
178.45514532913074,145.11632448261338
180.00476986294368,147.7894689674508
180.8543725522013,147.99770811773294
179.399953859984,146.9683895372593
177.16845054553377,147.13853362788805
175.91189863504812,147.0015483986739
177.07175862674987,148.86245058568144
176.8732197522149,152.65700434940217
176.67468087767992,151.4938932256622
176.47614200314496,154.27156883526442
176.27760312861,153.39468368342415
176.079064254075,154.92179210290516
175.88052537954005,153.59578379512047
175.68198650500506,154.43963354371
175.4834476304701,157.01912498183466
175.28490875593513,153.58439643379734
175.08636988140015,152.3256785325132
174.88783100686518,153.50633823732784
174.56368181172326,152.63809034029256
171.24587464197364,155.0132810962554
170.67588109916102,153.6835332714107
172.2750906680156,155.57846641606395
174.50364250546343,157.97496971236498
172.8240225225922,159.870058854145
172.29830203985588,161.8822396151464
169.22926346281258,160.65586688812905
167.58478034075958,159.42947671945072
169.50890690774398,160.68331685312046
171.75767869782783,161.43576693754207
170.45899281563928,159.36883725241736
171.14639507521719,160.07926966229547
170.3744240919442,162.0778463416159
170.11198280194262,161.40854588800525
170.21588596952012,160.66812883127227
171.85700675656238,160.84741981313107
170.77373644690903,161.31519850391487
171.31332168279982,161.31622555617577
171.89131036237558,160.41282674865067
172.93383646366206,160.12470940408085
173.72078844529193,159.98838829889235
173.40520279840518,158.72211396252607
173.56970384364058,159.3807701126299
175.0950436758579,159.29543375654976
175.19676589482125,157.865776244616
173.11525478605597,155.99720797677435
174.38480545343074,157.55237738123583
174.41592181537837,158.46189879501682
174.43415646722883,160.00388234433808
172.89872357186115,158.58940610962696
173.04376669759787,156.77959125421324
173.18275434651835,153.4989450788612
172.394488494419,154.0721466699193
171.85176802426474,154.91703649210157
169.83434508769443,151.32790834684937
170.15726183522344,151.6709639278242
168.98709053472967,150.62352469412045
169.63698698690763,150.75451501880093
170.3023722203347,150.73666261027478
170.97344236631344,148.86150017889238
168.43785153684462,146.77072077063767
168.3900884781943,146.80971289196145
166.44674301175755,146.65844532740041
165.26742970610724,143.6176875619026
165.0556691731735,142.03522490323508
163.20324744495585,139.19528970950768
164.2127808542197,139.0914298233072
165.84894922037762,139.24196657101626
163.8534890884353,137.19951827007387
162.98492653020753,136.26994038251803
164.36022098487047,134.85072808479893
165.7974675693303,134.70912529933202
164.93004033797888,131.69459110913454
163.08167702734198,125.54876416268277
161.8822396151464,125.85428243169703
159.58917996332426,122.11101132567529
159.82229464431248,120.87749985205271
159.64915623328753,120.51353994029871
161.40854588800525,120.20601461393376
161.22516939083607,118.15009788613992
159.63372143386093,117.53691879424503
159.95270906414288,112.91177846254256
159.40613529192666,114.26043052538246
159.7136271310897,113.13253156692531
159.4454980575918,116.78827008207557
160.08854460352276,116.77960078229243
157.3998239135144,115.71759227852283
158.16247588896726,115.4118299117936
158.72211396252607,118.80953634887514
157.55237738123583,115.27290411495056
159.3807701126299,111.59857425874026
162.50976323112118,111.56925507893915
162.90011023454224,113.0327577995979
162.25817525738353,115.31188054285757
162.28588072082883,113.52193274540689
164.53549757460183,114.42648951665323
164.72761269424194,109.57318579177408
164.46947571853983,109.30400345230915
161.90941661533324,109.16815241822862
162.70232668994822,105.45572849201548
162.24017710382427,108.55273542064089
162.07976362967656,104.42046029947775
162.83665688964552,104.73328884916822
162.108244968331,107.16632513376406
162.65536855810936,107.67847075358341
164.2378390899074,107.56926120047538
164.87188606894256,109.57567419047105
162.2988216124452,106.73813853201261
161.15544060431495,105.96878450843245
163.4896918941144,106.69346224803309
164.20851759242717,104.72657301887341
163.807961901865,103.45620557239259
164.02903992104845,103.08897798654172
165.11616124439556,102.15948155841971
165.50112192282455,103.11910165267031
165.00105460946392,102.20950753231529
165.11578848751762,105.2332510408962
166.21209578198776,104.92649282953755
163.91247097649057,107.14997340669446
164.53684469956053,103.78841662596909
161.64461005113463,106.74561474319306
160.7847732531813,105.90177513293112
159.870058854145,108.87190194938223
159.24464555675715,108.64812151385412
159.19954550175657,108.96407661651621
161.25164312708603,109.30541525570732
161.33988546817025,115.1304725930784
161.17375916874644,113.40742878312142
160.4853629360593,113.24447940959045
161.56313268773673,119.86925290236914
163.84069405655072,120.1542788939232
164.34160365657456,120.07325932390715
164.00300570632763,119.32848016148358
164.88603519626122,118.78984801442901
163.19733508279128,118.1839771633544
163.05393600101752,115.74196990197294
163.0375004736597,114.98204118182845
163.72127301346882,116.5555937521079
164.21291545280968,115.02000071069807
166.75492900088372,110.40618515479994
166.02870352378727,106.76891059071028
166.3159979615884,106.5609350975055
169.8688030268392,109.24969428054922
170.42194919576292,111.58911087478715
170.85086547178324,112.56552771902297
171.4050838338265,111.39692146718284
170.76066508083687,112.84105146914317
172.56349906544546,115.67546348789338
174.7978532373,118.11371759683661
177.44044038758645,118.17827791310481
176.22631903267987,117.66412436922826
175.1187271918266,117.14783473793929
177.45115649796702,118.87738823607471
175.79441333489746,118.24086006575311
175.8750720670623,117.8609747817097
177.16245923762537,117.91341501932146
179.08267967797704,119.81029452317833
179.241493202248,118.81383734814341
179.7803361246076,115.07965549060063
180.1938004322302,115.32452035580546
180.15415657972054,112.237699495688
179.49491405213868,114.3782412274048
179.583188306431,113.46219101913873
178.63615240107612,109.52861401551772
177.14669587812858,110.24487853973088
177.31905982801018,110.41288363249097
174.8642136623798,110.98772011686955
173.2956932999133,110.48485267045606
173.2312488587607,107.93356792411963
173.16680441760812,106.76765856122684
173.10235997645552,104.49914196340677
173.03791553530291,104.07690758064224
172.9734710941503,104.46143616998486
172.90902665299774,104.03356609453796
172.84458221184514,103.19531605468099
172.78013777069253,104.32442776819398
172.71569332953993,106.05468052159178
172.65124888838736,103.25002011038724
172.58680444723475,102.00649737731662
171.7601171077307,103.39109133883912
171.23843487778538,102.78745219084098
171.31968927510138,104.07633028947564
171.8584363126022,104.13287334635422
171.26518151929534,103.16562663114796
173.53031534328343,104.69819998517616
172.6896707341342,104.11336214010286
174.65033920483305,104.47650591718673
175.11128421229594,102.60124083454625
175.73732951619343,102.95779711563348
177.25894930156045,103.95732905123096
174.98165244592846,104.85254644860281
172.7644900392194,106.06403132529884
169.5164592891747,106.7573251874257
172.72377302005722,105.78754634276004
173.0142579795584,105.24042104300318
173.88467901078099,105.28982447440636
173.85635441393157,106.70321481735336
173.82802981708215,104.36951102867506
173.79970522023274,106.24825456739278
173.77138062338332,103.47011430710647
173.7430560265339,103.28654873798737
173.71473142968446,102.12105396073319
173.68640683283505,100.28923757179555
173.65808223598563,99.74366191693264
173.62975763913622,99.18426226830523
173.6014330422868,98.45786539166535
173.57310844543738,99.05840951859682
174.98969546457928,97.76932646536095
177.1023219296893,98.0238842567488
177.95036798966726,97.45700314360708
178.12095663430293,97.23319338608377
177.31385209003645,96.65517454305169
179.6741749012764,95.87675478308842
179.45802706831705,94.94505585835826
178.8995439165444,93.93280103784679
177.98878612442465,94.88428406434873
180.82887106237558,94.97915981186668
182.34158427636697,96.10722421971299
182.93980339776056,95.89861122424864
180.96292194808788,96.69464793339637
182.12396846937085,96.98779206082934
179.8042349942943,96.5334833389237
179.2068585370205,96.05129425333118
178.68316351781223,95.5737373529696
177.22500349077413,95.84954788772423
176.0418127232551,94.87782898507588
176.5182646229353,94.61638911184059
175.9362606088669,95.783496282121
174.82953821753006,95.81443129513563
174.28222699346895,94.98933657775306
172.7223148487002,94.47069069897347
174.21897177673753,94.29116446875621
174.96005816484097,95.12647016991117
175.14419214116785,94.9062790608237
178.0015337569035,95.40242471383198
177.9981120071659,96.3478574104839
179.05355086790206,96.34610828040663
181.29773634119758,97.4679479600994
181.63747755726888,97.61386369392154
182.2047640262734,97.89188817371613
183.81214626068987,98.0162870068093
185.36386623324307,98.79288432451057
185.88049279342735,99.01200958158705
185.21549591237275,99.36641655344023
185.91951914538015,99.63248779786132
187.86709399482137,99.32909885442338
187.21320914090168,99.35124921258594
187.21773451673573,98.54475866242423
187.6067432206326,97.24948793011933
188.637828261332,97.04900859680797
191.46076099934967,97.47381465592134
189.90694190734013,98.0189085418456
189.0690113393139,98.28215504843061
187.7527145001152,97.8933027364074
190.4300732680463,97.47659716471844
190.15559175976674,97.47450071444997
191.0068023922543,96.77891456819872
191.66851894665467,97.17346272803195
191.03473368418412,99.23957623497087
188.30616187857672,99.23864146050995
190.32533016779277,98.77037220504197
191.2441299888028,99.21186767716662
190.10499182575114,100.24596548846675
190.32252375558252,100.27440882431247
192.768145391895,99.92224724143173
193.1450688248122,99.15450826849012
193.57966561609683,99.01250763022783
193.88127097383622,98.32223281554683
194.34313956847163,100.24018245660822
195.00116077260458,98.43582578467652
191.7111910036028,97.10645851205852
190.83250781664057,97.06133484628062
190.21117614737554,95.84303328580224
189.4459077234266,95.29638832747509
186.684611470579,96.5437251618184
186.18054525816976,96.7469579645026
187.50898564754777,96.00885592825168
187.5043159650948,96.8211731567461
187.24443848803358,96.66426156298998
188.25414916408192,96.60268545232424
187.1597947210269,95.92405448569131
190.3769290482941,97.12378902977463
190.51153624500773,96.99163143898144
190.8237500286565,96.77140999542394
190.01775672040532,97.7800150336449
191.31869275974697,97.85665840953219
189.5631742817435,98.04196323563578
189.78997625205568,97.7332938813419
188.36738167972618,97.94772463041895
189.80702363786028,97.90221166582806
187.15135593923537,98.19021777443281
187.0719579852487,97.01277971420986
187.30695448426894,97.61440829779332
186.58074655990933,96.7084184762594
189.68688732657378,97.5396302703403
189.44620852587383,96.1087847972847
190.34178677278314,96.61516642992619
192.0434145151442,95.67111946853407
191.1231526043998,94.8824325234505
189.26782700464597,96.70205220314769
190.35102190604852,97.14240624944117
189.99351829769037,97.2423596877101
189.08025937860486,96.92986835322208
189.81065403217,96.74381629220723
193.12411991337237,96.7136843766948
194.98656242419557,95.91782693024606
194.70861545094593,95.7016751053084
195.32122948978855,96.68594264426332
195.57811656211575,95.58332120737856
197.11026385634818,95.3506134017328
198.83692355050218,93.84400442499346
198.7591451052432,91.59126303414516
199.39584041697717,91.91906318754728
199.52170928608024,92.38207697212107
199.3256543917084,92.25349628855342
199.76130951739165,92.69753743986925
198.5361711808771,92.02572962297128
199.3860054240474,93.02410728653099
199.5160895686129,93.92630038261471
197.8327298634872,94.85662516342718
198.29621196623108,93.95551761154825
199.65805436012366,92.21518733922757
195.8778653145221,92.65994753047002
197.08095696856788,92.32953697799734
196.39063886728724,91.00368916058181
195.26017200482758,91.2709736416716
196.67533335035245,91.01389537419314
196.23108096317392,91.8299228776295
194.447285088579,91.08837991227598
194.80590431462386,91.07364761395485
194.38085770268492,91.00404795678321
194.00154168184272,91.83775436969155
194.36416325904437,92.36818107214269
194.82911036110974,90.94981272274411
194.07615819162464,90.58936874902545
191.7406180472904,89.13336700918542
192.97339280961384,88.40991615087295
193.90688753666015,87.55764833917995
194.88454256861232,87.20600391847044
195.11999316180118,86.27746674675417
194.57855107354527,85.55766253834986
193.51861230610317,86.2472725700562
194.9492260216627,85.8732682200003
195.13674635719948,87.70886726986133
195.05705037917744,88.07805287304355
194.1654222120304,88.16553350923691
191.7875855150436,88.58141847239317
189.14113037337833,88.49370260649569
190.32653422597585,89.78565315699983
186.97781280996304,89.12346576471947
185.52412004651316,89.96276826325494
185.19066844321142,90.3947088455676
183.66174294536316,89.59245030687919
185.03143532969062,87.41430074599434
183.02226106999493,87.49183295512125
182.89943602971766,86.3627376711265
182.39005291057674,86.09896290751735
182.65752176406536,86.97485864580823
182.57032313547202,86.32070367999748
185.54894543770016,87.49735273412062
186.87185608570582,88.73363258336907
186.66728289369632,88.42660685847162
187.07917712674663,87.2270209137519
185.79570573967032,87.01372344073876
184.04382516632091,87.2920733266274
183.14362415501142,88.0194598318392
183.8337059238534,87.52066859078425
181.31391502880805,87.12153011558847
179.1711269288437,86.81486286993614
179.86746496986768,85.33081077134034
179.62781759822926,85.27758835644491
177.94592212441844,87.05208536083487
178.9698540285824,85.65388103699703
177.78959074258805,85.0419029469684
176.70697548642406,85.417461565893
178.30364429627588,84.54174818190013
175.52029397644847,84.46014181419999
173.08258639641065,84.51438624217275
173.58764237608358,84.88123475062646
173.66071296167235,85.55474124382417
174.28133910690426,87.82815415350751
174.1588243698255,88.64529244020272
173.43962419018848,88.82428702779866
173.12583373788317,86.91577380410324
173.57967438142683,85.60718165191844
174.69747396668942,86.13238633264682
175.74066331709844,85.8336664417337
177.31317813169508,86.94069416270337
178.57183021603578,84.56316356736453
176.2548675184512,84.56010915089924
175.3892575300532,82.90581882092661
175.0316798741131,83.26179304272567
174.94631615964943,82.54150415735907
174.01685091347042,81.72592920531494
173.1248473482342,83.01353598944779
173.07771592824164,82.57981834338236
173.64598692471031,82.91232226198427
175.41805045522736,82.625478801191
173.98195754127076,83.06256452887773
173.43552743567707,82.43844125275453
174.9778021562443,81.88275813695165
176.36841853055006,82.33205803870223
177.04528627653764,82.90556817141267
178.02284911437746,82.52206060155147
177.19357643540553,82.54953392027682
176.414243089211,83.48397742019249
175.65394969267325,83.46320220408342
176.58162913024404,83.93828879494485
175.98451873312433,82.68613373908416
175.82715135856517,82.02701120570015
176.35330035275254,81.93811356407002
178.55562358402662,81.5236596321752
177.80420684020368,81.39549374600827
178.31193316276062,81.21070074273068
179.16483621867616,81.20203016719734
181.46800960245474,81.30868844781115
182.00824615741865,81.67755572196201
181.11184803168038,81.47951252822855
182.0217095946515,82.05332163241334
182.93157115762259,81.81590656093451
183.8414327205937,82.33044576502621
184.75129428356482,82.49773479696601
185.6611558465359,82.30278291274394
186.57101740950702,82.28168322458714
187.4808789724781,81.88034489472116
188.39074053544923,82.59735155077644
189.30060209842034,83.25161156504171
190.21046366139143,83.2246655587971
191.12032522436255,82.86520177891583
190.2158917662152,82.51034210627144
189.69987679151137,81.88753631984922
190.28253245313448,81.57495832877079
188.67492736267678,81.21928638682367
189.6679340696895,81.03988018411683
190.03194067953328,81.64981854032371
194.0382637971049,81.13130108685826
193.24074494091053,80.97458474284856
190.9274981877077,81.13782334601923
192.9945841508243,80.97776969005209
192.56455753633225,79.58200070784528
193.38901683184847,79.27686769670964
194.03409603195144,79.51205946002895
194.374654472143,79.9673549528924
194.45636805161445,80.72863918131615
193.56683732545739,80.55507487316301
191.2727714451551,81.3284447234691
190.75560493366675,81.35978462591969
193.24713157692472,80.95466067625924
191.93219609366537,81.38600937325036
190.87665745393264,81.27029443960289
192.04533229131798,80.00603802360375
192.03427263531924,80.57458418706234
193.62152781260693,80.11229927086423
194.02529974258425,79.73689723595743
193.5643664188326,79.1193992939422
194.796399821271,78.98870729373624
196.0409633501687,79.69417212556296
195.6435286988459,79.28983343359971
194.89589003254582,79.3532773985851
196.99793058599906,79.28014779400439
198.55471800261088,79.15709603550596
198.01181969935627,79.1395434115426
198.9799630600193,78.88002661763316
198.09803560611286,78.5583833841533
196.5166178403076,78.55742967512317
197.9562992434707,78.63872972161718
198.82092446232306,77.9102236624305
199.88697699963672,77.93127461009418
201.21295204816963,77.71081688388868
201.88444103590942,76.11297512552427
201.05267104745053,77.32957269684869
202.04636363562744,75.53593599682983
203.20043920249034,76.58346116466096
203.68889861789188,77.7757488296669
204.17735803329344,77.66988922681603
204.66581744869498,77.29927531329105
205.15427686409654,76.26070622467923
205.64273627949808,74.8431656597364
206.13119569489965,74.63564406799792
206.61965511030118,73.72855507520012
207.10811452570275,73.48292057404522
207.59657394110428,73.93349733676862
208.08503335650585,75.97289168779781
208.57349277190738,77.52117159191924
209.1951185252941,75.54235584022331
207.91812096384018,75.70322049692392
208.02394654799954,75.43754058315895
207.96345829755467,77.42254432958916
206.24256029144345,78.05422467972257
207.16213992435587,76.80731385032392
207.1378805996118,78.38060052924644
207.71137287823316,77.35236939936821
207.72119382838778,76.75970422887185
208.10737525794164,76.51977671768593
208.4935566874955,76.10729539766267
208.87973811704938,75.9632692941728
209.26591954660324,76.92676367375084
209.6521009761571,74.95141520692906
210.03828240571096,75.55078270644778
210.42446383526482,75.92147975082841
210.81064526481867,77.42503922255929
211.19682669437256,75.30196829985668
211.58300812392642,74.04768127136403
211.96918955348028,73.90310804766078
212.60198224950474,73.08561589569662
212.40144817972333,73.42258164240408
211.3236566340254,73.2778012297425
213.29233495421022,73.23926452549863
212.47963239302663,72.56812997283497
212.8454429347942,72.79633192198132
213.84546285837217,71.65002345783327
213.52439126264406,72.77220877946436
212.2895242975801,72.19353937854932
210.56761455088022,72.40071983598118
210.34788137169198,72.85466376633285
208.16487911853608,72.96767103161118
207.20004428994181,73.06571733259979
206.96581002919345,73.07139942145547
204.22973851791704,73.3377963187254
205.2574585475202,72.98767782941562
203.5266110729567,73.11398545594854
204.86556529402537,73.14300742034159
206.88613331183382,73.85020768433942
206.56329024252267,73.18132946110008
207.42635368326881,72.86149917067686
205.9016535425744,72.50602870999253
201.637948674337,72.01903932036734
202.74059621694616,72.5663535571719
202.57995890325273,72.01829345881255
202.29460920085253,72.49156771412154
202.9263207162768,72.82580357260551
201.2209437525912,72.1040957225809
202.44306935743782,72.55430917726103
204.45167924901526,71.36076771646341
203.75446323024042,69.53520324570079
203.07397346631353,69.794000036767
203.7070745771081,71.10683020096847
205.3310360054182,71.43836262255465
204.71294918845496,70.78132463636464
203.1544178950725,70.91996791902733
201.86202620134287,72.09008246091035
202.3382506444945,71.10627411573472
200.94373861425896,70.80277367140359
201.1067577320965,70.92266480360996
201.71210093097352,70.95554801534682
201.27434353880432,70.53407118710574
202.62773230243207,72.62328120224453
201.12232215564683,71.51929957495737
199.5522945888084,68.35400821626736
198.20462038613317,68.40663875623187
197.1919683087727,66.51149880820545
195.77523273838528,66.2408680041987
194.3706662608162,67.2143290151208
194.83304665161933,66.61512596536384
194.6134595043319,65.90334058392365
192.82615002709719,66.74442876185347
192.00596692298967,66.19748172931884
192.84495434954653,66.18351787903347
194.94658270961796,66.05731885044378
194.07421544031413,66.39857546122231
193.58503315906069,66.73579272309766
194.65594909542574,67.29390212875883
197.83404781269,68.13666450035714
199.1794135350372,67.23551104958842
197.81894189251716,66.67692952656569
198.27324177312758,67.50222329589867
201.54520499630974,66.81096427204508
202.00856605429595,67.40180416688268
202.2200708191388,66.94643682666761
201.58516114471513,66.77584740732004
201.47779797536725,66.36848055891862
200.3604046330382,68.43561441232391
201.27715121637414,69.70933092234904
202.2136812105369,71.78822174783852
202.3370232039924,72.04742584092484
200.8005082503753,71.54808732014492
201.57736614823048,70.63487401082841
203.43008794072625,68.00576098306625
206.0332440681079,67.3135570495682
207.82523708256713,68.77380650259663
207.0321806273338,67.83323498637954
206.05214976508483,66.93805408512829
206.11407457300186,66.91249156481982
205.08856855925308,66.75373407561297
201.88923471675818,66.64827451726627
202.53988505556032,66.1700743869223
200.78733435012902,66.16667900548372
200.94628693046096,66.43323437472799
201.09526761380633,65.00435781641491
200.4920467128902,64.37758031914836
199.65728375323056,64.22557348364029
200.15926667720163,63.75928920006018
202.00198907389742,64.09706417145783
202.25125734514913,64.7605743298752
201.67956975054577,64.75744339208686
201.95825342914037,65.4869633304535
201.81503779651317,66.38383053405502
200.6374933981222,66.92643473434292
199.16781961436735,67.35188503069617
198.70342613528186,66.57763899817994
200.4251775163004,65.39087919154464
199.99775235339686,64.66893280540641
198.1646466858439,64.69576809194189
198.14600609597105,66.1877316956611
200.32577119381313,65.51305624144953
198.0929729024524,66.59694985365391
197.72787490528745,64.52081288044005
199.72004687609612,66.61185026354674
199.19602342944412,67.28478662510751
198.8629999596353,66.6150969115637
196.94071524869636,68.06642451644291
196.98164403177358,67.7899889321327
195.4750266350356,67.16205791221577
193.8337185989355,66.88925178362105
193.2688049101123,67.39969995821698
194.576345227046,67.12129428265143
193.3755269948685,67.28128878341397
191.1118206567337,67.37614045726929
192.51836695435932,68.12338665151017
191.62058772178335,68.77842583247705
195.3795543536625,67.80644046753743
195.89736662334212,67.80638852643102
194.49516729520985,66.79648029896677
194.24856800178117,69.88728475172907
195.62318660354723,70.1288596481668
197.33322440888676,70.95353087600543
198.2656032466666,71.12600901355637
198.47426627930238,72.9933652727825
199.64150106323407,72.33044162566888
201.6589157597149,70.7737810349046
202.10533300554107,71.19329049939884
202.70404661080968,70.65273129406312
201.72555936549895,71.57164337744967
200.21820441626573,71.3173509379521
199.93153608071748,71.58022792735078
202.36712412841757,71.7411855694127
203.58514776359954,72.93544439110072
205.69483356438462,72.7711831724825
204.8911439102659,73.05327668037273
204.09772872139823,74.09488074454205
205.1526497286859,72.46846942857837
203.54828586049092,71.15712735065797
202.3719732566544,71.42364199526715
201.907107596881,71.92415514077267
202.54574678118638,70.72629585947652
201.78453849799013,71.73946202560514
200.21833948991326,71.09602944272594
202.31814784536405,71.55182121245197
199.27700781484518,72.1916040509565
198.53665240280264,71.95977462246877
199.97094674867176,70.55933935368587
199.80036355534813,69.62376862208612
198.41254847089843,70.272583559443
198.86241653259708,71.69950498323672
199.3813510271984,71.10190050127868
200.96812012304713,70.82340918170175
200.5884432412321,71.43606015301376
200.3557556893427,72.04197466332378
202.27838520868332,73.0289080056913
200.69461795853326,72.79937023178208
201.52729619308468,71.9614657091088
198.43044063469117,72.75805654853126
198.20052810177825,72.6178771083242
198.32236962703956,73.47605764997269
197.54285149899232,73.19462558905232
197.5027203185545,73.18199542589917
195.08652365668172,73.17394432893926
194.66220328408076,74.18921593955808
193.3568071617499,74.14325897507365
193.27293724656363,74.6244583261968
193.30646302597196,72.92717059466212
193.59605491525687,74.1083703871721
190.10692236190013,73.77959512140683
191.00046181411082,75.28316133480945
192.42968823519155,75.53203322469075
194.39990965250485,75.97420895847716
194.37822692438786,75.19851842565728
192.68053631141854,76.42170073141618
192.37435016469638,77.78190641403613
191.90678370028746,78.09223636927732
190.7517691895606,77.08622104753776
189.02550950989348,75.35031847876517
189.71577382795255,76.1169029313406
188.87154814839025,77.8271129832124
186.38838963113687,78.83762400313827
188.20698556966937,79.05351218088352
187.00820348976214,78.82897381317704
187.27924231916145,78.67228124006931
188.366846883701,78.88326408014646
188.3756235501698,79.03495629629732
188.72685635229345,78.82140475028108
188.0100313168211,79.1383507926035
190.7328365156403,80.14099949006238
192.04971000744874,78.80803898646273
191.57811888873846,79.03833681146529
191.4332609965383,80.32571719799569
189.7180893926213,79.90624707309851
189.84721597849204,79.31457467212374
191.42117205135952,79.15965888313947
192.51091254051985,79.45828227329288
193.25439758998897,80.0985406935218
192.64684185888183,80.42880840656473
191.83836683302724,80.62472259228798
195.01720358064347,80.41196926332115
195.3555665979921,81.37919461369825
195.91592904713374,81.6262570253664
194.80336014505693,81.36976354238837
195.65229921737415,81.49212882327522
195.83496328753074,80.91745412046389
196.65615535665498,81.04693469281756
194.33096526712458,80.83356078221969
194.12319888768738,81.72885441855762
194.4872565533972,80.93104031248198
195.9441236411672,81.17047106665336
197.62145692311512,81.86262107984122
194.4669004142634,83.13651109855086
194.20962042175415,82.92165539983388
192.68969820319526,81.90304574966481
190.19073747927206,81.78015311515321
190.46498213987468,81.84883590721388
189.56350284840863,81.51167385810074
191.6886175741615,81.99538713021016
193.63413394756273,82.30867617095193
195.48678470742857,83.10911367321681
195.54367102338048,83.7047752619227
193.70212943364115,83.04898616946807
193.19690823510462,83.56562691244326
192.29978367909405,83.00825781043763
192.92265606936712,83.67266578474545
193.43380891170835,83.38522792355703
192.1757725046924,82.42650477559522
192.40427632568296,82.7822795823078
192.153691071303,83.92771064926832
189.71986394422777,84.01407040047313
189.71136924270826,83.56041334008926
190.08604434639665,85.08798168758955
190.42923256157601,85.7685024453186
192.06610134241637,84.96039724980592
191.373204881401,84.74827651348063
189.58057754600247,84.59548462302949
189.84636271545278,86.10316689677458
189.84988268772227,87.03705631270648
186.280377920813,87.12176619497653
184.25431346798533,86.2627685066571
182.27231659693558,86.45300654867556
182.9331067880058,87.5634174114672
182.19490258485556,87.91968878120325
181.62801518623172,87.30214485885702
182.63738472432703,87.43185209312648
181.52923738765986,86.82597835218861
181.76505376322518,88.08259447260197
182.501009470635,87.65425036906312
184.2168861544752,88.48788063424652
182.19178522071508,89.78795572710666
179.45212966352375,89.11034124151556
178.10888418963083,88.75227211263602
177.01346590472443,89.16105681137327
180.4124780574108,88.12741950008603
178.2938558095679,87.99485174652374
175.87009728413597,88.88783621859098
176.70671365357035,87.86613934995208
177.0935987000759,89.33739558658024
176.54198026289444,89.75447864941096
174.09473435753776,90.05742799689388
172.16231909087603,89.25966496937083
174.636213448158,88.9443558922868
176.13737364099887,89.60701416699933
175.46174537394586,89.52672855134878
176.19427755329392,90.02411264787499
176.71476133423369,90.17334015525185
176.2132666639464,89.36378436208864
177.2131460004671,90.63655766232954
178.43069409243384,90.04935688868652
176.93580063217667,90.52527823081556
176.22179517680812,91.43353914072023
176.47945460458752,91.5655638896402
178.33752204553693,91.17129165670288
177.48120614548685,91.31093340972694
176.69757800788764,91.49774056628232
174.27746012324195,91.2194029190969
175.2983240251449,91.72430755147045
175.32290046525037,92.4994785438821
173.77505199540403,92.39043968767666
174.6071435774395,92.64851651539757
174.48537785266166,92.02297850535174
174.3154968033387,90.38432099203932
172.28390870055108,89.81149512107382
172.37891150402925,90.17164277152584
169.73916167346647,88.92174255146826
169.01624417856758,87.48211416122734
170.92677713910572,86.21240820298574
170.09751495104155,86.14145227936002
169.69448709634491,85.53019276787597
170.84001657540108,84.69130485111239
170.91095126802765,84.19986246223127
169.16089136668504,84.21235449991366
170.88704400119872,85.41061193727353
170.38129773822476,85.21503301960271
170.87814226628686,86.864579898269
172.23671213563054,85.1619376869209
172.95483857741397,86.95749392505822
176.18638480656995,87.73531866039005
175.5584503170301,86.57933567390393
175.08127097193704,87.20801752483813
174.14437252028802,87.5713516550894
173.5944057351971,88.19678565195758
172.83840485315255,88.77288933996586
171.03243944385582,89.33588665687722
170.81851828118434,89.93679597711397
171.48616361596902,89.02524303826931
170.19958749217193,90.84909909089396
172.91963175357265,89.83001852197668
175.04212502244818,90.28175445515882
175.9579542124922,90.44553342065817
174.0931609608137,89.89103502468808
171.14882122983093,89.83972229117126
171.11602362191425,89.25113863483479
171.3883290864879,88.02361831974089
174.50041247372542,89.66395592354115
175.21045827948728,87.45931416343456
175.66589446949067,87.62997172441118
174.2034195760478,88.35680825439819
174.54153318350336,89.03345695871965
173.46987094215197,90.01651334240199
172.1556963092773,89.36037749622498
170.44791413530513,90.35596395384604
169.7292278001408,89.81189253883845
169.03573806240385,88.42601709851739
169.51731129011688,86.67513530158978
168.14656219394362,86.82475587849225
169.93837513377932,85.85410870548907
170.26474519492925,87.1500226961022
169.9694328547412,86.68093058679887
171.42477644538303,86.58753874318232
170.8415732750248,87.16222138157863
169.2933014620178,87.19073325187766
168.5590546792439,88.14800738483584
169.98875860347724,87.21988256468825
169.55499909480088,87.90631737608344
170.31165800972914,88.27895845440665
171.27547374617552,88.63116481230769
171.96255686320944,87.62041376992424
172.13616979442534,88.7630283104195
168.76358795750662,89.21372974012817
167.43127181450183,89.7705159526564
168.31833076155857,89.24912775748658
168.2446267715611,87.94886339930162
169.52611076762582,88.79327933230789
173.03011892789982,88.08012259602603
172.64610368739793,89.03606415591759
173.1132055014841,87.8870439909273
172.04515272102972,88.399616099341
169.19640547543446,88.66896920549692
168.69245353446703,89.7127813764992
168.2097903799532,89.94291131750751
169.49757284361488,89.9601129559455
170.18929932060098,90.99469488676438
169.3109864974124,90.65737641323595
170.15077721488657,91.96412071992135
170.491041964158,91.2944311872405
170.34802952248367,93.14039938291708
169.67755415944134,93.43231216177912
169.31932865520372,93.58558580324963
170.92605618574183,93.77750568264017
170.80505594762656,93.59005569451976
169.926538647005,93.71128800836338
170.59996735513914,94.57425423446283
169.69363127364997,94.60046012957139
166.67484129632857,94.14764009743203
167.85723047686247,94.59313575028821
167.63678228504043,93.13849362714426
166.20513428665726,92.53941909559776
167.28679085422843,93.00267473395962
168.758245185593,92.91993643789279
171.38255480414333,93.57451071447524
174.47386713116907,92.5650754839637
176.86827940672546,94.57547878251783
177.41706707184147,93.97608339871431
179.6419238755664,93.69333106136996
180.95124780487603,94.26958756316789
181.02666293069532,93.27787307364858
182.10362637118635,93.77958966929808
179.70980816978584,92.9449307462852
179.24632697493993,92.85338167410985
176.9963167662912,92.30103625700592
175.04240855767446,92.65211617713227
174.9314538059313,92.33081248817679
175.01447597157465,91.14400284694666
172.93480757814496,91.03387105196364
172.8577628970793,90.67173140105089
170.9763525619932,91.07941595604072
169.86055832941594,92.44627389704418
169.62336253381022,92.16464713138814
169.55151624718633,91.6558269762436
169.27248716720172,92.57952352248621
169.61681101914277,92.87626549794051
169.40036618641338,94.83136463478014
168.17158949749222,93.59907920648423
169.3411713579943,91.8638624764285
168.12739830409757,93.09171141779551
169.1000046114123,92.81205325718368
167.59204751556854,91.71145519828598
166.17805810109,93.2639646405041
165.37449028996465,93.20909673687395
164.79759581194742,92.08592613928002
165.44276739133096,92.63824306036791
164.7956290990852,92.59374335190181
164.41863725572765,91.9093969526082
166.79634023598555,92.61751727658373
163.483578745973,93.54649234361281
162.91411181432923,94.80577875701202
162.910693462975,93.7957076759713
163.74562978347012,93.87083850742567
164.72462793515786,93.27246632540536
164.64454113662146,91.04262618878073
164.34593338648642,91.64973889868986
163.07754385649517,91.97950547263017
162.98752627232233,92.49724493052453
164.77724245069567,91.91998452849768
163.436917166537,91.03856785812236
164.2555292680847,89.92285003609557
165.00922810216613,89.56961622710666
163.9586058329697,90.68236442883882
165.24219981035,90.46585944466942
162.91087402222075,90.04952490481594
160.65586688812905,90.67964741896593
162.52320530650934,90.93685888060318
163.40730489718317,91.52906928155576
164.10915707315237,91.24620386142071
162.11911612121386,90.7069844846099
162.50624898084328,90.9030767549967
164.53178945362896,92.02502342960068
166.02226264588032,91.94620686448282
165.54780343129963,93.1387355856971
163.95748018380732,93.40453326789364
164.64338066727046,92.43170871682503
163.65244870548614,91.98201636092084
163.72716688218026,92.98330383314595
164.61984078740775,94.48083350518827
165.32397885007842,93.98088924617795
165.26724145167032,94.4731069720371
166.28552029005303,93.451332235057
169.0501633271097,92.22851012001719
170.2303463891824,90.42178870126332
170.30432149877055,90.02700812858282
169.35461585611506,87.97765311719809
169.29209793771287,85.27376060556095
167.32742862084572,85.20062799610925
164.88722189819347,83.9478016784029
163.0369880501405,85.00121638973246
161.47965959684194,84.04718936869547
159.64300290553246,83.78496785407592
160.7949867866693,84.03503901488104
159.6284606978112,85.19381910089835
156.92197371513626,84.04294617249933
155.5435256528264,84.73649806569024
157.13330192981167,85.08705196239445
157.51704587171525,83.97845703285253
157.7876059767689,84.56076487508334
158.12934071160836,85.24048221027927
158.60147413985675,86.51995806113639
156.67725912007998,87.93283995461502
156.87010682295545,88.5955349102098
155.37315135298786,88.56108810730757
157.7462489790192,89.49512926586652
158.41201812561684,89.62598096969053
159.51647723385594,89.47133882707963
160.68331685312046,91.0540642480363
161.57462176229063,91.91458586917919
162.0711912680097,91.01609062768702
161.65964645520313,89.96535218201002
161.7510433707866,91.1645480720176
162.00555846510335,91.11066451058278
162.67504592352373,91.46477552768698
162.0494158318371,93.60634098599516
159.52418322976376,93.31704077637194
159.65778366396304,92.36408724946645
159.65479148480776,91.47636288706222
159.82588484765097,92.12024819492348
159.16049493160028,92.61213161296394
159.24624535426767,92.6804528743648
159.03041376264827,90.76100765596537
158.2284978969074,88.0100945664818
159.7532024127738,87.29047772135243
157.66522381907234,85.50581950504497
157.16214196994284,84.24348672182334
155.4354711121978,84.05626209615059
156.15272617472996,84.36956859847226
155.69828283666985,84.44878606317494
155.86847046873177,84.13149310397215
158.18643771252886,83.77419515529552
156.95587371631083,82.7704488463768
157.75051137155202,82.41512668499233
158.58716425679626,82.1019674411501
156.9432675310253,81.80501545477699
158.26407102141005,81.42116959287553
157.73787364695445,81.0048470050051
156.5422475919451,80.55973456829108
157.14590266675953,80.88099698237166
156.65024029060152,81.66647140345167
155.31590922518345,83.0034677127849
157.04350865101398,82.15836282098286
155.29477415085262,82.3112193386088
154.8237290078376,81.6747357970693
155.51637629365592,80.421669782446
156.0461177914941,80.36047657114615
156.504068180674,79.92947363530084
154.3192236654948,79.00409275489231
153.95948048134713,79.77690117020803
154.16877576467974,79.85264960437652
150.86784899535917,79.12709100812047
150.74949639199892,78.77567591644795
150.49553691401948,80.10286975159525
152.70024990158635,81.09019994624366
151.30484213619772,80.70165397570511
152.3624047265704,80.04530149163124
154.24072190767527,79.57874481588783
152.98832974215497,79.3466333995584
155.87267367387076,78.97526946257365
156.85569832940837,78.9388892901399
158.99047243937093,79.51354272430282
159.30809431147833,79.37029746729038
160.4531444561176,79.2028059772983
159.69283556330072,80.60079462359195
158.16703735092506,80.4877072308051
157.90905575540665,80.38061745507972
159.01620785832293,79.30256453606574
161.31519850391487,79.14257907031879
159.3176562280016,78.67891893352262
156.61581969466064,79.03957709669531
157.9484486219094,79.03737973965458
157.80879536348317,78.70396238041012
158.02421042681334,78.65099122304065
157.81882153378376,77.71380322330745
154.6775197778579,77.94585063472071
155.20158877225583,76.32243080655827
152.9123964405155,74.67037588954152
153.08684701584886,76.52889264834727
150.7421065561864,77.45619020411954
148.97369814929985,76.9033638132269
148.71143503836922,75.17337978511884
150.09791845544007,74.4248174417574
148.17438380298097,75.26409128972668
148.1337159950088,75.66414738487892
144.93536563981888,75.64267936560594
144.22084599625416,75.88116664979525
143.50632635268943,75.98176745392564
142.79180670912473,75.85867822273387
142.07728706556,77.10444931825336
141.36276742199527,75.39344061988673
140.64824777843054,74.426495437241
139.93372813486582,75.97218295736663
139.2192084913011,75.32663954439366
138.5046888477364,74.33502994315171
137.79016920417166,73.2312198812009
137.07564956060693,71.95093264816207
134.9311471202881,71.15475066036304
135.02622085982668,70.62772746816786
133.32511934477347,67.93073701795555
134.28955964279527,66.86192806206657
132.90431370534634,66.49772618122331
133.63289245558178,68.68540198280792
132.10576400728473,67.73778692145603
132.74530777480726,70.14537512001249
132.57243341063773,67.51905077601492
133.3572792328902,66.80071277834485
135.4827362388065,66.76034549817473
135.6124081015903,66.31405508788899
135.73910667863888,65.80429464225087
135.74967347565143,63.761253906829765
134.15665549205286,63.50220731126918
134.20842063760523,64.1592000751988
134.0449465625705,63.868948874713524
133.50744016671942,62.71476317114065
135.03523274610654,62.30896188583132
135.97281915571224,62.67019231136794
135.13439162811738,62.44708194103227
135.95178014894242,63.11052837773254
136.18935297448186,61.93034740594378
138.81800945895117,62.993604838007215
137.21896590321802,63.245304376649564
139.24538687913252,63.24757258719381
138.4511355012925,62.61227056002403
139.39373368895866,62.177357668609865
138.64846846349394,61.87518144375197
138.2232264288299,60.68891309177177
137.68011963166532,59.918771198962865
138.7592191542833,59.205751237494525
140.20031700991734,59.1087554477186
140.32588796917085,58.484358884643854
141.91405299401222,58.71130803097016
143.04623102874945,59.06404679725885
143.3736416812857,58.026021313695104
143.58078869162605,57.20059587040013
143.52305118844163,58.12731665991675
143.46531368525723,57.71228524445162
143.4075761820728,56.73895605193731
143.34983867888837,56.877282480979986
143.29210117570398,56.94977528847683
143.23436367251955,56.36526254593648
143.17662616933515,55.79404085990262
143.11888866615072,54.93641878890131
143.0611511629663,53.39733133311426
143.0034136597819,54.55984721657696
142.94567615659747,57.403704561453154
142.86612780672908,58.007953057311724
144.46038195556298,58.823279524935536
144.7272414329524,59.91323845236405
143.91588182474243,58.60683648620974
143.9644066334794,59.11694302665808
145.25154968524816,60.155488824916596
144.12522858616214,59.848924525301015
145.42447473528884,60.86408678700347
147.67756460526795,60.76815094947404
145.95370810727155,60.66392866224378
145.80382742903703,60.337390955999034
145.6539467508025,59.71185142246947
145.504066072568,60.65692531462895
145.35418539433348,59.7956396263285
145.20430471609896,61.21234055362207
145.05442403786444,61.76012450408201
144.9045433596299,61.52265448601209
144.7546626813954,60.74927725713159
144.6047820031609,61.02517269456145
144.45490132492637,61.216639167284
144.30502064669184,61.16279690878511
145.3638003271033,61.54452888055685
145.5643631458189,62.655091947577766
147.08135344379113,64.5438246206609
145.6243600539352,64.54779213655429
147.8858797639074,63.04112112458508
147.57715160724007,62.15275979335228
148.46938049875413,62.99650012135683
149.58191354406432,63.38108668599308
148.68451945469275,63.39811627785078
148.0133177048245,64.04866054392434
149.638999204622,62.3120737956581
149.74307449555744,62.43010822198353
147.35828256281792,62.821178876617374
144.1985820905587,62.980707945936985
141.03087409393942,63.75222033765662
139.64686381578122,63.9585786211864
142.289290037263,64.20423591236137
142.77886533746272,64.31784540133107
143.17852673484117,64.09405627692087
145.46296811413643,63.91087506109289
143.72143675959666,64.03727377614382
143.79046216938474,63.06694818765933
143.23625090475088,62.47484603450012
143.8989920946982,62.544406312166494
143.70863556346342,61.5951321673587
143.51827903222866,62.97202751614118
143.32792250099388,62.46480603962535
143.13756596975912,61.9530030694977
142.94720943852434,62.57767399039495
142.75685290728958,62.96384012057041
142.5664963760548,63.88699137842785
142.37613984482005,63.08312093427718
142.18578331358526,64.2638583000304
141.9954267823505,63.38084286489894
141.80507025111572,63.44728429244859
139.4713999156868,64.51112546967978
139.772302372428,63.465584833373015
141.51717908561898,62.62215132743323
139.60153309514916,63.0739554577081
138.49573228756623,63.72859241805508
139.45572494157767,62.933864779703974
138.41993207143273,62.97991549192212
139.0914298233072,62.55236311918436
140.43335034978222,63.06519748818001
142.30443001565365,64.53693468603906
144.437259686374,64.05638649350568
141.7466494938065,65.75193967730591
141.75213970103295,64.81049986343777
141.61250501144647,65.48530435876664
141.11364568091895,66.65588371441491
141.10975157654053,66.02543825613913
141.77107721620374,65.72251929813939
140.93458003173657,66.16638400762604
141.40418566468912,65.89569410074706
140.75286410943892,65.70420171810981
142.5783313281979,65.68047007252805
142.64592173543477,65.68038555426581
142.74397194343246,65.8223086602241
141.29617272648363,65.27822281643049
141.319978363246,65.74295862911958
142.06150852129082,65.22069148539495
143.4183075868287,65.8499267864958
143.82033360249247,65.64806641184161
144.67411016436407,65.62117877657046
144.2691264155654,65.24644688087668
141.96111922659318,65.74109985821225
140.06816467806397,66.06826140328366
141.3979515876969,66.07620396242474
141.94679712849864,65.9813253689001
140.38390732332587,65.81133450250893
137.9404341118372,65.53558150756142
137.7430732253474,65.7859143018298
137.26626701052422,65.30988883122403
134.5803678309433,64.09616340814495
135.11317847632364,64.72430245556608
133.0364476774072,63.38219329028603
133.05958528989672,63.54485861811901
134.84337287645093,62.72424466330663
135.76265728476957,63.088885017141095
136.5793026410483,62.24694196800181
135.16917017347401,63.06032448297646
133.20740588284883,63.1162081687188
133.6041551503435,62.944586867654294
133.89590047799882,63.307999265306286
133.73316211012136,63.63596568063276
135.61366017662903,63.2431536373701
133.11893434344174,64.39921186995097
133.31747065322304,63.51521738956218
131.47089112940276,63.58059656390869
130.68775422456702,63.29649387152064
127.20351061593017,62.910354137781106
126.90844809385915,63.125862024078835
129.48851150808272,63.680799968568024
132.42854680238267,64.64646794636243
135.0858520822011,63.42044241621904
136.2931154325521,62.59011591220019
135.46380128569342,62.756042249424304
134.98168224706865,61.63398445940774
134.76825652104645,61.606461424348666
135.48752350510554,58.61885962997176
133.06270847238528,58.45549860536822
132.53047068419843,58.05830163785209
130.84745041893837,57.62356122842993
130.9080110231599,58.562746364422566
133.41254692932762,58.42980413541397
132.48901321816066,58.544068622909165
132.06016578317116,57.95692377826973
136.1311957303562,56.44982916892654
134.08158786896502,57.65899825513979
133.38471326856504,55.35617565459095
132.83034241614078,53.594547941846436
132.86528031608935,55.08764985039716
135.31519038218178,56.36977214469155
135.81610317571997,56.34232660302374
135.34951374515896,58.06718189137869
136.5750210088083,57.62755675360138
136.0629854326225,57.25116489817544
133.7445560037615,56.744042843592815
134.4608058360454,56.26150699157851
134.87371002629013,56.55539078075665
131.95525828576575,56.02510016861027
131.01458013612736,55.30154575484035
127.9024204481109,54.4589499626761
125.82245398725394,55.59009913559084
124.83550810582989,57.00167817570591
123.17286389469257,53.27595220967748
125.25791352120488,54.31133330666038
127.21534501299867,55.53358069815809
125.88308782149183,54.62751122704115
125.06873626296135,53.97235393774284
123.3983056404497,53.38133198556732
121.72715901737072,54.46255428245181
124.58356485297888,53.89492307073789
125.16294647848252,54.126103533921416
123.76320418020973,54.3332864277535
122.54253178813768,55.07175730830096
122.26558113092703,55.859996985192716
121.98240354240272,56.95938898780496
121.38730642589846,55.680675070367286
123.79698901677472,56.340355738706904
122.65804121130648,56.09258085180145
121.16159059410943,56.14519760848441
121.59820012607601,56.75321192668666
119.44933459096475,56.847180164951205
117.17700728294464,57.35378633511174
118.20418814197792,57.517563728471174
115.15931984387551,57.719877788078065
116.20625864994511,56.31704179431808
114.25021366052343,57.04572872119468
114.1315770008166,57.338167996747785
115.44684588596334,57.19253756166593
115.67546348789338,58.19035475753275
117.18911194794931,58.813730611353
117.85627292145703,59.68526570076948
117.71244133192025,59.51638428348654
114.75244976575357,59.1511779886378
115.29786544838996,59.8590522482088
114.85660872128429,58.98449802298619
113.26011878682621,59.962798986370466
113.21578422078944,60.09588674168674
114.5347802759116,60.07931679264814
114.84312202590111,58.99203514658795
111.78260591587926,58.24211821926071
111.92765912585566,57.18571592579997
112.07271233583207,57.7173110089549
112.21776554580846,57.469447860036716
112.36281875578487,56.87579424608686
112.50787196576127,55.85521658430534
112.65292517573768,55.8910157787351
112.79797838571407,56.83920427082762
112.94303159569048,57.23423623599525
113.08808480566688,58.09080566778586
113.23313801564329,56.312557262912186
113.37819122561969,55.92166163528078
112.65690701689515,55.187461400560686
114.26261143989659,54.29598745597813
113.52193274540689,55.36133577278296
111.87607542889737,54.263566259775935
112.20108065136564,55.0105451691423
113.11586467839689,54.306965913074634
114.63500056329104,53.82349034515073
113.89875540265874,54.080112453539265
113.02436423327134,54.78112461379446
114.35145683801801,53.67810389662949
112.92839499295317,51.7272707180412
114.81415200838595,51.70433166160791
116.04569514054859,52.280210699542884
114.65018694128514,53.896938260074975
114.31364843950573,52.92588728421472
115.23001921567942,52.39945283249635
113.75399762042176,52.687596324324296
114.09649992175923,52.52302617575222
115.54984161617764,52.47029730955283
116.74911234078304,52.873239980157614
116.11355971650751,53.00790513934145
116.02385138601322,54.22093127115795
117.17167391130056,53.05448238985938
115.32452035580546,52.95860834354557
114.05250808458679,51.991220428233326
113.06428485443836,52.012968819694294
112.63527683199517,51.41787050995819
113.75493376014373,51.62853141200347
114.97548642600111,51.505609882560535
114.26043052538246,50.03352770053889
114.19097361545498,50.318523505565665
115.07468699922593,50.68071489819478
113.9613390061757,50.697029591402206
114.00041629949226,50.05228950141537
113.77491808215025,49.32131593798114
114.57088194518938,50.49601131940127
113.0365614933254,50.260891387496365
112.42623515261927,52.006230164268544
111.04811166004717,54.33637269875872
109.1785599978991,52.99173811850897
109.48568765128748,53.11098533329885
111.24393687933245,52.40830611464713
109.72826299094645,52.30109202001216
110.72297468018016,52.59265338055714
110.23149189424255,52.053277304185045
111.72842968680591,52.20420037384126
111.29287095921276,51.94191730582582
112.39435576335885,52.594437375107844
113.34735117742015,52.245878437587
114.76165099980852,51.93366491503557
113.97156708159727,52.8791263985465
116.03814068482461,54.458651879494475
117.45469595656658,55.03181935102232
118.70124405923485,52.694340162478284
118.45057098881914,54.09231799077584
118.675757552565,53.566414963509686
115.85434960105981,51.12835355931203
115.36675834094595,51.545118451838555
115.05862442776306,51.050122055781806
116.03598341517734,48.692256336489955
115.74196990197294,49.48933979481755
117.31550083508634,48.53368058002789
118.15009788613992,50.29036971163288
116.35985684016723,49.98156718507212
117.83726583659006,50.068352206203755
120.5104273304661,48.67598605596668
119.71946158224898,47.78836558899403
120.1517520337765,47.237840863184665
121.55466952465936,46.338747880285716
120.71010485873424,46.036456438975875
121.07606176973646,46.036060590575175
121.99141254450825,45.89251648620286
122.75704689930508,45.918796841940015
121.97204495828801,46.05251303794276
120.11596159603309,45.3720640332826
119.65883186262893,44.37091217208927
120.78804030322853,44.09994528726789
120.45785212929579,44.07862157592917
121.35933177717605,44.81042098223878
118.93291890971915,44.34322642875678
120.75501201440724,44.12163323012518
122.09151886429028,43.68000553527968
120.35128734281639,43.025339388078436
120.19458930762832,42.99577188384542
118.74598537907765,42.633773918691055
118.7387902629601,42.98932609644214
119.0562306459481,42.81739592536198
120.89570767662961,44.112192391451664
121.74089424386446,44.41447090106748
122.55209598942542,44.08921218751914
121.71765617443882,43.957373712243616
122.1756316585614,43.61508729256262
125.46599850559657,43.753058029387404
126.35097633489616,44.317332618885935
125.34303582837289,44.808836562842686
125.96395406460051,45.63038343352727
127.85954071661317,45.49668322262582
125.7061578952579,45.18661077682607
127.02225218057868,45.38494221725976
127.51239652266561,45.42298778414406
126.51101620970093,45.98862866526953
127.94319494685972,46.15502518965946
128.2201235091134,45.88597444166051
127.92105185590155,44.96896890782128
126.937265970761,45.43245148450475
126.95920821879247,44.946796164611264
125.53647859211827,44.31729311097668
126.34074948062118,44.61194628891415
123.19984290249376,44.71583935601728
122.98071303170171,44.69865152629062
120.51353994029871,45.12734632925883
120.66967343991998,45.21826161309502
120.4155255406582,44.017220196200626
120.13606040900055,43.65795390377765
121.1842133809342,43.71024192583772
123.10362820242736,43.41590503662917
122.90543748746387,43.3189732550283
122.78262942346846,43.84648410850593
122.5923301163298,44.22497293008788
123.4552817254436,43.95941073024368
122.84557937457521,44.09426703290623
123.96111864357712,44.15956733167181
125.47175613754695,44.01493507191669
122.51414127289041,42.61713989742556
120.58732667218936,41.01105205234811
121.18692837134536,40.95200755751005
122.22720419548332,40.97169894465752
119.99496524583262,41.49247733105618
120.30661623462129,40.98210680017863
119.65623366511453,42.19594533123708
119.40676758897634,42.12848947469753
119.65769924807365,41.33404456277468
121.3719297452771,43.24774296178013
122.50788550570152,43.70812155224051
123.69471687465088,43.414614019466896
124.09057114818084,42.63335106364941
123.75309389130705,43.918495650655444
118.48620314724666,43.73856547965186
117.66299047761953,44.72474297741471
120.87749985205271,44.70631813652265
122.11101132567529,43.944136095510906
123.22610941500258,45.77277697993866
122.12569869267124,44.919416412520356
117.88269632709591,45.40837413472267
118.80953634887514,45.702322043908225
119.2561223541558,44.7811050264502
120.95735788381586,43.19431651048205
121.2751232152389,42.669148548943554
122.06109489472165,40.89802869715856
121.5774375712912,41.13489392813052
123.02811127439783,41.228628132244765
120.95208365670209,40.69795580078533
120.89260595753848,39.526393306527005
122.47887117624569,39.75716063692103
123.79494036364277,38.469401046790324
123.77190663413101,36.69664866841302
123.65500548454857,36.567527563856416
123.36825525468119,38.49959736738124
124.67335350945864,37.33146620169585
126.67617719046464,38.846834815261325
126.51933909222907,40.09597374779618
123.84718697184125,41.83287659876461
125.0331408462897,40.51262752826109
127.78363019121129,41.29362226172669
126.72000680837597,41.14199152125062
128.3260222680935,40.56574243034057
130.05369957532866,38.97595921081333
130.3197628219258,39.38152869968199
131.782377023903,39.93484967136015
131.6900801375999,37.205238231928746
132.00012083367372,38.90836306305734
131.66406013912965,38.47823955114975
130.68929974749085,39.84667379579236
130.51448410853217,38.10751788777235
129.53334095702706,39.93565480428189
128.73920203345213,38.838960419600646
127.64321428670557,38.401575851734044
126.08718036354543,40.08272122628868
125.91010173664539,38.99340098840729
128.02617890639564,34.883892274993286
128.45654515587196,34.873603550958244
127.24408946390714,33.531807190968316
128.27524339133126,31.584075851440577
127.44359888344519,30.586084865051127
126.06944316172516,29.281592892207325
130.0234691792117,27.961995097786303
130.4586063627848,28.117223222586595
128.55447710786697,28.619723098285064
131.67244845539935,26.793223183873316
134.18671903077183,26.25911984249184
131.5904796105331,28.27696372913093
129.9941690050998,30.82382855085533
130.2184451994862,30.071598309181525
128.48140369598516,29.835789446905025
128.59173838835676,30.807042642924376
127.04658977188816,30.449906787567812
125.15434490691987,31.709365190428052
125.75382417778327,33.069092372966985
124.9304570993426,33.63794067007018
124.74005778379235,33.90851863641306
127.33930486128719,37.04544018323492
129.38530033838362,38.134009185147974
130.4368315783682,37.47047120012098
128.80251921203705,38.283045343437486
127.28050120247177,37.22013741212899
128.0832629376109,36.27056407291996
130.62878508001782,39.04158912857181
130.72076917052965,39.27010067318491
131.6421691211462,35.59158031052852
133.03288557014653,34.78720116097343
134.71018887910958,35.871640105730094
135.61582355122982,33.973956521623535
135.42132938699197,33.674028931727875
134.90807165373693,34.96343859777818
135.09625233709525,35.02090149971736
137.15901545061377,36.70298938152025
139.31143967434653,34.997836711783954
140.44557645090532,35.785651454502634
141.23437563539846,35.96163218253879
142.0045645935479,36.605014003156256
141.51011227405561,35.92281253595386
141.00107765407333,36.49145228304007
139.05661143938585,33.848894146131734
138.975492442534,35.065363036900244
140.5743197431413,34.113233541914155
142.9517807268306,34.236251063552054
143.03286236688126,33.714126283565314
142.18432948199845,32.254049354704506
141.68336369406134,31.261167910434175
139.29625874044373,31.971994170022125
138.44528011241732,30.19614844374177
138.13620393076627,28.23884744593945
137.44135205039382,29.292588737324685
135.58546795334485,28.168360910487827
134.64653083702746,26.960536623060893
136.587212282586,29.061235883727054
137.80822772858477,28.714960585717616
138.90893989119465,29.303264074366695
137.22614923847166,29.59994371232344
135.3642240052234,31.35449116680286
136.27252542424202,31.002922843413906
133.05094568516245,32.76028233789105
131.88371125960245,32.69539026519704
132.8369219671595,31.351831666297247
133.1925769891524,31.27274963564071
132.8787851505483,31.357073249098402
133.53195319383843,29.149209746087116
132.61299999690743,30.91516160697101
133.2680532436068,31.70747756932393
134.01985146457733,27.749347986308738
132.09714609175572,28.372494245325015
132.13764327108137,29.120638124969297
132.93897379728475,28.506521949639765
132.8288523224992,27.560710397661538
133.68229313123564,26.263108358335316
135.0356358531717,24.331532738926114
134.55056211596448,26.492603847277348
135.08498794608855,26.40735917184172
135.49535101413235,27.34935288520646
134.2141791405133,27.205588533240388
132.52876960948498,26.018388089349376
133.4793098174588,25.986168040644788
132.52383651725944,26.72522282938704
132.34172749689873,26.032338266553623
132.16992344988003,24.28138916558793
132.78082874718987,23.830707183584167
135.2163558239145,23.998959434708066
135.46221259279193,22.868919543149865
136.61576728745362,23.021438339063565
135.51695003659978,23.160477352627993
136.18185190873845,22.688751542055815
135.71368932558508,23.41020363840481
137.63532095403198,23.026518002358685
138.68418488768083,22.924049798970767
137.92388771138582,22.918631571534927
138.12534527122344,23.361525371079942
136.58154923659328,23.950441011965506
134.31124109910962,25.163185655620953
134.86281270379013,26.47041364935766
133.65066875014747,27.729283492842658
132.69428861539643,28.17650367707882
134.31024434769597,27.46276218173713
134.47013554203386,27.262103146313045
135.4685927496854,27.892454016107155
137.9283497495657,28.310356440127894
140.82245678720713,27.98774296847617
140.31062559843258,27.58667858521182
138.71051988265313,27.768468185261813
139.4129430206046,27.972205980491857
137.13054089700702,26.33624099123416
137.00903495820376,26.504662754620885
137.45516233726673,29.061582165693185
136.21676049548566,28.871165650523423
133.99913881709728,27.936831506867186
134.38674872774297,32.088436449873946
134.77435863838863,30.538501918442087
135.16196854903433,33.04698373444506
135.54957845968,34.65395783200144
135.93718837032569,33.79391045282702
136.32479828097135,32.500396839732836
136.71240819161704,33.22084577307462
137.1000181022627,32.61418995871161
137.4876280129084,28.838592933090645
137.87523792355407,31.311308355500334
138.26284783419976,29.462798388968018
139.01652174187188,32.03885059417121
138.55628037423725,32.91033053133219
138.5586389349704,32.18839402820258
140.19463028836842,28.8548573337492
140.41558291422305,28.288595663030485
136.7563585398785,28.017252496825222
137.204284297181,33.04192259804782
139.08653353287121,31.9528551056437
136.9414090416488,32.51705819965299
137.51029609211355,33.86984195033315
137.63533120215772,34.85704098881327
135.16387043543725,34.57764735063836
133.22269987679672,35.596165382536725
133.54093566529173,34.31097790908258
132.93766463777717,33.264350449909244
131.520066764444,34.63946832144432
131.2519445229124,32.16102159858279
131.4746131859376,32.09034539828529
131.2916453449387,29.53405826032616
129.81921762143236,28.1583306055111
128.8023472621131,28.568241282770444
129.13853431835898,29.18641006124122
130.07113666529088,29.468416094765235
131.2578079424646,33.5446943061336
130.241515073108,33.60796831690025
128.87173719255583,32.802677968223385
127.75631030427989,29.385785308792332
126.22951109043514,28.692129450587842
124.96865735191496,27.37861238627715
123.54925987487286,27.23553992409086
122.97098023097371,26.34109287356977
122.68062002514007,24.599016681570152
121.01902278958897,24.956629646398245
120.8737909345995,25.38839527011408
119.86925290236914,26.985282408618268
118.4637038362353,27.90986451091966
119.88947915601118,27.472949347387253
120.15095682249488,27.85748779693927
119.75967603378547,28.365538102842834
116.36349035518634,28.06708361515866
115.95762635987542,27.65785206477416
114.23399785428408,28.346604622728318
114.01306898577495,28.85673049131609
113.48983948205652,29.512305480202084
112.96660997833811,28.83443967641676
112.44338047461969,30.272506235694436
111.92015097090126,28.38386700113818
111.39692146718284,31.406998795902176
110.87369196346442,33.58392925314955
110.350462459746,31.008603369377102
109.82723295602757,27.78625632137695
109.30400345230915,28.280046083280673
108.78077394859073,27.25194732225618
108.25754444487231,25.813845001692844
111.07656066651086,27.00436932743907
112.34169268476279,27.302955537055123
110.48750449159313,30.78153388655493
109.23208231719794,33.013067291514474
110.37509115441105,31.772744982968568
109.07874908252955,32.11158890967743
109.49094339337704,33.8203468977622
109.12632653289425,33.813482931696
105.52543303079308,33.93134774142077
106.90181452016662,34.41568575901587
104.73328884916822,34.32937031669233
106.19609799429405,34.93825423212346
104.36951102867506,35.96505871446903
106.44964944311732,36.2350855439011
109.12238149103823,33.05458656634065
110.91383326445929,32.48498317152306
111.7399784301954,32.470330159224645
112.237699495688,32.412442108158366
114.42648951665323,29.32922077668874
113.17704005520834,31.38633900269168
113.59406485168032,31.128942302872243
110.77754983400678,30.216219752196338
112.24737249166003,28.861649628555597
111.52811680999328,26.9485633713159
110.41288363249097,25.55543743167468
109.86634849964899,24.57191107252232
109.67913387192407,27.75157184947822
112.10703706124714,26.79720113505762
112.19730516417393,27.426013687205792
108.21593826461462,27.961113972228706
112.0598098840417,30.561999192782
111.17602830522095,28.697425067827357
110.24487853973088,26.60329210517423
110.90482396905593,26.127627189575964
112.863472727948,24.479944817128477
112.92828275517395,24.91928813848112
110.60361011423137,24.285401319488187
110.51810541608738,25.46943724106831
110.94730052559447,25.11675723659383
112.12600165429372,24.287103391591028
109.57318579177408,24.00184605695262
109.8563697177778,22.299767210962138
110.57944897255041,22.522900115465806
112.27967720480436,23.040709469244366
112.56351084771067,22.65104562313006
111.72565564726139,23.144716893581542
112.00466254175463,23.21493897083392
114.74667251258693,22.14311303923862
117.7093684462043,21.877622539867478
117.74903695588009,21.630304376731832
120.188529727371,22.999454530563906
117.98110034304578,23.33284158001717
116.4257587075369,23.10886263839084
116.18809555061455,25.996843439161307
118.08700011303189,27.138075586205627
116.863535545405,25.696982537170044
116.78584457928493,26.082691771157545
119.01063924655809,24.252906317021544
119.18281336763673,24.968616815517706
119.80826080451766,27.329677101245366
120.29882580478214,27.988113533537533
120.12588360061736,29.38287227229396
119.95428065211084,28.005084734256624
121.34073557856941,26.992919012473838
120.66108318763247,26.99831974589917
122.35065255402321,28.18422021658677
123.3699714360637,31.74648498834328
123.10956678870387,31.920476220086318
121.49068680374448,32.418255149667885
120.59298389149691,33.42039055298896
121.03186928913662,32.72609553855837
118.78984801442901,32.39536947688193
119.16654378816672,34.12856646179165
118.75257197739383,34.20095156379368
117.0846748589521,34.98880495247594
117.51697195857358,36.35300334837947
116.38367228038575,38.44751918403207
118.1839771633544,38.3364428274326
119.47525946958406,37.606339474151504
118.67556248902679,36.44341165535033
117.93316519020412,37.519186652831614
117.01563529999058,36.92761702310914
116.75904584076048,37.35293468195785
115.96436011998136,37.983850683802714
118.36216827954637,37.61804625780787
117.96677610098571,37.239151576361046
121.50456156880949,37.28756625447705
120.20601461393376,34.766579036724224
118.27717060722416,34.09387769368062
118.52530127869555,36.34561821542406
117.52321312849551,36.34084499181184
116.98576975967082,36.165681719253605
116.15138902302465,36.3674452193301
115.78787263973331,36.16754003208935
115.65431841794874,36.347726632823665
115.27787152014135,37.545350955465494
116.90655375104103,38.18690436832584
117.43237123682918,35.32741845593223
116.76728135166564,35.89207102311079
115.70423362019909,34.745296882076076
114.23947032690332,34.20368544967549
111.99830463438497,31.628690329821183
112.94819711958567,33.45359270630985
112.74861703091806,33.90752653186218
112.20268023232683,34.49349500530377
111.58616634166951,34.19073948983715
110.56440062594254,33.635694480548665
109.51896097222213,36.3627455856302
111.05267214987622,37.35056821166451
110.18848732036201,35.72270381207194
108.86972597734626,34.597968520733474
109.28880194818797,34.98621654519355
108.45010719691885,34.32612160941721
107.04229068428904,34.03597781700039
105.96694240469463,33.62408059119915
108.33240649004594,34.74169838114203
108.23107684230963,35.970568109153525
110.97887553451213,36.2394848531529
111.59835769008086,36.016651769616615
109.24969428054922,37.03261244506348
109.93921019756789,37.24442430556136
109.37402533657176,37.905484482335915
108.80884047557565,37.77244794206047
108.24365561457952,41.17718260626136
107.67847075358341,39.53602886864789
107.11328589258729,39.4592750275187
106.54810103159117,40.456024283947954
105.98291617059505,40.23570626603056
105.41773130959893,38.942729340386386
104.85254644860281,38.47031733141731
104.28736158760668,36.03268463855091
103.72217672661057,37.491285737697694
100.42745499376205,36.73036279230593
102.09725071396167,36.20646017100551
102.5614469449732,34.910471300889384
100.07038776502415,34.58885173739859
100.6049681614747,34.52314279933119
99.00189620795739,33.95278962146973
99.27533801731408,34.82112478181898
98.62508486337342,36.2928461281145
98.97762143358742,35.957148762172835
98.31110873625683,36.614570114263834
96.43201150973918,37.422266984060215
95.27361383631842,38.88206401059325
98.02960952983122,36.6858794075719
98.75254939585633,37.65765048193533
99.02906124636253,39.5595969653572
95.21192261140757,38.568634718527896
96.46933693087946,38.86621586860309
95.49714175627567,40.685793458187135
94.2432488301248,39.312111389406645
96.413229828777,39.184353093233526
97.24948793011933,37.66859622170041
99.1488572569694,35.88290283242853
100.23600171105046,35.19067664187749
100.2195742198124,36.91856884361468
99.70713948804516,36.692907361928256
99.74366191693264,34.7859761808544
99.53537779760408,33.45327115803863
101.05096537347363,32.508343834445576
101.73997998788336,31.342801633344983
102.48889485573403,31.826148186533384
102.2684097998565,28.82031823936467
101.32177429414716,28.08775691431435
99.68626814543116,29.78518254138423
99.57459516781608,29.012995451638275
99.46292219020101,29.177871237807537
99.35124921258594,26.021051114781965
99.23957623497087,25.801797848476067
99.1279032573558,26.300013351664482
99.01623027974071,23.52482933335473
98.90455730212564,23.670404397923292
98.79288432451057,23.74412386978605
98.6812113468955,24.217477027938216
98.56953836928042,23.912657235769668
98.45786539166535,27.15111531847738
99.30018429078758,28.25526236293539
101.59849738850792,27.73530206520661
98.50886153893549,27.45488939001035
98.75477241794515,29.28994734736482
99.15450826849012,29.817844257070195
98.6173950648675,30.354676612307586
99.17634074659887,29.73731563885556
97.23407295873153,27.42019494837027
96.00885592825168,26.460748148964313
95.89861122424864,24.120631449668092
95.80515602739183,23.56142250805272
97.45700314360708,21.937642628836414
99.02055454886131,21.186300331756208
96.79713041105829,20.20928746183556
96.97212991727147,20.34486558641054
98.40808185787294,20.223016450413116
98.52831001686322,19.09077131344062
97.21469876219128,18.757470618414594
98.80547031011632,18.1286020509175
100.2631300728968,16.711699840876623
100.28923757179555,17.48883990162414
103.41501494375531,16.831868995574737
103.6013526228077,16.429682142013803
103.45620557239259,16.542535495471615
101.93024239445536,17.467900755670755
101.26762682727302,16.30745200804818
101.40582549443333,16.487829871735865
101.33202562498913,15.654836885697947
100.1104485787973,14.768018080387225
100.81117135614946,13.91032573924329
100.27440882431247,13.349260051811573
98.54475866242423,10.369088626047056
99.23507896282368,10.306749475449239
98.42847074237145,9.74330759883618
97.61176035921874,8.68986225866458
99.36641655344023,9.928840579155702
100.6464504531479,9.91043804987286
102.98724579689475,10.702858118059545
100.88555798538475,10.484136620516423
99.32803274928185,7.869364278819661
100.51054119281592,7.141329676192061
99.13458138640858,7.503032867554546
99.47383829173485,7.304584207646114
99.20975991704393,6.133389681816476
97.87475605907309,3.938786966474606
96.5437251618184,3.2306884395591533
95.68615685806068,3.6243234201159504
95.09777511810358,1.2809092445228323
97.47381465592134,0.8932389479253705
95.72039364076353,1.6982624874569572
93.97876913387122,0.31913534254773057
93.48247526863544,3.1663096902233243
93.6174196466581,0.056908573105946325
93.57057028715874,-3.1491234094355134
92.7229757247372,-4.471893325627812
92.7970877136754,-4.741292150022308
92.69753743986925,-5.674725520774949
91.82221794601188,-4.969705710166485
90.6497193296395,-4.873532963109178
89.36413810599369,-4.382839098085689
91.01609062768702,-3.2670640104903885
93.21328398403938,-5.253657769078494
93.77142611937293,-5.787812866330402
93.36973137237673,-6.034384320649857
92.96803662538053,-5.810160625556289
92.56634187838434,-7.741767276974294
92.16464713138814,-9.256429723727862
91.76295238439194,-11.703581301333378
91.36125763739575,-12.25402650570542
90.95956289039955,-11.826498728514062
90.55786814340335,-9.591099156755487
90.15617339640715,-9.226566481353506
89.75447864941096,-7.660008587483046
89.35278390241476,-8.518164007146021
87.8913910117943,-7.8767147282471495
88.7212234215135,-7.901447237236508
88.42660685847162,-7.600865082313749
87.69308151999883,-7.817728205118724
86.21240820298574,-9.201182789652146
85.55550898598474,-9.838222123443998
85.95703528475937,-10.636403093663322
85.08798168758955,-10.082235558328657
82.8497746079291,-11.546005320022022
82.58675087004269,-10.084842770613378
80.55973456829108,-9.960630278329544
80.63460425095505,-8.545832550522
81.36489596365165,-7.601182285376874
82.28168322458714,-7.419944340293677
80.56984581091469,-9.981840635185259
81.7407328416775,-8.847922261437546
82.88827062265686,-9.013729557965085
80.60531663081478,-7.935752899088378
80.40896959793301,-7.82184064215668
79.02239339882873,-7.112523602929913
79.15965888313947,-6.102316018433903
78.78995071157472,-5.717001716533311
80.90520280224726,-7.195014489210059
79.97170865364453,-6.117942308106375
81.0988200218732,-7.426391112659494
80.60079462359195,-8.419050896982208
78.51415653756547,-6.43983479692763
78.63234221018344,-6.7437505948559
79.3466333995584,-7.035048344397196
79.1395434115426,-5.751082267512539
76.97641455497465,-5.295718035301132
78.07127014322167,-3.958449990196377
79.81860984094652,-2.5613076458745825
78.36142731784702,-3.4300010128819136
77.34403017654238,-5.245544358227185
76.7646594051633,-4.732820458972476
76.40025784062715,-3.9564203840718903
73.42258164240408,-2.971651642325308
71.36076771646341,-2.636796774985058
71.57164337744967,-0.6225359157406576
72.40071983598118,-2.5412026450702383
69.96715452285495,-0.7797296495141985
71.28569461846986,0.04619429113017759
71.18002089175276,-3.9324125148487807
72.26241573270556,-4.269303742038117
70.065001781845,-4.962572954795736
71.08450645937191,-4.799616181303036
69.93064692531081,-5.225483989771313
71.44586502434693,-4.696391281839183
72.37765592758868,-4.169227185766643
73.73650174542838,-3.9202252626212335
73.1718165103852,-4.843708392091515
74.91440367639721,-3.86313899200398
75.19457675573756,-5.285665095138928
71.12334267446225,-4.845680443162989
71.50554568948259,-5.212110410800731
71.49292793201388,-6.496833750689056
69.74936681597634,-6.59794291902098
68.69309124012462,-6.748513073183094
66.75294792223973,-8.334970205887714
67.39981743788736,-10.920755610577805
67.70727406245453,-11.710925557084128
66.90550801237991,-11.448824995189687
67.32065262408533,-10.56289266381194
66.72505312113522,-10.709511404718203
69.05712177086819,-10.933093400153668
69.82544287743853,-11.291548483101186
70.2902930006368,-8.520529552567542
69.49423528792627,-9.368011906557786
68.96494016580156,-9.201587632910888
68.21803058655918,-10.0019252496588
71.24142909635195,-10.01903233216101
72.96167270894844,-11.736591774868467
70.7514503679012,-10.650663166109998
69.88728475172907,-9.173658842872584
65.52574867159404,-11.057319145895466
68.08126613828443,-9.852189535489535
65.80429464225087,-7.351264631740085
65.9813253689001,-7.006417940351641
64.66728069280757,-7.184197787323867
64.37758031914836,-7.36149356166553
67.0589879073398,-7.601674545753044
67.79386265205832,-6.183120762891844
66.33429410924089,-5.428800887349076
66.17511720515085,-6.599259104003133
66.56658609728865,-6.700142233382948
67.6751313815302,-5.927998783739563
68.67584140096282,-4.946167596101402
69.51151493276788,-6.719282056538841
72.76202062248007,-5.517457841116247
70.80277367140359,-3.7188083406722403
69.50565866232616,-2.664343073500978
70.18123490641958,-3.6650561772751233
69.78167165850145,-4.133195587550625
68.76692735428766,-3.4176415482890565
67.88321299994081,-3.744492432329681
68.34308286793373,-4.437075978445539
65.77675459965049,-4.041138794030282
63.94315545293914,-4.113515913346214
64.2587481185413,-3.023349976183781
64.04866054392434,-4.029330243093242
62.97991549192212,-2.778877009710855
63.4175903348277,-1.6429840007153202
62.6705793205985,3.189800852224932
61.54451928291535,-0.48731703588770436
57.40167427040165,2.0001128763432656
58.82932884962945,0.12249825324763408
58.489274060784226,5.15643486661208
59.510811113483335,6.621829783497239
59.8716799924986,8.287120207743298
59.8109784964303,10.109148385637639
59.088028959816384,10.777461409743973
60.4524367373505,10.257871452849
61.21234055362207,11.139232185241195
58.54379858618037,9.064372914126624
60.76815094947404,11.230874881711472
61.767049923393365,13.341876414476337
59.60315181382225,15.468573570427738
61.98519497091956,15.851409930620475
60.410978405174966,16.07010670469718
59.134246990400214,16.258265058985312
60.66678853277383,16.637060586417697
60.965974746901956,17.413953576808286
57.62356122842993,19.42153742135745
55.55409689282219,18.472000292724474
57.496060487795155,17.297745211481285
57.09113781565496,18.131584297500996
57.19489994204494,17.97743002196425
57.39874402449057,17.63679404734264
56.47004568901138,17.26654942038552
54.504815870456056,17.816175971754884
53.39733133311426,15.984259549624376
53.11098533329885,14.464974328872227
49.204626555031254,13.659712141281247
47.74139870305973,14.231247050126678
48.269467659193204,13.719920591518362
47.03513218727826,13.43225791434334
47.78147230958936,14.280338731576595
48.173264193218124,12.896280356150372
47.22775297326474,12.299571953321463
47.078041436827014,11.429933205664442
46.92832990038929,10.344321600679217
46.778618363951566,9.957168996783583
46.62890682751384,10.606523375007182
46.47919529107612,10.005056827287767
46.32948375463839,10.251721838559755
46.17977221820067,11.387888470603835
46.03006068176294,9.726678223295648
45.88034914532521,11.13538036388827
45.73063760888749,11.839666656790195
45.58092607244976,11.954521005670198
44.440141949445824,13.14864721552134
43.918495650655444,12.950882567915475
42.857775174739935,13.398782052381936
41.84830626786731,15.775905123837095
41.316632602226136,16.0362496712426
38.778318828947434,16.667308848030686
40.20641479671973,17.9470602049213
40.75047032973939,19.01185097212556
38.31474439163208,17.75833289362096
37.32242032734305,16.102974402124566
35.521984719680184,16.024642184621275
34.63946832144432,16.195915980283303
32.56688278787303,19.300371900204023
33.07376593317857,19.23048174897084
31.79776431034666,19.846221171210118
31.332109780857063,19.947552622068233
32.653905591669556,19.83336062146947
33.22107948153324,18.84845745745426
32.662881394912915,19.759461560250017
30.89307938091565,19.916895743773523
28.715027621865133,19.892921555423914
30.561999192782,19.833796273386277
30.944262008958297,17.297602430143588
30.93003226075514,16.746815562849804
31.21285218998393,16.94007103977904
32.373430183698396,17.70396429859586
32.94000208398354,19.393046095072087
35.03822372339519,19.097523124664605
34.804761191792906,18.627795542585336
34.45185664978573,18.405284922006917
34.96343859777818,18.090057395109977
37.442715374961296,19.01448795353786
35.26739282939429,19.98181000594533
36.57302222670666,16.97437141401667
34.43559897980287,15.328750736361126
32.39536947688193,14.47298695474639
32.59717297191706,13.590278031844617
31.420172888324604,13.602139360924925
31.92015341943032,12.899218654903436
32.035509546865455,12.544468880874827
32.418255149667885,12.459650100790014
34.33476729420781,12.164319509916941
33.122283456478236,11.294044754471262
34.33553861868653,8.68354905019306
33.04821159956847,4.656221221074631
33.531807190968316,7.025945158503601
32.73862208248459,5.17936367517019
30.3940354682508,3.647133569921099
32.61418995871161,1.024189693414094
33.34359273547329,1.528955084104613
32.52094077382124,0.9905537488562937
33.8203468977622,2.2328349613134977
34.537342779030716,1.0446963057140926
32.51305341567685,-0.12497519345123842
33.79391045282702,-0.4852893870452748
33.90752653186218,0.22341884285858568
36.3627455856302,1.1141456859470449
39.40923114704423,4.262789608470702
38.59706044189925,2.6860012955801773
40.86864600994106,4.3976308371618025
41.30438705173667,1.7414639652654378
40.13249363744479,0.9340258590391328
38.62787220889671,2.015175090875536
34.32612160941721,1.7366137369745709
34.27561885313354,2.165838040812607
33.1799252770223,4.202407068680386
34.54616246845171,6.999135402923326
34.764746831662826,7.281232324060819
35.10586516306051,7.935017763356654
32.16574767509455,7.796492873762355
34.79125442817533,4.748847463800155
36.34084499181184,2.303489202119252
34.81313892937694,2.634905609825278
34.50549179197378,1.7109383192729277
33.45327115803863,1.0026776168287013
32.996267565896936,-0.11250866268265991
33.16801559125421,-0.6781467085721206
31.43502444419436,-0.9752452845271149
31.151899533333932,-1.6524504942860776
31.826148186533384,-0.30149632352460143
32.500396839732836,-2.1457409348381447
33.174645492932285,-1.725287291140529
33.848894146131734,-2.8016558415682233
34.52314279933119,-3.0900604565948093
35.19739145253064,-0.4900104754948985
35.871640105730094,0.15052202338409915
36.54588875892954,-1.0519791921767567
37.22013741212899,0.5670124392913432
37.89438606532845,1.2370723176141116
38.568634718527896,-0.2384399842600955
39.973585831028345,-0.3062160211701184
39.91724516550566,-0.16318189474729078
41.079340323402974,-0.9197330552430043
41.659517721135934,-1.4165279563337294
38.838960419600646,-1.3719717635867088
37.07834992970833,-1.380142255235552
36.93143093209886,-1.221274169836327
36.01447962936761,-0.5905015237612767
36.189051466495236,-3.554779295468033
35.279373305596,-0.811392996743261
32.18839402820258,-2.563466057643776
31.406998795902176,-1.7153561437503577
31.463518219563706,-0.4057106280021894
33.807906858702765,0.39037162148222915
33.2857030718016,-0.7037689087610888
32.118299377362206,-2.0070724666376494
33.25808469685862,-2.1445932210699703
34.19073948983715,-1.4201310638641362
30.82382855085533,-1.5565056156962973
31.841678839584834,-0.48494751907663347
31.962204795741712,-2.382017698665447
31.408516990489932,-3.3439964056883995
33.993525501476974,-3.329945496836764
34.78720116097343,-3.193277744663917
34.572497542047536,-2.678753751695491
36.50870371503148,-0.3818406637952898
37.86473595036051,-1.1580408257270083
41.08621057843564,-1.3576974133188937
39.72371782430615,-2.367873095845731
41.37310098165504,-1.3441782028285947
41.03531660586204,-2.297522316723221
40.309881879298075,-3.647348813769513
38.79085438276178,-4.311553503134504
40.730483231604744,-5.085234244900323
39.79586357164156,-4.9524238245539465
38.94693641181501,-3.62609265350381
40.33061681697768,-3.181933485456393
38.30159867622142,-3.9056160363986256
38.42319822118547,-4.363961105239216
37.487755048853,-5.232170779256603
34.85704098881327,-5.560140241810693
35.14891014883842,-6.154951627732447
35.9611762562397,-5.7043036331228905
37.519186652831614,-6.363213067665537
39.3450106892679,-5.404621269139358
40.564817175535524,-4.685976143785121
41.999558822491814,-5.218797200286022
43.3292870892173,-3.949935721009653
43.03119665101984,-2.559790826580637
42.214090395134754,-2.358914143741691
41.24644254359353,-1.9499070055835457
39.723047879782136,-0.9003749201836576
39.16569081133288,-0.6495056220775941
42.291649245356005,0.556693316580742
41.79302154431608,0.20463885817596195
42.96947023574308,-0.2502696442645258
42.096454061923986,-0.4352886571237018
41.9937644727388,-1.3162723976947681
42.104219010198676,-1.2962593021062858
43.34242005474605,-2.3364055300250204
44.30918101445571,-2.9808142684451577
44.67682492624789,-2.943724196689033
43.74916006623086,-3.6698344431427303
45.13599145947256,-2.942700277691234
47.40018191172154,-1.1878393892081305
47.030327728739415,-0.14541998770994358
48.316307504242495,0.4508859259807534
48.17435653244129,6.828640404547325
47.1260600579583,7.572278138388661
48.62550424923345,1.469287803106624
47.29373620893656,7.199835297842085
46.109936388404094,6.9399544124601835
46.480347071477645,6.082881896875052
46.82957521132666,5.915493316767643
45.93466406212443,7.272618291448898
46.481509174827295,1.1773823729895023
47.78836558899403,0.8165555684912238
46.72899171128533,-0.20977072574858546
50.438468894125556,0.7095563740078036
48.66004537206304,-2.074758889327069
46.894478746241816,-2.2365866909967895
46.06126899306497,0.05069412244089433
47.82855684280998,0.6460187486878384
49.59117048599096,0.9712445997187487
51.313243961017285,0.8759586591169504
49.27478528992097,1.4010235941081537
47.703647180335466,4.944092571385139
48.601026340881646,8.033548170075537
47.93860036295072,9.036939323614932
49.26876187654461,11.740111572381299
48.187661511161295,11.6655999733975
49.8720529380877,11.490809444316499
52.280210699542884,11.593513589135837
55.41006890725109,12.43267891246409
57.51528796939442,12.863467484097713
57.71228524445162,12.760726234436468
58.12731665991675,12.855349953774587
59.08542323143062,10.951346833613945
60.82126663227445,11.164074306127109
59.68900128353474,10.786926242827484
58.791283271914104,12.033404953667503
58.50426231689918,10.537041414211263
61.55268151817425,10.615288136050486
57.19253756166593,8.130126764051644
59.14787157771967,4.267596700264571
60.19326901655615,8.936190315659625
61.251333554535705,9.738766861871225
60.16719162929896,8.671888293447799
60.07931679264814,9.637615171976073
58.99271762301434,9.713192533996203
61.0646951907584,9.662616155007411
61.25424641055768,9.862917211760648
61.2514587741229,9.815724426575692
62.082138998522865,10.110217217651709
63.04112112458508,10.786932276899057
62.617391369111616,9.978838512392134
64.61898661926377,9.071393503928519
64.53693468603906,9.660140611706085
62.53689047201932,10.678355535725837
63.22308315481855,10.160151857402035
63.17578852661704,11.300609134989031
61.21385824516804,11.575030708724775
58.345276289264206,11.051480002005427
58.339923715410826,10.75808661739314
59.228140539518975,9.246745011243458
56.4785381465793,10.686987933148487
54.572391794261726,9.226082661026956
53.084647674252615,4.091170678916689
50.29036971163288,4.213086891118535
50.8392630249138,4.104067272826463
52.858765896528524,1.0283302501376919
54.606578752366325,0.17085756590959766
55.14959964104801,0.8563363622321022
58.02227178280606,3.347993072973233
58.09080566778586,1.6938090107191386
59.20867420353249,0.9390117528677394
61.085993329543484,0.8548760988424313
63.06519748818001,1.0131960689030064
63.9585786211864,3.777008417950247
65.8223086602241,0.5567695014291272
64.09405627692087,0.9531649406146558
63.318152725410926,0.10095665512003427
62.70191270392011,0.658766757769936
61.00874836560617,3.6040415771364427
59.94598198769184,3.473580680321945
59.53870554509248,0.1112137434301484
59.04083934984869,2.1063956769578427
60.91116645615621,4.6428772086196535
61.406219360168684,-0.3976854016730438
62.177357668609865,-0.22298229826200777
63.53914065678585,-0.19454301313406774
64.41363044368308,0.3229725682453229
62.44708194103227,3.5610118341031916
63.65495238810444,3.8812101508315537
65.64627597914267,6.980991882297419
65.04949154764505,6.891108157929937
64.8447609684028,6.708008860442211
64.00440541003077,5.405780685331901
63.34371663588427,9.57300124876665
63.472584000465325,11.308798389099403
62.55236311918436,9.819966475592361
61.2748942122585,11.310458692216551
61.17757878258664,11.405035078702005
61.87518144375197,13.32931902944741
61.2741768446384,12.354768768829853
59.33295603190951,11.353198515354304
59.82724215513564,11.579492117439237
60.46155074366043,12.454470610918131
60.836595579411465,12.152758219873657
62.28779835865025,10.689455609041495
59.63339892972141,12.153906537882476
60.02984435814801,11.932693701656378
59.38749509929967,9.88437018735892
59.77971274131587,10.539743991620178
58.19254345218907,10.750520067655541
59.152967535925285,10.73550514447979
60.83741439622683,10.277953264846317
60.76251639166771,10.463876487802617
60.374339765538714,10.525654420935751
60.667348498331975,11.060414255153999
61.311828523398326,10.52636421747992
59.65662155574523,9.727779288398645
61.02647214115152,6.636704847467458
60.122174490600635,7.025422217723413
61.38434573445785,1.9613527715482217
60.61519627691153,2.2296348346733885
61.84111714139673,0.7748243126412155
62.32255938010967,-0.8126763877543205
63.03860227547215,-2.7668617190312492
63.25107471903874,-0.2776968818952547
63.51521738956218,4.713311562419669
62.72055080758758,6.817924449375799
63.963591668206085,7.837319848592905
64.73099756473749,9.247919055518313
67.12346611214682,9.828383163410091
70.20352739462892,10.985923243336948
69.30475929485425,11.685109281998752
69.3639279138362,11.566175942778393
71.2691860831148,14.366086785702066
70.75760640171545,12.299214303511278
70.52750049777542,13.83536027246598
71.18466890982198,15.699246051369034
71.42364199526715,15.690149881778607
70.93861373429213,15.718348618492493
70.41219062032053,15.048123792512827
68.68540198280792,15.900061676164974
67.99572333195084,15.0130357841704
69.70154570158947,14.6791731266949
71.59238871068504,14.65018252865423
72.91000129873615,13.431166967424513
72.28787964017742,13.333678247623478
70.12337708964166,12.088087393360134
70.43988243957216,12.586357184442912
68.44798519003574,12.990438703549055
70.31431317852294,14.530829089860067
71.95977462246877,15.11091151850491
71.7374948995411,14.630221094397168
72.70529964283661,16.172015805568194
74.16461217537116,16.420540036798606
74.15745856155658,17.279355756103666
71.3512608789876,20.088983192521894
71.5535697537527,19.83733568893669
73.02337129249315,19.60384962562938
74.2645900126299,19.697511302112314
73.34812464603186,19.331581389872657
72.6124909270377,19.841580865333615
72.91011986692573,19.711991868824054
72.64227091548908,18.98728929277175
73.98479501967415,19.11121973548137
75.06421504434249,18.087083990166132
73.68024088638292,16.984393509621313
71.3604992630924,15.929299663962498
72.62328120224453,14.382109980375395
73.6376945400929,15.193223780095629
76.10729539766267,14.3178886825285
75.53593599682983,14.637987237850645
74.06918679315363,14.988701503591534
73.1615670292631,15.320750861560013
71.65002345783327,15.046003339358862
70.14537512001249,14.139051443853322
71.9614657091088,13.82815754098673
72.91058702865087,13.721912340657747
69.82822309569531,12.047626259549551
71.71857073015057,12.267190720005814
70.92266480360996,11.639977585433664
71.3881138773845,11.144956391937937
72.03407402551044,10.674050657546937
70.55933935368587,10.34203860436326
71.69950498323672,11.222782763463485
70.63361775770377,12.253052951786023
69.58523011544531,12.307580142401688
70.95554801534682,12.882834178572628
70.15810172790171,12.361163320685844
69.63581577627771,12.105446871540321
68.5550622841188,12.644479373260697
68.7290404230401,13.62025324428395
67.7994866344931,12.027676708580444
67.70607113207467,11.440107945473633
64.52081288044005,11.447533949030124
68.48656421200673,11.772918795972565
68.42870456960479,10.752537973044339
69.64544702427398,11.285481597162725
70.18854944860271,9.366662766047336
70.82340918170175,9.845406494335705
71.2632929882787,9.08206601564996
71.46767245347522,10.525250028740679
74.03451383536054,11.04389498147716
73.83030001292799,12.592559403744756
71.62184841782387,10.47625141810137
70.98544315217892,11.844453624104696
70.81552020698379,11.456261878040124
70.89976305833913,11.653754223934428
72.13563899547583,12.906694052990673
73.16609824173338,14.336654370653873
74.31226412387862,13.811547889450086
73.83000662862827,13.515483993889578
75.04425127158119,13.992732523170737
75.66411311446218,12.071069390568208
75.29923419123081,11.240813468595638
76.04931069004479,10.950641359731248
75.30196829985668,10.569659584249305
72.98767782941562,11.20535987078298
70.66038961618432,9.272104545884744
71.17360609560285,10.02349890089579
72.8287167597561,8.633575227644535
73.3377963187254,7.685418190682394
71.76720326516046,7.8351331474172525
75.14518479813322,7.153650639667522
73.525406339572,8.308663921572789
74.80168180647755,7.672764332634554
73.84021304642704,8.982987481712321
72.44154719015118,8.444417125267485
74.40874457542196,8.772500023650132
72.30049826845908,7.949116252889849
71.41762433825838,8.121150168478872
72.5663535571719,10.469056209871718
71.36830802659803,10.329179634271336
74.72829649443177,10.73192943952991
76.3851366126411,9.67663211276352
77.51132969403666,9.993816833135776
79.1894898694237,10.474594396920878
77.31693033149779,11.349267626656557
80.08355515584365,11.457721784717474
81.88753631984922,11.095132238417978
82.13753502918073,10.663239269611386
84.19323875484375,11.13235931053472
85.46502137720344,12.162424435546964
86.356662616535,11.308714632971398
86.23435161994863,11.75284104386189
84.46138358976711,12.62954432701021
84.87350086744716,12.803248960603462
87.94775084081617,12.794617342421393
88.22664802728697,11.92614337503011
89.66395592354115,11.413137099776572
88.28691023432927,11.714144862761705
88.75227211263602,12.2218029855946
87.48239560248885,11.773779763507312
88.63116481230769,10.373180204108293
87.92120746641139,11.09981393955365
89.21372974012817,11.636009824265404
91.38745871531958,10.374147958202025
92.92052096869396,12.364850934518518
92.5650754839637,11.443375619975141
92.52288981606043,10.497944124363036
94.37374668686189,11.09935626249506
94.56345074663996,9.660100571333317
94.75315480641804,7.893192167936894
94.9428588661961,10.354327906817076
95.13256292597417,10.951586995589423
95.32226698575225,10.017305766620924
95.51197104553032,9.964134765375762
95.7016751053084,7.953591859136999
95.89137916508646,7.045775793014447
96.08108322486453,8.93840922012741
96.27078728464261,5.445907676536312
96.46049134442067,10.056649657195159
96.87441016011077,8.18192245401132
99.76414993496611,4.656333771293292
99.23864146050995,8.164653925372903
98.17691092237708,8.8675508010672
97.47450071444997,8.41400328996098
100.08481306088466,11.472087211371285
99.73380228615335,10.916959559057654
99.47703325401454,11.707210838727676
98.91037474082869,13.51481012193147
100.51534236108435,13.721340957529492
101.080064084828,14.645076266375742
101.64478580857164,14.564124129374271
102.20950753231529,13.45074817921788
102.77422925605893,12.397832605202058
103.33895097980258,11.813259570098609
103.90367270354623,12.473970856746188
104.46839442728988,12.0646111654442
105.03311615103352,11.352022297759747
105.59783787477717,11.55324795140323
106.16255959852082,12.665572362438269
106.72728132226446,13.92474687932415
108.5038695408829,15.241022621095158
106.66702715256358,14.33974359700194
105.49799476102741,15.33532744003676
103.61863081394249,15.307488420955123
103.08897798654172,15.154848379746653
103.50684280256442,17.63703816886826
102.35164120478656,15.506245181527
101.28250250583193,14.64594514975912
101.90495481720838,14.730320960655575
101.57095926224909,15.234944075690652
101.49436931594572,15.393912924099624
103.11910165267031,16.282478061358784
103.46895711038074,17.75126454497664
103.91474660171143,16.198279573205713
103.39109133883912,16.025972532286854
103.07532083862598,18.114295156403116
101.09135941449382,15.341895925317635
101.67245489664313,15.329039236077497
103.15260835936674,16.219941532866386
103.04005117388199,15.628205257370086
102.32549841312691,15.869320792526347
102.57635225939576,17.245755779355513
100.73468644316222,20.01015385629185
102.63895256344301,19.041353565558914
102.93889964733832,18.506790497574475
104.07633028947564,21.01177898605607
106.67822652486397,21.76241545540887
104.02072290808638,22.02452892485715
104.6368176968898,21.922394506597545
104.69819998517616,22.568420206698743
102.97619224563401,22.95327504605551
103.08370290323754,23.113172077674538
104.54550114393295,23.575582138507013
106.98541174855085,22.639303934849927
111.09286085403316,22.33748319282265
111.69285637436158,22.01337157913859
112.7790871200847,21.921837520962
115.21951732321486,21.915741590921584
114.1213701964212,22.278846101840127
115.09415187599537,19.845415941385642
116.9448481332892,20.44286348968829
116.14459241223406,21.267837180976464
117.44018712506329,19.61761207252753
119.29608433943795,19.083263311213845
117.65292407728525,19.78261686835095
116.99041879947397,19.86667688948171
114.95065293354,18.196918332462598
112.61544209535722,19.5800384131758
114.96925332708783,19.865049587813726
116.04294362605737,21.473998388479767
116.92847003765124,21.28114076037572
117.63018490214795,21.50151354496101
118.57317056530206,21.128934204328132
118.57160612513026,21.300982303587183
119.31467633086041,20.853329071622046
119.78052956473545,21.304115884041835
120.29422864530223,20.187773778701256
120.18019481715496,19.496303303266668
119.0769309661137,19.34844729472517
121.2774521070887,17.510361359019086
120.29473244710752,15.079737882247976
121.93703212365254,15.17046623191406
120.55216200599175,17.348320201784347
120.62244774479376,18.15430059374027
118.87040200706853,19.33078060868642
119.7321402161308,19.139365656548986
119.7173447750312,19.16193071029197
120.04959609177585,20.056063834665967
118.57273762216597,19.012167904885477
119.4535821332685,18.867463823961263
119.27590377931945,16.856334230726606
119.54746132465013,16.55633688910668
120.56512116865025,16.09157901900844
119.86982657713331,15.200617332651541
120.94701967282158,14.687178988056155
121.03476761588347,13.43935056988488
122.12411984808212,13.521784231653433
121.67372415151968,15.239925815303298
120.84798939748788,14.368297257505356
121.69243559681337,15.292889395302787
120.03653774363296,17.964555582735724
118.38812807728674,17.479227682840182
120.54110689393902,18.006863102137753
120.66117331369753,15.441204253913167
121.6645872504396,15.779566833367358
123.18439397988983,16.666625541345052
122.97848974113691,15.800660138917092
124.52322333392446,17.69435171680125
125.69429811088186,17.87088651412152
126.62292030314198,18.934428599733184
127.68493180504808,19.996016247538428
130.84927902398528,18.908039903051648
130.69480555915985,16.248517800850767
130.81533395757683,18.531747281294173
131.11161046402484,17.125991165283427
133.1873376470628,20.303950679174438
131.98756511001002,18.94071515308786
130.51782471626663,18.231147580825947
132.61940517422386,17.700030379245952
133.7418210849519,19.8359193447884
131.14596283963465,19.23315077503975
132.55208724643165,20.365926571461447
134.45717733204177,18.60641930068797
135.67300456644205,18.7962744681125
133.5455150931665,16.1924695839483
132.41771991928172,16.913529509222634
131.95582652054495,17.68774166822418
132.90539968611495,16.124611753308173
130.41490891295896,16.96171410136603
129.17739611258108,18.04266298062808
130.17985259821882,20.154536569496003
133.10336557519463,20.03754991332212
131.63386626040673,19.33605360932917
131.54478565810783,19.02833749478536
130.68179057354988,17.668440276360126
129.08414738644515,18.150333721334324
129.85711258204154,18.94336256870037
132.62048878748655,20.40208817467538
131.6160050915648,20.04355584104656
129.25041236638884,19.844741360278892
129.58345186504565,20.621057219614123
128.83543156306905,20.862761890405707
126.58412674384067,20.57811932931331
125.46275316931927,20.263819038012016
124.9794528556827,20.260895232527186
124.0575107754652,20.359299236881295
124.92231602687642,20.15210150923381
125.02099768248982,20.38780065780466
125.431980762109,20.484250788587545
124.94074252886398,20.393056605704718
125.04265281031935,20.016552735368855
126.14266300477342,21.17363591945985
126.26137817324012,20.979259611410683
123.93100043511159,21.288809981067725
125.54892547866034,21.0287557544171
127.61577426842659,20.924518313206
128.49340737704023,21.200666054577013
129.38359800136894,20.68527118652725
131.42285217849818,20.89840326483446
131.7253424044048,21.39469069976331
130.04511615426946,20.70441766790066
129.04883308102075,21.09644677292011
128.1367398381356,22.0042984487062
128.00262974014373,22.287600757981636
127.00881950838388,23.161186328628194
128.16527902889686,23.627917313447234
128.09670895764455,23.204895236133666
127.45269844462403,22.850601586168974
127.71192298498434,23.618325703964704
127.94665983711812,24.733482740064545
126.80044709624913,25.749035482082864
126.92099021422231,24.73046277214787
127.0415333321955,26.091704359026554
127.16207645016867,27.877537959497626
127.28261956814185,25.739500790592974
127.40316268611504,25.6605706428123
127.52370580408822,25.66521743890747
127.64424892206141,25.11260016283919
127.76479204003459,25.368084032165452
127.88533515800776,24.916597200806727
128.00587827598096,27.34135271847072
128.12642139395413,25.67375269774713
129.04027279068515,25.675360494808096
130.2451431865262,26.812624641818818
132.1454217589956,27.993112614385392
132.3237231366643,27.77197101490096
131.6649673041229,25.893581153060584
131.5509020334683,24.39407789777435
130.2354612819724,26.38203794727341
129.18579404397752,26.789538182092713
131.65968176307416,24.441187143711772
131.2216164939509,24.546584510399885
131.16247497657824,23.42990316317567
131.15799406150046,22.97212313560916
134.0771197875606,23.966520506101705
132.89158866428573,23.172452701845597
133.88088912086658,23.592863172531615
133.09534752716104,23.487989587072036
131.819522508066,21.50910246798496
133.0869548151374,22.62150275909988
134.37111018209106,22.46104459492609
137.82167170184508,22.183613254100386
137.98331386478245,22.69970623063471
136.60949848599358,23.715856837038444
136.38495304846947,23.71768479934565
137.21265716604876,23.088720284732325
137.17978086273587,23.76496725330775
138.479365843583,23.83613933517868
140.40581549160035,22.955346467395408
139.24364287655288,21.982264920808184
141.05530276885477,22.459355938247608
141.1371077461839,22.904095511096376
142.01268432892812,23.07140734431196
140.14850277159945,22.20592270354753
142.14367976033415,21.996855429307605
141.4427119666448,21.688458366241605
139.38220029392147,21.897757664272365
140.82728423467725,21.95361282834985
139.66606112051613,22.528699947390823
139.7718129633356,23.293776330534484
139.87756480615505,23.84078351525099
139.98331664897452,23.553272596710855
140.089068491794,23.17155047871624
140.19482033461347,23.995799202159066
140.3005721774329,23.722648574098777
140.40632402025238,24.337287883194282
140.51207586307186,23.360227809168695
140.61782770589133,23.511103645077537
140.72357954871077,23.814412217934926
140.82933139153025,23.739349780859705
138.92195440549366,23.7526222820442
140.53966193135693,23.752760204150643
141.21382284452898,24.485573952917754
141.07860071719682,24.380904297903182
139.1160785695344,25.914475039987966
138.9225976748129,24.50166017692499
136.06724115152693,24.05519797510486
138.51766255443926,25.13370790007577
141.24279588071144,25.285009401464144
140.8095673320271,25.241945519190317
144.2579642391727,24.631376054911946
143.8248574731534,23.80371182082691
143.9004944080029,23.43296614091259
142.42479684022751,23.37794541084872
144.43111325324153,22.05073483926177
144.7982095539161,20.669217554263383
143.16166965670925,21.15604397134591
143.05438909066473,20.17611970717923
141.29767658715392,21.732734196252192
142.13633725429145,21.861942616931938
143.27229369993546,22.21367667335067
142.05303833415562,21.570102769433632
142.70467388778388,22.00102780971375
141.6230907646917,22.023633025768287
141.4032981819159,19.35497564700148
141.0297689692587,18.60418233270853
141.979398034153,18.989341779721315
145.22342641363036,18.120258095117826
142.86456661871486,19.376737403674536
141.1405706634674,18.680233229833267
143.16094863817142,21.574154079522373
143.11077560422493,20.48773721643655
144.71300148597703,20.646774990921294
146.93486908679105,20.473790990399976
147.5844471868433,20.34715838667868
149.41975735303507,19.33761781526216
151.22728802701513,19.252894076345147
149.29832162327074,19.012519092555763
150.62352469412045,17.99895303202263
150.56940557496463,17.652021351640006
150.00107925682985,16.421261522938952
149.93672234837803,15.805579604896462
149.95145979788705,16.65742973868091
149.78647870103694,18.04919172876684
150.70422053899094,17.98187796554863
149.8298369250528,16.991707095194975
151.75281447780333,15.926646534221533
152.29870912828844,16.399845173301422
151.80549499306204,15.828005747920086
150.8205354925054,15.279738666343192
152.1734087354487,14.840928525426527
150.59281539751095,14.492601315487134
151.5171610954242,13.845511727901266
150.26366715847215,14.445213691004835
151.5033785231335,14.831167480254814
150.54108043864375,15.049462531718829
151.46265251489135,15.122669049974064
150.38934324109965,15.758018374141766
150.7755587731273,16.1138052585671
150.66793911614172,16.56738135708055
150.85465660058745,18.152488194384325
150.53615951522244,17.797865688599142
152.646652452992,18.76437438704469
153.0073118400227,17.469854599691416
152.42882118497548,17.763341157262232
150.59184092914728,19.03327161491959
150.39846224935621,18.63525555949666
150.46282755141752,16.413393804200275
149.17590235957874,15.065133636054838
146.76907785566033,13.621862283065358
147.68155131288168,12.36321664295838
146.473617383588,13.398719882233943
145.22538569131225,12.740639545645054
146.394375739512,11.8364622022019
144.39889792963646,10.917473247437105
144.54390053284664,11.484999577346073
146.22315076914936,11.293237650814447
148.64935647766893,10.965340104141264
146.60396757027382,11.778072856831846
148.0306524994301,12.304529846353157
147.0015483986739,11.491861943419753
146.92407523890307,11.338700026247471
146.41758248014796,12.806431189125343
146.95473813010935,14.018213036523795
145.03347181398655,12.786964309772575
146.16580781922144,11.562759561899703
145.05591527801812,11.990477083264144
145.91475161615668,13.271192006542272
144.91706290128172,13.53499777318953
142.22356117266494,14.152945318879453
144.35638508152695,14.647639600048294
144.01779381584535,14.52826590203105
142.95098664792857,14.832237185922763
142.23204679521146,14.215603278635573
141.94498955876477,13.744890271266827
141.4319787008527,13.04157128224508
141.7724893182956,14.844879027477953
143.32705368830128,14.226840363613544
144.39391680457751,15.385269600813512
142.50294381970906,15.337874632776767
142.99253650301404,15.425558467170601
142.24684911775532,14.938682295301739
141.0026850791693,15.766239655559156
140.13308645208258,16.078620092247213
141.18624210204578,15.424038619541145
139.69802257540152,15.223671378590966
139.07563279801278,15.141318550779788
139.04824295600167,15.037996063095463
140.6784216191005,15.829578356151702
140.3871996927714,15.225105171029861
139.21569779773498,15.034961421066384
139.51599401640829,14.06112936227497
140.67967893006406,14.34240599286334
142.78011948049726,14.444166684306495
142.10917381430733,14.12980216582753
141.43822814811736,13.430094151625756
140.76728248192742,11.5583842060249
140.0963368157375,12.624570500710007
139.42539114954752,13.46636831747403
138.75444548335759,11.720086370792224
138.08349981716762,12.31928355951666
137.41255415097768,10.935907228760996
136.74160848478775,8.839648274231763
136.07066281859778,6.520261140171792
135.39971715240785,6.793630614792984
133.37845386191972,3.310397574306455
131.69459110913454,6.409374664132062
130.71718043235336,4.368299727686515
131.29504866088246,7.525971478669777
132.0414820699077,7.376393437189923
131.82016443437112,8.299112434538022
131.5857401636206,9.786042358815678
132.26705505533565,9.608363951281794
131.21210420262605,9.86282268757007
130.3731393777627,10.819463542236836
129.6226239581009,10.698315151102344
130.16957282446776,12.084220685606459
131.2828680234591,14.282822965355592
129.66361062058064,15.187187476261013
129.31385804484248,15.594317864126705
128.7614769590124,16.944877672790735
128.87474475713714,17.026639858542378
129.69227680483067,19.22472658149082
130.0364745138145,20.28025408944644
131.4332206010826,19.929380028187563
133.0371664180041,20.055719470645446
133.03574143903444,21.632094418350835
133.42403163223008,20.936768445113557
132.1716555696774,21.687219680271298
130.34243843763107,22.234639589935224
131.29199724474913,21.18741743829366
130.11986954838773,22.10713286285125
130.74428214058227,21.521642299999108
129.34341383599883,22.274461561860008
128.21103662111082,22.63934998734394
125.80106721321653,23.032354680926545
125.70560046068844,24.08855243922785
127.86325962233194,23.29069911393042
126.10666504854848,23.459605040844703
127.3739466142588,23.261573738057024
128.12563654374821,23.67499867088618
125.50553883332157,22.73239356985236
124.36236117404749,22.345614113547438
124.1502492208289,21.901305952112878
123.39107812350875,22.4728961115663
120.73501574712583,22.158088791744618
118.9649806570281,22.27547452952456
120.04376808647712,22.70658711610597
116.77960078229243,22.039250023669023
116.72334532600365,21.550099784773586
117.3035718099918,21.592210543685017
116.69177598367403,21.204161523738247
117.03118205916847,20.998087599401863
117.80404617306384,21.67309173513946
117.8807861748693,21.617577066752993
119.28256459973552,22.343728215306502
118.79616344419345,22.22411346896215
117.28163481431967,22.004604924572174
116.12230467373611,23.17949731481668
113.70418055177764,23.434745692374005
112.97994803613885,24.622506667856904
114.26404290099,26.426743427610223
115.00456467783707,26.367154025035298
113.82084694530951,29.40626780499149
113.45824936871273,28.42044455867369
112.65270280241127,28.757079819266032
113.12491555772137,29.439540070398625
113.24447940959045,25.939839003984932
114.09631994985092,27.392626302366057
114.15244042984982,27.25386469999779
113.0327577995979,26.078887821886074
112.5562035221891,27.62077102342649
111.6669257450539,27.90691919934139
111.3414719034451,27.675160452846598
110.98870687195212,26.477767562996423
112.09783709552916,26.93422731686762
110.8426653979661,26.76708363833996
113.93315676937749,26.73298633326148
113.74319995133682,25.904302710725208
114.68083741740219,26.480285231012754
114.3782412274048,26.578857602205115
111.46204168880818,24.547107692013302
114.92444522521699,23.5556843252697
116.49262933073601,23.50106603983825
116.19133136045541,23.840374329180587
117.15105103389381,23.779067922191228
118.7911677793871,23.30305186249416
119.97676944093479,24.55553406251592
121.6504993802828,24.444643591297943
120.02876169319727,25.516650735536462
118.59025711502649,27.60857699683767
119.0338075298792,29.61094220097881
121.24130089915813,30.243760900443927
121.85075402416072,31.882962929509386
121.76808650536435,31.420172888324604
119.78906285651394,31.585121343537683
119.99617492346277,33.18522693525326
120.30384462130495,34.11986517121638
120.809317470978,35.16520814276858
121.15265716241949,35.64177993165455
121.29399170905451,36.57302222670666
119.73662705796224,36.67849017392692
119.46166352499759,35.8784309320625
119.18669999203293,34.33476729420781
118.91173645906828,34.76621834918302
118.63677292610363,34.863938323557335
118.36180939313898,34.70235318525343
118.08684586017432,35.84506635211765
117.81188232720967,35.279373305596
117.53691879424503,35.3027637993687
117.26195526128038,36.17204827164616
116.98699172831572,36.02642991786845
116.71202819535107,34.37827459915228
118.92732179584587,36.53943794983271
118.6977146287029,37.37510899673358
117.8609747817097,38.6716577325818
118.26912204032419,39.311896434435276
117.28756161484473,41.224708848353416
117.6492527303991,42.257532121563166
118.87738823607471,42.78628951997713
116.240312529305,41.644693562447394
115.43393880962604,41.49206996400393
119.81526533779906,40.66820318233477
119.05405401932208,39.625154053865295
120.15198688284293,39.57304755354189
119.32848016148358,40.28152528828674
118.5067404106207,40.34131042677128
118.04516390598086,42.21649590814892
118.20824256036032,41.34728648262358
117.75823182232378,39.643940327510336
117.49241327028676,40.613761443283835
117.35021520973777,41.575551179014234
115.84724792373945,39.669303224878234
113.85166677494811,39.177940287918666
111.93419936316019,40.36027486499354
112.89689083538416,38.69923907455016
114.4836017589777,40.510516782333745
115.2596983081531,41.14196052025936
116.29542859674662,42.067890141946805
116.93647265876585,41.637496469343496
115.58055115935291,41.19706235743229
113.96529637105009,38.63304399372467
111.16713428718062,37.56382933625771
113.18547279508357,36.855711581455616
112.00235958942383,35.76916506046437
112.4219507045418,36.11992521017982
113.7049090228846,37.25145011243892
111.89817580974368,37.835400691335344
109.98461177862828,38.72611155943588
109.04877951965045,40.32954171884772
107.64803038363813,42.15091053930465
109.68251462594979,42.45015868488391
111.31304643257131,41.316632602226136
109.65744282135337,41.20716368429108
107.56926120047538,40.99458588412256
106.76765856122684,41.68616901897442
104.68930514064115,43.55000112686793
104.81710616127951,44.300403463077004
104.82496516944185,42.801593139191986
105.60705976958029,41.966411607616266
106.05468052159178,43.71672069927823
106.50570221547369,44.34980925398489
107.70840632223461,43.97214946059611
109.44088198967141,43.90368608477346
109.50187392957874,45.0670621093995
109.55095502191972,44.79746384707318
109.01753113104964,44.507821680850675
108.71756401171841,44.20051494887499
109.94447332601473,43.2528713639699
107.12999618656927,42.471729547792954
107.04063465298587,42.87232254700199
107.48127831726592,42.734250868226276
106.99833612970932,43.84713382825323
106.1780768907569,44.54533217778246
107.14589878637257,43.483280558736304
104.56650071102904,43.03119665101984
102.93068670721851,43.43473014868075
102.3219580484231,43.13167330400459
100.6114908452996,42.236175544839725
101.33881629530273,43.63244221954273
101.77509743064851,44.39734775448995
102.86340098066307,44.42721933594068
101.85796173157927,44.31915245320603
99.07228227574502,44.36640830879138
98.64187970890971,41.87269401201145
96.90035362804917,42.91094622168957
97.0452507553875,42.94084254610427
98.43582578467652,42.73977248181068
96.3478574104839,42.35714548041224
96.19477078878417,42.289516155605526
97.76932646536095,43.09053468935147
97.52380673506435,44.05282575619884
97.56806692463249,44.39420887055696
99.05840951859682,44.19916225032369
102.20452863485085,42.37787102531529
104.11336214010286,42.75442038941722
105.75897751224772,42.51923909933446
106.70321481735336,43.728591461084804
108.21376506595276,43.95401709377668
107.89483750653378,44.97303965552645
109.82465019273035,45.318530645745774
110.11541767376515,46.29030369135217
110.40618515479994,47.030327728739415
110.69695263583475,46.67215345138638
110.98772011686955,47.078041436827014
111.27848759790436,47.00315940580598
111.56925507893915,46.43634217097109
111.86002255997396,46.69174517592254
112.15079004100876,46.456112688837486
112.44155752204357,46.846388346723245
112.73232500307836,46.48926021198487
113.02309248411316,46.501284159488264
118.19844031577544,45.51365172633536
119.12375610194954,44.763356575418484
120.12730534993727,43.08950646534203
121.0613372103535,44.47182028836207
122.1597698998003,44.84319616422822
120.56559986584529,43.4172577067081
118.73873363232,43.42133567289318
119.47679956180517,42.009368308955715
117.32053970056164,40.75399780042206
117.35828268317452,41.61678937851602
115.78079294850154,41.409582673069906
115.3177493771928,40.13680724122792
113.68009455544393,42.49246719260724
113.9302312780539,43.78107852400259
116.1851997913037,43.20548767133498
117.42078106474308,44.79677505020593
117.46944972564012,44.94891751737889
117.51811838653715,45.15485220750965
117.56678704743419,45.104161894424834
117.61545570833123,43.98030902877095
117.66412436922826,41.45730182964701
117.7127930301253,41.50954693016937
117.76146169102233,41.640567210792646
117.81013035191937,43.15563295610302
117.8587990128164,42.480160744639086
117.90746767371344,43.80429149443185
117.95613633461048,43.99070718178687
118.73732938819889,43.1418184817464
119.01244043070169,44.13498720019383
120.05771940396413,45.466911197910996
119.89253623949229,45.61361969433739
120.57084716201584,45.4701594615399
122.6318676676729,45.46564234398929
120.8696229244008,45.626015500067446
120.5929621745466,46.05628196995477
121.33030246282293,47.054810543865756
122.97087044548323,46.30587928112987
123.97540999472022,46.3800534286226
123.4121520115311,46.281939359268165
124.06182442514286,46.4257279373205
121.48218060590051,45.33111630133087
123.39976213882751,46.66448408765483
122.51582883520003,46.006818741536875
125.07423050968458,47.02787276720306
127.04046261815793,47.67089780622186
127.05655031233941,48.091186287083076
126.46456260398709,48.93935807456227
125.78350708768828,48.17435653244129
125.518512777515,48.56424205607167
126.61949865330509,48.46194062563027
125.8900128520689,48.41729264646661
124.75196846455424,49.34238411005724
127.3605494402152,48.93454505974914
126.46547688622904,50.346796253397976
125.18233378725718,50.1133983812404
121.77497762271096,50.09413046117173
123.51558954895445,50.07392954096078
123.36496373764723,49.69173388091182
124.32275665943683,49.98621205566545
125.93408824855508,49.65909291962261
127.51813199785143,48.79536784925151
126.64055111890762,48.6256407666299
126.9623578005981,49.5045524583478
126.81658832110516,48.66004537206304
127.57454309142985,51.06381956803364
129.540024871407,51.59701505816892
130.42219947718488,52.04745168817306
129.68544946386655,52.444334204242885
129.8967074358238,52.04587414950832
128.54573015361578,51.757777255195315
127.05499415161954,50.45097243748398
126.79173479043173,50.158704499428374
127.2720649519453,49.92662551326084
127.55307760222487,49.76240965771743
128.8573337630573,49.30336422048253
130.15513162259415,51.0926289172363
129.17655195492094,50.72441824616518
131.38412288903297,51.46482313200319
130.04307546391303,50.315694370084245
129.77384437171722,50.99740472056535
131.19005140518857,51.343328979458306
132.13811680274497,51.71260565815481
132.4594306570706,50.35148193358898
129.24447177050993,52.23716068906776
127.54623451649985,52.34205259931211
127.20103919999858,53.232441021881506
127.02358938376925,53.59158533162303
127.44910182777649,54.66149480719084
128.27606210294869,54.40128817733502
129.68079328334213,53.58293357236019
128.8152624325876,54.35146091395056
130.97393761663216,54.674029459693074
133.48874949019267,56.41241095679918
133.33738801499157,56.922712489973364
131.78181467611134,56.85873000187009
130.69542734532666,57.74312900173002
133.04580607595386,58.5522965059043
130.66904607252286,59.736142988624245
131.6528059844864,58.90410559610574
130.06372758207777,58.506196029275735
131.7610451897688,59.14787157771967
133.89636759444005,59.152967535925285
133.61425632446782,59.33295603190951
135.62183337538602,58.368904836628836
135.75186002584118,57.56382420266629
137.08242228234283,56.752543466726294
136.194548485154,57.56309395529632
135.64796051618765,57.260872260854775
136.27673840679375,57.41998484343206
135.32304692874771,58.6218301556886
138.42140369607543,59.86632608785907
137.22172318417205,59.65662155574523
136.67825348283642,59.393679108615316
136.02021214129257,59.5212876317432
135.44936460134383,59.20867420353249
135.25177298302074,61.30916290270482
135.10777582989957,60.19326901655615
137.49856115984286,61.38434573445785
136.60261296618978,60.93221671135347
136.32971046445223,62.100948288588974
137.06615639321043,63.39640027990379
138.46721309610646,63.567246816744486
136.10584055502363,65.92750618562266
135.31259357239006,65.42570629797642
135.568864356955,66.24566912301076
136.15415285821138,66.13857685654874
134.54319867550274,66.09199006033566
134.73000464981783,66.00775506317926
136.12688704423869,65.73542939084595
137.05468812025626,65.6947929366442
138.67501425613847,65.72243768535296
138.19718045845738,66.02760824999281
138.57971517863578,65.79583795376506
137.36772080818383,67.08989868609616
136.68853894300736,69.35337806521198
138.49297329920634,69.82822309569531
139.07844908859997,70.36870394905098
139.64393137539608,69.37585955337478
139.4411156936196,69.40341340633103
139.98834680821673,69.11975812280771
141.00493530266655,70.15636261062997
142.8624030516536,71.17360609560285
145.1030673957629,71.48908966147631
144.81374363378362,71.8189654029224
143.84601106211565,72.09620613947584
141.98255268605897,71.64700614655489
141.68374270255472,72.37765592758868
142.69658393320475,72.32538649958438
140.81406135270228,71.68679841920157
141.86569259427372,71.84338514646043
140.56688226349837,71.03264000400755
138.51098070953037,70.41219062032053
139.4289378859086,70.20354803246646
137.9844311738707,70.46228025384805
138.12887676612047,70.75777520367697
138.92887382055497,70.94732248223377
141.99844014469446,71.93703386195949
139.5315574802223,72.73378702478259
141.99722253093213,72.51741439768516
140.925515187468,72.28511617726419
140.17474649469767,72.2333949946386
138.0602807136748,72.37853572424766
137.77261565557382,71.49292793201388
137.65096974118023,71.49217066782386
138.99547194630412,71.69264986120766
137.91972662297195,71.26816997009846
138.50384857901494,70.66038961618432
137.50345441928673,71.06823885823523
139.0249868299165,72.1272179893862
137.36027876065148,71.71510823005529
136.26658324288877,71.24645716092314
135.5738456894174,70.70852881028398
135.70343092364595,70.75281606376336
134.88143750851253,70.14345623685
134.85072808479893,70.20620006570458
134.82001866108533,68.94528429334694
134.7893092373717,70.54848303785957
134.7585998136581,67.04906259898401
134.7278903899445,66.70803975319699
134.6971809662309,66.09511670916109
134.6664715425173,68.57752227954148
134.63576211880368,67.20353271815539
134.60505269509005,70.065001781845
134.57434327137645,69.67130390984275
134.54363384766285,69.02637425101702
136.26114891557094,70.63728734397912
135.35852666570008,69.65301958321194
134.86519668259098,69.25778033869078
134.62906905982572,69.18703503801923
133.49436406451687,69.55184378111696
131.6403496187009,70.37732162077171
131.94676621364658,70.71537752789582
132.38567458015334,70.80961063352777
134.93597926074537,70.81552020698379
135.52197318103447,71.86331974855933
136.10031909964448,72.25756110074438
135.10306926207076,72.41829705885246
133.52503260836772,72.0248320835269
135.17245712511942,72.30049826845908
135.22056331120362,71.83187641202205
135.32022559816912,71.85590666665058
137.26992286083862,71.91422238877806
135.84826320599583,72.1696563585062
135.70449800545737,72.18846445354525
135.13381425299485,71.38249232104798
133.16144176389577,71.79103145798582
132.45919015169494,71.62184841782387
132.45283450984695,70.0355235205484
131.1606549990312,70.53803454042429
132.25461758852927,70.79571466691053
132.15604223810945,70.43988243957216
132.05746688768966,68.60056266949022
131.95889153726984,66.9077599252355
131.86031618685004,69.4124969354609
131.76174083643022,68.44798519003574
131.66316548601043,68.44846491438422
131.5645901355906,70.21031753597757
131.4660147851708,69.18510878168507
131.367439434751,66.30407707374279
131.2688640843312,66.04914155992024
131.17028873391138,65.62863150098337
133.53503576567496,65.29050977328033
133.49102013255524,64.66728069280757
133.25072560097263,64.90898486202464
135.35493699266615,65.22329802099162
135.21119698582376,64.18143129804155
134.176313264928,63.84054225075335
131.66146346455338,63.536300695561785
132.36929855629242,63.02087736376209
131.23218138543777,62.07362343883474
133.43815555730885,63.14119437207344
134.5242289939007,62.056755613183846
133.5264712462258,61.32984414728771
133.9181965201711,61.710435225120065
132.99272866459475,61.5859288873978
134.451608614189,61.4137002679655
133.73848871325058,61.114419199504034
134.51973216970669,60.82126663227445
138.003921321115,59.595317185929524
136.42829455126008,60.965974746901956
137.02756653686046,60.77582082618367
137.86373457886032,59.503836195729896
137.43436018313213,59.92686975100487
136.33942216004712,58.79822367403295
137.1404182623271,60.35180496297012
138.76998227848455,59.93400784885189
138.82888227340447,61.178448800625844
139.19528970950768,61.72079219006669
138.96833213206517,62.401364857207064
141.10116130336598,61.89005050997339
140.11076723753152,62.40164904565291
140.02321327765813,60.82800156971581
139.58263825019083,60.7353384531384
138.72404001569643,61.17757878258664
137.9001830204018,61.406219360168684
138.40490916724463,61.43157474348026
141.22759051036329,61.80750793985385
142.70466054162713,62.096726207584986
143.83336686487092,61.75741552334817
143.95421267158594,63.248858502230235
143.09479804721894,62.14017988737986
142.57104618700615,62.46530102397145
142.06682543337104,63.052662029873495
138.1232140542515,63.583217186344264
139.97874876808575,63.318152725410926
141.16300815097475,64.37542731103171
142.79045338072123,64.28194290354608
142.5883890824838,64.29640557190459
142.06422565627454,64.91117476889774
142.5804570100805,65.4532671830446
140.0176144907193,65.77675459965049
140.5216895998452,64.55753049085673
140.10406637969677,64.37240327669012
135.13044974248263,63.52023030292965
136.25413295718494,62.6705793205985
137.87472827081186,62.712676613528906
139.42393047529902,62.447744253263885
138.73551068160924,62.41421835058944
137.44439883735333,62.44183512380879
140.74967484411474,60.79977056940781
141.59659622495047,60.66678853277383
143.06835026381881,60.43553564078705
140.95396188483156,59.45000702230517
141.89326551889596,60.17606529628806
141.6590371859173,61.2741768446384
142.06928561927245,60.798556313876425
143.02839372910955,59.626990112407704
140.12574091850973,60.17379286403994
141.41382242291832,60.98917457081839
142.73811400756753,60.541880159230715
140.92017634611895,60.5463519410883
141.46380703424808,60.122174490600635
139.31027916801372,60.86257339117326
138.66655468506588,61.275978246498575
137.08786617867062,62.4916503633577
139.98668433128572,62.782492085310494
136.95603681285215,63.04392827581572
135.81133578717518,62.50381959272442
135.203740067102,61.89715436635003
135.48562029573444,62.41015898194104
136.07462761810075,61.02647214115152
136.71827433013146,61.115174099839564
136.73608455662458,62.19079723590513
134.59025101314597,62.97749959792401
133.78929672653862,63.03427097602382
132.38753102775866,63.22308315481855
131.75704888281786,63.27351546008961
133.97495575127374,64.02432636143014
133.233797654315,63.963591668206085
134.02859855464968,64.6129765306605
131.7643941763654,65.35677564453191
131.58975067617015,65.22750252773008
133.0163872367867,64.2625962546302
133.45463698533086,65.43772542285322
134.2126492485615,65.86019784939903
130.65061137753437,66.00180937161028
130.14447456545795,66.35064617278715
130.97493007521584,66.65232772376326
128.9096326966792,65.760368227948
129.65110430996745,66.63854045356503
131.44346897401846,65.99836267275664
130.77492880748102,66.38146644742172
131.32774264965042,65.66536828672082
132.0388203611113,65.26781755051412
133.71158769937657,64.8783771876345
131.92809116572948,66.108269695289
130.23917362010872,66.56658609728865
130.5124576927407,67.27997848445153
131.29063273403068,68.5550622841188
133.00709067929182,69.46668156140838
130.6810243138056,68.55244755576108
130.52006694273894,69.41768312481885
130.09787270986845,70.57267054309527
130.99693411698956,70.20352739462892
130.97796219999995,71.70802999391456
132.25604312604708,71.34823432244649
131.76124881618134,71.30274453568627
132.51470393781565,70.52750049777542
132.13087223311203,70.233553063013
133.12466425670297,69.1756366143358
134.00142247140238,69.38962001423032
134.50716980735388,69.28613277667343
133.79863475599709,70.08168985874738
133.57202044855657,70.18854944860271
133.08800410455365,70.19063809539401
133.04818847680582,70.2902930006368
132.59174857492482,69.48971643697553
132.24123938529164,68.8361028392844
130.94765094780158,69.0245773906948
129.64115900534884,67.64367788203039
130.27543524331082,69.3477777795348
130.09688336235465,69.15806605579554
128.44755624951694,66.33638666329813
129.4584291110383,68.18495383343117
130.2571592288169,67.7711817568737
130.97845639200617,66.41970200415892
130.1692910497602,66.35698040387312
128.4356190801906,66.01949742317078
128.53523066257688,66.33181655602239
125.42130046164812,66.77478225588638
124.8107651096811,67.39981743788736
124.90385468249322,68.69309124012462
123.01790728518179,69.28707620809287
123.54796457991098,68.3865575988625
125.31963023634634,67.02463998088295
124.73150454184098,66.30974698442886
124.4917277729925,67.1122356130235
123.86978509253743,68.45684701683112
122.45713610413188,67.67627151702648
120.41994708956115,67.49813392193599
117.12555752294864,67.98866961037601
115.4118299117936,67.05062920759255
115.1304725930784,69.17861343428623
114.34462323570841,69.58059527653643
112.91177846254256,70.08494714050563
113.52616995656122,70.18123490641958
108.89566760562248,71.08770857055174
109.84532315992398,71.24142909635195
110.84766377378112,71.2632929882787
108.69335975949777,71.10534510747092
108.834075561863,70.90290534816319
110.62720170009524,70.8552880292179
109.85829888206482,69.74236125690837
108.96407661651621,71.01881619377566
110.05234624498907,70.01720474415917
109.91242486948244,70.39585694810366
113.09445212082206,70.3893717154261
111.77443967395479,70.73683890937387
111.91114334209286,70.52359728583897
110.90132469456762,71.01427150571708
108.65180370228975,69.33074198084599
108.37336768670662,69.42382622618659
107.6749822415725,69.76658533357481
107.08758872711526,67.2585723954268
106.15383607282251,67.67100950841707
103.67192991911716,67.12346611214682
101.15288269023438,67.09994597703486
102.96198798443383,67.08802345987735
102.55378744924913,67.8543108044734
103.25002011038724,67.39981694121055
100.1184445486467,67.98963240749177
101.72752425122725,69.49037231106564
101.2420882439455,69.32496014712294
101.0301360436715,66.29388210509609
101.21354985433722,66.48441213911273
102.11671692772416,67.57231373854759
103.9231968508642,66.73840508788625
103.667445618247,65.21392797065171
104.33761367443333,65.79675213372963
104.5589172056721,66.02896114335307
103.28654873798737,66.98502144053133
101.04144191545565,65.77485761123138
101.13702832046071,65.64627597914267
101.57538073773884,67.03043255850078
100.79923587014356,66.329970015206
102.1138191985658,67.75229268710312
105.39963442565657,66.49023444113811
104.63760645684184,66.90653796887014
105.7827564212237,68.38123805648632
104.18386824466114,67.85666216741119
104.96131811951213,69.50565866232616
108.6440912837807,70.57420169104421
108.96155136428199,70.21501464444145
106.38216833891407,70.721124594465
108.28437015437036,71.7545187877379
107.81325916834962,72.11863123088743
107.46561181245086,72.17404036881574
106.38036125861014,71.07778252667288
106.60120417326199,70.75760640171545
104.49914196340677,71.71857073015057
103.08647436758676,71.97721640938873
103.92547204655085,72.22868042101112
104.90448076093469,72.24023291037388
102.96966232597501,72.41275533939786
101.93476922053053,72.50666272289375
102.16476721199975,73.47264361780405
103.81979739013,73.80468125054047
104.74476315871242,73.73625679245333
103.77559224404835,73.17052433423692
103.6906888737187,73.08999199698698
103.85646936546604,73.8021001921932
104.47650591718673,74.5605356853235
101.42864103464015,73.19374194375055
99.89324969278893,74.4963231824634
100.12429102842343,73.65023753874961
100.35533236405792,72.75065512631642
100.58637369969242,72.24924717141211
100.81741503532692,73.67845430433383
101.04845637096142,73.97430372029035
101.2794977065959,72.75735692793076
101.5105390422304,73.23048934464379
101.7415803778649,75.08827595080149
101.97262171349941,74.30904195953984
102.2036630491339,74.85951975763206
102.4347043847684,74.23121066142969
101.93093618254565,74.80168180647755
102.12105396073319,75.15256276291564
102.14994630901134,73.83000662862827
103.47011430710647,73.45102607262966
102.34419312644737,73.40397152293828
103.81960612405932,73.35125785385084
105.45572849201548,73.29448086005169
105.84523532293832,73.78180944976091
105.42842833634045,74.72829649443177
104.61388705701023,74.47186419777631
105.21238195646106,74.2645900126299
106.7573251874257,75.80074399552943
107.04133198484787,76.04931069004479
108.12752876912361,77.05195559344801
107.02837304717379,77.34554261832088
108.25440437647934,77.55172094924977
110.86430193362366,76.8850075514842
108.94667373783071,77.32877665373391
108.93113953482383,76.62628110504048
110.11451205990588,76.12441139215368
109.48270011504864,75.93181395685964
110.20430627283554,76.1755351424287
112.55254499710315,77.40201629689746
108.19520923331427,76.79050763012667
106.21045844189064,77.31112378991175
107.76715734609763,76.30842708974318
107.52898283870297,76.83961035258092
106.62214576978216,76.92687668008736
105.22639609257587,77.4511340551201
107.03273922619009,77.31149090875793
109.92548507685107,75.70919866933775
107.35530804365938,76.52621150893566
109.16815241822862,74.55642155198638
110.00507334652247,74.73884027260178
110.81383433105734,73.80315781230965
108.58112242371668,73.76592411873338
109.30541525570732,73.63378961246681
111.14685315172903,73.43759381103392
110.57455265799744,72.6124909270377
109.02751011909463,72.68664743501081
109.09539412611556,71.83111783590226
107.90659589364182,72.02019872035831
110.29346814989339,71.4530917490064
109.14222892766783,70.89600395136303
109.87246610559043,70.91273221331974
109.84319415150138,70.5051638680068
109.18814303364842,70.37579742851993
109.26372692099459,70.63193730159153
105.78754634276004,70.70359960248919
104.75624747569815,69.85273663668997
105.11237003898552,69.70755169465582
106.79411867048336,70.60790820169218
109.5270319841389,71.21900565271224
110.69660823087804,69.68706868985434
109.8083437978555,68.46659858297973
109.49939947942973,69.93064692531081
108.8074610812931,70.97666796513693
108.54040259450434,71.50293694781416
108.65166467396898,71.3512608789876
107.5433450272562,70.80784859092469
108.31033270781644,70.1965224861162
108.82229334540426,69.56641175106519
111.30341671889052,68.18537561540221
111.6967540536243,67.74543414733938
108.14221637370959,69.74936681597634
105.51679290157438,69.41575477345197
105.68878236658043,69.68272618361539
106.69523261971649,68.89840952645513
109.02839852085866,69.55639510253602
109.23095190263183,69.86532175082336
107.93090276884693,67.86211040664003
107.54907641573224,68.84055880963938
111.20357772701024,67.9673596681353
108.61596978811079,68.45767915520203
108.87190194938223,68.44185322583745
108.18450417745305,69.80383228084149
109.17875104479572,70.31431317852294
111.26933446137663,70.75206630887699
109.19752363654133,71.11708645584508
110.1092273499226,71.2691860831148
108.3544533893768,71.4097430382121
109.7021918754516,72.44154719015118
112.82409292687007,71.24708932205381
113.51122018811193,71.13038727779973
113.00649812395767,70.85860955397581
114.13680773477319,69.75269095672157
112.77347713871238,67.46624491613147
113.40159770044382,66.86171326420879
113.28069743532025,66.10208643826341
112.02990311513263,68.86410642815837
112.6371875206928,70.832157155948
114.3807493307091,71.40856192590189
114.76130411511045,72.37557147426642
114.81744392457999,71.93873804193944
116.5044926193756,71.97946070062359
114.98204118182845,70.85389604171998
117.08175317839786,70.46600673508802
118.2800671308611,71.08450645937191
118.72651680075965,69.75107194377132
119.06560789824952,69.62923355058403
118.17827791310481,70.19166149282789
116.93572309052485,70.03753734094977
115.23172876940798,69.43604352536641
116.11151016740396,69.43744464116281
117.61262950032895,69.29385574655261
118.50328657945865,69.92308067321778
119.81029452317833,69.24029488997566
117.5068086878398,69.54905941243979
119.92335574404822,70.1075416622695
117.9473742346766,69.51151493276788
118.92142188385651,70.5094749869174
120.11230098780625,70.1278273071957
120.26835227840213,68.1648920890989
120.86784212368336,66.87857646474907
123.01905279463476,67.6751313815302
121.56412033225138,67.06757617880149
120.1542788939232,67.09589339045493
119.50793572048242,69.47814717086358
119.7482769621484,68.9455462295646
118.07345530089296,69.15350275584909
119.58429392951543,69.74110313584322
118.70466171889751,68.5554536336784
121.06890333330617,69.21375778028832
120.12196821891251,68.66088664102111
121.89293293225722,68.84559563186167
121.19775357539537,68.37788791472259
122.17828107909472,66.34217131377449
123.44197874486663,66.79577789416271
123.1571299954659,67.46384031738341
123.91465355129328,68.42870456960479
123.33711217741866,69.15105206779783
122.75171001379383,69.91543635468173
123.71089257603944,70.76786834029612
124.60679720904764,70.70752130401664
124.73784055829546,70.49019103817392
127.2532037581806,68.60439965315771
127.54962976115362,68.05435852114346
127.95458477094304,69.01172158698294
126.8761902577368,69.78614217750467
127.01018041461282,68.47846074439784
127.55050444823375,69.58523011544531
128.43261091327878,69.17184584768516
127.72305108662582,69.5449606077392
128.33491323783633,70.2598172797422
127.649878789104,70.63476114069448
126.3393346058476,70.44943004592268
125.42742057222681,69.62978644156136
123.44670855136711,69.49423528792627
124.39698107668121,69.58500939527347
124.96154442357013,69.35270715623464
124.24611710198307,69.26841197571302
122.12834127659023,67.20027326097822
122.41552666343125,66.99235479338512
121.51510433460929,66.59659884914029
120.61468200578733,66.45936874566858
119.71425967696537,66.5994339378715
118.81383734814341,67.32501725371871
117.91341501932146,67.64696463734782
117.0129926904995,67.34735670688222
116.11257036167754,65.998556029951
115.21214803285558,66.04139016449155
114.31172570403362,66.02082878207416
113.41130337521166,65.75079738319657
112.5108810463897,65.33890839469167
112.47171506857175,64.9440153486972
112.96542221890068,64.86187638877475
114.05135326023027,64.61898661926377
113.80223114789612,64.74659934189442
114.64045493989482,64.98643769060422
113.39429217200131,64.72629275921405
113.83733174671686,64.55341399041524
114.54044712622672,65.0858399193155
111.24825384995324,65.43414681359994
110.24293523282397,65.18900724077912
110.5749808935738,64.62639200325776
110.30919928879585,63.384862006245875
110.16033583038107,63.2820882033431
109.65135352148783,63.03860227547215
111.47902651368058,62.53957021859629
112.16519879679977,62.83030509305098
110.47305683389351,60.76251639166771
111.01274547312623,59.09004534236243
109.33804393447903,59.597577317640734
109.13530776369885,59.28551570103607
107.14997340669446,59.60315181382225
106.01907110039504,60.546381129623555
105.87658438571091,59.03944567618235
106.05512640208111,58.37766123043757
108.47002029931298,58.189174050408546
109.11410957430287,59.05822385402185
111.33790775053791,58.13604240846558
110.21792783913409,57.20553565892162
109.50903858054382,56.34378259134911
108.45320712116924,56.76721307150568
109.78949914770784,57.440227016645466
108.91816835863588,57.823731852351465
109.13121084794922,56.98834728502919
108.30493382951654,57.22959614333187
106.6713493036845,55.358474473650695
105.86076184537033,55.92706715306779
103.70438556661811,55.8149824288511
103.90588511365345,56.24357001857914
103.11755769835398,56.732321840967806
103.00530284465778,56.242293034650665
102.89304799096158,55.427922193349325
102.78079313726536,55.825468959544736
102.66853828356916,54.6368044591541
102.55628342987296,53.90111963453603
102.44402857617676,52.96979220126372
102.33177372248056,53.2264878302763
102.21951886878436,55.41006890725109
102.10726401508815,54.00407071938278
101.99500916139195,54.95815651167654
101.88275430769575,55.17766071273834
102.16065499294179,54.22439666417821
102.04988613438938,53.122142147088624
100.57924746523601,52.41932113257107
98.79108545748979,53.14730809978172
97.64856001334002,54.01480133150024
98.19021777443281,53.53899373628475
97.42864972194641,53.86515908677547
96.49136837040373,54.152099165091236
95.7305669634827,52.33857357023596
94.87782898507588,53.45562205784357
93.54649234361281,54.34484688919125
92.16119966247058,54.14107065750521
92.60872011937248,53.48476021105217
91.00368916058181,52.91191577947676
88.3064498425318,53.084647674252615
88.33828073721787,52.89234879361878
86.10316689677458,52.05299435090153
85.11506884080121,51.97711501265607
85.76643820222519,50.7237773153229
87.09201258457743,49.60749769387394
89.88944401076606,49.43666302809345
88.79255750186668,49.91946658511004
86.7519704128429,48.73852366299466
91.25823489824035,49.87019330457922
93.49136386052264,46.340178708328935
94.12095061177378,46.786556573458675
91.91998452849768,46.882517295383764
90.94981272274411,46.955195031293414
87.99428666430994,47.556455788354924
85.00121638973246,48.602631573717616
86.19256356476492,49.06089356190483
83.55977580372141,49.81083024836775
84.35324610897321,50.71419875284567
82.51034210627144,50.372963607876734
82.58849389686034,49.71897172977619
82.54953392027682,48.06534121408827
83.56041334008926,49.92608983620582
83.082561548976,47.2044381963433
83.13589619954095,46.90762884643696
81.33695864812091,47.36301355078747
81.00224007909368,47.23441989824155
81.08591683929271,48.02279142334045
81.76058484225823,49.555870673407014
81.84493969409384,50.72154139869334
78.95143864408702,49.54667518307898
78.82897381317704,50.26979075097839
81.20485838538053,49.90557821494824
82.16629969764811,51.09310628084331
83.43002406426794,50.92269985724532
85.27758835644491,49.608409841106685
85.7685024453186,49.96410353916897
86.46372114275755,49.9663511311519
87.18211655406962,50.259509352651015
87.45368479374179,52.17315889938734
88.71477392047329,52.364156797068944
89.93679597711397,51.688302585397075
90.84091970439401,52.16314552303509
89.78565315699983,54.23610465860272
89.20525033026539,51.8197608534515
89.33471443406529,52.545954718843404
90.54679625768144,54.13318147265831
90.33815860701796,53.24924113602377
91.07941595604072,52.69844079308339
90.42178870126332,51.569375827470274
92.02572962297128,51.386379508328545
92.6804528743648,53.226926852197984
91.6558269762436,52.23375356471783
90.37988965857157,53.41230980692614
92.30103625700592,53.85296432553376
92.25349628855342,53.246376227857404
89.92285003609557,55.38884730349354
87.93283995461502,56.07971289861033
88.53132229698384,54.30848485480526
89.82480376106533,55.238813365079324
87.91968878120325,53.97526922734909
88.02361831974089,54.78811485015339
86.79230430240725,53.923958712582234
85.45913645651093,53.49367982948232
84.79049439842478,54.57099094411547
81.66252884611355,55.89017985318892
81.72592920531494,56.23574894091324
79.48813762943927,57.60379251531795
80.41295837550689,57.19489994204494
80.10286975159525,57.269531004609355
81.83145181174882,57.93961622263722
81.78015311515321,57.92004919095879
81.72885441855762,57.5397440378702
81.67755572196201,58.232801490975255
81.6262570253664,58.80407480529348
81.57495832877079,58.14469635728469
81.5236596321752,58.041806967185714
81.47236093557959,58.233066526957934
81.42106223898398,57.40167427040165
81.36976354238837,56.66095239258677
81.31846484579278,55.4760179012673
81.26716614919717,55.16164099748719
82.33205803870223,53.839963937382166
82.32540883547982,54.500604857440884
83.89837192595867,55.21491212529472
85.15701029255509,52.553108824854846
87.19338114709988,53.38636206915547
87.05208536083487,52.985705624408894
88.71188629519872,52.92588830747827
90.36116084773668,52.05973144350151
90.9625659392283,52.496656498412456
89.13336700918542,51.45351980426076
89.03606415591759,50.89815491215172
86.864579898269,51.80797667002971
87.6031760150506,51.53332111995879
90.03146224436752,50.05372862074984
89.25966496937083,50.865418476988296
88.48107760494624,50.53191324565608
88.54684142400077,50.081108575190825
89.96535218201002,48.92411633989955
86.58497431561133,50.661353055086025
88.35743084150235,48.74008106365908
88.68041298749296,49.86447543354962
91.13525878819063,51.268501872349844
92.36818107214269,51.30284227511589
91.14400284694666,50.83559906097927
91.34984275608299,48.49519531074539
91.56087751558373,50.329856562457365
92.45851530047437,51.27952001669564
93.42258124900437,51.814810136223606
93.90184108232214,50.59858791798848
92.33081248817679,50.58541950214402
91.96412071992135,51.964272031393534
92.02502342960068,52.89322117088276
92.08592613928002,53.26089905580255
92.14682884895934,53.27535362308155
92.20773155863867,50.15268763337606
92.268634268318,50.468923272057594
92.32953697799734,49.39504189740078
92.39043968767666,49.18556000537129
92.45134239735599,48.26817211592455
92.51224510703531,49.14008462286893
92.57314781671465,49.37085726432996
92.63405052639398,49.331012337423985
91.17129165670288,47.583806883997894
92.38207697212107,47.33774760489114
93.0189339459654,46.252971368956885
89.83972229117126,46.12246188522458
90.88080911661216,45.128946534939665
90.25423862743517,45.932383393664836
87.45809814882813,46.403983880514716
87.97765311719809,47.4145585486409
87.0096828431773,48.73867977798825
86.3627376711265,50.02720221457407
87.24861679820921,51.327492846293374
89.02524303826931,50.1042309212772
87.86613934995208,51.646129018638305
89.64000577093908,51.751339559134856
88.83684747190746,52.05214287211387
87.4722179509429,50.32639817758354
87.98510815643085,49.13880563992918
90.65939775844586,50.124431841488146
90.90989504780946,50.133008753913984
91.72977874968707,50.02139054893029
93.20909673687395,49.436775113286274
94.7900283422686,50.463491401377496
94.73134843729102,48.74167801375904
94.80419948039757,47.5097749338673
94.94505585835826,47.72112805689198
95.82931356091073,47.75480131079434
94.88777340655427,47.48474377313788
95.25475341005016,47.30528172638998
97.35888117872734,46.891753818542995
96.10722421971299,46.5655921689458
95.20064450044082,45.64642201730995
94.11161177461496,45.61604220789487
94.97915981186668,45.43363167865013
94.9767066318383,46.17977221820067
96.5635480301418,46.33549368810016
96.16854049049076,45.727962235046995
98.94502746019883,45.58092607244976
96.30003370155879,44.92273255914287
98.61958173403242,44.43714120771456
95.83909809430766,44.15211800627792
96.6139304453899,44.01514007362391
96.985922467287,44.934844685828544
96.99146629841586,43.29472238994155
96.69947633857721,42.24185263134854
97.61440829779332,41.10283597565149
97.18512962023165,40.908202528481304
96.26216980257726,40.65816040621403
96.28689736682693,39.796961467596965
98.10830734330273,40.7735447715601
96.34610828040663,41.12347714742507
95.21898511889772,38.6615725406526
94.42712756401528,38.04968680161075
92.18326211107797,40.507227774601354
92.30926557033654,40.189003679980964
92.49724493052453,40.07194587347509
91.9093969526082,39.3450106892679
91.24620386142071,37.40943244333505
89.80467202848375,38.646630743426456
89.97545784394208,37.28394653763401
90.47238453387642,36.33171587619352
87.94808145652499,36.189051466495236
87.40877232865357,34.96472399394512
87.96928150809912,35.009926096659576
88.30815281700454,34.732828742571925
91.41298791617594,33.97039718418939
91.4159595119568,32.602120250785354
91.09698490974424,33.807906858702765
91.52906928155576,33.64803225349524
91.46477552768698,36.27824800751669
90.8993214511456,38.61343896734322
89.71390392110739,37.60780431635368
89.39228311019403,37.64882635832849
88.47488009773106,35.680214887265784
86.81486286993614,35.07993701606325
86.38458959410521,36.812396398320885
82.02508538327558,38.38939320311065
82.08861313968625,38.6481138094377
82.05332163241334,39.33213233038628
84.88937248143209,38.79988629460258
85.55766253834986,37.89438606532845
84.35324391309065,37.635708123682406
82.93411335501365,39.14008447873395
83.00825781043763,38.16061370588124
84.36956859847226,37.442715374961296
83.42916465703894,38.62621802960012
82.32578963414788,38.577482039906776
82.30746858667567,39.931116406
83.38467756146385,39.80922915266805
83.77419515529552,40.63953856919501
82.97161529200311,39.910160355068506
85.41722559929009,40.55813350740556
86.14145227936002,39.34609298552531
86.19307036506311,40.89853082223321
84.59548462302949,41.16908209867636
86.0868642077303,41.86400555046987
84.44891000584187,41.95279672436912
84.08958362145222,39.973585831028345
85.86646121336564,40.20641479671973
85.18642456557122,38.63661938281938
84.84110654890128,40.13249363744479
87.81766946433684,39.81703752960808
87.80472311500802,38.41697319094081
85.93082127362693,36.92233847905239
84.89806559575942,38.074311466150554
87.16222138157863,35.70727455115756
88.2817779990921,35.61314338248257
87.26931366397129,34.66603998908743
85.65388103699703,32.999894995367605
84.39821987885712,36.00572006422812
82.15829696994808,36.83224702762456
81.74523645176836,37.353419428178526
81.48390359527457,37.21598915814309
81.35978462591969,35.963111748858296
81.25160685299775,36.67745981993969
83.07442056379243,35.65130654051181
84.96039724980592,36.54588875892954
85.63704967701344,36.93143093209886
84.68177412454331,35.922613334793105
85.24048221027927,37.231757948904644
83.91983468785844,33.94533382541827
82.30278291274394,34.81313892937694
83.95618953412671,35.065498840078455
84.37308798863127,34.79962603115854
85.21271311963525,36.101532233344905
84.22443738989125,34.764746831662826
83.06535085704795,33.93981956336449
82.03365921184793,36.55073659341095
79.73689723595743,36.925586831687106
79.05351218088352,34.86098730237308
80.1769351540041,34.49670133894898
78.81021577289376,33.31606403707671
78.65857666796495,33.04156327115551
78.60291092448938,31.77011851401877
78.59805195241672,32.86550572808536
77.8271129832124,33.81603219002737
78.77631050668221,31.941573168444222
79.45828227329288,34.097738928627614
78.86003509860585,32.59717297191706
80.20042858659619,34.278840616999624
82.92922555219883,35.521984719680184
85.8336664417337,33.798395517172786
85.33594941266361,32.653905591669556
87.90631737608344,32.08766937709962
88.56108810730757,29.897918095582472
88.0100945664818,30.746814914667805
88.40991615087295,29.756013615896233
88.69201910836992,30.517228947193907
89.7127813764992,31.85727168417447
88.19678565195758,34.916183526919184
86.56246760002531,36.896005211162716
84.43092912016323,37.31358686947248
85.99561024369933,36.98106037060529
83.64646746939066,37.097685307077676
83.97325316647861,37.09600861071246
84.30003886356658,38.80482658453655
84.62682456065454,40.59318396386706
84.95361025774251,38.32702365346566
85.28039595483047,39.83354475744408
85.60718165191844,40.31205396981996
85.9339673490064,41.874881830099
86.26075304609437,41.453170126922075
86.58753874318232,41.166259844618835
86.91432444027029,41.614692096708396
87.24111013735825,41.39507750540887
85.1619376869209,41.940039359018506
85.37375866136875,41.956529621710935
84.13427815910292,41.38264915567384
83.0034677127849,41.4893794684413
83.97845703285253,41.9504583712365
82.53494777753177,38.925933683101086
84.21282307243246,37.425969824883396
83.31501446510649,38.64935888884771
85.29952198776093,39.845802878942905
86.22964504701781,39.86179893028351
86.51995806113639,40.734572884542146
86.43312143195047,40.16579887722239
84.0563217940196,39.46076836187847
82.54981847632004,36.93409362988639
82.78129080772963,35.19739145253064
83.35688076389876,33.94587524888939
84.13018802495318,32.17076923308396
84.5946731622538,29.669392773683217
84.85356016281222,31.172621536086098
85.12477992768046,28.8527968156525
86.18136076079516,27.09273141102813
84.55429822909159,27.199204679876235
84.13250320740185,27.672428932518855
84.21454425105819,27.35736452945077
84.02670873931449,26.887862786271974
83.8388732275708,25.871775452437642
83.6510377158271,26.234203264369963
83.46320220408342,25.222588074731547
83.27536669233972,25.291055536938266
83.08753118059603,24.712142393864802
82.89969566885233,27.51819787234809
82.71186015710865,27.582472399091
82.52402464536495,27.612382781216205
82.33618913362126,27.636118104324215
82.14835362187756,27.556252358591923
79.51205946002895,27.647177018526484
79.51443404788425,26.76839526812646
80.73771366234821,25.766158914787542
80.7493804858432,24.470324658585316
82.23540408594035,24.760614350899196
83.56562691244326,26.134456755364827
82.72682907184767,26.059414284707586
84.04718936869547,25.637074964622325
84.80488755616256,26.85227723295572
86.93805141127324,26.517216975459007
87.95307336149475,24.38797856173463
87.02698348378269,23.308920867731082
86.34178067262002,24.31971603973384
85.59453195664169,23.997528239060784
86.00099811547669,25.05837317437045
85.78064835533685,25.22654892394463
85.41061193727353,25.691328115059804
85.38707599191417,27.046633684872212
85.90093692231859,27.844452705104583
82.75541325084203,27.28936005574403
85.95887130559983,28.416189056190987
86.91891777796418,27.382497537165314
87.33072804675929,28.437899622705004
85.38229583708008,28.27049981786833
87.49735273412062,28.95886195238276
87.41293122712896,32.49938349060307
85.2531735741155,34.69243666399076
83.66275237208666,35.07733382343985
82.76242236296402,36.66803353611975
81.29995674371682,38.90105545238978
81.66647140345167,39.52019791752022
83.62826035082551,38.66491403947284
82.02492403165836,39.08195573009933
82.06503673489205,40.73829356453047
80.70914120860544,38.34121507544505
82.53864562717993,36.2905259812932
82.56300902269271,36.38874748920659
82.5873724182055,33.55799895720284
82.61173581371828,31.151899533333932
82.63609920923108,31.13366752174684
82.66046260474386,33.680600610262644
82.68482600025665,33.55380710518878
82.70918939576943,32.2892132320973
82.73355279128222,32.04514067255779
82.757916186795,32.29390997023851
82.7822795823078,33.16446903883825
82.80664297782057,31.29288823086948
83.67266578474545,31.12156244190684
86.57318709163518,32.373430183698396
86.87984789547505,30.9926067644162
87.37342204884398,32.73273753640418
86.65494510441579,30.91021890640469
85.24804522870677,32.118299377362206
87.55553680807263,30.89157243665904
87.1500226961022,29.408522852855302
85.04760957986916,29.404322675197072
83.67411193424354,30.36679924075186
83.10911367321681,30.69386659600097
83.55389263489961,31.341637547736898
82.1019674411501,32.16574767509455
82.52206060155147,34.028780113476444
81.55636767012079,33.236788916457705
79.28702396888669,32.06322384030237
82.05056855004368,28.869637568619318
83.28962902420304,32.71109977226895
81.40464144968584,31.00841108638468
81.77150309968358,30.93003226075514
79.73580345215387,34.28700508722905
77.25375039782735,33.25808469685862
75.54571134491745,33.51070614416773
76.80731385032392,29.6541833507462
76.43098431693139,29.469877175140546
74.9005549322662,27.20099354274397
71.26816997009846,27.7284726268921
72.39697667160432,27.195801332615098
74.000259518483,26.41395112605117
71.91422238877806,26.503374760955808
71.74435128321515,25.790052304475672
70.20895743766286,23.75143497021574
69.91543635468173,24.27456898119886
69.5449606077392,24.08723832657382
71.93873804193944,23.906977826202038
72.2333949946386,23.36538773153889
71.95093264816207,22.72601618511488
71.49217066782386,23.21478751693361
71.16172714439982,21.882545434259203
70.89265776246246,22.078174157041172
70.721124594465,21.6321199342249
69.67130390984275,20.951604904972605
66.4419342214651,21.416547008992104
67.38183940326648,21.296314055235555
67.20027326097822,20.286853709647033
66.02082878207416,20.31369360325552
66.80071277834485,20.356281070181378
67.87262250188594,20.450574178361585
66.99235479338512,21.210416310505305
67.51905077601492,20.21031709864954
67.8543108044734,21.28895756277769
68.37788791472259,21.716652542180846
68.06642451644291,22.532509494633146
66.93805408512829,23.19245619151622
66.12159575183443,22.71750704188898
67.08989868609616,23.04990452711612
67.02463998088295,22.115628163365393
68.32513552308309,21.652576770780865
65.39087919154464,22.243104177119367
65.62117877657046,23.45158977747042
64.1592000751988,24.650186502812954
64.98643769060422,26.26579738590455
64.93072505229601,26.928284500597076
65.18388110175889,25.266075535853986
65.09582369825468,24.474192968000573
65.37754943702086,25.885174782048452
66.7499850310546,24.7468030078889
67.76807410004757,26.294614524599467
67.80638852643102,27.25667379274031
70.21031753597757,28.399617245912687
71.12600901355637,28.264661212527315
72.25756110074438,28.20059621924416
72.52694651136285,27.230519640155038
72.79633192198132,26.801151695043913
73.06571733259979,28.549117469891097
73.33510274321826,27.164482493416454
73.60448815383673,25.878464520039866
73.87387356445518,26.05308641355092
74.14325897507365,27.42921394111778
74.41264438569212,26.94134624307583
74.68202979631059,28.24724561995785
74.95141520692906,27.772220699740643
75.22080061754752,26.08634447060904
72.51741439768516,26.329266391717017
74.41964230669471,26.07343486331258
72.79937023178208,25.902968416360604
73.08999199698698,25.57414536192386
74.10059531979766,25.519053485116622
72.11487761444556,24.27571115497185
72.09819622721176,24.166285938721696
72.1696563585062,24.177811949603345
73.03124593817975,24.36758044554379
73.9531357464198,24.05873788491449
75.62575766208704,23.54373232763554
74.12718092920122,23.43256717992791
74.4569091213174,22.620602577593793
77.08060812462892,21.70896750901287
75.19851842565728,20.681498055572234
78.26724171880575,19.44991001713974
79.88823400350573,16.259226489283694
78.2027130617782,16.25844202288354
78.83762400313827,16.329598004258873
80.09356078093053,16.642179425182146
79.05279124791383,16.95383692489579
78.246858053662,16.682401250005416
77.26605437085782,14.991809834236923
76.81397497653106,14.325094841684455
75.74165610476827,13.846231086845599
77.55392120105132,15.095193094696043
76.61714767619254,13.395420392503429
77.52117159191924,11.877296287563567
77.54543618717338,12.181716331738409
80.05054233173556,12.497888576318054
82.69355564826078,13.353993898335347
80.93104031248198,14.119069387284622
83.3865495652104,12.207650971139273
82.17456903725017,13.571485610972045
83.71851428405198,14.646236499696643
84.27176971046777,15.3093345807106
85.18646631577062,18.03239788740361
83.25816223550578,18.947838313651975
83.46520266781032,17.659131144001933
85.24453670132915,16.343664683842242
88.34295216311557,15.705083922017682
86.61813850129708,17.866845970955886
86.87431543808853,20.00753395090217
87.43185209312648,20.058660482843464
88.51697510569643,18.938385745997348
87.79511771069608,19.176511613346324
88.04352248485613,18.478839283093027
89.62969682142149,18.24847749478745
89.43122920543502,19.8349697240967
90.16662752129568,19.226164126742212
90.05742799689388,20.585820682881447
89.04810442039489,20.40095427610559
87.52066859078425,21.599455806598588
88.92984345970042,22.062112609515093
86.10003870965681,21.997053483292106
85.88978777168462,21.829270099898483
84.00500885529183,21.671026881564327
82.15970137252849,19.291455595006955
85.55474124382417,17.954505303923128
85.3856723799577,18.501829956681096
85.37556736062692,18.77223752564445
87.3772272200809,18.281215073961885
88.79327933230789,18.843956140647688
89.52672855134878,20.765861945665755
90.48125335077013,20.495930876177177
89.33987143913922,20.81619141796647
88.46982443085847,21.039141976599335
86.10622411900904,20.373883713079604
86.367525689908,20.48208995342528
85.0419029469684,19.302392437073625
84.44452691640215,21.172100155744438
85.72467898901799,21.944815103285528
86.2627685066571,22.748149780406123
86.73578751911846,24.245974042251184
85.3095176991846,24.930904539290857
83.43078156673312,25.052011734822933
81.86481789331151,26.05078323748821
82.3112193386088,24.39234833062675
83.19420494981092,24.948130142869278
82.86520177891583,23.804284741195925
83.46473753077117,23.00000020197013
81.68101608069068,23.255713778885596
79.96392177744804,22.765357778563292
77.59214613423026,23.2235836708362
77.45619020411954,22.295847243046396
77.94585063472071,22.130717071821508
78.29448601643686,21.555295689130798
82.73869166042668,23.23991449913593
81.58502931786391,22.636240106731027
81.02305678342692,20.4412476249989
79.71454397721887,20.793702693559744
79.03737973965458,20.21574492061021
79.6334794271198,19.48824441950293
79.77690117020803,20.027488409364572
80.23927757295657,19.166934188285122
80.70165397570511,19.09893980202308
81.16403037845365,16.145000132044288
81.62640678120218,15.534626966840994
82.08878318395071,19.457920091823983
82.55115958669926,19.537931176400434
83.01353598944779,17.585431436409706
83.47591239219632,14.858055448852326
83.93828879494485,15.552317765758648
84.4006651976934,15.94683859386108
84.86304160044193,13.856414123380537
87.45931416343456,16.81098174026893
87.95112061840102,14.951049528987374
86.63953565645353,14.287452072814942
85.97769663928287,10.207849339812284
88.57638632997859,10.183665527954028
86.44134757194043,11.674193259235567
87.63417584556525,9.444974989518279
87.574959405261,7.962425108424673
87.56505531862167,8.778957629678896
87.50676852483151,10.962925678356621
87.50262120791069,10.378778359088106
89.31221126749918,13.846714335771544
90.63655766232954,16.84101730897451
91.53240335894431,15.443351728623071
90.68580631928516,13.817748236949182
91.5655638896402,13.320115231723394
91.51315671184005,14.135700523933023
92.73640329281616,13.952907733644896
94.84708221554999,12.966178493993162
94.0876948690685,10.395009750344522
94.0410433018866,8.46736480189152
94.12033962497839,5.717595628309726
93.38030633080498,5.274653364798741
96.1087847972847,6.895045350177833
95.08440190070613,8.068997945471454
95.98416523066219,8.886319675112404
98.28215504843061,9.291664969015425
97.4679479600994,10.076965262547063
96.97284442238933,12.61175569854992
94.65048520512596,14.048436046772931
94.08241874859364,16.44623266106594
92.30164322214448,17.35898915557696
93.77750568264017,14.126910606395548
91.0535127930952,14.445932251592055
92.65994753047002,15.04390882563328
91.31566517360837,15.477605970905563
91.48869794812161,13.518805162953909
91.37102802094697,11.600076987930025
89.53833229638172,10.872872817127769
87.63047479567805,9.11448976287399
86.9951890342409,8.845749734946542
87.2270209137519,9.443025045161795
86.62385975771507,9.391748843557695
86.13238633264682,10.083290015167055
85.64091290757858,8.869211045619672
85.14943948251033,7.957400025732644
84.6579660574421,7.041782975293082
84.16649263237385,7.1670047425942025
83.67501920730561,6.168507917233124
83.18354578223736,6.757186359305871
82.69207235716912,7.658054043897899
82.20059893210087,7.357826992910086
81.70912550703264,5.786624526292953
81.21765208196439,5.608299370393684
81.23968962265045,4.489835129183726
80.07986031731602,2.6041957884107245
81.99538713021016,4.8207034323125395
82.57981834338236,4.268543392163934
85.27376060556095,2.779561427976317
81.61260501507171,2.831927518715288
79.4621994744513,3.995047654534391
77.35236939936821,3.8930565632272724
79.13316160172371,2.776071483094205
78.79623130626267,1.846008604338575
80.16277200822407,4.515594927016435
79.46064936455645,4.875175618235888
78.09223636927732,4.995356534953252
75.97420895847716,6.175460331852929
75.789381534155,5.945463251430422
72.42234740901128,5.68941388077459
72.62129340787763,5.211518375527408
74.14761364253411,4.717865559591134
75.20692805865855,3.489794337338811
77.20473878744109,4.339691476990181
74.58346810253245,5.292476975126967
77.16036005619608,5.005182602415838
77.93127461009418,5.2521182006869305
78.04148069957944,6.858174409045935
78.03207044174196,7.5782483818855155
76.75371584581481,8.500470523961933
76.45041648545975,10.98986795098722
75.08827595080149,10.833650905835752
77.76360912638074,11.71814160678682
80.38061745507972,12.912925168078786
80.61855251245795,10.053106327643277
81.20203016719734,10.737685007800264
81.93811356407002,8.134663260036097
80.15778184383282,8.72303953355882
81.21928638682367,8.190903515564685
80.17201173358261,8.888155004444378
81.04693469281756,9.32965151139595
82.24015783224547,11.492850404081794
83.25161156504171,11.590404665874402
80.87664158094616,9.17163748666064
80.90928930158029,8.828642855989212
80.94193702221443,13.072789775832858
80.97458474284856,15.866297987549904
81.0072324634827,15.325430885060406
81.03988018411683,18.97691559967132
81.07252790475097,19.27776308197624
81.1051756253851,19.124767064335565
81.13782334601923,19.897214808000644
81.17047106665336,18.3408628150112
81.20311878728751,15.257262518989242
81.23576650792164,16.433380080045577
81.57430484630804,18.236325670942712
84.59067777372769,19.59683602157039
84.06101159896113,19.1979100298591
82.94552865930993,20.096576150663285
79.69417212556296,17.33806091790109
78.83460988250354,21.046018725933962
77.8236006913779,20.944071123582198
79.03495629629732,19.061220251281323
78.80803898646273,19.627144709694534
79.14257907031879,17.976851292268712
78.17293364833596,18.70393931307099
78.04630845994134,18.65975745817145
77.26542982483815,18.03916487515139
74.00911931425493,17.703107685044913
75.68489162028459,16.780063791708983
76.49944841899614,17.96562660042339
76.41783855700922,20.549461885442625
77.09432954538717,23.119765432821886
74.69402626845026,24.010712065728285
76.08951582641114,22.10545131742677
75.0036464673905,20.751416524472567
74.8431656597364,21.75508636871671
74.45802220453871,21.2179875070561
75.28061937021315,20.749996967505865
73.75238791148124,20.480879962075417
74.04768127136403,21.01994951011917
73.55974377289552,21.82461890965928
73.42136119105089,23.169164987168248
71.97946070062359,24.226748214588614
73.84694775437578,24.816840282940362
75.4779589234917,23.846147482516905
73.98201227558768,22.32694918791103
75.53203322469075,21.9045416366383
74.73755497846368,21.53282498258029
74.64233550143231,20.651042892954635
75.70322049692392,22.369862468288556
75.28316133480945,24.261796543145753
76.35974603609613,22.735145490966314
74.67037588954152,22.633343772666613
74.90495066101772,22.565666033493816
72.62008670621589,24.602566490986934
72.6178771083242,25.595096922805645
75.3145525491035,25.805566798720577
75.04659575783015,26.17098613860569
71.54808732014492,25.25329570462207
69.39568104271633,26.88891687447925
67.49813392193599,27.084417912831203
69.15806605579554,27.23262346060508
70.96539057035925,27.013547005339085
70.80961063352777,25.834138629952832
69.97387652413884,24.392537166248836
72.02019872035831,24.56747914605668
75.00501036876842,24.029022700736935
75.64267936560594,22.549142381204813
77.10444931825336,21.360515145302337
77.74753034271308,22.35339045084429
77.9102236624305,20.580385836304075
77.99994645684579,21.06741095519646
77.92393673498866,18.24027075770257
78.81933585217617,20.348824881032215
78.80578930596333,18.509594230186032
78.57232089933976,16.69183302907732
77.05195559344801,14.299958517846642
80.56520657614656,16.13569392855999
82.41512668499233,17.98261029029702
81.95308956681974,20.025875688748325
82.40867019166869,18.90137190816312
82.31707615165976,17.816667316568275
83.53866607938716,17.931838761275365
83.70588936394073,15.767604784652011
84.17686688241518,15.731741603383442
83.31182650215219,15.854681475056319
81.84883590721388,13.763664554421082
80.57458418706234,14.657822140521045
79.00084291293716,14.510388598534838
77.08622104753776,15.466253772217483
77.64531516238787,17.36902907585075
75.15256276291564,15.935767233103197
75.92176456185075,19.34963431633042
75.79308321300915,19.636974296059165
75.64050265441364,19.598731558521592
73.18199542589917,19.23483189708874
73.15305650168011,17.02602302373434
72.98265153455543,16.75602966238103
73.18132946110008,17.13148088144677
69.28613277667343,14.72839337282359
68.0860347219815,16.351451446759636
70.64538157941256,15.014682174352963
69.26841197571302,16.067732834330638
69.35270715623464,15.661067091200572
69.62978644156136,15.602002345983221
69.06634992554083,16.6443443152972
69.01172158698294,17.451202351479022
70.8596512564371,16.674474379026552
70.76954472027445,17.475807839634918
73.38779898461254,19.622034734776697
73.83106489161455,17.02956688919487
75.50115681103367,18.620552639654576
77.32877665373391,16.74693795557076
78.00830267652861,14.890229897592308
79.23460347114535,14.665377407864318
78.5583833841533,15.466972097496386
78.45549281938757,15.988979953504076
78.82140475028108,16.45100407548245
78.49578000873166,18.503446661732507
80.04530149163124,19.388288598501536
79.92947363530084,20.33194556076201
81.3284447234691,17.924799360066
80.55731678971065,16.204852618278537
79.9189924059932,15.780037024092083
80.37076830645483,17.25016442395249
80.32571719799569,18.335156196154855
81.30541748823725,22.2109306726356
79.89408049102764,24.309548020838804
76.32243080655827,24.95773785343229
78.16616568319014,23.564550054680538
78.38060052924644,25.122626271535065
76.83961035258092,26.428635104351066
74.33502994315171,23.452528837112247
76.42170073141618,24.552245362245777
77.54652607395477,24.76816475407058
77.21815290391271,24.234781916885815
77.2738628003807,23.673518891347886
77.32957269684869,25.24339858229727
77.38528259331667,26.367724736190652
77.44099248978466,25.314580076376043
77.49670238625265,25.604376750110738
77.55241228272062,25.060289712810256
77.60812217918861,25.878631293580245
77.6638320756566,27.08753445162531
77.71954197212459,27.289473025202454
77.77525186859258,26.707894260997982
77.83096176506056,25.29380068047995
76.36194174809658,26.037248331592355
75.21726005570277,24.888299618726144
75.90083694344767,25.53070484640864
76.73441849055838,26.169389902181393
75.97218295736663,27.2220668789797
72.83381255347757,28.022668327352438
73.78180944976091,28.240345493855482
75.0909063570521,30.634321033728703
74.6244583261968,29.683582747809922
74.04713149302296,30.62561810124682
74.23121066142969,29.18846875755541
74.12542636958369,29.618718877392226
73.39903382064145,31.274903248217267
70.91273221331974,30.570362407476715
70.08168985874738,31.38792506485546
71.78822174783852,33.99416482459557
70.89600395136303,33.360394798873685
70.1288596481668,33.594770967015165
69.56641175106519,35.92991323567492
69.49037231106564,34.49819894370731
70.72629585947652,34.88587801777412
71.73798306288148,35.11525371223293
71.58022792735078,34.466480645417754
72.75805654853126,36.73805154668801
71.67254284709675,35.81513301270152
72.12794778239116,33.1799252770223
72.57420182571356,31.15692163908449
76.06988363258701,32.10355261825677
76.70537724540512,34.30875666920742
75.80426236988905,33.93767958125589
76.51977671768593,32.526107153187404
75.92147975082841,32.744457194842326
78.90111087593786,35.631348067107155
78.5378469522052,36.55405866018891
77.52930919538245,34.338142317240546
78.79901727994368,35.31203021924768
77.7757488296669,33.37441289204794
78.48927740348259,32.73862208248459
79.2028059772983,31.979971002326263
79.91633455111399,31.44210615927237
80.62986312492968,30.988805971039543
81.34339169874539,31.148104322138057
82.05692027256109,31.881672986838176
82.7704488463768,31.513938066171693
83.48397742019249,31.41050888097398
84.19750599400818,33.02372876449502
84.91103456782389,33.530807678220036
85.62456314163958,33.017363574033155
84.04319043768578,34.09819195185448
84.03569715515593,34.54616246845171
85.6764991911398,32.12284678153312
86.74007620007974,32.3550726757528
85.92907454696137,33.74055282928819
88.73581249645858,31.463518219563706
86.15076468719876,32.763001074277504
88.79176643796333,35.653675094132744
88.2584165846102,35.03109635533124
87.5634174114672,31.985699689691668
87.88860544626608,32.23431971113153
87.78781944513194,31.073261609333745
89.36037749622498,32.45247834215182
88.49665882161942,33.16801559125421
87.0929817783434,33.48050569938183
86.45992755252838,35.03822372339519
85.82687332671337,35.400784019244455
85.19381910089835,36.58701662968736
84.56076487508334,37.586452943967934
83.92771064926832,37.897958442723656
83.29465642345332,37.08216034859805
82.6616021976383,32.11922591374496
82.02854797182329,32.76096481562464
81.39549374600827,33.092461850075104
80.76243952019325,34.60009905680704
80.12938529437824,33.487427797245914
79.36257892097709,32.748405043430026
80.65995151142134,34.804761191792906
80.47049238778108,33.94655444616612
80.17125303707628,32.80759377114991
80.99007623349071,33.07376593317857
80.9305815464027,31.962204795741712
79.90393349278409,32.450521034524385
80.14099949006238,32.94939884793151
78.98870729373624,32.54756494784253
80.8085468561725,32.421800361086724
79.1193992939422,32.83471198203554
80.15128905487339,33.29799123160961
80.24842501014801,32.11211433197985
78.76002014090557,31.332109780857063
77.76641221183465,31.455030624226662
78.53305297171185,31.43502444419436
76.78493950653686,31.771721344011183
78.0532163619126,30.609826034768552
78.55586235483682,29.980892397898334
77.75958997130736,30.89307938091565
76.74011721165118,30.68811363736543
74.57657277649854,30.859517425937824
73.23048934464379,28.95979695935294
73.1781075849856,29.34285298542333
73.63378961246681,28.919930599328634
73.40447134509346,29.41338374090546
73.14897810567072,26.961377270942496
71.49097061866354,27.386272865703035
73.08561589569662,27.485666163683803
70.7737810349046,27.830696045110255
72.32831662831217,28.047258656112483
73.14102824871405,28.156278450847346
73.70091297901806,27.901727734686915
72.1040957225809,27.39336247194905
70.97666796513693,26.875149953572638
69.88985258809237,26.15132987615595
71.04706700114718,25.672348784607383
71.38903894693996,23.82608652605993
70.20354803246646,24.223474253403378
69.28707620809287,24.918271101110225
70.0355235205484,25.66747513804571
70.1278273071957,25.151780302669152
69.62376862208612,26.96278676534595
69.58500939527347,26.30031664260223
72.37644274041195,26.565038584862695
75.39341597049668,27.47311785509961
75.86462236201375,27.859553238335725
75.26409128972668,28.302837610718463
75.11053766827402,27.013900383299912
74.95698404682136,26.32911381999044
74.80343042536872,26.255594508785105
74.64987680391606,26.808241432689336
74.4963231824634,26.362930581170406
74.34276956101074,25.285145686165034
74.18921593955808,25.872166436879194
74.03566231810542,26.38435166434156
73.88210869665278,26.001712442715622
73.72855507520012,28.21328700154941
73.57500145374746,27.002609700631968
72.92717059466212,26.03663419733499
69.58514710024889,23.789077710639553
68.45767915520203,24.314017138030078
65.68047007252805,24.225050428246224
65.78530489610549,24.718073309970745
64.69494412246787,25.07778270483093
64.94587904150742,25.927013176492867
65.42649658853931,28.30002373145823
66.8831038927623,27.537880740751948
66.91249156481982,26.50803731402997
67.56978450187363,26.311376386747817
66.65588371441491,26.085775626787488
66.77584740732004,24.254600869277116
67.35698339383464,24.65080474667224
69.33074198084599,24.945036109254207
69.15105206779783,24.64757291108666
65.79583795376506,25.889390739604156
67.12460755467373,25.911045333102756
68.20718811836977,26.44735541395796
67.11266544845311,25.271090493129368
69.1756366143358,24.585943500580274
67.8929143647643,24.69110069307962
69.42382622618659,26.128866664987704
69.24029488997566,26.315367735314194
67.06757617880149,26.139887963116724
66.82168011792048,27.587042177451057
67.28478662510751,29.407772933818347
67.1104642587666,29.89759355009344
69.35337806521198,28.69571896282426
72.85789109518653,27.933244808681373
72.57259998249936,27.69741381299225
73.26291420693641,26.168155427486226
77.3977221207993,25.31228650185866
80.33743676129424,24.518614325237408
79.51354272430282,24.93337519741302
77.51449622255683,26.266459367565815
77.76673216133506,27.439906038225423
78.01896810011327,28.789108059173454
78.2712040388915,28.989026172917313
78.52343997766972,29.75266804866856
78.77567591644795,30.747200167243097
79.02791185522617,29.97607827152129
79.28014779400439,29.188256401075005
79.53238373278262,30.3940354682508
79.78461967156085,32.11729961635984
80.03685561033906,30.811124567532374
80.28909154911729,32.91475223132332
83.78714451939528,32.74097479669032
83.13115905911374,33.40898432858894
85.69265880598655,33.87256747593471
86.24473207348639,35.328586836893315
86.84659041159607,35.72273817857495
86.56140919543309,36.9338093867107
84.83545046324647,36.023318030704615
85.45353550352768,35.339499836051054
87.21988256468825,34.87043633242613
85.53019276787597,34.6019247892519
86.334349371716,32.0968244023408
89.21305793022769,31.841678839584834
89.33068795496308,31.51856807103461
90.02700812858282,33.628467648490705
91.4443264600431,33.993525501476974
91.2944311872405,34.825748754826314
92.10534984341548,36.193864386430796
91.03860693412209,37.069554997601976
91.7124443068578,36.73768794548761
92.28079470406976,36.802494074209406
90.28175445515882,36.86080577671137
87.99485174652374,37.734013728299686
86.77659832079343,37.830803267140965
87.44389067793762,37.00649322728538
87.19073325187766,37.10319109365248
87.8329585108455,37.812822005124204
87.73531866039005,37.65363260952553
87.87291715883445,37.505473621928424
87.48211416122734,37.36421222487225
86.33147495145592,36.244109890679454
88.4063721409896,35.75224781567604
88.48238426993107,36.95085646336839
86.67252180597768,36.627607684482285
88.07805287304355,37.98159667324339
87.93967673039336,37.642691073979286
84.47749404395066,37.003942979986086
83.45191833709173,37.63506561469297
84.13149310397215,35.9611762562397
88.92800366874756,34.788180766088416
89.84103657051887,35.71854653427708
87.97700441791794,35.69899656485216
87.65425036906312,34.322090160684645
89.54682756310136,35.10586516306051
88.41781465890743,33.174645492932285
89.62674887874903,32.62876386434028
88.50861361478007,31.408516990489932
89.16105681137327,30.88412997475645
91.97950547263017,33.22774937728504
94.61193250896739,33.96674791967434
91.83451822050309,33.95297763657385
89.97984566904641,34.51576748432635
90.09422563907472,33.66316221459871
91.07529924576241,31.21285218998393
89.59245030687919,30.73989274664628
90.92234310971727,28.602711621675226
90.99274334404272,28.685932081602132
90.10430859652608,28.410829167007776
90.11110909779707,29.852510303547216
89.88404370784794,29.406189067573738
89.96137010168599,29.351816220325304
90.25128584185077,29.885164247090877
91.79271191012772,29.950267011815274
90.91711837972886,29.223549950971115
90.38494680197853,29.347664668240093
92.04548624053294,29.861659326201636
90.83597056013727,29.048813376766336
89.92980534303459,29.938133463970352
87.69076876865236,29.7995401583447
89.94291131750751,32.535968511687265
91.13914065200203,33.575951815516405
92.89678039360697,34.292043855702246
93.26738792549303,35.06456552211005
95.47430443177593,36.197431118566804
95.5820393027068,37.85850189465304
95.5420688303526,36.90607238557438
95.84954788772423,37.12895540592042
95.33425882797857,38.017300849381556
96.76647662452767,39.04550970163273
96.57303303969076,36.84878816745714
95.69039316002792,34.98740700690316
94.88428406434873,32.56985775471864
93.59005569451976,31.00136692510384
94.04326379978342,30.42820187351285
93.7783654803186,33.738905099711516
95.783496282121,30.368383318689755
96.21933541258635,29.965139569566116
96.65517454305169,31.757314572269024
97.09101367351703,29.215860733609865
97.52685280398237,29.200877751418425
97.9626919344477,31.33294095889246
98.39853106491306,29.64650604661511
98.8343701953784,30.266980782256564
99.27020932584374,29.395318725821017
99.70604845630908,30.268671577316216
100.14188758677442,29.95722092839653
100.57772671723976,31.922785266387603
99.01250763022783,30.630955784466597
100.00588200229404,28.595310339264856
99.49442711428784,27.14607601780352
99.11947597250567,29.030252346236573
97.06133484628062,29.67396763470836
95.90097818950105,30.189859061364874
92.88271714703491,32.02495328892948
90.9311541473678,34.86011787473754
90.38432099203932,33.88062844756244
89.97873944404341,33.479514480238116
92.13357520427249,33.93108650657567
91.56314971943189,34.56838082344315
93.7466427540089,34.79125442817533
92.80997919035133,34.537342779030716
94.47069069897347,33.05003798825806
93.87083850742567,34.266728206020815
93.17692738615811,33.8599827135881
91.94250704059641,33.74187028617304
90.44553342065817,34.93449256008604
89.92668336343098,34.750738534776055
87.98348561129826,34.144685944098015
87.68018157603089,35.26779655918976
88.48788063424652,34.236789724561056
89.89103502468808,33.585454670691256
89.89394504502556,34.27561885313354
90.31683951656481,36.69529324192184
91.0540642480363,36.819766499636785
90.33373791946337,37.40795450189741
89.99484880848584,36.37911426071393
90.28736246922163,37.44543830519358
89.09787737960957,38.058976643783886
87.45815105844275,37.20176307239174
87.78422044472202,37.64510717718376
88.27895845440665,38.46779778696586
89.04241142564152,40.5023305926753
89.0776663138538,40.91819931659583
88.17562272595491,40.78970600715873
87.35492674057046,42.39652540433523
86.61564548338019,41.6364507078548
88.06845472122656,42.73552543690426
91.16688591159459,42.27232827928966
92.59374335190181,42.104219010198676
92.10971853156259,41.02600040582759
91.49774056628232,41.2299327356564
91.55217220067209,40.93369826211843
92.21518733922757,41.672406153807444
91.74271394583847,42.333100655835494
91.71932888826983,42.878124964972265
91.20155339035345,43.08910169361696
93.2639646405041,43.087005109796976
96.24291800245845,43.3292870892173
94.40553104842901,43.77296693774972
92.99231471574309,41.95404000059619
95.87675478308842,41.405100348411615
96.74381629220723,41.82187577893701
98.69424977947361,42.014776354219684
99.25818516476515,41.30438705173667
99.69805176398043,41.401219759937206
99.97505800995765,39.95611294379936
100.37000894779541,41.24644254359353
102.70217064167697,41.1976053212737
102.72270302890838,42.39293361532036
102.60474940209018,42.02623371069191
104.48402385892224,42.14108633726812
104.03356609453796,41.43049844181388
105.20870329330442,41.4190400878448
104.61001057738915,40.93503915131597
101.13498697116604,39.67326398036772
104.27857595263124,38.50793528585012
103.83377034629821,37.07367844964735
102.00649737731662,39.09369262789303
101.33592142748354,38.50179997666296
100.81671851813188,38.35681258078126
100.24596548846675,38.205000471080396
103.48954137434511,38.10156706545518
104.42046029947775,39.031590612303575
105.44070968229303,39.4038618267651
104.24453041587276,40.232827033223195
103.07632299243929,40.590779522888745
102.95459911783985,40.25440498568811
104.92649282953755,38.45071999109454
105.71716813179222,36.66193957358873
106.46165721767028,34.22807778890632
106.61374013067788,32.45966320123994
107.06313865344725,30.923062073418514
105.86285510109643,29.457989615697347
103.33367918278378,28.68997034268695
102.60124083454625,28.470140630855116
103.1603094687225,28.48559232530752
101.13192273944964,30.923139488170868
101.91585844156702,28.70583159072052
104.01876047526991,30.77015545732704
103.29093014360187,28.194064232532966
104.6131134140924,26.80875941270998
102.07029736921848,25.044793947342665
101.20872503554303,24.97187128834598
103.1370200603403,25.044380926612533
101.48330318765359,24.15486419761975
100.96243585546935,23.039103816933373
100.72253263312106,25.150098328265756
100.9312309729106,25.029860789381917
100.64056598913757,25.81378414227848
100.34990100536456,23.799132881987052
100.05923602159153,22.679312327798293
99.76857103781852,22.00363966552844
99.47790605404549,22.27813206409888
99.18724107027248,22.21679166136974
98.89657608649945,20.54815426976852
98.60591110272644,21.03282844131844
98.31524611895341,20.847416957316618
98.0245811351804,20.104097334957714
97.73391615140737,20.135798308382704
98.32223281554683,20.441557996587395
95.42505563141843,21.22782126233034
97.84782755193777,20.378590342241456
95.79925893239643,20.127841468689706
95.76299788634293,19.832884367626804
95.82926804884382,18.796127098562902
99.05067893807835,17.461828563300696
98.4204817230808,15.442021395878044
97.51253502525269,13.645849363549472
97.88474740279963,13.642076379956706
97.57680060327061,14.497234430693503
96.05129425333118,13.413888220559757
96.20326805823395,12.462322199183912
96.37770370224573,12.038118099175993
98.04196323563578,10.840827522112098
97.14227242730391,11.944555661299159
97.89188817371613,12.861563720881595
95.91782693024606,10.045551785827096
95.33815347842545,9.001111112833867
95.74383297214257,7.947374599920576
96.77140999542394,7.768245822374674
96.31938512045905,8.40129612451765
95.72774889701562,7.305654057711513
96.6900893730434,6.994914063399934
96.8211731567461,2.248982864477439
93.51826696025208,3.7846250800194596
90.17164277152584,2.4334120843379785
89.9676068516693,4.714855971297665
90.56359929131467,4.731211205752958
91.0151513482,4.4693778588957995
90.89449496673578,2.7654630597776566
92.57952352248621,5.206269979222867
95.61987813380917,7.825958665238112
96.59631205213154,8.778362827397462
95.39888182630159,7.857882203559352
96.25983295599532,9.90507904033469
94.76285376797331,8.146539102002654
96.51802049156716,7.462784293579307
96.03134118069902,9.25886980503563
95.54466186983088,8.42105718203515
95.05798255896273,7.522541369377071
94.5713032480946,4.158577081972499
94.08462393722645,3.861453760931368
93.5979446263583,0.9699708403059395
93.11126531549016,5.176591886178606
92.62458600462202,6.0483072384839955
92.13790669375388,4.4061781453185525
91.65122738288574,6.828107379856415
91.1645480720176,9.85730926001231
90.59238757988105,10.831763634937944
90.91510724210816,10.755824534310205
90.72645288770448,10.685543858972574
91.72885614208988,10.266541729349496
93.55780020290167,9.238107845040666
96.33344655989423,9.711219029427461
95.84303328580224,9.896697546283788
97.95645494617428,9.004768961948235
97.13764322953648,8.62429555739102
96.60268545232424,9.775151346388203
96.08891690475403,10.936231521318422
94.95795513807427,11.895858398393488
94.34999524175055,11.442824394941017
92.99038346296533,10.8220416519617
92.08268345548696,11.611914621091216
93.52834024859507,7.4600354987538635
91.00404795678321,8.870827945828545
90.19780555563786,8.405673201998717
90.19588228703718,6.491229033723549
90.11068927965155,9.633315781655583
90.00241023875888,7.682032562928148
89.49425518886714,8.388916894599046
86.65372224120324,9.87508856209572
86.45300654867556,10.470452329694167
86.76701149655715,11.436602417561188
87.62997172441118,11.349061908583707
89.67627198200589,10.014361985786442
88.37338703814515,7.738411753129503
88.08259447260197,5.205040929637375
89.29743629360843,7.850864276955164
88.83881776536343,10.00910562850186
90.9030767549967,7.226171026671091
90.36029496513929,7.654837551208018
91.31704876982162,7.269428469901396
90.31260133537212,9.934452697615747
92.23419624020397,12.167239490075131
92.83018052815997,13.791886466144957
90.68338247664528,15.088501616778878
91.90542078298832,16.74499615746106
91.19980290380995,15.85253967474346
91.17751830550316,18.614177289098148
91.15523370719637,19.164689004771223
91.13294910888958,20.111870878034864
91.11066451058278,20.511727091032924
91.08837991227598,21.21925945684581
91.0660953139692,22.27172038087941
91.0438107156624,22.192457192051975
91.0215261173556,22.92977537373729
90.99924151904881,22.49788702731659
90.97695692074203,22.61306108971123
90.95467232243523,22.729847547168678
91.93917322772391,22.579795507024663
90.70426052475688,22.822734738682982
89.58376830356151,22.85790687983424
90.02411264787499,22.926682822960142
90.27335218009434,22.27060720135973
90.3034068320833,22.867750922317104
88.59808008099152,23.119261122225126
88.50003031310267,23.936736299643034
89.5704708661398,25.594746815605966
89.49965876503781,24.813804352625098
90.35596395384604,22.858842302648362
89.83001852197668,25.00791495296253
88.66896920549692,25.551702659571806
88.9443558922868,23.316164330002955
89.21974257907665,23.165843063304564
89.49512926586652,24.418633980199246
89.7705159526564,25.439242003034046
90.04590263944625,25.442367383850957
90.32128932623613,23.90803000755831
90.59667601302598,21.940611964929804
90.87206269981586,22.177131494644208
91.14744938660573,21.0272327281127
91.42283607339559,21.21211202678389
91.69822276018546,20.143751566260622
90.99663069965028,20.36757360008214
91.61671925480266,20.252607427783506
91.83775436969155,19.987485178797378
92.36408724946645,19.9456776744918
92.85338167410985,20.412467742848897
90.58936874902545,20.569780191410572
94.11850789343299,20.412643046496864
93.451332235057,20.084098545942858
93.4223033178208,18.42691942442701
93.86458110268579,18.571134394792352
94.06582868792579,17.93985478489142
94.05772824812725,18.169503245432335
92.3136096596875,17.707852160926926
93.40359066005448,17.102778910277426
93.44831852820785,17.27186470497842
94.50305911910449,18.5006349458726
94.03939181402181,17.31548510537936
94.83136463478014,16.719145760228773
93.13849362714426,14.872558990760247
94.64017388107867,16.187405373855185
94.4322957808039,17.176256258080137
95.84500119657403,15.842933901033266
95.6818646689069,16.72468710723561
97.26128740420612,14.93816863942426
97.15095261448737,14.948683579313297
96.93848778391889,15.274094239944608
96.69464793339637,16.102303231070064
95.54677778800529,17.312132512635355
93.80478591894544,16.27923133161502
96.28314724922616,15.325035831352018
96.65177195093801,14.913943896594722
99.44802175662866,14.290716895807494
99.5023023620584,15.92338813570389
97.74060360999586,16.41852510007895
99.70848979760297,15.436566105971115
99.21186767716662,14.990409907579313
99.6988358104027,14.541394811768761
97.90221166582806,14.491470164356738
97.71802854563093,15.405425228923528
95.27163948178998,16.09166584450118
95.38150644237619,14.43090967681151
98.26154487908045,14.662538611835748
101.14112314418098,15.256213653791459
103.74438512070849,15.74354067061812
102.8611281391911,16.635652678705068
103.70552467251888,15.623543721323625
102.78675126505443,16.041879123549823
104.13287334635422,16.777234044133895
102.05412555990674,17.755811973812968
102.15948155841971,18.937035326331966
100.27116256817376,18.92433881678534
99.22803780374275,17.779583639757714
100.21858984934029,17.236969276762586
100.11584284615152,18.207717973602172
96.30865979628584,18.745585868201207
91.87837401261123,18.194473294423215
92.44627389704418,19.78099619625825
93.57451071447524,19.421019233749348
92.43170871682503,18.827758747642676
90.68545783444836,19.567422761419714
91.83414852999586,18.598673702365275
91.2709736416716,17.24391698522766
92.92000014468375,14.84119698942737
92.50743210743849,16.62166376510753
93.00267473395962,13.588583817891065
92.37935281178973,12.494341404100004
92.11150493617642,11.940371352450471
91.31105543830978,12.714584348701345
90.78983201875697,13.805437486864971
93.158204629387,13.693421585803177
94.2760496007947,16.055320847686257
94.81103028460997,16.937729835488867
93.7957076759713,18.425836622537755
96.1109892894747,19.39184781267855
98.72437742309614,18.543477684041143
98.77037220504197,18.76174647053882
100.0139847173528,17.827090472810482
100.10315304666406,17.792702776582466
99.33857148516228,17.23423142573395
97.59709840015728,17.994675195152922
97.47659716471844,18.442284979390095
98.82574219711451,17.315447705170335
99.18386488340131,17.806987359495835
98.96016506792061,18.758233543367485
97.10645851205852,18.62370791244115
97.47087488578875,19.141562164659856
95.67111946853407,17.576008776252944
97.47423450431492,17.74670658326333
95.54813658391848,18.279838233494544
95.44290048606567,18.8125155414594
95.76938491886301,20.066554641528064
96.18070457524323,20.22643293040545
93.43022493033351,19.803179819118515
92.9449307462852,20.41064665208005
93.70655001625809,20.21130748230109
91.24105068076356,21.42710783440771
91.2194029190969,22.10261282437686
89.24912775748658,21.657550047611217
88.7630283104195,21.644858481910667
89.03345695871965,22.096540856531245
87.26976361565652,22.35300120969194
88.92174255146826,22.63238352798553
90.17334015525185,22.51861916965856
90.84909909089396,22.549542417155244
90.9317466101153,23.11262265138998
92.98330383314595,22.5020339512233
94.72471472229876,21.89608272713653
93.08159681317878,22.591154997985495
92.3493458760961,23.273069109293562
93.12928367174258,23.55162150004273
93.45627331841959,23.233177597314917
95.19682135966255,24.072554267388696
96.43405926735113,24.01877648437439
96.98779206082934,26.157460335318678
96.76177569501378,24.04686201168528
95.18930749588812,24.612320119622904
91.94522235266805,26.353269493778193
92.42544775156894,27.196563617774117
91.58418611452447,27.21228213790467
92.72999673739933,26.00375094722952
90.68236442883882,28.780365303268578
92.53941909559776,28.217611660045936
91.24507468960991,29.129648992690704
90.67964741896593,28.158036774713946
90.95757237112792,28.56826572488784
88.42078884019932,28.848346460143137
89.50916720352885,29.14981860972359
88.83459936710436,28.313065137493435
85.99916052267184,28.558483860703035
86.91577380410324,28.178363504297856
87.41430074599434,27.579916676695426
88.8447944683341,28.939220072754605
88.82428702779866,30.220631582618903
88.63726179460654,28.85240572769697
88.08836633141115,32.41743722216774
87.43018629957086,32.40171870004819
89.20861348665495,32.19117321005623
87.85873770707046,33.52781376741517
88.399616099341,33.51456271932882
87.61996180651155,33.37541027688144
87.17156381421796,32.39683792660728
86.1726711804288,32.46597356377119
85.80219152173383,32.508338211144896
85.78860113970929,33.08410721410264
85.7450902902783,32.0523193110072
85.37871019354365,32.035509546865455
83.6042224320609,29.441425917759414
81.88034489472116,29.339894599027886
81.13130108685826,29.97379558050955
80.32850240274524,28.604413810212012
79.41128447245988,28.204832222603635
79.0378236008422,29.40563832383501
79.69033867754824,28.287506279804088
79.42690921322693,27.775474201078264
80.4746795184187,25.945433112940304
80.83356078221969,27.04595188953219
80.56122040652485,27.28297748884059
78.88326408014646,28.574999024962757
80.49231391978549,27.838404544453624
82.17164411148326,29.340308253406892
81.48482843278583,28.280645047394632
82.59014900070862,28.082695435011722
85.96757801584118,27.00974959269919
84.85530386239076,27.130593705361342
85.58960087506979,23.606266479307404
84.68065680857534,25.96931849192844
86.32070367999748,25.87840948322039
84.66095746292542,26.476012932684526
85.51426430456593,25.762527818499525
83.79315080136362,26.073272732890572
83.43475182070136,24.370536873128184
85.21503301960271,26.315715758054353
85.64368172838829,27.379682186231268
84.25556695555224,27.855621925090077
84.12236738345126,28.57965507279055
84.12980926423263,25.987262231712137
84.18470772554038,25.256232575359054
83.4145316851983,25.98309439230638
83.52790208438279,26.02338201944397
83.22974556533379,25.038309194954167
82.83385890468294,25.01142305799722
82.06967449503469,25.021351292470815
79.61980944291408,24.51291447158122
80.50583210426463,24.42597306620635
80.5921808473846,25.958302192345062
81.18568993120286,28.172209674981943
83.17447048546552,28.114574176742366
84.19986246223127,27.60575674672462
84.10763606680308,27.03547990041097
84.43460870170429,27.31314158225806
84.58587603919827,28.121478982581767
83.25431493660362,27.187202863431235
83.39606308972412,27.833178391578638
79.9673549528924,28.0339848219297
77.88216049631882,27.80734170725651
76.9033638132269,28.12004540060142
77.31112378991175,28.332773916678587
76.2202775611891,28.259493029186373
78.64012473857179,30.535718403514977
78.10552686693251,28.538570123602426
79.03957709669531,29.3781443114004
78.93550582546177,29.874074371195295
77.50817223483597,29.56497654362664
75.52458253281921,28.78527989887269
76.1665256469626,29.15634745372274
74.23743508780657,28.631845927582106
73.92349352857292,29.87813211152395
76.26070622467923,29.923917790855338
77.23603197781397,30.778448721341462
77.24091772730726,28.444151366009006
78.0505172004312,28.78125429051408
76.77502449143587,30.98669771111105
77.16313125271944,31.975469258344845
79.2827429340553,29.378069601782382
78.60066226569663,28.272701412901657
78.04350646215318,29.339525048530795
73.68461987421766,28.234657124959046
73.43759381103392,29.495424965869503
73.76592411873338,29.31377594844182
72.37557147426642,28.676504753906364
71.48908966147631,26.57974597519114
72.28511617726419,26.249464164183383
73.04745661156814,27.727642572573306
73.25004630600047,28.270041838702376
70.2598172797422,28.81686471272442
70.60790820169218,28.151498383673577
68.84559563186167,26.495550205919944
67.80644046753743,26.569797097563317
69.70088298541015,28.001939744903922
68.45684701683112,28.23891378785528
68.40663875623187,27.161292231136837
67.46384031738341,26.94786256867482
68.67056033133102,27.93811393634836
68.00576098306625,30.24534041777265
66.34337776744998,29.924604217189156
62.55148829231139,29.659143580326052
63.06694818765933,28.590890200781587
65.63213992548367,29.102384775080278
64.54779213655429,31.02723612529165
65.99836267275664,32.996267565896936
63.38219329028603,35.70095847093575
64.55341399041524,35.31824655788979
65.26781755051412,34.29684100559781
65.43772542285322,35.100683817197364
65.71805220870138,36.21253413172147
65.74295862911958,35.49559461210245
65.81735410767325,35.538325135692325
64.71373996503576,35.52077985125367
63.38108668599308,35.835755318409575
61.67265763617995,37.86473595036051
62.96384012057041,37.98373297658072
62.669629365987376,39.522804370829434
63.63596568063276,41.66608583759947
62.598236576226434,40.711582719829345
62.712676613528906,39.8242357354282
64.02432636143014,41.16058217891152
64.03727377614382,39.74514897261002
62.8217844984462,38.08723101642039
63.26204630394034,38.55839855980303
64.8783771876345,38.2093740585323
64.05638649350568,38.42319822118547
62.57767399039495,37.70840719077736
63.307912876847105,37.10640915975497
64.93238019478397,38.69956889593057
64.72773331707641,37.47459220011811
65.35677564453191,38.91247514780766
65.7859143018298,40.06159589268644
66.09199006033566,41.271710559690554
64.86187638877475,41.781028961012126
63.631762717213824,41.70779613307114
62.40164904565291,42.857775174739935
61.171535374091995,42.45775458901905
59.94142170253108,42.214090395134754
58.71130803097016,41.83134388302263
57.481194359409244,42.145231104158796
56.25108068784833,42.11406261921887
55.020967016287415,42.88096806690152
53.79085334472649,42.862558257492175
52.56073967316558,41.85045440813575
53.47563586869023,43.344527994122956
51.497642886830356,43.755171447602685
50.58541950214402,42.71101764376009
47.80897394420588,42.02739829624644
47.55903758980966,42.991666836812875
47.25649812380778,43.217795316661295
48.02336162264753,43.069221604865575
43.58518370594992,44.153046192530425
42.11406261921887,43.788120650405624
41.83287659876461,43.49195800415048
39.031590612303575,45.304210696380466
41.224708848353416,44.79848105659501
41.45730182964701,46.351888069924335
39.5595969653572,47.001985625134054
40.70724845063097,47.350121031365376
42.39652540433523,47.58899212589217
43.5244297581078,47.82855684280998
42.200593302910946,47.16946496491999
41.73695707154405,47.655684998557675
39.93484967136015,47.428064257614984
38.55183168588337,47.26765055239733
40.60709034495359,46.752921716911366
40.04513194738848,46.791298766870554
37.79033690052721,46.41482637334751
39.67326398036772,46.80474155383934
36.38874748920659,47.22775297326474
35.11525371223293,46.48271057415494
34.80815865425158,46.18118097288493
33.635694480548665,46.09951284969249
34.49819894370731,45.38961962506555
33.04156327115551,46.04584693047727
30.841652730719293,46.1093220639352
30.535718403514977,45.90976366301085
29.281592892207325,44.86283409209577
27.672428932518855,45.20288697757281
28.304627510383913,44.43941125146076
28.682931697055484,42.87943906025446
29.061235883727054,43.54271670881186
29.439540070398625,43.465245331563146
29.817844257070195,42.366571180687274
30.19614844374177,41.59422612470719
30.57445263041334,41.188578435852754
30.95275681708491,39.11356260266358
31.33106100375648,41.059409372986856
31.709365190428052,40.26838252617337
32.08766937709962,39.10287183022939
32.46597356377119,41.381277740955476
30.191657894725832,39.60741277482843
30.5384714839447,39.54506991078341
30.811124567532374,40.25440140866527
30.127329348137398,39.13110967227991
32.0106077746472,40.317516919938704
34.57764735063836,41.505180970778284
34.20095156379368,41.826827980155485
32.865867840541966,40.28550606131273
31.85874517904979,40.56876029632476
30.73454113224026,42.682286406246654
28.74862461037456,43.51384220973728
26.353269493778193,44.901066559833296
26.289956982677268,43.48746993611347
27.69741381299225,43.5244297581078
25.810988755934915,45.52338544511704
21.831045178225615,45.253545823269135
23.088720284732325,44.16741903740115
21.117404682858602,42.291649245356005
21.937642628836414,42.431178547709784
21.404965702553646,41.55197979406139
21.922394506597545,39.723047879782136
20.260895232527186,39.2037800191492
20.54396851794856,37.43507398121923
21.18723483158428,37.482455527204
21.0287557544171,37.11685922638819
20.134329476754854,37.80136962236564
19.27478170773217,38.28321135413998
21.172100155744438,39.21087647319501
21.38840724419614,40.647600137549226
23.11537645180443,40.524310424486295
22.4728961115663,39.98939402965107
23.45158977747042,39.752813164565474
22.418730461814604,40.040458101379215
24.05519797510486,40.810348212806986
27.355572000518222,38.67394231986063
27.289473025202454,39.29402882075989
29.874074371195295,40.624058993670296
34.266728206020815,39.40923114704423
33.04192259804782,40.02869655797777
34.73822752654356,38.94693641181501
34.20368544967549,40.948163445243495
33.738905099711516,41.18960284554766
33.973956521623535,39.045808639552384
33.81416960415593,39.16569081133288
33.530807678220036,38.670382695968286
33.08341541265811,38.97381685937837
32.123403453397145,37.47742708883293
32.445630694161565,38.99288293873999
33.826156495349096,39.6835206422125
31.172621536086098,41.38024298466301
31.82864914028515,42.14008679430321
30.98669771111105,43.41872267510926
32.39469208377769,44.63126693894158
34.12856646179165,45.026060108628364
35.72270381207194,46.57204666934603
35.065363036900244,46.27556105565667
35.70727455115756,46.300096178890335
35.16520814276858,47.03646339141726
35.07993701606325,46.799970791180506
35.07733382343985,48.38037062719558
34.028780113476444,48.181684025038045
36.33171587619352,47.514672995828846
36.11992521017982,48.20593797248327
36.854943940829884,48.82103534980986
33.680600610262644,49.12185425388683
33.594770967015165,49.74517028368324
33.674028931727875,50.13453230159362
34.873603550958244,50.66697170277562
36.6858794075719,50.49602669169771
37.76349387911959,50.15692843096869
38.55839855980303,49.285316781170216
38.942729340386386,49.37866159755823
40.75014774782243,48.39228687045591
41.01105205234811,48.10326737132958
40.55813350740556,47.31099303710807
40.908202528481304,47.70279709032513
40.97169894465752,47.55903758980966
41.8141316516262,48.079112777094785
43.04206319923184,47.989665940641
45.51365172633536,47.83869755335864
42.85701912552582,48.187661511161295
44.42721933594068,48.18670941035734
44.592635949117,48.06953103632939
45.78168027847124,48.23987118792972
45.43363167865013,49.39206797915588
46.76638752813055,48.74917807618049
47.001985625134054,48.92366837115192
47.85378103490342,48.268600122168124
47.75480131079434,49.67920121770938
49.87019330457922,50.40250524690646
52.34205259931211,52.15834352854287
53.226926852197984,52.10083805266242
54.48666841319701,52.004922631286966
53.213960590195235,50.8392630249138
53.01699537981852,50.99891560576108
54.26520291638649,49.19971208471379
53.923958712582234,48.1238404466834
56.7321992135835,48.68309849605138
58.53578862165055,48.70442389893597
56.030522556388426,48.79942006918356
60.53833319850976,50.11433138138268
61.031099825421016,49.204626555031254
59.44057534285674,48.61639136359968
59.71185142246947,51.59253758370953
60.805570045616236,49.551794773535335
59.91178212292937,47.96515016127303
56.90798714368489,47.318583710841644
55.289405882539704,47.09341322360761
55.29736458641792,46.52586220678585
54.78112461379446,46.38039838725563
53.42305206451309,47.29373620893656
54.38651999528395,47.050094292252744
53.1608071107771,47.17633977163813
52.65284009830399,47.21347198642971
54.58803168358249,47.49951851341442
56.76721307150568,47.807113473817665
55.144488031627354,48.183020460087846
55.841629899424085,47.93860036295072
55.01032772537272,47.80897394420588
55.16357134084989,48.07588955618271
53.38133198556732,48.07187976659036
52.435369438111955,47.684238298885916
50.72441824616518,47.5302979162729
50.81736278634982,48.354160585022974
53.02365645784187,48.66528460191355
50.960389938225106,47.85827647129256
51.59701505816892,48.264012442020366
49.32976226816975,47.771852732087694
47.85268900479171,47.511025854975045
47.908931028480474,47.25649812380778
46.480303652003336,47.64567383588356
44.726532082750715,48.06116835837519
45.57452935641488,47.76661829045814
45.54149361064401,46.80391463036313
43.20548767133498,46.55761401129118
43.027386602266034,46.84267140652918
41.4893794684413,46.95667826749524
43.1418184817464,46.317030848070445
45.53901717674449,45.912995754263754
45.09900004871164,45.67282846317511
47.050094292252744,44.9953426809258
47.80716817416221,45.02451602803885
48.56424205607167,46.06479094043912
49.32131593798114,46.09134717071948
50.0783898198906,45.98274067927286
50.835463701800066,46.18399518786374
51.59253758370953,45.44878976682549
52.34961146561899,46.399200512335895
53.106685347528455,46.32284090576373
53.863759229437925,46.68692559992489
54.62083311134739,46.782751191259436
55.37790699325685,46.76638752813055
55.60339362377388,47.46393918266094
55.033294986065606,47.40208694719869
54.126103533921416,47.06714028655702
54.64210570918406,48.666976445258264
55.08794297112593,48.23608496167118
55.98109778639822,48.173264193218124
56.36526254593648,47.61545249392297
57.52011740815231,46.672045462432806
58.35139896385088,46.91984861087168
57.620695979787136,46.41843743195861
59.041558911223014,46.116295769263004
58.37766123043757,46.480303652003336
59.1087554477186,46.268319714146386
60.266880235200034,46.62890682751384
61.45268243600872,46.883292589612985
61.76012450408201,46.400483929084025
61.21860245520688,46.841908144670356
62.24694196800181,47.1260600579583
63.31879907425924,47.20696022813725
63.480567214801425,47.050405249542784
61.75968792105196,46.778618363951566
63.96249273781189,47.40018191172154
65.64806641184161,48.23481310738494
65.73542939084595,47.17817149919
66.56013014102706,46.82957521132666
66.06826140328366,47.258138487834046
67.08802345987735,48.01419614149343
66.77478225588638,48.09979871183095
67.11946624494252,47.54157947299531
65.22329802099162,48.86854957719312
64.62639200325776,50.88475117359873
66.04139016449155,50.70686837259228
66.76034549817473,50.81998484811521
70.56770213645223,51.652194231378175
72.64018263140213,52.183725081041935
73.90193841252602,52.0186248343406
73.5064127504381,52.65641477730327
71.10190050127868,51.70418713755744
71.09387522232596,53.106685347528455
72.04742584092484,52.05207630833402
71.79103145798582,51.68658150110897
72.89028408448749,51.416755563060434
73.19374194375055,51.53931875257519
73.17052433423692,52.32043639157861
74.18196919095764,52.21172583058817
73.01629304633938,53.02486789347236
73.40397152293828,52.94204345606387
73.57459295471459,51.84203934631214
73.65023753874961,50.932774791171894
72.31061501102305,48.80071852366262
72.15555062936276,47.92767861919813
72.75735692793076,47.85378103490342
71.85590666665058,47.95941727137878
70.79571466691053,49.32465086981003
71.68679841920157,49.16185962021794
71.03264000400755,48.341784501437154
70.651788995803,47.983619004361685
72.22868042101112,49.86812089865366
71.97138644052117,50.24912163083719
72.89581859896914,50.58086850810943
73.77959512140683,50.42782983503927
71.86541419881979,50.23099215545102
71.95580630070413,49.43503088820897
72.1916040509565,47.80716817416221
72.56994649317016,47.02071295130606
73.97430372029035,47.7347341040216
74.09488074454205,47.89097947612965
73.56967075731866,48.55830887640456
73.35125785385084,48.05789661345372
72.19121128367222,46.99617775545143
72.26063652143867,46.619419979805905
72.77220877946436,47.50297588598038
70.3489671448594,46.83939760435303
72.98130137978079,46.405738583085316
75.9632692941728,47.68103091082942
76.79050763012667,48.16087998141481
77.89575035690812,47.614255685322085
75.35031847876517,48.13775200631549
72.75065512631642,49.282547225240464
72.19353937854932,49.256302982653786
70.90803476171362,50.835463701800066
71.39053915693509,50.62082287062123
69.0245773906948,50.515581833032854
67.67100950841707,50.39187991022988
66.41202153882068,49.46233225527634
68.26662483285696,49.02902119429645
67.92313930863406,49.55896687775984
67.14444712300642,50.0783898198906
66.9643066385932,50.31555069003346
67.04979840790757,50.089496714558344
64.2625962546302,49.53277101371713
62.980707945936985,49.985926422464736
62.782492085310494,51.416568817179474
64.20423591236137,50.770975580147194
64.59184336173895,51.28072799127059
62.944586867654294,50.69732770270318
62.46530102397145,50.81736278634982
62.83030509305098,50.56326763844024
63.38084286489894,50.960389938225106
61.11975744863216,49.8979275454763
62.62215132743323,50.80010091719536
63.248858502230235,50.56796356306949
65.0858399193155,51.25363244902775
66.33181655602239,50.06955956312016
67.23551104958842,49.8720529380877
69.58059527653643,51.37836973135782
68.94981168584933,50.42611544212592
69.48971643697553,49.857050374834415
69.55184378111696,48.98827029593682
68.63016460762275,49.013676309882754
68.6988314048616,48.93211304893403
67.56210959980943,50.042231629156255
67.88451623545458,47.85268900479171
69.86532175082336,47.756076818291
72.1272179893862,48.80308046349365
70.94253993863673,49.861059963214444
69.17184584768516,48.0567677185066
67.1122356130235,47.48116620332138
66.35698040387312,46.220002994045124
66.09511670916109,46.72899171128533
64.37542731103171,46.04933984105513
65.74109985821225,45.915751760291194
65.22069148539495,46.040367194918105
63.60428788453493,45.59149821048325
64.73709829697158,46.22916661595499
67.09589339045493,45.80303240304776
66.90598274805295,44.394823507450276
67.16818881283818,44.93841554025066
71.54065640504471,45.17751367303448
72.45777067753467,44.78592155361964
73.45102607262966,45.38823034389682
73.37392191362635,45.70385394355773
74.40032506700916,45.89239065008679
73.8021001921932,45.8740075985988
72.50602870999253,45.85231359143139
71.73946202560514,45.93466406212443
68.66943302976708,45.960693040285875
67.9673596681353,45.69343412945409
65.49685163018508,45.380890862332855
64.00091893990695,45.57452935641488
63.088885017141095,45.44491864061549
61.35373919148378,45.76133371653274
58.72192090452679,45.2955210881887
60.57911921076864,45.29265242002197
60.74534813141558,44.81494005593171
59.98386557089077,45.71782664187083
61.479058165811736,45.78822091463179
61.32984414728771,45.95833983267583
63.49433648728365,45.81814613071979
63.27351546008961,46.569815630801784
62.8711165717584,46.743193154189555
60.88751833622585,47.09248293748526
61.972921510790414,46.7605297990547
60.24050540203858,45.99724390070031
60.2141351267441,45.578470545885004
60.77582082618367,46.06126899306497
61.095437755137084,46.3708761943306
61.004596458717515,46.084032922181244
60.894834530334336,45.452572086554895
61.39048165679117,45.85129001134268
61.30916290270482,46.14532033410637
60.00276090888484,46.081910673250704
59.99332565189905,45.88432244199843
60.84650722744446,46.73741462161778
60.73594931036205,46.24892250215713
60.66825333188448,45.59829850241092
60.541880159230715,45.99267682748886
59.35575995476593,45.22473667175396
56.496121251189955,45.19892453978259
54.675626224268996,45.026648711616765
54.48109936249516,45.96041589315318
55.59009913559084,45.96110352250677
54.88682946880653,45.1213280123414
58.267858289523794,45.09900004871164
59.68526570076948,45.1356633810168
59.467490073857526,44.436271707471484
58.5298150309633,44.30946491924074
59.03944567618235,42.42638234297743
58.68358024478572,42.39089785450839
57.08719389319412,42.621607072446196
57.92131424834865,42.83402712365762
56.997598454078336,43.34242005474605
55.60080712383228,42.02219240479555
55.748716846807206,42.01459179756991
55.896626569782136,40.81857353585034
56.04453629275706,41.78016579260085
56.19244601573198,40.796951118415144
56.340355738706904,37.96072965062338
56.488265461681834,36.40937372889089
56.63617518465676,35.11469613906878
56.78408490763168,35.11306823976133
56.9319946306066,33.82301385694052
57.07990435358153,30.64603691196601
57.227814076556456,30.944262008958297
56.86932943690288,29.632960765849287
53.70065555089081,28.6042765767756
55.74744408770629,26.88447967186154
53.122142147088624,26.93908595386781
53.14730809978172,26.685954764904782
51.984339751276195,26.835482388763918
51.45351980426076,27.64655248648224
50.92269985724532,26.37889415697705
50.39187991022988,26.451181076564392
49.861059963214444,28.245626283997517
49.330240016199,28.405712766374272
48.79942006918356,26.363389344704814
48.268600122168124,25.701322890399965
47.737780175152686,24.90400506834734
47.20696022813725,24.757638112145177
46.67614028112181,27.880039841348786
46.14532033410637,27.355572000518222
46.75381529338036,26.042771844560615
45.02976009330319,27.984287925163557
45.44225799135389,28.296390024052325
46.68692559992489,28.42416895283637
46.325812828362785,28.843395556077265
45.66425640993573,27.629864280521772
45.83985410761041,28.22645074493185
47.91941072035559,28.22304826114321
48.74008106365908,26.740440422827206
49.02902119429645,25.846985082220016
50.42611544212592,26.042661713168112
49.9663511311519,26.811804995192222
50.42782983503927,24.911709879017316
49.5045524583478,23.430737846204508
51.40076762685454,24.557636133459358
51.61567182889758,24.562971519106966
48.86854957719312,27.011756650517277
49.608409841106685,28.23325935846866
48.41729264646661,26.113310737503284
46.501284159488264,26.145046205318277
42.88631563542161,25.889281426375053
42.62733820285051,24.880838640109346
41.92009905879939,24.350856389174634
40.61043750898138,23.78844521062284
39.80753354064457,23.26588032828723
40.16579887722239,22.215737753752826
39.521943805685424,20.408034127817718
38.86621586860309,19.341518694461175
40.66820318233477,17.677936538818596
41.49247733105618,17.48748875326278
43.465245331563146,16.785348013288413
45.17751367303448,15.130874563564584
45.20288697757281,16.117183223631947
46.18698278810653,13.469775841288216
44.96896890782128,11.740660084641389
44.153046192530425,11.02811154116422
45.29265242002197,8.527869002351474
44.94891751737889,8.444531869659858
43.483280558736304,8.399534853496018
41.17718260626136,8.268610363275464
42.009368308955715,10.322681982406701
45.253545823269135,9.10647970590913
46.870105681998936,7.06013374177299
48.10326737132958,11.07303550161793
45.722753853083645,10.064346511798014
49.72731501742756,7.462432616984403
51.0926289172363,6.420403944770952
49.284024825084195,4.147769998771464
48.07187976659036,1.4856893752553806
49.496580332009735,1.742602037075178
50.13035428444255,4.405044847711105
51.343328979458306,4.2350258019803
51.8197608534515,2.7443778855987406
54.07343478492612,2.2917268557871946
55.223550171340825,2.565849190995879
54.14223354207339,1.3565169304594424
55.91805461076372,2.029571310811281
60.196970930114844,2.3392051328277708
58.19035475753275,0.40272870632848967
60.0840867739711,0.1754257488621076
59.05784307045143,0.6752975439494592
58.85111791886634,2.1633131048662797
60.01573358802005,1.5256245965821655
62.14017988737986,4.964174182738438
60.999967033359184,9.935687649901345
61.22099401039096,10.947341645799908
61.37359899039884,10.728212951828857
59.962798986370466,5.419750863539873
60.66681754386068,8.484404787902724
59.848924525301015,8.676590190882928
59.09004534236243,2.6813773519983486
59.626990112407704,2.24818379402831
60.427817356825095,2.6846567093591167
60.66392866224378,1.4235587215665646
59.97301596999217,0.9757746924785823
57.600104730625546,-0.7672483649134769
56.31704179431808,-0.19052610521310293
53.987802034680776,0.4459423533508474
54.78145299360136,-0.40520489400039406
57.046959432749844,0.848604737243183
56.08908670133684,-0.392465800769351
54.40128817733502,0.2276515625904172
52.174145173625774,0.8165688265239874
52.183725081041935,1.810225117570675
52.128968359396296,2.2019434412222774
53.53549007963223,1.7389991231969804
52.312943886358646,2.4569741431375007
51.297986409238,5.395811810828532
51.134290218405525,7.357590154528474
53.136009080636036,3.9405378453883553
55.08196128986645,1.4009009291509966
52.21172583058817,-0.25563352463659345
52.30109202001216,0.1306355560444351
52.17315889938734,1.078425657587411
51.57476995221857,0.46763998402656687
52.31443023328813,0.8585556023968507
51.649644459870714,-2.2888165617390905
51.165745304316324,-2.945746649564633
52.011194994847145,-2.6016657397307585
55.4760179012673,-1.9031079337247323
53.49367982948232,-1.1816197569589209
51.64111559104361,-1.6688463710476
51.649534172025646,-1.6308388827404872
52.359908141677984,-2.3002261777912087
50.31555069003346,-1.947273727978466
49.82637962505204,-2.451336880259871
51.53931875257519,-2.0368010899572
49.55896687775984,-2.1288415674906944
49.468184907283664,-2.079974869446734
48.456814624536975,-1.6772949922271105
49.628738574429555,-1.6615664215806145
49.83080824481964,0.2303757561066262
48.70442389893597,4.44187299928095
49.256302982653786,8.757704024812277
49.98156718507212,8.461954652545616
50.62082287062123,9.905516231216799
50.468923272057594,9.36806331323124
47.23441989824155,12.305176938071757
46.41482637334751,9.960694799703978
44.16741903740115,8.426111905648677
47.31476327784319,9.653755133607076
46.43075692436269,9.678540625298867
44.41447090106748,3.6913052349776505
43.32878061732021,7.3728416517278115
42.431178547709784,5.13398030221511
44.18264081148703,6.858000800544003
43.65795390377765,3.9587214769886314
44.71583935601728,3.402792211047945
45.38823034389682,7.3235141452493835
46.803886400178094,0.9309968879853172
45.22473667175396,0.5713664493612339
43.8549853485326,-2.5331528283879634
44.01493507191669,-0.3932219213006175
42.63335106364941,-0.8035785540570282
44.09426703290623,-0.4252887927450546
42.15091053930465,-1.2214390801894748
42.669148548943554,-2.3366033560660577
43.51384220973728,-3.2258523487305246
42.6499237537766,-4.472669238176966
42.42638234297743,-3.8848843638615547
43.34339059511997,-4.70815032560626
41.29362226172669,-5.0323672070330225
38.90836306305734,-5.102317687746756
40.19229805364538,-4.640329770740261
42.19594533123708,-4.479869381028816
41.9504583712365,-4.825745404765647
39.98939402965107,-4.995754511342876
39.14008447873395,-4.547426305639876
38.450329964387336,-4.959763105256992
37.40943244333505,-5.5789796142361485
37.64811461795592,-6.256414012559567
37.07367844964735,-7.2521987879682
36.91856884361468,-5.273216884069437
36.2303514852992,-4.851108297525457
35.32741845593223,-3.8776052620263473
37.65765048193533,-3.762056187366785
34.7859761808544,-2.9525955878488443
33.15176609912411,-1.3359606703301785
33.96600115958389,-4.142797601192015
31.41050888097398,-2.94750519727217
30.596586877156238,-5.039782849883057
29.061582165693185,-7.0416978385155815
30.49999547158954,-7.005585439139251
29.395318725821017,-6.701777566275039
28.022668327352438,-6.889737937290598
28.121478982581767,-6.717356101388285
26.38435166434156,-6.0885050182528655
25.31228650185866,-3.845694623230517
24.067070676445574,-3.4004424211280995
26.42536985045667,-2.5275994447451122
27.25667379274031,-3.7611895728911473
27.52460892545203,-4.25992435257522
27.75157184947822,-4.383055161938197
25.889281426375053,-4.756435585687806
29.292588737324685,-5.4398059917379715
28.051810549731858,-4.220659353487587
28.204832222603635,-3.761822614184504
32.11211433197985,0.5378516394920961
33.14543823725707,6.374308021276015
29.618718877392226,5.927641170334187
28.762268805316285,5.584161437389264
28.264661212527315,5.686774423435249
24.985524280529322,5.388533801733736
24.42622295202284,5.915814419011106
24.73046277214787,6.2023492395550885
25.235233114457404,7.408592256702633
24.010712065728285,7.513742997903146
24.509585984191506,1.7581296721842794
25.75305137534465,6.30442137292677
24.557636133459358,3.941278529057615
24.76816475407058,0.8483775691627612
25.604376750110738,7.423213384109307
28.558483860703035,6.583561868048159
28.21328700154941,2.6174478586990793
28.444151366009006,0.35834343409359826
27.553931714127582,3.9580392421916653
30.747200167243097,0.8594368650380316
28.151498383673577,1.5207770276196704
28.346412733749556,4.060187967638085
28.576999894722157,2.243473693184457
28.631845927582106,4.2631973495730975
29.339894599027886,3.7103220976237745
25.7099302717059,2.553454195673381
23.998959434708066,2.2495542684970546
24.287103391591028,4.437052884660687
23.979384409582007,1.083220847355176
25.050509095036453,0.6838748318910928
25.86571800135247,0.4114244110324377
24.95773785343229,0.917160758993258
27.39336247194905,0.2413920589525257
28.74828482710134,-1.5412928990901813
26.315715758054353,-0.980414432538391
26.018388089349376,-2.2255623825757316
27.395154966568484,-2.9212850517206803
27.814084343853715,-3.637876520174558
27.86434667361641,-2.73469896299354
29.28994734736482,-4.051801053558404
28.082695435011722,-3.7495159220583876
27.729283492842658,-4.406332791804227
27.972205980491857,-4.945949087624468
28.23884744593945,-6.779504489989161
27.98774296847617,-7.5642178205416055
29.87813211152395,-8.468334240949842
29.441425917759414,-8.493713037162255
29.61094220097881,-8.506425795935789
30.570362407476715,-7.490517623423927
30.268671577316216,-6.868108741499582
29.102384775080278,-7.162826925609587
29.73731563885556,-8.828705504062889
28.68997034268695,-10.386106942489869
26.17098613860569,-9.34001253156004
26.932777967129525,-10.229354546972536
25.749035482082864,-10.399740471251246
26.300013351664482,-11.616231003895034
26.808241432689336,-11.496786946679494
28.25526236293539,-10.930105979609442
26.451181076564392,-10.739354411860637
28.843395556077265,-10.965565408656813
30.17929358318371,-11.466038808757771
30.69386659600097,-10.910173906195272
30.78484021262693,-11.533269146764136
31.13366752174684,-11.591074048975024
28.217611660045936,-12.016571859096182
26.63852409884014,-12.543379768196653
24.441187143711772,-15.73549758371772
24.585943500580274,-15.512361000610873
21.829270099898483,-12.693050897071323
21.416547008992104,-13.668135052837508
21.75339176033428,-13.245091865639303
21.599455806598588,-15.568167396688345
20.97271971249519,-17.160976393956904
22.579795507024663,-17.674311691035566
22.591154997985495,-12.417832235013345
23.030492225149143,-12.052054178644537
22.95327504605551,-15.390613729843425
23.113172077674538,-13.202439393899798
23.273069109293562,-13.483112920535458
23.43296614091259,-12.112089895493794
23.592863172531615,-13.459192000565855
23.752760204150643,-13.64241246110638
23.912657235769668,-12.675136572032395
24.072554267388696,-15.057084611845
24.23245129900772,-18.47026881193922
24.39234833062675,-19.748621042830074
24.552245362245777,-18.385062895096677
24.712142393864802,-19.921712498154836
25.986168040644788,-17.967153814083403
26.569797097563317,-16.615858772451976
26.168155427486226,-18.285360019401473
26.724177160122043,-20.970011615612158
27.579916676695426,-20.352304922433003
24.9407642674192,-21.535294613033255
24.08723832657382,-22.062616228157207
21.25412309938182,-20.754014019140993
22.48869320288934,-21.649666831053096
22.10713286285125,-22.33368666394239
21.128934204328132,-22.208847942523217
20.223016450413116,-20.590438209751223
21.555295689130798,-22.113447535308822
21.6321199342249,-22.287703545251688
22.898487511169268,-22.397530789094837
24.601811651625454,-22.773560649400526
21.897757664272365,-22.275083486986457
23.59199407440856,-22.898042343338656
25.834138629952832,-22.945875543570384
25.38839527011408,-22.86161932004744
24.061609132284918,-23.99562839857542
25.911045333102756,-24.325830930585635
24.177811949603345,-23.65830830915225
23.7526222820442,-23.666206678701847
24.254600869277116,-24.847176391917092
24.930904539290857,-25.60649672446071
25.62189510712878,-28.880200615218126
22.918631571534927,-35.09278722226251
23.000615051687543,-34.13182765444683
22.51861916965856,-32.661334959898106
22.21367667335067,-34.400626242696084
22.688751542055815,-34.79843710587173
24.807772817517996,-32.05599556015602
23.29069911393042,-34.73287521063933
24.370536873128184,-38.09051539712394
25.66747513804571,-39.18680073220382
25.675171764067557,-40.53181391374838
27.084417912831203,-38.39878158236225
23.50106603983825,-40.20567895160484
22.97212313560916,-40.94953735863718
21.834338330814447,-45.9055738296213
21.771119860007712,-49.04494564227607
21.271362195813243,-56.971658737594936
20.54815426976852,-57.27494668066419
17.600848365300543,-57.523007898276944
16.248517800850767,-56.99905762269093
20.068716531527482,-47.785802274169825
20.29597025002398,-40.970210076686655
21.22782126233034,-39.37806476024233
21.0272327281127,-38.834949953284145
18.92433881678534,-38.928887924218365
18.738987078685152,-39.9151291102951
22.00363966552844,-39.672584531800524
22.909779896424084,-36.99777960882602
22.904095511096376,-35.12362268387912
23.6130769670757,-34.73374618158994
24.08855243922785,-33.24127983181783
26.578857602205115,-34.31513131673321
25.021351292470815,-39.05682636700867
25.266075535853986,-39.39624194184357
25.50918175309866,-40.01358271985684
26.733662216318375,-36.39744338609442
27.011756650517277,-38.82924790383214
28.595310339264856,-38.35462368613966
28.38386700113818,-38.14198539600423
27.25194732225618,-39.250833682617724
27.60575674672462,-39.52754689345839
27.262103146313045,-39.504336210304075
26.255594508785105,-36.39421266834361
26.134456755364827,-38.24332864285305
25.73613200033184,-41.702224457120934
28.6042765767756,-38.34131925000434
29.884982461840075,-35.35065834069664
32.17076923308396,-37.04675299828185
33.94533382541827,-33.609763988831304
33.22084577307462,-35.145483662968594
32.748405043430026,-36.63373774329675
32.0321720062994,-34.29198350537277
30.778448721341462,-36.59204389504839
29.18846875755541,-37.638051871829575
28.82031823936467,-36.187353042411694
28.24724561995785,-37.17217124198551
26.801151695043913,-37.508223483486404
27.58667858521182,-34.90895186633299
26.93908595386781,-34.6544262194236
27.665141546865016,-30.513374924963756
30.716039562119406,-26.708528629207372
29.08426949423024,-25.65203525272814
31.342801633344983,-25.836060594139933
30.882333636011744,-25.956803030526373
31.619067826735467,-26.937090061302776
30.24534041777265,-26.467833182701913
30.115017947736824,-27.52930775806774
28.574999024962757,-30.8366952635901
28.14030149928978,-29.98116599229543
28.590890200781587,-28.14350127295179
30.07216451755455,-25.86972652258402
29.31377594844182,-25.309139806591233
28.656031163972575,-25.021453539858616
28.604413810212012,-25.245303329678446
30.497250634410452,-24.61639353142093
30.189859061364874,-24.43955226746429
29.756013615896233,-23.942798322847707
28.278543787268518,-23.990624046423548
28.655203475797446,-23.441693972111292
29.031863164326374,-23.112922993800957
29.408522852855302,-22.99582069521986
29.78518254138423,-22.728900867487646
30.161842229913155,-22.60308327172944
30.538501918442087,-21.703404829127148
30.91516160697101,-21.683937050885984
31.29182129549994,-19.94411037883212
31.668480984028868,-21.626972011751583
32.04514067255779,-20.895121966451924
32.421800361086724,-22.22426450744956
32.508338211144896,-22.246071051925988
35.03160429371557,-21.235478195714403
34.750738534776055,-17.41671555316465
34.64126848209308,-19.081343578039306
33.60796831690025,-21.610232630963132
33.798395517172786,-20.364905681729763
32.658737597027354,-20.831451191424502
33.45359270630985,-19.970568128993186
31.91743692186811,-21.146758522316137
31.9528551056437,-21.49496966159508
31.882962929509386,-21.45420868255217
31.985699689691668,-20.870239497561126
32.088436449873946,-21.538271647854355
32.19117321005623,-21.657986379222873
32.29390997023851,-22.218180527472963
32.39664673042079,-21.612612084195728
32.49938349060307,-22.133065939968347
32.602120250785354,-22.100113106552385
32.70485701096763,-22.161849543016803
32.80759377114991,-22.240052969429644
32.91033053133219,-20.7943383346557
33.013067291514474,-20.96190672191017
32.97018267856553,-21.155436365784848
32.802677968223385,-22.224997695351718
33.74187028617304,-22.34464671455924
32.03885059417121,-22.209624904152044
33.284483950044816,-22.08363366547674
30.266980782256564,-21.588922340893838
29.406189067573738,-22.060090323636445
28.313065137493435,-22.229900256815167
29.329630729806055,-22.260291197290005
29.97379558050955,-22.275567947390094
27.89489471918203,-20.576575046416224
28.332773916678587,-19.971296149682697
28.18578367706316,-17.750585296629822
27.933244808681373,-19.126765392027817
28.780365303268578,-19.66725499501816
29.120638124969297,-20.328070687458187
29.923917790855338,-20.238822321249934
31.274903248217267,-20.71713102927717
30.792267972062746,-19.904747952042033
30.66453192313884,-14.89919236049881
27.877537959497626,-14.499868836655692
27.15111531847738,-13.638402656024113
26.50803731402997,-13.28860223400301
26.311376386747817,-12.009895264082264
26.707894260997982,-11.013554034326672
28.117223222586595,-11.42057109591737
27.80734170725651,-12.276677730321822
26.157460335318678,-11.613208319993825
24.187264235652986,-11.150811764515801
23.452528837112247,-10.510560108234014
22.821367394581202,-11.721571110337063
23.112476050709247,-12.228472605196703
21.592210543685017,-11.928185976779234
20.12338956423343,-11.696314931569294
19.09077131344062,-10.911173433068512
17.845406545969126,-11.941290895598332
21.449998450006987,-13.176959083488597
22.790569591145264,-12.672363504942009
22.177131494644208,-17.150658541603615
21.755202316031088,-17.573084579569546
21.390562995426485,-20.149836558536972
20.01015385629185,-19.07133782839105
19.514894687893896,-19.869625973568535
16.55633688910668,-20.556658185338385
18.90137190816312,-20.717116236440436
16.834107894368653,-17.72044616390523
16.521698582208906,-19.232554955376617
17.54259443944227,-13.679256805479998
18.281215073961885,-12.11995728875776
18.531747281294173,-12.494406080847213
19.60384962562938,-12.12038031131632
18.97662719628984,-13.736976468914245
18.620552639654576,-20.266487328251117
18.131584297500996,-18.06108181447698
20.422047848498547,-17.42331675632515
17.54898785815068,-17.273481328084163
17.677936538818596,-18.27732535689431
18.24027075770257,-18.47832991218056
18.04266298062808,-19.03567401340005
17.707852160926926,-20.26723604916248
16.666625541345052,-20.74915359429643
15.898518288844722,-20.20461184620708
14.646236499696643,-21.57746726993804
13.693421585803177,-20.250871343339576
13.82815754098673,-20.19173081756019
13.064067300582108,-19.604757409374503
10.962925678356621,-19.156871834150486
9.443025045161795,-17.41844780208278
10.537041414211263,-18.076320801608063
10.395009750344522,-18.409503466170484
10.678355535725837,-17.393178685593032
10.216372815291358,-13.482333997123453
9.86282268757007,-12.25340452834301
12.371132702828062,-12.402361270109973
12.01094888572097,-17.07129802517682
12.740639545645054,-17.841190384045408
14.665377407864318,-18.051345329863363
14.152945318879453,-18.031029156455727
14.301216519337869,-18.19720747736041
14.231247050126678,-17.96147485681695
14.250940414033488,-17.272302580463066
13.952907733644896,-16.296392540295336
12.897937340808111,-14.921837276092925
13.590278031844617,-13.659730952403256
13.902940655240094,-15.922050221719129
14.215603278635573,-17.354973741530216
14.52826590203105,-15.137220623197834
14.840928525426527,-12.34413707843069
15.153591148822006,-10.847377281020092
15.466253772217483,-9.012433259579371
15.77891639561296,-5.506410084767493
16.09157901900844,-3.6529827468874565
16.404241642403917,-3.814258315680819
16.716904265799393,-4.392602506524591
17.02956688919487,-3.6447470587549575
16.351451446759636,-3.813053388196576
16.719145760228773,-3.6593424612878116
17.510361359019086,-3.0852958534267554
16.343664683842242,-2.5909229413058243
18.152488194384325,-2.9316059845348184
20.178959565515058,-2.360041677463692
22.01337157913859,-1.0530750470472339
24.56747914605668,-1.6980965599093316
25.052011734822933,-2.308570753162126
23.7606112418993,-0.5766731168526495
23.172452701845597,4.1046699844273595
21.82461890965928,-0.30884995481082456
20.606729433624746,-1.3981289379116006
20.373883713079604,-4.229009002256115
19.23048174897084,-3.857396585757481
19.83733568893669,-3.6438947872741236
19.61761207252753,-2.110718425930548
16.84101730897451,-1.3710295633203349
17.886793624713725,-1.0544910375530812
18.76174647053882,-1.5253832999393415
17.840010204374106,-1.8797782326216022
18.827758747642676,-0.3583382932469887
21.18741743829366,0.4060990579258128
21.451914157364552,0.4211972123416149
21.296314055235555,0.33401380479662485
21.596434713105083,1.7183999000248533
20.474944143769264,1.385365404932953
21.610373655924533,0.6206062114681798
23.715856837038444,1.0966693175842508
25.79661940301521,2.3006515809355226
24.308150999240763,4.1322654284854154
23.21158116666917,6.550954387673638
26.811804995192222,6.39491450231466
27.135268711033294,3.7773119887309328
27.30615784679931,5.662414878817763
27.629864280521772,6.650241411030999
29.766200960805683,7.6453884645793755
27.859553238335725,4.225103327956553
28.346604622728318,2.058813287403365
29.6541833507462,2.4302847929893074
27.205272251310312,7.448549454699981
28.114574176742366,7.354492865347873
26.57974597519114,8.798783057952622
26.72522282938704,10.367131742977236
28.310356440127894,11.426612838949842
29.60809953532743,8.425530934205566
30.83370225644151,7.947878597799661
28.568241282770444,6.8940353420931215
28.956498874777964,4.0441520701989395
30.77559216424875,3.3535169287274846
33.42039055298896,0.8414541036128458
31.261167910434175,-1.6946830696888489
32.470330159224645,-1.930894414982181
33.95297763657385,-1.939687623281876
34.42860540015918,-1.5267966395812416
34.22807778890632,-1.1198721848965025
32.534221809576465,-0.34735912241260947
32.34248558952904,-0.32496450353781503
33.74055282928819,0.6776956183762443
37.097685307077676,-0.3104167326114333
36.876768481776686,1.064015877246986
37.70178587874529,0.2763783236258981
34.681784173984326,0.0
34.86098730237308,1.0317390208095396
34.292043855702246,1.7813335099772658
33.8599827135881,2.4701876058781065
36.2905259812932,1.6232539190392323
32.41743722216774,4.854773540293181
35.09832324124572,7.915771958434981
34.405135401466545,8.957144201441196
34.19081164319459,9.965258874834518
35.49559461210245,8.374264192301453
34.278840616999624,10.026924470090774
33.66316221459871,10.989303648886844
33.359994620480954,10.768889089171477
33.14622990236827,12.217287435510293
32.48498317152306,12.650564038591282
31.372730082202644,11.96821973695857
29.669392773683217,12.175980277115839
28.416189056190987,12.599463271493294
27.993112614385392,11.896343981941413
27.727642572573306,11.378435506514577
29.0348190721581,11.141890073055043
27.302955537055123,10.036115664556545
28.1583306055111,6.668079363715076
26.139887963116724,7.656330556145666
26.059414284707586,8.802709296623172
26.40600548228964,4.150970550303946
25.86398021558537,7.1507237982257
24.65080474667224,4.106430348338371
23.508710895982723,3.8860280362423194
24.00184605695262,9.816754336913847
22.274461561860008,9.112732623238076
20.359299236881295,9.943589804844613
20.495930876177177,11.724486047440614
18.949276342620845,11.191405258698918
18.680233229833267,11.790729479998296
16.45100407548245,13.831244085542538
16.32579830868155,14.567316110683473
14.76361518805349,14.609685943838972
15.47630632997717,16.3933551163695
14.06112936227497,14.41209587252638
14.290716895807494,14.479666309460713
14.503390710836648,14.267410045908704
13.83536027246598,15.498169763496213
13.323579461933498,16.404241642403917
12.536847280865075,15.523083482736844
11.048383122465271,14.9175005239453
10.51795762083938,13.3180126442616
6.622790027929409,14.1412873186056
6.858174409045935,14.800880369421956
8.38498147220517,15.204945664718233
7.935017763356654,14.938764502508981
7.4600354987538635,14.654674638922659
6.39491450231466,15.87070766815309
7.1670047425942025,13.935742838537042
7.234271944030448,14.94444382455099
7.494895267226412,14.684065991729941
7.503032867554546,14.692110363659465
6.239051597880005,14.301216519337869
6.175460331852929,13.449454588994533
3.6928931193535752,13.059895607791548
2.303489202119252,12.536847280865075
2.1548023475118554,11.182645493305005
4.875175618235888,10.63823191508033
8.262690369570457,11.210040663422527
8.230562306028943,11.38094798041523
8.42105718203515,12.443906883443802
8.134058564503933,13.534108509660781
8.870827945828545,12.863699318349415
7.682032562928148,12.01094888572097
8.164653925372903,13.736659172916042
8.757704024812277,14.112411391247532
10.34203860436326,11.996396993167052
12.152758219873657,11.714338888313149
11.772918795972565,12.888650264239013
11.562759561899703,15.04898005273746
13.299653509920292,14.834172056692529
12.047626259549551,12.64096589486961
11.636009824265404,13.229255837409614
11.720086370792224,11.980150019976186
13.341876414476337,11.805183315740667
16.90704596083298,11.963042843163693
18.2278800869713,11.74365155829653
17.63621623813669,10.698542678291048
17.066700708862307,10.044451784028851
18.037923909870106,10.216372815291358
20.21031709864954,10.290832542868891
20.90366078509054,10.281379048033024
21.81065910696775,11.501657894729808
21.046018725933962,14.345389563085835
19.252894076345147,14.180164162192654
19.574122256056402,15.77891639561296
19.804118464804166,14.807717763109531
20.08657649849288,14.421591282217014
21.202161974281953,14.399119567884386
21.652576770780865,14.879089765149187
22.70658711610597,14.86010289479927
23.200942104506314,15.374654209964719
22.243104177119367,11.974733524401536
20.990705999813557,11.898022850288607
20.8818591937943,13.557164150286997
19.9575495921457,13.980341087596159
18.41810532760907,13.351462496203867
19.759461560250017,15.30065855374923
17.976851292268712,14.774488748609324
16.958823602665568,14.542627757946232
16.344014248771366,12.928083231655727
15.628205257370086,12.267654380509217
15.11091151850491,14.503390710836648
14.913943896594722,14.435421526272057
14.445213691004835,15.202407468876832
15.524528757568525,14.76361518805349
13.308649871236387,15.659417719947928
12.950882567915475,16.644155053177904
12.926115016932355,15.296095215417148
14.987486827487439,15.981902713651321
15.718348618492493,15.540939902936753
15.900061676164974,15.36587739784192
16.378255470178274,15.771210375455805
16.198279573205713,15.304373154716277
15.202407468876832,17.252322806098242
17.23423142573395,17.436691271344902
17.330154896358398,17.42279817805649
16.259226489283694,16.091784767292683
15.829578356151702,16.344014248771366
18.42691942442701,17.066700708862307
18.114295156403116,16.274376013053676
18.11489805997166,15.005171158987766
18.26186005930124,15.650308834101587
19.996016247538428,16.24246590765241
20.34715838667868,16.942939154926414
18.3408628150112,16.075182830899955
20.665834038826524,17.426481792219906
21.944815103285528,16.897643972338592
21.20230211822997,16.378255470178274
21.31603240402904,17.54259443944227
21.688458366241605,19.2658676288233
21.68630899373974,19.769003409230173
22.21679166136974,19.577298460717596
19.969332112149296,19.93737243219648
18.626982144593622,18.11489805997166
16.456406182090397,19.32327983531038
18.825111015043092,19.497760859911512
18.77223752564445,18.44826889486183
20.450262709242434,17.385189972530235
20.365926571461447,19.487778692178978
20.464878282419598,19.983811143821953
22.192457192051975,19.713689598594872
21.76241545540887,20.163968735701445
23.11262265138998,19.847508743866776
22.87487286617798,19.476853602761537
22.532894569309207,19.059058714948453
23.032354680926545,18.130060199791707
24.245974042251184,16.62132293279934
27.195801332615098,18.215510035031524
28.685932081602132,16.958823602665568
28.17650367707882,18.40875618499774
28.714960585717616,17.330154896358398
30.807042642924376,17.40212010469183
31.357073249098402,16.797398406125673
30.62111874809464,18.677634812815604
29.885164247090877,17.886793624713725
29.149209746087116,15.908195408597448
28.413255245083356,16.754452834355046
27.677300744079595,16.252433341549306
26.94134624307583,17.235590170671088
26.20539174207207,16.723725089507234
25.46943724106831,17.26035507721226
24.733482740064545,19.020345113941236
23.997528239060784,20.10391048993963
23.261573738057024,19.735342304271967
23.42990316317567,19.139082795689138
21.473998388479767,19.70247144742506
21.17363591945985,19.37783656816909
19.143771524117202,19.33424660862217
18.543477684041143,18.80840705322502
19.947552622068233,19.985195323526103
20.862761890405707,21.1452948340477
20.378590342241456,21.36982445283604
20.982137242442462,20.845223075125904
21.46107510618508,20.422047848498547
20.742062042701306,20.531018971850973
20.412643046496864,21.553527779719115
20.531018971850973,21.522867147198806
23.627917313447234,21.25412309938182
23.799132881987052,22.612526483990752
24.337287883194282,23.093033624272252
24.392537166248836,23.74135937937346
23.826505131672906,24.436297628795955
21.996855429307605,24.23245129900772
20.79195073995347,25.75305137534465
20.325143496958795,25.37560255593081
20.303268993381295,23.12688671924837
20.111870878034864,25.235577859780395
19.041353565558914,24.68238296490585
18.796127098562902,22.49272170399597
18.757470618414594,21.98111217979157
18.947838313651975,20.76534596662844
18.583443977405437,23.030492225149143
18.15430059374027,22.56205937497364
21.53282498258029,23.200942104506314
19.803179819118515,23.907680597126642
21.516744839623207,23.07472300409381
21.70896750901287,22.04701035604239
20.752843578243894,21.936589314691535
22.2178876644208,22.675993765967434
21.157246702273444,23.000615051687543
19.697511302112314,22.909779896424084
21.186300331756208,23.132941854480542
21.09903965890614,21.900111750068042
21.01177898605607,23.41936547327375
20.924518313206,21.605822964927317
20.837257640355933,21.742011706360376
20.749996967505865,22.93685481648553
20.662736294655794,22.09939940816583
20.575475621805726,21.97141647683063
20.488214948955658,21.390562995426485
20.40095427610559,20.634284692815786
20.31369360325552,20.200292528527992
20.22643293040545,21.271362195813243
20.01357940954745,21.527807439634522
19.8349697240967,20.175613898651186
20.70441766790066,21.114858739337038
21.521642299999108,22.790569591145264
22.504755506018313,20.738188880095908
25.945433112940304,19.574122256056402
25.271090493129368,20.01357940954745
27.20099354274397,20.058040908935244
28.215851402111895,19.09222841852337
29.378069601782382,18.443361641681978
31.35449116680286,18.00843678246589
29.87950446089322,16.216951937648247
30.368383318689755,16.55179765997023
31.979971002326263,17.32261539168769
31.558768778396647,18.26186005930124
30.220631582618903,17.654034533443575
28.538570123602426,16.996384488339775
27.74183752824552,16.034127773009022
28.270041838702376,15.153591148822006
29.18641006124122,14.32333499117441
27.768468185261813,14.699252935254574
27.988113533537533,14.282042913966254
28.399617245912687,12.829099037594895
25.636392454274038,12.136393420202534
25.996843439161307,12.278241495124742
25.6605706428123,11.370379179475947
25.01142305799722,12.511060463307377
23.80371182082691,12.805112064745725
23.814412217934926,13.892261065433015
20.704991628693726,13.342116567154799
19.845415941385642,12.70804299875752
19.34963431633042,11.551681232971813
19.711991868824054,11.292466621759784
17.467900755670755,10.691258008532802
15.088501616778878,10.671508679545106
16.24246590765241,11.048383122465271
16.075182830899955,11.760670296499145
15.780037024092083,11.961838275833346
14.048611498526343,10.915450994412884
15.441204253913167,10.567306028716661
15.223671378590966,8.680966997618148
17.315447705170335,7.91939842930919
17.322861157938686,8.230562306028943
18.22438169395108,9.62575231261691
18.04919172876684,9.65234982236285
17.680918666020517,7.398775770748205
16.055320847686257,8.025603405550761
15.766239655559156,9.658551686762756
17.32261539168769,10.244556378469731
17.426481792219906,10.481634362169212
16.673254511681368,9.62217965280187
16.582752697733532,11.213824008894937
17.461828563300696,12.733175223164682
17.176256258080137,12.208882887924407
16.635652678705068,9.696996155535635
15.87070766815309,7.725538098785715
15.071432081973786,8.57964363016268
16.258265058985312,9.073510471455068
17.451202351479022,7.917023052826827
17.924799360066,7.613708398626748
18.120258095117826,8.262690369570457
19.139365656548986,8.251169492614212
20.20928746183556,7.136133785639313
21.276573778643453,8.38498147220517
21.9045416366383,9.54395162823791
22.532509494633146,9.582318712475093
23.160477352627993,9.773522857988679
23.78844521062284,9.805275685260515
24.416413068617686,10.590088520230129
25.044380926612533,11.764977035760383
25.672348784607383,14.250940414033488
26.30031664260223,14.443450069928428
26.928284500597076,14.09429364970302
27.556252358591923,13.386057472505705
28.18422021658677,13.510092615899845
28.8527968156525,12.589519975068665
29.556885626957303,11.893789527457226
28.20059621924416,12.17676364499869
27.64655248648224,11.217504053550853
27.42019494837027,11.874701187541298
27.37861238627715,12.43875221755059
27.33702982418403,11.089742047722888
27.29544726209091,8.114683092079066
27.25386469999779,8.338227989193154
27.21228213790467,6.379007354613001
27.17069957581155,5.1066528148826364
27.129117013718428,4.323552382251726
27.08753445162531,4.189703109407806
27.04595188953219,4.0495574636804275
27.00436932743907,4.784625154478109
26.96278676534595,4.087857088610094
28.59545656157699,3.2682699687052725
29.404322675197072,2.4049770925331355
28.739419400655372,1.9825600850543
29.407772933818347,1.4750433047369305
30.840205867699524,-0.0009572060838149987
30.52932501022308,0.1258188826980169
27.855621925090077,2.029373013149792
27.199204679876235,3.6005280094254637
28.236979387319106,3.223367874318498
27.159298483977913,3.6679887996581755
27.82972531030304,4.193747863451124
28.097503310961486,1.2937339695308163
27.93811393634836,1.2231916493307857
28.288595663030485,1.4520103765227668
29.12628518740059,1.608572147456628
28.191649533694516,-0.1724332932940782
31.38633900269168,-0.3324047409612506
29.835789446905025,-0.010409698723591432
26.985282408618268,-1.3299908416170159
26.091704359026554,-0.8266391354991497
28.83443967641676,-3.3617275974139442
28.523326067944325,-3.454127308643985
28.23891378785528,-4.46121999935051
27.072164341418326,-3.9768818175622753
27.961113972228706,-4.289206040421022
28.054676410861724,-4.172079289037817
28.30002373145823,-5.85076359049054
30.449906787567812,-7.066766997974277
29.699614815938155,-6.2331519588291835
28.287506279804088,-6.2722991474113154
27.47311785509961,-5.33147946489469
24.754428504601865,-5.131408120871457
24.350856389174634,-6.44118264480978
24.054815901493033,-6.300431601334359
26.37889415697705,-6.013088516116026
23.648930280541578,-5.709753265284602
23.575582138507013,-5.9386185722811184
21.716652542180846,-8.08905308741386
21.742011706360376,-8.048625310611289
23.434745692374005,-6.61194709208702
23.33284158001717,-6.7874283509016795
22.535253900046406,-5.1444191403482264
23.89519970148529,-3.756438076842691
22.10545131742677,-4.798504277005522
23.076174625034646,-2.8351600713001455
23.840374329180587,-2.6901780841538203
22.63934998734394,-3.0621114213593046
21.50151354496101,-1.4310833114031758
22.679312327798293,-0.7143610698536635
22.295847243046396,-0.8243953073579378
21.210416310505305,-1.7814450967150832
21.671026881564327,-0.6078634833636556
18.843956140647688,1.9954823167488884
19.497760859911512,3.0847970799315823
21.204161523738247,2.009376963154093
19.34844729472517,1.950493624635135
19.97470507718536,3.1824397948957914
20.263819038012016,2.098799996653989
16.667308848030686,0.6153585329574871
15.225105171029861,0.667735860552188
14.282042913966254,-0.6683987146286655
17.25016442395249,-2.4565808401075224
18.478839283093027,-2.685622684175126
19.78099619625825,-4.430826541800915
19.59683602157039,-5.691568762157582
20.127841468689706,-4.70840517296971
20.227437100353868,-5.88248040871526
18.405284922006917,-5.313515110912468
18.490133719029714,-6.96147527611781
18.21177287728366,-7.105700324658344
20.89840326483446,-7.64921583931291
22.955346467395408,-6.177667914766513
22.867750922317104,-7.863251854910079
22.49272170399597,-6.2973951972057804
22.04701035604239,-6.368447509930585
22.41990918397973,-7.831827237717407
21.28895756277769,-11.775051229351686
20.793702693559744,-11.321555156520514
19.713689598594872,-11.806542791191342
22.078174157041172,-11.851655147423662
22.115628163365393,-11.073160596504204
21.69542204000058,-9.112842668128899
22.05073483926177,-8.687393436265992
24.1446364128266,-10.609960507204
24.470324658585316,-8.165052864211631
23.789077710639553,-8.567001391682856
24.956629646398245,-6.537096344789845
25.691328115059804,-6.812383518023905
25.55543743167468,-6.607101989494947
25.958302192345062,-5.457125211509256
28.047258656112483,-3.929635197235626
28.103021863685413,-2.5328126232323145
28.757079819266032,-2.7419166450678594
28.70583159072052,-4.497980641102501
28.062238102400297,-4.5237208761019545
28.296390024052325,-3.9366525148675415
28.939220072754605,-1.4487154354358636
26.47041364935766,0.04953080019451117
27.130593705361342,0.8345734496055113
26.40735917184172,1.0233284831925895
26.113310737503284,0.38938870127475145
24.545310522306494,0.26954806180391366
25.025961092108375,1.316521967328112
25.506611661910256,3.1496869616838103
25.987262231712137,0.7743954167425333
26.467912801514018,-0.6160225062257652
26.9485633713159,-0.5890095179956978
27.42921394111778,0.8087190939258431
27.90986451091966,0.196036274573555
28.390515080721542,-0.07382414419896699
28.871165650523423,-2.155724713902954
29.351816220325304,-3.2613142826126875
29.832466790127185,-2.9873560503418117
31.96859333020114,-4.201360976883618
33.513280760615274,-5.065154757597325
34.41568575901587,-5.131621370426206
34.9260863730733,-4.761721031505122
34.51646339941853,-5.594017634484264
30.923062073418514,-5.822842690091305
30.243760900443927,-5.593926595115442
31.148104322138057,-5.4835973024657285
32.3550726757528,-5.278978305653637
29.852510303547216,-5.068731335603772
29.67396763470836,-5.315063485479015
29.495424965869503,-6.049998744639332
29.31688229703065,-5.850341907842608
29.138339628191794,-5.72726648733411
28.95979695935294,-6.502637765886636
28.78125429051408,-6.631415976455605
28.602711621675226,-7.249116225382053
28.42416895283637,-6.422930529664254
28.245626283997517,-7.881523814670715
28.06708361515866,-7.6440299787468495
27.888540946319804,-7.36460645696177
27.164482493416454,-6.984396266539363
27.426013687205792,-7.909967956875056
25.00791495296253,-6.96088789121831
24.225050428246224,-7.21619785916457
24.546584510399885,-7.293082146575371
23.132941854480542,-5.258917937197765
20.646774990921294,-4.95742350253526
22.746574211679214,-5.608762659608282
21.527807439634522,-5.5436844719858
23.21478751693361,-5.238857568741894
25.87840948322039,-5.272291516168346
26.367154025035298,-5.572583733079358
26.60329210517423,-6.190164577385254
28.251582023157194,-8.131423832039752
29.385785308792332,-11.042090784673391
27.1514924122406,-11.193489128223623
27.77197101490096,-11.501961176186622
27.379645216914724,-10.894259038384275
26.25911984249184,-12.383995378735557
24.444643591297943,-11.97177783249851
22.35300120969194,-10.539647690478017
23.907680597126642,-8.359404230590265
23.936736299643034,-9.434080087597481
24.612320119622904,-10.800716428470023
24.91928813848112,-11.062271334972428
21.52815404291318,-10.785085809096229
18.12781440523062,-11.091501607629956
19.139082795689138,-11.929725618823081
16.785348013288413,-11.11988751466415
15.200617332651541,-11.12069164009763
16.42000098761039,-11.02013910402387
17.96562660042339,-12.013137584828986
15.851409930620475,-11.93626044674705
16.831868995574737,-11.660060054398079
15.74354067061812,-8.59157662559409
15.0130357841704,-10.541154976913454
12.068208876817145,-9.960059002467347
12.99343422308482,-10.601706213601313
11.659880024422081,-11.864929038764284
10.37608436080558,-11.629061258312518
9.001111112833867,-10.498111660115457
8.461954652545616,-10.775022820149301
8.399534853496018,-10.763022753909635
7.9051112920073,-10.054315110564163
8.500470523961933,-10.073459323301318
10.045551785827096,-10.068559343467953
9.91043804987286,-11.243750778006001
9.90507904033469,-7.921550319939639
10.539743991620178,-8.189533456772537
11.285481597162725,-7.339680536108464
9.738766861871225,-8.614024245227304
7.398775770748205,-8.507435706093961
7.3235141452493835,-8.668188272952596
6.621829783497239,-5.6980292315490475
8.487756912966187,-5.881412048663531
8.671888293447799,-4.81557193968643
9.064372914126624,-1.4337467593775712
9.935439875932119,-1.7655081651251288
12.153906537882476,-1.3297856359029914
11.426612838949842,-1.3817186240252015
11.813259570098609,-0.5749387517818925
13.659712141281247,0.047374746223127484
11.600076987930025,-0.5276820758840104
12.748268103998019,-0.7984942314209544
11.914763047927483,-0.5865932794057467
12.726755364879539,-1.1905835375934126
13.469775841288216,-3.3592175886528928
13.413888220559757,-5.2834159392507445
15.204945664718233,-5.370407320615865
14.65018252865423,-5.526363678001118
14.12980216582753,-6.405475402279027
12.2218029855946,-5.265604726683056
13.036645662782574,-5.259852494248086
12.786964309772575,-5.742687118150535
14.571535451599779,-6.130908299423158
12.088087393360134,-7.6740755555689235
11.02811154116422,-8.738380877229263
10.671508679545106,-7.7949424297425285
9.711219029427461,-8.056167971546898
11.294044754471262,-7.813351020193139
11.182645493305005,-8.347942928458458
11.141890073055043,-9.886948333454907
12.354768768829853,-9.808534030923104
15.44420546510453,-7.756421868143715
15.122669049974064,-8.941321167036946
13.997903508693032,-8.040610124973442
13.588583817891065,-7.712737001495104
13.46636831747403,-9.564820330314404
14.807717763109531,-9.896015612847545
17.48748875326278,-11.173766500627194
16.856334230726606,-8.914616447801272
16.399845173301422,-8.181156965201712
15.279738666343192,-7.813101499921913
15.926646534221533,-6.81266331093237
18.598673702365275,-7.286712276998689
21.06276610378314,-7.107497247320934
19.609415402398593,-5.473505595155475
20.569780191410572,-4.418867499083581
22.5020339512233,-3.0892444721868966
23.2235836708362,-1.9530705589743043
24.331532738926114,-0.9851827866661458
25.59375747977407,-0.6679740360975682
25.829895786717195,-1.402844760402009
27.046633684872212,-3.543010434707092
27.439906038225423,-4.498374847160604
27.833178391578638,-4.188712593802302
28.22645074493185,-3.748560710479923
28.619723098285064,-3.9102921538537707
29.012995451638275,-4.402625504117464
29.40626780499149,-4.435614479650028
29.7995401583447,-1.9503129770075627
30.192812511697916,-0.810596125211124
30.586084865051127,-3.3606231325226408
30.97935721840434,-1.7564462006234023
31.372629571757553,-4.0639619323510345
32.11158890967743,-1.273247516850862
32.40171870004819,-2.9640648304192005
32.52840575655014,-1.9537704541952294
32.87412483413087,-2.0799769647350885
34.76985716530338,-2.6071407036031444
33.86984195033315,-4.298046147874926
35.81513301270152,-4.968523743165856
36.90737985524017,-4.879198599179558
35.88290283242853,-5.444906473600241
35.02090149971736,-5.9088424093292495
31.15692163908449,-9.047126794004736
26.76839526812646,-9.941486164294428
27.636118104324215,-9.928141835155843
29.565850660443722,-12.418466152481749
30.68811363736543,-12.02196248310975
28.005084734256624,-11.566601297419135
28.697425067827357,-11.2182772492747
28.48559232530752,-11.096103710823435
27.65785206477416,-11.684727715881582
25.373019750178084,-11.503849055411603
27.34135271847072,-11.046784439192736
28.506521949639765,-10.309192556596635
29.276064070867207,-7.381419904247678
31.44210615927237,-9.688912865753105
33.05458656634065,-7.768209757209633
34.092421637847245,-7.095738851885787
32.16102159858279,-7.413711480162187
31.20934252549516,-7.982644438483694
33.63794067007018,-8.103823605092996
34.93449256008604,-8.03796924644821
35.70095847093575,-6.531029881306754
35.31824655788979,-6.927643864028723
33.94655444616612,-5.644729179099336
36.0508655533965,-5.44865714964075
36.6773116376491,-5.691565589709557
37.96072965062338,-8.220824676654582
40.56876029632476,-9.481147552933248
41.61678937851602,-9.529615461384154
41.12347714742507,-10.535878004449208
43.66032772554318,-11.351138597625576
43.128075164515856,-10.787643749989488
43.19908029130221,-10.563869956415445
40.89853082223321,-9.260236453538067
41.54110135584916,-9.966991370166994
41.37438168829549,-9.913137500136699
44.07862157592917,-9.99739005982182
43.06118057391848,-9.7802341205142
44.68200491052842,-11.155888208304724
42.27232827928966,-11.318384205347186
41.781028961012126,-10.309009139063193
42.669672182324135,-11.331523476352464
43.81681886713795,-12.06145057040503
45.4315340616986,-12.340302699077842
43.789133716911465,-12.504336286227634
44.14688744923264,-12.849349412039397
43.85282665135062,-13.670268095309432
44.13498720019383,-12.70088823995575
42.84354189854511,-17.43594471761135
41.7856474149613,-21.101950745916895
38.670382695968286,-22.34988573754285
39.66848869225838,-22.55604917533363
39.57304755354189,-19.41118125967888
39.88407231397863,-19.704518136300837
38.35681258078126,-20.78651540134784
37.35293468195785,-20.912000666822934
35.631348067107155,-21.64051625209257
36.925586831687106,-20.900556953167886
38.058976643783886,-20.998080179962837
39.82796981534947,-19.27394833616019
38.62621802960012,-21.11077124395168
36.02642991786845,-21.18174363279884
34.87043633242613,-21.108975536916212
33.81603219002737,-21.59470879170361
34.27836044576566,-20.69860369975933
36.016651769616615,-20.284960678194984
36.67745981993969,-20.292930711111964
39.29571567602055,-19.655106486686833
38.59300527078541,-16.43116794169667
39.8242357354282,-18.990138864428324
40.86121107626797,-13.207686963161589
40.36027486499354,-13.48972512201117
43.957373712243616,-12.849446069142454
44.19079483591204,-12.946761223733471
44.43714120771456,-12.958095831231267
44.061227216838674,-12.554252034475414
43.80429149443185,-11.809594628242388
42.14108633726812,-11.955201737934647
43.02351254790258,-12.408693082778559
42.02374222489909,-12.823816276851332
42.702848590837746,-11.75759431144448
42.10759346896677,-11.937492063365438
43.62860174449195,-11.68213809122728
42.37787102531529,-12.381975085761283
44.56292539707838,-15.4347744278919
44.9876797407946,-12.973106560758893
44.44972829996679,-12.91520582849714
44.97303965552645,-13.51657314809263
46.791298766870554,-18.86686331603503
46.752921716911366,-20.831611052460588
45.59149821048325,-20.857869700481437
45.466911197910996,-21.582538384116454
46.55475850117808,-21.53086442634268
47.029767210546616,-22.554182680695327
47.14507960881356,-23.062738946051287
48.83581371440018,-23.355982099417417
49.54667518307898,-24.085745678613854
49.035219345857726,-24.230167834912407
49.26307004959904,-25.356181670909
50.410475145549455,-24.04722779197419
46.569815630801784,-24.48439122983614
44.300403463077004,-25.312393658034573
43.38795858329112,-24.972253872143327
41.4180988976546,-24.80261280402229
41.13489392813052,-24.730264612293883
39.83354475744408,-24.02861683517191
41.291160205262344,-24.14458263204505
40.99458588412256,-24.011775170436117
42.87943906025446,-24.22604466875614
43.19431651048205,-24.038749927054056
42.112893338688956,-24.386482272222956
41.1976053212737,-24.73220253494209
42.51923909933446,-24.45407311246507
43.4239741137115,-24.178025389854714
44.55618869546245,-24.880610951510874
44.94573100206326,-24.356401306692224
44.988402556164985,-23.767936410397393
45.409697910911596,-24.59512760685796
45.1356633810168,-24.024684897065892
45.221974577439326,-23.386959215438534
45.40329130407254,-23.708459303881387
46.27556105565667,-23.12755580165365
47.25178147812841,-22.867941747704013
47.02383842582016,-23.408268023149624
47.54157947299531,-23.933708751287913
45.64642201730995,-23.537183684685765
44.763356575418484,-24.26715506072058
45.63038343352727,-24.792060562514585
46.399200512335895,-25.695573506699315
46.02267714262174,-24.950414533306873
45.95833983267583,-25.17429061958178
46.466488400898136,-25.532275456677624
46.6506686473537,-25.644293782863755
46.682399366518425,-26.001166351084215
44.01514007362391,-26.607258749009777
45.93465651381895,-27.750874694280256
46.37931137787619,-25.387472115253647
47.2810760061192,-25.526798578468597
49.39206797915588,-27.552297655879524
50.71989404619668,-32.067686532270315
50.05228950141537,-30.772035891296415
51.94609252149466,-29.92381163789685
50.95710242924014,-30.850857274937812
51.09310628084331,-27.956193819199243
50.40250524690646,-33.65803411105008
49.08986351391582,-34.887557436353134
48.39228687045591,-34.68665695868205
48.36076936265158,-31.048015903346027
48.63803797103038,-30.993484438381017
47.44742792177025,-33.48970497018444
45.49668322262582,-34.95576038315925
46.72966307063094,-32.677970909669114
47.57738723108222,-32.60777382790409
48.507112107825755,-32.880598304677214
47.46393918266094,-34.1494168939961
47.391261446751294,-37.30926873741823
47.318583710841644,-41.507929132208076
47.245905974932,-42.47940575677238
47.17322823902235,-40.97137809613015
47.10055050311271,-45.4715657860889
47.02787276720306,-41.58096378601333
46.955195031293414,-40.03633702686912
46.882517295383764,-42.16788170214203
46.80983955947412,-55.71845884445874
46.73716182356447,-55.72277302887101
46.66448408765483,-56.02546246688872
47.48129898749663,-55.68281643730487
48.56451522908226,-55.72449472718735
49.57941063537084,-55.67456114604336
50.93502562857923,-42.90617300943222
49.08825947408669,-50.29502023481918
48.079112777094785,-56.08994753452837
48.84372639878769,-57.29977441855016
48.66528460191355,-56.924129387837375
52.15651150284292,-55.30406118318911
51.80797667002971,-54.9514103510844
50.72154139869334,-43.01887624395667
48.354160585022974,-40.09171645262369
48.6256407666299,-40.73074783255663
48.73638309397088,-40.620101372605234
47.28302452075304,-40.60116207579913
44.934844685828544,-40.44184057812863
44.919416412520356,-45.31685456444432
42.87232254700199,-42.344697779072234
42.61713989742556,-46.32923333165137
43.68000553527968,-47.812388333373754
41.99553575515275,-57.023453131662166
41.17849489927244,-59.94041270861182
40.267123411846704,-60.1019585535144
41.96226080135433,-59.59687115455407
43.694601742766004,-56.11700272899603
44.05282575619884,-56.49204994324044
43.77296693774972,-50.67062357350421
41.86400555046987,-55.918251341633486
39.66375973436223,-57.04071649397851
40.6163293023812,-56.45384459070746
40.25440498568811,-56.288377394443195
39.98308539626805,-46.93023717791671
39.96377149100573,-46.85742986726605
43.24774296178013,-45.80980084613375
43.99070718178687,-42.09264397353022
45.11106810177569,-41.119338482382354
47.512668809584085,-42.780608555001734
46.98922306862521,-40.41020412592978
46.90762884643696,-40.37750104174856
46.300096178890335,-39.69644765859901
44.53966073771083,-39.6269704660286
43.427517190134076,-39.29460918177799
43.68102664968545,-39.94933184155044
45.1213280123414,-41.31363380729521
43.4172577067081,-41.366561230824715
43.728591461084804,-41.10522763154315
41.94232215489361,-41.214272356725424
44.29067874811941,-42.38202332239411
43.37127334001432,-43.49541162186653
42.97749507622221,-39.93930080090881
41.27420250355377,-35.7097751592604
41.14196052025936,-38.69702811364395
40.91169560988215,-37.75445802396552
40.02869655797777,-38.599373936934285
38.3364428274326,-36.739562650705516
37.31358686947248,-33.88532206690951
37.12895540592042,-29.308675477990082
36.27824800751669,-31.341335326179443
35.922613334793105,-31.828300368187076
36.627607684482285,-28.888576442079632
37.33146620169585,-29.40093135469666
37.635708123682406,-28.55251303784112
37.425969824883396,-28.813713370258135
37.21623152608439,-27.665598359054343
37.00649322728538,-27.900447947641727
36.79675492848637,-28.675118626428592
36.58701662968736,-27.779624122208606
36.37727833088836,-27.12393130284803
36.16754003208935,-26.348432465285182
35.95780173329034,-27.000121019169093
35.74806343449133,-26.75350853861985
35.538325135692325,-26.386665856870547
35.328586836893315,-27.13892404942387
33.58392925314955,-26.271415466007603
35.92281253595386,-26.49815119242259
34.60009905680704,-26.51652592008619
35.66978316917117,-26.654774732081854
33.5446943061336,-26.613722873992103
34.03597781700039,-28.78353288691766
35.03109635533124,-28.994789484129697
32.69539026519704,-30.033489153820586
34.466480645417754,-33.64000072669445
34.21411521446855,-38.18495224017843
34.322090160684645,-34.83628714433193
34.32937031669233,-36.643940341253106
32.26953503533951,-34.4788468552756
31.12156244190684,-35.018939378205985
28.361218613140526,-27.06796336070981
28.27049981786833,-27.630777646765395
29.53405826032616,-31.80792160713384
27.196563617774117,-28.69620117354071
26.875149953572638,-32.829993046372785
26.8069410397694,-34.53819082289294
27.221110544942455,-29.096178571289066
27.205588533240388,-29.69116439856412
29.59355650410066,-30.149183986756462
31.757314572269024,-29.635379853443258
31.24320587332428,-32.190046125144946
33.37441289204794,-28.005015302525663
34.77150306018752,-28.959051957117076
38.08723101642039,-27.417880329146012
37.897958442723656,-26.73707357797224
36.605014003156256,-27.759087495328437
36.73036279230593,-27.37977541738144
36.855711581455616,-27.65480579052973
36.98106037060529,-26.77870585692427
37.10640915975497,-27.656602364196882
37.231757948904644,-27.270873300954534
37.35710673805433,-27.9748562301348
37.482455527204,-27.088156384225076
37.60780431635368,-27.026828190814708
37.733153105503355,-26.78074935887948
37.85850189465304,-27.110604913886213
37.983850683802714,-27.073470154726287
39.174085243986184,-27.825492433141743
38.97595921081333,-28.238544657703127
40.51262752826109,-29.59045812701573
38.961104576988305,-30.10245774483976
40.113834380439116,-28.321179166072103
40.734572884542146,-27.8668164922649
39.75716063692103,-27.25947364580648
39.04158912857181,-26.6416043618072
41.21892959024055,-26.0874177924399
40.75399780042206,-25.913264776555195
41.18960284554766,-25.782650014641668
44.84319616422822,-24.508241678243476
46.9854259446312,-24.623220913659004
47.428064257614984,-22.669584032909935
48.704486135294616,-21.79620797724641
48.53368058002789,-21.814574130685614
49.070559095720235,-19.47599194724205
48.791443865311884,-21.028887824305126
49.46233225527634,-21.18411919699753
49.69173388091182,-18.67933446746681
49.24952528009618,-21.793649614065753
48.96564457923623,-22.438607533857866
49.06089356190483,-19.988451976500727
49.551794773535335,-18.62639487332548
51.70418713755744,-15.800243932370071
50.06955956312016,-20.466703836781676
50.474012845629986,-17.875316246321812
50.42135832651754,-19.378071957342748
49.499467761999625,-18.20946157523207
48.06534121408827,-16.674372931280125
46.841908144670356,-18.880339022753056
48.98827029593682,-18.62833648674798
50.09825710230392,-20.059625085969312
49.98110251614833,-23.588098963942386
51.12835355931203,-23.480503972483792
53.70350733411216,-19.761210261305568
52.764079063300386,-16.87029346989057
52.40293693119844,-16.441863022790454
52.5360867383509,-15.183831049722023
50.717982924114395,-14.272895429364894
51.43800035083245,-15.8374237462272
51.11662835328507,-14.534489906392322
49.8979275454763,-13.98581562061377
49.81083024836775,-14.50000319073827
48.79536784925151,-14.056779695122849
48.18670941035734,-13.88631410574325
48.183020460087846,-14.656812957546952
47.33774760489114,-14.330134040040917
48.88189875445535,-15.2136655057926
49.37085726432996,-14.700566067497332
49.16185962021794,-15.64782381805478
48.23608496167118,-15.746363010408015
46.5655921689458,-16.119268046433653
44.365961305222925,-15.972273330502816
45.98274067927286,-18.675973323812183
46.28947398740291,-19.295002487066768
46.07627381070956,-21.315151782297235
46.149308705584566,-21.290519663370418
47.219205745403315,-16.3461786393544
48.05789661345372,-16.648446271525405
49.29502283248381,-16.817763505586527
49.43622412764395,-14.773488189415144
51.44061863075284,-15.934351027277275
52.49201535160911,-14.661133533642623
54.29436491806667,-14.160624105642755
53.96396266448712,-14.15832289486742
51.70433166160791,-13.826798396442085
54.896004952153774,-16.047934753033196
54.78811485015339,-21.14099571215431
54.243963070418474,-19.280185564346528
53.499709639890746,-21.77874067073292
51.688302585397075,-18.67294535568934
54.01480133150024,-22.610531729340302
55.53358069815809,-21.244960115237497
56.83156582540617,-23.14284985316108
57.5397440378702,-22.462584355540375
57.77774167695163,-23.44410700986246
58.64309075676036,-23.18689154538261
58.96535316083644,-19.809772522918237
57.488190300229085,-21.256034968585684
57.56382420266629,-21.172214218601418
58.2038726343502,-21.77657872907032
58.45549860536822,-21.04370639301384
57.76490813008538,-15.530498458407548
57.78023825789131,-13.766455169399961
56.87579424608686,-13.679422971457218
54.3332864277535,-13.99430332160229
55.436828376551475,-15.69312534332428
54.60802490983831,-16.766777298011096
53.08810590620929,-21.738950946327428
51.41787050995819,-22.780061215775955
52.74467264340781,-21.282989569160062
52.47029730955283,-16.840095024512546
50.72292863060004,-15.058702093761962
50.35148193358898,-14.531559963830377
49.37866159755823,-14.645668703151165
47.427441428583755,-16.536326914550006
47.7347341040216,-16.150337237268953
47.4145585486409,-16.02512871767323
46.96224260234023,-19.794232541259703
50.068352206203755,-20.379754498671012
50.81053093675968,-21.793818199835925
49.555870673407014,-25.08380843945444
47.68103091082942,-24.673445213910206
46.29504774862508,-25.076435997536027
43.604089425815154,-25.55559542879621
43.44528242916722,-24.555673929218884
44.93476295752297,-24.27219131406294
45.318530645745774,-25.041721409122342
44.55849797341864,-24.1577344781525
45.38047308814336,-25.88595827983371
45.89251648620286,-26.308355291822927
46.3708761943306,-26.08861373984586
44.20051494887499,-26.622909073573034
44.600485851529385,-26.286812198610246
43.273141219416935,-27.047260771940707
40.480634689133865,-27.206824104338065
40.09597374779618,-26.622468814106693
40.85864164536119,-27.053267273956017
40.510516782333745,-26.988096866459955
41.228628132244765,-27.86681029886028
42.88096806690152,-26.94728111153963
40.56574243034057,-27.825771671105137
39.312111389406645,-27.316465992899904
39.27010067318491,-28.40855664014619
38.47031733141731,-28.005068503294137
40.01755775833745,-29.186322624976267
40.232827033223195,-30.159972653004385
41.09694286303878,-31.303676262158874
44.31915245320603,-29.036682946619568
41.48663347115954,-29.686677181082242
40.684224502741934,-33.02317832601394
41.2299327356564,-30.575391661391038
39.97556999058573,-33.10286721921656
39.84667379579236,-32.298829857332194
37.43507398121923,-31.679069272092057
39.04550970163273,-31.899501555114803
38.18690436832584,-29.513228513756633
36.47999139807953,-30.1442439829768
34.76621834918302,-30.191145351126153
33.55799895720284,-34.93625238328331
33.04698373444506,-33.726903819233335
32.535968511687265,-35.212758346451984
32.02495328892948,-33.986716776566915
31.513938066171693,-33.88025115171696
31.002922843413906,-37.096078714651014
30.49190762065612,-35.688271404735
29.980892397898334,-35.457632769855685
29.469877175140546,-35.93922750394422
28.95886195238276,-37.34322696264867
28.447846729624974,-35.601717052527555
27.936831506867186,-36.03345717727089
28.302837610718463,-39.81325488416638
30.42820187351285,-37.72402062556374
27.844452705104583,-36.85576169508339
27.92320184033957,-37.134941856776784
29.177871237807537,-38.739947476782454
29.64650604661511,-40.42359006721517
29.659143580326052,-42.182826675376226
29.340308253406892,-41.24790603699826
29.048813376766336,-43.28782708396285
28.436883852508785,-43.566584923725486
29.38287227229396,-44.8397709813849
30.354676612307586,-46.401813889188375
28.178363504297856,-46.35323904152798
29.030252346236573,-46.873589088749135
27.83796133741326,-46.80189357460609
28.272701412901657,-47.735213344552285
27.03547990041097,-49.078875423668784
26.835482388763918,-50.486347547208624
27.675160452846598,-50.946385447476395
26.662530013626778,-50.713343832889684
26.263108358335316,-53.508898383096046
25.24339858229727,-58.83967817410535
25.766158914787542,-61.45118349433774
26.93325052302381,-61.54291413402624
28.0339848219297,-61.582886957193395
26.08634447060904,-57.79468245418592
27.892454016107155,-61.788165230010925
30.06211606774432,-60.2872138449391
29.004754530048153,-59.86895701735137
28.158036774713946,-61.19729227274835
27.39451377581887,-59.94305855179702
26.504662754620885,-61.32077674265277
25.53070484640864,-57.95985489614208
26.064838755554515,-51.787995657117904
25.05837317437045,-48.240214984647906
26.64984297594903,-50.19055259736224
26.94786256867482,-50.455895184515555
27.51819787234809,-45.42138292286154
26.76708363833996,-44.785842775404404
26.660507563545963,-43.11195607744614
26.553931488751964,-41.00820906639451
26.44735541395796,-41.030246237840124
26.340779339163962,-39.674093165828914
26.234203264369963,-40.60760536476917
26.127627189575964,-39.249874683403
26.021051114781965,-40.32651398406476
25.914475039987966,-42.28511043185952
25.807898965193964,-42.05033835695663
25.701322890399965,-42.08353742553003
25.594746815605966,-45.58010343764297
25.813845001692844,-43.85717886535184
24.158211740275163,-42.98936256694196
23.026518002358685,-43.117747313754194
20.61141150137046,-44.56559634701852
21.690990713452955,-46.43358142354741
21.098143005540056,-43.15911749558492
19.03327161491959,-42.11681512949638
16.913529509222634,-42.30407317709187
17.763341157262232,-41.30569450001741
17.190911580550306,-40.74395831595121
19.008147230636617,-41.35100242127215
19.291455595006955,-42.80979305942251
18.70393931307099,-42.27152277263986
20.847416957316618,-39.59263042922995
19.22652482776781,-41.84755639556369
19.09222841852337,-43.87283543186372
19.636974296059165,-44.647398747706205
17.700030379245952,-47.12666129659442
17.63679404734264,-46.50239884152789
18.503446661732507,-47.87623940207323
16.74499615746106,-50.72102193168662
13.178884451926645,-51.39471391514513
12.544468880874827,-49.24696685461723
12.031060466663043,-47.27676472504564
12.803248960603462,-45.700759506078526
12.443906883443802,-53.93002524691231
13.849399167442758,-61.50020683694797
12.61175569854992,-58.23125857478667
12.208882887924407,-60.75270573519141
13.602139360924925,-61.87133291433547
12.784167739561042,-62.10391581712216
13.271192006542272,-60.6724241123262
13.398719882233943,-59.62807720417547
13.721912340657747,-56.76859586777822
14.045104799081551,-50.59220005683859
14.368297257505356,-46.89982864907745
14.69148971592916,-45.68728267161411
15.014682174352963,-46.89698763642933
15.337874632776767,-45.72756483213553
15.661067091200572,-43.50406439583701
15.984259549624376,-43.01229967859539
16.30745200804818,-44.95321734317085
16.630644466471985,-43.94683957746549
16.95383692489579,-46.55380933853116
15.04390882563328,-44.21950749345843
13.191419445007053,-45.83342230068871
12.23374437470145,-44.86136556581317
14.272656223555732,-45.13765427446321
12.04827670084224,-47.35841694618367
10.63823191508033,-47.07606705061661
10.014361985786442,-47.38885587428526
11.492850404081794,-50.50262450446923
10.786932276899057,-57.34089246916064
10.768889089171477,-52.77118753685867
10.951346833613945,-59.059435960185816
11.684656177194285,-60.50785723512768
12.454470610918131,-58.426861981333055
11.051480002005427,-58.99789468672009
11.139232185241195,-63.45717104511064
11.6655999733975,-64.52845305044423
11.714338888313149,-66.58270684650063
10.488555460009657,-65.23350628869298
9.28122706778225,-65.69835300151577
9.366662766047336,-64.71513907729451
10.083290015167055,-65.27280089661552
10.8220416519617,-68.49698420240532
11.773779763507312,-70.5686076610525
12.899218654903436,-68.55850302158038
11.230874881711472,-68.52078528475464
9.660100571333317,-68.67455172323747
10.786926242827484,-69.42457988344502
10.52636421747992,-74.73928847870383
7.304584207646114,-78.3548639853141
7.462432616984403,-71.09179732693622
8.444531869659858,-69.8299102864749
10.378778359088106,-75.5974226890885
9.409669627536541,-71.3209598044794
10.606523375007182,-69.04031881484738
9.965258874834518,-76.7663835808926
11.370379179475947,-77.86861364789678
10.674050657546937,-79.91753150437374
8.633575227644535,-80.63892160522485
8.845749734946542,-81.33845390374303
8.121150168478872,-81.35409396739405
4.437052884660687,-80.85116053428054
7.837319848592905,-80.46758645936768
8.839648274231763,-80.90827229554594
9.112732623238076,-81.35614248164681
8.268610363275464,-82.12931480193438
6.36548263837116,-85.0101281059122
11.210040663422527,-83.14486447395967
7.153650639667522,-82.6313267789181
5.786624526292953,-83.11978734806634
6.583561868048159,-83.15113375543301
6.8940353420931215,-82.38384254528111
7.357590154528474,-81.3784110010188
8.710850286693967,-81.36745602200607
7.354492865347873,-81.58641596826499
9.291664969015425,-83.169941599853
9.960694799703978,-83.16367231837968
10.965340104141264,-83.55305927234976
10.935907228760996,-83.13859519248633
12.863724011860594,-83.18248016279968
13.694611725571635,-81.65637900720611
13.028521122936331,-81.4996927007678
12.36321664295838,-83.132325911013
12.436889078729289,-83.113518066593
12.136393420202534,-82.876034164119
12.589519975068665,-83.12605662953968
14.657822140521045,-83.15740303690635
14.435421526272057,-82.23763541715208
13.621862283065358,-82.82452485556853
13.459464411577407,-83.17621088132634
10.828445143469331,-85.86251712150593
9.62217965280187,-84.28159368913097
8.370913567833439,-86.39356257710767
8.130126764051644,-82.0959904387873
6.2023492395550885,-81.08770885836846
7.6453884645793755,-80.74171440925636
7.91939842930919,-80.53920869331519
7.025945158503601,-80.10704837186023
6.133389681816476,-78.21751194264814
5.785194608400455,-77.90638134005849
7.041782975293082,-76.24317781701366
4.106430348338371,-72.03998953448733
3.7846250800194596,-69.81064150524256
1.075375048502858,-68.30418944571419
2.4334120843379785,-74.90982856214401
3.6243234201159504,-68.2932579460931
4.656333771293292,-72.26924765278915
4.784625154478109,-70.75906825839672
3.861453760931368,-67.99075509720943
4.850152706889036,-65.54827929078826
3.592484813063523,-66.27361381348733
2.1633131048662797,-66.2406038593328
2.165838040812607,-66.5044913871487
3.5610118341031916,-64.98142530049167
3.9768251747225247,-63.89106131171532
3.536647820995988,-67.0709275930228
5.395811810828532,-65.79964246578868
6.420403944770952,-65.6600468955991
6.520261140171792,-67.11617599427869
6.30442137292677,-68.23746319656524
5.206269979222867,-70.75731159186068
3.728777890170602,-70.08963260482818
3.938786966474606,-71.14406993168117
2.831927518715288,-70.26829214113214
3.0036852106993206,-68.13111013192407
3.0847970799315823,-67.51030531740993
3.1005717429604447,-69.72969228850958
1.6938090107191386,-70.24127522053584
2.766409594235225,-68.4271543945239
1.979132570525762,-68.30897697410313
1.5155980062150765,-75.17077002157215
0.1258188826980169,-73.60512126500329
-0.3062160211701184,-68.14194141342358
-0.9197330552430043,-67.46031221402556
1.7366137369745709,-71.00688604591605
0.8932389479253705,-76.20560773534504
-0.3422125589506487,-75.48205484011362
0.196036274573555,-68.10869898219353
2.2495542684970546,-69.66719021091967
2.4535887827633025,-75.3555385383269
5.15643486661208,-75.23287165780836
5.17936367517019,-77.49362137985823
4.489835129183726,-79.49160334379731
7.656330556145666,-80.39579824865368
8.18192245401132,-79.92498753102089
9.85730926001231,-80.46383946325011
12.394334718270159,-80.16912798859674
11.643689102864098,-80.04434061543465
10.691258008532802,-79.63534578942432
11.764977035760383,-79.91038718844362
12.181716331738409,-79.35561170353616
13.049149619147535,-78.45331835488116
15.51553897913546,-78.8778292173243
15.805579604896462,-79.24684560099517
15.602002345983221,-77.13866508551716
16.195915980283303,-79.33487621824356
17.436691271344902,-79.29282044064942
15.45796975632353,-76.36392620193669
14.497234430693503,-78.87038560439045
13.549668467023562,-75.43171148100029
15.048123792512827,-75.97901509994156
13.811547889450086,-75.95359439985658
15.540939902936753,-77.44075290327551
12.928083231655727,-76.70054859283123
11.6600208675065,-73.5064403815195
13.404416024100332,-74.18994688842714
11.707210838727676,-75.12163323818626
11.581187277947635,-74.39794628242919
11.45918788775428,-74.64888710271586
8.93840922012741,-76.52505072785938
7.685418190682394,-73.083238346147
7.947878597799661,-72.70250134830722
8.888155004444378,-72.67191939891413
10.777461409743973,-73.86606272443143
9.660140611706085,-65.56308736300267
8.828642855989212,-67.82510671761257
7.893192167936894,-67.0386040137309
9.816754336913847,-66.4919821382576
11.491861943419753,-64.38045249096794
11.895858398393488,-65.99329294727164
13.43225791434334,-66.59377259749122
11.447533949030124,-71.550685462919
11.227808274713936,-72.93831738390426
12.162424435546964,-75.55357752982187
11.353198515354304,-76.41441784535596
16.62166376510753,-76.54533804643073
16.07010670469718,-79.42063329454314
15.329039236077497,-79.39051345847722
15.306510904827064,-76.97229515343369
15.141318550779788,-78.15613004407321
14.445932251592055,-77.64789572523782
15.085605759009258,-74.9224898095301
17.892455005123708,-77.02585264566133
16.342157311002573,-79.18185277166239
17.68774166822418,-77.0263512769631
15.981902713651321,-79.09634771202433
15.929299663962498,-79.31273644139303
15.899309499073418,-79.0920304330993
15.17046623191406,-77.37900420327108
13.611804604922535,-79.60032912785533
14.299958517846642,-79.90645077744671
15.30065855374923,-79.83337060801665
17.205262340680363,-80.0360282575939
17.33806091790109,-80.37286509755148
17.755811973812968,-79.52438901299833
17.585431436409706,-79.31087873371207
18.94336256870037,-77.29102788123751
16.542535495471615,-76.18777994893479
16.067732834330638,-74.38794564328772
17.9470602049213,-77.45189110172103
17.654034533443575,-76.92908817899827
20.11718141514266,-76.03323277260934
19.916895743773523,-76.15283656660537
16.894396034488945,-76.02275905568227
17.652021351640006,-75.33839863813662
16.09166584450118,-72.59813340558219
15.154848379746653,-74.10687592215018
16.682401250005416,-75.94400799004295
16.0362496712426,-74.12700418385957
15.594317864126705,-75.0358888997163
16.944877672790735,-77.84042108485465
15.325430885060406,-75.54956296849387
17.753836856737387,-78.49847389145489
17.42279817805649,-75.69265294042845
17.091759499375595,-73.56226529333624
16.7607208206947,-71.63616487055295
16.429682142013803,-72.85941066588876
16.098643463332905,-71.44875562773093
15.767604784652011,-73.21150727112152
15.436566105971115,-74.51583823049637
15.10552742729022,-76.99624952131872
14.774488748609324,-77.72478393809995
14.443450069928428,-77.0191259950809
14.112411391247532,-73.55880603247063
13.752866488948847,-73.34417980557514
13.353993898335347,-70.97146491623279
13.351462496203867,-67.98999803130529
13.19844885248182,-66.6933679470197
11.805183315740667,-64.39729439578501
11.954521005670198,-64.98052875136555
11.55324795140323,-64.05665309699069
9.32965151139595,-66.5628976500805
10.110217217651709,-67.08680089055764
8.444417125267485,-71.9853903922567
7.8351331474172525,-68.67813824897966
9.226082661026956,-68.87038139733724
7.272618291448898,-70.44891332323007
6.828640404547325,-70.26035406693633
5.246786407443923,-68.03461442873744
6.668079363715076,-65.31632242856658
7.226171026671091,-64.43255725130828
9.238107845040666,-65.58780297001852
7.869364278819661,-63.37537493586534
7.825958665238112,-64.00722744557092
7.376393437189923,-64.07404426896564
7.06013374177299,-63.6098451101808
8.72303953355882,-62.73634135972209
8.033548170075537,-63.22466109766515
6.082881896875052,-63.22376974268502
4.656221221074631,-62.61665227229127
4.091170678916689,-62.4908427824408
4.854773540293181,-62.31777485426477
7.025422217723413,-62.37862141668537
9.978838512392134,-60.511810435470316
7.962425108424673,-59.983893004122024
5.717595628309726,-60.3050304876394
5.511056588948543,-58.263469594122355
4.2631973495730975,-48.514389338790984
3.1663096902233243,-50.98061292386971
-0.32496450353781503,-58.27802032657263
-1.3162723976947681,-59.97544786088716
-2.382017698665447,-59.803177256025144
-1.9503129770075627,-57.16839452397302
-1.6772949922271105,-47.19390862733275
-1.5565056156962973,-57.14158408160202
-5.039782849883057,-58.97149897038828
-3.637876520174558,-59.65161773985773
-4.0786379561028125,-57.63945694922363
-5.742687118150535,-53.83449194029621
-2.9873560503418117,-57.1324401340722
-2.563466057643776,-58.33772196702628
-0.33264363184193924,-58.518931399291894
-1.1816197569589209,-59.297202285406655
-0.4352886571237018,-57.397767498634025
0.6716118311345829,-46.22245200207379
-1.4611798880631737,-46.07330418445343
-1.725287291140529,-43.78957560779884
-4.46121999935051,-41.589270110227076
-6.418107507735267,-43.232021902093834
-6.972795312736638,-42.667996728140594
-7.741767276974294,-40.646392826465885
-6.719282056538841,-40.3129853986203
-7.909967956875056,-38.68193625923095
-8.165052864211631,-37.897049157900916
-8.507435706093961,-36.86613491131576
-10.0019252496588,-35.917138025203855
-9.012433259579371,-33.42175067742192
-6.130908299423158,-33.97971913635762
-7.262973963603891,-35.53163496586317
-7.6740755555689235,-35.41957330040028
-6.300431601334359,-29.654612146571043
-4.402625504117464,-32.78130639585371
-3.0900604565948093,-27.630990383176897
-0.47635970554493,-27.610328068767465
-0.6495056220775941,-27.2225412515473
-4.946167596101402,-26.580879497672036
-7.293082146575371,-25.983704276044307
-6.868108741499582,-26.354959885879833
-4.311553503134504,-26.18354322867409
-3.86313899200398,-26.938324750866634
-4.686077694502829,-26.049870197778656
-3.949935721009653,-25.903027746004852
-0.4057106280021894,-26.223425415281707
2.248982864477439,-26.94450109216001
0.8759586591169504,-25.78017620746797
3.647133569921099,-26.095274578098994
3.3427711874972985,-25.739111760670493
1.950493624635135,-25.207288947771996
2.2019434412222774,-26.52942137711019
3.1390689384519614,-31.653875507905322
2.058813287403365,-31.557287725499556
-2.074758889327069,-32.6975166810054
0.2276515625904172,-33.27486615075267
-0.19052610521310293,-34.220257656011775
-1.6524504942860776,-37.638926053699485
-0.9957168839109357,-38.443144121864364
-1.3288457080639953,-37.84617411995532
-1.3359606703301785,-38.6881287847035
2.776071483094205,-38.190382033622086
0.1754257488621076,-37.670038593863715
-1.4310833114031758,-36.84536286178886
-2.2552144174708246,-38.46072100741624
-1.9534196959639565,-35.50690115356325
-1.146291809590625,-32.20761274291311
-1.0530750470472339,-33.52071893850003
-2.5412026450702383,-32.17028112256113
-4.029330243093242,-30.04985647122697
-5.517457841116247,-31.806276859026138
-7.005585439139251,-31.79046725181341
-8.493713037162255,-28.87172150350284
-9.981840635185259,-31.45441140619578
-11.469968233208263,-31.16649173234386
-12.958095831231267,-31.268561044899048
-14.446223429254271,-29.509264860718886
-15.934351027277275,-28.153132511756095
-17.42247862530028,-27.613972797671646
-16.296392540295336,-26.130956046411075
-14.15832289486742,-25.413362523547327
-12.973106560758893,-24.785161661029104
-14.212351574419591,-24.13958927614164
-15.2136655057926,-24.01630823666814
-16.047934753033196,-23.309930455679392
-17.354973741530216,-23.1438278302703
-15.568167396688345,-23.01746792108826
-16.674372931280125,-22.35853451334406
-15.8374237462272,-22.630428142645524
-15.746363010408015,-22.792470830700726
-18.051345329863363,-23.81064198257545
-18.587040734686234,-23.55391282777524
-15.785936214623963,-24.15679770887345
-17.750585296629822,-24.057581346453276
-17.160976393956904,-23.184957670469686
-15.64782381805478,-23.80236262867536
-17.841190384045408,-23.35278436525405
-17.41844780208278,-23.579677158222434
-19.27394833616019,-23.561066883276418
-19.337254001620305,-24.66814929065046
-20.292930711111964,-24.737989131650732
-20.919850526729352,-24.408969218786197
-20.717116236440436,-25.030635662465112
-23.309930455679392,-24.15407691345152
-23.774975424316487,-24.4029231623388
-26.51652592008619,-24.535844299478327
-26.75350853861985,-24.470239643855223
-25.42158715585155,-23.72491703355948
-25.836060594139933,-23.07873897079611
-24.96296624590325,-23.303326547404925
-27.8668164922649,-23.927933907238586
-26.77870585692427,-24.60756758434862
-27.750874694280256,-24.96296624590325
-29.18043459364995,-25.96768706313007
-30.1442439829768,-25.873595346929793
-28.642883928116746,-28.212009579691184
-29.096178571289066,-27.241222890019237
-26.909774490253675,-25.42158715585155
-28.005068503294137,-25.623637355613486
-27.316465992899904,-26.167377154794487
-26.94450109216001,-25.71841912701778
-24.01630823666814,-26.23208835861993
-19.47599194724205,-25.633861382884724
-20.408057710841575,-24.89585225443358
-19.03567401340005,-24.76396051534912
-18.675973323812183,-23.05886884313819
-20.20461184620708,-22.782083833839806
-21.290519663370418,-23.00680038415985
-22.062616228157207,-22.772649748834006
-23.35278436525405,-23.774975424316487
-21.77874067073292,-25.25873160564673
-22.55604917533363,-25.207752319228142
-21.108975536916212,-29.286135208228984
-20.831451191424502,-28.771147390282554
-23.18689154538261,-33.34062408222194
-26.622468814106693,-35.020641367544
-24.1577344781525,-36.30488306927628
-22.08363366547674,-38.12794459933803
-20.831611052460588,-38.417956357589524
-20.71713102927717,-38.94535074889851
-18.298854695516415,-37.70295812427129
-20.26723604916248,-38.124631952397436
-19.655106486686833,-38.44436988071961
-21.588922340893838,-36.779190503613066
-21.59470879170361,-37.08619921435529
-23.666206678701847,-37.01416727050177
-23.12755580165365,-39.54777877825531
-21.612612084195728,-39.934100395050095
-20.998080179962837,-39.48453016603985
-21.610232630963132,-39.363082504069006
-23.10120383102247,-38.46973080764762
-22.462584355540375,-39.7790305912189
-24.386482272222956,-43.59292560838422
-21.282989569160062,-45.405419600377506
-23.386959215438534,-40.90576043920712
-22.643655414710842,-44.43764644714968
-24.408969218786197,-41.5723536002276
-24.61639353142093,-39.25915400606401
-24.847176391917092,-40.92504315746949
-24.13958927614164,-41.99848714853987
-24.972253872143327,-48.37259234999712
-24.673445213910206,-50.11090170981196
-24.737989131650732,-46.69461207868558
-25.690211589599933,-49.00663003278548
-27.779624122208606,-50.13842520386013
-25.88595827983371,-44.175660773750785
-28.537293936433578,-38.48652797041583
-24.22604466875614,-40.48518424054558
-23.990624046423548,-44.48445790729585
-25.245303329678446,-50.96344242245042
-26.095274578098994,-55.87416935352977
-23.72491703355948,-56.4361332541542
-22.47170559895825,-56.19561735829222
-20.616645296198207,-56.352131590198084
-22.260291197290005,-57.96354131129385
-20.556658185338385,-55.91719439239427
-21.626972011751583,-56.526667061341534
-19.295002487066768,-57.085446045452095
-21.18411919699753,-58.25324204303391
-22.133065939968347,-59.45761577573156
-21.235478195714403,-58.062223181510994
-21.53086442634268,-58.144263051396265
-20.364905681729763,-56.65243042575355
-21.146758522316137,-57.485362415281614
-21.64051625209257,-57.03404331862784
-23.303326547404925,-55.85908677529179
-25.644293782863755,-53.833086519382796
-25.903027746004852,-53.71325702795706
-26.286812198610246,-56.262333446775784
-26.708528629207372,-56.837222834938395
-24.880610951510874,-57.3945283935031
-26.937090061302776,-56.527117317223976
-27.417880329146012,-58.1944986626899
-26.49815119242259,-57.10777070158421
-25.309139806591233,-58.116522820380794
-23.82315565586824,-59.80945616644461
-27.026828190814708,-58.64299731514447
-25.08380843945444,-61.103094287370865
-24.73220253494209,-60.46308525004731
-24.012655092821372,-61.788214913388764
-22.630428142645524,-61.96461894851856
-22.35853451334406,-59.58174032261836
-21.738950946327428,-60.197455469606766
-22.772649748834006,-59.28466652352543
-21.77657872907032,-58.95700764547105
-22.34464671455924,-57.72046261468905
-23.65830830915225,-56.50947474781033
-24.535844299478327,-55.18648365500114
-25.356181670909,-49.13063567209431
-23.480503972483792,-51.74343569200158
-21.582538384116454,-48.1912559355285
-23.05886884313819,-50.79212703942065
-20.74915359429643,-53.472829860093384
-17.573084579569546,-54.70316768727642
-20.19173081756019,-55.9118346368024
-21.57746726993804,-50.51529486464057
-22.669584032909935,-45.64683567720451
-22.275567947390094,-41.562919111624744
-22.99582069521986,-42.065805488136945
-22.246071051925988,-36.79759475952051
-22.100113106552385,-36.31829954197227
-19.970568128993186,-35.41686610481778
-19.988451976500727,-36.5265769841239
-21.256034968585684,-31.819367447220475
-19.809772522918237,-31.819040694036094
-18.06108181447698,-33.380150240119
-18.47026881193922,-35.354065799142575
-18.50278468352448,-39.14979516278624
-16.648446271525405,-40.34215718273091
-14.656812957546952,-35.02085390832902
-16.441863022790454,-38.00666490199619
-19.07133782839105,-34.98018673999261
-16.615858772451976,-31.57087329856885
-16.766777298011096,-33.36041437313965
-15.530498458407548,-30.902271271637773
-14.773488189415144,-34.90391096636392
-16.119268046433653,-31.70593669409649
-17.72044616390523,-30.87115101636688
-21.172214218601418,-32.55029564098885
-20.266487328251117,-34.1774125875793
-20.059625085969312,-33.66194525923045
-19.748621042830074,-36.57330284510844
-18.409503466170484,-33.71249610952414
-17.41671555316465,-36.647084365054134
-15.38108073333849,-39.192082971872374
-15.390613729843425,-39.466078957102845
-13.679422971457218,-40.536452507643766
-15.057084611845,-42.74833718150093
-14.645668703151165,-42.97346536261227
-13.761827336239016,-42.755101386646
-11.775051229351686,-43.849117415361576
-11.073160596504204,-42.32370680093325
-7.901447237236508,-48.86446058785305
-7.64921583931291,-41.59115165233204
-7.413711480162187,-48.743320792753394
-7.249116225382053,-55.54369763834239
-4.471893325627812,-56.04787307073178
-3.0441096343433784,-55.88228922402467
-3.2262122500821464,-55.47062035483226
-2.811814530890891,-43.63756368549587
-2.2255623825757316,-49.56284244444303
-2.9577091754170852,-44.33134650865925
-1.380142255235552,-55.85865697776147
-0.45475141843705347,-51.177668707140135
-1.6946830696888489,-56.52451508380183
2.4302847929893074,-58.374825829412195
0.4508859259807534,-58.39907975584932
2.6813773519983486,-57.11878663502084
2.029571310811281,-45.92250922888809
2.7654630597776566,-42.53601289383294
-0.11201242885725904,-41.23495296956132
-0.7142615135166736,-41.70914631748139
-0.6683987146286655,-39.54798495607878
-0.6225359157406576,-37.21970859135614
-0.5766731168526495,-37.18033976523711
-0.5308103179646415,-38.441202104538924
-0.48494751907663347,-40.08114984891207
-0.4390847201886255,-41.78240024151725
-0.3932219213006175,-41.346425796775485
-0.34735912241260947,-41.28207033216831
-0.30149632352460143,-43.162944860850146
-0.25563352463659345,-43.2571439329116
-0.20977072574858546,-43.1319708376702
-0.5023735590805793,-42.09081510694666
-1.3297856359029914,-39.78479200681047
0.38938870127475145,-37.4139558670581
0.40141294921407,-35.232020828904155
1.810225117570675,-37.518020127019994
3.20447201399993,-37.522163355375156
4.995356534953252,-37.82254007392366
5.68941388077459,-37.85270038323482
5.9129539614812225,-35.87599261579853
4.3976308371618025,-36.654260575895464
3.6040415771364427,-39.579378039101066
4.060187967638085,-40.60311557648053
4.680021941752298,-42.27734932188426
5.1066528148826364,-43.933755251377114
5.405780685331901,-43.514074851382055
8.388916894599046,-43.491968593762856
7.613708398626748,-42.54234086604681
7.3728416517278115,-39.71496508924869
7.131974904828874,-37.72594596978721
6.891108157929937,-42.75535838565959
6.650241411030999,-42.60621261639805
6.409374664132062,-37.86927147369047
6.168507917233124,-35.94544632465316
5.927641170334187,-36.88420860592997
5.686774423435249,-38.48685694290623
5.445907676536312,-40.269671861985934
5.205040929637375,-40.59786915405922
4.964174182738438,-43.7124388344579
5.915814419011106,-42.83134499898847
8.068997945471454,-41.24871079302331
11.191405258698918,-35.46319396954681
11.32143465005789,-35.5729085286629
11.944555661299159,-40.060777428825595
13.14864721552134,-41.8965197820338
14.645076266375742,-43.4108966565797
14.93816863942426,-43.733679310821465
14.554434371344335,-43.341046216439025
14.280338731576595,-42.374079308492135
15.292889395302787,-39.10979202510576
16.216951937648247,-40.72838230287104
16.22456406899113,-37.87544286976547
15.869320792526347,-38.971979742724976
18.781414590860724,-40.648464078982165
18.425836622537755,-42.19712464874403
20.857365123141882,-42.82911834669206
19.83336062146947,-43.67310224445306
19.01185097212556,-44.24997422854084
19.09893980202308,-44.509794340369616
17.134408305710302,-44.73090013231766
17.68185335085655,-46.04875609708594
18.130060199791707,-47.88635985452724
18.822271667810337,-51.986544831643975
20.91409201165166,-53.06673397195458
19.8359193447884,-51.46866341241603
19.388288598501536,-49.84819706356491
18.677634812815604,-52.38478469875056
19.622034734776697,-58.3047914539818
21.644858481910667,-60.775533798630164
22.549142381204813,-62.14349888739589
24.631376054911946,-63.087875041927134
23.998381893225417,-62.8488404652187
23.36538773153889,-56.68088841201268
22.73239356985236,-51.06833035102029
22.09939940816583,-52.08385404357459
21.4664052464793,-60.321377565979
20.833411084792772,-59.08954417424428
20.200416923106243,-59.15189843699349
19.567422761419714,-51.11425891709483
18.934428599733184,-52.30152966939508
18.301434438046655,-54.161309186255
17.668440276360126,-60.58528302168532
19.10802298830607,-62.68058412438311
18.305689485738412,-61.65338339318866
18.1703775872686,-62.30955045529236
17.87088651412152,-62.043814084626746
15.523083482736844,-57.90321435760611
19.054761835397628,-59.064711720206596
17.659131144001933,-62.05629660789299
14.287452072814942,-60.74444007125185
17.816175971754884,-58.45971863996332
18.34047495423329,-61.681268342209094
15.728430903295346,-60.49846003243028
15.854681475056319,-62.43038290495224
16.80454349802461,-63.60731743834507
17.26035507721226,-63.34212612623121
18.12318987041527,-63.73989880028782
17.631699528915256,-63.59167139674975
19.72962471017493,-63.88968916767514
19.302392437073625,-63.352389104537174
19.735342304271967,-64.26003270089224
17.46300718050365,-64.19108165231931
17.40212010469183,-64.3781243310303
18.938385745997348,-65.14033190761424
18.908039903051648,-65.16546384342604
20.634284692815786,-64.83023077302178
20.303950679174438,-66.55222764951748
23.663063758397428,-65.79291988562241
22.943024385813303,-67.41229916786702
22.17909824497957,-67.0227890037285
23.973302906416386,-66.3726765656157
22.90064768370495,-66.93429837378584
21.288809981067725,-66.94205095607293
22.163049296609472,-67.81598524230444
21.647224125139644,-67.7893129821286
22.92389662028016,-67.33118114897384
23.975595665891937,-67.94520484143335
23.360227809168695,-65.05420597604383
22.166087793387835,-64.22668752506131
22.20592270354753,-64.56209210870007
20.408034127817718,-63.51200256695073
22.299767210962138,-62.299734125324356
21.97141647683063,-58.557705260813435
20.104097334957714,-51.16348352243906
18.758233543367485,-48.477527169828264
19.272733701730118,-47.98581216631294
19.23483189708874,-47.366626986884334
20.36757360008214,-49.280486311198054
22.234639589935224,-47.15830340443342
21.21925945684581,-44.98758859051012
23.168848542181586,-43.89937317355321
22.924049798970767,-45.91325116071747
25.038309194954167,-46.42235153413008
26.476012932684526,-45.058769844026074
26.914357559926653,-46.49571531743349
26.230274640865066,-46.405119398573405
25.878631293580245,-45.08189827652577
24.84698456269494,-44.58219840868566
22.278846101840127,-47.0569760734173
21.726110536246953,-47.88072411214119
22.748149780406123,-45.013475326309376
23.430737846204508,-46.33842615508092
22.27172038087941,-44.929514685005614
22.61306108971123,-46.115847040450845
21.01994951011917,-46.92853307284013
19.27776308197624,-47.13469092017927
19.9279719207228,-47.58146166483261
19.93737243219648,-49.735104858897
20.799091050218212,-49.35632882570898
20.681498055572234,-49.629387996451
19.345325285386025,-45.9668758000511
20.844901072244216,-47.00949395159121
19.841580865333615,-44.052667952132154
19.5923453865067,-44.95458060534627
20.580385836304075,-42.99329650458448
21.386434431089253,-41.0669782780335
21.368346412777406,-38.193578162397884
19.331383025142628,-42.15562814656284
18.94071515308786,-42.58268107303354
20.76534596662844,-42.382656472338795
20.484250788587545,-43.03452732088184
22.72601618511488,-41.62103142462464
22.565666033493816,-41.229979717524174
22.35339045084429,-41.82753779918201
22.584517731487512,-40.0301437105418
22.49788702731659,-36.022288332353895
24.436297628795955,-35.24696346334961
24.05873788491449,-32.24127170414013
26.367724736190652,-36.68041195249461
24.73524255578636,-39.51685771178087
26.042661713168112,-38.651068349724746
24.8549838529274,-41.167309840875845
25.235577859780395,-43.438619433370825
26.532255703795272,-44.8548092734479
26.34109287356977,-43.320340729336976
26.32911381999044,-46.014452556605946
25.98309439230638,-47.07446396441466
25.637074964622325,-43.384983930951144
25.291055536938266,-43.46512829406141
24.945036109254207,-40.39490416382657
24.599016681570152,-39.29254838342755
24.252997253886093,-34.506542586307965
23.906977826202038,-35.209591688432404
23.56095839851798,-39.2895014614991
23.21493897083392,-38.83568922576497
22.868919543149865,-39.21151562247514
22.522900115465806,-40.71919345420433
22.33275855625296,-40.78453752738792
21.353916145730686,-39.85951127390769
23.41705407421377,-40.31799297526752
24.55553406251592,-41.112734732317215
25.646294082263633,-40.25888933253129
26.787527556043344,-35.865283513899065
24.125587859117577,-33.69139100308753
22.582277693201977,-31.346066095830242
22.549542417155244,-29.082214719357765
21.522867147198806,-31.80549014061124
19.43617876021749,-28.92237037054042
18.8125155414594,-31.299515747910096
19.844741360278892,-29.228713520353942
19.01448795353786,-29.531433427314496
19.097523124664605,-33.49232310309297
20.49569828168171,-35.1848994367331
21.900111750068042,-32.71439365513881
21.940611964929804,-35.35627147829054
21.98111217979157,-38.33465217022906
22.02161239465333,-37.62493455237272
22.062112609515093,-34.69848532656007
22.10261282437686,-34.323897844375715
22.14311303923862,-35.16542737136545
22.183613254100386,-35.22635712203453
22.22411346896215,-36.56830742396372
22.26461368382391,-33.6483862773749
22.305113898685676,-32.0915836158403
22.345614113547438,-33.2819610305051
23.119261122225126,-33.82081791306029
24.911709879017316,-32.08676836137877
24.02152412467576,-29.18043459364995
25.029860789381917,-28.642883928116746
23.99665572253033,-28.517582393421694
22.850601586168974,-28.666100311919134
23.739349780859705,-29.1573106981724
22.765357778563292,-31.51056919874947
23.41020363840481,-31.10057601164834
23.30305186249416,-34.75401910587226
21.929422153831375,-32.97779082421449
20.176116261201518,-31.80873569149507
22.498512266893975,-28.537134551190583
21.921837520962,-26.909774490253675
21.503912215147828,-26.913271766416564
21.499705140988507,-26.952184295969975
20.962706812859274,-26.000341284497548
21.56898746532408,-26.043879538468723
23.444471593145156,-26.02000046515187
25.337399648092774,-26.525828829131807
26.47732188394862,-26.19141591610806
25.741321677734582,-26.59360536974781
26.05308641355092,-26.44328506343958
26.032338266553623,-26.892585732067868
25.822204907836696,-26.05125300261504
25.37560255593081,-27.54654718342967
25.67375269774713,-28.537039165615035
27.379682186231268,-28.537293936433578
27.33738611988339,-27.607673289412958
25.285009401464144,-26.27005691313563
27.28936005574403,-25.826188268612842
27.472949347387253,-26.165719794762087
25.48925176864218,-25.91201516623729
27.587042177451057,-25.690211589599933
27.45488939001035,-25.448191077005365
29.40563832383501,-25.764084943864848
31.073261609333745,-25.698969017985256
31.351831666297247,-25.686123740919985
29.897918095582472,-25.216674910227493
30.357129411525783,-26.018366277607484
30.280209225139902,-24.591857945222316
29.457989615697347,-23.40759922057392
30.78676419384384,-24.012655092821372
29.632960765849287,-23.10120383102247
29.89759355009344,-22.620294256906455
28.85673049131609,-22.643655414710842
30.88412997475645,-20.616645296198207
30.859517425937824,-22.47170559895825
30.91021890640469,-23.03705909372571
30.139690972374016,-24.776411440666305
28.21089747297646,-25.458126629886834
29.347664668240093,-23.84399800587326
30.480490946393132,-23.179578441278963
28.172209674981943,-23.19387298683338
28.828388736931263,-24.764449476310944
27.961995097786303,-23.82315565586824
27.560710397661538,-20.919850526729352
26.99831974589917,-18.298854695516415
26.042771844560615,-19.337254001620305
27.7284726268921,-14.564923765320453
25.790052304475672,-13.999134546439214
25.787590010026772,-14.212351574419591
27.234680614588143,-13.86594446948463
28.64435020711896,-14.163260771469705
29.13472270491946,-13.928839347533593
26.00375094722952,-14.272749511057475
28.599982388278402,-15.148983975945226
28.08775691431435,-15.785936214623963
26.072135366295942,-20.408057710841575
24.252906317021544,-22.40295663892037
25.241945519190317,-22.982757677371996
24.27571115497185,-23.954828141231314
23.38050278703694,-21.677664699738038
19.86667688948171,-17.42707915923841
18.627795542585336,-17.473307135749316
18.03916487515139,-18.50278468352448
17.80316383765268,-14.528495727662223
19.421019233749348,-14.157401382099545
19.85974845491646,-13.844109995989237
17.703107685044913,-13.756723400464558
17.22234677044453,-13.807001099255329
14.990409907579313,-13.761827336239016
18.35692972780596,-13.795903029966864
17.75833289362096,-13.077311314704389
18.571134394792352,-12.556290936901913
17.312132512635355,-12.751564675732888
16.187405373855185,-13.009884287356149
17.75126454497664,-12.594367808342625
17.63703816886826,-13.546696759960062
15.92338813570389,-12.286615785265239
15.935767233103197,-9.492823456223702
16.991707095194975,-8.245680235824041
15.775905123837095,-7.663241517409941
16.204852618278537,-6.36352891455886
14.119273800197433,-6.494400198439575
15.443351728623071,-5.563642453245194
15.193223780095629,-6.258102356644878
16.754452834355046,-7.697612314273553
19.2658676288233,-7.219889550012654
20.511727091032924,-8.354922768049027
18.279838233494544,-7.194402175013445
20.21574492061021,-6.332964220140429
17.792702776582466,-5.911833592645927
17.194937551228655,-4.254380265632555
18.98728929277175,-3.562985791278428
17.815078081859383,-3.8791477628750846
16.433380080045577,-1.063043862096154
13.753857155123043,3.435277971240644
13.557164150286997,3.3427711874972985
12.217287435510293,3.266267584767868
11.996396993167052,3.9768251747225247
13.515483993889578,3.2992058087880296
16.746815562849804,2.4535887827633025
14.633165318887857,1.2834243830550611
16.62132293279934,0.5520802409051977
19.124767064335565,1.2896624569640103
19.537931176400434,3.1390689384519614
20.175613898651186,3.728777890170602
21.574154079522373,3.536647820995988
21.617577066752993,4.680021941752298
20.286853709647033,4.625569308783625
19.393046095072087,1.979132570525762
21.06741095519646,3.7224986088042114
21.21211202678389,3.232266589749639
20.845223075125904,3.207027073454009
21.799528149151016,0.09666116023201576
22.74064568770817,0.5222818863962883
24.31971603973384,-0.5023735590805793
24.063761233121586,-0.9016360880172827
24.66079312203178,-1.2321479305998626
23.688753125515625,-4.589103110513977
25.595096922805645,-6.972795312736638
23.553272596710855,-5.161600211487445
23.950441011965506,-5.731877276996382
23.169164987168248,-6.9097216080668895
22.69970623063471,-7.161888296364803
23.75143497021574,-7.826754656260788
25.151780302669152,-7.724497240768294
24.718073309970745,-11.469968233208263
23.995799202159066,-12.132716420557756
23.54373232763554,-12.721097660670653
22.022651384411187,-12.414218639854933
22.32694918791103,-9.968694717885937
21.38631255292299,-8.956140643975333
19.847508743866776,-9.064969358988588
20.301391582269993,-11.32299825197485
21.657550047611217,-11.531536673592134
20.821234636767063,-12.521701867879235
18.80840705322502,-12.163485472233218
19.011664592249165,-12.177650779587342
20.356281070181378,-12.443272284487712
20.40208817467538,-11.93638237183606
20.056063834665967,-12.326883353984538
21.44903013972786,-12.880765677661678
21.02923444742559,-12.151110669311525
22.822734738682982,-12.982153155206412
20.590506141158485,-12.979240511940628
20.096576150663285,-12.985778266588383
19.39184781267855,-13.35651017873038
19.060200404139263,-12.775918479000163
21.15604397134591,-12.623204353212332
21.01598177560959,-12.640093452827129
22.33748319282265,-12.856673654013022
21.039141976599335,-13.006136065634099
20.38780065780466,-12.745393451896165
19.141562164659856,-12.09118850109484
17.252322806098242,-11.509909895472612
15.705083922017682,-11.42381031950975
16.034127773009022,-9.904829522872948
15.239925815303298,-10.241741213026733
14.991809834236923,-9.351038041538384
16.329598004258873,-10.518142323470062
16.487829871735865,-9.685470792196664
17.469854599691416,-9.34015075953007
16.984393509621313,-10.46285641613288
16.637060586417697,-11.259757556810582
18.57827585139243,-10.446115250760077
19.019152431135115,-10.462643268351634
19.487778692178978,-10.243741144166652
18.63525555949666,-9.410294662788996
16.780063791708983,-9.763765739705413
16.145000132044288,-8.022598456326955
14.831167480254814,-8.8403036314697
14.858055448852326,-9.698588567658735
14.988701503591534,-9.763255651573605
14.30476325749542,-9.67234296013345
13.51481012193147,-10.385389914290695
13.805437486864971,-8.881427759831826
15.22472193119514,-9.76582044408573
15.779566833367358,-9.697265656199175
17.125991165283427,-9.575659130783611
15.393912924099624,-7.534603746947118
15.424038619541145,-7.630703442358046
14.765683544906482,-9.884258482153133
15.095193094696043,-10.85486399482421
14.366086785702066,-11.51472227741395
18.68824075428131,-11.61373608663207
18.24847749478745,-13.545342046432937
19.33424660862217,-13.337135559235804
18.652734852330664,-13.521022870273288
19.8921103945351,-15.38108073333849
20.788733262891604,-17.426928693306373
20.853329071622046,-19.70898238152797
18.6619231173386,-18.599338680455897
16.172015805568194,-17.934441477103487
14.637987237850645,-14.446223429254271
13.846231086845599,-13.283000449496765
12.990438703549055,-17.42247862530028
13.072723297696351,-18.442859552141268
13.992732523170737,-18.587040734686234
14.09429364970302,-14.43134828674961
11.790729479998296,-14.952455925321603
10.109148385637639,-14.116783233662792
9.905516231216799,-15.73865994989849
10.257871452849,-17.201173294965123
8.772500023650132,-12.285078400312216
7.5782483818855155,-12.15379866223351
9.828383163410091,-11.64288576145732
10.752537973044339,-9.983024594995033
10.737685007800264,-10.85987349388742
9.773522857988679,-10.935616893365246
10.950641359731248,-11.090723900235897
12.105446871540321,-11.522197070177695
11.217504053550853,-8.98713560742115
10.75808661739314,-8.81421982978495
12.307580142401688,-9.048829394277474
11.575030708724775,-9.193122340838414
9.65234982236285,-10.809904198484475
8.62429555739102,-10.047979938273684
10.569659584249305,-10.57966915765602
7.953591859136999,-9.439700031486009
9.023926598689606,-8.380532177338575
10.484136620516423,-8.331120336517172
10.98986795098722,-8.129654642184857
11.760670296499145,-7.262973963603891
11.338700026247471,-8.716390227473646
12.278241495124742,-8.617277117309833
12.549057078405427,-8.121711566490768
10.663239269611386,-7.773523331445405
10.244556378469731,-7.594135363820601
8.338227989193154,-8.815503337637459
9.67663211276352,-9.137159282163525
11.095132238417978,-6.525458482842133
9.943589804844613,-6.200942534844789
11.974733524401536,-7.169790816730858
10.044451784028851,-8.360243941069736
10.132251504902484,-8.673809845992714
10.736654009103876,-7.259897293719012
10.831763634937944,-5.657419276690085
10.685543858972574,-6.719884824996475
12.912925168078786,-7.186671272524522
12.665572362438269,-8.873151475552637
10.936231521318422,-7.491228277883501
12.267190720005814,-8.319937786818395
13.828716034421996,-7.618579315630484
16.102974402124566,-7.616613027635905
17.98261029029702,-6.197096595487265
18.231147580825947,-6.7261197181511045
14.92688806852097,-6.612130694409765
11.685109281998752,-5.998024870544697
12.473970856746188,-6.096904918281037
13.62025324428395,-5.528166457220214
10.344321600679217,-4.848044554104421
11.590404665874402,-5.571883138842328
12.084220685606459,-6.418107507735267
11.714144862761705,-5.6042092865011055
14.84119698942737,-5.218444654844685
12.304529846353157,-6.497470872630184
13.442827800440007,-5.37789982133589
14.180164162192654,-4.784994424158272
14.9175005239453,-5.609687178706642
15.654836885697947,-5.1807278429439645
16.392173247450593,-4.849749374491717
17.12950960920324,-4.468145270253996
17.866845970955886,-4.11650306957624
18.60418233270853,-3.824283960935797
19.341518694461175,-3.1474277601106984
20.078855056213822,-4.377051103958426
20.81619141796647,-3.974260602588302
21.553527779719115,-4.0786379561028125
20.146320611624112,-3.8671038787082095
20.207511776954682,-3.368362602863638
20.058660482843464,-2.122798434177161
19.457920091823983,0.5328467641416115
19.32327983531038,-0.34998755128900694
20.441557996587395,1.539433659385185
18.494032515377366,6.748047222351476
19.189314102169895,8.347094858535472
18.457698580711195,12.748268103998019
18.087083990166132,13.339624990918296
19.16193071029197,13.44142392527187
19.769003409230173,11.659880024422081
16.466664126596925,11.643689102864098
17.870122680419907,11.581187277947635
17.97743002196425,12.402049233722705
19.68616531838242,14.678384051799963
21.227114368081637,14.596683850847908
21.09644677292011,12.784167739561042
23.890747312340515,14.03965807193562
22.158088791744618,11.234540305021302
23.07140734431196,7.680149201507955
25.885174782048452,12.497838745905781
25.939839003984932,13.459464411577407
26.38203794727341,12.897937340808111
26.79720113505762,13.734677025408908
27.676820065397575,15.009627024225011
27.90691919934139,14.046646381299531
28.838592933090645,13.049149619147535
31.128942302872243,13.51552373021217
30.85694506379297,13.308649871236387
32.11922591374496,16.716904265799393
33.072290005038425,15.45796975632353
33.22774937728504,17.631699528915256
33.93981956336449,17.68185335085655
36.570423310337915,19.011664592249165
34.712962246769585,17.194937551228655
33.813482931696,17.815078081859383
34.113233541914155,16.098643463332905
34.48742914328493,14.501217901093858
34.338142317240546,14.79424813381143
35.785651454502634,14.256389594162332
35.75224781567604,16.49839358218991
37.58606780651627,20.325143496958795
36.95085646336839,20.458359923858012
38.88206401059325,19.800719147439885
39.662930971926315,20.08657649849288
40.69795580078533,20.248483547822175
38.99340098840729,20.662736294655794
41.956529621710935,20.821234636767063
44.252086888998015,21.477346738104238
44.35644766423626,20.742062042701306
42.35714548041224,21.610373655924533
42.73977248181068,21.31603240402904
43.753058029387404,22.483836691821228
45.78822091463179,23.112476050709247
46.116295769263004,22.90064768370495
44.39420887055696,22.332101488761637
46.171531724224195,21.726110536246953
46.786556573458675,21.098143005540056
47.03646339141726,21.403244509752167
46.18399518786374,21.1723786258725
46.3800534286226,21.276573778643453
48.67598605596668,20.59293068905156
48.74917807618049,20.200416923106243
50.273519032063625,20.79144603288907
51.652194231378175,20.287344608651697
51.290373359364324,21.34997130431283
49.436775113286274,22.41990918397973
49.06829021867827,22.43022198571365
47.30035335369631,21.831045178225615
47.258138487834046,22.498512266893975
47.19043571976991,20.704991628693726
45.721599743394016,20.12338956423343
46.27149585873422,20.752843578243894
44.017220196200626,21.404965702553646
41.381277740955476,22.163049296609472
40.32694322005179,21.755202316031088
42.31801569074567,21.62301074434802
43.40726079614269,21.75339176033428
44.19916225032369,22.2178876644208
44.12163323012518,22.92389662028016
44.278770633737714,23.725162273252078
44.81042098223878,23.7606112418993
43.76581402073977,23.23273775790789
41.874881830099,21.596434713105083
43.64796288768073,21.690990713452955
43.78107852400259,21.69542204000058
43.0423436651692,22.02161239465333
45.21826161309502,21.386110517619084
44.41822759193255,21.80840142010247
45.61604220789487,23.035353041446985
46.351888069924335,23.663063758397428
42.633773918691055,25.50918175309866
41.505180970778284,23.946262328950432
39.50494163394731,23.7360068014704
37.812822005124204,23.88864114813693
38.50179997666296,24.8549838529274
40.55427614371617,26.93325052302381
39.845802878942905,29.13472270491946
41.614692096708396,27.762003380695276
42.366571180687274,28.215851402111895
39.997962022993796,28.762268805316285
41.44027565378931,28.76156332587765
38.72611155943588,28.21089747297646
39.74514897261002,31.79648647055179
39.177075965920835,32.30618289057101
38.54810087480485,32.41984216095762
38.91247514780766,29.556885626957303
40.39810513111891,29.31688229703065
40.882617909897334,28.585984187270576
39.09369262789303,28.715027621865133
38.20293585331097,30.97935721840434
39.33213233038628,31.558768778396647
38.28321135413998,31.389481758565744
39.526393306527005,31.372629571757553
36.66803353611975,33.450594666392334
37.80136962236564,33.359994620480954
35.090223092033305,31.91743692186811
34.29684100559781,30.192812511697916
35.11225937700627,29.832466790127185
35.59158031052852,26.345320535938054
36.08894208163544,26.20539174207207
36.34561821542406,22.821367394581202
36.3674452193301,22.3939544855907
34.144685944098015,24.366410462848734
32.80597648876255,23.9867617783382
32.56985775471864,24.308150999240763
33.575951815516405,24.790257506520106
32.35191651221031,24.21205922736204
32.05821614822962,28.236979387319106
31.51856807103461,30.52932501022308
31.584075851440577,29.329630729806055
30.634321033728703,27.379645216914724
32.04401444182646,28.74828482710134
33.585454670691256,26.724177160122043
33.96678111999345,28.329741551947883
33.16446903883825,27.553931714127582
31.86238475941053,26.467912801514018
32.54756494784253,27.676820065397575
33.25884980091745,26.938342709465548
35.84506635211765,26.47732188394862
34.081913969912875,27.83796133741326
32.629721589891496,27.087638961364146
31.352778689986334,27.205272251310312
31.07284519767644,28.764896225090904
29.339525048530795,29.87950446089322
29.215860733609865,31.861963265330107
27.999157830828945,32.8700221140914
29.31117928453235,29.229106325173497
29.405092367855563,30.95275681708491
27.14607601780352,28.576999894722157
27.62077102342649,26.804190529749462
28.168052414223684,31.578531468827
27.838404544453624,32.94000208398354
29.36603780286763,35.14579164107174
31.27274963564071,33.624417292813725
33.321846201554386,32.0321720062994
32.11729961635984,33.14543823725707
31.922785266387603,33.122283456478236
35.065498840078455,33.6587551243423
38.19735609614371,32.282416311509394
38.16061370588124,28.14030149928978
38.87162449472352,29.004754530048153
38.44751918403207,30.687836466770758
40.32954171884772,30.497250634410452
40.217434453717956,32.40432806488368
41.16058217891152,32.43554760793873
42.13924560525564,34.24890456611695
42.734250868226276,34.76985716530338
42.83402712365762,35.26739282939429
44.31729311097668,36.661667570090295
42.91094622168957,37.07834992970833
41.593924468377296,37.326526562190416
42.02739829624644,34.572497542047536
41.01485012648024,34.33553861868653
39.592182775226945,35.51171456899725
39.34609298552531,36.45041300596548
39.80922915266805,38.62787220889671
39.70832096374824,38.1352190587957
39.60741277482843,38.27327525672551
39.50650458590863,38.20293585331097
39.40559639698882,37.2390230660868
39.30468820806901,37.24713005065914
39.2037800191492,37.683020723266516
39.10287183022939,38.12672969875275
39.00196364130958,37.96117964894275
38.90105545238978,38.87162449472352
38.80014726346997,36.90737985524017
38.69923907455016,38.40258175147019
38.99288293873999,38.24386814617545
37.230147861674574,37.64811461795592
36.7078989372475,37.55610115368781
36.812396398320885,38.05806381720249
37.11685922638819,37.42711508774378
36.98168841220145,36.7078989372475
38.167897581789525,35.03160429371557
37.586452943967934,36.01447962936761
38.6716577325818,35.09832324124572
37.32845065900219,36.062275007030905
36.4166366884432,34.77865297038007
39.069950159860575,31.947727643447607
39.95611294379936,33.96600115958389
39.08195573009933,33.259794904261476
39.127450567612925,33.67256319984536
41.00452604859406,34.50549179197378
43.787833241771395,33.24162592308966
44.394823507450276,34.67223867617447
43.98030902877095,33.826156495349096
42.575344489746904,34.405135401466545
45.15485220750965,32.445630694161565
43.42133567289318,35.63115369742802
45.3720640332826,37.743687001270885
46.340871307880256,37.68614819246606
47.583806883997894,37.41026798442293
47.31099303710807,38.54811734860466
48.23481310738494,39.466901470523894
47.70279709032513,38.967208894331975
49.12185425388683,39.26715771051059
49.98220023576475,38.96353640724228
50.48542937807653,39.37598066423004
50.99203999399784,40.12025985455392
51.751339559134856,39.88407231397863
52.053277304185045,39.70832096374824
51.94191730582582,39.39004572383904
54.210142231369076,39.52256204278076
53.834574000161076,39.50422397421865
54.5633300204476,39.904847209926324
55.105672321345494,41.20343692083741
58.026021313695104,42.58628763798674
59.053542517778965,44.592635949117
61.54452888055685,44.79742478756016
62.31588957352157,44.070491130116025
62.756042249424304,43.712287406853605
63.384862006245875,43.9453873461091
62.70065703518135,44.600485851529385
63.08312093427718,44.33825552972571
63.465584833373015,43.68102664968545
63.84804873246885,43.19908029130221
64.23051263156468,43.37127334001432
64.6129765306605,42.669672182324135
64.99544042975634,43.421499220236335
65.37790432885217,43.34339059511997
65.760368227948,43.273141219416935
66.14283212704383,43.66032772554318
66.52529602613967,44.02662027719525
66.9077599252355,44.67682492624789
67.14443131275145,42.702848590837746
66.48441213911273,42.628725717199714
66.50893178952775,43.18197111973197
65.98368405913224,42.97749507622221
65.4532671830446,43.84887464867682
63.02087736376209,44.35644766423626
66.45936874566858,43.88107538873009
64.42222864016283,44.027201753021544
64.9440153486972,44.7765575549253
66.92503909862008,44.98711436250144
66.65232772376326,45.11106810177569
67.64367788203039,46.10314157194382
68.22537107755474,45.4315340616986
66.59659884914029,44.14688744923264
67.09994597703486,44.284808176469966
67.7711817568737,43.12387024542092
68.52856140011923,43.02351254790258
68.43561441232391,42.663681215768314
66.42402063963527,42.6499237537766
67.2585723954268,41.90749723195128
67.27110348568394,42.401467978799786
68.84819269276299,43.58629424637666
67.537013018851,43.64796288768073
66.46295277732261,43.69517977809526
65.92907156454667,44.958780180287526
62.447744253263885,44.595486853675425
59.544732837484844,45.49863995281839
58.61885962997176,45.794088192778084
59.736142988624245,44.306026724865454
61.51778183670018,44.41822759193255
62.67019231136794,43.9293888133293
64.81049986343777,44.365961305222925
62.44183512380879,44.726532082750715
64.95154311271286,45.45730452035487
63.44728429244859,45.9634720682039
64.35104293771175,45.898909919973065
62.66146583456887,46.28947398740291
64.64646794636243,47.57738723108222
65.3632492053233,47.896331856809844
65.5063000084859,47.41729252255618
65.14049045402888,47.48129898749663
66.49772618122331,48.7555421992807
66.75373407561297,48.876661172746054
66.2333839012026,48.548143025853925
66.38383053405502,49.97140370710245
66.72519595428439,50.27303035280535
66.66402463057146,50.39086297997535
67.31531801495144,50.72339499096753
70.44943004592268,49.82637962505204
72.2180189556964,49.26876187654461
70.03753734094977,50.06382908085531
69.37291083559822,48.54564335593305
69.78614217750467,49.26307004959904
70.3893717154261,48.336739869268094
73.67378115445031,48.73638309397088
72.32538649958438,48.704486135294616
72.4269312753082,49.10365115480854
72.79689461879279,49.330240016199
73.01048094820914,49.98220023576475
74.5605356853235,49.499467761999625
70.14345623685,49.050989095763754
72.01903932036734,49.29502283248381
72.17404036881574,46.91011170734856
72.5044191333285,48.906999138955975
72.7185571505592,47.20239093024152
71.7411855694127,47.9034550527967
70.01720474415917,49.98384642984655
70.94732248223377,50.32429529347342
69.35402713560704,50.02253667554285
66.02760824999281,51.30601094581996
66.04914155992024,51.78632674028023
66.108269695289,51.40282915724665
65.81133450250893,51.85458760994889
64.56884613130832,52.61933559307503
66.20143586810651,55.01454042575218
67.74543414733938,55.74744408770629
68.3865575988625,56.7321992135835
67.29199127792943,56.76223236226246
66.61185026354674,57.21075782380592
66.71487605198429,57.5287005390014
65.66919978683676,57.44872542820113
67.05062920759255,57.904653535179996
67.44456723190535,58.34306055134318
68.1356581426937,57.91049733816809
67.17252955359089,57.18876045173735
66.2583979278,57.600104730625546
67.21966480190116,56.9319946306066
66.57099998693066,56.16429738478981
68.77842583247705,55.289405882539704
68.44185322583745,54.93248297331352
70.40626670470913,54.7326199130524
70.65273129406312,55.66344213969214
69.04903714311408,54.48109936249516
67.40980345408391,55.91624233887648
68.61797627721565,55.08142763858285
67.78704741144486,53.46796830734746
67.05965509952279,53.66379169639953
66.30407707374279,54.38651999528395
65.00435781641491,54.26480782985866
63.31180872292838,52.54592190214773
62.15275979335228,51.61567182889758
62.910354137781106,51.37953910535792
62.4131371065862,51.88909313615773
64.50731706608991,51.138151221255754
63.310903403111354,50.966592581003226
63.55712079457655,51.419529213368826
59.606668818711405,51.134290218405525
59.69118450355417,51.18298759686936
58.89426440708493,51.382273863340316
56.73587985934363,51.2791272345751
55.48636321451617,51.290373359364324
56.02510016861027,51.234825634575316
56.95938898780496,51.8202390736751
60.35180496297012,52.31278287867178
60.01311166555583,54.435574112137296
61.628129999228044,55.34814815697386
63.26582011976547,55.16357134084989
65.03823875269474,55.17516931633137
66.83202590580709,56.73587985934363
65.51305624144953,55.90489511882665
65.28656725521634,55.783716447582165
66.15719579877869,53.96396266448712
67.93073701795555,56.68925029315031
66.18351787903347,55.15086988287276
65.48530435876664,54.504815870456056
66.1877316956611,53.79085334472649
66.38146644742172,51.968886254657974
68.9455462295646,51.06265743355288
68.49915557553933,52.47371505517973
69.0666949868142,51.88859773513036
71.06823885823523,51.44541810978883
70.41214203357693,51.57476995221857
69.92391390433754,51.58636649243458
69.29385574655261,52.087135849608785
69.82784981100632,51.72673231111248
69.55639510253602,52.10725710987083
69.80709920186037,52.65284009830399
68.84055880963938,53.83356957914737
65.72243768535296,54.210142231369076
66.88925178362105,54.765204593897714
67.29390212875883,55.3783100227042
66.16667900548372,55.98109778639822
66.01949742317078,56.664216826396164
66.33638666329813,57.92781268677404
67.40180416688268,58.345276289264206
67.94437328505128,56.976605710988515
67.13238590184321,56.840513156254545
66.16638400762604,57.08719389319412
65.86019784939903,57.348023703231725
66.94643682666761,57.14333376707239
68.46659858297973,57.888322559916716
68.44846491438422,58.0053493014814
69.68272618361539,56.945444550626306
67.36067115477626,55.47895695690776
66.52099444942074,54.85362255728731
66.5994339378715,54.25633919000088
64.13677172133865,52.28846601549392
63.1162081687188,52.47562519447839
63.29649387152064,50.81053093675968
63.24757258719381,51.23370433215663
63.40763462992398,51.49644956425248
63.307999265306286,51.313243961017285
61.424363392791456,52.87578390613708
63.03427097602382,52.91048297490934
62.72424466330663,52.87082180181239
62.41421835058944,53.84554645068799
62.10419203787224,53.23948652409744
61.79416572515505,54.46205687286426
61.484139412437855,54.07343478492612
61.174113099720664,54.21446836394075
60.86408678700347,55.32355073633147
60.55406047428628,54.851359595847185
60.24403416156908,55.88917446312214
59.93400784885189,54.84091187073636
59.6239815361347,55.01032772537272
62.31545435417955,54.24035069760598
62.100948288588974,55.020967016287415
60.19648830936763,55.52560178533763
61.417041834550716,55.02378720387745
62.80719649378156,54.62083311134739
65.24910960479336,54.27693945068071
63.06569935200969,55.420308474537165
63.0739554577081,56.31040559293991
63.32650679214768,56.974856937871614
63.58059656390869,57.481194359409244
64.5438246206609,58.24136164544739
64.90898486202464,57.86447829809028
62.056755613183846,58.35139896385088
62.19662569719339,58.30116263514344
61.89005050997339,57.76490813008538
59.60429178540033,58.376999115221935
57.967380380190455,58.31663935607247
59.19556728210848,57.1969345904999
57.723644632988645,56.646632336285776
55.52560178533763,55.80705150887627
54.46318533702092,55.29736458641792
51.88909313615773,56.32267442809814
51.2791272345751,58.12008344998757
50.05583665664613,57.488190300229085
52.29208193575906,56.83156582540617
53.839963937382166,56.64696616329186
53.594547941846436,55.21637110742019
54.306965913074634,54.45013794045019
53.05448238985938,53.8348942606994
52.54592190214773,52.404144616328416
52.47371505517973,55.37693528188545
53.14000245682238,55.79535250820008
53.043351664919435,55.748716846807206
54.14353943418695,55.896626569782136
56.4253361907503,57.34888954366881
58.50529610355109,56.832868889133316
58.813730611353,57.399750321792084
57.88941697970258,56.08908670133684
57.22959614333187,55.087744329933706
56.242293034650665,54.836138344210205
55.85521658430534,52.66014845285812
59.51638428348654,52.607749269905
56.877282480979986,51.497642886830356
57.0073482605311,50.7073380501186
57.55864884351272,51.08944145171115
58.02833714407524,51.807123429857874
59.903931627355824,53.21425569655796
62.401364857207064,53.213960590195235
62.97749959792401,54.29436491806667
61.47321384962954,54.58892257091543
64.9833901018137,54.83818158788808
64.20780557693847,53.834574000161076
64.9511244484839,53.94986845013566
62.47484603450012,54.78767624905457
63.2431536373701,54.26520291638649
66.13857685654874,52.87072717285512
66.39857546122231,54.856589682362596
68.01211636417611,53.77637987078045
65.37206098331832,54.78145299360136
66.67692952656569,53.70065555089081
66.37470494172494,51.91931389213561
65.53558150756142,51.70144999346537
65.24644688087668,50.828086387478834
66.20509867631489,51.94200728774618
67.7035474613866,53.987802034680776
65.3995893592375,55.071901611556505
66.59694985365391,54.572391794261726
67.78173846318508,54.12277512276435
66.34217131377449,53.441385871548576
66.64827451726627,54.169439324699454
66.350041156408,53.400838380882874
63.50220731126918,53.01699537981852
63.680799968568024,54.85174896446286
62.86866205763158,55.92372737777313
60.1428558866997,55.76533763617223
60.72981294407589,56.04453629275706
61.44768873458115,56.25161086511401
61.652955768880645,55.3363295136419
63.41481371182733,56.63617518465676
65.11869871435022,56.4011488350555
64.64710081029163,55.08794297112593
63.052662029873495,55.956199990313664
64.67176954459768,56.78208710290936
62.88482268192922,56.97763722807712
62.93238789064429,57.18134042015498
61.9530030694977,56.766514004416884
62.821178876617374,57.88941697970258
63.68935468373706,58.16096794203491
64.55753049085673,58.17282761611072
65.42570629797642,58.43243097747295
66.29388210509609,60.34441313740946
67.16205791221577,58.787677895513546
68.03023371933544,58.09870032729894
68.89840952645513,58.867012900525005
69.76658533357481,59.49853656083336
70.63476114069448,61.54451928291535
71.50293694781416,60.805570045616236
72.0267793493454,60.34776040936762
70.72069290593176,60.46408146908096
72.49156771412154,58.92304424687176
71.09799225586586,60.0840867739711
73.12064338910982,59.01739187443713
70.94697547915331,58.5298150309633
71.07778252667288,57.955133539987415
71.03226173243709,56.83990390664628
71.7545187877379,56.65100703233494
72.84355077134998,56.317549001967066
72.72783210814772,57.035643478134276
72.96767103161118,58.956090904866066
71.30828226015814,58.79680058928675
69.46668156140838,59.510811113483335
68.87858756139693,59.35793704355203
69.74110313584322,60.4524367373505
69.86516498003735,61.535522043970275
71.19329049939884,61.2514587741229
70.63193730159153,61.51109455032848
71.30274453568627,60.88580370688751
71.94674101498165,61.21385824516804
71.09602944272594,61.28675898948758
72.24924717141211,61.25424641055768
68.92676026635559,61.265792300897296
69.82338771650696,60.42725837151481
72.01441804592284,60.374339765538714
75.11645226254566,60.55406047428628
73.10832142147433,59.52347189079385
72.30541346031485,58.48625524325464
69.86577432589092,59.60429178540033
70.21697977718796,58.963164418602645
69.41768312481885,59.13711793811902
68.79246816136954,58.791283271914104
68.45932344382703,58.82932884962945
68.70576685744348,57.92131424834865
67.98963240749177,57.853589640901546
67.75229268710312,56.69547546613268
67.13564681600106,57.07990435358153
65.75079738319657,56.857024874412424
64.39921186995097,55.822543049682935
66.05731885044378,56.63010427626657
66.51149880820545,57.689079759743514
67.35188503069617,59.60832785967878
67.8013136884913,58.25963452553431
66.02543825613913,57.728863451004436
66.07620396242474,58.535004492489065
66.3869828409338,57.52011740815231
65.62863150098337,58.17459036064155
65.75193967730591,56.89911354121195
65.87524785362845,56.88368257700937
65.998556029951,57.46639157773226
66.12186420627354,57.40369267244901
66.24517238259608,56.870043790934616
66.36848055891862,57.18883830054015
66.49178873524116,56.997598454078336
66.6150969115637,55.99371970959498
66.73840508788625,55.223550171340825
66.86171326420879,54.95645750816926
66.98502144053133,54.23143146460038
67.81057119430044,52.40293693119844
67.7684679803725,52.073433646555145
66.00775506317926,51.75346947567659
66.53121094041991,51.273292796519414
65.38315215107863,50.63796156232404
65.68038555426581,51.40076762685454
66.30974698442886,50.410475145549455
63.39811627785078,47.500813655605924
63.11052837773254,47.28302452075304
62.15493148947531,46.986530517531435
59.88574112319247,46.22872979351392
60.11082099001388,46.66400908123817
58.007953057311724,46.67614028112181
58.368904836628836,46.38431825103152
57.338167996747785,45.5010928902001
60.2141896458716,46.25828557706472
61.93034740594378,46.65550469907451
63.54485861811901,46.75381529338036
61.63077480460145,47.74139870305973
59.52237310944622,47.35067216845562
57.77841263323621,47.14977712343419
55.92372737777313,47.79455325240027
55.86040628944695,48.71899750200092
57.01268694916044,48.855907393338605
55.822543049682935,47.427441428583755
57.93961622263722,47.787349295481995
59.09328937988559,48.5644771443314
59.29174987397206,46.42528641459032
58.31663935607247,47.17322823902235
59.177364352044,47.908931028480474
60.97936067933186,46.63550748160512
63.2820882033431,47.03513218727826
62.22067492658011,47.44742792177025
60.34441313740946,47.52813818805581
60.93826393929027,47.45998446913691
61.83452889637183,48.42528859365573
62.625632658765234,47.93593276805008
61.35612200711309,47.000735178222286
63.06032448297646,46.37931137787619
64.37240327669012,46.057023124228024
62.44494767445246,46.109936388404094
61.15282892462472,45.02976009330319
60.13114394363958,46.07465520022749
60.92287235198698,45.93465651381895
62.25275588736349,44.252086888998015
61.22245387174573,44.4394711894007
60.75448527096301,45.03849092482949
61.275978246498575,44.56292539707838
61.16279690878511,44.88744557695281
60.60811601556306,44.472186853631115
59.94695841732949,44.9876797407946
59.197165717268014,44.767899883326116
58.72668702512395,43.789133716911465
60.42725837151481,43.066690650923135
58.17282761611072,42.609208453126804
59.0437579255768,43.128075164515856
56.94977528847683,42.9719195613529
57.344555955645006,43.24218694980911
57.25116489817544,43.62860174449195
55.9305955607264,43.694601742766004
54.85362255728731,42.85701912552582
58.66699711477153,43.80914029179513
57.399750321792084,43.46799528692398
57.44872542820113,43.7368810394309
55.420308474537165,44.132729997378746
57.73615404842318,44.061227216838674
59.14339737428105,43.82028356210218
59.06404679725885,43.816408661664696
59.531505780662556,43.787833241771395
59.35950307180154,42.84354189854511
61.23008222665237,42.60970220034001
61.32486372966269,41.934936108073366
62.30896188583132,42.286747241090545
61.51109455032848,42.18649895462628
61.23173750168938,41.73695707154405
62.640495438843956,41.17849489927244
64.69576809194189,41.091206615931476
66.30286036091104,41.142513874085324
68.05435852114346,41.37438168829549
67.22673795390463,40.91169560988215
66.74442876185347,40.001064854107085
65.54663850539913,40.70724845063097
64.29640557190459,41.852893881701846
63.75928920006018,41.16900453480396
62.76680328516209,41.12005913730399
62.848242985482095,40.75047032973939
63.149416295280716,41.03531660586204
62.748923369367084,40.201001233627416
65.6947929366442,39.6245212342775
66.49023444113811,39.97556999058573
64.72430245556608,39.521943805685424
66.73579272309766,40.62020428209042
65.79675213372963,39.592182775226945
63.91087506109289,40.22109482580643
67.03043255850078,40.55427614371617
68.9243133816056,40.39810513111891
69.45680959211833,41.48663347115954
71.04068952313533,40.63336656442131
68.32697788456824,40.44008471426839
69.22118622043715,40.7491308044954
70.2540906185346,40.86121107626797
70.272583559443,41.75521660738146
70.54848303785957,41.37469352708815
69.62004895550938,41.44027565378931
69.75269095672157,42.23007830423788
69.54905941243979,42.0190123663828
69.0426740039969,41.969320710313646
67.80141703122386,41.94232215489361
66.56016005845083,42.13924560525564
65.3189030856778,41.593924468377296
64.07764611290476,42.096454061923986
62.836389140131736,41.4180988976546
61.5951321673587,41.00452604859406
60.35387519458567,40.932083840953375
59.11261822181264,41.13778154311596
57.87136124903961,40.840551494917285
56.63010427626657,39.362831072665216
55.38884730349354,39.72371782430615
54.22439666417821,39.12878261400109
56.317549001967066,38.30159867622142
55.700019838982726,38.167897581789525
53.441385871548576,38.31474439163208
54.6368044591541,36.98168841220145
54.31133330666038,36.634413079746736
56.5314926161426,35.56775434562699
54.518249708298946,36.4166366884432
55.598335251272474,36.9986053251655
55.8910157787351,36.570423310337915
55.50097407044972,37.6984156807556
53.46796830734746,39.91724516550566
54.46255428245181,40.85864164536119
51.93366491503557,40.03500445025559
50.13961268717711,39.127450567612925
51.30284227511589,39.997962022993796
50.49602669169771,39.27542674013183
48.07588955618271,39.662930971926315
47.614255685322085,39.98560821835762
48.0567677185066,40.04513194738848
45.915751760291194,40.113834380439116
47.48474377313788,40.480634689133865
46.05251303794276,40.75014774782243
44.93841554025066,39.257369710208465
46.22872979351392,39.79586357164156
46.3790741294605,39.06208890376859
46.43634217097109,39.433294958851164
44.37091217208927,40.58842621875214
46.220002994045124,39.82796981534947
48.23987118792972,40.63602204453095
47.20239093024152,40.40978368154715
46.77231869086521,40.78185728255413
46.84662469244709,40.52110050380436
47.64567383588356,40.469385656052175
47.45998446913691,39.28416124075273
46.782751191259436,39.44211397535987
47.2044381963433,40.217434453717956
45.96041589315318,40.08132867180158
45.38646586739581,40.01755775833745
45.18661077682607,39.38657492221198
46.75478395095537,40.19229805364538
46.520294323501496,38.8337433369279
45.898909919973065,38.79829020048347
47.06714028655702,39.50494163394731
48.20593797248327,39.80753354064457
46.672045462432806,40.32694322005179
43.95941073024368,39.50360948511225
43.38457107584142,38.36613667142894
44.39734775448995,36.62255945964507
42.775357379312375,35.798640587997625
41.16900453480396,35.98590674019441
40.507227774601354,37.32845065900219
38.46779778696586,37.487755048853
38.63304399372467,37.32242032734305
38.79829020048347,37.885943920484785
38.96353640724228,39.069950159860575
39.12878261400109,38.26535777665132
39.29402882075989,36.65560939133843
39.4592750275187,37.19440823068479
39.6245212342775,37.00550060626745
39.78976744103631,37.004795386793546
39.95501364779512,36.54347787049767
40.12025985455392,36.47999139807953
40.28550606131273,35.574734195832505
41.49206996400393,34.97849164557808
41.17700500661455,33.73953836650711
42.89781428919158,35.474430668407706
44.30946491924074,37.69310776245479
46.513421415286665,37.35710673805433
46.84267140652918,37.79033690052721
48.54564335593305,36.778727222562196
50.02139054893029,35.988204148250794
49.74517028368324,35.090223092033305
46.52586220678585,36.47716521972205
46.081910673250704,35.99611989589586
44.80906447084425,34.64126848209308
44.038075292809864,35.07457154224697
43.09053468935147,34.681784173984326
42.471729547792954,34.45185664978573
43.414614019466896,34.43559897980287
46.38039838725563,34.37251403905394
47.6477732596546,33.80328088474904
49.60749769387394,31.79776431034666
50.035915510208866,30.964533903541096
47.89097947612965,30.804220381685436
49.050989095763754,32.865867840541966
48.692256336489955,31.951928588084563
49.14008462286893,31.33106100375648
50.15268763337606,30.792267972062746
52.05207630833402,32.05821614822962
52.87082180181239,30.5384714839447
52.607749269905,29.174481315489064
54.13918218574004,28.168052414223684
51.88859773513036,26.42536985045667
52.52302617575222,25.79661940301521
51.94571749707486,26.8069410397694
49.86447543354962,26.662530013626778
50.446550988783514,28.828388736931263
51.84203934631214,29.547783471316272
52.14429169048491,28.390515080721542
53.26089905580255,26.787527556043344
49.10365115480854,23.204332817023836
50.45097243748398,25.025961092108375
52.32389029904812,24.44928939866386
54.26480782985866,25.86571800135247
54.13318147265831,25.550652837724453
51.76280581980224,25.66575685936
50.770975580147194,24.985524280529322
50.315694370084245,25.590934087221967
51.06381956803364,26.932777967129525
52.47562519447839,29.592201585798087
54.24884389684426,26.64984297594903
53.13281171693022,27.534913096120437
53.21425569655796,29.405092367855563
54.45013794045019,28.682931697055484
54.169439324699454,26.340779339163962
54.22093127115795,25.506611661910256
54.55984721657696,24.416413068617686
55.859996985192716,23.890747312340515
54.21446836394075,24.458284685661116
53.246376227857404,24.509585984191506
52.39945283249635,26.63852409884014
49.998456350714186,25.48925176864218
49.32465086981003,26.660507563545963
50.63796156232404,27.510604356596673
48.73867977798825,27.999157830828945
48.61639136359968,25.962350845649485
48.01419614149343,25.414471601175688
48.922689335575555,22.269243726866392
47.53864664090368,23.633830318421307
45.99267682748886,23.990614226767782
44.63126693894158,23.3579489602705
41.90749723195128,25.089898333684882
44.61194628891415,24.187264235652986
47.30528172638998,25.40673222781391
49.116537328856246,26.072135366295942
49.43503088820897,25.810582306494247
51.321908907778955,25.202223890840422
55.03181935102232,23.688753125515625
51.25363244902775,23.075837127650413
51.62853141200347,23.973302906416386
53.3326687631124,22.418730461814604
52.92588728421472,22.532894569309207
51.70144999346537,22.704393638963015
51.386379508328545,21.81065910696775
52.006230164268544,19.9575495921457
52.31278287867178,21.117404682858602
52.61933559307503,18.41810532760907
52.92588830747827,20.590506141158485
53.232441021881506,20.90366078509054
53.53899373628475,19.272733701730118
53.84554645068799,19.27478170773217
54.152099165091236,20.788733262891604
54.458651879494475,20.990705999813557
54.765204593897714,21.34511320083046
55.07175730830096,21.18723483158428
55.3783100227042,20.606729433624746
55.15086988287276,20.289024926643297
56.34943122261978,21.449998450006987
58.80407480529348,21.44903013972786
58.599647876945454,22.457555390790095
58.484358884643854,22.20623704977988
56.23574894091324,21.799528149151016
56.49456290071794,21.823390839755636
58.562746364422566,19.721370504796692
58.17459036064155,19.920616455818738
57.888322559916716,19.85974845491646
59.01487559748755,20.537629663587264
56.25894297374162,19.233097691241426
56.657256596975905,18.20259482285759
55.8149824288511,18.87481045181488
54.263566259775935,19.43617876021749
53.26637466095023,18.12781440523062
52.621707532330205,18.494032515377366
53.50360217705436,17.22234677044453
54.29598745597813,17.757154196713625
55.17766071273834,17.24939171177392
51.964272031393534,18.781414590860724
51.27952001669564,19.060200404139263
50.966592581003226,19.609415402398593
49.985926422464736,19.054761835397628
52.05299435090153,18.12318987041527
51.06265743355288,18.6004258312824
47.95941727137878,18.21177287728366
45.42298778414406,17.870122680419907
43.54271670881186,16.582752697733532
41.691148495267875,17.134408305710302
44.36640830879138,17.79390181367944
44.39779550876995,16.630644466471985
46.83939760435303,16.32579830868155
43.48746993611347,19.345325285386025
45.38494221725976,17.63621623813669
44.37899879351367,17.190911580550306
42.01459179756991,17.46019315992413
41.87269401201145,18.822271667810337
42.21649590814892,19.804118464804166
42.24185263134854,19.9279719207228
41.6364507078548,20.91409201165166
42.12631508695355,21.117828026555117
41.10283597565149,20.122371349309084
41.02600040582759,20.899898188722013
41.059409372986856,23.358789555209146
43.025339388078436,24.541255654057704
44.45548479154834,26.67796139254923
46.18118097288493,27.89489471918203
46.619419979805905,27.159298483977913
45.912995754263754,26.74498735396363
46.88926263121119,25.219517328794446
48.80308046349365,27.52460892545203
48.874572373518255,28.601303156183338
49.30336422048253,27.33738611988339
49.91946658511004,27.388100614987202
47.820903042575466,26.52388186216156
49.92662551326084,24.605537590965618
48.74167801375904,25.003934606595372
49.10557015085262,22.898487511169268
48.92411633989955,25.373019750178084
49.18556000537129,26.714659184341766
48.1238404466834,26.116176786425477
51.19547349235792,24.158211740275163
48.73852366299466,26.698508482249718
45.90976366301085,26.733662216318375
47.054121775324944,24.806359378693628
48.39047949192382,23.56095839851798
48.38521362731874,22.166087793387835
50.02253667554285,22.581522715877078
51.53332111995879,20.97271971249519
53.24924113602377,20.474944143769264
53.45562205784357,20.575475621805726
54.50739515198222,21.38631255292299
53.8348942606994,20.047479709997166
55.21491212529472,20.799091050218212
53.07615629249117,21.451914157364552
54.12277512276435,19.68616531838242
52.19673778869171,21.01598177560959
51.72673231111248,20.72471509468794
52.41581969500075,19.8921103945351
52.96979220126372,18.825111015043092
53.94986845013566,18.738987078685152
55.25238120627384,18.97662719628984
53.82349034515073,17.840010204374106
51.64043359040156,18.86095126227214
50.19817897376314,18.301434438046655
50.71419875284567,16.94021348867179
50.66697170277562,16.89154268330103
49.39504189740078,16.42000098761039
48.68309849605138,15.382389964206443
48.16379838779446,16.521698582208906
49.387439083510756,15.820586224385163
48.7555421992807,15.10552742729022
47.5302979162729,15.22472193119514
46.91011170734856,16.342157311002573
43.344527994122956,18.2278800869713
46.405738583085316,19.961545248374485
47.41729252255618,19.993710468561403
47.17817149919,19.536640348034926
47.40208694719869,18.583443977405437
48.82103534980986,18.802804584430184
48.90214061450974,19.145359426751572
48.336739869268094,19.44653132070278
47.83869755335864,18.887889209880928
46.55761401129118,19.025662963316055
48.5644771443314,17.892455005123708
47.9034550527967,17.753836856737387
49.396240334284265,16.894396034488945
48.04703296276531,17.974953716419616
46.998823617250224,19.008147230636617
45.76133371653274,17.56664967986084
45.0670621093995,17.54212425583767
42.73552543690426,17.54898785815068
42.145231104158796,17.205262340680363
42.02623371069191,16.596618572814517
40.91359406836819,15.084783590675483
41.852893881701846,14.603210477330219
41.55197979406139,14.987486827487439
43.421499220236335,14.755745279108313
44.767899883326116,13.611804604922535
43.88107538873009,12.926115016932355
42.663681215768314,13.902940655240094
40.07194587347509,14.633165318887857
39.50422397421865,13.191419445007053
36.41178307385568,13.036645662782574
33.24162592308966,13.12809761901911
32.10355261825677,11.4856405577827
29.85787101785726,11.53408824956567
28.017252496825222,11.06713002041239
28.470140630855116,12.017875905328482
29.468416094765235,13.679364159880981
31.77011851401877,14.333264806896546
31.920476220086318,14.119273800197433
32.94939884793151,12.762301033834396
33.72156344349578,12.218936957167495
34.910471300889384,11.023905152473802
35.100683817197364,9.904770629855733
37.642691073979286,10.546274680335927
37.41026798442293,10.132251504902484
37.953373896020125,8.052807554416228
40.08132867180158,8.9801026836358
39.752813164565474,8.710850286693967
38.24386814617545,6.472299327176874
36.9338093867107,6.36548263837116
37.98159667324339,4.629243143927075
34.903687039006265,3.20447201399993
32.744457194842326,3.8315182270962835
32.30618289057101,3.7764119646505416
31.74648498834328,4.251868991878168
30.64603691196601,4.579910648040601
28.869637568619318,3.1358681782604316
28.194064232532966,1.981583436417834
26.812624641818818,3.1005717429604447
26.249464164183383,1.5155980062150765
26.460748148964313,1.9920921369686226
26.480285231012754,2.417912113324807
26.02338201944397,2.1548023475118554
26.503374760955808,1.2859722961523317
26.517216975459007,-0.7142615135166736
25.439242003034046,-2.628432779997531
26.037248331592355,-0.7197370967283929
25.213637446099895,-1.418357922209161
23.12688671924837,-0.5308103179646415
22.257028110337245,-1.7268535635148359
21.89608272713653,-0.3422125589506487
27.485666163683803,-2.8531200172845885
28.310989018823022,-2.66468912265924
29.303264074366695,-3.0441096343433784
29.15634745372274,-4.8524941136153785
27.388100614987202,-5.156007441371412
26.685954764904782,-3.301577787078466
28.69571896282426,-3.552938875153538
30.216219752196338,-2.8346541677903567
31.329874720228865,-4.890909084236178
31.585121343537683,-5.130434129198083
31.975469258344845,-2.671551649603116
29.34285298542333,-1.4611798880631737
26.085775626787488,-3.2262122500821464
28.989026172917313,-4.498597721211094
28.764896225090904,-3.953132687885946
28.42044455867369,-3.2366907308299715
29.130910645367894,-5.001079348167588
28.57965507279055,-4.234479593635557
28.372494245325015,-3.779058626283777
27.85748779693927,-4.421452322604849
26.992919012473838,-3.9644171972294844
26.202825753652203,-2.811814530890891
26.887862786271974,-1.9534196959639565
24.28138916558793,-0.8313997397598392
23.711283620192734,-1.796685275718064
25.810582306494247,-1.121104151563284
24.7468030078889,-0.4390847201886255
22.20623704977988,1.5702893976946146
21.80840142010247,3.0036852106993206
21.605822964927317,3.592484813063523
21.403244509752167,3.8603800952230123
21.200666054577013,5.3884685571049955
20.998087599401863,7.131974904828874
20.79550914422671,8.370913567833439
20.59293068905156,9.756360291055662
20.390352233876406,11.031772327647458
20.187773778701256,12.160890816875577
19.985195323526103,12.280240155314258
19.78261686835095,13.125153854385838
19.5800384131758,11.914763047927483
20.28025408944644,10.654658977397762
22.039250023669023,10.911477277361298
23.358789555209146,10.736654009103876
23.606266479307404,10.031067413777578
21.861942616931938,11.32143465005789
21.877622539867478,12.726755364879539
19.721370504796692,12.462080316883974
19.627144709694534,13.178884451926645
21.837840240723388,13.140069113627401
23.26588032828723,13.028521122936331
23.143997262364792,13.850613142898156
24.226748214588614,13.323579461933498
22.973911563291725,15.071432081973786
20.48773721643655,15.899309499073418
19.987485178797378,14.75254659155745
20.44286348968829,13.921602469602627
22.56205937497364,13.404416024100332
22.3939544855907,14.229060653682257
20.738188880095908,13.442827800440007
19.300371900204023,13.184615599752293
20.03754991332212,12.735975896554482
19.083263311213845,13.828716034421996
17.816667316568275,14.201555284920865
17.24939171177392,14.687438171087013
17.385189972530235,14.627573335567043
17.02440202477312,14.443417577814811
18.054243199495012,14.045104799081551
17.964555582735724,12.394334718270159
16.75602966238103,12.822451931289926
16.307741912026636,12.160524600991238
15.842933901033266,13.558522316062966
13.921602469602627,13.29061989862757
13.679364159880981,13.506114009881388
13.91032573924329,13.713257898776037
14.1412873186056,13.19844885248182
14.372248897967909,12.451734461759997
14.603210477330219,13.684457608345753
14.834172056692529,12.34420343493931
15.065133636054838,13.494151223923883
15.296095215417148,12.729097159559714
15.527056794779458,11.6600208675065
15.758018374141766,12.436889078729289
15.988979953504076,13.24585500132575
16.219941532866386,14.25024854982051
16.94021348867179,15.085605759009258
17.13148088144677,18.295909575555612
17.297602430143588,18.490133719029714
20.016552735368855,19.766243032398375
20.450574178361585,18.57827585139243
20.48208995342528,17.322861157938686
17.026639858542378,18.150231418656467
18.65975745817145,17.5619000478713
17.806987359495835,17.091759499375595
19.598731558521592,17.879807343412104
19.476853602761537,18.626982144593622
19.35497564700148,19.019152431135115
19.233097691241426,19.189314102169895
19.11121973548137,20.844901072244216
18.989341779721315,21.70600458145134
18.867463823961263,20.833411084792772
18.745585868201207,21.128714515831167
18.62370791244115,20.93830746845528
18.501829956681096,20.54396851794856
18.37995200092104,20.58309096975338
18.258074045160985,20.996073347064865
19.020345113941236,22.04924043460099
20.57811932931331,21.995970280268207
19.44991001713974,21.52815404291318
17.31548510537936,20.79550914422671
18.194473294423215,21.886938062056394
15.234944075690652,22.48869320288934
15.425558467170601,21.6840913868404
16.55179765997023,21.386434431089253
14.730320960655575,23.185587229493922
13.320290195510475,27.163520982778987
11.472087211371285,26.202825753652203
11.579492117439237,26.289956982677268
10.076965262547063,28.054676410861724
9.74330759883618,26.914357559926653
10.702858118059545,27.25125438469962
10.056649657195159,28.523326067944325
10.281379048033024,25.86398021558537
11.5583842060249,26.21254090047397
12.446798314287431,26.230274640865066
11.164074306127109,25.636392454274038
9.678540625298867,25.810988755934915
9.156249602411544,27.135268711033294
8.68354905019306,27.234680614588143
8.025603405550761,25.787590010026772
9.25886980503563,26.826644017252626
8.982987481712321,26.532255703795272
9.444974989518279,25.337399648092774
7.885383730006355,25.741321677734582
9.608363951281794,28.103021863685413
11.8364622022019,29.276064070867207
13.852383195653502,30.77559216424875
13.736659172916042,29.59355650410066
12.299571953321463,29.85787101785726
14.492601315487134,30.06211606774432
13.642076379956706,31.07284519767644
16.124611753308173,30.840205867699524
16.94007103977904,29.138339628191794
19.496303303266668,30.716039562119406
20.458359923858012,30.115017947736824
22.004604924572174,30.17929358318371
23.966520506101705,30.347778033986664
24.50166017692499,28.838481060800866
26.85227723295572,29.056869942633938
26.329266391717017,28.097503310961486
24.816840282940362,27.86181998131262
24.27456898119886,27.051614022254903
26.74498735396363,27.82972531030304
26.078887821886074,28.74862461037456
27.2220668789797,27.74183752824552
26.748659873598406,28.436883852508785
27.382497537165314,27.809151758425035
29.056869942633938,27.86434667361641
29.950267011815274,30.126180132429802
29.129648992690704,29.60809953532743
29.188256401075005,27.987324188412824
30.73989274664628,28.655203475797446
28.329741551947883,29.429032031649495
27.28297748884059,30.361669155890198
26.428635104351066,30.191657894725832
26.33624099123416,30.127329348137398
26.93422731686762,30.78676419384384
25.40673222781391,29.785496683377264
27.386272865703035,30.426259506675258
28.76156332587765,31.29182129549994
26.857389759201034,30.07216451755455
26.345320535938054,28.599982388278402
24.52398177789714,30.51900498876846
23.23991449913593,34.80815865425158
22.858842302648362,36.08894208163544
22.63238352798553,35.70309449843563
22.93685481648553,36.6773116376491
24.314017138030078,37.76349387911959
25.902968416360604,38.153366617756944
24.04686201168528,38.19735609614371
24.68238296490585,36.689308296422574
24.13011662334857,35.95951236371042
24.15486419761975,35.68882294068372
25.872166436879194,35.74806343449133
25.976034626141693,36.55381621458628
28.676504753906364,34.903687039006265
29.861659326201636,34.21411521446855
29.592201585798087,33.745063747032276
30.272506235694436,34.712962246769585
32.39683792660728,35.47558417822625
32.40432806488368,36.0508655533965
33.15864293572833,36.00925897260999
33.62408059119915,34.51646339941853
32.76028233789105,35.61108929343925
34.31097790908258,35.92750015639035
32.73273753640418,34.14584467017705
30.49111999642619,35.11225937700627
28.23325935846866,34.42860540015918
25.675360494808096,33.284483950044816
26.294614524599467,33.15176609912411
26.826644017252626,33.072290005038425
26.80875941270998,32.87412483413087
25.089898333684882,32.35191651221031
23.19245619151622,31.661233393597172
23.308920867731082,31.619067826735467
21.747999432356146,30.596586877156238
21.1723786258725,31.838522616133496
21.128714515831167,31.24320587332428
21.901305952112878,31.372730082202644
20.473790990399976,29.130910645367894
19.012519092555763,30.07405350123204
18.323607740656666,28.251582023157194
20.066554641528064,27.072164341418326
20.59614252862601,25.646294082263633
18.506790497574475,23.975595665891937
17.236969276762586,25.7099302717059
17.576008776252944,24.807772817517996
18.150231418656467,24.125587859117577
18.6004258312824,25.59375747977407
19.23315077503975,26.064838755554515
22.00102780971375,24.73524255578636
22.43022198571365,23.547996425753436
22.306047810777752,23.11125325946217
23.633830318421307,24.84698456269494
23.23273775790789,26.40600548228964
23.093033624272252,25.888067493963984
21.882545434259203,28.18578367706316
21.75508636871671,29.0348190721581
21.714089051928084,30.161842229913155
21.67309173513946,30.357129411525783
21.632094418350835,30.59485404826259
21.59109710156221,31.967211575624308
21.550099784773586,31.329874720228865
21.50910246798496,33.05252975540872
21.468105151196337,32.0106077746472
21.42710783440771,32.39469208377769
21.386110517619084,34.40958226324076
21.34511320083046,36.41178307385568
21.304115884041835,35.95885754485808
21.936589314691535,36.854943940829884
22.023633025768287,37.55351402098103
24.806359378693628,38.54009035713632
24.948130142869278,38.450329964387336
26.41395112605117,38.83928828913454
22.633343772666613,39.96377149100573
23.67499867088618,39.66848869225838
24.380904297903182,40.129976283262955
24.458284685661116,40.10985564183102
24.366410462848734,40.424788638882845
26.740440422827206,40.78834881068132
26.73298633326148,41.09694286303878
28.308069783411053,40.49838630889892
27.161292231136837,39.95501364779512
27.880039841348786,40.61043750898138
26.804190529749462,40.62175619131628
27.087638961364146,40.85768185795118
26.88447967186154,40.684224502741934
25.889390739604156,40.72219733797538
25.13370790007577,39.78976744103631
22.215737753752826,39.30468820806901
22.457555390790095,38.258919599648415
22.742762790102162,38.53405515149069
22.999454530563906,39.177075965920835
23.459605040844703,38.2261395195781
23.039103816933373,38.14195760074903
23.487989587072036,39.66375973436223
25.12332309260308,38.778318828947434
26.128866664987704,37.953373896020125
24.63143027909288,38.57582954207104
24.51291447158122,38.54810087480485
22.332101488761637,38.80014726346997
22.71750704188898,37.65883459147431
23.52482933335473,36.50870371503148
24.52390155768893,36.53249156011466
27.329677101245366,35.96598769468236
26.145046205318277,34.9260863730733
25.11260016283919,35.66978316917117
23.04990452711612,35.14891014883842
22.27547452952456,34.73822752654356
19.9456776744918,34.27836044576566
20.651042892954635,34.11097691113512
19.226164126742212,33.15864293572833
19.1979100298591,33.04821159956847
18.86095126227214,32.66620508012961
18.006863102137753,33.81416960415593
16.091784767292683,35.751141799896885
13.846714335771544,35.41895336128383
13.892261065433015,34.77150306018752
14.382109980375395,34.907936266876185
13.625581101765123,35.241985271234405
14.699252935254574,34.092421637847245
15.005171158987766,33.00792399243243
12.033404953667503,31.65503477854129
13.140069113627401,30.867849705556697
12.0646111654442,29.287455978447035
12.090555896727084,30.330982180187085
12.822451931289926,28.656031163972575
11.413137099776572,31.104743626646798
8.680966997618148,30.73454113224026
6.858000800544003,30.85694506379297
7.654837551208018,30.83370225644151
5.388533801733736,30.49190762065612
3.941278529057615,29.766200960805683
3.635436531675469,27.814084343853715
2.4049770925331355,28.59545656157699
1.0446963057140926,28.54694062868798
1.064015877246986,29.31117928453235
-0.7984942314209544,30.180332938906048
-0.7797296495141985,30.139690972374016
-2.8531200172845885,29.502367767589593
-2.9640648304192005,30.079988884706538
-3.543010434707092,25.675171764067557
-3.7611895728911473,25.050509095036453
-3.2670640104903885,23.711283620192734
-3.6438947872741236,21.430310629734844
-2.471430959507667,21.38840724419614
-3.3984712273151545,20.59614252862601
-2.0070724666376494,21.334751320682873
-1.402844760402009,22.305113898685676
-0.19454301313406774,20.962706812859274
0.4060990579258128,21.136326338475772
-0.12497519345123842,22.26461368382391
1.2896624569640103,23.979384409582007
0.658766757769936,23.89519970148529
0.05069412244089433,24.061609132284918
-1.6615664215806145,24.063761233121586
-1.4487154354358636,25.464600372308947
-0.0009572060838149987,25.73613200033184
-0.2502696442645258,25.12332309260308
-1.5955211855400868,28.051810549731858
-0.810596125211124,27.129117013718428
0.556693316580742,28.413255245083356
1.6982624874569572,28.64435020711896
1.2937339695308163,30.480490946393132
1.6471646100032906,31.352778689986334
1.846008604338575,32.658737597027354
-0.5281372889934155,33.31401755539406
-2.9525955878488443,32.34248558952904
-2.628432779997531,31.92015341943032
-3.0852958534267554,31.62473591519208
-4.498597721211094,31.20934252549516
-4.188712593802302,32.70485701096763
-5.563642453245194,33.078358214062945
-6.368447509930585,32.97018267856553
-4.5237208761019545,32.21777602605062
-3.744492432329681,32.3483348588219
-4.383055161938197,33.321846201554386
-3.6593424612878116,33.72156344349578
-5.085234244900323,32.56688278787303
-4.962572954795736,33.31435584552349
-4.724509687846435,31.72009884391193
-3.301577787078466,33.77090061769436
-6.183120762891844,33.96678111999345
-6.7437505948559,34.31139529112655
-5.657419276690085,32.616893674186564
-4.945949087624468,35.392990257719454
-4.382839098085689,35.42316145929156
-3.845694623230517,37.21623152608439
-3.779058626283777,37.41375153655445
-4.0639619323510345,38.55183168588337
-2.685622684175126,38.59706044189925
-2.4565808401075224,40.882617909897334
-0.6160225062257652,40.91359406836819
-0.7197370967283929,41.19069368184183
0.8165688265239874,40.60709034495359
4.0441520701989395,41.01485012648024
2.4925792225651535,41.21892959024055
1.4009009291509966,41.84830626786731
-1.4337467593775712,42.24687953236231
0.2605532023485986,41.54110135584916
-0.49888763637129663,42.72344465532107
0.056908573105946325,43.19483773348831
-0.6078634833636556,44.55849797341864
-0.10216187720532455,45.13599145947256
0.6752975439494592,44.44956523181497
-0.811392996743261,43.16717151660542
-1.8840566631453912,42.9346043237773
-0.14541998770994358,42.88631563542161
-3.3606231325226408,41.99553575515275
-4.234479593635557,41.21838652855979
-4.81557193968643,41.14607002809784
-2.439803275697018,41.85589015012843
-2.6071407036031444,41.691148495267875
-0.9851827866661458,42.13578371708356
0.26954806180391366,43.427517190134076
0.6206062114681798,43.72606981107074
0.9681624852212749,43.40726079614269
0.7342585555516974,43.65347851675962
0.9390117528677394,43.0423436651692
0.5328467641416115,43.31509368500732
-0.22298229826200777,43.62606124611694
1.1773823729895023,43.027386602266034
-0.8799226566523262,41.79302154431608
0.5771512586910734,41.47083051203361
-0.9752452845271149,42.575344489746904
-2.0565195127488005,42.42419163897229
-1.221274169836327,43.38795858329112
-0.392465800769351,42.66414182492809
-1.5412928990901813,42.96947023574308
-2.73469896299354,43.44528242916722
-2.155724713902954,44.18264081148703
-4.570759791578457,43.06340829663495
-3.9768818175622753,42.7848130853375
-3.454127308643985,42.94349543409475
-2.5613076458745825,43.39809613125044
-4.479869381028816,44.16570673801228
-6.9097216080668895,43.74916006623086
-7.724497240768294,42.890903184494796
-7.600865082313749,41.96226080135433
-6.200942534844789,43.06118057391848
-5.2834159392507445,42.72926462152558
-7.066766997974277,42.200593302910946
-6.2722991474113154,42.67394307841125
-7.0416978385155815,42.2328326987927
-6.43983479692763,42.12631508695355
-8.08905308741386,42.64384557902618
-6.779504489989161,42.71589451547009
-7.195014489210059,43.32878061732021
-7.921550319939639,44.29167683939456
-7.813351020193139,44.746863991553845
-5.253657769078494,44.75629531765942
-4.229009002256115,44.84076342980941
-5.131621370426206,45.44225799135389
-2.9212850517206803,45.721599743394016
-4.798504277005522,46.12572001180389
-3.8671038787082095,46.8048784298331
-6.154951627732447,46.15219223369721
-2.8346541677903567,46.325812828362785
-0.48731703588770436,46.02267714262174
0.328589010178182,45.76252386856112
0.34150139651200717,45.88034914532521
1.078425657587411,45.829633906943904
-1.121104151563284,44.89760804692332
-0.9003749201836576,45.40329130407254
-1.889648751300332,45.57085791401366
-1.3710295633203349,45.221974577439326
-4.360678900628678,45.382270996420054
-4.851108297525457,44.44596743914311
-4.220659353487587,43.748573888646405
-3.498404297381969,44.72810608988844
-5.88248040871526,43.604089425815154
-5.313515110912468,43.85282665135062
-5.33147946489469,43.76581402073977
-6.7261197181511045,43.41072938723781
-5.691565589709557,43.36894999254427
-4.845680443162989,43.767769923102854
-4.547426305639876,43.953060017074044
-6.332964220140429,43.4239741137115
-7.107497247320934,43.04206319923184
-8.334970205887714,42.64666052795861
-9.112842668128899,42.85780634808063
-9.013729557965085,41.999558822491814
-8.914616447801272,41.9937644727388
-8.815503337637459,41.80820926475137
-8.716390227473646,41.37310098165504
-8.617277117309833,41.27420250355377
-8.518164007146021,38.961104576988305
-8.419050896982208,37.19542879624716
-8.319937786818395,36.37727833088836
-8.220824676654582,37.230147861674574
-8.121711566490768,35.62385266773126
-8.022598456326955,36.51715867140548
-6.96147527611781,36.16834104838795
-7.184197787323867,36.87149076859285
-9.698588567658735,37.316793675519236
-7.36460645696177,37.733153105503355
-6.2973951972057804,36.79675492848637
-5.428800887349076,36.573530837189246
-5.001079348167588,35.22563435115364
-4.051801053558404,33.513280760615274
-3.953132687885946,32.97621795137132
-4.472669238176966,34.01843393480509
-4.392602506524591,34.17703897159806
-1.0544910375530812,34.24643716883833
-3.3592175886528928,33.76640022207636
-1.418357922209161,33.25884980091745
-1.9537704541952294,31.815425389917102
-2.3985478336493995,32.52840575655014
-2.9808142684451577,32.89741115493043
-4.298046147874926,29.492135433653498
-4.169227185766643,30.62111874809464
-2.636796774985058,32.04401444182646
-1.5267966395812416,32.662881394912915
-3.6650561772751233,31.82864914028515
-2.671551649603116,30.66453192313884
-2.678753751695491,29.699614815938155
-1.273247516850862,28.532261420947677
-1.6488578385771815,28.739419400655372
-5.259852494248086,28.665379883168203
-4.104239609623121,30.49111999642619
-4.959763105256992,28.361218613140526
-6.61194709208702,31.96859333020114
-6.2331519588291835,31.667179649875564
-7.21619785916457,30.882333636011744
-7.5642178205416055,28.191649533694516
-6.44118264480978,31.85874517904979
-5.9088424093292495,33.162044618336914
-8.03796924644821,33.14622990236827
-6.599259104003133,35.49656353556564
-5.85076359049054,34.97359088616512
-6.001622312919138,34.48742914328493
-7.663241517409941,34.19081164319459
-5.285665095138928,35.36927440340002
-5.278978305653637,33.34359273547329
-5.272291516168346,33.709972919560585
-5.265604726683056,34.081913969912875
-5.258917937197765,31.75641623960703
-5.252231147712474,29.12628518740059
-5.245544358227185,28.147497570606262
-5.238857568741894,26.748659873598406
-5.232170779256603,25.822204907836696
-5.225483989771313,25.754833092368237
-5.218797200286022,25.213637446099895
-5.212110410800731,25.807898965193964
-5.473505595155475,24.02152412467576
-4.421452322604849,24.29601230634079
-6.117942308106375,26.004692442801264
-7.8767147282471495,27.30615784679931
-6.700142233382948,28.346412733749556
-5.594017634484264,28.78213359814625
-8.847922261437546,31.86238475941053
-7.82184064215668,33.244052444263495
-7.112523602929913,33.57515309639481
-5.691568762157582,34.847728498394616
-8.129654642184857,35.00320611782072
-9.256429723727862,36.14019941614584
-8.881427759831826,37.61195358442388
-8.506425795935789,37.58606780651627
-8.131423832039752,39.98308539626805
-7.756421868143715,38.79085438276178
-7.381419904247678,39.34110737371416
-7.006417940351641,39.29571567602055
-6.631415976455605,40.6163293023812
-6.256414012559567,40.95227670457465
-5.881412048663531,41.03263512438707
-5.506410084767493,41.079340323402974
-5.131408120871457,41.17700500661455
-7.095738851885787,42.72024435408396
-7.199191677362627,41.659517721135934
-7.035048344397196,42.112893338688956
-8.614024245227304,41.8141316516262
-7.982644438483694,42.81906523246165
-7.351264631740085,42.10759346896677
-6.719884824996475,42.31801569074567
-6.0885050182528655,41.92009905879939
-5.457125211509256,41.291160205262344
-4.825745404765647,42.02374222489909
-4.194365598022038,42.62733820285051
-3.562985791278428,42.775357379312375
-2.9316059845348184,42.82232532266867
-2.3002261777912087,43.65825493129167
-1.6688463710476,42.65697463903101
-1.0519791921767567,43.38457107584142
-0.5905015237612767,43.81681886713795
0.8177266674946853,44.25773389574101
2.1580388190119626,44.283730729235735
2.779561427976317,43.58518370594992
3.347993072973233,43.951548111766144
4.268543392163934,44.977518505348044
2.1063956769578427,44.80877141396255
0.8165555684912238,44.76617091074043
3.7103220976237745,45.66425640993573
3.207027073454009,45.83985410761041
4.1322654284854154,46.149308705584566
3.489794337338811,45.97455669121877
1.0966693175842508,46.245259438879806
1.024189693414094,46.27816175675625
0.9351482690829237,46.04378393273632
0.5378516394920961,46.14211188585972
-0.07382414419896699,45.749640407050514
-0.2776968818952547,46.6506686473537
0.6838748318910928,47.035782591380226
0.8414541036128458,47.512668809584085
0.053286847800470216,48.601026340881646
0.4114244110324377,48.04703296276531
-1.3597659687349548,48.62274211249463
-0.3976854016730438,49.396240334284265
-0.7037689087610888,49.24952528009618
-2.2949872286180346,50.683758963186925
-1.8797782326216022,51.37712747724591
-3.4176415482890565,50.04362816064436
-3.6698344431427303,50.02342724043341
-3.2366907308299715,47.92643769732724
-2.480167665214486,48.496948200772295
-2.358914143741691,47.1630548008013
-2.0799769647350885,47.15171657188878
-3.2055143188889463,46.803886400178094
-3.3439964056883995,46.72966307063094
-2.664343073500978,46.466488400898136
-3.9324125148487807,46.56106248481965
-7.813101499921913,46.18698278810653
-6.502637765886636,46.770396864393284
-6.096904918281037,47.391261446751294
-4.693683315635963,48.83581371440018
-1.4165279563337294,49.070559095720235
-2.945746649564633,47.92036985009966
-2.943988378415849,46.84662469244709
-3.193277744663917,46.03006068176294
-2.66468912265924,46.513421415286665
-2.4994046629833684,45.53901717674449
-4.685976143785121,44.30918101445571
-8.59157662559409,44.64845918584065
-9.7802341205142,44.801188430097554
-10.601706213601313,44.05718333272451
-10.539647690478017,44.37899879351367
-12.381975085761283,43.8549853485326
-10.541154976913454,44.80906447084425
-12.02196248310975,44.94573100206326
-11.321555156520514,45.47844069350398
-12.70088823995575,45.4944776088214
-10.935616893365246,45.38047308814336
-11.096103710823435,44.28022087518549
-10.965565408656813,44.278770633737714
-10.809904198484475,43.88723227641231
-11.629061258312518,44.238810606043685
-12.228472605196703,45.36955366882616
-12.979240511940628,45.38646586739581
-13.483112920535458,45.409697910911596
-14.921837276092925,45.09656456755601
-14.056779695122849,45.43100185385738
-13.64241246110638,45.73063760888749
-11.150811764515801,45.669880519726675
-8.545832550522,45.05557460028049
-7.712737001495104,45.07736691569504
-6.496833750689056,44.68200491052842
-4.497980641102501,45.605190283997004
-3.756438076842691,44.888236828689415
-4.95742350253526,44.29067874811941
-3.857396585757481,44.988402556164985
-4.70840517296971,44.93476295752297
-5.608762659608282,45.60565725571825
-6.422930529664254,46.07627381070956
-3.023349976183781,46.75478395095537
-2.2888165617390905,46.90462146883107
-2.1288415674906944,47.207638633800634
-0.7672483649134769,46.3790741294605
-2.344640184531995,47.02383842582016
-2.7668617190312492,46.88686787085855
-2.6016657397307585,47.245905974932
-2.971651642325308,48.0640756090633
-3.647348813769513,48.37097696180777
-5.102317687746756,47.19043571976991
-9.173658842872584,46.29504774862508
-7.697612314273553,46.88926263121119
-9.260236453538067,47.3112417214352
-9.904829522872948,47.054121775324944
-9.529615461384154,46.894478746241816
-8.941321167036946,47.047364284096716
-12.06145057040503,46.9854259446312
-12.985778266588383,47.68808128995205
-15.137220623197834,47.38358453290588
-14.700566067497332,46.250893679165145
-13.638402656024113,46.73716182356447
-15.73549758371772,46.945892215284424
-14.89919236049881,46.55475850117808
-13.826798396442085,47.14507960881356
-14.528495727662223,48.35719254027131
-14.272895429364894,48.62550424923345
-16.150337237268953,48.38108270987219
-15.512361000610873,48.56451522908226
-13.756723400464558,49.83080824481964
-15.69312534332428,49.27478528992097
-17.273481328084163,49.468184907283664
-19.66725499501816,50.02435927183826
-20.149836558536972,49.10557015085262
-21.315151782297235,49.72731501742756
-22.209624904152044,50.39769721056745
-22.982757677371996,50.19817897376314
-22.224997695351718,51.397935696951066
-22.22426450744956,51.923628758739916
-24.038749927054056,52.14194466182333
-24.14458263204505,51.984339751276195
-23.19387298683338,52.174145173625774
-24.785161661029104,54.176662512608495
-24.4029231623388,56.238705945266304
-24.011775170436117,57.46609451064733
-22.86161932004744,57.554657063844765
-22.33368666394239,57.87136124903961
-22.773560649400526,57.344555955645006
-22.287703545251688,57.39874402449057
-23.767936410397393,58.541600962897604
-21.683937050885984,59.14339737428105
-23.355982099417417,58.63130832583417
-25.91201516623729,59.26181505409336
-27.52930775806774,59.51304162151837
-26.913271766416564,61.05745034888434
-29.308675477990082,61.22245387174573
-27.13892404942387,59.82101605878633
-26.525828829131807,61.21860245520688
-25.96768706313007,60.84650722744446
-26.167377154794487,61.55268151817425
-29.654612146571043,61.251333554535705
-31.048015903346027,60.88692518012853
-29.69116439856412,60.196970930114844
-30.513374924963756,60.84981651072487
-32.298829857332194,60.61519627691153
-31.303676262158874,59.40573398725441
-33.10286721921656,59.11261822181264
-33.34062408222194,59.44057534285674
-34.69848532656007,59.8109784964303
-36.59204389504839,60.73594931036205
-36.022288332353895,59.903931627355824
-35.50690115356325,59.16313441870224
-35.46319396954681,58.84004161698766
-34.75401910587226,59.50426254363939
-31.80873569149507,59.19556728210848
-33.27486615075267,58.96535316083644
-35.24696346334961,58.98315774018581
-33.64000072669445,59.35575995476593
-33.02317832601394,59.38749509929967
-33.380150240119,59.134246990400214
-33.82081791306029,60.66477927497925
-34.400626242696084,61.26897247273333
-33.609763988831304,62.04855215699782
-31.79046725181341,62.10419203787224
-31.80792160713384,62.55148829231139
-30.87115101636688,62.4131371065862
-33.49232310309297,62.836389140131736
-36.39421266834361,64.35104293771175
-37.87544286976547,63.17578852661704
-38.193578162397884,63.06569935200969
-40.53181391374838,63.49433648728365
-37.62493455237272,62.8217844984462
-39.59263042922995,63.62927199041131
-40.59786915405922,63.25107471903874
-40.48518424054558,63.84804873246885
-41.78240024151725,64.2587481185413
-40.60760536476917,63.259450967021024
-40.03633702686912,63.94315545293914
-40.32651398406476,62.44494767445246
-40.620101372605234,62.63610835202624
-41.229979717524174,62.53689047201932
-42.755101386646,60.72981294407589
-44.509794340369616,61.00874836560617
-43.320340729336976,60.894834530334336
-42.80979305942251,59.854259017107246
-42.82911834669206,61.633865885921544
-43.78957560779884,60.84390727329838
-42.374079308492135,61.004596458717515
-44.58219840868566,61.02426764094179
-44.8548092734479,60.871855525307105
-47.13469092017927,60.92287235198698
-48.743320792753394,60.60811601556306
-50.11090170981196,59.91178212292937
-46.07330418445343,59.07420965238558
-47.812388333373754,59.82762850990634
-47.15830340443342,59.01487559748755
-46.69461207868558,59.606668818711405
-45.80980084613375,58.877258903924066
-47.366626986884334,58.99271762301434
-47.87623940207323,57.94079212155666
-46.401813889188375,57.04464669079506
-46.49571531743349,58.53578862165055
-47.58146166483261,57.35448378466452
-47.35841694618367,56.872075616247
-46.873589088749135,56.791204704655556
-44.21950749345843,55.85621986053141
-44.24997422854084,55.09667946336303
-43.87283543186372,54.087549853902644
-42.344697779072234,54.29075476184021
-45.31685456444432,54.46318533702092
-46.92853307284013,54.229292213356146
-45.58010343764297,54.135762113892575
-43.89937317355321,56.25894297374162
-45.64683567720451,55.841629899424085
-43.1319708376702,55.39271524591649
-43.01229967859539,57.046959432749844
-41.10522763154315,56.4785381465793
-38.35462368613966,57.210307358752004
-41.28207033216831,56.059804385894225
-38.651068349724746,57.413945009001246
-39.250833682617724,58.39598298865677
-39.52754689345839,57.44665870974023
-38.739947476782454,59.2745759969795
-38.09051539712394,58.53848017526642
-40.08114984891207,58.02833714407524
-39.10979202510576,57.558416794096466
-37.04675299828185,56.90798714368489
-34.73287521063933,56.657256596975905
-35.1848994367331,56.31095395232146
-34.90895186633299,55.033294986065606
-35.457632769855685,55.58802649594633
-36.654260575895464,56.13314433343619
-36.56830742396372,56.3281051375388
-37.72594596978721,55.144488031627354
-36.03345717727089,52.735029812444004
-37.85270038323482,52.41581969500075
-39.504336210304075,51.97363994974936
-39.249874683403,52.03232703739424
-38.6881287847035,52.858765896528524
-37.518020127019994,53.05799766843576
-36.99777960882602,52.5277506861299
-37.638926053699485,51.649534172025646
-39.672584531800524,51.42290311854866
-39.934100395050095,51.297986409238
-41.112734732317215,51.64043359040156
-41.35100242127215,52.90891368110048
-41.589270110227076,52.97517323102727
-41.82753779918201,52.312943886358646
-42.065805488136945,52.011194994847145
-42.30407317709187,51.782086371733115
-42.54234086604681,52.32347227216076
-42.780608555001734,52.92758099048223
-43.01887624395667,52.764079063300386
-43.2571439329116,52.569790262483664
-43.49541162186653,53.13281171693022
-43.733679310821465,53.70350733411216
-42.11681512949638,54.58803168358249
-38.82924790383214,55.14959964104801
-38.441202104538924,56.33033195663767
-38.69702811364395,56.19184564649441
-39.05682636700867,55.436828376551475
-39.6269704660286,54.0012780822879
-39.48453016603985,54.63646099618986
-40.72838230287104,55.18794036036481
-39.7790305912189,56.36613317471433
-40.71919345420433,56.026561343927966
-39.579378039101066,55.37790699325685
-38.12794459933803,53.621395928047896
-36.88420860592997,52.621707532330205
-34.4788468552756,52.58627310549505
-36.739562650705516,53.42305206451309
-36.779190503613066,54.60802490983831
-36.68041195249461,54.14353943418695
-36.63373774329675,52.71679890666193
-35.35065834069664,53.67379112102867
-34.53819082289294,53.020238167752964
-34.1774125875793,53.08810590620929
-33.24127983181783,53.136009080636036
-31.346066095830242,52.80958363082095
-30.10245774483976,52.359908141677984
-31.10057601164834,50.4122983717948
-29.286135208228984,49.32976226816975
-30.159972653004385,50.13035428444255
-30.8366952635901,51.45049103633196
-27.607673289412958,49.387439083510756
-26.308355291822927,48.7413179196799
-26.386665856870547,49.04678147364038
-27.12393130284803,49.59117048599096
-25.623637355613486,50.95710242924014
-27.630990383176897,50.05583665664613
-27.54654718342967,49.43622412764395
-28.92237037054042,47.71957918331067
-28.880200615218126,48.44340864975057
-29.1573106981724,46.77231869086521
-28.994789484129697,46.68798064985458
-27.65480579052973,46.480347071477645
-27.06796336070981,46.26265080385824
-26.001166351084215,46.43075692436269
-27.956193819199243,46.96224260234023
-28.40855664014619,46.92058820221636
-28.771147390282554,46.682399366518425
-26.27005691313563,47.703647180335466
-24.470239643855223,46.971337868652306
-26.130956046411075,46.27149585873422
-26.0874177924399,45.947140236939255
-26.043879538468723,45.78168027847124
-26.000341284497548,45.00293886300221
-25.956803030526373,45.54149361064401
-25.913264776555195,46.32948375463839
-25.86972652258402,46.758158147575166
-25.826188268612842,46.414748014191034
-25.782650014641668,46.340871307880256
-25.739111760670493,46.520294323501496
-25.695573506699315,47.30035335369631
-25.65203525272814,46.47919529107612
-25.686123740919985,47.10055050311271
-25.764084943864848,46.68821673261756
-27.088156384225076,46.1703249935805
-25.633861382884724,47.28294624266768
-28.005015302525663,46.388931609696435
-27.2225412515473,46.171531724224195
-29.686677181082242,45.157942884913275
-29.186322624976267,44.45548479154834
-28.78353288691766,44.53966073771083
-27.610328068767465,44.44972829996679
-28.666100311919134,44.49969500565793
-27.9748562301348,43.86198482343782
-27.656602364196882,42.89781428919158
-27.37977541738144,41.69723223542076
-28.238544657703127,41.52913545796465
-28.813713370258135,39.174085243986184
-28.517582393421694,39.00196364130958
-29.513228513756633,40.33061681697768
-30.033489153820586,40.309881879298075
-32.677970909669114,39.11241124448191
-34.323897844375715,39.50650458590863
-35.018939378205985,40.28348835772421
-35.53163496586317,41.08621057843564
-35.41957330040028,40.961520279329775
-37.18033976523711,39.72742092847186
-36.5265769841239,40.267123411846704
-37.17217124198551,40.86864600994106
-37.522163355375156,40.730483231604744
-39.29254838342755,40.564817175535524
-37.30926873741823,38.96326922074728
-40.060777428825595,35.95780173329034
-39.85951127390769,36.2303514852992
-40.269671861985934,34.6055396104063
-38.44436988071961,32.80597648876255
-38.928887924218365,30.68391345776616
-42.27734932188426,30.841652730719293
-43.7124388344579,30.49999547158954
-43.438619433370825,30.78484021262693
-42.90617300943222,31.91677702851342
-41.214272356725424,32.52094077382124
-41.030246237840124,33.47249803830474
-40.0301437105418,32.629721589891496
-38.24332864285305,33.2857030718016
-38.94535074889851,32.596236664074844
-39.2895014614991,31.668480984028868
-38.48685694290623,32.534221809576465
-39.69644765859901,32.26953503533951
-39.54777877825531,30.280209225139902
-38.33465217022906,28.447846729624974
-39.466078957102845,27.17069957581155
-40.25888933253129,27.33702982418403
-39.54798495607878,27.39451377581887
-38.971979742724976,23.648930280541578
-36.85576169508339,24.067070676445574
-38.34131925000434,24.032962991824782
-35.232020828904155,23.6130769670757
-34.73374618158994,21.503912215147828
-33.986716776566915,21.481049964979135
-35.209591688432404,20.390352233876406
-37.4139558670581,20.450262709242434
-38.00666490199619,20.10079198487407
-38.599373936934285,21.02923444742559
-39.192082971872374,21.46107510618508
-39.78479200681047,22.351735902058753
-40.37750104174856,23.076174625034646
-40.970210076686655,22.022651384411187
-41.562919111624744,22.212966314393583
-42.15562814656284,21.714089051928084
-42.74833718150093,21.4664052464793
-43.341046216439025,21.56898746532408
-43.933755251377114,20.489438644293084
-42.60621261639805,20.296674567116355
-43.94683957746549,19.331383025142628
-42.38202332239411,20.303268993381295
-41.24871079302331,20.068716531527482
-40.20567895160484,17.585891598137923
-40.31799297526752,17.02440202477312
-41.30569450001741,16.7607208206947
-39.363082504069006,17.95826183015669
-38.124631952397436,15.306510904827064
-39.29460918177799,13.753857155123043
-39.51685771178087,12.864655920976563
-36.79759475952051,12.866974993465114
-35.93922750394422,14.260382310444383
-35.020641367544,14.795168213841992
-36.187353042411694,16.583223543809822
-37.134941856776784,16.392173247450593
-37.82254007392366,17.84147238745936
-35.688271404735,18.1703775872686
-36.31829954197227,18.258074045160985
-37.096078714651014,17.46300718050365
-37.70295812427129,15.765167777142128
-39.14979516278624,15.524528757568525
-38.48652797041583,14.761440520312085
-38.417956357589524,13.849399167442758
-41.0669782780335,13.308856514538416
-40.39490416382657,13.721144851306933
-42.83134499898847,13.573772209622028
-43.11195607744614,13.213549418146531
-41.5723536002276,14.465805435191571
-42.382656472338795,16.408015612191683
-43.491968593762856,17.500302682653384
-46.014452556605946,17.80316383765268
-44.73090013231766,16.804378114713483
-45.405419600377506,16.683345348484508
-43.384983930951144,16.22456406899113
-43.566584923725486,15.523137445880296
-44.33134650865925,16.673254511681368
-44.95458060534627,15.331866052414712
-46.35323904152798,15.042431715945266
-47.00949395159121,15.47630632997717
-46.42235153413008,14.30476325749542
-46.43358142354741,15.728430903295346
-46.93023717791671,16.216319189914564
-44.8397709813849,16.41898802010632
-42.667996728140594,16.90704596083298
-43.67310224445306,17.600848365300543
-43.232021902093834,15.898518288844722
-43.85717886535184,13.752866488948847
-45.13765427446321,13.299653509920292
-44.647398747706205,11.924848342405971
-43.162944860850146,11.227808274713936
-42.75535838565959,7.885383730006355
-40.60311557648053,7.816497788228826
-39.71496508924869,9.023926598689606
-38.83568922576497,7.975067343272109
-37.75445802396552,6.622790027929409
-35.917138025203855,2.120439013357218
-33.65803411105008,3.635436531675469
-29.635379853443258,-1.1883868198301921
-26.354959885879833,-0.47635970554493
-24.59512760685796,-2.567059734855805
-24.02861683517191,-0.8720781273431257
-25.021453539858616,-0.45475141843705347
-26.952184295969975,0.5713429696761417
-24.792060562514585,-0.9957168839109357
-24.623220913659004,-2.344640184531995
-25.71841912701778,-2.430845757790231
-24.76396051534912,-1.5839746033693705
-27.047260771940707,-0.22034539512774032
-27.241222890019237,-1.889648751300332
-26.78074935887948,-1.3597659687349548
-28.14350127295179,-3.3409573040420764
-27.665598359054343,-4.14923462000131
-27.900447947641727,-3.920980958171883
-29.40093135469666,-3.7301899678375445
-26.580879497672036,-4.318487728266823
-25.60649672446071,-4.347769416112625
-26.59360536974781,-4.466471561977267
-26.223425415281707,-3.335360445330235
-24.730264612293883,-4.057959775790684
-24.89585225443358,-4.686077694502829
-22.438607533857866,-4.588073484030444
-22.275083486986457,-3.5440199333585154
-22.208847942523217,-3.3984712273151545
-22.229900256815167,-3.1624776632449665
-23.062738946051287,-2.471430959507667
-24.085745678613854,-3.513244982846828
-25.207752319228142,-2.4994046629833684
-23.954828141231314,-2.5106563736722176
-24.27219131406294,-2.9577091754170852
-25.17429061958178,-3.1337357231103757
-23.80236262867536,-3.2055143188889463
-24.057581346453276,-3.8184472669101015
-23.1438278302703,-2.2552144174708246
-23.441693972111292,-1.3004368014539576
-23.14284985316108,-1.3288457080639953
-22.113447535308822,1.046071738490452
-21.649666831053096,5.9129539614812225
-23.179578441278963,6.239051597880005
-24.950414533306873,1.7124730382579503
-26.44328506343958,1.0603884340137355
-27.000121019169093,0.9351482690829237
-26.988096866459955,0.328589010178182
-26.6416043618072,-2.0588939547697906
-25.312393658034573,-1.6913672505076718
-26.05125300261504,-1.5955211855400868
-25.983704276044307,-1.146291809590625
-22.728900867487646,-2.254932777392838
-20.96190672191017,-2.439803275697018
-20.69860369975933,-2.306734854346383
-22.60308327172944,-0.8799226566523262
-22.610531729340302,0.2605532023485986
-22.782083833839806,0.5547301957042297
-20.895121966451924,2.222992974692998
-20.284960678194984,2.435612521472415
-19.94411037883212,4.6408171077244775
-20.352304922433003,-0.5281372889934155
-21.538271647854355,-2.480167665214486
-23.927933907238586,-3.700919591986378
-24.024684897065892,-2.943988378415849
-23.588098963942386,-2.3985478336493995
-23.942798322847707,-1.6488578385771815
-23.561066883276418,-2.0565195127488005
-27.073470154726287,-2.2949872286180346
-27.86681029886028,-1.2189561384928946
-29.98116599229543,-2.399104684376611
-27.825492433141743,-3.498404297381969
-29.036682946619568,-4.724509687846435
-29.509264860718886,-4.2306426647294195
-28.69620117354071,-4.228262246413108
-27.825771671105137,-4.194365598022038
-29.92381163789685,-4.570759791578457
-28.959051957117076,-4.693683315635963
-31.299515747910096,-4.777385100934065
-30.772035891296415,-4.360678900628678
-28.537039165615035,-4.630284583666091
-28.153132511756095,-4.104239609623121
-28.55251303784112,-6.001622312919138
-26.52942137711019,-7.199191677362627
-26.018366277607484,-5.252231147712474
-25.873595346929793,-5.054126505955323
-24.15407691345152,-3.6230398623048843
-24.356401306692224,-2.3157025612158937
-25.448191077005365,2.0632124080743495
-25.387472115253647,-1.8840566631453912
-25.526798578468597,-0.11201242885725904
-26.18354322867409,-0.10216187720532455
-25.78017620746797,0.34150139651200717
-26.467833182701913,0.7342585555516974
-25.041721409122342,1.075375048502858
-27.053267273956017,0.9027847006027737
-27.613972797671646,0.6716118311345829
-26.08861373984586,1.6471646100032906
-24.591857945222316,3.7521300616331468
-23.708459303881387,10.37608436080558
-22.060090323636445,11.136051582736421
-19.232554955376617,9.156249602411544
-19.794232541259703,9.28122706778225
-19.156871834150486,11.684656177194285
-16.43116794169667,10.806996836351965
-15.800243932370071,10.51795762083938
-13.928839347533593,10.022168934706539
-11.331523476352464,12.04392749661792
-12.326883353984538,12.863724011860594
-11.42057109591737,12.446798314287431
-11.826498728514062,11.45918788775428
-10.386106942489869,5.929018788899696
-10.084842770613378,11.464590203170593
-10.847377281020092,8.134058564503933
-10.910173906195272,9.004386891813576
-11.93626044674705,10.488555460009657
-11.591074048975024,10.27921183873953
-12.25340452834301,7.9051112920073
-11.32299825197485,2.4988700945130464
-12.751564675732888,7.494895267226412
-12.25402650570542,0.053286847800470216
-13.207686963161589,-0.33264363184193924
-13.459192000565855,0.5771512586910734
-11.809594628242388,0.40141294921407
-11.97177783249851,-1.0254503300761049
-10.082235558328657,-0.49888763637129663
-11.64288576145732,0.9621732490839734
-11.259757556810582,0.9681624852212749
-11.503849055411603,2.1580388190119626
-8.8403036314697,0.8177266674946853
-10.309192556596635,2.4925792225651535
-12.494406080847213,7.234271944030448
-11.566601297419135,8.175856329908521
-9.99739005982182,8.487756912966187
-9.928141835155843,12.068208876817145
-9.966991370166994,12.090555896727084
-10.241741213026733,13.549668467023562
-9.047126794004736,12.306936039632868
-8.103823605092996,12.565798622659575
-7.817728205118724,11.519287745069537
-5.72726648733411,11.803367794526686
-7.219889550012654,13.694611725571635
-4.777385100934065,12.046514642583833
-5.572583733079358,14.272656223555732
-5.273216884069437,14.556588333140503
-6.701777566275039,14.372248897967909
-6.258102356644878,14.34304885779413
-7.162826925609587,12.563422831283685
-5.218444654844685,13.064067300582108
-4.70815032560626,14.571535451599779
-2.2365866909967895,15.246730987939237
-2.567059734855805,11.961281577888094
-4.437075978445539,12.517169921263198
-4.879198599179558,14.032844252529568
-4.588073484030444,14.765683544906482
-3.1491234094355134,15.527056794779458
-3.554779295468033,18.35692972780596
-5.156007441371412,20.227437100353868
-5.161600211487445,19.969332112149296
-6.102316018433903,19.987888232570597
-5.5789796142361485,20.178959565515058
-7.194402175013445,21.09903965890614
-6.927643864028723,20.134329476754854
-5.37789982133589,20.11718141514266
-4.995754511342876,20.857365123141882
-6.36352891455886,20.95631152929487
-8.520529552567542,21.20230211822997
-8.687393436265992,21.837840240723388
-10.068559343467953,21.68630899373974
-9.564820330314404,22.588123192254717
-9.968694717885937,22.257028110337245
-9.67234296013345,22.33275855625296
-11.02013910402387,21.13934470901181
-11.351138597625576,21.157246702273444
-11.68213809122728,22.306047810777752
-12.013137584828986,22.973911563291725
-12.34413707843069,22.82951549881847
-12.675136572032395,22.943024385813303
-13.006136065634099,23.439233059196365
-13.337135559235804,22.584517731487512
-13.668135052837508,22.742762790102162
-13.999134546439214,21.834338330814447
-14.330134040040917,21.06276610378314
-14.661133533642623,21.368346412777406
-14.50000319073827,21.844558280032253
-12.856673654013022,21.59109710156221
-13.795903029966864,20.8818591937943
-12.640093452827129,21.499705140988507
-12.414218639854933,20.176116261201518
-11.173766500627194,20.29597025002398
-8.828705504062889,20.295959269903598
-6.7874283509016795,20.078855056213822
-6.190164577385254,20.75309342386226
-4.133195587550625,20.837257640355933
-2.254932777392838,21.468105151196337
-1.5839746033693705,20.146320611624112
-1.2321479305998626,20.49569828168171
-2.3366033560660577,20.61141150137046
-1.3004368014539576,19.97470507718536
-4.435614479650028,16.80454349802461
-4.406332791804227,15.51553897913546
-4.377051103958426,16.307741912026636
-4.347769416112625,17.680918666020517
-4.318487728266823,18.22438169395108
-4.289206040421022,16.834107894368653
-4.25992435257522,15.416871509346434
-4.2306426647294195,15.44420546510453
-4.201360976883618,13.997903508693032
-4.172079289037817,13.996769209197693
-4.142797601192015,13.198607556701747
-4.113515913346214,13.152154716584585
-2.6901780841538203,12.8743159493446
-6.494400198439575,12.402374740470213
-4.9524238245539465,12.194065465778614
-3.4300010128819136,12.031060466663043
-2.94750519727217,12.371132702828062
-1.7655081651251288,12.944755311582087
-2.8351600713001455,13.852383195653502
-2.0368010899572,13.986327555465172
-3.700919591986378,14.460017603352895
-3.824283960935797,13.046622681783877
-4.466471561977267,13.35575604964626
-3.813053388196576,12.99343422308482
-2.5328126232323145,12.23374437470145
-2.308570753162126,12.808535466409733
-1.2214390801894748,13.320290195510475
0.9905537488562937,12.04827670084224
0.5520802409051977,13.625581101765123
2.2917268557871946,13.072723297696351
2.0001128763432656,12.850245101870719
-0.4852893870452748,9.409669627536541
-1.9031079337247323,2.766409594235225
-1.9530705589743043,2.051872011173212
-3.0621114213593046,2.7075402504427157
-3.2613142826126875,4.850152706889036
-4.640329770740261,4.20278347504515
-3.3617275974139442,3.6928931193535752
-1.3576974133188937,2.2722349510084188
0.15052202338409915,1.0617987219468297
1.0283302501376919,2.2382671668293734
-0.22034539512774032,1.6477488441176042
-2.1457409348381447,1.1624342655013518
-1.7564462006234023,2.501782233561927
-0.5865932794057467,2.8649002032808175
1.0233284831925895,3.6492119598052084
0.8563363622321022,3.6085762361414595
-0.6781467085721206,2.306779445776649
-1.939687623281876,1.082453926288773
-2.5275994447451122,2.1109830897228608
-2.451336880259871,4.977315388112242
-3.2258523487305246,5.246786407443923
-3.9564203840718903,5.785194608400455
-4.696391281839183,5.511056588948543
-6.531029881306754,10.828445143469331
-7.618579315630484,14.048611498526343
-5.130434129198083,16.456406182090397
-4.741292150022308,18.037923909870106
-5.717001716533311,18.365079013011197
-9.960059002467347,18.170679350915343
-10.518142323470062,18.53248770426263
-10.054315110564163,18.68824075428131
-9.697265656199175,18.37995200092104
-9.983024594995033,18.34047495423329
-8.668188272952596,17.713119534339345
-6.812383518023905,18.054243199495012
-7.601182285376874,18.305689485738412
-8.040610124973442,17.12950960920324
-6.81266331093237,16.810928706661542
-10.933093400153668,17.121242050138378
-9.896015612847545,16.466664126596925
-11.2182772492747,15.15826135276085
-11.531536673592134,12.77271274613583
-11.696314931569294,9.072256608367528
-13.98581562061377,9.935439875932119
-13.659730952403256,9.367548706329472
-12.554252034475414,14.69148971592916
-13.670268095309432,14.92688806852097
-13.009884287356149,14.554434371344335
-11.193489128223623,12.549057078405427
-9.137159282163525,17.141354450253694
-7.935752899088378,19.511480062064592
-7.826754656260788,19.514894687893896
-8.468334240949842,20.982137242442462
-9.941486164294428,21.747999432356146
-11.291548483101186,23.11537645180443
-12.543379768196653,23.143997262364792
-14.43134828674961,24.07568118101437
-15.4347744278919,24.545310522306494
-12.823816276851332,24.1446364128266
-14.157401382099545,23.643314077031103
-13.077311314704389,24.13011662334857
-11.155888208304724,25.235233114457404
-12.745393451896165,23.92314944021369
-9.575659130783611,24.601811651625454
-9.76582044408573,24.357323143270015
-10.609960507204,23.444471593145156
-10.920755610577805,24.252997253886093
-10.46285641613288,22.973417795348656
-10.739354411860637,22.535253900046406
-12.418466152481749,22.74064568770817
-12.408693082778559,22.87487286617798
-13.521022870273288,21.516744839623207
-13.28860223400301,20.665834038826524
-13.844109995989237,21.426825837520546
-14.160624105642755,22.746574211679214
-13.736976468914245,23.324665698529458
-17.150658541603615,23.38050278703694
-16.02512871767323,24.42622295202284
-18.285360019401473,24.265356887876173
-18.442859552141268,25.62189510712878
-17.43594471761135,24.618491184251482
-17.201173294965123,24.754428504601865
-17.42331675632515,24.326667724805404
-19.126765392027817,24.66079312203178
-17.42707915923841,26.86427978382084
-16.87029346989057,27.677300744079595
-17.07129802517682,29.36603780286763
-17.272302580463066,29.884982461840075
-17.473307135749316,29.08426949423024
-17.674311691035566,29.031863164326374
-17.875316246321812,29.565850660443722
-18.076320801608063,29.375812763355288
-18.27732535689431,29.178688339355503
-18.47832991218056,32.39664673042079
-18.67933446746681,33.52042811888191
-18.880339022753056,33.08341541265811
-19.081343578039306,33.22107948153324
-18.19720747736041,30.57445263041334
-18.385062895096677,32.51305341567685
-19.280185564346528,28.956498874777964
-18.86686331603503,27.388772901881854
-18.031029156455727,28.062238102400297
-18.990138864428324,28.278543787268518
-19.604757409374503,27.221110544942455
-18.599338680455897,24.9407642674192
-20.857869700481437,27.665141546865016
-19.70898238152797,28.308069783411053
-20.7943383346557,27.888540946319804
-20.870239497561126,28.304627510383913
-20.238822321249934,25.260796285654216
-21.028887824305126,26.141383353724486
-21.535294613033255,26.927615254042028
-21.657986379222873,24.43878032895879
-22.780061215775955,26.415417985383623
-22.397530789094837,25.170342740327243
-21.18174363279884,24.52398177789714
-21.814574130685614,24.52390155768893
-22.867941747704013,23.99665572253033
-22.945875543570384,23.59199407440856
-23.112922993800957,24.054815901493033
-25.030635662465112,23.41705407421377
-23.933708751287913,23.21158116666917
-24.04722779197419,23.66857365072051
-24.325830930585635,23.088841736493517
-25.413362523547327,23.508710895982723
-25.076435997536027,23.998381893225417
-23.44410700986246,24.510600235593092
-24.48439122983614,23.826505131672906
-23.408268023149624,22.582277693201977
-21.793818199835925,22.17909824497957
-22.898042343338656,20.43423627299162
-22.218180527472963,20.090206129122162
-22.40295663892037,19.94442027966562
-23.579677158222434,19.10802298830607
-23.40759922057392,19.5923453865067
-23.03705909372571,20.488214948955658
-23.184957670469686,18.457698580711195
-22.34988573754285,18.6619231173386
-19.921712498154836,21.202161974281953
-18.62833648674798,21.929422153831375
-16.840095024512546,21.771119860007712
-16.536326914550006,20.79195073995347
-15.972273330502816,21.647224125139644
-16.817763505586527,20.464878282419598
-19.378071957342748,20.207511776954682
-21.04370639301384,19.143771524117202
-19.41118125967888,19.63094042572589
-19.869625973568535,20.301391582269993
-20.328070687458187,21.227114368081637
-20.78651540134784,18.63096793131203
-21.244960115237497,18.323607740656666
-21.703404829127148,17.845406545969126
-22.161849543016803,17.916189450075137
-22.620294256906455,18.652734852330664
-23.07873897079611,19.621839405094722
-23.537183684685765,19.22652482776781
-23.99562839857542,18.949276342620845
-24.45407311246507,19.72962471017493
-24.26715506072058,21.353916145730686
-23.84399800587326,22.504755506018313
-25.532275456677624,23.168848542181586
-24.776411440666305,23.7607305030938
-24.555673929218884,24.63143027909288
-26.94728111153963,25.829895786717195
-28.321179166072103,26.813875372673323
-24.66814929065046,27.1514924122406
-24.230167834912407,27.92320184033957
-25.207288947771996,27.395154966568484
-24.15679770887345,27.29544726209091
-22.240052969429644,26.857389759201034
-23.01746792108826,25.976034626141693
-25.55559542879621,26.553931488751964
-26.02000046515187,27.487004634678936
-26.654774732081854,28.310989018823022
-25.458126629886834,29.469860904925223
-26.271415466007603,32.123403453397145
-24.764449476310944,35.43059711430982
-26.19141591610806,36.876768481776686
-26.23208835861993,37.70178587874529
-26.938324750866634,38.59300527078541
-26.165719794762087,39.40559639698882
-24.178025389854714,41.03527781217607
-23.00680038415985,41.98971386335294
-21.677664699738038,41.7856474149613
-21.793649614065753,41.674412158977276
-20.912000666822934,44.14655318634699
-20.754014019140993,43.98708860744474
-19.761210261305568,44.420609367991446
-18.62639487332548,44.19079483591204
-17.96147485681695,43.778582300766544
-18.20946157523207,44.038075292809864
-20.250871343339576,44.128197784748544
-17.934441477103487,44.39779550876995
-20.379754498671012,44.10879333663174
-21.14099571215431,42.92845552219568
-20.970011615612158,42.33252882217813
-20.466703836781676,44.028789868780386
-21.155436365784848,44.440141949445824
-22.792470830700726,43.722901557288125
-25.216674910227493,44.55618869546245
-24.43955226746429,44.750687456645
-26.613722873992103,45.722753853083645
-24.508241678243476,46.218351701330704
-25.698969017985256,46.481509174827295
-23.55391282777524,46.98922306862521
-26.607258749009777,47.250863610053266
-27.759087495328437,47.162811122378514
-29.59045812701573,47.219205745403315
-32.71439365513881,46.998823617250224
-34.13182765444683,46.80983955947412
-34.79843710587173,46.92832990038929
-33.2819610305051,46.9144382119271
-34.68665695868205,46.90799685293461
-32.78130639585371,47.03895274202367
-32.24127170414013,46.51596218654085
-30.902271271637773,47.53864664090368
-30.04985647122697,47.78147230958936
-32.0915836158403,48.02336162264753
-31.653875507905322,47.6477732596546
-33.71249610952414,47.1872488113071
-31.557287725499556,47.029767210546616
-30.993484438381017,47.820903042575466
-31.828300368187076,46.870105681998936
-31.70593669409649,48.36076936265158
-32.067686532270315,48.90214061450974
-35.41686610481778,49.409978926557585
-34.29198350537277,50.13961268717711
-33.66194525923045,50.72292863060004
-35.02085390832902,49.116537328856246
-35.09278722226251,49.035219345857726
-34.220257656011775,48.63933573632986
-36.86613491131576,48.63803797103038
-36.643940341253106,48.778452312492554
-37.72402062556374,48.945552699786326
-37.21970859135614,48.39047949192382
-38.14198539600423,48.363876687711034
-39.39624194184357,48.38521362731874
-39.81325488416638,48.503921670884274
-37.34322696264867,49.59956338269134
-36.57330284510844,48.964763424111176
-37.508223483486404,49.58531422658285
-38.443144121864364,49.998456350714186
-39.37806476024233,49.516951497502305
-40.3129853986203,50.474012845629986
-41.24790603699826,50.71989404619668
-42.182826675376226,48.99506375438084
-43.117747313754194,50.446550988783514
-44.052667952132154,48.87830535871314
-44.98758859051012,50.33674551706117
-45.92250922888809,50.522922146479125
-46.85742986726605,50.93397527876737
-45.9055738296213,51.76280581980224
-44.785842775404404,50.93502562857923
-42.47940575677238,49.87842491325799
-42.28511043185952,51.097887844229696
-42.09081510694666,52.14429169048491
-41.8965197820338,53.32537771280258
-41.702224457120934,53.32823283954208
-41.507929132208076,52.7591536223211
-41.31363380729521,53.07615629249117
-41.119338482382354,53.02365645784187
-40.92504315746949,54.00347852173722
-40.73074783255663,54.92241643931341
-40.536452507643766,55.55409689282219
-40.34215718273091,54.664145723855135
-40.09171645262369,55.42481811480476
-37.897049157900916,56.03125339413439
-39.21151562247514,58.276046874838364
-37.84617411995532,58.39999804594248
-36.84536286178886,59.00215459024726
-38.39878158236225,60.00276090888484
-40.78453752738792,60.5098216124085
-42.53601289383294,60.02984435814801
-40.42359006721517,59.8716799924986
-39.25915400606401,59.65880330643629
-37.08619921435529,59.23011614202818
-35.87599261579853,58.68358024478572
-35.601717052527555,59.088028959816384
-35.145483662968594,59.65182720249227
-35.22635712203453,60.2398453585424
-33.6483862773749,59.197165717268014
-33.97971913635762,60.56252248683348
-33.52071893850003,60.42120369273161
-32.880598304677214,60.00281058619363
-31.806276859026138,60.24050540203858
-32.08676836137877,59.63339892972141
-33.42175067742192,59.239457296994104
-32.60777382790409,60.266880235200034
-33.726903819233335,61.39048165679117
-33.88025115171696,61.98519497091956
-35.12362268387912,61.51778183670018
-34.6544262194236,61.23173750168938
-34.1494168939961,61.174113099720664
-33.48970497018444,61.085993329543484
-32.829993046372785,61.33753493482231
-32.17028112256113,62.22067492658011
-31.51056919874947,62.669629365987376
-30.850857274937812,62.8711165717584
-30.191145351126153,63.41481371182733
-29.531433427314496,62.598236576226434
-28.87172150350284,62.76680328516209
-28.212009579691184,63.136002066285634
-27.552297655879524,63.55712079457655
-26.892585732067868,63.307912876847105
-24.60756758434862,64.73709829697158
-26.049870197778656,65.07743705023587
-27.270873300954534,65.03823875269474
-27.110604913886213,65.37754943702086
-27.206824104338065,66.00288013323903
-28.537134551190583,66.04543621254905
-28.675118626428592,66.41202153882068
-31.57087329856885,66.56616704998055
-31.899501555114803,66.2583979278
-31.45441140619578,66.24517238259608
-32.661334959898106,66.12186420627354
-31.819040694036094,66.31343851292081
-31.341335326179443,65.5063000084859
-28.888576442079632,65.98368405913224
-29.082214719357765,66.50893178952775
-30.575391661391038,66.3869828409338
-34.98018673999261,66.38476990842999
-32.97779082421449,66.42402063963527
-33.69139100308753,66.33429410924089
-32.6975166810054,66.14283212704383
-34.31513131673321,66.15539661521191
-33.36041437313965,66.37470494172494
-35.35627147829054,66.15719579877869
-37.86927147369047,66.350041156408
-41.00820906639451,67.05965509952279
-40.97137809613015,69.37291083559822
-41.58096378601333,67.56978450187363
-40.646392826465885,67.7684679803725
-40.74395831595121,66.52529602613967
-42.58268107303354,66.75294792223973
-42.27152277263986,67.79011757667656
-44.95321734317085,67.79095390299453
-45.9668758000511,68.67584140096282
-47.785802274169825,69.82544287743853
-47.07606705061661,68.84819269276299
-50.19055259736224,66.8831038927623
-49.24696685461723,66.71487605198429
-50.72102193168662,67.76807410004757
-51.39471391514513,66.72505312113522
-50.713343832889684,66.56013014102706
-49.00663003278548,66.49178873524116
-53.833086519382796,69.78581386608751
-54.70316768727642,71.38903894693996
-55.67456114604336,70.89976305833913
-55.71845884445874,71.26630640847982
-56.52451508380183,70.8596512564371
-58.374825829412195,70.6000849770184
-60.3050304876394,71.73798306288148
-60.511810435470316,71.99288889088791
-58.263469594122355,72.01441804592284
-56.526667061341534,73.03975592440348
-56.971658737594936,73.13579758760439
-56.50947474781033,73.04745661156814
-56.04787307073178,73.1615670292631
-56.99905762269093,72.62008670621589
-55.91719439239427,73.37819872617582
-56.02546246688872,73.56663212723481
-58.64299731514447,73.26291420693641
-55.72449472718735,73.03124593817975
-55.18648365500114,72.41442919195333
-57.1324401340722,72.37644274041195
-58.23125857478667,72.86769211576484
-59.58174032261836,72.8287167597561
-59.80945616644461,73.37888590699681
-60.775533798630164,73.68676701713714
-62.8488404652187,73.60869287533266
-64.3781243310303,73.84159148317674
-63.45717104511064,73.25723183772104
-62.61665227229127,72.89529639997514
-63.89106131171532,73.1781075849856
-61.87133291433547,73.57459295471459
-61.65338339318866,74.12718092920122
-60.58528302168532,73.52418071257777
-61.32077674265277,73.16609824173338
-60.46308525004731,73.88210869665278
-58.83967817410535,73.76927926374734
-60.2872138449391,74.000259518483
-61.582886957193395,73.75238791148124
-61.788165230010925,73.84021304642704
-61.54291413402624,74.18022845927673
-63.087875041927134,74.14761364253411
-64.07404426896564,74.50394654075991
-63.34212612623121,74.18196919095764
-66.5044913871487,73.42136119105089
-64.43255725130828,73.57500145374746
-66.4919821382576,74.57657277649854
-68.23746319656524,74.73755497846368
-71.00688604591605,77.04173929534767
-70.24127522053584,76.47965009144679
-71.44875562773093,75.4779589234917
-71.550685462919,75.4987215252881
-71.9853903922567,75.16369462094954
-70.44891332323007,74.34526780646615
-69.72969228850958,73.68461987421766
-70.26829214113214,73.6376945400929
-70.5686076610525,73.5064127504381
-71.3209598044794,75.18010536835463
-70.08963260482818,74.00798453374037
-71.14406993168117,74.28300559203383
-72.67191939891413,74.31226412387862
-72.85941066588876,74.95698404682136
-72.70250134830722,76.04430971220725
-71.63616487055295,76.2964904125257
-68.30418944571419,77.16744595138312
-67.0227890037285,77.51132969403666
-65.27280089661552,77.31478667419327
-66.2406038593328,77.80777365986586
-66.3726765656157,77.2678103225541
-63.60731743834507,77.24091772730726
-63.22466109766515,76.80105891022748
-63.352389104537174,76.41783855700922
-62.14349888739589,76.04829563696772
-62.31777485426477,76.83363380706953
-61.19729227274835,77.88216049631882
-60.49846003243028,76.61714767619254
-62.05629660789299,76.88235240908301
-62.37862141668537,77.2738628003807
-62.30955045529236,77.04959549507424
-64.19108165231931,77.39578589666029
-65.05420597604383,76.60079468483733
-64.52845305044423,77.47906851513957
-65.79291988562241,76.64010812263174
-66.5628976500805,74.95125540675194
-65.58780297001852,73.83030001292799
-67.94520484143335,73.40438760458028
-69.04031881484738,72.83381255347757
-67.7893129821286,72.98130137978079
-64.05665309699069,73.4021639601007
-64.71513907729451,73.98201227558768
-64.56209210870007,74.23743508780657
-65.54827929078826,74.41264438569212
-66.6933679470197,75.07246160471755
-67.99075509720943,75.46702384079796
-69.66719021091967,74.89787004786437
-70.75731159186068,75.0036464673905
-73.21150727112152,74.6929152292542
-73.5064403815195,75.11645226254566
-74.73928847870383,75.25497783634425
-76.15283656660537,75.46759176395956
-73.55880603247063,75.79308321300915
-77.13866508551716,75.04425127158119
-77.49362137985823,74.06918679315363
-76.03323277260934,73.5170468836268
-76.70054859283123,73.98479501967415
-76.97229515343369,74.04713149302296
-75.97901509994156,72.70529964283661
-77.0263512769631,72.79689461879279
-79.09634771202433,72.57420182571356
-76.99624952131872,72.0252094471661
-77.72478393809995,72.12794778239116
-78.45331835488116,73.24621835569593
-79.18185277166239,73.13562466732158
-79.91038718844362,72.39697667160432
-80.63892160522485,72.13563899547583
-81.36745602200607,72.99505086700908
-82.0959904387873,74.07354765413494
-82.82452485556853,73.525406339572
-83.55305927234976,73.44872047352587
-84.28159368913097,74.08464525407177
-85.0101281059122,73.14897810567072
-86.39356257710767,74.3083382766769
-85.86251712150593,74.33051845079576
-82.876034164119,75.10563333875807
-81.35614248164681,74.487960410644
-81.58641596826499,73.87387356445518
-81.33845390374303,74.0721964852778
-82.38384254528111,74.41964230669471
-80.39579824865368,74.10059531979766
-79.52438901299833,73.99765700502402
-76.41441784535596,74.42921010641908
-77.84042108485465,73.67378115445031
-79.39051345847722,74.69655158215133
-80.37286509755148,76.92130677723608
-79.0920304330993,77.62036066859757
-77.37900420327108,75.28061937021315
-77.02585264566133,73.84694775437578
-75.0358888997163,74.06415549293204
-75.55357752982187,73.92349352857292
-75.5974226890885,74.15094218001558
-75.94400799004295,74.09046932640416
-76.36392620193669,74.42474402952871
-77.90638134005849,74.37305265145862
-77.44075290327551,76.88492975841878
-79.35561170353616,76.3354360584739
-77.29102788123751,75.11053766827402
-79.63534578942432,74.74875979925064
-80.90827229554594,74.04979428689857
-80.0360282575939,74.34276956101074
-82.12931480193438,74.90495066101772
-81.35409396739405,75.00269677461311
-79.33487621824356,75.08230981525469
-79.31087873371207,75.06421504434249
-79.31273644139303,75.56809733524855
-79.24684560099517,77.1754156201683
-79.42063329454314,75.29348102968268
-78.87038560439045,76.09926002106802
-79.83337060801665,76.74011721165118
-81.4996927007678,77.53686331363193
-83.18248016279968,76.06153084330302
-83.17621088132634,75.92176456185075
-83.169941599853,75.90083694344767
-83.16367231837968,75.83965528206821
-83.15740303690635,77.44099248978466
-83.15113375543301,75.789381534155
-83.14486447395967,74.45802220453871
-83.13859519248633,73.60448815383673
-83.132325911013,73.63927974331642
-83.12605662953968,73.02337129249315
-83.11978734806634,73.68024088638292
-83.113518066593,73.9531357464198
-81.3784110010188,74.57782390218736
-82.6313267789181,75.20692805865855
-81.65637900720611,74.80343042536872
-80.16912798859674,74.156747074523
-80.74171440925636,73.73451592819421
-80.46758645936768,73.70091297901806
-78.8778292173243,73.52602432983343
-79.92498753102089,73.1718165103852
-79.49160334379731,72.91000129873615
-77.86861364789678,73.11625151376602
-77.64789572523782,72.96833359087377
-78.15613004407321,73.37626400967042
-76.7663835808926,72.98265153455543
-77.0191259950809,74.3732065584247
-77.45189110172103,73.92317155544438
-76.24317781701366,75.32737900690242
-78.49847389145489,74.07805077342364
-79.91753150437374,74.40032506700916
-80.53920869331519,75.52083841647088
-80.46383946325011,75.51604693262861
-81.08770885836846,76.69428880271644
-80.04434061543465,77.51523015725303
-79.29282044064942,75.38267521629594
-79.90645077744671,76.40025784062715
-82.23763541715208,77.75958997130736
-80.85116053428054,76.97641455497465
-79.60032912785533,78.06899739958229
-80.10704837186023,77.98897634888533
-78.21751194264814,78.74751890721352
-78.3548639853141,78.79901727994368
-76.92908817899827,78.4038838170512
-75.23287165780836,77.84190967627944
-74.10687592215018,78.78995071157472
-75.12163323818626,78.55525145931189
-76.52505072785938,78.09304821476044
-75.54956296849387,78.4024076457145
-74.51583823049637,77.99994645684579
-75.3555385383269,78.79623130626267
-73.083238346147,78.65857666796495
-73.34417980557514,78.17102662755218
-73.60512126500329,78.0505172004312
-73.86606272443143,77.65646050304706
-74.12700418385957,78.29448601643686
-74.38794564328772,78.64012473857179
-74.64888710271586,78.04148069957944
-74.90982856214401,78.246858053662
-75.17077002157215,78.14204273806666
-75.43171148100029,78.04630845994134
-75.69265294042845,77.56697542939271
-75.95359439985658,75.86462236201375
-74.39794628242919,75.80619131869119
-76.54533804643073,77.83228361718095
-75.33839863813662,77.09432954538717
-75.48205484011362,77.70472959850363
-76.02275905568227,77.51449622255683
-74.9224898095301,76.98525249048153
-76.18777994893479,77.55392120105132
-76.20560773534504,77.60812217918861
-73.56226529333624,77.53606539474004
-72.03998953448733,76.77502449143587
-72.26924765278915,77.05102894292166
-72.93831738390426,76.81397497653106
-74.18994688842714,76.35974603609613
-72.59813340558219,76.78493950653686
-71.09179732693622,76.08951582641114
-70.75906825839672,75.85152134644197
-70.26035406693633,75.50115681103367
-70.97146491623279,74.89972175917998
-69.81064150524256,74.46385630901825
-69.8299102864749,73.27116412747677
-67.98999803130529,73.14102824871405
-67.11617599427869,72.14393798161724
-66.59377259749122,73.12064338910982
-66.27361381348733,72.1712395490636
-68.14194141342358,72.36474410883832
-65.69835300151577,72.30541346031485
-65.23350628869298,72.0566712744432
-65.79964246578868,72.57259998249936
-63.22376974268502,71.71807988369936
-63.37537493586534,72.12139126805934
-62.68058412438311,71.62922874194578
-65.16546384342604,72.85789109518653
-64.00722744557092,72.4269312753082
-62.043814084626746,72.55093617987492
-61.96461894851856,72.84641723856518
-60.197455469606766,72.84832186176254
-59.297202285406655,73.0021967510379
-58.99789468672009,73.44236460239908
-59.62807720417547,73.53185474280883
-60.321377565979,74.32847058446845
-59.97544786088716,73.96654982036459
-57.27494668066419,73.00129255605873
-56.924129387837375,73.80085594216908
-59.28466652352543,74.03566231810542
-57.16839452397302,73.08433204654659
-58.144263051396265,72.9326449256607
-57.90321435760611,73.17140217309645
-55.85908677529179,72.46712831286726
-57.29977441855016,73.25823149898291
-56.08994753452837,73.01629304633938
-55.85865697776147,71.73960065893199
-55.68281643730487,71.94674101498165
-58.27802032657263,71.99158494891749
-59.45761577573156,71.41762433825838
-59.983893004122024,72.26241573270556
-58.97149897038828,71.76720326516046
-60.75270573519141,69.64544702427398
-62.43038290495224,68.05729194291364
-63.88968916767514,68.94981168584933
-64.38045249096794,70.27608753743867
-64.26003270089224,67.92313930863406
-65.31632242856658,67.88321299994081
-67.08680089055764,67.13564681600106
-68.13111013192407,67.14444712300642
-69.42457988344502,68.01211636417611
-67.81598524230444,67.13238590184321
-68.67813824897966,66.34337776744998
-68.4271543945239,65.54663850539913
-68.55850302158038,65.81735410767325
-67.82510671761257,64.99544042975634
-68.2932579460931,66.52820460254054
-68.49698420240532,65.89444466339236
-68.87038139733724,65.3189030856778
-67.0709275930228,65.04949154764505
-66.55222764951748,64.97599874793819
-67.33118114897384,65.38315215107863
-68.52078528475464,64.9833901018137
-68.30897697410313,65.42649658853931
-67.0386040137309,64.42222864016283
-64.83023077302178,65.78530489610549
-65.56308736300267,66.12159575183443
-67.46031221402556,65.39615289057414
-68.03461442873744,63.77243375045072
-67.51030531740993,63.26204630394034
-67.41229916786702,62.88482268192922
-68.67455172323747,63.31180872292838
-68.10869898219353,64.20780557693847
-66.94205095607293,64.50731706608991
-66.58270684650063,63.480567214801425
-66.93429837378584,63.65495238810444
-65.99329294727164,62.70065703518135
-65.6600468955991,61.628129999228044
-64.98142530049167,62.25779214728829
-62.73634135972209,63.06896110288132
-59.86895701735137,62.93238789064429
-57.63945694922363,62.31588957352157
-56.76859586777822,61.77743313994104
-56.837222834938395,61.79416572515505
-56.4361332541542,62.831667418682194
-58.062223181510994,61.78516655837364
-59.08954417424428,60.836595579411465
-57.34089246916064,60.81491010971336
-56.527117317223976,61.35373919148378
-56.49204994324044,60.17683115437601
-59.94041270861182,60.24798960296639
-59.064711720206596,60.00455049611039
-58.518931399291894,60.24403416156908
-57.11878663502084,59.97301596999217
-55.88228922402467,60.93826393929027
-55.54369763834239,61.459123235150095
-53.93002524691231,62.72055080758758
-55.47062035483226,61.907969795273104
-57.79468245418592,61.45268243600872
-58.557705260813435,63.083217697198556
-57.96354131129385,62.66146583456887
-57.485362415281614,61.484139412437855
-57.397767498634025,61.44654401528639
-60.50785723512768,62.317755516704
-59.94305855179702,61.17600449070945
-59.59687115455407,61.81175336662592
-58.33772196702628,62.625632658765234
-60.6724241123262,63.149416295280716
-59.803177256025144,63.1941722995489
-58.116522820380794,63.60428788453493
-57.14158408160202,62.848242985482095
-61.50020683694797,62.15493148947531
-63.59167139674975,62.25275588736349
-62.4908427824408,60.37403146599377
-63.6098451101808,59.901165046851055
-62.10391581712216,60.74534813141558
-61.45118349433774,61.11687811430808
-63.73989880028782,59.26559781490794
-61.788214913388764,59.29174987397206
-60.74444007125185,58.5706762377777
-61.681268342209094,58.339923715410826
-63.51200256695073,57.27123176021254
-64.98052875136555,57.247280322874445
-64.39729439578501,55.98847153558427
-65.14033190761424,56.067492279453276
-64.22668752506131,56.49456290071794
-62.299734125324356,55.99537347849643
-61.103094287370865,54.78868296555352
-59.059435960185816,53.53549007963223
-59.15189843699349,53.50360217705436
-60.1019585535144,54.368856741322595
-58.25324204303391,54.518249708298946
-57.3945283935031,53.72617386975244
-54.9514103510844,55.105672321345494
-55.9118346368024,54.02961230727902
-57.523007898276944,53.14000245682238
-58.95700764547105,52.31443023328813
-57.10777070158421,51.518496587037184
-55.918251341633486,52.74467264340781
-57.03404331862784,53.1608071107771
-57.085446045452095,54.88682946880653
-57.023453131662166,56.427765928611294
-57.95985489614208,56.430079422909856
-59.65161773985773,57.04939179220932
-58.3047914539818,55.598335251272474
-56.288377394443195,55.559451622265776
-56.262333446775784,57.30985635311518
-57.72046261468905,55.51010693156441
-56.68088841201268,54.14360272661846
-58.426861981333055,53.47563586869023
-58.1944986626899,53.44637226980427
-56.352131590198084,53.10822193918881
-56.45384459070746,53.863759229437925
-54.161309186255,54.81404406304481
-50.59220005683859,54.16694156753191
-50.79212703942065,57.24259516736481
-50.486347547208624,57.1188463407924
-48.1912559355285,55.50530805338785
-47.98581216631294,55.55429863185831
-48.240214984647906,54.606578752366325
-47.12666129659442,56.09261124591092
-45.72756483213553,56.496121251189955
-47.0569760734173,56.47004568901138
-45.058769844026074,54.640843962084155
-46.80189357460609,54.366671696502976
-48.477527169828264,54.675626224268996
-49.629387996451,55.700019838982726
-46.50239884152789,56.34426755709642
-46.33842615508092,55.9305955607264
-47.27676472504564,55.08196128986645
-47.88635985452724,54.14223354207339
-46.89982864907745,55.99775623007674
-47.07446396441466,55.91805461076372
-49.13063567209431,55.47976750209178
-51.74343569200158,55.43169691706778
-52.77118753685867,54.61432318099559
-53.71325702795706,55.437150602820005
-56.65243042575355,57.227814076556456
-57.04071649397851,56.86932943690288
-56.11700272899603,55.20263394987265
-58.39907975584932,54.896004952153774
-58.45971863996332,55.230322305453015
-55.87416935352977,55.50097407044972
-55.72277302887101,57.01268694916044
-55.30406118318911,57.54782936974741
-56.19561735829222,57.78023825789131
-53.83449194029621,56.19244601573198
-51.11425891709483,55.86040628944695
-49.735104858897,55.23863251013114
-47.19390862733275,55.048792877822386
-45.68728267161411,55.60339362377388
-45.700759506078526,55.93342794738525
-43.4108966565797,56.207040128687254
-41.99848714853987,56.18618082440321
-38.46072100741624,56.44754086805782
-38.834949953284145,57.723644632988645
-36.39744338609442,58.210200586477576
-35.7097751592604,57.253790178846195
-37.01416727050177,55.68635784483697
-39.9151291102951,55.60080712383228
-40.648464078982165,54.94685904951178
-39.674093165828914,56.02758272160607
-41.346425796775485,54.62070584691624
-42.97346536261227,54.5633300204476
-40.01358271985684,56.10697074842937
-38.68193625923095,56.4253361907503
-38.18495224017843,57.60538941572553
-39.18680073220382,57.98357601470362
-41.23495296956132,57.51528796939442
-43.15911749558492,58.41100091832539
-42.05033835695663,57.786375483386486
-42.09264397353022,57.28760278294424
-43.03452732088184,56.86764009413835
-43.46512829406141,54.48666841319701
-41.62103142462464,53.04143278095406
-43.28782708396285,52.128968359396296
-41.167309840875845,52.29208193575906
-44.175660773750785,52.12824245876969
-42.32370680093325,52.32389029904812
-40.94953735863718,51.649644459870714
-41.366561230824715,51.60423279216234
-40.90576043920712,49.64503787331094
-40.41020412592978,51.94571749707486
-39.93930080090881,53.043351664919435
-42.19712464874403,52.43983357129055
-42.99329650458448,51.66330107038946
-40.60116207579913,51.11662835328507
-41.59115165233204,51.19547349235792
-42.98936256694196,50.48542937807653
-43.514074851382055,51.94609252149466
-44.48445790729585,52.15651150284292
-43.50406439583701,52.19673778869171
-45.08189827652577,51.65904000616663
-46.32923333165137,50.717982924114395
-44.56559634701852,49.62097185693502
-46.04875609708594,48.874572373518255
-46.55380933853116,49.284024825084195
-46.115847040450845,51.47201453083002
-46.22245200207379,49.7606512715286
-43.63756368549587,49.628738574429555
-43.59292560838422,51.165745304316324
-45.013475326309376,50.963531170198884
-45.4715657860889,51.59707528264523
-47.735213344552285,51.82019413312866
-50.946385447476395,50.99203999399784
-49.078875423668784,52.92547856858217
-50.455895184515555,53.00830300599067
-52.38478469875056,53.3326687631124
-50.98061292386971,54.24884389684426
-50.29502023481918,54.54452418808993
-53.06673397195458,56.267154280068695
-53.472829860093384,55.43053428469473
-50.67062357350421,55.39628604931036
-51.177668707140135,58.2626206078883
-51.787995657117904,58.175878717455156
-53.508898383096046,57.49865234711664
-52.30152966939508,56.34943122261978
-51.46866341241603,56.488265461681834
-50.51529486464057,54.57968600527565
-51.16348352243906,53.40089317371306
-50.96344242245042,57.1497212384418
-51.06833035102029,56.030522556388426
-50.13842520386013,56.503055166003
-51.986544831643975,57.64763246820828
-48.514389338790984,58.267858289523794
-49.56284244444303,58.72192090452679
-50.50262450446923,58.40105466251628
-52.08385404357459,59.35950307180154
-49.280486311198054,58.50426231689918
-49.04494564227607,59.30136317968317
-49.84819706356491,59.94142170253108
-49.35632882570898,59.99332565189905
-48.86446058785305,59.45355013692262
-48.37259234999712,59.75495330410657
-47.88072411214119,62.09830018667564
-47.38885587428526,61.692128303594984
-46.89698763642933,60.0095872471224
-46.405119398573405,60.13114394363958
-45.91325116071747,60.19579999538803
-45.42138292286154,62.28779835865025
-44.929514685005614,61.83452889637183
-44.43764644714968,63.34371663588427
-45.83342230068871,63.68935468373706
-44.86136556581317,64.73535541019886
-43.849117415361576,65.4747185927709
-42.08353742553003,63.76669731711651
-42.16788170214203,63.4175903348277
-41.84755639556369,62.79682141667193
-41.70914631748139,62.32255938010967
-40.44184057812863,60.57911921076864
-39.94933184155044,61.0646951907584
-36.30488306927628,59.23389484790438
-37.670038593863715,59.52237310944622
-38.190382033622086,58.86574410911039
-38.46973080764762,59.55127415285903
-37.638051871829575,59.177364352044
-34.83628714433193,58.183038568936425
-32.55029564098885,58.32233725079106
-31.16649173234386,57.09113781565496
-34.506542586307965,56.5314926161426
-35.865283513899065,59.0437579255768
-35.212758346451984,57.38104631901301
-34.95576038315925,58.50529610355109
-36.647084365054134,58.66699711477153
-35.5729085286629,59.467490073857526
-35.354065799142575,60.256013327826935
-35.94544632465316,60.492243824277104
-34.93625238328331,60.46155074366043
-35.16542737136545,60.667348498331975
-34.90391096636392,60.01573358802005
-34.887557436353134,58.64309075676036
-32.190046125144946,58.84824954371352
-33.88532206690951,59.88574112319247
-31.268561044899048,58.43477825070091
-32.20761274291311,59.09328937988559
-31.679069272092057,58.915577795941246
-32.05599556015602,58.45926070213271
-31.819367447220475,57.967380380190455
-31.80549014061124,58.72668702512395
-30.149183986756462,59.54549072650495
-29.228713520353942,59.633797227700924
-27.630777646765395,61.09483993812119
-27.25947364580648,59.94598198769184
-26.622909073573034,59.04083934984869
-24.80261280402229,58.24453665745664
-25.25873160564673,59.228140539518975
-26.348432465285182,57.96979246264117
-26.73707357797224,58.40226733408523
-23.81064198257545,60.19536636324844
-22.554182680695327,60.16719162929896
-21.45420868255217,60.66825333188448
-20.900556953167886,61.47321384962954
-19.971296149682697,60.88751833622585
-18.67294535568934,59.94695841732949
-20.576575046416224,60.90703833577906
-21.79620797724641,61.652955768880645
-20.590438209751223,61.311828523398326
-21.101950745916895,61.726782733187704
-19.904747952042033,61.98939540042751
-21.11077124395168,62.206753263816424
-21.49496966159508,61.63946355091238
-19.704518136300837,61.767049923393365
-17.967153814083403,61.972921510790414
-17.426928693306373,61.35612200711309
-17.393178685593032,61.44768873458115
-15.922050221719129,60.410978405174966
-15.183831049722023,61.479058165811736
-12.009895264082264,62.15608818284112
-10.636403093663322,61.84111714139673
-9.481147552933248,62.1006515628982
-11.090723900235897,63.31879907425924
-11.046784439192736,61.095437755137084
-11.533269146764136,60.01311166555583
-12.521701867879235,60.35387519458567
-13.545342046432937,59.544732837484844
-12.594367808342625,59.08542323143062
-13.283000449496765,58.59086536177732
-14.499868836655692,57.73615404842318
-15.73865994989849,59.531505780662556
-16.3461786393544,59.61996184307233
-13.99430332160229,59.694664432897426
-12.09118850109484,60.09187920106229
-12.849349412039397,59.6239815361347
-13.176959083488597,58.978898631483034
-12.443272284487712,57.496060487795155
-12.623204353212332,58.02227178280606
-13.48972512201117,57.77774167695163
-10.775022820149301,57.55864884351272
-10.785085809096229,57.08319883990723
-9.852189535489535,57.28491340914791
-9.886948333454907,57.73574282597119
-7.6440299787468495,58.89426440708493
-4.732820458972476,59.624139243478986
-5.370407320615865,60.999967033359184
-5.593926595115442,60.19648830936763
-5.9386185722811184,60.2141896458716
-4.784994424158272,60.1428558866997
-5.7043036331228905,61.11975744863216
-6.497470872630184,60.83237467700882
-5.751082267512539,61.37359899039884
-5.709753265284602,60.92421383516552
-5.295718035301132,61.4385059719022
-6.96088789121831,61.2748942122585
-5.068731335603772,61.75968792105196
-8.056167971546898,61.68018004341951
-9.439700031486009,61.63077480460145
-10.535878004449208,61.57708827823466
-10.229354546972536,61.93311082554416
-11.660060054398079,61.67265763617995
-10.563869956415445,61.417041834550716
-11.546005320022022,59.62699517240865
-12.163485472233218,61.171535374091995
-11.736591774868467,60.97936067933186
-12.383995378735557,60.91116645615621
-13.86594446948463,60.427817356825095
-14.534489906392322,60.171032354757585
-13.807001099255329,61.031099825421016
-11.062271334972428,62.61636413693531
-12.151110669311525,62.748923369367084
-12.982153155206412,62.190460934089224
-13.202439393899798,62.082138998522865
-11.806542791191342,60.53833319850976
-10.85987349388742,59.690550407555314
-11.42381031950975,60.01817449018368
-12.286615785265239,59.68900128353474
-11.509909895472612,60.2141351267441
-10.787643749989488,59.98386557089077
-12.504336286227634,58.599647876945454
-12.12038031131632,57.77841263323621
-12.285078400312216,58.2038726343502
-13.679256805479998,59.053542517778965
-9.808534030923104,58.489274060784226
-10.446115250760077,58.54379858618037
-10.047979938273684,59.51201672034396
-9.201587632910888,60.843429336684835
-8.347942928458458,60.34196022333288
-10.85486399482421,60.710283552137824
-10.243741144166652,61.20988082960443
-10.399740471251246,61.22099401039096
-10.709511404718203,61.15282892462472
-9.688912865753105,60.53781241953401
-10.894259038384275,61.32486372966269
-9.34001253156004,62.31545435417955
-7.105700324658344,60.75448527096301
-7.630703442358046,59.77971274131587
-6.889737937290598,58.48054364564881
-6.537096344789845,57.620695979787136
-7.831827237717407,58.30776074128019
-7.773523331445405,59.501499174313125
-6.177667914766513,59.05784307045143
-3.8848843638615547,58.19254345218907
-5.810160625556289,57.939622772782386
-7.339680536108464,56.857970759940564
-6.717356101388285,57.0073482605311
-5.528166457220214,56.78408490763168
-6.034384320649857,55.38274630718389
-7.2521987879682,55.48636321451617
-6.525458482842133,56.25108068784833
-4.363961105239216,54.64210570918406
-3.958449990196377,54.243963070418474
-3.552938875153538,54.611329042999955
-3.1474277601106984,53.29373616397196
-2.7419166450678594,51.78893637095585
-2.3364055300250204,51.927630156421074
-1.930894414982181,52.56073967316558
-1.5253832999393415,51.44061863075284
-1.1198721848965025,52.04602924044787
-0.7143610698536635,52.14853049026243
-0.30884995481082456,51.64111559104361
0.09666116023201576,51.42820270760981
0.33401380479662485,51.321908907778955
0.5713664493612339,49.57941063537084
0.8087190939258431,50.273519032063625
1.046071738490452,49.08986351391582
1.2834243830550611,49.243346544856415
1.5207770276196704,49.5411173058172
1.7581296721842794,48.507112107825755
1.9954823167488884,48.38191842557668
2.2328349613134977,47.737780175152686
2.4701876058781065,48.672464536881975
2.7075402504427157,48.364728832737136
2.1109830897228608,47.62634711192851
3.8930565632272724,47.78048420578583
3.6005280094254637,46.98270949967109
4.147769998771464,47.31476327784319
7.738411753129503,47.91941072035559
5.584161437389264,47.2810760061192
7.408592256702633,47.25178147812841
10.329179634271336,48.317359328839856
11.04389498147716,48.16379838779446
11.292466621759784,48.316307504242495
9.727779288398645,48.6393308797239
11.896343981941413,48.88189875445535
11.653754223934428,49.73358065244969
12.402374740470213,49.08825947408669
13.571485610972045,50.035915510208866
12.459650100790014,50.438468894125556
10.207849339812284,48.922689335575555
8.869211045619672,48.269467659193204
7.850864276955164,48.84372639878769
6.895045350177833,49.94826646499098
7.045775793014447,48.791443865311884
7.949116252889849,49.06829021867827
7.357826992910086,49.496580332009735
7.423213384109307,48.456814624536975
6.708008860442211,49.637850995855466
7.281232324060819,50.42135832651754
8.146539102002654,49.597167707167785
9.62575231261691,49.98110251614833
12.565798622659575,50.08403000106625
13.3180126442616,50.09825710230392
14.018213036523795,48.96564457923623
16.25844202288354,48.84924635996195
15.079737882247976,51.43800035083245
15.731741603383442,52.11454025571606
13.845511727901266,52.994691748029936
13.92474687932415,52.49201535160911
14.86010289479927,52.435369438111955
14.79424813381143,52.34961146561899
14.72839337282359,52.34304710733639
14.662538611835748,53.499709639890746
14.596683850847908,54.47440394827637
14.530829089860067,53.26637466095023
14.464974328872227,52.9910500347049
14.399119567884386,52.5360867383509
14.333264806896546,54.4024322264724
14.267410045908704,55.25238120627384
14.201555284920865,54.50739515198222
14.135700523933023,53.2361470653498
13.721340957529492,54.13918218574004
13.333678247623478,55.718615589368056
14.6791731266949,56.979032775748756
12.760726234436468,57.15667207750801
12.906694052990673,57.3437102041627
13.198607556701747,58.0358217980971
14.226840363613544,59.196349437502846
13.719920591518362,58.85111791886634
14.795168213841992,59.53870554509248
13.45074817921788,60.11082099001388
13.510092615899845,61.019733143985846
13.684457608345753,60.66681754386068
12.267654380509217,59.82724215513564
10.750520067655541,59.041558911223014
10.872872817127769,59.10260957419788
10.525250028740679,59.69118450355417
8.347094858535472,59.509159211154035
9.246745011243458,60.83741439622683
8.114683092079066,61.544333306813286
9.11448976287399,61.424363392791456
10.026924470090774,61.23008222665237
10.322681982406701,62.19662569719339
8.426111905648677,63.333431908831166
10.183665527954028,63.26582011976547
10.022168934706539,65.24910960479336
13.072789775832858,65.20846625429935
16.102303231070064,65.71805220870138
15.331866052414712,64.94587904150742
15.442021395878044,64.56884613130832
13.734677025408908,65.37790432885217
15.304373154716277,64.93238019478397
14.25024854982051,63.32650679214768
12.77271274613583,63.32648480294683
14.542627757946232,64.3730798272319
15.084783590675483,62.640495438843956
16.216319189914564,62.80719649378156
15.320750861560013,62.617391369111616
14.460017603352895,63.28201290497528
11.961281577888094,63.00358008433569
13.494151223923883,62.70191270392011
13.342116567154799,62.86866205763158
12.762301033834396,64.00440541003077
12.735975896554482,63.472584000465325
14.336654370653873,64.36269202503503
15.477605970905563,64.9511244484839
16.252433341549306,63.53914065678585
14.75254659155745,63.310903403111354
15.04898005273746,62.50868249083758
15.765167777142128,64.00091893990695
16.56738135708055,64.07358906975054
15.328750736361126,64.20088816405054
14.256389594162332,65.37206098331832
14.491470164356738,65.18388110175889
18.150333721334324,64.93072505229601
17.69435171680125,63.96249273781189
18.53248770426263,64.3509379902054
20.154536569496003,64.64710081029163
20.122371349309084,64.11773572440207
20.090206129122162,65.28656725521634
20.058040908935244,65.19906904967561
20.025875688748325,65.23657734086844
19.993710468561403,66.11571464007454
19.961545248374485,66.06275189200926
19.929380028187563,65.49685163018508
19.897214808000644,65.3632492053233
19.865049587813726,65.52574867159404
19.832884367626804,65.97229626765737
19.800719147439885,67.7035474613866
18.1286020509175,66.69784656226304
16.1924695839483,67.7994866344931
14.03965807193562,69.70088298541015
10.73192943952991,70.12337708964166
9.036939323614932,68.20372661650507
10.755824534310205,66.2333839012026
10.833650905835752,68.52856140011923
10.911477277361298,67.56210959980943
10.989303648886844,66.56016005845083
11.06713002041239,66.30286036091104
11.144956391937937,65.66919978683676
11.222782763463485,65.63213992548367
11.300609134989031,67.8013136884913
11.378435506514577,67.79238538732086
11.456261878040124,67.7002370123011
11.53408824956567,69.22118622043715
11.611914621091216,69.56574123555143
11.639977585433664,70.72394760485975
12.397832605202058,70.82168982394761
11.963042843163693,70.11635490705325
10.689455609041495,68.49915557553933
11.031772327647458,70.41214203357693
12.175980277115839,69.62004895550938
11.308798389099403,69.36394941883499
11.484999577346073,68.76692735428766
12.046514642583833,68.32513552308309
11.308714632971398,67.537013018851
8.798783057952622,68.45932344382703
9.391748843557695,69.16500065613526
10.819463542236836,69.52594474263478
11.924848342405971,70.651788995803
12.624570500710007,71.15328590994174
14.3178886825285,71.44586502434693
12.8743159493446,71.3881138773845
12.888650264239013,71.46767245347522
13.856414123380537,72.26063652143867
14.345389563085835,71.47871031855955
12.511060463307377,70.72069290593176
11.442824394941017,70.46331547949254
11.310458692216551,71.3467858798416
11.09981393955365,71.12334267446225
10.266541729349496,71.16660040350405
14.229060653682257,71.10359845260041
15.800660138917092,70.52679410265019
12.017875905328482,69.45680959211833
12.462322199183912,69.50512592848409
11.877296287563567,69.84332160303465
11.740660084641389,69.63581577627771
11.213824008894937,70.3489671448594
10.686987933148487,70.85327972515788
10.160151857402035,69.82338771650696
9.633315781655583,70.28416769922606
9.10647970590913,70.65503961152628
8.57964363016268,69.82784981100632
8.052807554416228,69.69615226773823
7.525971478669777,68.54263728987952
6.999135402923326,68.32697788456824
6.472299327176874,68.44424232882852
5.945463251430422,69.46686022687955
5.176591886178606,70.63361775770377
5.929018788899696,70.76954472027445
4.4693778588957995,70.84540640158076
6.491229033723549,70.93580128948877
6.793630614792984,70.7727700175825
5.419750863539873,71.72409198841395
3.8812101508315537,71.67254284709675
3.2306884395591533,72.0168807639265
1.7183999000248533,72.25364110866477
2.435612521472415,71.80621948500492
2.4988700945130464,71.76199793715764
1.469287803106624,71.28199734434095
2.120439013357218,71.97138644052117
2.8649002032808175,71.09387522232596
3.223367874318498,71.03226173243709
3.232266589749639,70.87861823635338
4.731211205752958,70.80358328040843
4.944092571385139,70.2540906185346
1.7414639652654378,70.1425651706401
2.029373013149792,70.40626670470913
1.083220847355176,71.67265567451756
-0.8243953073579378,72.30439327973313
0.5670124392913432,71.02953019562534
1.0617987219468297,70.59833903133475
1.4856893752553806,71.38900039099424
2.565849190995879,71.86541419881979
1.2809092445228323,72.61533909246718
-3.3409573040420764,72.52694651136285
-2.367873095845731,72.28787964017742
-2.8016558415682233,72.01313479103372
-3.62609265350381,71.49054986926653
-4.589103110513977,71.36724988426604
-3.7301899678375445,69.60850617320551
-3.9056160363986256,71.09799225586586
-5.404621269139358,70.7514503679012
-5.4835973024657285,71.30828226015814
-7.534603746947118,71.39053915693509
-9.226566481353506,71.88281399830973
-10.650663166109998,70.94253993863673
-11.013554034326672,71.49097061866354
-11.057319145895466,70.24666758505207
-12.276677730321822,69.43719731746633
-11.851655147423662,70.46048755402623
-9.913137500136699,70.56770213645223
-8.673809845992714,70.70737680669502
-8.048625310611289,70.89265776246246
-8.380532177338575,71.25245900228794
-7.419944340293677,71.23348081017404
-9.492823456223702,72.13436565737811
-7.881523814670715,72.19121128367222
-10.309009139063193,71.28929226668882
-11.51472227741395,71.80476187398891
-8.360243941069736,72.7389340266988
-8.956140643975333,71.94556523336959
-8.354922768049027,71.7374948995411
-6.59794291902098,71.91946383468249
-5.571883138842328,72.42234740901128
-4.890909084236178,73.3966482544227
-1.7814450967150832,73.24580627323978
-0.3818406637952898,74.03451383536054
0.35834343409359826,73.14300197422166
-0.3324047409612506,74.64233550143231
0.8483775691627612,75.64050265441364
0.4211972123416149,76.73441849055838
1.528955084104613,76.48579543291025
-1.1878393892081305,77.9100011282637
-2.778877009710855,78.04350646215318
-1.1883868198301921,78.50834554112403
-1.6980965599093316,78.07127014322167
-0.11250866268265991,77.28369328005147
1.608572147456628,77.08060812462892
0.8594368650380316,77.28598000356341
0.5547301957042297,77.28369958930317
3.1824397948957914,76.65818061818455
1.9613527715482217,75.85095855701695
0.31913534254773057,76.83203618848347
0.047374746223127484,75.63890633951951
-1.1580408257270083,76.75371584581481
-0.40520489400039406,77.04071917900143
0.8548760988424313,77.54543618717338
1.7124730382579503,78.01896810011327
0.40272870632848967,78.05377360099068
0.9027847006027737,78.2027130617782
-0.010409698723591432,78.15674771635608
0.848604737243183,78.81021577289376
0.8585556023968507,79.11489705240743
0.46763998402656687,79.09208628212467
0.2763783236258981,78.5378469522052
0.12249825324763408,79.59692306076936
0.917160758993258,80.70914120860544
2.2722349510084188,80.08014673444998
2.3392051328277708,80.6725517710115
1.7109383192729277,81.33695864812091
1.7813335099772658,82.06967449503469
2.306779445776649,81.31846484579278
4.405044847711105,81.30541748823725
2.6860012955801773,81.44323668141102
3.189800852224932,81.76058484225823
1.2231916493307857,82.06503673489205
0.9621732490839734,82.52347355683283
0.17085756590959766,83.35688076389876
1.0026776168287013,83.17941461217322
0.6460187486878384,84.2534623810963
0.04953080019451117,83.91983468785844
-1.3299908416170159,83.90652628612487
-3.6529827468874565,83.53866607938716
-4.057959775790684,82.80060696439057
-3.974260602588302,83.3865495652104
-5.065154757597325,85.11205599002211
-4.468145270253996,85.82687332671337
-4.849749374491717,86.22702712483996
-2.399104684376611,87.20934324799519
-1.2962593021062858,87.10204103260914
0.9309968879853172,86.87984789547505
0.9757746924785823,87.13079915563067
0.9699708403059395,88.31999374516046
2.222992974692998,86.61813850129708
0.6153585329574871,87.98348561129826
2.098799996653989,88.85981649130204
1.4235587215665646,88.79176643796333
-2.0588939547697906,87.41293122712896
-1.947273727978466,87.78781944513194
-0.8035785540570282,87.4594253271164
-0.3583382932469887,87.57333341636124
-0.8126763877543205,86.74007620007974
0.6776956183762443,87.40877232865357
1.7389991231969804,87.45815105844275
4.625569308783625,87.80472311500802
3.402792211047945,86.74777090568166
4.6428772086196535,85.33007551759542
4.202407068680386,85.14943948251033
4.193747863451124,85.21271311963525
4.714855971297665,83.4145316851983
2.24818379402831,84.35324391309065
1.316521967328112,83.42916465703894
-0.5890095179956978,83.8355597218869
-1.063043862096154,86.10003870965681
-1.796685275718064,84.39821987885712
-1.6429840007153202,85.7558229774495
-2.297522316723221,85.92007190526898
0.20463885817596195,86.0231670103786
-0.5749387517818925,85.16733079869465
-3.1624776632449665,85.3095176991846
-4.228262246413108,85.47847303269063
-4.430826541800915,84.59067777372769
-3.748560710479923,86.69916110117853
-3.9366525148675415,87.72548697102167
-4.041138794030282,87.17156381421796
-5.1807278429439645,87.81766946433684
-3.929635197235626,87.1077804815185
-4.630284583666091,86.06214776355341
-4.873532963109178,85.19342253645016
-0.980414432538391,84.79036043003853
0.2303757561066262,83.082561548976
0.5222818863962883,84.16287667732462
1.6232539190392323,84.53386633619985
3.2682699687052725,86.05729864158774
4.087857088610094,84.83545046324647
5.3884685571049955,85.03887091492003
4.2350258019803,86.63953565645353
4.748847463800155,87.45809814882813
2.3006515809355226,88.71477392047329
-0.34998755128900694,88.9794195056123
2.501782233561927,88.83881776536343
1.2370723176141116,89.02074492229711
0.7095563740078036,88.00567924342623
-0.4900104754948985,88.41781465890743
1.3565169304594424,89.43122920543502
0.39037162148222915,89.86671528820125
2.2296348346733885,90.55786814340335
-0.4252887927450546,89.04348920479907
-1.3817186240252015,87.404382381165
-0.6679740360975682,86.76701149655715
-2.079974869446734,87.17386922784232
-0.8313997397598392,87.4722179509429
-0.8266391354991497,88.45766219969903
-1.2189561384928946,87.61996180651155
-3.513244982846828,88.42078884019932
-2.5331528283879634,88.48107760494624
-3.368362602863638,89.53833229638172
-2.5909229413058243,88.92984345970042
-4.761721031505122,89.75438411722487
-3.6447470587549575,90.44058571340416
-5.822842690091305,90.2661447258467
-7.186671272524522,89.88404370784794
-8.873151475552637,91.0434358170406
-11.93638237183606,91.68628423556551
-10.462643268351634,91.06500360113759
-11.496786946679494,91.80543354494927
-12.11995728875776,90.69008651551451
-12.556290936901913,90.92234310971727
-12.721097660670653,90.9311541473678
-11.466038808757771,91.79271191012772
-9.685470792196664,90.81263184539235
-9.763255651573605,91.10898551086447
-7.7949424297425285,91.52699904550279
-4.848044554104421,91.05020332098253
-5.998024870544697,91.12516696461866
-3.8776052620263473,92.55565721071922
-6.049998744639332,93.72938476877937
-5.6980292315490475,94.50305911910449
-7.161888296364803,94.75315480641804
-7.169790816730858,95.44290048606567
-6.363213067665537,96.21933541258635
-7.491228277883501,96.51802049156716
-8.359404230590265,96.46933693087946
-10.385389914290695,94.77506127545111
-10.930105979609442,94.44658956598899
-11.042090784673391,93.77142611937293
-12.016571859096182,93.55780020290167
-12.880765677661678,93.88751368907627
-13.35651017873038,94.50886135670781
-14.272749511057475,95.02731231292812
-14.163260771469705,96.08108322486453
-12.91520582849714,96.61565322840423
-12.177650779587342,97.6839482662579
-11.684727715881582,98.26154487908045
-13.546696759960062,96.26362126867406
-15.148983975945226,96.53473601084886
-11.721571110337063,96.6900893730434
-12.417832235013345,95.39888182630159
-14.531559963830377,95.33425882797857
-13.245091865639303,96.27078728464261
-11.864929038764284,96.89986789966756
-9.434080087597481,96.86227773815551
-7.594135363820601,93.86458110268579
-6.984396266539363,94.05772824812725
-5.850341907842608,93.70469424520483
-7.863251854910079,94.14211625307796
-9.193122340838414,94.41971024909203
-7.601674545753044,95.38233680694972
-8.567001391682856,95.82931356091073
-9.838222123443998,94.4038570939152
-13.482333997123453,94.80419948039757
-12.340302699077842,95.08440190070613
-12.15379866223351,95.18144675083576
-9.960630278329544,94.4510830650673
-10.911173433068512,96.25983295599532
-12.112089895493794,95.47430443177593
-11.61373608663207,95.85799814258081
-12.672363504942009,96.07606692666745
-8.98713560742115,98.38416676604244
-10.800716428470023,98.60591110272644
-11.12069164009763,101.72752425122725
-12.132716420557756,103.6013526228077
-10.01903233216101,99.89324969278893
-9.351038041538384,98.48320557968445
-9.34015075953007,97.71802854563093
-10.498111660115457,95.20064450044082
-11.613208319993825,95.05798255896273
-11.243750778006001,94.76285376797331
-11.448824995189687,94.53678355080424
-11.318384205347186,94.42712756401528
-11.522197070177695,96.49136837040373
-14.952455925321603,96.58051763141276
-11.928185976779234,96.18070457524323
-12.775918479000163,94.40943039326996
-11.091501607629956,94.59020860566434
-12.052054178644537,93.97876913387122
-12.946761223733471,94.21840065696851
-13.51657314809263,95.12140352024134
-13.766455169399961,95.02552056082865
-14.116783233662792,96.03134118069902
-13.88631410574325,97.84782755193777
-14.564923765320453,103.26652727824842
-15.058702093761962,103.667445618247
-12.693050897071323,102.91595769702903
-12.849446069142454,106.89327499070525
-11.941290895598332,108.18450417745305
-9.763765739705413,109.44088198967141
-9.201182789652146,107.11196458564098
-9.048829394277474,107.41939272778113
-11.11988751466415,110.94730052559447
-11.616231003895034,111.90050796274444
-10.56289266381194,111.78260591587926
-10.510560108234014,111.65151495940914
-11.75759431144448,110.90132469456762
-12.402361270109973,109.78949914770784
-11.937492063365438,109.8563697177778
-11.501961176186622,109.9194754497788
-10.57966915765602,108.57495243629901
-10.763022753909635,105.39963442565657
-11.710925557084128,106.31176795995698
-11.703581301333378,102.63895256344301
-11.929725618823081,101.32177429414716
-11.955201737934647,98.3782569142649
-10.073459323301318,98.1731182132593
-9.368011906557786,98.39855593715039
-9.591099156755487,97.0452507553875
-8.331120336517172,96.51238019873342
-8.189533456772537,97.13764322953648
-7.36149356166553,97.05962201799434
-7.616613027635905,95.33815347842545
-9.410294662788996,95.21192261140757
-7.259897293719012,95.98830705732217
-5.5436844719858,95.79925893239643
-6.612130694409765,96.31938512045905
-3.920980958171883,94.72471472229876
-5.315063485479015,94.40553104842901
-4.843708392091515,94.00385081384375
-4.254380265632555,93.42258124900437
-4.799616181303036,94.34999524175055
-1.3981289379116006,94.70793864838197
-1.3719717635867088,94.7682294142174
-2.943724196689033,95.54466186983088
-2.3157025612158937,94.61193250896739
2.6041957884107245,93.8007340953585
2.417912113324807,94.85812293175728
1.6477488441176042,93.8609460816241
2.634905609825278,94.56345074663996
2.009376963154093,93.24759105689486
0.9531649406146558,92.92000014468375
1.5256245965821655,91.4159595119568
1.0603884340137355,91.90542078298832
0.7743954167425333,90.9317466101153
0.10095665512003427,91.93917322772391
0.667735860552188,91.05714210563636
0.7748243126412155,91.38745871531958
0.2413920589525257,92.14147132682436
-1.9499070055835457,92.96803662538053
-2.559790826580637,93.84061258744498
-3.1337357231103757,94.03139667237863
-3.335360445330235,93.40359066005448
-1.1905835375934126,93.21328398403938
-1.4201310638641362,94.73979672776596
-3.4004424211280995,94.72781328710568
-6.013088516116026,94.06582868792579
-5.44865714964075,95.5113758158728
-5.054126505955323,96.28689736682693
-5.526363678001118,96.57303303969076
-6.405475402279027,96.3789110565745
-5.6042092865011055,95.76299788634293
-5.927998783739563,96.47382220300833
-5.731877276996382,96.87441016011077
-4.11650306957624,98.42847074237145
-3.7188083406722403,99.47383829173485
-4.418867499083581,98.82574219711451
-2.942700277691234,101.13192273944964
-1.7153561437503577,105.86076184537033
-2.122798434177161,110.16033583038107
-3.9102921538537707,113.9613390061757
-4.269303742038117,112.97994803613885
-3.9202252626212335,112.65270280241127
-2.1445932210699703,112.46526270600674
0.04619429113017759,110.8426653979661
0.3229725682453229,111.86002255997396
-0.16318189474729078,109.17875104479572
0.9340258590391328,106.14691501486597
0.4459423533508474,106.37539549426414
-2.306734854346383,106.16255959852082
-5.0323672070330225,102.95444387573053
-4.498374847160604,102.95459911783985
-6.197096595487265,102.96966232597501
-7.660008587483046,104.43988052453469
-5.560140241810693,106.90181452016662
-5.444906473600241,106.35974418056135
-5.4398059917379715,106.62927759928102
-4.8524941136153785,107.63718550143922
-5.609687178706642,105.14198119586061
-3.7495159220583876,106.62214576978216
-3.761822614184504,107.70840632223461
-3.8791477628750846,108.99851882759314
-1.0254503300761049,105.98291617059505
-0.8720781273431257,105.52543303079308
-1.6913672505076718,102.93889964733832
-2.5106563736722176,103.67192991911716
-3.329945496836764,102.55628342987296
-4.14923462000131,101.42864103464015
-4.968523743165856,98.90455730212564
-5.787812866330402,99.10998229362654
-6.607101989494947,98.96016506792061
-7.426391112659494,98.79108545748979
-8.245680235824041,98.14807018878196
-9.064969358988588,98.78872295468516
-9.884258482153133,99.84314674593554
-7.286712276998689,101.42997132152293
-5.644729179099336,99.53537779760408
-7.490517623423927,98.89657608649945
-8.81421982978495,99.46292219020101
-8.738380877229263,100.11584284615152
-7.768209757209633,100.51054119281592
-8.181156965201712,103.74438512070849
-5.674725520774949,103.15260835936674
-6.748513073183094,106.31651261894697
-4.969705710166485,107.26263765638805
-2.430845757790231,107.02089259642437
-4.756435585687806,108.21376506595276
-3.762056187366785,108.96155136428199
-5.1444191403482264,110.69660823087804
-5.911833592645927,110.885476738356
-3.8184472669101015,110.56440062594254
-3.0892444721868966,109.81602769716486
-2.360041677463692,108.8074610812931
-1.6308388827404872,109.24120033387058
-0.9016360880172827,108.25440437647934
-0.1724332932940782,108.45010719691885
0.5567695014291272,110.84766377378112
1.2859722961523317,111.69285637436158
2.015175090875536,111.08786827592827
2.7443778855987406,110.57455265799744
3.473580680321945,111.39276616740207
4.20278347504515,111.424985098737
2.243473693184457,110.30919928879585
1.0131960689030064,112.44155752204357
1.0317390208095396,112.02990311513263
1.4010235941081537,113.08808480566688
2.6174478586990793,112.81967069664387
3.310397574306455,111.99830463438497
3.7764119646505416,108.83938369979812
4.629243143927075,107.06313865344725
6.550954387673638,103.00530284465778
7.957400025732644,101.49436931594572
9.071393503928519,101.05096537347363
8.936190315659625,102.11671692772416
9.805275685260515,101.52787480115272
10.567306028716661,99.69805176398043
12.299214303511278,101.88275430769575
11.551681232971813,103.04005117388199
13.29061989862757,102.513062737811
12.729097159559714,107.07895349773597
12.160890816875577,111.91114334209286
11.501657894729808,109.91242486948244
9.54395162823791,111.7349069500922
10.005056827287767,112.61544209535722
9.582318712475093,115.59864430982613
7.269428469901396,113.2498071596995
8.676590190882928,114.4809002266836
10.031067413777578,114.96925332708783
11.490809444316499,109.85829888206482
10.474594396920878,110.27924600963593
8.886319675112404,108.54040259450434
10.064346511798014,107.80371316425835
10.469056209871718,108.82234853368247
10.017305766620924,110.87369196346442
14.119069387284622,110.86430193362366
14.872558990760247,112.04450800903952
15.416871509346434,112.94303159569048
16.420540036798606,115.43393880962604
15.690149881778607,115.54984161617764
15.659417719947928,116.71202819535107
15.046003339358862,115.95762635987542
15.85253967474346,114.25021366052343
16.025972532286854,117.63018490214795
16.897643972338592,119.27590377931945
15.623543721323625,119.46166352499759
17.99895303202263,120.78804030322853
15.15826135276085,121.50456156880949
13.506114009881388,125.23637156735907
14.761440520312085,126.41625715250842
14.678384051799963,130.4014062751975
13.986327555465172,131.9247039716639
15.468573570427738,127.31207115392624
17.70396429859586,128.3260222680935
16.711699840876623,129.34341383599883
19.536640348034926,130.68179057354988
17.827090472810482,131.51519324172017
17.24391698522766,131.2216164939509
18.170679350915343,129.53334095702706
18.335156196154855,129.16916187524356
18.509594230186032,130.1066410106782
19.37783656816909,126.43115199833615
17.479227682840182,123.66278212995324
18.614177289098148,125.82245398725394
18.60641930068797,125.22742438215606
19.059058714948453,126.50298339930238
17.56664967986084,124.96205334956981
17.74670658326333,126.58412674384067
15.498169763496213,126.78216147968197
13.339624990918296,123.65500548454857
14.501217901093858,126.51933909222907
15.374654209964719,127.33930486128719
17.931838761275365,120.26835227840213
19.22472658149082,117.80404617306384
17.245755779355513,117.45469595656658
18.443361641681978,116.7104555840276
17.500302682653384,116.84846217111968
17.98187796554863,115.2596983081531
16.596618572814517,116.11355971650751
13.32931902944741,116.49262933073601
14.139051443853322,116.76728135166564
13.449454588994533,116.1851997913037
12.944755311582087,112.91907134722395
12.794617342421393,111.94635714819694
12.644479373260697,111.14685315172903
12.494341404100004,112.55254499710315
12.34420343493931,112.00334977215732
12.194065465778614,109.48270011504864
12.04392749661792,104.73169992718725
11.893789527457226,101.09648034803199
11.74365155829653,104.18407935406454
11.593513589135837,109.51896097222213
11.443375619975141,110.51810541608738
11.293237650814447,111.27848759790436
12.866974993465114,112.65690701689515
13.713257898776037,111.56565088603593
14.879089765149187,112.74861703091806
13.35575604964626,113.02309248411316
13.53499777318953,114.74667251258693
13.229255837409614,116.20574492375019
11.980150019976186,117.01563529999058
11.060414255153999,117.1362150577607
10.497944124363036,117.82695867026762
8.957144201441196,116.11151016740396
10.27921183873953,111.92765912585566
8.802709296623172,109.83677958139833
10.053106327643277,108.96394203181255
9.935687649901345,108.82229334540426
12.650564038591282,108.69335975949777
14.34240599286334,108.58711357863953
15.256213653791459,110.05234624498907
14.684065991729941,109.84319415150138
16.996384488339775,111.89817580974368
14.647639600048294,110.21792783913409
15.037996063095463,111.37394737210595
14.951049528987374,109.65135352148783
14.768018080387225,106.53016497986414
14.832237185922763,108.37336768670662
14.567316110683473,107.46561181245086
15.049462531718829,105.44070968229303
14.627573335567043,103.90588511365345
14.64594514975912,101.20872503554303
17.5619000478713,106.99833612970932
16.13569392855999,108.29334296024462
15.382389964206443,109.0262954987617
17.36902907585075,108.71916621964372
15.771210375455805,110.77754983400678
15.3093345807106,108.58112242371668
13.521784231653433,105.71716813179222
12.855349953774587,101.97262171349941
9.88437018735892,106.21045844189064
12.62954432701021,108.09154560728201
10.470452329694167,108.89566760562248
11.740111572381299,103.04275553284081
13.152154716584585,102.14994630901134
14.43090967681151,101.26762682727302
13.791886466144957,100.00588200229404
13.534108509660781,100.05923602159153
14.755745279108313,101.01582195068876
13.320115231723394,99.56570099676912
12.253052951786023,99.68626814543116
13.184615599752293,98.87381214478762
10.917473247437105,98.39853106491306
9.57300124876665,98.10830734330273
9.17163748666064,96.97284442238933
9.272104545884744,95.54472323762555
6.374308021276015,96.6139304453899
6.748047222351476,96.28314724922616
6.980991882297419,95.98416523066219
6.994914063399934,95.80515602739183
4.713311562419669,96.37770370224573
7.796492873762355,94.63460751306584
9.653755133607076,94.2760496007947
8.405673201998717,93.08159681317878
5.2521182006869305,91.65122738288574
7.199835297842085,91.36125763739575
7.947374599920576,93.0053452798326
5.292476975126967,92.50790979292832
7.513742997903146,92.96963331789894
8.527869002351474,94.37374668686189
8.41400328996098,93.45627331841959
9.004386891813576,92.45134239735599
8.299112434538022,92.67057738276516
7.462784293579307,92.67631709097509
7.522541369377071,92.00511156106106
7.768245822374674,90.91711837972886
4.977315388112242,90.66557416349214
5.608299370393684,90.65259216576665
3.7521300616331468,91.07529924576241
3.266267584767868,90.9625659392283
3.8603800952230123,90.24090910004401
3.1358681782604316,90.46236266441107
3.6492119598052084,90.84667657478587
4.225103327956553,90.93385081728273
4.579910648040601,90.95956289039955
3.6679887996581755,91.13908851400069
3.7224986088042114,91.0151513482
3.777008417950247,91.03860693412209
3.8315182270962835,90.59811995723483
3.8860280362423194,91.26471831996032
3.9405378453883553,91.4443264600431
3.995047654534391,90.97695692074203
4.0495574636804275,90.36029496513929
4.104067272826463,89.82480376106533
4.158577081972499,90.31683951656481
4.213086891118535,90.13403224139563
4.267596700264571,90.84091970439401
4.717865559591134,90.3379107969942
4.515594927016435,90.64713774429876
1.539433659385185,91.01330520553954
2.2382671668293734,90.33815860701796
2.051872011173212,89.78018539422543
2.553454195673381,89.20861348665495
2.4569741431375007,90.09422563907472
3.435277971240644,90.65939775844586
3.3535169287274846,89.49425518886714
4.1046699844273595,88.91567618533882
3.6913052349776505,89.33068795496308
-1.7268535635148359,90.9688912795533
2.0632124080743495,90.90989504780946
4.8207034323125395,92.13790669375388
3.9580392421916653,91.34215899722298
1.1624342655013518,92.42731270479914
3.2992058087880296,92.53587446551923
5.13398030221511,92.23419624020397
5.005182602415838,91.2435208497581
8.251169492614212,92.23360906811138
8.8675508010672,93.36973137237673
8.134663260036097,92.1799783801572
8.46736480189152,92.42544775156894
9.072256608367528,93.2374599643559
11.09935626249506,94.84584456310887
11.961838275833346,93.53660021038193
12.966178493993162,91.24105068076356
13.430094151625756,90.15617339640715
14.654674638922659,90.59667601302598
15.33532744003676,91.9993946402267
15.325035831352018,93.6504530952732
17.27186470497842,97.09101367351703
17.974953716419616,96.87954059410191
17.475807839634918,98.6812113468955
14.800880369421956,100.20787893578894
14.630221094397168,100.03890528146063
15.042431715945266,101.86714468547122
13.51552373021217,103.61863081394249
13.518805162953909,99.47703325401454
16.408015612191683,101.90495481720838
17.141354450253694,105.41773130959893
16.797398406125673,108.61596978811079
15.908195408597448,108.28437015437036
16.69183302907732,107.93090276884693
15.820586224385163,106.98541174855085
19.145359426751572,108.14221637370959
21.34997130431283,107.22930456234059
21.630304376731832,107.14589878637257
23.144716893581542,106.15383607282251
24.029022700736935,104.26740610336952
24.790257506520106,102.44402857617676
24.234781916885815,101.64467200840298
24.39407789777435,98.97665406187053
24.622506667856904,101.85560375842168
23.990614226767782,100.0139847173528
23.41936547327375,101.87337781212435
21.982264920808184,102.70217064167697
23.779067922191228,101.5105390422304
23.511103645077537,102.78079313726536
22.287600757981636,100.78607298770547
22.65104562313006,105.49799476102741
20.480879962075417,104.90448076093469
19.025662963316055,106.44964944311732
17.916189450075137,106.1780768907569
17.879807343412104,108.84860855222921
16.27923133161502,107.8985990575415
13.24585500132575,105.84523532293832
14.938764502508981,98.94502746019883
14.948683579313297,97.35888117872734
17.102778910277426,95.23027421614307
16.117183223631947,96.04867206881755
18.40875618499774,97.31206500833848
19.331581389872657,99.70604845630908
21.997053483292106,100.71094843603095
22.588123192254717,102.77422925605893
23.37794541084872,102.57363165626836
23.11125325946217,103.1603094687225
24.285401319488187,108.47002029931298
21.995970280268207,106.2212263853731
22.729847547168678,105.21238195646106
21.477346738104238,107.51671824398773
20.72471509468794,108.834075561863
20.163968735701445,109.09539412611556
22.483836691821228,108.21593826461462
23.56142250805272,107.75414977507428
24.217477027938216,107.89483750653378
23.5556843252697,109.8083437978555
24.69110069307962,109.65744282135337
21.426825837520546,110.18848732036201
21.481049964979135,108.52650861121973
22.27060720135973,110.45691954940965
22.581522715877078,109.82465019273035
23.204895236133666,107.45564209082312
22.973417795348656,105.40531966044769
23.040709469244366,101.93024239445536
20.95631152929487,102.4347043847684
20.68527118652725,101.48330318765359
22.62150275909988,102.2036630491339
22.636240106731027,97.6728838580031
24.602566490986934,100.07038776502415
24.57191107252232,100.9312309729106
24.541255654057704,102.52928300053779
24.510600235593092,104.02072290808638
24.479944817128477,107.28720732516821
24.44928939866386,108.94667373783071
24.418633980199246,108.86972597734626
24.38797856173463,107.51268082231809
24.357323143270015,105.20870329330442
24.326667724805404,103.83377034629821
24.29601230634079,101.97352943580323
24.265356887876173,100.81117135614946
25.25329570462207,100.50012915179575
25.762527818499525,94.5713032480946
24.813804352625098,95.5553514310898
27.388772901881854,94.4322957808039
29.229106325173497,95.32226698575225
31.85727168417447,95.82926804884382
33.96674791967434,95.09029099208698
34.97849164557808,95.38150644237619
35.22563435115364,96.21487969792561
35.339499836051054,98.4201549350575
38.401575851734044,102.43000234966469
42.257532121563166,104.43654924397694
43.70812155224051,102.04988613438938
43.953060017074044,97.32108387065561
42.82232532266867,99.44802175662866
43.18197111973197,96.89261917377479
45.60565725571825,98.15287612960134
46.32284090576373,100.50311038662858
46.8048784298331,99.47790605404549
43.65825493129167,98.1650448134357
43.9293888133293,98.6173950648675
45.03849092482949,102.1591156167857
45.5010928902001,103.81960612405932
46.09951284969249,104.01876047526991
46.27816175675625,104.28736158760668
47.35067216845562,108.78077394859073
49.013676309882754,108.12752876912361
48.496948200772295,107.64803038363813
47.62634711192851,108.24365561457952
45.669880519726675,106.50570221547369
46.25828557706472,105.1866178459411
45.38961962506555,107.6749822415725
45.918796841940015,106.88526698898112
45.304210696380466,104.6368176968898
47.756076818291,101.28904656075109
48.38191842557668,103.90367270354623
46.317030848070445,105.59783787477717
44.34980925398489,108.45320712116924
45.77277697993866,111.72565564726139
46.758158147575166,116.6871640137192
47.684238298885916,114.81415200838595
46.41843743195861,114.82324451717456
45.128946534939665,117.40799855953136
47.162811122378514,118.45638781132986
45.026648711616765,117.56678704743419
45.960693040285875,117.26195526128038
45.605190283997004,116.02385138601322
46.971337868652306,117.28940209957685
48.672464536881975,119.7173447750312
50.081108575190825,120.86784212368336
52.23716068906776,120.45785212929579
52.04587414950832,120.5104273304661
51.85458760994889,121.49068680374448
51.66330107038946,125.43077951201333
51.47201453083002,125.42130046164812
51.28072799127059,126.86169317235948
51.08944145171115,126.80044709624913
50.89815491215172,129.04027279068515
50.70686837259228,127.01018041461282
50.515581833032854,127.04046261815793
50.32429529347342,123.33711217741866
50.133008753913984,123.36496373764723
47.983619004361685,118.57273762216597
47.500813655605924,124.62224414754088
46.9144382119271,125.25791352120488
47.5097749338673,125.69429811088186
47.350121031365376,124.60679720904764
48.341784501437154,121.52737687393902
46.799970791180506,119.71946158224898
46.26265080385824,119.31467633086041
44.34322642875678,118.36216827954637
43.08910169361696,121.91461572219282
42.480160744639086,125.67703853870738
42.991666836812875,124.75196846455424
43.16717151660542,122.58442007987414
42.621607072446196,120.11596159603309
41.85589015012843,118.92142188385651
43.15563295610302,119.99496524583262
43.97214946059611,119.06560789824952
40.647600137549226,117.42078106474308
39.522804370829434,117.28163481431967
38.2093740585323,113.33767387061035
37.25145011243892,115.21214803285558
37.2390230660868,116.03598341517734
36.634413079746736,116.98699172831572
38.53405515149069,118.67378580569526
37.205238231928746,119.01063924655809
34.96472399394512,118.07345530089296
33.51070614416773,120.54110689393902
32.254049354704506,121.48218060590051
34.097738928627614,125.23798978461546
32.0968244023408,125.0331408462897
31.29288823086948,123.84718697184125
32.8700221140914,123.1571299954659
33.31606403707671,123.91465355129328
34.49670133894898,124.73150454184098
36.27056407291996,126.90844809385915
35.95885754485808,124.86185064667414
36.661667570090295,126.79173479043173
37.55351402098103,125.80106721321653
38.83928828913454,128.7614769590124
39.6835206422125,129.9941690050998
37.835400691335344,128.45654515587196
35.92991323567492,128.80251921203705
35.963111748858296,129.12294663401667
37.03261244506348,124.74005778379235
36.2350855439011,125.15434490691987
35.95951236371042,124.63975851621102
37.491285737697694,122.58395232142058
34.37251403905394,121.16159059410943
36.193864386430796,121.59820012607601
34.11986517121638,119.73662705796224
31.455030624226662,127.40316268611504
27.002609700631968,121.54731743037527
27.60857699683767,120.12730534993727
28.12004540060142,117.92408300415829
27.34935288520646,118.52530127869555
25.57414536192386,118.59719974234731
27.051614022254903,118.79616344419345
23.88864114813693,117.90746767371344
25.801797848476067,118.48620314724666
26.001712442715622,120.56559986584529
23.547996425753436,121.51510433460929
24.64757291108666,118.26912204032419
25.150098328265756,122.47887117624569
23.361525371079942,122.90543748746387
23.76496725330775,119.44257117966255
23.075837127650413,120.8737909345995
21.300982303587183,122.35065255402321
21.360515145302337,119.50793572048242
20.289024926643297,116.92912500001219
20.996073347064865,117.12555752294864
21.117828026555117,113.69353644059164
22.212966314393583,111.72842968680591
23.165843063304564,111.6967540536243
23.673518891347886,113.38015818448974
23.7360068014704,113.77491808215025
24.474192968000573,111.52811680999328
24.880838640109346,110.93873851857724
26.21254090047397,109.13530776369885
26.082691771157545,109.82723295602757
23.82608652605993,111.29287095921276
22.46104459492609,110.20396019516035
20.79144603288907,107.52898283870297
22.369862468288556,108.23107684230963
22.269243726866392,102.97619224563401
21.844558280032253,103.11755769835398
22.096540856531245,101.85796173157927
22.343728215306502,99.72283260959955
21.1452948340477,101.03060388164883
19.94442027966562,98.85589456973187
18.365079013011197,100.1104485787973
18.442284979390095,99.66519763765767
18.63096793131203,99.5023023620584
17.121242050138378,103.00828550882022
16.44623266106594,103.6906888737187
16.942939154926414,109.23095190263183
16.96171410136603,109.55095502191972
18.295909575555612,111.24825384995324
19.63094042572589,112.63225248940418
20.21130748230109,113.33565385761315
18.937035326331966,116.35985684016723
19.70247144742506,119.40676758897634
22.0042984487062,119.4535821332685
21.36982445283604,117.3035718099918
23.43256717992791,116.12230467373611
20.751416524472567,114.34462323570841
20.951604904972605,111.24393687933245
21.430310629734844,109.12238149103823
19.987888232570597,108.03852791070878
19.98181000594533,105.51679290157438
21.28114076037572,103.72217672661057
20.33194556076201,101.93476922053053
18.20259482285759,101.57538073773884
19.33078060868642,100.57772671723976
17.713119534339345,100.79923587014356
17.585891598137923,101.40582549443333
16.024642184621275,101.0301360436715
16.41852510007895,102.09725071396167
16.421261522938952,102.2684097998565
18.090057395109977,109.7021918754516
18.472000292724474,110.20430627283554
18.7962744681125,106.60120417326199
19.166934188285122,108.35958632948572
17.954505303923128,111.31304643257131
19.176511613346324,112.61566022553109
20.135798308382704,113.21578422078944
18.887889209880928,116.06788966742627
20.549461885442625,116.93572309052485
22.704393638963015,116.36349035518634
22.82951549881847,117.08102274432959
23.946262328950432,114.76130411511045
23.088841736493517,118.08700011303189
23.204332817023836,118.57317056530206
23.161186328628194,120.50119305023826
23.74135937937346,122.04028978052858
22.459355938247608,125.25825914275912
23.316164330002955,127.00881950838388
23.725162273252078,128.87474475713714
24.166285938721696,128.8023472621131
23.670404397923292,127.88533515800776
25.414471601175688,121.89293293225722
25.260796285654216,123.25589885663268
25.754833092368237,120.58732667218936
27.534913096120437,119.28256459973552
26.426743427610223,120.11230098780625
27.78625632137695,118.4637038362353
31.91677702851342,117.47737424292123
32.23431971113153,117.0129926904995
30.964533903541096,113.96529637105009
33.00792399243243,112.81619025156354
34.40958226324076,112.68782799955072
34.847728498394616,113.64986897536915
34.51576748432635,112.39383139986948
31.62473591519208,111.52098282097232
32.72609553855837,109.11410957430287
34.907936266876185,106.38036125861014
34.11097691113512,103.0899966063507
33.31401755539406,104.18386824466114
32.51705819965299,106.19609799429405
31.72009884391193,104.61001057738915
30.923139488170868,100.81671851813188
30.126180132429802,99.49442711428784
29.32922077668874,104.6131134140924
28.532261420947677,105.17357766755084
27.73530206520661,102.5614469449732
26.938342709465548,99.73380228615335
26.141383353724486,102.8611281391911
21.39469069976331,102.85012631484231
20.58309096975338,99.18386488340131
19.44653132070278,103.81979739013
21.62301074434802,102.1138191985658
21.687219680271298,98.72437742309614
20.979259611410683,96.99146629841586
21.886938062056394,97.1563888357025
22.568420206698743,96.62585101417162
20.055719470645446,96.10639639373481
20.10391048993963,95.33851513969302
20.15210150923381,95.30996098880857
20.200292528527992,95.54813658391848
20.248483547822175,94.47065467842434
20.296674567116355,93.5979446263583
20.34486558641054,94.76864169094492
20.393056605704718,94.64266237480084
20.4412476249989,95.53640134573412
20.489438644293084,94.0410433018866
20.537629663587264,93.47616618176056
20.585820682881447,94.11850789343299
22.620602577593793,93.80478591894544
23.00000020197013,92.37935281178973
25.060289712810256,92.80997919035133
22.612526483990752,92.45851530047437
20.084098545942858,92.3493458760961
19.48824441950293,92.10971853156259
19.846221171210118,92.82191826297492
19.920616455818738,92.3136096596875
19.577298460717596,93.17692738615811
19.376737403674536,93.60642580598392
17.54212425583767,94.11161177461496
16.81098174026893,94.11250391656333
15.385269600813512,95.90654744803028
16.644155053177904,95.60226151068365
14.47298695474639,94.97281498543752
15.130874563564584,95.6818646689069
14.890229897592308,95.74383297214257
12.806431189125343,97.15639553793584
12.071069390568208,97.60996537160365
11.724486047440614,97.87475605907309
11.429933205664442,97.08099813324777
11.13538036388827,100.34990100536456
10.840827522112098,102.16065499294179
10.546274680335927,109.84532315992398
10.251721838559755,110.91383326445929
9.957168996783583,112.61424366798865
9.662616155007411,112.0744812079297
9.36806331323124,112.11384068049759
9.073510471455068,114.97548642600111
8.778957629678896,114.76165099980852
8.484404787902724,114.92444522521699
10.47625141810137,112.79797838571407
11.75284104386189,113.34735117742015
14.032844252529568,112.71592523854731
13.817748236949182,113.78953314840331
13.558522316062966,116.78584457928493
15.523137445880296,118.50328657945865
15.341895925317635,117.85627292145703
16.65742973868091,116.74911234078304
16.72468710723561,117.74903695588009
15.466972097496386,115.07468699922593
17.35898915557696,114.57088194518938
16.89154268330103,112.10703706124714
21.03282844131844,113.23313801564329
19.33605360932917,114.25470878570621
19.42153742135745,115.96436011998136
19.02833749478536,117.51697195857358
20.295959269903598,120.2874224651202
19.33761781526216,120.5929621745466
18.44826889486183,119.78052956473545
17.95826183015669,117.83726583659006
15.405425228923528,115.61344560942982
14.479666309460713,117.61545570833123
13.850613142898156,114.15244042984982
13.349260051811573,114.30108169605676
13.395420392503429,112.96658777108789
14.32333499117441,112.43238951666875
14.421591282217014,113.37819122561969
16.642179425182146,116.97951872763494
15.650308834101587,116.3674296837934
16.6443443152972,115.23172876940798
17.93985478489142,113.9302312780539
16.41898802010632,113.7049090228846
15.506245181527,112.09783709552916
14.692110363659465,111.46204168880818
12.733175223164682,113.60096487248629
11.778072856831846,113.06428485443836
14.564124129374271,110.47305683389351
13.935742838537042,110.1092273499226
14.465805435191571,104.24453041587276
16.274376013053676,102.77493940244347
15.36587739784192,101.93093618254565
17.02602302373434,98.80547031011632
17.994675195152922,97.82045781243025
19.061220251281323,96.90732492765021
20.088983192521894,96.91782544859853
20.944071123582198,95.74668042887265
20.41064665208005,96.82211237288115
20.17611970717923,95.51197104553032
19.164689004771223,96.76177569501378
20.765861945665755,97.21279819301694
21.570102769433632,95.90097818950105
21.915741590921584,95.68615685806068
23.17949731481668,97.09212622368347
25.202223890840422,96.79713041105829
25.550652837724453,95.49714175627567
26.362930581170406,94.9767066318383
24.618491184251482,94.95770031510243
23.90803000755831,93.6174196466581
23.66857365072051,94.00509309047385
23.439233059196365,93.52834024859507
23.10886263839084,94.06486798033507
23.7607305030938,93.51826696025208
24.36758044554379,95.07308066940384
24.90400506834734,96.43201150973918
25.22654892394463,94.93029814439933
26.960536623060893,94.47912597309175
27.35736452945077,94.59633137683863
27.00974959269919,94.04326379978342
27.25125438469962,94.12095061177378
26.813875372673323,92.88271714703491
26.363389344704814,94.447349085381
23.846147482516905,95.49288196623432
24.562971519106966,97.15095261448737
23.804284741195925,97.80946619897117
22.27813206409888,97.99571894364875
24.650186502812954,98.61958173403242
23.233177597314917,97.64856001334002
21.13934470901181,97.09195682853765
19.983811143821953,97.58642635921815
17.297745211481285,97.07262368157959
16.078620092247213,95.57611074267697
14.609685943838972,95.5820393027068
13.831244085542538,95.38553740521792
13.386057472505705,95.63742729832987
11.440107945473633,95.74745097597777
13.398782052381936,95.76938491886301
11.874701187541298,96.90035362804917
13.721144851306933,95.83751371713065
16.97437141401667,94.9428588661961
16.777234044133895,94.88777340655427
17.46019315992413,95.63383276927155
20.143751566260622,94.81103028460997
17.84147238745936,94.94719518181422
20.047479709997166,95.09217514056802
22.04924043460099,96.08616343826984
21.823390839755636,96.10129008129168
21.2179875070561,94.95795513807427
21.70600458145134,92.58389754116565
24.21205922736204,92.2542569042704
25.003934606595372,92.83086104201927
24.223474253403378,93.8745636217159
22.92977537373729,91.81955617070874
23.3579489602705,93.11126531549016
23.07472300409381,92.04548624053294
22.351735902058753,91.34984275608299
23.618325703964704,91.10312466762463
25.11675723659383,91.53240335894431
24.888299618726144,89.93898989217507
24.93337519741302,87.96928150809912
26.495550205919944,88.05903022782589
27.23553992409086,87.93967673039336
27.772220699740643,87.8329585108455
27.537880740751948,89.04241142564152
27.09273141102813,89.75604839909317
25.96931849192844,90.62844078124218
26.88891687447925,90.47238453387642
27.510604356596673,89.84103657051887
28.001939744903922,89.57359392629766
26.315367735314194,89.97873944404341
25.219517328794446,90.86528888231487
25.29380068047995,91.58418611452447
25.368084032165452,91.56314971943189
25.442367383850957,92.57314781671465
25.516650735536462,92.13357520427249
25.590934087221967,91.16498702340718
25.66521743890747,91.48869794812161
25.739500790592974,93.00833244042879
25.81378414227848,94.64367707097692
25.888067493963984,94.82180500461519
25.962350845649485,94.08241874859364
26.03663419733499,95.09777511810358
26.698508482249718,94.3457538145028
27.749347986308738,92.99038346296533
30.517228947193907,92.99231471574309
29.492135433653498,94.17549311282733
29.469860904925223,95.69039316002792
31.772744982968568,98.40808185787294
30.330982180187085,99.47366809979277
29.56497654362664,99.00189620795739
29.200877751418425,96.57567730795844
29.287455978447035,94.73134843729102
27.487004634678936,95.83909809430766
26.004692442801264,95.21898511889772
27.984287925163557,95.27163948178998
27.86181998131262,96.46527554196813
25.904302710725208,94.12033962497839
26.793223183873316,94.0876948690685
28.405712766374272,96.29588191905796
29.3781443114004,96.24291800245845
28.54694062868798,97.72581556729858
29.14981860972359,96.91035098605215
25.66575685936,101.04144191545565
26.073272732890572,99.20155346986373
27.013547005339085,103.62709694394763
28.365538102842834,101.09135941449382
30.361669155890198,101.56470967418323
30.071598309181525,104.5589172056721
30.59485404826259,103.07532083862598
27.987324188412824,103.08647436758676
29.41338374090546,105.66444765503746
28.168360910487827,106.63521785687497
30.180332938906048,106.55479333817478
28.78527989887269,106.66608094832327
29.502367767589593,107.03273922619009
28.8548573337492,105.42842833634045
30.804220381685436,104.27857595263124
32.616893674186564,105.11237003898552
33.52781376741517,105.72515652792723
33.55380710518878,103.74066805550851
32.282416311509394,105.89596752840356
33.078358214062945,106.61374013067788
34.825748754826314,100.56543245459912
33.40898432858894,97.59709840015728
33.48050569938183,97.14227242730391
34.66603998908743,96.69947633857721
33.99416482459557,96.5635480301418
31.771721344011183,94.6319879977885
29.785496683377264,93.49136386052264
30.609826034768552,93.48247526863544
30.079988884706538,92.3286499932977
31.75641623960703,90.73039662481578
29.512305480202084,89.33987143913922
31.008603369377102,88.68041298749296
30.07405350123204,88.50861361478007
32.43554760793873,88.92798802749391
32.89741115493043,89.62674887874903
30.426259506675258,91.38804418569117
30.988805971039543,91.25798695290625
32.06322384030237,91.15523370719637
33.6587551243423,91.94250704059641
35.71854653427708,92.11150493617642
37.98373297658072,90.88080911661216
37.47459220011811,91.25823489824035
37.35056821166451,91.72977874968707
38.54811734860466,91.0438107156624
38.96326922074728,90.6497193296395
39.045808639552384,90.26645965613683
39.06208890376859,89.51518343171955
41.20343692083741,90.49638859461412
40.40978368154715,90.68545783444836
39.904847209926324,88.81323190797424
40.040458101379215,88.044480933914
40.58842621875214,88.25487928817132
42.45775458901905,86.12855560118433
41.78016579260085,84.02670873931449
41.03263512438707,84.43092912016323
40.129976283262955,83.25955014564907
40.89802869715856,83.28962902420304
40.201001233627416,82.68482600025665
39.27542674013183,82.32578963414788
40.59318396386706,81.55964911284464
39.796961467596965,82.78129080772963
39.54506991078341,82.70918939576943
42.067890141946805,82.25548130959567
40.95200755751005,82.97193656766984
39.362831072665216,81.74224882485638
38.45071999109454,81.57430484630804
38.469401046790324,81.18568993120286
40.28152528828674,80.47049238778108
40.06159589268644,80.97720378426243
40.44008471426839,81.1051756253851
40.81857353585034,81.00224007909368
41.19706235743229,82.05056855004368
41.575551179014234,81.34339169874539
41.95404000059619,82.02854797182329
42.33252882217813,80.59838273745862
42.71101764376009,80.2951581132885
43.08950646534203,80.56984581091469
43.46799528692398,79.91012823788877
43.84648410850593,80.27736130999003
44.22497293008788,79.96392177744804
46.338747880285716,80.22423419351743
47.054810543865756,79.45480053835689
44.54533217778246,79.72153995299162
44.436271707471484,80.4043868715559
43.88723227641231,80.05054233173556
42.94349543409475,80.35633973654018
43.61508729256262,80.56122040652485
46.1093220639352,79.7613736380324
45.43245148450475,80.2311256390855
43.951548111766144,80.65995151142134
44.86283409209577,80.2654395038719
42.9346043237773,80.10252706542786
43.944136095510906,79.27825173200144
46.036456438975875,80.09356078093053
47.000735178222286,79.45837170507502
46.770396864393284,78.45549281938757
48.364728832737136,77.88236953569809
50.259509352651015,78.52343997766972
48.93454505974914,78.87241455526606
49.409978926557585,78.67423274034451
48.87830535871314,78.55586235483682
49.98384642984655,78.16616568319014
50.260891387496365,78.27169163486919
54.229292213356146,78.1054080083356
55.51010693156441,77.3977221207993
56.83920427082762,77.71954197212459
56.09258085180145,78.00830267652861
55.79404085990262,77.87835592271526
57.1969345904999,78.03207044174196
58.823279524935536,77.76673216133506
58.48054364564881,77.60366331826086
56.870043790934616,77.64531516238787
57.15667207750801,76.5585902072831
56.922712489973364,76.79915538607602
55.956199990313664,76.03638790249543
56.732321840967806,76.43098431693139
58.30116263514344,76.51749207558294
59.8590522482088,77.20473878744109
60.256013327826935,77.72630637088038
59.13711793811902,77.76317218379772
59.854259017107246,77.92393673498866
57.60538941572553,78.48927740348259
56.979032775748756,78.05235307250284
54.34484688919125,77.99025123048648
50.963531170198884,77.77525186859258
50.02720221457407,78.50166105916443
47.896331856809844,78.32974126154821
47.36301355078747,77.50817223483597
47.511025854975045,77.31693033149779
46.95667826749524,77.52930919538245
44.92273255914287,77.38528259331667
44.44956523181497,77.74753034271308
45.104161894424834,78.22448913959278
45.49863995281839,76.82838799966144
45.76252386856112,77.21815290391271
45.99724390070031,75.59608148290299
48.666976445258264,75.74165610476827
49.58531422658285,75.14518479813322
50.4122983717948,77.0096517716725
52.28846601549392,76.36194174809658
52.91048297490934,77.25375039782735
53.400838380882874,77.23603197781397
56.34378259134911,77.26605437085782
57.92004919095879,76.97648772778703
56.31040559293991,77.60319023595761
55.92166163528078,77.49928732410032
56.41241095679918,77.34403017654238
56.664216826396164,77.49670238625265
56.19184564649441,77.69383006809802
56.430079422909856,78.04815166077906
57.348023703231725,78.26724171880575
57.86447829809028,78.28675104742408
57.210307358752004,78.51415653756547
57.28760278294424,78.90111087593786
56.65100703233494,78.52044159874826
56.88368257700937,78.93550582546177
56.10697074842937,78.34808946668615
58.25963452553431,78.38970912946463
59.239457296994104,78.60291092448938
57.269531004609355,78.49578000873166
55.16164099748719,78.63622618155011
53.2361470653498,78.77631050668221
51.37836973135782,78.86003509860585
51.46482313200319,78.55459870517825
51.807123429857874,79.10823958691637
51.923628758739916,79.66559243071511
52.687596324324296,79.89408049102764
52.10725710987083,79.51443404788425
49.92608983620582,80.72342703516868
48.80071852366262,81.06153977255445
50.56326763844024,79.61980944291408
49.94826646499098,80.26130676393771
50.23099215545102,81.66252884611355
50.318523505565665,81.36354541466456
51.18298759686936,82.52402464536495
52.04745168817306,82.57984549476993
52.91191577947676,82.28321904187996
53.77637987078045,81.65924945523638
54.640843962084155,82.73869166042668
55.50530805338785,83.41397758419504
56.36977214469155,83.08667823060117
57.23423623599525,83.04120460037522
58.09870032729894,83.04102662252988
58.963164418602645,85.3856723799577
59.82762850990634,85.62800721515939
58.915577795941246,85.33594941266361
58.175878717455156,86.26075304609437
55.37693528188545,87.44389067793762
57.49865234711664,87.8913910117943
55.99775623007674,87.63047479567805
54.63646099618986,88.59808008099152
54.95815651167654,87.61170943733288
53.40089317371306,87.33559457038004
50.81998484811521,87.33072804675929
49.64503787331094,87.86660591369987
49.53277101371713,87.24861679820921
48.503921670884274,87.98491320851537
47.68808128995205,88.73581249645858
46.743193154189555,87.27933858250194
49.5411173058172,87.56505531862167
51.273292796519414,89.36413810599369
51.49644956425248,89.05658299244715
51.927630156421074,89.99003844044692
49.243346544856415,90.99274334404272
49.86812089865366,89.35278390241476
49.67920121770938,91.30097199233626
48.63933573632986,91.57850930823363
47.52813818805581,93.43022493033351
46.04933984105513,92.72770758426634
46.90462146883107,92.12049416749996
47.17633977163813,91.90805931234
48.92366837115192,91.37102802094697
47.16946496491999,91.4691118920603
46.986530517531435,93.28137393428707
44.72474297741471,93.49543317624236
44.238810606043685,92.92458355309665
45.45730452035487,92.38077472042986
46.281939359268165,93.90184108232214
47.556455788354924,92.74419855545221
46.51596218654085,94.85726963526477
46.4257279373205,95.25347046272964
46.33549368810016,96.6443572208987
46.245259438879806,97.26128740420612
46.15502518965946,96.97212991727147
46.06479094043912,97.56806692463249
45.97455669121877,98.61929242738611
45.88432244199843,99.70713948804516
45.794088192778084,99.17634074659887
45.70385394355773,102.3219580484231
45.61361969433739,103.07632299243929
45.52338544511704,105.87658438571091
44.317332618885935,109.14222892766783
45.8740075985988,105.53122398257949
46.66400908123817,102.10726401508815
48.38108270987219,106.6551330345648
47.85827647129256,104.54550114393295
47.047364284096716,102.96198798443383
47.58899212589217,101.91585844156702
48.317359328839856,100.81741503532692
48.16087998141481,99.23359183516538
49.13880563992918,98.97044252094695
49.90557821494824,98.93049124330413
46.98270949967109,97.47087488578875
44.750687456645,95.42505563141843
45.05557460028049,95.76746742208559
44.14655318634699,94.2432488301248
42.24687953236231,95.25423786572972
39.44211397535987,93.7783654803186
40.63602204453095,94.7900283422686
38.64935888884771,94.09888768386345
37.55610115368781,92.25642019308802
37.422266984060215,92.16119966247058
37.04544018323492,91.11627064297213
34.28700508722905,90.16662752129568
34.745296882076076,90.5068902027042
36.66193957358873,90.27561996171832
37.68614819246606,88.54684142400077
37.734013728299686,87.40649837680492
37.77244794206047,88.03208139647624
38.57582954207104,89.5318324164687
39.643940327510336,89.2846739963086
38.80482658453655,88.30104833080264
38.8337433369279,88.87146826724555
36.567527563856416,90.59238757988105
38.61343896734322,89.91675661898175
37.004795386793546,90.41981852462837
35.56775434562699,90.4540143511749
34.58885173739859,90.72645288770448
37.47742708883293,90.33373791946337
36.802494074209406,90.68580631928516
37.505473621928424,91.09215702756782
37.003942979986086,91.13294910888958
37.64882635832849,90.25128584185077
38.2261395195781,87.94808145652499
39.311896434435276,86.06313602843554
41.70779613307114,86.79120958647135
41.640567210792646,85.7450902902783
41.644693562447394,85.2531735741155
40.62175619131628,85.77891894809015
37.683020723266516,85.04092496765004
37.885943920484785,83.65964990656062
40.03500445025559,84.10196523550364
39.93565480428189,85.18646631577062
39.433294958851164,83.6042224320609
37.239151576361046,84.17244267483726
36.37911426071393,85.22486357194423
37.36421222487225,86.71846039546801
38.1352190587957,87.48758400782178
37.63506561469297,87.98510815643085
38.54009035713632,86.86810870694251
39.46076836187847,87.16344464010164
37.6984156807556,88.83684747190746
38.36613667142894,87.45368479374179
38.967208894331975,87.3772272200809
40.78185728255413,88.53132229698384
40.72219733797538,88.38134910362767
39.28416124075273,90.7437970518006
38.67394231986063,91.3001234591213
40.424788638882845,92.38107898755905
40.796951118415144,91.69822276018546
40.93503915131597,91.09698490974424
40.13680724122792,89.5704708661398
41.69723223542076,89.92668336343098
40.7491308044954,89.96137010168599
41.50954693016937,90.26000071558826
42.890903184494796,90.68338247664528
41.674412158977276,88.63726179460654
44.76617091074043,88.69201910836992
44.43941125146076,89.89592830112865
43.84713382825323,88.7212234215135
44.29167683939456,88.48501143606717
45.578470545885004,87.59712822825527
46.04378393273632,88.22664802728697
45.727962235046995,88.2817779990921
45.71782664187083,89.9676068516693
45.380890862332855,90.10430859652608
42.628725717199714,91.14744938660573
42.7848130853375,91.81915064230026
44.28022087518549,91.87837401261123
43.06340829663495,92.06902276321765
43.2528713639699,92.28079470406976
41.43049844181388,92.30164322214448
40.08272122628868,94.34340070905745
39.669303224878234,94.79148986587283
40.63953856919501,95.19682135966255
39.37598066423004,96.1109892894747
40.524310424486295,96.36506644545271
40.73829356453047,94.84777486581736
40.95227670457465,96.16854049049076
41.166259844618835,94.51719606458771
41.38024298466301,95.18930749588812
41.59422612470719,94.85516644463998
41.80820926475137,97.92263843221536
42.02219240479555,98.61017032791588
42.236175544839725,99.22803780374275
42.45015868488391,97.73391615140737
42.66414182492809,97.39812695743754
42.878124964972265,97.42864972194641
42.39293361532036,98.38269028504037
43.19483773348831,97.43628171565736
41.95279672436912,96.59631205213154
41.142513874085324,94.46535612520644
41.83134388302263,94.84708221554999
42.58628763798674,93.12928367174258
41.934936108073366,92.52288981606043
42.014776354219684,92.7970877136754
43.712287406853605,91.51315671184005
44.72810608988844,92.18326211107797
46.15219223369721,92.16887851041537
44.64845918584065,91.66414775760576
43.63244221954273,91.05197658993065
42.72344465532107,91.90115592757151
43.39809613125044,92.56634187838434
42.81906523246165,92.51224510703531
43.95401709377668,92.50743210743849
44.283730729235735,90.95467232243523
42.64666052795861,92.06357719525121
44.09994528726789,91.14394033992549
45.947140236939255,91.7124443068578
45.36955366882616,93.26738792549303
45.46564234398929,92.63405052639398
47.237840863184665,90.70426052475688
48.99506375438084,90.25423862743517
49.516951497502305,91.8060599731245
50.39086297997535,90.28736246922163
52.41932113257107,91.0535127930952
51.97711501265607,95.72039364076353
54.080112453539265,95.97427039332592
52.873239980157614,99.95709702200217
51.814810136223606,96.3722039732183
50.83559906097927,94.91884302340712
50.33674551706117,94.54361849373596
50.99891560576108,95.65195418497767
50.346796253397976,96.65177195093801
48.49519531074539,93.57057028715874
47.250863610053266,95.18437445484813
48.13775200631549,95.46773443207293
47.92767861919813,96.20326805823395
49.282547225240464,96.26216980257726
48.55830887640456,95.22647537871255
49.285316781170216,95.60795226701721
50.24912163083719,96.42759615607889
52.735029812444004,97.42017190209687
51.75346947567659,100.08481306088466
51.68658150110897,101.59849738850792
51.37712747724591,98.14608814269461
51.71260565815481,93.70655001625809
50.58086850810943,93.79779901909639
50.02435927183826,96.19477078878417
51.58636649243458,94.08462393722645
50.932774791171894,94.84500856210991
52.69844079308339,93.66866715287021
51.097887844229696,92.60872011937248
53.23948652409744,92.70571227721278
52.16314552303509,93.79470638230374
52.32347227216076,92.268634268318
49.73358065244969,93.44831852820785
48.855907393338605,94.32900186531164
48.945552699786326,95.54677778800529
48.38037062719558,94.72520269277649
45.9634720682039,93.48147753576556
48.091186287083076,92.14682884895934
51.78632674028023,91.68633670142974
50.93397527876737,89.33471443406529
52.33857357023596,90.56359929131467
51.382273863340316,90.79939020505161
50.089496714558344,89.48439232621534
49.597167707167785,89.97545784394208
48.44340864975057,90.19780555563786
48.84924635996195,90.27335218009434
48.46194062563027,89.55788353873805
48.26817211592455,88.71188629519872
45.67282846317511,87.97700441791794
45.12734632925883,87.0929817783434
46.56106248481965,86.67252180597768
47.96515016127303,85.5915902782187
49.43666302809345,86.0868642077303
49.76240965771743,85.58960087506979
49.331012337423985,86.58497431561133
48.548143025853925,85.11506884080121
47.787349295481995,87.55709018229821
47.72112805689198,86.91432444027029
47.76661829045814,85.3632255606074
47.655684998557675,83.8873743207039
51.757777255195315,86.16982401932722
52.553108824854846,85.9339673490064
50.661353055086025,85.37375866136875
49.97140370710245,85.95703528475937
52.985705624408894,86.43377328747503
50.69732770270318,87.19338114709988
50.49601131940127,87.12324347833959
50.68071489819478,87.1609738403341
50.865418476988296,84.26756934614404
51.050122055781806,85.92907454696137
51.234825634575316,86.56246760002531
51.419529213368826,85.15701029255509
51.60423279216234,84.47749404395066
51.78893637095585,85.78064835533685
51.97363994974936,86.56140919543309
52.15834352854287,86.61564548338019
52.34304710733639,86.73578751911846
52.5277506861299,86.65494510441579
52.05214287211387,87.37342204884398
52.65641477730327,85.64368172838829
54.16694156753191,84.95361025774251
54.4024322264724,85.24453670132915
54.95645750816926,85.98509727238249
51.397935696951066,85.0230928992343
51.42290311854866,84.80488755616256
52.012968819694294,86.57318709163518
50.372963607876734,86.43312143195047
49.7606512715286,85.04820981158139
50.02342724043341,83.06081868453069
50.03352770053889,85.69265880598655
50.04362816064436,86.9951890342409
50.05372862074984,86.65372224120324
50.06382908085531,87.16161376208832
50.07392954096078,87.02698348378269
50.08403000106625,88.2584165846102
50.09413046117173,86.68111298324155
50.1042309212772,90.38494680197853
50.11433138138268,90.87206269981586
50.124431841488146,89.66910080477909
50.13453230159362,90.37988965857157
50.329856562457365,91.41298791617594
51.65904000616663,90.78983201875697
51.138151221255754,89.54332150324522
50.26979075097839,89.31221126749918
48.7413179196799,89.86761740532538
46.99617775545143,88.28691023432927
47.03895274202367,89.20525033026539
46.218351701330704,88.12634428923758
44.7765575549253,88.35743084150235
43.71024192583772,87.78422044472202
44.79746384707318,87.118747884742
45.00293886300221,88.47488009773106
45.59829850241092,88.72281945674105
44.808836562842686,87.5438991299984
46.268319714146386,90.25523773775193
46.24892250215713,91.55217220067209
46.945892215284424,89.0928000391454
46.388931609696435,90.95757237112792
46.88686787085855,88.78359213553485
47.00315940580598,90.04590263944625
47.92036985009966,89.31220482661044
45.47844069350398,89.95168746417502
43.71672069927823,90.89744776646502
42.94084254610427,90.575724720626
44.4394711894007,89.88944401076606
43.755171447602685,90.3034068320833
43.087005109796976,92.30926557033654
42.72926462152558,92.20773155863867
44.595486853675425,93.47370417102958
45.44878976682549,93.4223033178208
45.43100185385738,95.72774889701562
46.891753818542995,94.73725356081616
47.1630548008013,96.413229828777
46.80474155383934,96.46049134442067
48.93211304893403,96.985922467287
47.48116620332138,99.8725425326437
48.6393308797239,97.52380673506435
48.181684025038045,96.52688931311792
47.71957918331067,95.5420688303526
45.85129001134268,98.17691092237708
44.284808176469966,96.62884280961376
44.132729997378746,98.28018911443013
43.767769923102854,97.52685280398237
43.72606981107074,98.63543056079727
45.02451602803885,101.51828303678106
42.12848947469753,108.5038695408829
41.14607002809784,107.7576448236363
41.68616901897442,108.19520923331427
41.19069368184183,109.13121084794922
39.625154053865295,106.9511147136558
40.78970600715873,106.53179855246425
41.188578435852754,107.02837304717379
41.940039359018506,109.83877079736936
42.609208453126804,111.04811166004717
40.10985564183102,110.62720170009524
40.624058993670296,111.87607542889737
40.22109482580643,110.75732789556203
40.840551494917285,108.93113953482383
41.969320710313646,107.63303358569921
42.42419163897229,107.04133198484787
44.78592155361964,108.80884047557565
44.16570673801228,107.7079711887313
42.49246719260724,108.3544533893768
41.98971386335294,107.04063465298587
40.7735447715601,108.73590219153428
39.50360948511225,107.48127831726592
38.134009185147974,108.71756401171841
38.10751788777235,106.48251152011207
36.40937372889089,99.55475218659066
36.45041300596548,97.23407295873153
36.49145228304007,97.47423450431492
36.53249156011466,97.57680060327061
36.573530837189246,98.63173444431388
36.614570114263834,102.89304799096158
36.65560939133843,101.45432996364947
36.69664866841302,99.6988358104027
36.73768794548761,99.20975991704393
36.778727222562196,100.23600171105046
36.819766499636785,98.52831001686322
36.86080577671137,98.91037474082869
36.55381621458628,100.72186647951752
37.326526562190416,105.22639609257587
36.93409362988639,106.54810103159117
38.27327525672551,106.66702715256358
38.97381685937837,109.49094339337704
36.347726632823665,108.75847115302884
35.06456552211005,109.68251462594979
35.680214887265784,111.58616634166951
36.35300334837947,112.20108065136564
36.2394848531529,112.89689083538416
36.101532233344905,112.70886353942375
36.20646017100551,109.49614042582232
36.16834104838795,110.10344137881201
37.61804625780787,109.1785599978991
38.283045343437486,106.47589386945164
38.258919599648415,102.11869055652383
38.63661938281938,102.86340098066307
38.32702365346566,102.32549841312691
35.63115369742802,104.06698292390415
37.069554997601976,107.12999618656927
40.5023305926753,106.33608679782402
38.153366617756944,102.21951886878436
36.21253413172147,100.2631300728968
35.96505871446903,101.33881629530273
35.96598769468236,106.33450225811453
35.653675094132744,109.48568765128748
33.05252975540872,109.12632653289425
32.412442108158366,110.3861161714768
32.450521034524385,111.09286085403316
34.31139529112655,112.19730516417393
33.624417292813725,115.05862442776306
33.51456271932882,117.8587990128164
35.14579164107174,117.93316519020412
34.74169838114203,117.34970376349477
34.24890456611695,119.57081397865373
31.65503477854129,120.29473244710752
30.347778033986664,126.51101620970093
31.881672986838176,129.09020841069943
31.628690329821183,128.21103662111082
31.661233393597172,130.84745041893837
32.09034539828529,132.8787851505483
32.71109977226895,134.08158786896502
35.19067664187749,133.40262517128488
33.264350449909244,132.93766463777717
33.08410721410264,132.99272866459475
33.31435584552349,131.7393759506753
36.03268463855091,130.62643450662324
36.2928461281145,131.1606549990312
37.24442430556136,130.11986954838773
38.38939320311065,128.41088547237766
41.271710559690554,126.59720239670106
40.469385656052175,130.04307546391303
40.25440140866527,126.3393346058476
39.466901470523894,124.67335350945864
38.79988629460258,125.77661350560885
41.4190400878448,121.15265716241949
43.069221604865575,120.94701967282158
45.85231359143139,126.06333394523703
47.09248293748526,127.75631030427989
48.264012442020366,127.86325962233194
50.32639817758354,128.49340737704023
49.59956338269134,130.23880741792385
48.62274211249463,130.94765094780158
47.50297588598038,133.0364476774072
49.34238411005724,131.29199724474913
50.27303035280535,130.04511615426946
49.87842491325799,132.90431370534634
50.80010091719536,130.65061137753437
52.23375356471783,128.09670895764455
51.42820270760981,125.06873626296135
52.66014845285812,125.02099768248982
54.435574112137296,124.9794528556827
54.00407071938278,127.04658977188816
55.38274630718389,128.48140369598516
54.836138344210205,130.0364745138145
53.66379169639953,131.63877764987276
54.83818158788808,132.52383651725944
57.27123176021254,131.75704888281786
56.07971289861033,132.74824294294552
54.94685904951178,133.1222286092712
55.187461400560686,133.01226602231625
55.358474473650695,134.31024434769597
57.04939179220932,136.5750210088083
53.97526922734909,136.55236876384683
55.3363295136419,137.05468812025626
55.230322305453015,134.4608058360454
56.44754086805782,135.51695003659978
58.376999115221935,135.46221259279193
58.79822367403295,137.39698660606456
59.633797227700924,138.1232140542515
59.624139243478986,137.7430732253474
58.59086536177732,138.55628037423725
58.24211821926071,140.54916136835516
58.84824954371352,141.07860071719682
58.544068622909165,140.40581549160035
59.393679108615316,141.27517469985105
60.2398453585424,141.75213970103295
57.413945009001246,139.2192084913011
58.98315774018581,138.98158063705645
59.205751237494525,139.5538371385868
59.694664432897426,138.975492442534
58.867012900525005,137.91972662297195
59.05822385402185,135.5949189263304
60.337390955999034,136.12688704423869
61.633865885921544,136.17870799977769
61.02517269456145,136.10584055502363
60.871855525307105,139.08775373091456
60.843429336684835,137.9453133091902
61.43157474348026,135.22056331120362
62.99650012135683,134.51973216970669
62.04855215699782,133.52503260836772
62.97202751614118,134.86519668259098
63.72859241805508,134.98168224706865
65.33890839469167,132.83034241614078
64.7605743298752,132.25604312604708
62.50381959272442,133.46257985856798
62.831667418682194,133.73848871325058
61.44654401528639,135.80737994293906
59.597577317640734,135.10306926207076
59.75495330410657,138.40490916724463
59.503836195729896,138.3815915126568
56.34232660302374,138.3889262251301
55.76533763617223,138.94957194164894
52.594437375107844,138.35893759589823
53.621395928047896,140.13997052175634
54.27693945068071,140.61782770589133
54.93248297331352,141.21382284452898
55.58802649594633,141.51011227405561
56.24357001857914,142.00101786673244
56.89911354121195,141.80507025111572
57.554657063844765,142.61110562790464
58.210200586477576,142.73811400756753
58.86574410911039,143.83336686487092
59.5212876317432,144.2579642391727
60.17683115437601,144.67745322522308
60.83237467700882,144.7982095539161
59.60832785967878,144.5147079395489
59.51304162151837,146.394375739512
63.14119437207344,145.03728602121888
64.11773572440207,143.4183075868287
63.52023030292965,143.0611511629663
63.88699137842785,143.32792250099388
62.933864779703974,143.03286236688126
61.606461424348666,142.06422565627454
60.710283552137824,142.995104070194
60.5463519410883,141.29767658715392
58.43243097747295,139.12309669857044
56.83990390664628,137.44135205039382
57.73574282597119,135.96909312036405
56.26150699157851,136.15029831262564
57.247280322874445,137.77261565557382
58.34306055134318,138.7592191542833
60.09187920106229,135.35493699266615
57.04464669079506,135.52197318103447
57.728863451004436,137.65010424706279
58.956090904866066,135.35852666570008
59.2745759969795,135.2163558239145
59.86632608785907,133.31747065322304
58.84004161698766,132.1719635525023
60.09588674168674,131.78181467611134
57.98357601470362,133.05094568516245
58.53848017526642,132.26705505533565
56.847180164951205,133.233797654315
57.65899825513979,133.79406172519907
56.32267442809814,133.73316211012136
55.238813365079324,133.49102013255524
52.32043639157861,133.41254692932762
54.135762113892575,133.30564224877756
51.416568817179474,134.59062061924294
51.91931389213561,133.67174535506194
53.48476021105217,134.0449465625705
51.569375827470274,134.11554750644035
50.522922146479125,132.13087223311203
51.45049103633196,131.38412288903297
49.71897172977619,133.06270847238528
46.12246188522458,132.36929855629242
45.4701594615399,131.21210420262605
44.49969500565793,129.48646824835203
44.69865152629062,130.97493007521584
44.89760804692332,130.06372758207777
45.09656456755601,128.44755624951694
45.2955210881887,129.25041236638884
45.4944776088214,130.4368315783682
45.69343412945409,130.68775422456702
45.89239065008679,131.6160050915648
46.09134717071948,131.44346897401846
46.29030369135217,131.58975067617015
46.48926021198487,129.77523718479034
46.68821673261756,131.2916453449387
46.057023124228024,129.89245622249067
48.06116835837519,130.61022867340802
47.3112417214352,130.74486001964874
46.252971368956885,128.0832629376109
46.90799685293461,128.27524339133126
47.050405249542784,131.87178029425806
48.42528859365573,132.25461758852927
48.71899750200092,131.32407103410378
46.7605297990547,131.76124881618134
46.48271057415494,132.05746688768966
46.22916661595499,132.69428861539643
47.14977712343419,133.22269987679672
46.036060590575175,130.77492880748102
45.80303240304776,127.02358938376925
45.96110352250677,126.55061193935582
45.81814613071979,125.39625710917295
44.7811050264502,125.70560046068844
44.80877141396255,127.51239652266561
44.70631813652265,124.96154442357013
44.801188430097554,125.42742057222681
45.57085791401366,124.90385468249322
43.62606124611694,119.95428065211084
41.37469352708815,119.29608433943795
42.13578371708356,119.7482769621484
42.81739592536198,115.78079294850154
43.41072938723781,115.01742574899106
41.401219759937206,115.42795713307945
38.925933683101086,113.28069743532025
36.84878816745714,112.94819711958567
35.61108929343925,111.47902651368058
35.96163218253879,112.96660997833811
33.745063747032276,113.00649812395767
33.94587524888939,113.14737661487459
37.09600861071246,113.59406485168032
36.87149076859285,113.67646720793431
35.392990257719454,113.82084694530951
36.692907361928256,117.65292407728525
37.96117964894275,118.04516390598086
38.205000471080396,118.73732938819889
40.590779522888745,119.65623366511453
42.286747241090545,119.81526533779906
39.38657492221198,123.17286389469257
40.317516919938704,126.92099021422231
42.67394307841125,130.01125747426082
41.52913545796465,131.17028873391138
41.39507750540887,132.33237263321809
42.75442038941722,130.50342989350943
41.21838652855979,130.81533395757683
43.12387024542092,129.48219356479825
43.49195800415048,129.24447177050993
44.98711436250144,129.04883308102075
45.40837413472267,129.77384437171722
45.829633906943904,129.17739611258108
46.250893679165145,132.74328848048685
46.67215345138638,132.74611648748814
47.09341322360761,131.7495331479545
47.514672995828846,130.83144357986689
47.93593276805008,132.3237231366643
48.35719254027131,133.34732132355174
48.778452312492554,133.34937430429693
49.19971208471379,133.5455150931665
49.62097185693502,132.75019437639432
50.042231629156255,133.82575734494353
50.463491401377496,133.88088912086658
50.88475117359873,133.57202044855657
51.30601094581996,133.16144176389577
51.7272707180412,133.95551539067606
52.14853049026243,133.10336557519463
52.569790262483664,134.176313264928
52.9910500347049,133.38471326856504
53.41230980692614,136.80566080569054
53.83356957914737,138.479365843583
54.29075476184021,141.06976352886846
54.24035069760598,143.8703413449077
55.42481811480476,144.70510296506507
53.00790513934145,146.27920642880082
52.71679890666193,145.34237171803352
52.8791263985465,146.40725232947898
55.47895695690776,146.69484996845182
59.52347189079385,146.7944904911084
59.01739187443713,146.28946911654936
58.5522965059043,146.69995542934558
58.877258903924066,147.47245294085874
60.43553564078705,147.54371960704765
59.30136317968317,148.75481835037613
59.7956396263285,150.07164118707965
61.28675898948758,147.507858643908
58.98449802298619,146.86431604335172
59.82101605878633,146.4153902600641
59.35793704355203,147.44720733913184
61.98939540042751,149.54831490190557
62.25779214728829,150.48236014659113
62.59011591220019,147.64788460651735
63.567246816744486,148.85118391226743
63.32648480294683,147.37048472162257
63.259450967021024,147.06492504157848
61.93311082554416,146.12623076446658
61.77743313994104,146.78387670119145
61.68018004341951,145.7724394138855
62.50868249083758,143.8842237792907
61.09483993812119,144.39391680457751
60.42120369273161,144.98262602838648
61.33753493482231,144.43111325324153
61.265792300897296,143.8989920946982
59.91323845236405,142.5664963760548
57.904653535179996,141.7466494938065
60.74927725713159,143.23071619724388
60.171032354757585,143.9004944080029
60.84981651072487,143.84601106211565
60.93221671135347,144.67411016436407
61.52265448601209,144.7546626813954
61.80750793985385,144.22084599625416
62.19079723590513,144.71300148597703
61.019733143985846,146.55305473756638
61.26897247273333,146.01921521528104
61.11687811430808,148.10981132934975
63.00358008433569,148.39531127875372
64.2638583000304,150.7421065561864
63.39640027990379,154.95951991604088
64.98832593543202,152.46224016978778
66.10208643826341,154.3192236654948
65.11423495005569,156.0778087273209
63.42044241621904,155.76537416643063
63.77243375045072,157.22954932100208
65.27822281643049,158.1883461702324
63.76669731711651,158.10168494327883
64.97599874793819,159.1225849708214
63.1941722995489,160.06157529117226
65.72251929813939,159.7136271310897
65.4747185927709,160.59215220985874
64.45362603324821,160.50553560000748
63.868948874713524,162.17025349300818
63.583217186344264,162.43884166143482
63.333431908831166,162.70232668994822
61.692128303594984,162.29840879577347
61.726782733187704,162.67504592352373
60.19579999538803,162.6067080064248
59.16313441870224,162.52359047014943
58.32233725079106,162.0711912680097
61.63946355091238,162.11328275385623
61.89715436635003,162.57676275618297
62.46480603962535,163.60396831592044
62.79682141667193,163.0375004736597
61.115174099839564,162.57898667084598
60.88580370688751,162.65536855810936
61.459123235150095,162.58445230372462
62.07362343883474,162.92999002262331
60.155488824916596,162.64062487327183
57.95692377826973,162.37671252180724
57.18571592579997,161.33988546817025
54.58892257091543,161.77129967538474
55.0105451691423,162.22500134535665
56.945444550626306,162.1510232844103
57.38104631901301,161.4898367979959
58.787677895513546,162.23632506948908
57.18883830054015,162.0494158318371
58.39598298865677,160.34104223005713
58.541600962897604,159.9777136225172
59.918771198962865,159.90067425690845
58.0053493014814,160.4147502579661
57.1497212384418,161.27186628995912
59.11694302665808,160.81577286728628
61.78516655837364,161.31614660971204
62.655091947577766,162.21206172407548
62.3120737956581,162.1137790133051
61.710435225120065,162.2844673793625
61.72079219006669,162.10627318567606
62.190460934089224,162.1043641263309
61.216639167284,162.89950564770072
61.20988082960443,162.99935978043925
62.15608818284112,162.50624898084328
63.84054225075335,162.40442902232692
65.22750252773008,162.9793352858406
66.19748172931884,163.8534890884353
64.74659934189442,168.0749186168692
66.1700743869223,163.05393600101752
66.41970200415892,162.52320530650934
65.07743705023587,163.5795837687935
61.02426764094179,166.00891120719933
61.63398445940774,166.81333611630862
59.51201672034396,168.34803961926136
55.39628604931036,169.27353433115434
56.3281051375388,169.16089136668504
55.825468959544736,168.85538239291887
56.840513156254545,169.6334966065724
59.10260957419788,169.46204069122678
60.0095872471224,169.2933014620178
57.60379251531795,169.29209793771287
57.260872260854775,168.98709053472967
57.955133539987415,163.97383891873798
58.12008344998757,162.42852519286922
59.28551570103607,162.89297429200306
57.853589640901546,162.99322771655847
57.46609451064733,163.50322984543098
57.1188463407924,163.5467605338354
55.99371970959498,163.45356505691768
56.791204704655556,164.53178945362896
57.54782936974741,163.78745056942395
57.64763246820828,165.32397885007842
56.857970759940564,168.08483942302348
55.98847153558427,168.35173524670097
57.28491340914791,163.84069405655072
58.6218301556886,165.00105460946392
57.91049733816809,166.67197757764023
57.5287005390014,168.5590546792439
58.90410559610574,167.9460769830676
58.60683648620974,168.58769710514957
58.232801490975255,168.52678322403509
58.41100091832539,168.05681529935853
56.31095395232146,166.4104044440395
53.896938260074975,163.52716909262588
55.88917446312214,162.43144140143787
57.41998484343206,162.98752627232233
57.939622772782386,163.61893358569108
58.45926070213271,163.74143438909277
58.978898631483034,163.82809390662226
59.49853656083336,169.1000046114123
60.01817449018368,168.86547637588768
60.53781241953401,168.36681553741474
61.05745034888434,165.7974675693303
61.57708827823466,163.74562978347012
62.096726207584986,163.15948362440594
62.61636413693531,162.87074668122722
63.136002066285634,162.90011023454224
62.4916503633577,162.2430108107269
60.24798960296639,162.55161044679102
60.56252248683348,162.02199334297484
59.50426254363939,161.94846950133288
60.68891309177177,161.8774917382386
59.61996184307233,161.07739104599847
59.65182720249227,161.30240917220277
60.86257339117326,161.41433737009973
62.43010822198353,161.22516939083607
62.61227056002403,160.84626582836162
64.20088816405054,159.82229464431248
63.245304376649564,160.49433229048208
61.17600449070945,159.65778366396304
60.34196022333288,159.24212202150352
59.501499174313125,159.25294973030003
58.276046874838364,158.26407102141005
58.40105466251628,157.9484486219094
57.40369267244901,157.56033922451493
60.17379286403994,151.22947915328223
60.46408146908096,149.70849795830617
58.42980413541397,149.6749643235297
58.16096794203491,149.58191354406432
60.34776040936762,149.62345894230108
60.798556313876425,152.41096810889263
60.82800156971581,152.90603033715448
60.00281058619363,151.43365176706857
61.4385059719022,151.45732692453993
60.5098216124085,150.23304711267002
60.98917457081839,153.27265252986797
60.00455049611039,151.20845673768008
58.92304424687176,151.5171610954242
58.506196029275735,150.33593559598066
59.45000702230517,149.1536678881328
59.23389484790438,146.12419025320227
58.79680058928675,146.030054842924
60.81491010971336,146.27028870075893
60.88692518012853,151.0813565131276
60.92421383516552,151.28080307087544
60.65692531462895,149.12654920845557
59.1511779886378,151.53539858833105
59.23011614202818,149.80535219563464
56.78208710290936,149.29832162327074
57.35378633511174,149.638999204622
57.558416794096466,150.31098826599032
56.976605710988515,148.47791052973653
56.76223236226246,152.3493960574637
56.832868889133316,154.190659506756
58.05830163785209,153.97973282369742
58.5706762377777,157.35979769955352
55.85621986053141,157.05124263823814
55.47976750209178,159.0847759972139
56.86764009413835,160.38356580621416
58.041806967185714,160.64499701804334
57.035643478134276,161.1338779615839
56.14519760848441,160.03204624014919
55.18794036036481,160.7949867866693
56.69547546613268,160.54207051209244
57.34888954366881,161.78827006277174
57.20059587040013,160.85037037639236
55.437150602820005,162.10327201631918
56.85873000187009,162.0177775781615
57.253790178846195,161.74783561073428
57.92781268677404,161.90941661533324
57.46639157773226,161.2568030681475
54.46205687286426,161.1549005812954
54.368856741322595,160.25250241149254
54.85174896446286,159.94429828255187
55.08764985039716,160.07592021894786
55.32355073633147,159.83984698181348
55.559451622265776,159.63372143386093
55.79535250820008,158.68549169479627
56.03125339413439,157.7876059767689
56.267154280068695,157.66522381907234
56.503055166003,157.70425427167697
56.73895605193731,156.38564533768687
56.974856937871614,157.76744653242247
57.21075782380592,158.21730093120337
57.44665870974023,157.2594035509604
58.535004492489065,157.38279578066528
59.40573398725441,154.5905115731711
59.62699517240865,154.2425494518905
58.233066526957934,157.12927809652118
57.823731852351465,158.16703735092506
56.026561343927966,156.5400575265918
55.21637110742019,154.0178097420393
55.43053428469473,153.0295594448411
55.071901611556505,153.80077874827833
54.54452418808993,152.300024027208
53.566414963509686,150.5720874686636
54.674029459693074,147.91874695308718
54.84091187073636,150.31073486856135
55.01454042575218,147.5423151383541
54.92241643931341,149.07326523815638
55.048792877822386,149.50433644690793
55.17516931633137,150.49001803864735
55.30154575484035,155.98753352496942
55.427922193349325,152.50280115708688
55.55429863185831,151.66411643447452
55.680675070367286,149.85599880950994
55.80705150887627,147.96507634059355
55.93342794738525,150.01845533003885
56.059804385894225,151.14702105498446
56.18618082440321,150.3963485342715
56.312557262912186,147.63328247663807
58.24453665745664,148.2702765388738
58.48625524325464,147.51153493392846
59.26181505409336,148.1325667923499
61.4137002679655,148.27425684644587
61.5859288873978,147.3938720279753
59.196349437502846,149.59931922088387
61.907969795273104,150.62939992083557
60.90703833577906,151.08461815998294
62.1006515628982,150.58089962165585
61.178448800625844,153.0073118400227
61.114419199504034,154.87610014302476
62.09830018667564,154.24072190767527
62.206753263816424,152.7473522928806
64.43912737230174,153.87785956621457
64.31784540133107,155.20158877225583
64.51112546967978,154.24010599846648
66.15539661521191,153.20926408756708
66.00180937161028,151.3968464045442
64.09706417145783,150.46282755141752
61.544333306813286,155.34528881229406
64.3730798272319,157.25093109080922
65.18900724077912,158.38763293517655
65.89444466339236,156.8269439883686
67.32501725371871,157.71873564580065
65.66536828672082,157.94990938371706
66.00288013323903,159.9004243037532
66.70803975319699,159.93215964584508
68.35400821626736,158.4250051903002
69.74236125690837,159.49812694533927
70.5051638680068,159.12649083319164
71.80476187398891,160.54180104065662
71.43606015301376,159.95270906414288
71.21900565271224,160.56111432349948
71.15475066036304,159.82142985700298
74.11535019044257,159.88576688664998
73.53185474280883,160.11979419774653
74.10957625495337,159.7254337827942
73.0289080056913,158.2954190911281
73.25723183772104,157.75051137155202
71.72923967474541,158.12934071160836
72.7389340266988,157.61682547588623
71.86476225960536,157.47322639680522
71.50824337573542,157.82027873221548
71.01427150571708,159.5469103536587
70.1965224861162,159.7532024127738
70.23503211559144,161.65964645520313
71.76199793715764,161.20601361058692
72.37853572424766,161.62424367633574
71.99158494891749,160.5588072434634
74.4248174417574,159.16146437221443
73.37819872617582,160.83783950112024
71.17610840798434,160.38303807053853
73.07139942145547,160.1683282596294
70.71537752789582,161.18697521741467
72.0168807639265,162.3180318034385
73.73625679245333,161.6504025601015
73.40438760458028,160.71311762527532
74.5922364457656,160.3365143563144
75.33910498516894,160.71279518732547
75.43754058315895,160.20717843509718
73.37626400967042,159.51647723385594
73.99765700502402,159.65479148480776
73.29895253298679,159.2843018906754
73.4021639601007,158.46455675667687
75.25497783634425,159.59977842883427
74.42921010641908,160.26261352521672
72.99505086700908,160.33916409173986
76.12441139215368,161.24323742581026
77.1754156201683,160.24576258019297
78.22448913959278,160.88162070550268
76.82726833264381,161.25164312708603
77.53606539474004,160.79119434287446
78.38272074886092,160.7847732531813
79.48721776721415,161.2541976429683
79.10823958691637,161.17375916874644
81.30868844781115,161.37961761009592
82.82414015664912,160.2952901129412
82.87984949161866,159.98817226135054
84.46014181419999,160.77949096768606
84.52408923676636,160.85965937390267
84.2848006307987,160.16264539168188
83.84952470320098,161.29824018723565
85.53668496445023,161.78590486468735
83.06256452887773,160.37215416999874
81.44323668141102,160.34388614203004
81.36354541466456,160.38702547816789
80.55507487316301,161.25064807564064
79.7613736380324,160.7572430734345
78.67654924546629,160.53670783299083
77.76317218379772,161.7510433707866
74.89972175917998,161.0392242870854
76.65838666224877,160.722460239413
77.77379255741292,160.53867163342957
78.55525145931189,159.2645225038232
81.03330220519712,159.5628707705274
81.74224882485638,159.14099652590215
80.38018860612821,156.06946140746686
80.31926610564562,154.3796436497261
81.16850653126052,154.97556086306525
80.6725517710115,154.14108228004014
81.64981854032371,152.93770254557109
83.65964990656062,151.39181377371642
82.52185461562127,151.66514900182705
82.54320723607512,149.53471849178987
82.625478801191,148.52490528044146
84.51438624217275,150.38934324109965
82.91232226198427,152.98272661249683
83.4094092152363,151.74646160076395
85.2334475571223,150.58381169091382
85.04820981158139,149.58847912225437
83.06081868453069,147.06818861717184
84.17244267483726,148.42150510117767
84.27978907052,149.90665943744705
84.69130485111239,154.36212244625517
84.56316356736453,156.62497573435812
82.68157811404954,155.73454703617358
85.92007190526898,156.353212784655
85.04092496765004,156.24775896597114
82.56724995590203,156.38036837484415
84.03096360053294,156.0231476144071
82.73553091802589,156.4703173771834
83.26130576157948,155.80043784768
82.86441230382817,157.00712539974847
84.2534623810963,157.87410314265384
84.55873782679093,159.19954550175657
82.92165539983388,158.99047243937093
81.23816331850075,158.08694466996894
83.26179304272567,159.02751316292284
84.24348672182334,159.9880309386813
82.57649850478825,159.58122502240784
80.72342703516868,159.59784453558473
79.3809453596423,159.51133645948215
78.32974126154821,159.07769099793728
78.74751890721352,158.68322368077006
79.45480053835689,159.22526445632224
80.79572507520126,157.97414855889488
80.0798413685074,156.73903133057686
81.9540437070796,155.10963136750547
81.7302000983741,151.1190438329953
80.27736130999003,151.46265251489135
80.3606276837738,153.96103589413667
79.3532773985851,154.2787466635107
80.4877072308051,156.9945111061789
77.59078570796716,158.47455297025687
77.71081688388868,158.73580340568873
79.29705495061476,158.59596529302496
79.79015921604966,159.06160873833838
80.9875282912328,159.0539512069841
81.88275813695165,159.2416909410739
81.42429547795648,159.0395020347532
82.14834767066648,159.15738638020574
81.63015080674151,159.66193411926554
81.81590656093451,159.69283556330072
84.68798099139104,160.5035806002901
82.64513869462886,161.21885783860517
80.4043868715559,162.5577077197008
78.2737326705856,163.4896918941144
77.51523015725303,164.4035663926216
78.66337189748965,165.97923785312037
78.4038838170512,164.34160365657456
79.23594583133335,165.78225662751186
77.79129973137478,165.3742576475513
80.25223982658314,167.02789706676586
80.18990458522454,168.4330374387633
82.68613373908416,169.21541819317503
81.27029443960289,169.61681101914277
80.72863918131615,169.48660704353864
79.31457467212374,169.30346523564043
80.95466067625924,169.16213438815862
83.6800479766105,169.19469103285493
85.27967923067561,169.63698698690763
85.5915902782187,169.18269270229493
84.3456978545342,170.06373945306217
83.62258891350363,170.38129773822476
84.09229898842173,170.38277968453397
87.1077804815185,170.91294859753958
86.16982401932722,170.59996735513914
91.16498702340718,170.61822136027908
89.98868144734918,171.82098448959312
90.81263184539235,169.98875860347724
91.70701968212981,169.79277181859746
93.70469424520483,170.09751495104155
94.48083350518827,170.1008846423539
95.58921786083728,169.9694328547412
93.84561894657061,170.73446433403032
93.43231216177912,171.10497884474373
91.9993946402267,172.51352044311898
92.83086104201927,170.91095126802765
94.47065467842434,170.84001657540108
93.98088924617795,169.51641219620217
90.93385081728273,170.16424863213604
89.96171211146803,170.92677713910572
91.81915064230026,172.29057264220924
89.25113863483479,173.82428930430152
87.03445162178691,174.98969546457928
86.96466806396154,172.88572109350727
84.53386633619985,172.83840485315255
85.85410870548907,172.7644900392194
86.82597835218861,172.670412551966
89.51518343171955,171.21812045840232
88.03208139647624,173.98195754127076
89.02794911823284,174.9751385085558
88.12741950008603,174.93851592425577
89.47133882707963,174.94631615964943
89.48439232621534,175.3892575300532
90.3947088455676,178.24730291519776
89.75604839909317,180.82887106237558
91.27901314099454,178.22211103410436
91.11627064297213,176.77680426417336
92.14147132682436,180.95124780487603
92.92458355309665,179.08267967797704
93.8609460816241,180.96292194808788
97.72139770697785,180.8543725522013
96.7469579645026,185.21549591237275
96.70205220314769,185.52412004651316
96.91035098605215,185.03143532969062
96.77891456819872,187.1597947210269
97.09212622368347,187.21320914090168
99.63248779786132,190.01775672040532
97.7800150336449,189.6679340696895
99.23359183516538,189.99351829769037
98.87381214478762,189.78997625205568
97.61386369392154,189.80702363786028
97.09195682853765,188.25414916408192
95.5553514310898,186.38838963113687
95.46773443207293,179.1408403379882
94.59020860566434,182.12396846937085
94.77506127545111,182.00824615741865
94.29116446875621,177.94592212441844
93.95551761154825,181.1580851403253
95.5113758158728,181.31391502880805
93.8745636217159,185.19066844321142
93.1387355856971,179.05355086790206
93.84061258744498,182.17945764251567
92.23360906811138,178.9810149648697
91.40139871100581,180.8249231796088
91.32396413165006,185.36386623324307
89.95168746417502,183.81214626068987
91.10312466762463,183.66174294536316
94.11250391656333,179.45212966352375
95.09029099208698,180.98981332158976
94.64266237480084,177.71786940730587
95.23027421614307,175.61658540738654
96.62585101417162,175.38352708972775
97.31206500833848,176.41049808190382
98.3782569142649,176.50020725714904
100.24018245660822,176.2132666639464
100.66981514728559,174.88783100686518
101.01582195068876,174.09473435753776
102.11869055652383,174.831370106652
103.22155916235891,175.29619298331238
104.32442776819398,174.09636888700936
105.42729637402905,175.19676589482125
106.53016497986414,177.31317813169508
107.63303358569921,176.40000493606018
108.73590219153428,176.0706678877677
109.83877079736936,176.09614743920483
110.94163940320443,178.85574771769157
112.04450800903952,182.19178522071508
113.14737661487459,184.95872480843946
114.4809002266836,186.280377920813
115.61344560942982,188.20698556966937
113.33767387061035,189.4459077234266
113.46219101913873,190.32533016779277
114.82985893585884,189.68688732657378
115.59864430982613,190.7517691895606
116.3674296837934,190.8237500286565
117.1362150577607,191.1118206567337
117.90500043172798,191.7111910036028
118.67378580569526,191.62058772178335
119.44257117966255,191.6886175741615
120.21135655362983,193.12411991337237
120.98014192759712,193.88127097383622
121.74892730156441,194.07421544031413
122.51771267553168,194.03409603195144
123.28649804949897,194.45636805161445
123.91813993184873,194.447285088579
122.50787048189359,193.57966561609683
121.54731743037527,193.5643664188326
123.37410673289703,193.24713157692472
120.69770025767959,194.00154168184272
120.33081276830177,193.8337185989355
116.7104555840276,192.97339280961384
116.43339657279591,193.19690823510462
116.27886164807624,193.27293724656363
116.5555937521079,193.1450688248122
116.78827008207557,192.0434145151442
114.82324451717456,190.9274981877077
116.18233311149746,190.15559175976674
118.92522164936481,190.28253245313448
117.40799855953136,191.2441299888028
117.28940209957685,189.84636271545278
117.14783473793929,189.69987679151137
117.93725327006906,188.637828261332
115.34623270185593,187.7527145001152
114.86842664602676,188.67492736267678
113.93548424026528,188.30616187857672
113.69353644059164,186.18054525816976
113.33565385761315,187.4808789724781
112.4872083696057,189.71577382795255
112.24168838709576,189.0690113393139
112.10966347875444,188.87154814839025
111.80017626576316,186.58074655990933
112.11384068049759,185.79570573967032
115.07965549060063,185.54894543770016
113.40742878312142,185.6611558465359
116.9962590447817,187.0719579852487
116.20997570661905,189.26782700464597
115.78142623644564,187.86709399482137
116.69960818057118,189.02550950989348
116.59597976256842,189.44620852587383
115.31188054285757,189.81065403217
116.97951872763494,190.08604434639665
117.34970376349477,190.10499182575114
117.71988879935459,189.7180893926213
118.09007383521443,189.5631742817435
118.46025887107426,189.56350284840863
118.83044390693408,190.32252375558252
119.20062894279391,190.19073747927206
119.57081397865373,190.7328365156403
119.94099901451357,191.57811888873846
120.3111840503734,191.66851894665467
120.68136908623322,192.51091254051985
121.05155412209305,193.51861230610317
122.0585185046009,194.38085770268492
120.78494901989141,194.374654472143
122.53290363377195,194.07615819162464
126.8792607523827,194.12319888768738
125.9385661543825,194.1654222120304
126.59720239670106,194.9492260216627
126.9143199599412,194.37822692438786
129.26696558882605,194.80590431462386
130.12189876271546,194.80336014505693
130.50342989350943,194.576345227046
129.29682019391356,194.57855107354527
129.48646824835203,194.66220328408076
129.93115987929835,194.0382637971049
128.74873245811648,194.33096526712458
127.69106870294482,194.34313956847163
128.2385279647909,193.25439758998897
127.02206348917734,194.82911036110974
127.76667269401777,194.36416325904437
125.47788483816868,192.51836695435932
127.20484673315238,191.83836683302724
128.79899034475312,192.06610134241637
129.48219356479825,190.3769290482941
129.09020841069943,191.1231526043998
128.6093927096966,191.0068023922543
128.98476674998034,190.4300732680463
124.94203712311776,189.14113037337833
124.86185064667414,188.3756235501698
123.85693842382233,188.36738167972618
123.64365732647396,190.21046366139143
122.37784159113902,191.31869275974697
123.78830817557962,191.42117205135952
124.14294825633353,190.87665745393264
124.77187196066481,190.34178677278314
124.88712864513029,188.39074053544923
126.72944255176633,187.50898564754777
126.58029727505124,187.30695448426894
126.43115199833615,187.21773451673573
126.28200672162107,181.41444668381797
126.13286144490598,181.29773634119758
125.9837161681909,183.8337059238534
125.8345708914758,182.27231659693558
125.68542561476072,182.31889442502302
125.53628033804563,182.501009470635
125.38713506133055,183.86574606767425
125.23798978461546,182.57032313547202
125.08884450790038,181.23631564395166
126.10394143346117,178.992796295414
125.3097768447215,177.2131460004671
122.58395232142058,177.07175862674987
122.77749640459486,179.24632697493993
124.15149274982411,181.02666293069532
120.96294316574833,179.4415031347539
120.68613174742472,181.88269881609233
122.22241251421434,187.15135593923537
123.43592591484379,184.25431346798533
120.89242037517218,187.07917712674663
121.00268188621214,190.35102190604852
121.63248967431771,191.46076099934967
120.27672996373994,192.68053631141854
119.4580606747686,192.42968823519155
119.19763494665483,190.2158917662152
117.10435280030642,190.51153624500773
116.39586363307237,191.90678370028746
117.47737424292123,191.7875855150436
118.24086006575311,190.42923256157601
118.07060308867744,190.83250781664057
115.47800044363544,191.2727714451551
115.12462345636911,191.03473368418412
114.25470878570621,191.93219609366537
112.99351595173154,192.04971000744874
111.65151495940914,194.39990965250485
111.15632857474026,194.89589003254582
111.53527583518962,195.62318660354723
111.01979284534004,195.77523273838528
109.0262954987617,195.57811656211575
106.62927759928102,195.3795543536625
107.75414977507428,194.88454256861232
108.58711357863953,195.13674635719948
111.83277465875486,195.08652365668172
111.76484361595719,195.01720358064347
113.8011363397406,195.11999316180118
112.00334977215732,193.59605491525687
109.96269775662093,192.68969820319526
110.20396019516035,193.70212943364115
111.97984892713527,192.84495434954653
111.59857425874026,192.82615002709719
112.91907134722395,193.2688049101123
113.67646720793431,192.00596692298967
111.56565088603593,193.3755269948685
111.33689853396959,194.20962042175415
109.57567419047105,193.90688753666015
108.57495243629901,193.62152781260693
106.9511147136558,194.02529974258425
105.351047704935,191.12032522436255
105.7377488728691,192.40427632568296
103.78841662596909,193.24074494091053
106.69346224803309,192.04533229131798
106.47589386945164,192.768145391895
108.64812151385412,192.03427263531924
110.07989023856628,192.64684185888183
110.64421311636863,192.92265606936712
111.7894601016509,193.58503315906069
116.54382641393376,193.38901683184847
118.7328471955525,194.49516729520985
119.05381473557006,194.796399821271
116.92912500001219,194.83304665161933
117.08102274432959,194.70861545094593
117.82695867026762,195.05705037917744
114.83442256277449,195.48678470742857
116.20574492375019,195.6435286988459
115.43375787641443,195.9441236411672
116.41887474889008,198.29621196623108
115.27290411495056,197.81894189251716
113.01672027759601,197.5027203185545
112.96658777108789,198.20052810177825
112.91645526457978,198.01181969935627
112.86632275807166,198.43044063469117
112.81619025156354,197.8327298634872
112.76605774505543,198.1646466858439
112.71592523854731,197.11026385634818
112.66579273203921,196.99793058599906
112.61566022553109,197.33322440888676
112.56552771902297,199.76130951739165
112.51539521251486,198.55471800261088
112.46526270600674,198.32236962703956
112.26138479629785,198.53665240280264
112.0744812079297,199.93153608071748
113.39787156503178,199.99775235339686
111.94635714819694,201.09526761380633
112.23003133165031,201.1067577320965
112.95572277061818,201.21295204816963
113.52196260089433,201.52729619308468
112.82283683893219,201.88923471675818
111.58911087478715,201.27715121637414
110.48485267045606,201.12232215564683
113.60096487248629,201.27434353880432
115.14682866538587,200.8005082503753
114.8350632016596,200.78733435012902
115.42795713307945,201.05267104745053
115.44417919971332,200.4251775163004
112.68782799955072,199.65728375323056
109.71590245950512,199.5522945888084
111.52098282097232,198.5361711808771
112.43238951666875,199.52170928608024
114.30108169605676,199.3860054240474
113.38015818448974,198.20462038613317
116.06228897792109,198.0929729024524
115.01742574899106,198.8629999596353
115.71759227852283,198.70342613528186
113.93128111554647,199.5160895686129
113.78953314840331,199.88697699963672
114.27208481727558,200.15926667720163
114.36106750097585,199.3256543917084
113.13253156692531,199.80036355534813
111.90050796274444,200.21820441626573
113.22912746092031,199.64150106323407
115.45581208690632,200.21833948991326
116.13624572815512,200.94373861425896
118.45638781132986,200.32577119381313
118.49547243061983,199.19602342944412
118.4945962751169,197.83404781269
119.64907895608063,195.32122948978855
117.92408300415829,196.5166178403076
117.63164493742993,195.83496328753074
118.59719974234731,197.72787490528745
117.48468742042449,198.86241653259708
116.06788966742627,198.47426627930238
116.81486870214458,199.16781961436735
115.86219831133646,198.2656032466666
115.03895831247792,198.14600609597105
115.02000071069807,196.67533335035245
112.81967069664387,195.65229921737415
110.45691954940965,194.6134595043319
108.71916621964372,194.94658270961796
107.45564209082312,194.24856800178117
108.90239695662547,195.00116077260458
107.22930456234059,195.8778653145221
107.51671824398773,194.98656242419557
107.80413192563488,196.39063886728724
108.09154560728201,197.54285149899232
108.37895928892915,199.27700781484518
108.66637297057629,198.7591451052432
108.95378665222344,197.9562992434707
109.24120033387058,198.27324177312758
109.52861401551772,198.9799630600193
109.81602769716486,199.1794135350372
110.10344137881201,199.3813510271984
110.39085506045915,196.98164403177358
108.96394203181255,198.82092446232306
109.54406998590372,199.65805436012366
108.00269043556807,200.3604046330382
106.06403132529884,200.96812012304713
105.90177513293112,200.4920467128902
105.53122398257949,200.5884432412321
104.17996303165273,201.58516114471513
106.33450225811453,201.6589157597149
105.66444765503746,202.27838520868332
103.95732905123096,205.64273627949808
103.74066805550851,206.88613331183382
104.46143616998486,208.87973811704938
105.53782059125334,207.96345829755467
107.41939272778113,204.22973851791704
108.99851882759314,205.15427686409654
109.49614042582232,211.96918955348028
110.06904020279994,211.19682669437256
113.2498071596995,205.08856855925308
113.87675487922233,208.02394654799954
114.84150632591232,206.56329024252267
112.63225248940418,205.9016535425744
111.16145475630275,206.05214976508483
113.34850082845209,206.24256029144345
113.64986897536915,208.57349277190738
112.5227157104058,213.52439126264406
112.61424366798865,213.84546285837217
112.39383139986948,213.29233495421022
111.01498024204912,212.40144817972333
110.27924600963593,207.82523708256713
110.75732789556203,208.4935566874955
112.34024075365694,209.6521009761571
112.19902535658237,211.58300812392642
111.19698103022841,210.34788137169198
108.55273542064089,202.57995890325273
108.39626142665252,202.3719732566544
108.52650861121973,203.1544178950725
109.20094143472075,206.96581002919345
108.84860855222921,207.0321806273338
107.8985990575415,207.72119382838778
108.35958632948572,206.0332440681079
107.93356792411963,204.71294918845496
107.3343355886065,207.1378805996118
107.26263765638805,205.69483356438462
106.66608094832327,208.16487911853608
106.73813853201261,211.3236566340254
106.33608679782402,210.56761455088022
106.35974418056135,209.26591954660324
107.07895349773597,207.42635368326881
106.3924729838596,207.20004428994181
105.96878450843245,205.2574585475202
106.48251152011207,206.61965511030118
104.26740610336952,208.08503335650585
102.1591156167857,206.11407457300186
101.21209011346191,204.45167924901526
100.67130951453558,206.13119569489965
100.56543245459912,205.3310360054182
101.97352943580323,203.5266110729567
105.24042104300318,202.53988505556032
102.82582675711888,202.9263207162768
101.56470967418323,202.29460920085253
100.50311038662858,202.70404661080968
101.42997132152293,202.31814784536405
101.87337781212435,202.74059621694616
101.64467200840298,203.58514776359954
102.52928300053779,202.44306935743782
102.77493940244347,202.10533300554107
102.43000234966469,202.3382506444945
102.2606337294728,203.75446323024042
102.39989087138233,207.16213992435587
102.513062737811,208.10737525794164
104.18407935406454,210.42446383526482
104.06698292390415,212.60198224950474
102.26490371621593,212.8454429347942
102.95444387573053,210.81064526481867
102.95779711563348,212.47963239302663
103.29561361084245,210.03828240571096
103.16801987730547,207.91812096384018
102.10338234775654,209.1951185252941
101.85560375842168,212.2895242975801
100.72186647951752,207.59657394110428
103.12982800231806,207.71137287823316
104.73169992718725,203.68889861789188
106.2212263853731,203.07397346631353
107.15225848450154,204.09772872139823
106.88526698898112,203.7070745771081
107.16632513376406,204.86556529402537
104.07690758064224,204.8911439102659
101.77267245689873,203.43008794072625
103.26652727824842,202.25125734514913
106.24825456739278,202.2136812105369
104.43654924397694,202.2200708191388
106.53179855246425,202.54574678118638
104.35548186694942,201.95825342914037
104.72657301887341,202.36712412841757
103.30796161511253,202.62773230243207
105.98319382388638,202.00198907389742
106.76891059071028,201.71210093097352
105.14198119586061,201.47779797536725
106.5609350975055,201.54520499630974
106.6551330345648,201.67956975054577
105.72515652792723,201.81503779651317
106.64751478640763,201.86202620134287
108.82234853368247,201.72555936549895
106.74561474319306,201.907107596881
106.55479333817478,201.637948674337
105.17357766755084,202.00856605429595
108.29334296024462,202.04636363562744
106.37539549426414,202.3370232039924
106.14691501486597,203.20043920249034
107.1341233739723,205.1526497286859
106.3246395866017,207.10811452570275
106.63521785687497,204.66581744869498
105.78066353895531,203.54828586049092
105.40531966044769,204.17735803329344
106.31651261894697,201.78453849799013
105.1866178459411,201.88444103590942
105.89596752840356,201.57736614823048
107.7079711887313,200.94628693046096
108.03852791070878,201.2209437525912
106.89327499070525,200.3557556893427
107.28720732516821,200.69461795853326
108.75847115302884,199.97094674867176
105.95216566817335,200.6374933981222
107.02089259642437,199.72004687609612
109.9194754497788,198.83692355050218
107.51268082231809,199.39584041697717
109.91423970617808,198.41254847089843
109.39189272150163,198.09803560611286
110.39749037858212,197.62145692311512
111.46711218783767,197.08095696856788
109.97374267339337,195.4750266350356
108.83938369979812,196.65615535665498
106.75886646056222,197.1919683087727
106.37729757565215,196.94071524869636
105.2332510408962,196.23108096317392
103.4121728337156,195.91592904713374
99.66519763765767,195.89736662334212
97.32108387065561,196.0409633501687
97.01277971420986,195.54367102338048
98.63173444431388,195.3555665979921
99.18426226830523,195.26017200482758
99.77479069012621,193.30646302597196
98.93049124330413,193.43380891170835
101.06148389396834,194.4669004142634
99.37777955791496,194.4872565533972
97.8297550128402,193.56683732545739
96.90732492765021,194.3706662608162
94.51719606458771,193.63413394756273
93.59907920648423,194.65594909542574
93.84400442499346,193.3568071617499
94.73725356081616,192.9945841508243
93.88751368907627,192.153691071303
92.53587446551923,192.1757725046924
93.60642580598392,192.29978367909405
93.58558580324963,188.366846883701
92.55565721071922,187.27924231916145
90.52527823081556,190.46498213987468
89.25190205521793,191.4332609965383
87.56453812053402,189.90694190734013
86.57933567390393,189.84988268772227
86.37209207771008,189.71986394422777
85.60682696867514,189.84721597849204
86.68111298324155,185.88049279342735
86.71846039546801,187.5043159650948
89.33749899482622,184.66276681612436
89.1265951521007,184.75129428356482
86.89446729925342,186.87185608570582
85.417461565893,178.30364429627588
83.41397758419504,181.46800960245474
82.49773479696601,183.51938461853067
82.61409217278796,184.2168861544752
82.95711893485515,178.9082757220122
83.68862684027347,178.8995439165444
84.76565038624733,177.45284345784913
83.11995866588991,181.11184803168038
83.6435462602952,183.8414327205937
83.44017731693343,184.2520492687283
84.41134708216968,188.0100313168211
84.88123475062646,187.00820348976214
85.28033167908458,186.66728289369632
84.20446347800532,189.08025937860486
83.64741200642503,190.03194067953328
83.16842914788454,190.10692236190013
82.57984549476993,190.75560493366675
83.04102662252988,192.37435016469638
83.54604427892446,191.7406180472904
82.70075052771304,192.56455753633225
84.54174818190013,191.373204881401
84.75629466255704,191.00046181411082
86.80593959926254,189.71136924270826
84.74333339743548,190.32653422597585
85.33007551759542,190.21117614737554
87.32138875365276,189.30060209842034
87.45569732585749,188.72685635229345
87.33559457038004,189.58057754600247
87.20801752483813,186.57101740950702
87.30214485885702,186.97781280996304
90.73752075882334,181.27854685607602
89.62598096969053,177.0217601554946
89.93898989217507,176.43177518163708
88.16553350923691,174.38480545343074
86.69916110117853,172.71569332953993
86.78363490406052,174.57080519282812
86.86810870694251,173.27032105185836
86.9525825098245,173.03791553530291
87.03705631270648,175.04212502244818
87.12153011558847,173.6673525731066
87.20600391847044,174.47386713116907
87.29047772135243,174.62514021323798
87.37495152423442,175.15758548559927
87.4594253271164,174.96005816484097
87.5438991299984,174.50041247372542
87.62837293288038,172.58456681211098
87.16344464010164,171.75767869782783
86.99421134204971,173.57967438142683
88.84264021440266,172.79770631872577
90.48489270212468,173.72078844529193
91.64973889868986,175.1010787812915
92.06902276321765,175.11654795210302
90.89744776646502,175.51505696738116
91.34215899722298,175.0316798741131
91.5651089827199,175.0665847743482
91.08285480802125,174.82953821753006
92.58389754116565,173.51926199412458
92.24936427947021,173.08258639641065
93.70762400485361,173.66071296167235
92.75692781470842,174.56368181172326
92.2542569042704,173.03011892789982
91.91906318754728,172.67438950403664
91.8060599731245,170.85086547178324
92.00511156106106,170.15077721488657
89.2846739963086,169.52611076762582
89.0684045864084,169.49757284361488
89.15747706816524,169.19640547543446
87.81490509806866,168.23914845484518
87.7465563681027,168.08911262269916
86.00237350988431,168.66869913616495
85.50581950504497,167.58478034075958
84.58488945035504,167.82163922678558
82.67912550665885,166.54270403993476
81.0048470050051,167.2219752584235
78.50166105916443,166.67484129632857
79.20533107854865,167.1937881632743
79.72153995299162,168.05835612113262
81.40528566837759,168.00897039266624
80.26819020832758,167.86744026669467
81.10850408178521,169.1855097093919
80.61777976957315,168.5631774696364
81.57088330353385,169.0501633271097
82.41876819171021,169.11920974328143
82.32126622096054,168.12739830409757
84.23520383028198,168.6191507342353
84.05626209615059,167.85723047686247
88.99688595865558,168.17158949749222
87.72880296547005,168.8272980162339
87.80061899562888,169.18839553793978
91.03387105196364,168.758245185593
90.33979707846974,168.31833076155857
90.575724720626,168.1508915630971
90.24090910004401,167.53218742093864
89.78018539422543,166.50563824559615
89.99003844044692,166.17805810109
90.84667657478587,165.67459187548207
92.67057738276516,162.83948840257335
93.10462400806412,164.33853607740278
92.81205325718368,164.72761269424194
92.61751727658373,163.72127301346882
93.24952621226883,162.83665688964552
93.72938476877937,161.54128231172658
94.09888768386345,159.63881977590566
90.65737641323595,160.2646109208419
89.60701416699933,160.43245464142888
89.5318324164687,159.9808213924765
91.95317738433815,161.02635428457157
92.50790979292832,160.4853629360593
94.14211625307796,159.86383530242256
95.97427039332592,161.0879922713785
96.87954059410191,161.87589204472775
97.1563888357025,160.60975386035707
97.85665840953219,161.14231096585004
99.08409426821994,161.67362632474476
98.0162870068093,162.53669646005338
99.20155346986373,162.3484433049692
98.1731182132593,161.1778250802646
97.99571894364875,161.9498454246674
97.08099813324777,161.47359496216097
97.05962201799434,161.86307922187095
97.72581556729858,161.57462176229063
99.84314674593554,160.79964581537743
99.60512910577413,162.0280881010558
98.28018911443013,163.72716688218026
95.98830705732217,163.28086654622916
95.74668042887265,161.6432263987472
95.90654744803028,160.5671571952458
96.51238019873342,159.64648153530547
98.20517485699378,160.13549223434285
96.3722039732183,158.9886915596758
94.26958756316789,158.98007048718148
94.9062790608237,158.485106222747
92.38077472042986,159.35928122526656
92.4994785438821,159.39316025896704
93.2477935486902,159.09016171188892
93.28343110771102,158.31344675336985
91.90805931234,158.58716425679626
92.25642019308802,157.51704587171525
92.65211617713227,157.6120259503739
92.82191826297492,157.12589267511265
92.63824306036791,156.85569832940837
92.02647787851234,157.1788141335823
90.13403224139563,157.71182741628772
90.4540143511749,157.36012888393296
90.26645965613683,156.39489358886772
89.04348920479907,156.17919847067992
88.51733828108156,157.7618446344583
89.57359392629766,156.66470868973923
88.12634428923758,156.97586217237617
88.14800738483584,156.6696146523221
86.97485864580823,156.57039693179198
86.06214776355341,157.29162259317732
85.8732682200003,158.58851365146015
84.73649806569024,157.65876698028404
86.0231670103786,156.0009612769964
84.20046269685167,153.7861707834632
82.42650477559522,152.14272961193245
83.46559944630856,151.37729296047192
84.79036043003853,152.98832974215497
85.58556274127824,149.5882770324733
86.06313602843554,150.34497938662966
85.63000607818218,152.86547799996487
87.118747884742,156.51089785052903
87.24048859323979,152.53848492233342
87.404382381165,153.00828593958957
91.04262618878073,155.29477415085262
91.13908851400069,153.00807552664062
89.78795572710666,155.2874929010232
90.44058571340416,156.40054673666444
92.42731270479914,154.1380053105042
94.70793864838197,156.0461177914941
96.42759615607889,155.03930656258507
96.29588191905796,153.2995686103854
99.0423567466604,157.11417081513687
100.6240410956988,155.08673450873118
100.99334107148957,156.460212950718
101.52787480115272,156.315398983705
102.57363165626836,157.5686326414709
102.73758695010302,157.45865530554045
99.95709702200217,155.15349454008583
99.47366809979277,157.47848824356916
98.48320557968445,158.08764087160765
95.63742729832987,158.2284001741927
96.90608767957279,157.8584037008835
94.95770031510243,159.35764719880203
95.02731231292812,159.1288039731815
94.64367707097692,159.01620785832293
93.47370417102958,159.97827158277005
93.77958966929808,159.93834186265815
91.1960632203093,159.82588484765097
90.27561996171832,159.1267644161119
90.60334243280408,158.5553874348611
90.46236266441107,158.50760302540255
88.00567924342623,159.40613529192666
85.12896353492452,159.16049493160028
85.7558229774495,158.62318475100045
85.3975683515874,156.44651459005738
87.22879422239262,152.93225544794825
83.8873743207039,155.5586031501771
85.3632255606074,152.5086003218998
83.02653346386158,149.6435135066354
83.097915778194,150.68156716531627
84.21235449991366,157.12369467365033
84.02743814091951,156.93099401655505
79.68468049689227,152.51349620180181
79.03833681146529,150.21179263598162
77.59363519483189,150.54108043864375
78.910632227811,148.12674586715536
79.56606567794196,149.83574902463153
79.27686769670964,149.58919816749804
77.34554261832088,150.25118298221648
78.88002661763316,153.0966461976754
77.87835592271526,157.5913649828997
80.2654395038719,157.0989695577085
79.82368586145493,156.17078852750006
79.28983343359971,151.39902143741674
78.87771532376192,154.47247345509047
78.29984107032095,148.43268337270845
80.22423419351743,150.32051884079533
80.41550355829051,150.51225052356102
80.17531653614394,147.93200692833807
79.00409275489231,146.164656989298
81.62119796824093,145.95370810727155
81.90304574966481,145.22538569131225
81.42116959287553,144.93536563981888
82.59735155077644,144.85483860446493
83.90652628612487,144.35638508152695
82.15836282098286,142.22356117266494
82.52347355683283,142.94720943852434
81.51167385810074,142.59154186111928
78.55459870517825,142.42479684022751
80.62472259228798,140.6956784675979
78.49533428730591,142.06150852129082
81.17657187244879,140.8639444010327
80.82690455083652,140.72357954871077
79.30256453606574,138.66028570919727
80.23178502728642,136.5793026410483
79.66559243071511,135.46522688535882
78.52044159874826,134.18671903077183
77.78190641403613,132.45283450984695
78.28675104742408,131.5904796105331
78.79632999386602,135.46380128569342
79.58200070784528,135.31519038218178
79.57874481588783,133.51365181040288
80.97776969005209,134.5803678309433
79.27825173200144,135.16196854903433
80.421669782446,132.86528031608935
82.49990068645926,133.0019496849977
82.89536259231241,133.33738801499157
83.99538095569018,132.69785988776977
81.65924945523638,133.25072560097263
80.97720378426243,131.66146346455338
80.2951581132885,131.63386626040673
79.61311244231455,131.81649179306118
78.9310667713406,132.38753102775866
78.24902110036666,131.98756511001002
77.56697542939271,131.11161046402484
76.88492975841878,128.8573337630573
76.20288408744483,128.97328506957558
75.52083841647088,128.8152624325876
74.83879274549695,129.0472862652159
74.156747074523,129.08414738644515
73.39041847807972,128.83543156306905
73.56663212723481,129.21905112817998
72.1712395490636,126.46547688622904
73.67845430433383,126.58029727505124
72.13436565737811,128.2385279647909
73.2778012297425,126.9911207264003
72.41442919195333,127.15473756364322
73.99195318342518,130.28186860654895
74.57782390218736,127.54962976115362
75.16369462094954,131.19005140518857
75.74956533971172,127.71182434107322
76.3354360584739,125.3097768447215
76.92130677723608,126.21635826269853
77.50717749599826,124.4917277729925
78.09304821476044,121.18692837134536
78.67891893352262,120.1517520337765
79.2647896522848,124.92231602687642
79.85066037104698,125.16294647848252
80.43653108980916,123.56063148837823
83.17690748509231,121.99141254450825
80.7207444812939,124.77187196066481
80.29442304949747,123.91813993184873
76.60079468483733,123.4121520115311
78.65099122304065,122.7088282744489
80.08377644076677,123.22610941500258
77.39578589666029,123.96861510233964
78.50834554112403,119.19763494665483
77.62036066859757,118.92732179584587
77.60366331826086,118.46025887107426
78.09719850605684,121.56412033225138
77.70472959850363,119.10033338243018
77.99025123048648,118.93291890971915
77.28598000356341,122.51414127289041
78.45417759156132,125.04265281031935
78.99106821615591,119.6011753499508
82.30867617095193,118.7387902629601
81.50791359340792,120.33081276830177
78.14204273806666,121.69243559681337
75.81383715054467,124.0575107754652
77.71380322330745,123.43592591484379
78.06899739958229,121.19775357539537
77.55172094924977,123.01790728518179
74.50394654075991,129.7979441282858
77.04071917900143,132.52876960948498
76.80105891022748,132.4594306570706
77.60319023595761,133.63289245558178
80.15187936578475,133.04580607595386
80.0541462306987,129.69227680483067
81.1971841980511,131.819522508066
82.82720082317253,131.6900801375999
79.59692306076936,132.93897379728475
76.5585902072831,133.5706915243754
76.92687668008736,133.14563642641102
80.86856646165329,133.03574143903444
82.82922515201578,131.76174083643022
81.49212882327522,130.6810243138056
82.33701833355444,128.87173719255583
83.25528552422146,132.59174857492482
83.15475258901667,130.12189876271546
84.56010915089924,127.0415333321955
82.74343837243454,131.29063273403068
83.62694546601445,130.74428214058227
84.51045255959436,131.02900755729812
85.39395965317426,130.97839063348556
86.27746674675417,127.97530000372883
87.1609738403341,130.23917362010872
88.044480933914,130.30665374449046
88.92798802749391,132.48901321816066
89.81149512107382,130.17985259821882
90.69500221465373,130.05369957532866
91.57850930823363,127.55307760222487
92.46201640181354,127.64321428670557
92.64851651539757,128.98476674998034
93.2374599643559,127.05655031233941
93.60634098599516,127.649878789104
91.8299228776295,127.55050444823375
91.05714210563636,129.57827872800036
92.67631709097509,132.1454217589956
94.84584456310887,129.49344910597742
95.22647537871255,132.0414820699077
94.80577875701202,129.23732643027793
93.79470638230374,135.16387043543725
97.39812695743754,135.94655048845746
97.83507282074075,136.38495304846947
95.49288196623432,136.73608455662458
96.89986789966756,137.2369649287955
97.55560194620365,138.73551068160924
96.57096029855502,139.64393137539608
95.85799814258081,136.7563585398785
94.8824325234505,140.5743197431413
95.65195418497767,140.32068553726631
95.76746742208559,141.23503984642062
96.99163143898144,138.7481859558252
98.0238842567488,138.51098070953037
97.7332938813419,135.49535101413235
98.38416676604244,134.31124109910962
99.8725425326437,134.02859855464968
98.15287612960134,133.91780854918474
97.17346272803195,134.82001866108533
95.33851513969302,136.20211209316696
94.7682294142174,135.34951374515896
94.76864169094492,135.97281915571224
95.24310335955563,140.40632402025238
94.4510830650673,141.03087409393942
95.91422002555126,142.24684911775532
96.63360090626408,142.9626716949217
95.12647016991117,142.01268432892812
93.92630038261471,140.5216895998452
93.71128800836338,141.9903766434391
94.57547878251783,142.5783313281979
96.09714366995485,140.47024038885075
95.33940505952272,143.0034136597819
95.81443129513563,142.5916797196638
94.59633137683863,143.1236146833379
94.82436659035844,143.13382685543255
94.14764009743203,142.33285804652525
95.3506134017328,144.1680454674339
96.80810758155027,142.80493745077268
97.21279819301694,140.92017634611895
96.82211237288115,141.77107721620374
96.57567730795844,137.22172318417205
95.25423786572972,140.14850277159945
95.07308066940384,139.0249868299165
96.04867206881755,135.3642240052234
94.94719518181422,135.97791912792977
97.14240624944117,133.12395112272807
96.7136843766948,129.25352273033124
97.23319338608377,132.53047068419843
95.6237805548277,131.95582652054495
96.21487969792561,133.67419494602098
97.5396302703403,133.9181965201711
100.08667454110453,134.6664715425173
97.8933027364074,137.1310390974922
97.67086236262413,139.39373368895866
98.78872295468516,141.24279588071144
97.60996537160365,141.94679712849864
97.92263843221536,138.47065558986444
99.72283260959955,134.6232291901468
97.43628171565736,135.03523274610654
97.6728838580031,132.1716555696774
97.90948600034886,131.782377023903
98.14608814269461,132.06016578317116
98.38269028504037,129.65110430996745
98.61929242738611,124.06182442514286
98.85589456973187,122.75704689930508
99.09249671207762,122.1756316585614
99.32909885442338,121.34073557856941
99.56570099676912,123.88408656418555
99.80230313911488,121.85075402416072
100.03890528146063,124.14294825633353
100.20787893578894,120.96294316574833
96.46527554196813,120.809317470978
94.82180500461519,121.33030246282293
95.93377050761299,121.03186928913662
95.74745097597777,121.12173318999585
95.63383276927155,121.29399170905451
95.29638832747509,120.30661623462129
96.10639639373481,120.35128734281639
92.06357719525121,122.12834127659023
91.8638624764285,121.01902278958897
91.66414775760576,126.08718036354543
91.46443303878304,125.59500977356083
91.26471831996032,125.94005202841818
91.06500360113759,127.72305108662582
90.86528888231487,129.38359800136894
90.66557416349214,127.28050120247177
90.46585944466942,133.32511934477347
90.2661447258467,133.09534752716104
90.06643000702397,129.68544946386655
89.86671528820125,131.2332204467023
88.69917677122939,128.5033643419027
87.8870439909273,125.28299137579951
85.59257005240796,124.24611710198307
85.04448060899576,125.88308782149183
81.86262107984122,122.77749640459486
84.08088892245236,123.01905279463476
85.03887091492003,122.26558113092703
85.16733079869465,127.3739466142588
84.77228737512395,129.66361062058064
83.17941461217322,127.7893972440849
82.3620223478419,125.7061578952579
85.19342253645016,128.54573015361578
83.03096336378815,130.72076917052965
81.6315031908984,128.9096326966792
82.80060696439057,125.9837161681909
84.4800171620222,131.2828680234591
85.0230928992343,131.7643941763654
83.04120460037522,129.38530033838362
83.07515896029011,127.92105185590155
82.7144277870279,128.02617890639564
79.85264960437652,127.46213518077846
79.81833942407044,128.16527902889686
83.22409854473861,129.4041292407173
81.94855039292437,130.71718043235336
83.58670998521728,131.50831389425488
83.78496785407592,126.14266300477342
85.53270305407132,122.68062002514007
85.86941132294461,122.12411984808212
85.33081077134034,123.86978509253743
85.77891894809015,127.3605494402152
86.22702712483996,125.53647859211827
86.67513530158978,124.07382229478571
87.12324347833959,124.10723789700768
87.5713516550894,126.10394143346117
88.0194598318392,130.41490891295896
88.46756800858901,131.66406013912965
88.91567618533882,132.55208724643165
89.36378436208864,135.25426988945304
89.81189253883845,135.64796051618765
90.26000071558826,141.319978363246
90.3379107969942,143.09479804721894
90.7437970518006,144.0339273857156
91.07364761395485,143.24454189573828
91.03856785812236,141.68336369406134
92.72770758426634,142.10917381430733
93.28137393428707,143.06835026381881
94.03139667237863,143.5200636028397
92.96963331789894,142.64592173543477
91.3001234591213,139.64686381578122
89.92383810981576,142.70467388778388
89.53605312955568,138.27547020778763
89.1482681492956,136.404891091578
88.76048316903552,137.71044195853275
88.37269818877544,139.772302372428
87.98491320851537,138.81800945895117
87.59712822825527,143.46144321701425
87.20934324799519,143.12411205671285
86.82155826773511,141.46380703424808
86.43377328747503,141.23437563539846
86.04598830721496,139.42393047529902
85.65820332695488,138.42140369607543
87.57333341636124,142.07728706556
88.48501143606717,144.43442413383437
91.2052992931875,143.9644066334794
93.49543317624236,145.40919737269476
93.59344742077667,147.63490696017732
94.50886135670781,145.56109660739088
93.25775989890342,145.6539467508025
94.17549311282733,147.24723425705452
96.52688931311792,147.03790107148174
94.93404899026989,147.67892793304298
93.80237262717534,150.8967223349621
94.47912597309175,152.49238654560816
94.00385081384375,150.76298529436576
92.70571227721278,151.66619058272633
91.80543354494927,153.51699957828907
92.12049416749996,153.0984889119553
93.026471524739,150.1003107084033
91.59126303414516,151.62582774536543
91.09215702756782,153.22352866453417
88.31999374516046,150.59281539751095
87.55764833917995,150.76035526481894
87.13079915563067,149.1281731187545
86.82475587849225,148.88787404178862
86.05729864158774,146.95473813010935
85.47847303269063,145.37619370318933
84.7409330946171,146.22315076914936
85.22486357194423,145.25614803641474
84.26756934614404,145.0731291360479
84.59120237053398,145.42447473528884
84.88970081185066,148.16839134510062
83.08667823060117,146.49989859532923
83.60768128488368,145.7529748703542
82.73595383635713,148.52346374565846
82.74081099966484,149.17590235957874
84.49154329437681,150.74949639199892
84.03503901488104,150.39846224935621
82.90581882092661,150.89424172963
84.10196523550364,151.77174157428712
83.25955014564907,153.64868286055335
82.37956187332226,153.61954527812048
83.7047752619227,156.29529959903343
82.95183869645729,153.12643631562526
82.43844125275453,153.35336645341442
81.51922663365065,154.77262836162922
82.97193656766984,150.77953744422885
81.38600937325036,150.81526998396683
82.5204441329149,150.70422053899094
82.96410172725346,150.73214539347939
81.37849135313424,151.80549499306204
81.55964911284464,150.9236643390679
78.63622618155011,148.97369814929985
77.47906851513957,148.70850265097968
77.31499832791027,148.16585462724257
77.83228361718095,146.2841025363398
77.53686331363193,146.60396757027382
79.91012823788877,146.473617383588
80.11229927086423,146.16580781922144
81.21070074273068,146.5007585697667
79.15709603550596,146.89189582194228
80.80490976338196,145.3638003271033
80.86948199606559,145.64271355401382
81.59791202833904,145.25154968524816
80.2311256390855,145.24598941222428
79.02689327140048,145.5454954420106
80.59838273745862,146.16079884738775
80.3569765423692,146.92407523890307
79.59802386477968,147.16402819569117
77.88236953569809,146.35326570570348
78.17102662755218,145.44444116875687
78.04815166077906,145.55025001131654
80.36047657114615,147.67756460526795
80.08014673444998,150.07201932955584
80.10252706542786,151.8467335028724
79.12709100812047,149.33235234764737
78.67228124006931,151.6869263206484
78.5224579589238,152.70024990158635
76.92676367375084,150.7755587731273
77.42254432958916,157.11566651009161
77.9100011282637,158.7825692337524
76.69428880271644,158.4818306360204
75.46759176395956,155.92419648463195
72.35297704122966,155.91249979438282
70.49454541632521,155.86847046873177
70.28416769922606,159.28938399042624
70.63487401082841,158.24982572218832
69.37585955337478,155.80351045423075
71.3173509379521,153.49471035273348
71.71510823005529,151.56901287928667
70.6000849770184,150.08098344011486
72.55430917726103,149.25970576824915
71.88281399830973,148.1337159950088
71.87071497540683,148.4787469397836
70.90290534816319,149.7600005733494
71.16660040350405,149.95713729939598
70.11635490705325,150.71869558752573
72.0248320835269,150.59184092914728
72.58651185067795,148.7670492533535
70.832157155948,148.13673852037516
70.19166149282789,149.41975735303507
70.20620006570458,152.67517290910348
69.8667764397784,152.63120769834646
69.85273663668997,152.75531303990195
69.82144287929955,155.37315135298786
73.80468125054047,155.99730767954594
74.32847058446845,154.81579907275736
72.12139126805934,153.08684701584886
71.91946383468249,152.6716008733653
72.86847193606116,155.03983404252998
71.83598851813854,155.68542696323726
71.76711899249898,156.7925241042093
72.14393798161724,153.31496355208745
69.15350275584909,156.02380321073704
70.37579742851993,156.885443451247
71.83111783590226,153.52097950117277
74.74908934025608,157.50606421820387
75.17337978511884,159.09456002267044
73.03975592440348,159.7592304068107
72.56258035628643,159.5442874770911
72.91320652772475,158.70567505024295
74.74875979925064,159.38437978702598
74.06415549293204,160.79342378430397
73.52602432983343,160.32188529977878
73.52418071257777,161.5610734066081
75.18290818724468,161.93604984294748
74.73156263227501,159.72901100288993
75.80619131869119,160.05210703057696
76.03638790249543,160.01309251120003
73.17394432893926,159.20028518813
74.89787004786437,159.24352403320162
74.6929152292542,159.7437277016688
74.487960410644,157.90905575540665
74.28300559203383,156.95587371631083
74.07805077342364,154.49767694950597
73.87309595481346,155.7713309292606
73.66814113620327,157.4863983227729
73.4631863175931,157.04350865101398
73.25823149898291,155.10469961438986
73.05327668037273,156.64394474694222
72.84832186176254,154.2893892307838
72.64336704315237,153.50853990804924
71.97721640938873,154.40667536353695
71.47871031855955,154.55989690604125
70.70359960248919,150.69604932094765
71.26630640847982,148.28636781391754
70.70852881028398,146.15178357921897
70.49019103817392,147.74969906461337
71.4530917490064,146.61237670919493
71.83187641202205,145.06132488897674
73.24621835569593,145.17580558595353
73.60869287533266,145.05591527801812
74.33051845079576,146.3036817768241
75.51604693262861,146.60549424143787
76.30842708974318,146.44173076949076
76.83363380706953,145.5130909443603
76.23625076511892,144.79588441998592
75.12572501634571,144.49964131448925
74.426495437241,142.09578172093654
77.24985102249498,143.23625090475088
78.34555874984439,143.31373753349956
79.27378290687456,142.99253650301404
78.76752513367381,142.5883890824838
80.35633973654018,143.826309160246
81.02314143485306,142.5702832502694
80.15074937435563,142.07234812772734
76.94447603021855,139.98834680821673
76.04829563696772,139.45572494157767
76.06153084330302,141.10116130336598
75.32737900690242,138.6037717293747
75.70919866933775,140.1891047115735
78.15674771635608,140.12574091850973
75.5146278647112,141.14137276813696
78.27169163486919,140.925515187468
78.10243557369435,140.76728248192742
75.88116664979525,139.07844908859997
77.06152251453234,137.4876280129084
79.45837170507502,140.53688321545042
78.70396238041012,141.29986049286
78.39362766323084,140.55028070971852
77.84339628305688,139.42539114954752
78.05377360099068,139.4129430206046
77.65646050304706,141.43822814811736
75.85867822273387,142.5837347598964
76.11297512552427,142.79180670912473
75.96025545873614,143.29210117570398
76.1246262373345,143.29574347967718
76.20663083647948,143.20821233281094
76.09926002106802,141.4319787008527
76.65818061818455,140.42026899809366
75.59608148290299,138.68405750393453
77.53033808476815,137.95214117747292
78.63872972161718,137.08786617867062
77.05102894292166,136.60949848599358
79.110985223331,138.35350443992246
78.4024076457145,139.29625874044373
77.69383006809802,140.0963368157375
76.98525249048153,139.04824295600167
76.27667491286503,137.0044473558237
75.56809733524855,136.06724115152693
74.85951975763206,135.29299846742606
74.15094218001558,134.8340107877327
73.44236460239908,135.01716365896152
72.73378702478259,134.77435863838863
72.0252094471661,134.0771197875606
71.31663186954961,135.31259357239006
70.63728734397912,135.5738456894174
73.63927974331642,135.91343156981065
73.14300742034159,134.57434327137645
72.89529639997514,133.89636759444005
73.14300197422166,132.51470393781565
73.85020768433942,131.73643137397806
73.08433204654659,130.64637735079302
72.86149917067686,131.0795269713505
69.52594474263478,129.7415027708424
69.4124969354609,127.54623451649985
69.794000036767,130.07113666529088
72.82580357260551,128.74873245811648
72.24023291037388,131.15799406150046
73.93349733676862,130.99693411698956
73.47264361780405,130.2184451994862
73.01178989883948,131.66349489664248
72.55093617987492,131.2688640843312
72.09008246091035,131.54478565810783
71.62922874194578,130.14447456545795
71.16837502298121,126.9623578005981
70.70752130401664,125.68542561476072
70.24666758505207,122.53290363377195
69.78581386608751,122.51582883520003
69.32496014712294,120.05771940396413
68.86410642815837,119.03189131777896
70.78132463636464,119.54746132465013
70.46048755402623,118.43426137565923
69.70755169465582,119.05381473557006
67.39969995821698,118.1549869941121
68.22937898408217,120.29422864530223
67.5103445883109,119.71425967696537
68.47846074439784,118.87040200706853
70.59833903133475,119.44933459096475
70.57267054309527,118.72651680075965
70.80784859092469,120.4155255406582
72.46712831286726,120.02876169319727
74.47186419777631,119.09428121988421
75.46702384079796,118.6977146287029
77.98897634888533,117.46944972564012
77.42503922255929,117.5068086878398
76.72846323522484,118.07060308867744
74.58027085896926,114.83442256277449
73.24580627323978,116.11257036167754
73.11625151376602,113.8011363397406
72.31075608393482,114.31172570403362
75.66414738487892,112.7790871200847
76.83203618848347,113.22912746092031
72.86769211576484,113.89875540265874
72.41275533939786,111.97984892713527
72.84585671479721,110.37509115441105
74.0721964852778,111.46711218783767
74.09046932640416,117.17167391130056
75.4987215252881,117.95613633461048
75.07246160471755,118.19844031577544
75.32663954439366,121.17628271446279
72.33381881843043,119.47525946958406
72.66185649458659,120.27672996373994
72.0691441152992,122.50787048189359
72.33152198753984,124.7992015246891
69.46686022687955,125.9385661543825
67.99545431580228,123.3699714360637
68.07801185745444,124.58356485297888
67.79011757667656,124.96865735191496
67.50222329589867,128.4356190801906
67.2143290151208,126.28200672162107
66.92643473434292,126.81658832110516
66.63854045356503,126.8761902577368
66.35064617278715,129.4584291110383
66.06275189200926,131.520066764444
65.77485761123138,130.09688336235465
65.4869633304535,133.0869548151374
65.19906904967561,132.8369219671595
64.91117476889774,134.20842063760523
65.29050977328033,136.9414090416488
64.44345508735783,138.46721309610646
61.81175336662592,137.06615639321043
64.72629275921405,135.4685927496854
63.04392827581572,137.36772080818383
64.22557348364029,136.60261296618978
62.41015898194104,135.08498794608855
61.75741552334817,134.59025101314597
60.37403146599377,134.7903871958996
56.427765928611294,137.17978086273587
56.752543466726294,137.44439883735333
56.02758272160607,140.2723816375815
56.13314433343619,142.76471984017653
56.238705945266304,142.70466054162713
56.34426755709642,141.28399221552306
56.44982916892654,141.00107765407333
56.55539078075665,138.73462256782074
56.66095239258677,141.99722253093213
56.766514004416884,142.14367976033415
56.872075616247,141.4032981819159
56.97763722807712,141.70540026970926
57.08319883990723,141.8261135203077
57.18876045173735,141.53540340129075
57.35448378466452,137.9283497495657
55.68635784483697,141.53878409049196
56.16429738478981,137.50345441928673
55.783716447582165,139.31808079295882
54.500604857440884,137.140248161867
54.176662512608495,134.63576211880368
54.62070584691624,134.12911702643459
54.00347852173722,135.0858520822011
51.37953910535792,133.45463698533086
52.58627310549505,134.54363384766285
50.59858791798848,135.25177298302074
51.23370433215663,137.08887109579913
53.32537771280258,136.98329885384769
54.4589499626761,134.47820538612504
54.851359595847185,134.28955964279527
56.207040128687254,133.53195319383843
55.90489511882665,137.08242228234283
56.98834728502919,137.63472062324547
55.39271524591649,142.77521550618954
53.89492307073789,145.1977366555217
52.43983357129055,145.35418539433348
49.98621205566545,144.9045433596299
48.602631573717616,143.82033360249247
49.04678147364038,141.10975157654053
47.771852732087694,142.54926749832927
44.25773389574101,142.94136879164805
44.79742478756016,140.71928978471354
43.13167330400459,138.99547194630412
44.977518505348044,139.07270717700803
44.15956733167181,141.58259622710636
46.73741462161778,141.04973219673408
46.38431825103152,141.979398034153
44.9953426809258,141.96111922659318
47.67089780622186,137.02756653686046
48.363876687711034,134.995340428939
46.12572001180389,134.15665549205286
44.02662027719525,133.89590047799882
41.16908209867636,135.08614149477714
39.39004572383904,138.6554836512612
41.409582673069906,142.95420046171333
41.453170126922075,143.16166965670925
40.31205396981996,143.04623102874945
40.810348212806986,144.13308383882207
39.11241124448191,142.56816149720927
36.53943794983271,143.77520847268275
37.743687001270885,143.70863556346342
37.42711508774378,143.11077560422493
37.28756625447705,143.32705368830128
36.54347787049767,143.50632635268943
35.798640587997625,141.8926971206528
34.01843393480509,139.9129443243957
32.3483348588219,135.92050455309985
32.41984216095762,134.78148841575978
35.009926096659576,134.7278903899445
37.08216034859805,136.65512867474303
38.14195760074903,138.67501425613847
38.12672969875275,135.93637393818963
38.34121507544505,138.37499800482323
37.41375153655445,134.45717733204177
39.21087647319501,135.44936460134383
40.78834881068132,134.93597926074537
41.75521660738146,134.66325697267726
41.03527781217607,134.451608614189
42.14008679430321,133.3399191709
40.456024283947954,131.9235589103852
42.333100655835494,131.66316548601043
40.685793458187135,130.34243843763107
40.001064854107085,131.14596283963465
41.405100348411615,132.41771991928172
44.958780180287526,129.48192953625542
44.472186853631115,130.16957282446776
44.05718333272451,127.14295540327669
44.946796164611264,125.47175613754695
46.65550469907451,120.66108318763247
47.1872488113071,120.21135655362983
46.63550748160512,119.94099901451357
47.78048420578583,119.01244043070169
46.10314157194382,118.7911677793871
47.61545249392297,120.68136908623322
47.49951851341442,121.0613372103535
47.38358453290588,124.8107651096811
47.26765055239733,123.71089257603944
47.15171657188878,123.36825525468119
47.035782591380226,122.5923301163298
46.91984861087168,123.19984290249376
46.80391463036313,124.83550810582989
46.68798064985458,126.22951109043514
46.57204666934603,125.431980762109
46.456112688837486,122.97087044548323
46.340178708328935,125.07423050968458
48.09979871183095,128.68564754045866
49.96410353916897,126.72000680837597
48.37097696180777,123.10956678870387
46.006818741536875,119.80826080451766
44.10879333663174,123.64365732647396
44.79677505020593,123.25176349865987
44.79848105659501,123.29022304675003
46.05628196995477,126.04083630363566
46.846388346723245,130.3020470563047
45.749640407050514,131.2578079424646
42.99577188384542,131.9808136119739
42.18649895462628,132.41246260722866
40.961520279329775,131.65968176307416
38.6615725406526,132.82298549544328
38.04968680161075,130.56829670721095
37.69310776245479,132.29007810884747
36.90607238557438,130.1692910497602
36.70298938152025,126.9143199599412
38.26535777665132,127.85954071661317
34.70235318525343,128.79899034475312
34.82112478181898,128.9604183885188
33.64803225349524,130.0290858766793
33.90851863641306,126.46456260398709
32.74097479669032,128.12642139395413
32.508343834445576,125.93408824855508
33.244052444263495,124.52322333392446
33.57515309639481,120.188529727371
33.360394798873685,121.97204495828801
32.12284678153312,120.8696229244008
33.450594666392334,120.84798939748788
33.82301385694052,121.55466952465936
33.37541027688144,125.18233378725718
33.80328088474904,126.95920821879247
32.45247834215182,127.2720649519453
31.967211575624308,128.73920203345213
30.68391345776616,124.94074252886398
26.961377270942496,131.6649673041229
29.375812763355288,127.69106870294482
29.59994371232344,125.518512777515
29.75266804866856,125.53628033804563
30.630955784466597,130.5124576927407
30.867849705556697,125.8345708914758
31.104743626646798,125.75382417778327
31.341637547736898,127.24408946390714
31.578531468827,127.20351061593017
31.815425389917102,129.6226239581009
32.0523193110072,126.61949865330509
32.2892132320973,129.93115987929835
32.526107153187404,131.4332206010826
32.763001074277504,133.02904178448614
32.999894995367605,126.8792607523827
33.236788916457705,126.71831345563827
31.951928588084563,123.67651604347769
33.93767958125589,123.85693842382233
31.971994170022125,125.38713506133055
28.56826572488784,127.52370580408822
28.147497570606262,122.58972417867024
28.601303156183338,123.76320418020973
30.77015545732704,127.21534501299867
31.941573168444222,122.50788550570152
29.547783471316272,120.75501201440724
28.234657124959046,120.3111840503734
30.746814914667805,120.95735788381586
28.85240572769697,119.99617492346277
28.789108059173454,116.29542859674662
28.27696372913093,116.20625864994511
29.178688339355503,115.03895831247792
28.585984187270576,115.27787152014135
29.965139569566116,113.75399762042176
28.22304826114321,112.96542221890068
26.492603847277348,112.07271233583207
24.760614350899196,111.77443967395479
24.309548020838804,108.91816835863588
25.285145686165034,106.6713493036845
26.05078323748821,107.3343355886065
24.968616815517706,107.11328589258729
27.230519640155038,106.69523261971649
28.549117469891097,104.35548186694942
26.67796139254923,103.46895711038074
24.97187128834598,102.98724579689475
23.830707183584167,100.67130951453558
23.92314944021369,99.08409426821994
24.547107692013302,99.0423567466604
25.551702659571806,99.11947597250567
26.15132987615595,99.77479069012621
25.519053485116622,98.0245811351804
23.55162150004273,98.30392090535922
25.122626271535065,97.90948600034886
24.757638112145177,98.31110873625683
23.643314077031103,98.62508486337342
24.43878032895879,99.13458138640858
24.918271101110225,100.21858984934029
26.169389902181393,99.32803274928185
25.846985082220016,99.70848979760297
25.871775452437642,99.09249671207762
25.878464520039866,97.88474740279963
23.74412386978605,97.51253502525269
23.71768479934565,98.43240318687957
25.044793947342665,97.72139770697785
23.84078351525099,97.21469876219128
21.6840913868404,96.92396579904647
20.252607427783506,96.90608767957279
18.76437438704469,96.63360090626408
19.766243032398375,96.60878091582292
23.185587229493922,95.93377050761299
23.021438339063565,95.6237805548277
20.75309342386226,93.80237262717534
19.892921555423914,94.03939181402181
20.621057219614123,94.14998556724433
21.136326338475772,92.46201640181354
20.287344608651697,92.68718958590219
20.027488409364572,92.75692781470842
18.236325670942712,93.10462400806412
16.810928706661542,93.25775989890342
16.683345348484508,93.28343110771102
16.041879123549823,93.24952621226883
16.3933551163695,92.89678039360697
15.257262518989242,92.72999673739933
15.034961421066384,92.02647787851234
14.443417577814811,92.7079441068839
13.43935056988488,91.76295238439194
15.009627024225011,91.0660953139692
14.046646381299531,90.32128932623613
14.687438171087013,90.42598652357532
15.307488420955123,89.09787737960957
16.583223543809822,89.29743629360843
19.511480062064592,89.99484880848584
18.196918332462598,89.11419525187968
15.699246051369034,90.48125335077013
17.79390181367944,89.1482681492956
19.012167904885477,89.33749899482622
17.26654942038552,88.51697510569643
17.48883990162414,88.95974055142966
16.723725089507234,87.45569732585749
15.552317765758648,86.93805141127324
14.33974359700194,87.22879422239262
14.444166684306495,87.2045747890043
11.844453624104696,87.50262120791069
14.844879027477953,86.23714285130775
14.41209587252638,85.41722559929009
11.92614337503011,85.76643820222519
11.387888470603835,84.19750599400818
13.431166967424513,84.44066473860737
12.027676708580444,84.62682456065454
9.896697546283788,85.18642456557122
10.654658977397762,84.08958362145222
10.698315151102344,84.20046269685167
12.207650971139273,84.88970081185066
11.96821973695857,85.04448060899576
12.462080316883974,84.85356016281222
11.932693701656378,85.6764991911398
14.325094841684455,83.46520266781032
12.882834178572628,82.41876819171021
11.07303550161793,82.33618913362126
12.17676364499869,82.15970137252849
13.046622681783877,83.31182650215219
13.04157128224508,82.5873724182055
9.713192533996203,83.27536669233972
10.947341645799908,82.89536259231241
12.861563720881595,81.61260501507171
13.44142392527187,81.40291495557476
12.038118099175993,81.59791202833904
12.896280356150372,80.76243952019325
12.451734461759997,79.85066037104698
9.658551686762756,80.26819020832758
10.985923243336948,80.17201173358261
14.34304885779413,79.28702396888669
12.805112064745725,80.41295837550689
13.125153854385838,80.0541462306987
13.744890271266827,79.19501592167259
13.12809761901911,79.69137710323061
12.850245101870719,79.02239339882873
14.048436046772931,79.8038781506012
12.592559403744756,78.77492408373763
12.70804299875752,78.910632227811
12.361163320685844,79.41128447245988
12.863467484097713,78.81933585217617
12.563422831283685,78.99106821615591
12.364850934518518,79.71454397721887
13.645849363549472,79.81833942407044
10.951586995589423,79.46064936455645
10.369088626047056,79.4621994744513
8.374264192301453,79.2827429340553
7.857882203559352,79.84424312013155
8.175856329908521,78.76002014090557
10.354327906817076,78.49533428730591
10.290832542868891,79.110985223331
10.277953264846317,79.81860984094652
9.637615171976073,81.07252790475097
9.004768961948235,80.90928930158029
7.915771958434981,81.02314143485306
7.1507237982257,80.96250977880588
8.287120207743298,80.23927757295657
7.672764332634554,82.02508538327558
7.725538098785715,80.86948199606559
6.0483072384839955,80.77137173989719
7.975067343272109,80.23238514701218
6.636704847467458,81.26716614919717
6.817924449375799,81.62119796824093
7.448549454699981,81.16850653126052
6.828107379856415,81.48390359527457
6.9399544124601835,80.86856646165329
6.757186359305871,82.40867019166869
4.368299727686515,81.57088330353385
3.9587214769886314,82.66046260474386
4.251868991878168,82.94552865930993
4.6408171077244775,83.52790208438279
4.339691476990181,82.02492403165836
4.323552382251726,81.82547390683506
4.189703109407806,83.39832529877253
3.1496869616838103,82.87984949161866
4.150970550303946,82.49990068645926
5.662414878817763,82.67599253588558
7.305654057711513,82.6616021976383
7.658054043897899,82.59014900070862
8.425530934205566,82.13753502918073
10.615288136050486,82.23540408594035
12.306936039632868,82.14835362187756
12.280240155314258,82.08861313968625
12.586357184442912,81.40464144968584
11.349061908583707,81.47236093557959
11.898022850288607,80.87664158094616
14.260382310444383,79.42690921322693
14.938682295301739,80.0798413685074
15.866297987549904,80.29442304949747
15.534626966840994,80.12938529437824
16.282478061358784,80.06990168209049
15.246730987939237,80.08377644076677
14.556588333140503,79.91300938963933
17.779583639757714,78.51823479218972
18.5006349458726,78.59805195241672
16.413393804200275,78.45417759156132
16.937729835488867,78.17293364833596
16.1138052585671,78.38272074886092
14.94444382455099,78.63234221018344
15.274094239944608,78.22963521366768
14.126910606395548,78.36142731784702
13.763664554421082,78.14357890876437
13.980341087596159,78.10552686693251
15.187187476261013,77.83096176506056
15.241022621095158,77.76360912638074
13.308856514538416,77.50717749599826
14.510388598534838,76.70537724540512
14.282822965355592,76.72846323522484
12.829099037594895,76.86347372263847
12.864655920976563,77.16036005619608
12.599463271493294,77.55241228272062
12.497888576318054,77.50392518217521
11.674193259235567,77.59363519483189
11.234540305021302,77.65046421894121
11.803367794526686,78.00104160442164
11.519287745069537,77.24985102249498
9.819966475592361,77.59078570796716
9.928840579155702,76.98396121639604
9.696996155535635,76.72560430399143
9.726678223295648,77.54652607395477
9.756360291055662,77.59214613423026
9.786042358815678,77.41531028261294
9.815724426575692,77.26542982483815
9.845406494335705,76.82726833264381
9.87508856209572,76.65838666224877
9.904770629855733,77.16313125271944
9.934452697615747,77.06152251453234
9.964134765375762,76.7646594051633
9.993816833135776,75.62575766208704
10.02349890089579,75.5146278647112
10.463876487802617,76.1665256469626
11.464590203170593,75.04659575783015
11.71814160678682,75.06377720614127
12.714584348701345,74.61173263674272
10.728212951828857,73.75914867664619
7.816497788228826,73.52286675011516
9.08206601564996,74.27901783826839
8.308663921572789,73.66847579371422
7.136133785639313,72.96167270894844
11.352022297759747,73.34812464603186
13.213549418146531,73.29895253298679
12.402049233722705,73.37144050236225
13.059895607791548,72.91058702865087
13.996769209197693,72.45777067753467
12.517169921263198,72.31061501102305
12.863699318349415,72.70865320213466
13.573772209622028,71.83598851813854
12.31928355951666,71.3604992630924
11.136051582736421,71.354901939771
11.436602417561188,71.72923967474541
12.64096589486961,72.64336704315237
12.218936957167495,71.17610840798434
11.839666656790195,71.36946666097487
12.164319509916941,69.78167165850145
12.497838745905781,67.34682688021053
12.43875221755059,67.14443131275145
14.687178988056155,67.27110348568394
16.49839358218991,68.1356581426937
16.804378114713483,70.23503211559144
15.94683859386108,69.96715452285495
18.215510035031524,70.25437925690098
20.04355584104656,71.16837502298121
19.833796273386277,69.86577432589092
19.621839405094722,68.07801185745444
21.267837180976464,67.61054034452017
20.43423627299162,70.30497133429704
20.348824881032215,68.21803058655918
20.412467742848897,66.90598274805295
23.119765432821886,67.3104877504245
25.07778270483093,67.12460755467373
24.261796543145753,67.40980345408391
24.42597306620635,68.66943302976708
28.240345493855482,67.78704741144486
30.62561810124682,69.27375792115426
27.187202863431235,67.94437328505128
27.138075586205627,69.06634992554083
27.392626302366057,70.48644936322009
27.647177018526484,69.86516498003735
27.901727734686915,69.0426740039969
28.156278450847346,68.90331386836196
28.410829167007776,68.9243133816056
28.665379883168203,68.61797627721565
28.919930599328634,69.39568104271633
29.174481315489064,67.19968728828934
29.429032031649495,67.0589879073398
29.683582747809922,67.16818881283818
29.938133463970352,68.67056033133102
28.838481060800866,69.82144287929955
27.775474201078264,70.84811713291884
27.23262346060508,71.04068952313533
23.293776330534484,71.21963374699236
25.170342740327243,70.53241108589101
26.52388186216156,70.90803476171362
23.564550054680538,70.04177815997679
21.95361282834985,67.53169684296957
22.735145490966314,69.35402713560704
22.85790687983424,69.02163423101823
22.675993765967434,70.06308692141614
20.669217554263383,69.3639279138362
18.87481045181488,72.11487761444556
21.114858739337038,72.66185649458659
22.2109306726356,71.54065640504471
22.639303934849927,72.26846414486994
24.01877648437439,72.64018263140213
23.255713778885596,72.2180189556964
23.83613933517868,71.98830002968387
24.032962991824782,71.6691324889399
24.07568118101437,71.16172714439982
23.17155047871624,71.06980083300984
25.696982537170044,72.19447270676307
25.256232575359054,72.89028408448749
25.805566798720577,72.61264284618493
26.116176786425477,73.90193841252602
26.26579738590455,74.00911931425493
26.415417985383623,73.83246325773327
26.565038584862695,74.10392186887363
26.714659184341766,74.42179139393859
26.86427978382084,73.87309595481346
27.013900383299912,76.27667491286503
27.163520982778987,77.89517392303328
27.31314158225806,78.57232089933976
27.46276218173713,78.60066226569663
27.612382781216205,78.16858329596778
27.762003380695276,77.76641221183465
27.809151758425035,76.23625076511892
25.222588074731547,76.93655782332381
24.605537590965618,76.49944841899614
23.9867617783382,75.74956533971172
24.485573952917754,76.2202775611891
25.163185655620953,77.6638320756566
25.927013176492867,77.77379255741292
25.893581153060584,77.79129973137478
26.789538182092713,78.39362766323084
28.437899622705004,78.09719850605684
28.78213359814625,77.84339628305688
29.223549950971115,77.90386620402973
30.51900498876846,78.10243557369435
30.89157243665904,77.89575035690812
32.45966320123994,78.24902110036666
31.667179649875564,78.0532163619126
31.70747756932393,77.31499832791027
29.97607827152129,78.34555874984439
30.78153388655493,78.1788600571725
31.79648647055179,76.3851366126411
32.66620508012961,76.20288408744483
34.98621654519355,75.167900983926
35.72273817857495,75.12572501634571
37.20176307239174,77.09128219712014
39.11356260266358,75.33910498516894
39.257369710208465,75.3145525491035
39.98560821835762,74.5922364457656
39.52256204278076,75.38789911488806
38.017300849381556,75.20302222311656
36.197431118566804,75.68489162028459
34.88587801777412,76.94447603021855
36.023318030704615,75.54571134491745
34.98880495247594,75.3277386193832
33.88062844756244,75.22080061754752
35.43059711430982,75.81383715054467
36.00925897260999,75.29923419123081
35.957148762172835,75.00501036876842
33.93134774142077,74.35624117051663
37.10319109365248,73.83106489161455
36.67849017392692,73.90062311177967
37.545350955465494,73.4631863175931
39.81703752960808,72.85035810483102
37.66859622170041,72.33381881843043
35.3027637993687,72.03407402551044
34.97359088616512,72.5044191333285
34.24643716883833,72.32831662831217
33.67256319984536,72.76250796626644
34.236251063552054,72.15555062936276
34.597968520733474,72.31075608393482
35.69899656485216,70.96539057035925
35.26779655918976,71.87071497540683
34.56838082344315,72.05244228376229
36.47716521972205,70.94697547915331
37.40795450189741,69.97678395866886
36.689308296422574,70.25524332758687
38.074311466150554,68.70576685744348
36.92233847905239,70.72402874126045
37.24713005065914,71.18002089175276
35.47558417822625,70.20895743766286
35.31203021924768,69.88985258809237
35.61314338248257,67.95698276498747
35.835755318409575,67.32849481479582
35.52077985125367,67.5961011642657
38.646630743426456,67.11266544845311
39.86179893028351,68.79246816136954
40.93369826211843,67.32065262408533
42.64384557902618,67.31531801495144
43.722901557288125,67.21966480190116
44.746863991553845,68.08126613828443
43.41872267510926,68.26662483285696
42.0190123663828,69.05712177086819
40.98210680017863,68.48656421200673
42.289516155605526,68.73062578329589
42.801593139191986,67.79386265205832
41.13778154311596,67.48316600587887
41.637496469343496,67.8929143647643
40.49838630889892,68.7290404230401
38.69956889593057,67.80141703122386
36.51715867140548,69.04903714311408
38.577482039906776,71.76711899249898
37.56382933625771,71.86476225960536
38.40258175147019,72.34522602228932
39.72742092847186,72.0267793493454
38.10156706545518,70.21697977718796
36.896005211162716,69.8667764397784
34.93825423212346,70.15810172790171
35.76916506046437,67.81057119430044
34.788180766088416,66.82168011792048
35.64177993165455,67.1104642587666
37.00550060626745,67.70727406245453
35.41895336128383,67.00724849510024
36.55405866018891,66.73571954408169
36.62255945964507,65.3995893592375
35.92750015639035,66.57099998693066
36.69529324192184,66.46295277732261
39.184353093233526,66.66402463057146
38.49959736738124,66.72519595428439
39.34110737371416,65.92907156454667
38.846834815261325,66.230975269402
40.23570626603056,65.32610907569865
41.66608583759947,65.11869871435022
40.63336656442131,65.58585378581523
41.14199152125062,66.17511720515085
41.33404456277468,64.41363044368308
40.26838252617337,65.52998950094239
40.65816040621403,64.23051263156468
43.816408661664696,63.40763462992398
44.027201753021544,64.43912737230174
43.31509368500732,63.631762717213824
43.58629424637666,64.73099756473749
44.33825552972571,65.14049045402888
45.157942884913275,64.69494412246787
46.42528641459032,64.98832593543202
47.21347198642971,65.38224823589539
47.989665940641,64.8447609684028
46.414748014191034,64.71373996503576
46.30587928112987,64.07764611290476
45.33111630133087,64.59184336173895
44.47182028836207,64.44345508735783
44.75629531765942,64.95154311271286
43.55000112686793,66.20509867631489
42.85780634808063,67.11946624494252
44.84076342980941,66.53121094041991
46.69174517592254,66.7499850310546
48.93935807456227,66.74377413982427
48.876661172746054,67.17252955359089
49.65909291962261,67.04979840790757
48.906999138955975,66.9643066385932
50.1133983812404,66.90550801237991
49.48933979481755,66.52099444942074
54.087549853902644,68.77026740171306
54.93641878890131,68.92676026635559
55.20263394987265,68.03023371933544
58.43477825070091,67.5103445883109
58.40226733408523,69.30475929485425
57.517563728471174,68.87990598837447
57.18134042015498,67.35698339383464
56.646632336285776,66.92503909862008
57.469447860036716,66.4419342214651
57.786375483386486,64.45362603324821
57.56309395529632,64.67176954459768
57.689079759743514,64.72773331707641
59.26559781490794,65.87524785362845
56.744042843592815,64.13677172133865
56.09261124591092,65.69854686263163
56.36613317471433,65.09582369825468
54.30848485480526,66.20143586810651
53.38636206915547,65.11423495005569
52.444334204242885,67.99545431580228
52.87072717285512,67.91614900547687
54.23143146460038,66.83202590580709
51.518496587037184,66.80104943432235
52.14194466182333,67.36067115477626
52.12824245876969,69.55571171387481
52.11454025571606,69.0666949868142
52.10083805266242,69.92391390433754
52.087135849608785,67.29199127792943
52.073433646555145,67.91319681531215
52.05973144350151,67.78173846318508
52.04602924044787,68.6211790000465
52.03232703739424,68.22537107755474
52.0186248343406,67.44456723190535
52.004922631286966,68.0860347219815
51.991220428233326,69.70154570158947
53.85296432553376,68.20718811836977
52.7591536223211,68.63016460762275
54.02961230727902,70.49454541632521
55.92706715306779,68.73314380724912
57.3437102041627,67.38183940326648
58.99203514658795,67.88451623545458
57.30985635311518,68.96494016580156
59.901165046851055,70.08044764508637
60.66477927497925,71.04706700114718
62.317755516704,70.98544315217892
62.544406312166494,70.93861373429213
62.993604838007215,71.5535697537527
63.536300695561785,69.97387652413884
65.89569410074706,68.87858756139693
66.230975269402,69.58514710024889
68.54263728987952,67.70607113207467
70.06308692141614,68.34308286793373
68.6211790000465,67.91849868164996
68.94528429334694,67.99572333195084
67.46624491613147,67.9608872308951
69.41575477345197,68.60079108115698
67.9608872308951,68.22937898408217
68.12338665151017,68.97009072565179
70.57420169104421,67.22673795390463
70.37732162077171,67.87262250188594
71.55182121245197,68.6988314048616
72.85035810483102,69.80709920186037
74.73884027260178,69.97072397337766
72.34522602228932,68.6868765875355
70.73683890937387,70.67158787119571
69.84332160303465,71.74435128321515
69.02163423101823,72.71035092645658
67.7899889321327,71.50824337573542
66.90653796887014,70.64538157941256
67.57231373854759,71.31663186954961
68.18537561540221,73.01048094820914
69.43719731746633,72.51916578414799
69.17861343428623,71.36830802659803
69.16500065613526,71.50554568948259
68.6868765875355,71.59238871068504
70.84540640158076,72.0691441152992
69.56574123555143,72.35297704122966
67.67627151702648,72.33152198753984
65.8499267864958,72.89581859896914
67.73778692145603,72.64227091548908
67.95698276498747,72.91320652772475
68.1648920890989,72.76202062248007
67.83323498637954,73.68247770031024
69.38962001423032,73.73650174542838
70.52359728583897,72.86847193606116
70.93580128948877,73.15305650168011
70.53407118710574,73.01178989883948
71.84338514646043,73.40447134509346
73.11398545594854,73.20855269187186
74.95818311692945,73.33510274321826
74.63564406799792,72.6410217121742
75.54124409932103,73.61266194616569
75.3277386193832,74.11535019044257
73.80315781230965,74.64987680391606
72.84641723856518,74.83879274549695
72.19447270676307,74.35918990207807
72.71035092645658,74.52376594384809
71.25245900228794,73.66814113620327
69.43744464116281,74.74908934025608
71.40856192590189,74.73156263227501
71.49054986926653,74.18362994564129
71.4097430382121,74.10957625495337
71.73960065893199,74.9005549322662
70.30497133429704,75.96025545873614
70.67158787119571,77.07244772144857
70.75281606376336,76.06988363258701
72.70865320213466,74.91440367639721
74.10392186887363,74.15745856155658
73.00129255605873,75.39341597049668
70.8552880292179,75.52458253281921
70.15636261062997,74.58346810253245
69.18703503801923,74.41800904029267
70.75206630887699,74.95818311692945
73.5170468836268,75.66411311446218
74.18022845927673,75.80426236988905
73.27116412747677,75.97191809340408
73.61266194616569,74.58027085896926
74.34526780646615,74.40874457542196
72.36474410883832,73.25004630600047
71.01881619377566,73.39041847807972
70.76786834029612,71.95580630070413
71.15712735065797,72.68242947945156
69.27375792115426,72.58651185067795
71.13038727779973,71.18466890982198
72.05244228376229,71.96879831690492
72.61533909246718,72.09819622721176
73.29448086005169,71.28569461846986
74.35624117051663,72.62129340787763
74.52376594384809,73.39903382064145
76.93655782332381,73.10832142147433
75.38789911488806,73.56967075731866
77.16744595138312,72.91011986692573
77.49928732410032,72.56258035628643
75.06377720614127,72.84585671479721
75.10563333875807,73.38779898461254
74.69655158215133,72.84355077134998
74.35918990207807,72.7185571505592
74.18362994564129,72.56994649317016
74.46385630901825,72.72783210814772
71.64700614655489,73.55974377289552
70.85327972515788,73.37392191362635
72.09620613947584,74.12542636958369
69.50512592848409,73.99195318342518
69.36394941883499,75.18290818724468
70.87861823635338,75.54124409932103
73.13579758760439,74.33245118973902
71.99288889088791,75.19457675573756
72.76250796626644,74.16461217537116
71.92415514077267,75.0909063570521
72.50666272289375,74.69402626845026
73.3966482544227,74.68202979631059
73.92317155544438,74.4569091213174
73.2312198812009,75.21726005570277
73.0021967510379,76.45041648545975
74.41800904029267,76.36922238890186
74.3083382766769,77.34848132600051
74.27901783826839,76.20663083647948
76.51749207558294,75.87298218271836
75.167900983926,76.1246262373345
77.84190967627944,77.8236006913779
76.2964904125257,77.53033808476815
74.30904195953984,78.29984107032095
76.52621150893566,78.2976286703514
77.2678103225541,78.2737326705856
76.48579543291025,78.66337189748965
77.66988922681603,78.80578930596333
75.54235584022331,79.0378236008422
75.20302222311656,79.20533107854865
76.82838799966144,79.53238373278262
76.58346116466096,79.90393349278409
78.16858329596778,80.20042858659619
77.90386620402973,80.49231391978549
78.14357890876437,80.9305815464027
77.28369328005147,81.68101608069068
79.37029746729038,81.67597268121646
81.1992527153687,81.42429547795648
80.77137173989719,81.23968962265045
80.99692981424387,82.99218744380546
79.20862212750484,82.73553091802589
78.05422467972257,81.6315031908984
77.41531028261294,82.30746858667567
78.22963521366768,82.64513869462886
76.79915538607602,82.757916186795
77.31478667419327,82.70075052771304
76.72560430399143,82.54981847632004
76.75970422887185,82.65777439545191
75.39344061988673,82.74343837243454
75.38267521629594,82.82720082317253
75.29348102968268,84.20081017448183
77.31149090875793,82.76242236296402
78.77492408373763,82.08878318395071
77.29927531329105,82.32540883547982
76.04430971220725,82.54320723607512
76.88235240908301,82.24015783224547
78.67423274034451,82.16629969764811
78.2976286703514,82.14834767066648
77.40201629689746,80.99007623349071
78.8940396612224,81.42106223898398
75.93181395685964,80.9875282912328
76.1169029313406,82.20059893210087
76.8850075514842,83.08753118059603
75.85152134644197,82.63609920923108
77.07244772144857,82.83385890468294
78.1054080083356,82.71186015710865
78.1788600571725,82.82414015664912
82.25548130959567,82.73355279128222
83.09421965985115,82.95711893485515
82.28321904187996,84.17686688241518
82.65777439545191,84.58587603919827
80.06990168209049,85.28039595483047
81.10546444832192,87.32138875365276
79.83285003524797,89.0776663138538
80.77710809490159,87.92120746641139
79.90624707309851,87.72880296547005
80.0985406935218,87.26464457474798
78.92160293567332,87.41017895342452
78.00104160442164,85.88978777168462
78.55121361366324,84.68798099139104
79.97849369538704,84.12236738345126
80.41196926332115,83.17447048546552
80.00603802360375,82.67912550665885
81.09019994624366,83.11995866588991
83.7500493971921,83.3653191660757
81.08365669907364,83.8388732275708
82.56934889057807,84.7409330946171
82.54150415735907,85.37556736062692
84.02889252267106,85.60682696867514
85.62800721515939,84.84110654890128
86.68093058679887,84.85530386239076
88.08012259602603,84.4006651976934
85.98509727238249,83.78714451939528
88.61691490425433,83.21683469565644
89.02074492229711,83.43078156673312
87.49183295512125,83.25431493660362
85.66575543973329,83.55977580372141
86.26895956330738,83.84952470320098
87.86660591369987,83.46559944630856
87.01372344073876,83.097915778194
86.95749392505822,82.37956187332226
87.41017895342452,82.92922555219883
88.45766219969903,81.94855039292437
88.05903022782589,81.25160685299775
86.2472725700562,81.37849135313424
85.05332886266092,81.00592887270109
85.08705196239445,81.36489596365165
86.12855560118433,81.16403037845365
87.70886726986133,81.62640678120218
88.40874894183486,81.39389633839406
88.02891948308532,81.0988200218732
87.10204103260914,82.32126622096054
88.89129545775683,82.17456903725017
89.96276826325494,83.02653346386158
88.87146826724555,84.13250320740185
87.82815415350751,82.8497746079291
88.99167271517534,82.31707615165976
90.7069844846099,83.36272729715796
91.05197658993065,83.89837192595867
91.71145519828598,82.57649850478825
90.64713774429876,82.88827062265686
88.85279639367408,83.06535085704795
88.81323190797424,84.18470772554038
90.79939020505161,84.68065680857534
89.86761740532538,84.55429822909159
90.60344755886089,84.18652705964385
89.3472014654982,84.44891000584187
91.57586539239078,84.03096360053294
91.52699904550279,84.46138358976711
90.67173140105089,84.77228737512395
88.95974055142966,85.05332886266092
89.05658299244715,85.72467898901799
91.01389537419314,85.63000607818218
91.18083548948779,86.37209207771008
91.4691118920603,84.19323875484375
91.09817624931395,84.75629466255704
90.25523773775193,85.29952198776093
90.2215119966529,86.90006809913855
90.04935688868652,86.00099811547669
87.20875791852025,84.88937248143209
84.44066473860737,84.49154329437681
83.15020433212585,83.70588936394073
80.96250977880588,84.58734178922744
82.45767986681943,84.58488945035504
82.43365031385804,84.21282307243246
80.88099698237166,83.9098479410309
82.3718869689911,83.66275237208666
83.38522792355703,84.02743814091951
83.39832529877253,84.23520383028198
84.92275384448536,85.04760957986916
84.70110454371276,84.12980926423263
83.08323387894238,84.04319043768578
79.84424312013155,83.62826035082551
81.06309998421912,83.72106897435467
80.85771776264605,83.38467756146385
80.82468570894589,83.4094092152363
80.32345834778222,84.22443738989125
78.55742967512317,83.62694546601445
78.97526946257365,83.97325316647861
76.64010812263174,84.10763606680308
76.97648772778703,84.93441775364477
79.1383507926035,83.79315080136362
81.00592887270109,83.67300388959048
82.67599253588558,84.08088892245236
82.8530991815775,83.62258891350363
82.23831611683028,83.22974556533379
80.54506366033074,82.5204441329149
79.19501592167259,82.52185461562127
77.72630637088038,81.55636767012079
76.47965009144679,81.9540437070796
73.90310804766078,81.63015080674151
73.37888590699681,82.61173581371828
72.85466376633285,83.03096336378815
72.33044162566888,83.6510377158271
71.80621948500492,84.55873782679093
71.28199734434095,85.39395965317426
70.75777520367697,84.87350086744716
70.233553063013,84.86304160044193
69.70933092234904,86.79230430240725
69.18510878168507,85.55550898598474
68.66088664102111,84.43460870170429
68.13666450035714,84.35324610897321
67.3104877504245,84.0563217940196
67.12129428265143,83.25528552422146
66.2408680041987,82.82922515201578
68.20372661650507,83.07442056379243
70.36870394905098,83.55389263489961
69.69615226773823,83.31501446510649
69.53520324570079,83.25816223550578
68.77026740171306,82.03365921184793
70.1075416622695,81.74523645176836
68.5554536336784,81.51922663365065
67.91849868164996,81.1992527153687
66.87857646474907,81.20485838538053
67.19968728828934,80.77710809490159
67.28128878341397,80.3606276837738
66.61512596536384,79.6334794271198
67.91614900547687,79.48813762943927
67.37614045726929,81.08591683929271
67.64696463734782,81.70912550703264
66.73571954408169,81.0072324634827
68.55244755576108,81.58502931786391
68.8361028392844,82.56934889057807
69.11975812280771,82.56300902269271
69.40341340633103,81.10850408178521
69.68706868985434,80.15074937435563
69.97072397337766,79.48721776721415
70.25437925690098,79.23594583133335
70.53803454042429,78.83460988250354
70.82168982394761,79.59802386477968
71.10534510747092,79.05279124791383
71.38900039099424,79.23460347114535
71.67265567451756,80.43653108980916
70.91996791902733,79.9189924059932
71.06980083300984,80.4746795184187
71.21963374699236,80.09474185409756
71.36946666097487,79.83285003524797
71.51929957495737,79.82368586145493
71.6691324889399,80.7207444812939
71.8189654029224,80.41550355829051
71.96879831690492,80.94193702221443
72.11863123088743,80.82468570894589
72.26846414486994,81.10546444832192
72.41829705885246,80.73771366234821
72.56812997283497,80.80490976338196
74.07354765413494,82.3620223478419
73.80085594216908,82.97161529200311
73.17140217309645,83.09421965985115
71.36724988426604,83.13589619954095
70.80358328040843,82.21524757142282
69.80383228084149,81.48482843278583
71.02953019562534,80.28909154911729
73.75914867664619,79.97849369538704
74.55642155198638,79.79015921604966
74.95125540675194,80.31926610564562
75.98176745392564,80.62986312492968
74.37305265145862,80.38018860612821
72.93544439110072,79.33180576039253
72.01829345881255,78.8940396612224
74.00798453374037,78.87771532376192
72.68664743501081,80.79572507520126
72.46846942857837,80.3569765423692
71.71807988369936,80.15778184383282
74.08464525407177,80.07986031731602
73.68676701713714,79.56606567794196
73.96654982036459,79.2647896522848
71.70802999391456,79.02689327140048
74.42474402952871,78.79632999386602
72.7711831724825,79.00084291293716
73.13562466732158,78.95143864408702
72.9326449256607,79.61311244231455
74.1083703871721,80.5921808473846
72.18846445354525,79.78461967156085
73.76927926374734,80.15128905487339
73.20855269187186,80.27975479359932
73.23926452549863,79.20862212750484
73.44872047352587,79.29705495061476
73.84159148317674,79.02791185522617
73.19462558905232,80.1769351540041
74.04979428689857,79.69033867754824
75.80074399552943,79.73580345215387
74.3732065584247,79.68468049689227
76.1755351424287,80.15187936578475
75.00269677461311,80.82690455083652
73.47605764997269,81.29995674371682
73.52286675011516,80.61777976957315
73.66847579371422,80.27626247457813
75.55078270644778,80.33743676129424
73.68247770031024,80.60531663081478
72.01313479103372,80.99692981424387
72.68242947945156,81.7302000983741
70.52679410265019,81.20311878728751
71.28929226668882,81.1971841980511
70.39585694810366,81.86481789331151
71.3467858798416,82.17164411148326
72.25364110866477,82.58849389686034
74.42179139393859,82.45767986681943
75.08230981525469,82.89969566885233
74.33245118973902,83.64741200642503
74.61173263674272,83.47591239219632
