file,tau,m,mD,mL,mEN,mTT
pks0336-01_lc_liner.csv,4,4,0.77454444222511,5.453761841537836,1.7809041367246035,6.926400561394651
