input,iaaft
0.0,-59.86895701735137
1.385365404932953,-61.82995353814798
3.7773119887309328,-61.87133291433547
4.262789608470702,-58.83967817410535
5.211518375527408,-57.14158408160202
4.4061781453185525,-59.65161773985773
4.139711341629314,-59.064711720206596
3.8732445379400757,-59.59687115455407
3.606777734250837,-60.2872138449391
3.340310930561599,-59.58174032261836
3.073844126872361,-61.21178497906104
2.8073773231831223,-62.31777485426477
2.5409105194938837,-63.352389104537174
2.2744437158046455,-63.6098451101808
2.0079769121154074,-61.52086925860451
1.7415101084261688,-63.210760808841904
1.4750433047369305,-64.00238119237748
1.1141456859470449,-65.04684915806025
-0.3104167326114333,-67.41229916786702
1.4520103765227668,-67.46031221402556
0.8345734496055113,-73.083238346147
1.082453926288773,-69.81064150524256
-0.5276820758840104,-69.72969228850958
-3.814258315680819,-69.8299102864749
-3.9644171972294844,-71.09179732693622
-3.181933485456393,-70.1302293186295
-3.6230398623048843,-73.55880603247063
-2.110718425930548,-73.56226529333624
-3.5440199333585154,-74.10687592215018
-1.3441782028285947,-72.59813340558219
-0.2384399842600955,-72.26924765278915
0.1306355560444351,-73.34417980557514
0.22341884285858568,-72.67191939891413
0.1112137434301484,-71.3209598044794
0.5713429696761417,-70.75731159186068
0.9712445997187487,-67.98999803130529
1.9920921369686226,-66.93429837378584
1.5702893976946146,-68.08333908201324
1.742602037075178,-67.0709275930228
1.9825600850543,-67.81598524230444
2.6846567093591167,-68.52078528475464
4.44187299928095,-67.10882342737898
5.915493316767643,-66.27361381348733
7.917023052826827,-65.89407918482179
8.40129612451765,-65.23350628869298
10.036115664556545,-62.8488404652187
10.916959559057654,-64.56209210870007
11.089742047722888,-65.99329294727164
12.305176938071757,-64.71513907729451
11.990477083264144,-64.38045249096794
9.247919055518313,-67.11617599427869
9.775151346388203,-65.31632242856658
8.9801026836358,-64.83023077302178
10.373180204108293,-64.3781243310303
10.481634362169212,-62.61665227229127
10.590088520230129,-62.4908427824408
10.698542678291048,-58.45971863996332
10.806996836351965,-60.775533798630164
10.915450994412884,-62.44812209723492
11.023905152473802,-62.14349888739589
11.13235931053472,-63.665921693351756
11.240813468595638,-65.54827929078826
11.349267626656557,-64.52845305044423
11.457721784717474,-63.94630460920653
11.566175942778393,-63.72199827652271
10.00910562850186,-60.50785723512768
10.525654420935751,-58.263469594122355
10.73550514447979,-56.50947474781033
8.68986225866458,-50.23118835321142
9.367548706329472,-56.352131590198084
9.452930594431269,-53.46013841243421
9.538312482533067,-42.32370680093325
9.623694370634864,-40.44184057812863
9.70907625873666,-35.7097751592604
9.794458146838457,-32.71439365513881
9.879840034940255,-31.51056919874947
9.965221923042051,-31.679069272092057
10.050603811143848,-30.095160544089683
10.135985699245644,-33.02317832601394
10.221367587347443,-33.70660324090142
10.306749475449239,-32.08676836137877
12.167239490075131,-32.829993046372785
14.541394811768761,-33.71249610952414
15.828005747920086,-36.66027266969754
17.235590170671088,-37.08619921435529
16.74693795557076,-39.85951127390769
17.413953576808286,-54.9514103510844
18.03239788740361,-55.85908677529179
16.674474379026552,-57.96354131129385
17.757154196713625,-57.485362415281614
17.348320201784347,-56.49204994324044
18.207717973602172,-56.288377394443195
17.279355756103666,-55.87416935352977
18.169503245432335,-56.45384459070746
18.00843678246589,-57.1324401340722
18.802804584430184,-57.023453131662166
17.797865688599142,-56.262333446775784
18.84845745745426,-42.38202332239411
20.00753395090217,-39.81325488416638
20.899898188722013,-42.065805488136945
18.97691559967132,-40.3129853986203
20.10079198487407,-39.7790305912189
20.93830746845528,-37.82254007392366
22.02452892485715,-37.72402062556374
23.035353041446985,-34.90391096636392
20.936768445113557,-31.557287725499556
21.334751320682873,-31.299515747910096
21.732734196252192,-30.04985647122697
22.130717071821508,-34.90895186633299
22.528699947390823,-35.209591688432404
22.926682822960142,-35.354065799142575
23.324665698529458,-34.68665695868205
23.722648574098777,-35.09278722226251
24.120631449668092,-36.70746833166595
24.518614325237408,-42.15562814656284
24.916597200806727,-39.78479200681047
25.314580076376043,-42.08353742553003
25.464600372308947,-37.028290991594034
26.266459367565815,-40.37437369834408
26.477767562996423,-42.98936256694196
26.927615254042028,-45.42138292286154
26.07343486331258,-44.785842775404404
27.582472399091,-49.89075165130341
28.259493029186373,-49.24696685461723
28.692129450587842,-54.73705521776195
31.00136692510384,-53.83449194029621
31.02723612529165,-53.93002524691231
29.924604217189156,-55.30406118318911
30.664009635372185,-55.72277302887101
31.403415053555218,-55.72449472718735
32.14282047173825,-55.71845884445874
32.88222588992128,-56.08994753452837
33.621631308104305,-57.11878663502084
34.36103672628734,-56.65243042575355
35.100442144470364,-56.04787307073178
35.8398475626534,-54.09859681509808
36.57925298083643,-44.95321734317085
37.318658399019455,-40.97137809613015
38.05806381720249,-43.995942340377546
39.177940287918666,-55.18648365500114
37.37510899673358,-55.918251341633486
34.09819195185448,-56.19561735829222
32.91475223132332,-56.52451508380183
34.997836711783954,-55.85865697776147
36.165681719253605,-55.91719439239427
37.830803267140965,-55.375513620425814
37.353419428178526,-56.02546246688872
38.66491403947284,-55.9118346368024
37.19440823068479,-56.01397202308968
36.73805154668801,-55.67456114604336
38.50793528585012,-55.88228922402467
39.931116406,-54.70316768727642
39.910160355068506,-43.87283543186372
38.47823955114975,-47.35841694618367
37.905484482335915,-43.01229967859539
37.65363260952553,-42.28511043185952
37.70840719077736,-40.90576043920712
35.400784019244455,-45.64683567720451
36.83224702762456,-45.46925277859657
36.9986053251655,-48.86446058785305
37.606339474151504,-53.833086519382796
38.41697319094081,-49.00663003278548
40.28348835772421,-43.40661816508994
39.53602886864789,-39.25915400606401
36.00572006422812,-38.13139784924795
35.8784309320625,-34.400626242696084
35.751141799896885,-36.647084365054134
35.62385266773126,-36.84536286178886
35.49656353556564,-33.377716606893614
35.36927440340002,-35.865283513899065
35.241985271234405,-34.13182765444683
35.11469613906878,-35.94544632465316
34.98740700690316,-38.12794459933803
34.86011787473754,-41.702224457120934
34.732828742571925,-44.43764644714968
34.6055396104063,-38.00666490199619
31.947727643447607,-37.62493455237272
33.709972919560585,-37.04675299828185
32.83471198203554,-37.30926873741823
32.76096481562464,-36.99777960882602
33.487427797245914,-39.249874683403
33.02372876449502,-37.5890754237649
34.916183526919184,-36.187353042411694
34.49349500530377,-34.220257656011775
35.00320611782072,-27.952410391618148
33.714126283565314,-26.937090061302776
34.30875666920742,-26.622468814106693
28.861649628555597,-25.973963743280574
31.389481758565744,-25.956803030526373
33.162044618336914,-25.71841912701778
32.97621795137132,-25.695573506699315
33.017363574033155,-25.65203525272814
34.09387769368062,-25.644293782863755
35.68882294068372,-25.541828147561024
35.970568109153525,-25.30665926518999
34.79962603115854,-24.559505396421166
33.95278962146973,-24.502617261421406
34.69243666399076,-24.470239643855223
34.58589043261723,-24.555673929218884
34.4793442012437,-24.275064721422357
34.37279796987016,-22.246071051925988
34.266251738496635,-20.895121966451924
34.1597055071231,-19.168279731692277
34.05315927574957,-18.762752744315502
33.946613044376036,-17.841190384045408
33.84006681300251,-19.438631056610124
33.73352058162897,-18.50278468352448
33.626974350255445,-17.750585296629822
33.52042811888191,-17.43594471761135
33.18522693525326,-16.536326914550006
33.29799123160961,-13.077311314704389
36.55073659341095,-12.521701867879235
36.44341165535033,-11.736591774868467
35.70309449843563,-12.052054178644537
34.67223867617447,-11.351138597625576
35.89207102311079,-11.826498728514062
33.87256747593471,-10.084842770613378
36.14019941614584,-9.981840635185259
35.51171456899725,-11.060511258711458
34.14584467017705,-11.331523476352464
33.77090061769436,-12.163485472233218
32.86550572808536,-11.173766500627194
32.21777602605062,-10.648315941189296
33.76640022207636,-8.545832550522
34.17703897159806,-7.881523814670715
33.092461850075104,-6.531029881306754
33.93108650657567,-5.657419276690085
34.77865297038007,-5.4835973024657285
33.259794904261476,-5.404621269139358
33.73953836650711,-5.068731335603772
33.47249803830474,-1.6081601463128086
34.236789724561056,2.6813773519983486
35.988204148250794,7.398775770748205
34.6019247892519,11.32143465005789
33.628467648490705,10.989303648886844
33.97039718418939,9.87508856209572
34.883892274993286,10.27921183873953
35.07457154224697,10.111281294232299
35.474430668407706,10.546274680335927
34.863938323557335,10.663239269611386
34.766579036724224,9.247919055518313
32.596236664074844,11.352022297759747
32.52735356880745,11.222782763463485
32.45847047354005,11.6655999733975
32.38958737827266,11.895858398393488
32.32070428300526,11.062043272747442
32.25182118773787,10.12896616420671
32.18293809247047,10.951346833613945
32.11405499720308,11.349267626656557
32.04517190193568,11.803367794526686
31.976288806668286,12.760726234436468
31.90740571140089,12.354768768829853
31.838522616133496,12.167239490075131
30.9926067644162,11.443375619975141
31.861963265330107,11.886823959923332
33.069092372966985,12.511060463307377
33.479514480238116,12.307580142401688
35.98590674019441,11.53408824956567
37.316793675519236,11.07303550161793
37.44543830519358,10.322681982406701
37.21598915814309,10.525654420935751
37.19542879624716,11.300609134989031
39.26715771051059,11.02811154116422
38.6481138094377,11.624150096801836
40.52110050380436,11.213824008894937
40.613761443283835,10.786926242827484
39.4038618267651,9.993816833135776
39.13110967227991,4.714855971297665
39.52019791752022,2.6846567093591167
36.92761702310914,1.0617987219468297
36.17204827164616,2.776071483094205
39.38152869968199,10.828445143469331
41.34728648262358,5.405780685331901
40.189003679980964,5.176591886178606
41.672406153807444,8.886319675112404
44.15211800627792,9.794458146838457
43.788120650405624,11.5583842060249
40.932083840953375,8.93840922012741
41.12005913730399,3.777008417950247
40.91819931659583,4.262789608470702
40.89110885891352,1.3489205261504424
40.86401840123121,1.5207770276196704
40.8369279435489,3.6928931193535752
40.80983748586659,0.7743954167425333
40.78274702818428,1.0131960689030064
40.75565657050197,0.37251017961013555
40.728566112819664,0.4459423533508474
40.70147565513735,-0.3818406637952898
40.67438519745504,-1.293616997556858
40.64729473977273,-3.2670640104903885
40.62020428209042,-2.4823770513214063
43.066690650923135,-3.8184472669101015
44.112192391451664,-3.9056160363986256
44.070491130116025,-4.363961105239216
44.028789868780386,-2.9525955878488443
43.98708860744474,-1.4165279563337294
43.9453873461091,-3.5440199333585154
43.90368608477346,-3.9202252626212335
43.86198482343782,-2.1288415674906944
43.82028356210218,-4.845680443162989
43.778582300766544,-4.11650306957624
43.7368810394309,-4.479869381028816
43.69517977809526,-5.218797200286022
43.65347851675962,-5.428800887349076
40.85768185795118,-5.225483989771313
41.38264915567384,-8.08905308741386
41.82187577893701,-8.360243941069736
42.78628951997713,-8.51807053911934
41.826827980155485,-9.413282283560074
43.73856547965186,-8.506425795935789
42.92845552219568,-8.189533456772537
42.682286406246654,-8.59157662559409
44.901066559833296,-8.520529552567542
46.403983880514716,-8.518164007146021
45.98862866526953,-9.037397762719806
45.44491864061549,-9.758364034079861
45.626015500067446,-9.884258482153133
47.207638633800634,-9.763255651573605
45.19892453978259,-9.775871617196977
45.17060827043443,-9.688912865753105
45.14229200108626,-9.7802341205142
45.1139757317381,-9.67234296013345
45.08565946238994,-8.567001391682856
45.05734319304178,-9.193122340838414
45.029026923693614,-9.76582044408573
45.000710654345454,-9.913137500136699
44.972394384997294,-10.386106942489869
44.944078115649134,-9.886948333454907
44.91576184630097,-9.697265656199175
44.88744557695281,-8.914616447801272
44.507821680850675,-6.9097216080668895
44.128197784748544,-5.212110410800731
43.748573888646405,-3.953132687885946
43.36894999254427,-5.252231147712474
42.98932609644214,-5.729494347463196
42.60970220034001,-5.085234244900323
42.23007830423788,-4.188712593802302
41.85045440813575,-0.6692765060331076
41.47083051203361,-1.4337467593775712
41.091206615931476,-2.430845757790231
40.711582719829345,-2.110718425930548
42.65697463903101,-1.9537704541952294
44.08921218751914,-1.7153561437503577
44.44596743914311,-0.3422125589506487
43.43473014868075,-2.367873095845731
43.84887464867682,-4.001715248322883
42.2328326987927,-5.131621370426206
42.9719195613529,-5.4349766068796805
42.401467978799786,-5.256197888214454
45.026060108628364,-0.8799226566523262
45.932383393664836,0.9531649406146558
47.92643769732724,7.199835297842085
45.382270996420054,7.304584207646114
46.07465520022749,9.538312482533067
45.07736691569504,7.658054043897899
42.72024435408396,7.226171026671091
43.3189732550283,3.1358681782604316
43.570342315678566,-2.66468912265924
43.821711376328835,-4.498374847160604
44.0730804369791,-4.234479593635557
44.32444949762937,-3.8671038787082095
44.575818558279636,-3.958449990196377
44.827187618929905,-5.44865714964075
45.078556679580174,-4.630284583666091
45.32992574023044,-2.685622684175126
45.581294800880706,-2.7668617190312492
45.832663861530975,-4.650873278141017
46.084032922181244,-5.572583733079358
46.040367194918105,-7.293082146575371
46.92058820221636,-7.921550319939639
48.0640756090633,-9.966991370166994
49.857050374834415,-9.112842668128899
51.782086371733115,-7.863251854910079
51.94200728774618,-7.912935180918154
52.59265338055714,-5.5789796142361485
51.59707528264523,-5.594017634484264
51.545118451838555,-5.881412048663531
52.364156797068944,-6.27462283925667
51.416755563060434,-5.4398059917379715
50.697029591402206,-3.2258523487305246
51.268501872349844,3.473580680321945
52.496656498412456,3.861453760931368
54.23610465860272,6.980991882297419
53.27595220967748,8.114683092079066
53.020238167752964,8.936190315659625
53.2264878302763,8.232341650805552
54.61432318099559,6.9399544124601835
54.66149480719084,7.408592256702633
56.4011488350555,6.828107379856415
57.20553565892162,7.6453884645793755
54.78767624905457,0.556693316580742
54.0012780822879,-1.4310833114031758
56.68925029315031,-1.7654317206907837
55.66344213969214,-2.4565808401075224
57.14333376707239,-3.9644171972294844
58.189174050408546,-5.37789982133589
58.30776074128019,-4.848044554104421
57.403704561453154,-4.315808444090454
57.74312900173002,-3.3984712273151545
57.719877788078065,-2.6901780841538203
57.440227016645466,-4.472669238176966
57.96979246264117,-4.360678900628678
60.84390727329838,-5.253657769078494
60.17606529628806,-6.117942308106375
60.492243824277104,-7.112523602929913
59.45355013692262,-6.808019841066875
58.06718189137869,-8.687393436265992
58.63130832583417,-9.154892805104035
59.690550407555314,-8.121711566490768
59.509159211154035,-7.291956368825213
58.183038568936425,-9.960630278329544
56.857024874412424,-9.960059002467347
54.611329042999955,-10.242460913118299
55.23863251013114,-10.068559343467953
53.32823283954208,-8.129654642184857
53.27535362308155,-6.927643864028723
53.29373616397196,-6.013088516116026
53.45625357075477,-5.731877276996382
53.61877097753757,-6.197096595487265
53.78128838432038,-7.7949424297425285
53.943805791103195,-6.972795312736638
54.106323197886,-7.773523331445405
54.26884060466881,-10.399740471251246
54.431358011451614,-10.331497999681815
54.593875418234425,-9.591099156755487
54.75639282501724,-8.380532177338575
54.91891023180004,-8.815503337637459
55.08142763858285,-7.36460645696177
52.404144616328416,-6.258102356644878
52.80958363082095,-6.700142233382948
50.99740472056535,-6.096904918281037
50.56796356306949,-5.998024870544697
50.7073380501186,-7.741767276974294
50.7237773153229,-5.526363678001118
51.327492846293374,-5.1807278429439645
50.828086387478834,-4.756435585687806
48.964763424111176,-3.335360445330235
49.637850995855466,-1.9503129770075627
50.53191324565608,-0.4390847201886255
50.72339499096753,0.917160758993258
52.87578390613708,-1.3719717635867088
52.89234879361878,-2.971651642325308
52.90891368110048,-2.628432779997531
52.92547856858217,-3.181933485456393
52.94204345606387,-3.8791477628750846
52.95860834354557,-5.214333836412562
52.97517323102727,-5.6556193773468
52.99173811850897,-4.091456161399332
53.00830300599067,-3.7301899678375445
53.02486789347236,-3.779058626283777
53.04143278095406,-1.6429840007153202
53.05799766843576,1.2335062230431955
53.44637226980427,3.8315182270962835
55.09667946336303,1.979132570525762
52.694340162478284,3.728777890170602
54.78868296555352,0.8594368650380316
55.36133577278296,0.2276515625904172
54.664145723855135,2.8649002032808175
52.245878437587,8.710850286693967
53.58293357236019,8.251169492614212
53.72617386975244,10.539743991620178
54.33637269875872,12.673480529993471
54.62751122704115,13.611804604922535
52.40830611464713,14.240847074018566
50.158704499428374,14.840928525426527
51.646129018638305,15.152446695744834
50.39769721056745,16.091784767292683
51.44541810978883,15.800660138917092
51.968886254657974,15.304373154716277
52.20420037384126,15.377803482365549
51.82019413312866,15.44420546510453
54.57099094411547,15.659065730243599
54.09231799077584,16.081159880216216
54.14360272661846,16.635652678705068
53.67379112102867,16.25844202288354
52.545954718843404,16.856334230726606
51.505609882560535,17.316186415439777
50.15692843096869,17.400402873322196
51.40282915724665,17.68185335085655
53.97235393774284,18.680233229833267
54.57968600527565,19.124767064335565
53.59158533162303,18.90137190816312
51.8202390736751,18.42691942442701
53.90111963453603,17.342062406648584
50.683758963186925,17.20872455268061
52.92758099048223,17.46300718050365
54.81404406304481,17.408599160344203
53.10822193918881,18.12318987041527
54.47440394827637,18.745585868201207
54.769213681065324,18.00843678246589
55.06402341385429,17.328755055909458
55.35883314664324,17.245755779355513
55.6536428794322,17.23423142573395
55.94845261222115,17.63679404734264
56.243262345010116,16.6443443152972
56.53807207779907,16.89154268330103
56.83288181058803,17.26654942038552
57.12769154337698,16.74693795557076
57.422501276165946,16.56605634419225
57.7173110089549,16.542535495471615
57.00167817570591,16.94021348867179
54.856589682362596,17.840010204374106
54.7326199130524,19.78099619625825
57.04572872119468,18.335156196154855
56.64696616329186,19.332602857057598
56.75321192668666,20.17611970717923
57.62755675360138,20.752843578243894
57.94079212155666,20.3324057007064
59.65880330643629,20.227437100353868
58.0358217980971,21.202161974281953
58.2626206078883,21.18723483158428
55.91624233887648,21.06741095519646
58.24136164544739,22.481143081534093
59.115479874716826,22.74064568770817
59.98959810398626,23.040709469244366
60.8637163332557,22.418730461814604
61.73783456252514,22.821367394581202
62.61195279179457,23.3579489602705
63.48607102106401,24.562971519106966
64.36018925033345,23.7526222820442
65.23430747960288,24.518614325237408
66.10842570887232,26.73298633326148
66.98254393814176,27.052521130239022
67.85666216741119,27.57502963052773
67.53169684296957,28.019567063339206
69.65301958321194,28.682931697055484
70.04177815997679,28.287506279804088
70.08044764508637,27.80734170725651
68.73314380724912,26.740440422827206
68.60056266949022,26.289956982677268
67.34735670688222,26.40735917184172
68.73062578329589,26.300013351664482
68.60079108115698,24.585943500580274
67.79095390299453,23.663063758397428
68.87990598837447,23.6130769670757
65.97229626765737,22.449797064067162
65.21392797065171,22.26461368382391
66.04543621254905,23.12688671924837
66.43323437472799,22.620602577593793
64.18143129804155,21.726110536246953
64.28194290354608,21.87886527547618
64.75744339208686,21.50151354496101
61.535522043970275,20.75309342386226
60.546381129623555,20.951604904972605
59.595317185929524,20.980895840036954
59.00215459024726,21.390562995426485
58.14469635728469,21.51575054094175
58.78941281033776,21.710515869897687
59.43412926339082,20.38780065780466
60.078845716443894,20.28025408944644
60.72356216949696,19.212530774662937
61.36827862255003,20.00753395090217
62.012995075603094,19.476853602761537
62.657711528656165,19.993710468561403
63.30242798170923,19.451180959869923
63.9471444347623,19.93737243219648
64.59186088781537,18.60418233270853
65.23657734086844,18.7962744681125
65.69854686263163,18.150333721334324
66.52820460254054,18.357434264066544
64.3509379902054,17.9470602049213
65.32610907569865,17.866845970955886
65.90334058392365,18.223637997438505
66.79577789416271,18.11489805997166
66.80104943432235,19.393046095072087
66.81096427204508,18.443361641681978
67.00724849510024,17.48748875326278
67.20353271815539,17.026639858542378
67.39981694121055,16.067732834330638
67.5961011642657,16.034127773009022
67.79238538732086,16.102303231070064
67.98866961037601,16.719145760228773
68.18495383343117,16.172015805568194
68.38123805648632,16.630644466471985
68.57752227954148,17.12950960920324
68.77380650259663,18.57827585139243
68.97009072565179,19.02833749478536
70.1425651706401,19.300371900204023
71.11708645584508,19.800719147439885
70.85860955397581,20.055719470645446
71.43836262255465,19.9575495921457
71.94556523336959,20.796333934027853
70.62772746816786,21.20856342242911
70.70737680669502,21.521642299999108
69.97678395866886,21.117404682858602
71.38249232104798,21.563035470293627
71.72409198841395,22.568420206698743
69.75107194377132,23.36538773153889
69.47814717086358,23.511103645077537
69.43604352536641,23.97731849698383
70.72402874126045,23.74135937937346
69.25778033869078,22.212966314393583
69.92308067321778,21.086672641803524
70.5094749869174,21.516744839623207
70.46331547949254,21.28114076037572
72.30439327973313,20.845223075125904
72.0566712744432,20.11718141514266
71.24645716092314,19.789512282746553
71.10359845260041,20.738188880095908
69.21375778028832,21.404884755589915
69.3477777795348,21.46107510618508
68.60439965315771,21.09903965890614
67.91319681531215,21.592210543685017
65.39615289057414,21.296314055235555
65.52998950094239,20.979259611410683
67.32849481479582,21.09644677292011
67.3135570495682,22.158088791744618
66.31343851292081,21.21211202678389
66.329970015206,21.172100155744438
63.125862024078835,20.207511776954682
65.20846625429935,20.348824881032215
66.79648029896677,20.113563499074104
66.57763899817994,19.919060925130648
70.27608753743867,20.393056605704718
70.08494714050563,20.303528204281662
71.10683020096847,20.924518313206
70.65503961152628,20.899898188722013
71.24708932205381,21.610373655924533
73.83246325773327,21.50910246798496
72.96833359087377,20.742062042701306
72.6410217121742,21.15604397134591
71.98830002968387,20.890632660210414
72.04197466332378,20.422047848498547
70.95353087600543,20.8818591937943
72.9933652727825,20.412467742848897
71.86331974855933,19.98181000594533
72.61264284618493,20.068716531527482
71.10627411573472,20.81619141796647
70.72394760485975,20.127841468689706
70.85389604171998,21.18741743829366
71.08770857055174,19.72814872518557
70.46600673508802,19.02478323047097
71.34823432244649,19.388288598501536
70.46228025384805,20.200416923106243
73.37144050236225,20.569780191410572
73.73451592819421,20.29597025002398
73.48292057404522,20.936768445113557
70.48644936322009,21.70896750901287
70.25524332758687,21.75508636871671
69.62923355058403,21.97141647683063
71.69264986120766,22.269243726866392
70.84811713291884,21.882545434259203
71.15328590994174,22.177131494644208
71.23348081017404,22.748149780406123
70.21501464444145,21.940611964929804
70.53241108589101,22.00363966552844
69.55571171387481,21.937642628836414
68.90331386836196,22.039250023669023
66.74377413982427,23.119261122225126
66.24566912301076,22.49272170399597
66.56616704998055,21.915741590921584
64.36269202503503,22.02452892485715
64.09616340814495,21.944815103285528
63.75222033765662,21.570102769433632
63.761253906829765,21.95361282834985
63.06896110288132,21.901305952112878
64.66893280540641,23.200942104506314
65.30988883122403,23.864970389514017
66.31405508788899,24.38797856173463
65.70420171810981,24.76816475407058
67.61054034452017,24.918271101110225
67.7002370123011,23.979384409582007
66.86192806206657,24.552245362245777
67.04906259898401,25.678824090936857
67.34682688021053,26.294614524599467
65.43414681359994,27.099666346077186
65.58585378581523,27.163520982778987
64.73535541019886,27.159298483977913
66.02896114335307,26.481037820211505
65.92750618562266,25.446997995371706
66.11571464007454,24.44928939866386
66.69784656226304,24.285401319488187
67.27997848445153,24.290542571804465
67.86211040664003,25.253537667371912
68.44424232882852,24.00184605695262
69.02637425101702,23.998381893225417
69.60850617320551,24.52398177789714
70.19063809539401,24.418633980199246
70.7727700175825,23.358789555209146
71.354901939771,23.975595665891937
71.93703386195949,23.21493897083392
72.51916578414799,23.67499867088618
73.90062311177967,23.2235836708362
75.63890633951951,23.039103816933373
75.97289168779781,23.434745692374005
75.97191809340408,22.278846101840127
77.28369958930317,22.73239356985236
77.09128219712014,22.27813206409888
78.51823479218972,22.257028110337245
79.09208628212467,22.867750922317104
79.33180576039253,22.062112609515093
80.23238514701218,22.636240106731027
79.91300938963933,22.58803383893967
81.06153977255445,23.035353041446985
81.50261763073154,22.33275855625296
80.27975479359932,22.522900115465806
80.91745412046389,22.163049296609472
80.27626247457813,24.968616815517706
81.6747357970693,24.265356887876173
82.02701120570015,24.355176396315233
81.82547390683506,23.753168312504993
82.98381470186446,23.44094565704215
83.3653191660757,24.010712065728285
83.5497942837336,24.441187143711772
84.04294617249933,25.79661940301521
85.42417832801135,24.008640075960397
86.91583736548617,25.14776654901488
87.61170943733288,25.318508453026322
87.72548697102167,24.27456898119886
88.72281945674105,25.241945519190317
88.42601709851739,26.082691771157545
88.53310324762788,25.277500014159248
91.12516696461866,23.82608652605993
91.55786638547643,23.27529048930854
91.47636288706222,23.74412386978605
90.76100765596537,24.120631449668092
91.30929192798477,24.43878032895879
91.85757620000416,24.258188765658367
92.40586047202356,26.255594508785105
92.95414474404295,26.811804995192222
93.50242901606235,25.506611661910256
94.05071328808174,24.485573952917754
94.59899756010114,24.089666604453647
95.14728183212053,24.52850086324001
95.69556610413993,24.08723832657382
96.24385037615932,24.458284685661116
96.79213464817872,23.804284741195925
96.61565322840423,23.950441011965506
97.07262368157959,25.07778270483093
94.93029814439933,24.08855243922785
94.34340070905745,24.392537166248836
94.447349085381,24.754428504601865
94.00509309047385,26.451181076564392
93.5897105541673,27.382497537165314
92.68718958590219,27.90986451091966
91.31093340972694,26.42536985045667
91.94620686448282,26.55912992314062
89.66910080477909,27.39336247194905
89.6916149697066,27.5150776450513
89.71412913463412,27.775474201078264
89.73664329956163,27.677300744079595
89.75915746448915,25.12332309260308
89.78167162941666,25.151780302669152
89.80418579434418,27.82972531030304
89.82669995927169,27.675160452846598
89.84921412419921,26.94134624307583
89.87172828912672,27.35736452945077
89.89424245405424,25.314580076376043
89.91675661898175,24.545310522306494
88.85981649130204,23.165843063304564
93.02410728653099,23.036398647966568
95.60795226701721,22.351735902058753
94.4038570939152,22.33748319282265
93.0053452798326,22.746574211679214
92.31335113226162,21.82887367114288
91.30097199233626,22.21635422312034
92.02297850535174,22.22411346896215
89.56961622710666,22.07962454416215
92.7563667523113,21.929422153831375
92.3286499932977,21.688458366241605
93.69333106136996,22.243104177119367
93.47616618176056,21.785034220326395
94.61638911184059,22.969031114895888
93.79779901909639,22.926682822960142
96.92396579904647,22.666378048688912
94.97281498543752,22.130717071821508
95.58332120737856,22.946297427466785
94.84500856210991,23.89519970148529
95.09217514056802,24.366410462848734
96.5334833389237,23.8034640591081
97.58642635921815,24.937647126571786
96.91782544859853,26.018388089349376
95.54472323762555,25.99214895206858
96.53473601084886,23.618325703964704
93.87314402707284,25.739500790592974
93.48147753576556,25.38839527011408
91.05020332098253,23.430737846204508
94.54361849373596,21.936589314691535
90.59811995723483,22.729847547168678
91.01330520553954,21.449998450006987
88.53720858400527,21.353916145730686
89.33739558658024,21.652576770780865
87.16161376208832,21.41588765572472
85.38288637062281,21.553527779719115
87.62041376992424,22.022651384411187
87.2217383457109,21.714089051928084
85.48643171407407,20.70441766790066
84.74827651348063,20.21130748230109
86.90006809913855,20.474944143769264
87.63194198675266,20.944071123582198
89.9601129559455,21.38631255292299
88.85357472097157,21.13934470901181
89.31560926439312,20.549461885442625
89.11419525187968,21.468105151196337
87.2045747890043,21.0272327281127
87.12176619497653,19.985195323526103
86.23714285130775,20.025875688748325
87.74656547819575,19.012519092555763
87.55709018229821,19.514894687893896
87.80962073787627,19.803179819118515
88.06215129345432,19.32327983531038
88.31468184903238,20.22643293040545
88.56721240461043,20.692762423509723
88.81974296018849,21.647224125139644
89.07227351576654,21.473998388479767
89.3248040713446,21.877622539867478
89.57733462692265,21.831045178225615
89.82986518250071,22.532509494633146
90.08239573807876,22.10713286285125
90.33492629365682,22.27595847418621
90.58745684923487,22.63238352798553
90.83998740481293,23.12649986846635
91.09251796039098,23.00000020197013
91.34504851596904,23.33284158001717
91.59757907154709,23.84078351525099
91.85010962712515,24.04686201168528
92.1026401827032,23.751196311461918
92.35517073828126,23.360227809168695
92.60770129385931,23.088720284732325
92.86023184943737,25.018033083870513
93.11276240501542,25.888067493963984
93.36529296059348,23.71768479934565
93.61782351617153,23.160477352627993
93.87035407174959,23.99665572253033
94.12288462732764,25.11008184538777
94.3754151829057,24.509585984191506
94.62794573848375,26.57602286342368
94.88047629406181,26.578857602205115
95.13300684963986,24.733482740064545
95.38553740521792,25.170342740327243
95.53640134573412,26.315715758054353
94.85812293175728,24.68238296490585
92.69244109435276,24.65080474667224
92.56203617240308,23.17155047871624
92.43163125045339,23.17529235471699
92.30122632850372,23.564550054680538
92.17082140655403,23.308920867731082
92.04041648460435,23.233177597314917
91.91001156265466,23.021438339063565
91.77960664070498,22.767556853012614
91.6492017187553,22.744722258438156
91.51879679680562,22.93685481648553
91.38839187485593,22.790569591145264
91.25798695290625,22.90124681721689
90.18704642007592,22.735145490966314
88.9794195056123,22.274751123266423
88.30104833080264,22.591154997985495
88.35680825439819,23.23273775790789
88.38134910362767,23.113172077674538
89.23313943023086,22.09939940816583
88.73363258336907,22.192681469057156
89.0928000391454,22.67250379077682
88.78359213553485,22.858842302648362
88.25487928817132,22.25286258669584
86.95216539974595,22.85228587755767
87.40649837680492,22.85790687983424
85.43929094213973,22.72601618511488
85.11205599002211,22.509689629190426
82.99218744380546,21.755202316031088
87.17386922784232,22.00102780971375
87.13493919848219,21.567319576766383
87.09600916912206,21.4664639218888
87.05707913976191,21.922394506597545
87.01814911040178,22.35339045084429
86.97921908104165,22.183613254100386
86.94028905168152,23.76496725330775
86.90135902232139,24.110760485023615
86.86242899296126,24.223474253403378
86.82349896360111,24.177811949603345
86.78456893424098,23.43256717992791
86.74563890488085,23.075837127650413
87.94886339930162,23.840374329180587
87.59434395486028,23.361525371079942
89.12346576471947,22.306047810777752
88.88783621859098,22.63934998734394
89.89592830112865,22.28038381284812
88.77288933996586,23.273069109293562
87.48758400782178,23.907680597126642
83.13651109855086,25.222588074731547
84.93441775364477,25.810582306494247
85.20062799610925,24.067070676445574
85.95562087785174,24.945036109254207
84.83772181517116,24.470324658585316
83.8355597218869,26.319680356998873
83.9478016784029,24.7468030078889
83.04898616946807,25.945433112940304
83.36272729715796,25.163185655620953
85.78553917604647,23.43296614091259
85.2224024786137,24.05519797510486
86.79120958647135,25.266075535853986
85.78350637542263,23.575582138507013
86.09896290751735,23.633830318421307
85.67940095927715,22.633343772666613
85.06030149411554,22.679312327798293
84.18652705964385,22.10261282437686
83.72106897435467,22.65104562313006
83.60479661710121,22.234639589935224
83.21683469565644,21.799528149151016
83.82014531082866,21.732734196252192
82.90556817141267,20.765861945665755
82.21524757142282,21.596434713105083
83.9098479410309,20.788733262891604
81.80501545477699,20.090206129122162
82.82372513843269,20.19762604172606
84.20081017448183,19.04977918893712
84.44878606317494,19.916895743773523
84.16287667732462,20.252607427783506
82.33044576502621,21.451914157364552
84.01407040047313,20.376269651674367
81.47951252822855,20.54396851794856
82.65232173654084,20.027488409364572
84.11427309493115,20.325143496958795
82.88190100146622,19.846221171210118
83.23016414102975,20.837257640355933
81.67597268121646,20.289024926643297
83.22888143257086,20.36757360008214
81.37919461369825,20.961100391428023
81.39389633839406,21.687219680271298
80.09474185409756,22.32694918791103
77.50392518217521,22.380763447191107
77.0096517716725,22.17909824497957
76.52889264834727,22.61658750681815
75.85095855701695,22.369862468288556
77.04173929534767,22.676851502248805
78.38970912946463,22.943024385813303
78.34808946668615,23.211850051119367
75.83965528206821,23.058099097435125
76.36922238890186,23.715856837038444
75.18010536835463,24.474192968000573
76.62628110504048,24.072554267388696
77.04959549507424,24.9407642674192
76.86347372263847,23.56095839851798
75.87298218271836,23.75143497021574
76.98396121639604,24.287103391591028
77.4511340551201,24.13011662334857
78.9388892901399,25.00791495296253
79.8038781506012,26.353269493778193
80.42880840656473,25.13370790007577
80.26130676393771,24.225050428246224
79.69137710323061,24.605537590965618
78.05235307250284,24.757638112145177
77.34848132600051,24.42597306620635
79.11489705240743,25.060289712810256
77.65046421894121,25.75305137534465
77.89517392303328,25.67375269774713
77.80777365986586,25.672348784607383
78.87241455526606,25.766158914787542
81.40291495557476,26.127627189575964
83.2246655587971,26.33624099123416
83.67300388959048,27.369871321425038
84.42101771122512,27.93811393634836
85.16903153285975,27.665141546865016
85.91704535449439,28.21328700154941
86.66505917612903,28.538570123602426
87.41307299776368,29.89759355009344
88.1610868193983,30.964533903541096
88.90910064103295,31.342801633344983
89.6571144626676,29.923917790855338
90.40512828430224,30.126180132429802
91.15314210593687,29.28994734736482
91.90115592757151,29.20469163269003
91.91458586917919,30.192812511697916
92.12024819492348,30.89157243665904
93.09171141779551,29.41338374090546
95.18144675083576,29.40563832383501
94.63460751306584,29.130910645367894
94.6319879977885,28.590890200781587
93.24759105689486,28.313065137493435
94.14998556724433,28.78125429051408
94.91884302340712,28.168360910487827
94.85516644463998,27.85748779693927
94.79148986587283,27.579916676695426
94.72781328710568,27.130492197716258
94.66413670833853,26.86427978382084
94.60046012957139,27.556252358591923
94.53678355080424,27.195801332615098
94.4731069720371,26.9485633713159
94.40943039326996,26.40600548228964
94.3457538145028,25.516650735536462
94.28207723573566,26.504662754620885
94.21840065696851,26.415417985383623
94.44658956598899,26.57974597519114
93.29400242098357,26.21254090047397
93.31704077637194,25.872166436879194
91.68628423556551,26.340779339163962
91.56478903154523,25.659948318406663
92.91993643789279,26.010568972878364
93.97608339871431,25.813845001692844
93.27787307364858,25.044793947342665
91.81955617070874,26.03663419733499
93.92749059504202,26.44735541395796
96.26362126867406,25.889390739604156
96.3789110565745,24.223320251614233
95.60226151068365,23.026518002358685
94.41971024909203,24.718073309970745
96.08616343826984,23.606266479307404
96.66426156298998,23.088841736493517
97.2423596877101,23.54373232763554
97.82045781243025,23.41020363840481
98.39855593715039,22.704393638963015
98.97665406187053,21.979244909819165
99.55475218659066,22.811145596717108
100.1328503113108,23.132941854480542
100.71094843603095,22.92389662028016
101.28904656075109,22.69970623063471
101.86714468547122,22.565666033493816
102.44524281019136,21.67810600679021
103.0899966063507,21.781945393520232
102.96594313882596,22.579795507024663
105.70950509415638,22.70658711610597
107.24128896479161,23.100840417801766
107.11196458564098,24.033492550718737
104.43988052453469,24.23245129900772
102.85012631484231,24.985524280529322
103.00828550882022,25.675360494808096
102.78745219084098,25.902968416360604
101.03060388164883,26.503374760955808
100.84310481862293,26.793223183873316
100.30976403901916,27.25667379274031
100.14296232699705,27.487004634678936
95.57611074267697,27.39451377581887
96.68594264426332,27.087638961364146
95.18437445484813,27.20099354274397
96.47382220300833,28.30002373145823
96.58051763141276,27.395154966568484
95.38233680694972,26.52388186216156
94.57425423446283,26.875149953572638
96.60878091582292,27.164482493416454
98.4201549350575,27.352760914121994
98.1650448134357,25.871775452437642
97.04900859680797,26.00375094722952
96.7084184762594,26.032338266553623
97.12378902977463,25.79643387473672
98.30392090535922,25.962350845649485
101.51828303678106,26.004692442801264
99.92224724143173,26.078887821886074
98.61017032791588,26.80875941270998
98.0189085418456,26.88447967186154
95.30996098880857,26.660507563545963
95.5737373529696,26.480285231012754
95.83751371713065,26.662530013626778
96.10129008129168,26.05590080502546
96.36506644545271,25.637074964622325
96.62884280961376,25.636392454274038
96.89261917377479,26.477767562996423
97.15639553793584,25.98309439230638
97.42017190209687,25.748388524856203
97.6839482662579,25.986168040644788
97.94772463041895,25.911045333102756
98.21150099457998,25.741321677734582
95.02552056082865,26.168155427486226
93.6504530952732,25.889281426375053
94.84777486581736,26.50803731402997
96.6443572208987,24.66079312203178
96.86227773815551,23.66210375560556
97.23298351305856,22.90141067793664
96.92986835322208,22.766094986467216
98.63543056079727,22.622494794541048
99.10998229362654,21.747999432356146
98.97044252094695,21.886938062056394
99.62874521392284,21.997053483292106
96.07606692666745,22.166087793387835
95.40242471383198,22.295847243046396
95.92405448569131,23.11537645180443
97.80946619897117,23.921144443248924
98.43240318687957,23.592863172531615
101.04539929758742,24.880838640109346
103.04275553284081,25.790052304475672
100.78607298770547,26.30031664260223
100.50012915179575,25.044380926612533
101.45432996364947,24.20201471192346
101.09648034803199,23.995799202159066
103.16562663114796,24.948130142869278
103.19531605468099,24.51291447158122
102.91595769702903,23.998959434708066
103.80240602397852,23.030492225149143
106.23531531311556,23.631562917493625
103.62709694394763,25.219517328794446
104.19947351794251,25.235233114457404
105.32836193416179,26.266459367565815
104.48584800756792,26.428635104351066
105.28982447440636,27.011756650517277
107.17915195414616,27.811819271711727
106.31176795995698,27.83796133741326
107.63718550143922,28.18422021658677
111.37394737210595,27.859553238335725
107.80371316425835,28.08775691431435
107.3533774086033,28.329741551947883
106.78919208331266,28.52397219734627
107.7576448236363,28.139465489489716
111.424985098737,28.558483860703035
112.70886353942375,28.601303156183338
111.08786827592827,28.871165650523423
111.59512062833859,29.272896204429863
110.885476738356,29.200877751418425
110.93873851857724,28.549117469891097
109.83677958139833,29.13472270491946
110.57302135385271,29.0348190721581
110.3861161714768,28.665379883168203
111.11232682179863,28.361218613140526
109.85835895148222,28.70583159072052
111.7349069500922,29.329630729806055
111.39276616740207,29.056869942633938
113.53992201659739,29.138339628191794
112.84105146914317,29.351816220325304
114.57760175996758,29.061582165693185
113.20150171305345,28.304627510383913
115.79482466210777,28.025359513682048
117.63151708093542,28.596221612213714
115.79229743372919,28.599982388278402
115.44222535451323,28.82031823936467
116.6871640137192,28.151498383673577
116.84846217111968,28.18578367706316
118.1549869941121,29.281592892207325
119.83751497171046,29.339525048530795
122.7088282744489,28.861649628555597
124.14184829797692,28.656031163972575
121.52737687393902,28.74828482710134
122.69953489824823,28.919930599328634
122.77284289645429,29.119435918015235
125.22742438215606,29.395318725821017
127.14295540327669,29.6541833507462
125.77661350560885,29.885164247090877
126.55061193935582,31.683838221997362
126.86169317235948,30.620969244630817
128.47096676157713,31.12156244190684
128.21697328677078,31.073261609333745
127.96297981196444,30.449906787567812
127.70898633715811,30.923062073418514
127.45499286235177,29.592201585798087
127.20099938754542,28.631845927582106
126.94700591273909,28.64435020711896
126.69301243793274,28.278543787268518
126.4390189631264,29.102384775080278
126.18502548832006,28.74862461037456
125.93103201351371,28.602711621675226
125.67703853870738,29.18641006124122
126.71831345563827,29.785496683377264
128.5652615966272,30.792267972062746
129.75719389968035,30.88412997475645
132.41246260722866,30.804220381685436
132.9396072037514,30.98669771111105
132.33237263321809,32.421800361086724
133.02904178448614,32.865867840541966
133.1222286092712,32.49938349060307
134.93694468552388,34.09819195185448
135.09919176660767,34.97849164557808
134.54552754716516,34.69206276568722
132.82298549544328,35.798640587997625
131.9235589103852,35.474430668407706
130.3020470563047,35.70727455115756
133.64950145508828,35.947287559454125
133.91780854918474,35.88290283242853
136.98329885384769,36.189051466495236
136.85289539401495,35.653675094132744
135.78326780338796,35.568537919992934
135.20108790943146,34.579215211057736
134.70912529933202,34.49670133894898
135.54270833060036,33.57515309639481
135.91343156981065,34.20095156379368
135.5374480478956,33.5446943061336
136.97395378285444,35.3027637993687
138.98158063705645,34.847728498394616
137.5098549180844,35.07993701606325
137.0044473558237,35.521984719680184
138.46797094020485,34.51576748432635
138.87400056091354,34.64126848209308
135.93637393818963,33.76640022207636
137.0798472113713,33.621631308104305
134.349377962463,34.28700508722905
135.1479642254602,34.097738928627614
135.94655048845746,34.27561885313354
136.74513675145468,34.65815891176653
137.54372301445193,34.93449256008604
138.34230927744915,35.36927440340002
139.1408955404464,35.47558417822625
139.9394818034436,36.91856884361468
140.73806806644086,38.40258175147019
141.53665432943808,36.819766499636785
142.33524059243533,36.90737985524017
143.13382685543255,36.778727222562196
143.24454189573828,37.239151576361046
143.29574347967718,38.846834815261325
145.1466477855025,38.46779778696586
146.58356619394254,40.524310424486295
147.14749359367534,40.54072297831822
146.69995542934558,40.63953856919501
145.05025231613266,40.25440140866527
144.99798285158678,40.317516919938704
144.94571338704088,41.12005913730399
144.893443922495,43.53601153831046
144.84117445794914,42.739793022095796
144.78890499340326,42.9346043237773
144.73663552885736,43.694601742766004
144.6843660643115,44.028789868780386
144.63209659976562,44.37091217208927
144.57982713521974,45.05734319304178
144.52755767067384,44.79677505020593
144.47528820612797,44.84567190999877
146.47232559513319,45.85231359143139
146.78387670119145,46.245259438879806
145.0731291360479,46.41482637334751
147.16402819569117,47.23441989824155
149.50433644690793,47.02787276720306
148.13673852037516,45.90976366301085
149.28377653479112,45.96110352250677
148.88787404178862,45.120366542260555
150.21179263598162,44.278770633737714
150.8967223349621,43.64796288768073
150.33593559598066,42.99577188384542
151.58491127636333,41.593924468377296
150.46099089308228,40.55427614371617
149.1281731187545,40.62020428209042
148.6206297817397,40.69795580078533
149.10773752169527,40.32694322005179
151.39902143741674,40.7735447715601
150.35321328935416,40.85016496779034
152.66182107839265,38.469401046790324
156.0834085297204,36.802494074209406
154.88069918707646,37.41375153655445
155.71736957103758,35.70309449843563
156.5540399549987,35.49656353556564
157.39071033895985,34.788180766088416
158.22738072292097,34.78720116097343
159.0640511068821,36.01447962936761
159.9007214908432,36.27824800751669
160.73739187480433,36.35300334837947
161.57406225876545,36.37911426071393
162.4107326427266,36.73768794548761
163.24740302668772,36.62255945964507
164.08407341064884,35.7271986007965
163.9157431973268,34.825748754826314
161.86307922187095,34.80815865425158
162.57872035555283,34.83594781232287
162.75863876713993,35.95885754485808
161.99538362422967,35.279373305596
159.7312157999757,35.988204148250794
158.89297938082586,37.32845065900219
157.76744653242247,38.30159867622142
158.25404874110947,39.50650458590863
159.24352403320162,39.80753354064457
157.5913649828997,40.469385656052175
159.2843018906754,40.85768185795118
157.45865530554045,41.940039359018506
157.989310222524,42.63335106364941
158.23227887783906,43.65795390377765
158.65295021389875,43.84713382825323
160.56111432349948,45.33111630133087
161.6504025601015,46.945892215284424
162.6461723881327,48.316307504242495
164.2302986788785,49.91946658511004
164.2361237090102,51.303871741317295
165.01286106796593,49.81083024836775
163.78745056942395,49.72117947560588
162.87074668122722,50.23099215545102
166.55532288708858,50.05372862074984
164.23800788546234,49.18556000537129
164.09779338293356,50.3803137625246
163.95757888040478,51.234825634575316
163.817364377876,51.25363244902775
163.67714987534723,49.8979275454763
163.53693537281845,51.32107861558051
163.3967208702897,51.814810136223606
163.25650636776092,50.68071489819478
163.11629186523214,47.85378103490342
162.97607736270336,45.76133371653274
162.8358628601746,44.654290157046105
162.6956483576458,44.07862157592917
160.81577286728628,45.026648711616765
161.2741641075223,45.578470545885004
161.41191421672497,44.79742478756016
162.1266053885699,44.22929082573898
162.1308636612122,43.85325390882244
160.41282674865067,45.626015500067446
161.96377055951427,44.55849797341864
161.37961761009592,43.95897878529906
161.29824018723565,43.38457107584142
162.6067080064248,42.83402712365762
162.31786879851808,42.286747241090545
162.02902959061134,42.39293361532036
161.7401903827046,43.3292870892173
161.45135117479788,43.344527994122956
161.16251196689115,43.72606981107074
160.87367275898438,42.33252882217813
160.58483355107765,41.47083051203361
160.29599434317092,40.46878324724686
160.00715513526418,40.91169560988215
159.71831592735745,41.90749723195128
159.42947671945072,41.37469352708815
160.9728096825491,41.575551179014234
162.54793524635554,41.92009905879939
163.9447495247301,42.81739592536198
164.97999250804048,41.38024298466301
164.59447205777084,40.64729473977273
162.57991000614413,40.647600137549226
164.21295721176506,40.728566112819664
162.76063661200763,41.64471550763707
162.42852519286922,41.381277740955476
165.43222983040886,40.908202528481304
165.0931034590144,40.72219733797538
163.9535109222086,40.56574243034057
161.5610734066081,41.34297704123851
161.3064826324586,41.68616901897442
160.5035806002901,41.17700500661455
160.4214167665214,41.142513874085324
160.33925293275266,42.575344489746904
160.25708909898395,43.89208922991921
160.17492526521525,43.923737159806855
160.09276143144655,43.19431651048205
160.01059759767782,44.88744557695281
159.9284337639091,46.73741462161778
159.8462699301404,46.846388346723245
159.7641060963717,45.89239065008679
159.68194226260297,44.507821680850675
159.59977842883427,44.54804032421932
158.8677166162336,44.750687456645
159.7592304068107,43.62659069031358
160.12470940408085,43.03119665101984
161.76669442620374,41.16900453480396
162.0208836240341,43.570342315678566
162.54013756836716,42.85780634808063
163.05939151270022,43.821711376328835
163.5786454570333,45.38047308814336
164.09789940136636,44.88617692603167
164.61715334569942,44.58022682752253
165.13640729003248,44.319133741801586
165.65566123436554,43.48746993611347
166.1749151786986,44.70647776203299
166.69416912303168,44.37899879351367
167.21342306736474,45.0670621093995
167.7326770116978,44.53966073771083
169.6743082545652,43.42133567289318
169.11920974328143,44.00501502821973
168.84693230149816,44.365961305222925
168.57465485971488,46.171531724224195
168.3023774179316,48.63803797103038
168.03009997614834,48.93454505974914
167.75782253436506,47.25649812380778
167.48554509258176,47.500813655605924
167.21326765079849,48.73852366299466
166.9409902090152,47.908931028480474
166.66871276723194,47.85268900479171
166.39643532544866,48.55830887640456
166.1241578836654,49.34238411005724
167.30910968609678,48.98827029593682
165.42158757473786,48.363876687711034
164.17818528780126,50.865418476988296
162.89297429200306,51.43800035083245
162.23632506948908,50.71989404619668
161.7253214032444,50.756609869969076
159.9808213924765,50.8392630249138
160.2899278997205,51.91931389213561
157.57694019689998,50.33674551706117
157.87410314265384,48.602631573717616
157.35979769955352,49.68397594507445
159.63881977590566,50.49601131940127
159.38851283730034,49.92608983620582
159.138205898695,50.19817897376314
158.88789896008967,50.02139054893029
158.63759202148432,50.32639817758354
158.387285082879,51.416755563060434
158.13697814427366,51.27952001669564
157.88667120566834,50.260891387496365
157.636364267063,50.05228950141537
157.38605732845767,49.861059963214444
157.13575038985232,50.72441824616518
156.885443451247,50.835463701800066
155.75599539867196,51.646129018638305
156.5634553871866,49.98220023576475
157.43658958796394,50.07392954096078
158.5553874348611,49.70877829876207
157.61682547588623,48.7413179196799
157.5490012426761,48.874572373518255
159.15738638020574,49.516951497502305
158.13682138728674,48.63933573632986
156.44651459005738,49.051619430774416
155.91249979438282,48.6256407666299
156.79178831399562,48.13775200631549
154.98064352193757,49.5825465460599
154.190659506756,51.85458760994889
154.39436407580646,51.397935696951066
154.40667536353695,51.44061863075284
153.18089197224452,50.81736278634982
152.93770254557109,50.828086387478834
153.4016543638922,49.39206797915588
153.47410733721253,50.02253667554285
154.9800400551408,51.96971776361918
157.8077035606589,51.842474835279155
158.08694466996894,52.41932113257107
158.40288765155884,52.6382719031388
157.86811884607357,51.41787050995819
158.25060405300036,52.496656498412456
159.6289757387315,52.34304710733639
158.57348452799624,50.717982924114395
160.79119434287446,50.69732770270318
162.10327201631918,50.32429529347342
160.71279518732547,47.427441428583755
162.21206172407548,48.56424205607167
160.17036905082358,47.391261446751294
159.61263132132373,48.791443865311884
159.08397288225856,48.264012442020366
159.5442874770911,46.55130302294663
158.44383810348018,45.68182487945348
157.12927809652118,46.24328321664641
156.88244367813053,47.48116620332138
156.8694061919893,46.84267140652918
156.85636870584804,47.000735178222286
156.8433312197068,46.32948375463839
156.83029373356555,47.5097749338673
156.81725624742433,46.66448408765483
156.80421876128307,46.841908144670356
156.79118127514184,46.03006068176294
156.77814378900058,46.300096178890335
156.76510630285935,47.09248293748526
156.7520688167181,47.605480093872956
156.73903133057686,47.57738723108222
157.42484538663348,47.31476327784319
158.73881098055978,47.512668809584085
159.72901100288993,48.7555421992807
156.8269439883686,49.26128255653991
156.4110301255072,48.82103534980986
156.06946140746686,49.6219700608554
156.89278602005413,49.551794773535335
159.9880309386813,48.0567677185066
157.26968916164154,46.65550469907451
156.55751543052918,45.81814613071979
155.17849958284884,45.78822091463179
154.7725798134698,46.27149585873422
153.61176095466726,46.317030848070445
153.84248324719292,46.25010957411053
155.44293303375406,47.45998446913691
155.13342411161906,47.46393918266094
153.22352866453417,47.075769524491825
154.95482670235526,49.285316781170216
154.3178538977836,48.86854957719312
153.9494427828026,47.684238298885916
155.9837215260234,49.98110251614833
154.49767694950597,50.95710242924014
154.20828902188057,51.649644459870714
154.5732174838469,51.60592974639209
154.43963354371,52.23375356471783
155.44131991708517,52.506847014307766
155.70881451723963,53.27595220967748
154.77262836162922,53.48476021105217
155.1551231003158,52.7591536223211
155.53761783900237,54.27693945068071
155.9201125776889,54.64210570918406
156.3026073163755,55.433558953494426
156.68510205506206,53.49463865730354
157.06759679374863,54.62751122704115
157.4500915324352,53.53899373628475
157.83258627112178,54.176662512608495
158.21508100980833,53.45625357075477
158.5975757484949,53.27535362308155
158.98007048718148,54.33637269875872
159.4186375953221,52.87082180181239
156.72258364967882,55.10351059025735
157.97496971236498,55.80705150887627
158.10168494327883,55.51010693156441
158.2284001741927,54.63646099618986
158.35511540510655,54.78145299360136
158.4818306360204,55.36133577278296
158.60854586693424,55.033294986065606
158.7352610978481,56.25108068784833
158.86197632876195,55.25238120627384
158.9886915596758,54.33377456771924
159.11540679058965,54.765204593897714
159.24212202150352,54.229292213356146
159.36883725241736,54.13918218574004
160.722460239413,54.58803168358249
160.99691243483844,54.57099094411547
161.2713646302639,55.071901611556505
161.54581682568931,54.896004952153774
161.82026902111474,55.38884730349354
162.09472121654017,55.31803106668272
162.36917341196562,54.6368044591541
162.64362560739104,53.566414963509686
162.91807780281647,54.5633300204476
163.1925299982419,54.431358011451614
163.46698219366735,54.64799867794072
163.74143438909277,54.78112461379446
161.42357826186688,54.4024322264724
160.13794634555128,54.504815870456056
159.38437978702598,54.48666841319701
156.85968459694215,55.783716447582165
155.03983404252998,54.490886622829976
152.63809034029256,53.72617386975244
155.34528881229406,53.441385871548576
155.26953328114902,53.04143278095406
155.2940064802468,53.23948652409744
155.0132810962554,53.40129270133736
155.3581441992166,53.70350733411216
155.3883629596611,53.05448238985938
154.59894926016895,54.58892257091543
154.95951991604088,53.10822193918881
154.91703649210157,54.152099165091236
152.51349620180181,54.210142231369076
154.31803387125973,54.47440394827637
155.80043784768,55.020967016287415
153.1275319511787,55.427922193349325
154.30925977738806,55.47093879323513
155.45866308865507,54.14223354207339
155.49106463371183,54.91891023180004
154.61274730309648,54.54452418808993
154.9703071898101,53.47563586869023
155.32786707652366,53.364049568744825
155.68542696323726,53.49367982948232
156.04298684995086,54.00407071938278
156.40054673666444,54.13318147265831
156.75810662337804,53.911888662751004
157.11566651009161,52.83405140545125
157.47322639680522,52.40830611464713
157.83078628351882,52.33540650342036
158.1883461702324,52.838542462702684
158.545906056946,53.621395928047896
157.31283705259565,52.40293693119844
158.69510106410843,51.097887844229696
156.02380321073704,50.124431841488146
155.2131990497337,51.165745304316324
155.35756211055917,52.71679890666193
155.57255759779136,52.74467264340781
157.865776244616,52.9910500347049
157.45750706037444,53.26637466095023
158.34809171131718,52.97517323102727
157.8073240268958,52.545954718843404
159.67089843880365,52.227429720109996
160.84626582836162,52.15651150284292
160.02110084046603,52.569790262483664
160.06157529117226,52.66014845285812
162.11328275385623,52.19673778869171
161.2541976429683,52.073433646555145
160.2646109208419,52.694340162478284
160.71311762527532,52.735029812444004
158.47455297025687,52.553108824854846
158.70567505024295,52.174145173625774
159.12649083319164,50.29036971163288
160.1683282596294,49.499467761999625
161.20601361058692,47.030327728739415
164.1561302818603,46.246058766864145
163.02443052911985,46.27556105565667
161.62424367633574,46.882517295383764
161.4898367979959,46.30587928112987
159.1165521992109,45.80303240304776
158.7825692337524,44.43714120771456
157.73325531824108,44.72474297741471
157.22954932100208,44.15294550196645
156.7929092812706,42.35714548041224
158.76948998070935,41.48663347115954
157.39004502433957,39.931116406
158.59596529302496,37.70840719077736
158.3234801214942,37.835400691335344
159.14099652590215,38.245936943188845
159.06160873833838,37.733153105503355
159.35764719880203,38.47031733141731
159.65368565926568,37.606339474151504
159.94972411972932,36.67745981993969
160.24576258019297,37.24442430556136
160.54180104065662,36.4166366884432
160.83783950112024,34.883892274993286
161.1338779615839,33.179621207781395
161.42991642204754,33.709972919560585
161.7259548825112,32.87412483413087
162.02199334297484,33.93108650657567
162.3180318034385,34.24643716883833
163.5467605338354,36.2303514852992
161.74783561073428,36.193864386430796
158.50760302540255,34.63946832144432
157.12369467365033,34.88587801777412
157.56043723361734,35.59158031052852
156.62497573435812,35.22563435115364
155.6513404838278,35.100683817197364
156.09263094893504,34.732828742571925
156.53392141404228,34.85704098881327
156.97521187914953,35.339499836051054
157.41650234425677,34.924944537876215
157.857792809364,34.69444240887756
158.29908327447126,33.93767958125589
158.7403737395785,32.19117321005623
159.18166420468575,33.04192259804782
159.622954669793,33.162044618336914
160.06424513490023,32.508343834445576
160.50553560000748,30.280209225139902
160.54207051209244,29.565850660443722
161.67362632474476,29.547783471316272
161.31614181504239,29.7995401583447
161.5968167766405,29.924604217189156
161.8774917382386,29.502367767589593
162.15816669983673,29.492135433653498
162.43884166143482,29.215860733609865
162.71951662303294,30.24534041777265
163.00019158463104,30.00716224708713
163.28086654622916,29.457989615697347
163.56154150782726,29.743395075928042
163.84221646942538,29.528749239822716
164.12289143102348,28.95886195238276
164.4035663926216,28.241835779744946
165.80761147027124,28.619723098285064
165.07328352802358,28.346412733749556
166.87682147642764,28.310356440127894
167.53218742093864,28.101430164220492
169.18839553793978,28.234657124959046
169.46204069122678,27.90691919934139
172.18246102802433,27.749347986308738
174.99932186181178,28.178363504297856
176.70395259702673,28.30697195043984
174.50626888414325,28.956498874777964
175.70121423876412,29.753220259309202
175.6391618149698,28.8527968156525
175.57710939117547,30.07216451755455
175.51505696738116,30.859517425937824
175.45300454358684,30.330982180187085
175.3909521197925,30.357129411525783
175.3288996959982,30.042469921083075
175.26684727220385,30.664009635372185
175.20479484840953,30.596586877156238
175.14274242461522,30.586084865051127
175.08069000082088,30.89307938091565
175.01863757702657,31.628690329821183
173.82428930430152,31.420172888324604
173.87962486818486,31.967211575624308
175.30466841433227,32.69539026519704
175.71227753205397,31.772744982968568
175.57044314490318,30.3940354682508
175.54611870615085,30.73454113224026
176.21579227362068,31.38633900269168
176.50020725714904,31.372730082202644
177.04346864125316,29.852510303547216
178.9082757220122,30.49190762065612
178.06508066316871,29.832466790127185
176.9835579832928,28.441790673386567
174.5419796896999,28.21553614002816
174.57080519282812,27.629864280521772
173.73378314267316,28.063394838951268
174.66656812446953,27.15111531847738
172.7722346262845,26.961377270942496
171.2877794430009,26.834199575871402
173.04513695697298,27.636118104324215
174.9751385085558,27.75157184947822
177.0217601554946,27.859757586664568
176.65744666268077,28.240345493855482
174.68992084456337,28.604413810212012
171.1632796322886,28.568241282770444
172.03980955837753,27.961113972228706
171.57647329896156,28.24724561995785
170.73446433403032,27.60575674672462
168.34803961926136,27.993112614385392
168.08483942302348,26.38435166434156
167.82163922678558,26.113310737503284
167.5584390305477,25.935166597361665
167.2952388343098,26.072135366295942
167.03203863807192,25.025961092108375
166.76883844183402,25.04824903702491
166.50563824559615,25.315934201304593
166.24243804935824,26.32911381999044
165.97923785312037,26.41395112605117
165.71603765688246,26.93422731686762
165.4528374606446,26.908223481310518
163.50247754394735,26.38203794727341
162.9793352858406,27.17069957581155
162.5577077197008,25.663251587091477
162.52359047014943,26.685954764904782
161.18997191501057,26.191509103786473
159.64648153530547,26.476012932684526
158.24982572218832,26.031436957625367
158.60324541713237,25.807898965193964
156.0778087273209,25.823738827308016
155.73454703617358,25.25329570462207
156.44465380719927,26.05308641355092
155.61151155789736,26.914357559926653
157.25093109080922,26.748659873598406
157.94990938371706,27.25386469999779
157.73556490735274,25.805566798720577
157.65876698028404,25.958302192345062
157.11417081513687,25.996843439161307
157.07584520560388,25.271090493129368
156.0009612769964,26.808241432689336
154.0178097420393,26.705203744452138
156.57039693179198,26.26579738590455
156.30052379897035,25.150098328265756
156.38036837484415,25.48925176864218
156.460212950718,24.541255654057704
156.5400575265918,25.15849708290769
156.6199021024656,24.546584510399885
156.6997466783394,24.331532738926114
156.77959125421324,24.649519027769667
156.85943583008705,24.145840658188554
156.93928040596086,24.712142393864802
157.01912498183466,27.439906038225423
157.0989695577085,27.587042177451057
157.1788141335823,26.141383353724486
158.2954190911281,26.467912801514018
159.6692828280578,26.249464164183383
161.4161563482694,26.460748148964313
160.3365143563144,26.06333785057407
161.32163441427022,25.616056069437864
161.47359496216097,25.878464520039866
160.59215220985874,26.263108358335316
158.46455675667687,27.65785206477416
157.14783502859888,28.48559232530752
157.64690505812874,28.437899622705004
157.49666872364597,27.86181998131262
156.4703173771834,28.27049981786833
154.7197716491176,28.264661212527315
153.9298124257293,28.939220072754605
156.68989990186762,28.332773916678587
157.22338357142874,28.367677441105048
158.27680995667237,28.25526236293539
157.56033922451493,28.310989018823022
159.0847759972139,28.1583306055111
159.5469103536587,29.255845061494902
160.80733259202066,28.714960585717616
160.37215416999874,29.149209746087116
160.05210703057696,29.683582747809922
160.38356580621416,30.127329348137398
159.69799185442164,29.38287227229396
159.98838829889235,29.15634745372274
161.93604984294748,29.512305480202084
162.3201219889199,30.41328233523941
158.21730093120337,32.25182118773787
158.37319717798897,32.662881394912915
158.5290934247746,32.616893674186564
158.6849896715602,31.86238475941053
158.8408859183458,31.33106100375648
158.9967821651314,30.19614844374177
159.15267841191704,30.9926067644162
159.30857465870264,32.21777602605062
159.46447090548824,32.91475223132332
159.62036715227384,31.44210615927237
159.77626339905947,31.922785266387603
159.93215964584508,31.41050888097398
159.94254981077196,31.79776431034666
159.1267644161119,32.535968511687265
159.54683065328572,31.403415053555218
160.79342378430397,31.85353244520075
162.89950564770072,32.52840575655014
162.73046191088906,31.423578312847116
162.56141817407743,32.04514067255779
162.39237443726577,31.172621536086098
162.2233307004541,32.0968244023408
162.05428696364245,31.971994170022125
161.88524322683082,31.408516990489932
161.71619949001916,32.70485701096763
161.5471557532075,32.16102159858279
161.37811201639585,32.11729961635984
161.20906827958422,31.389481758565744
161.04002454277256,31.584075851440577
161.18697521741467,31.578531468827
160.38459818691885,30.517228947193907
160.43245464142888,29.75266804866856
162.37475286181518,30.78676419384384
162.19012861456198,30.811124567532374
162.0055043673088,30.882333636011744
161.8208801200556,30.840205867699524
161.6362558728024,30.77015545732704
161.4516316255492,30.746814914667805
161.26700737829603,30.17929358318371
161.08238313104283,30.52932501022308
160.89775888378963,30.91021890640469
160.71313463653644,30.191657894725832
160.52851038928324,29.59994371232344
160.34388614203004,29.18846875755541
162.11592479637534,29.223549950971115
162.37671252180724,29.520665250181217
161.57454948964065,31.002922843413906
161.30240917220277,30.78484021262693
162.43963360164904,30.68811363736543
161.31622555617577,30.609826034768552
158.21681148714933,29.556885626957303
155.1400161972941,29.861659326201636
155.80351045423075,29.378069601782382
157.47528109760984,29.221742775624985
157.89113228496197,28.329642115835828
159.5628707705274,27.79729834693347
161.2261103472964,28.158036774713946
161.7597016123616,27.747155901812796
162.70042254737373,27.888540946319804
161.7636657057733,28.147497570606262
160.84355214161448,28.204437528277833
162.55161044679102,27.92320184033957
160.5588072434634,28.42416895283637
159.88576688664998,28.245626283997517
157.47848824356916,27.809151758425035
157.7618446344583,27.582472399091
155.84727678252455,27.33738611988339
155.10469961438986,28.047258656112483
154.36212244625517,28.296390024052325
153.61954527812048,27.03547990041097
152.8769681099858,27.31314158225806
152.1343909418511,26.789538182092713
151.39181377371642,27.199204679876235
150.64923660558173,27.388100614987202
149.90665943744705,28.005084734256624
149.16408226931236,28.908641928962158
148.42150510117767,28.156278450847346
147.67892793304298,28.022668327352438
145.98672526370393,29.048813376766336
146.74531216925507,28.259493029186373
144.7327653712091,29.004754530048153
143.2908886667172,28.697425067827357
141.30515128219352,28.523326067944325
139.12402709614517,28.215851402111895
140.54916136835516,26.94786256867482
140.2723816375815,27.33702982418403
140.32068553726631,27.426013687205792
139.39959197217058,26.128866664987704
139.20081252323945,25.202223890840422
138.90141174077286,24.57191107252232
139.9129443243957,25.594746815605966
138.7420275679828,26.82571776182477
137.5029180403083,26.960536623060893
137.27903651042786,26.064838755554515
134.08622472073486,26.76708363833996
133.30564224877756,26.714659184341766
134.11554750644035,26.230274640865066
134.66850711797875,24.911709879017316
135.22146672951718,25.05837317437045
135.77442634105557,25.442367383850957
136.32738595259397,25.65532870254745
136.8803455641324,25.486918577786884
137.4333051756708,24.165982461174053
137.9862647872092,25.787590010026772
138.53922439874762,26.992919012473838
139.09218401028602,27.135268711033294
139.64514362182442,27.472949347387253
140.19810323336284,28.25357146529738
140.75106284490124,29.73731563885556
141.30402245643964,31.02723612529165
141.85698206797807,32.412442108158366
142.40994167951646,33.848894146131734
142.96290129105486,33.9358419867343
143.5158609025933,32.407682469262454
144.0688205141317,32.602120250785354
144.62178012567009,32.38958737827266
145.1747397372085,32.16574767509455
145.7276993487469,32.0106077746472
145.05222989165387,32.39469208377769
143.97733075915266,33.45327115803863
145.35944225640804,33.54885412676145
146.86431604335172,33.714126283565314
147.99770811773294,34.236789724561056
147.82775203299164,33.45359270630985
146.4442204081329,33.73352058162897
148.16077393017974,34.11986517121638
146.18718267721894,33.90664742225488
146.38639386445004,33.82301385694052
146.27920642880082,33.94587524888939
149.83574902463153,33.51070614416773
150.08098344011486,32.61418995871161
149.7600005733494,32.91471634432124
150.37348616311135,33.58392925314955
150.75451501880093,33.973956521623535
150.9236643390679,33.22774937728504
149.60712373497478,33.13152671652755
150.74922644025054,31.771721344011183
151.8913291455263,33.017363574033155
153.03343185080206,33.244052444263495
154.17553455607782,31.619067826735467
155.31763726135358,31.513938066171693
156.45973996662937,31.07284519767644
157.60184267190513,31.535356904592476
158.7439453771809,31.951928588084563
159.88604808245665,32.035509546865455
161.02815078773241,31.882962929509386
162.17025349300818,32.41743722216774
162.5681805505008,33.066881621489486
164.60625481316112,32.45847047354005
163.2984121892565,32.48498317152306
163.54565627157663,33.47249803830474
160.32188529977878,33.25808469685862
161.78827006277174,31.881672986838176
162.0285808950047,33.04156327115551
161.49433700690994,33.479514480238116
162.1043641263309,32.97621795137132
161.1778250802646,33.236788916457705
161.0392242870854,32.97018267856553
161.0577709360604,33.855370963792645
161.07631758503538,35.19067664187749
161.09486423401037,36.27056407291996
161.11341088298536,36.84878816745714
161.13195753196035,37.19440823068479
161.15050418093531,36.266361978887
161.1690508299103,37.167484831500914
161.1875974788853,37.482455527204
161.20614412786028,37.85850189465304
161.22469077683527,38.10156706545518
161.24323742581026,38.79829020048347
160.05499845344357,37.56382933625771
159.0580899203757,38.838960419600646
160.01874576573198,39.8242357354282
160.63032816689045,39.796961467596965
162.1510232844103,39.57304755354189
160.96164472015226,38.778318828947434
161.7336163118697,39.322874397785334
160.00388234433808,38.96326922074728
159.22142453162954,39.28827688008326
158.43896671892102,39.73846891539794
157.65650890621248,39.27010067318491
156.87405109350394,40.189003679980964
156.0915932807954,38.90105545238978
155.30913546808688,37.64070949576632
154.52667765537834,37.58606780651627
153.7442198426698,38.27327525672551
152.96176202996125,37.46785911570555
152.17930421725274,38.86630281192307
151.3968464045442,38.96353640724228
151.5469095844652,37.47459220011811
151.56901287928667,36.32211608927415
152.12771336781177,35.890509578122156
153.87402429885944,35.957148762172835
155.0389015437474,35.9611762562397
154.48254014196297,35.31203021924768
154.91042225319728,35.70095847093575
155.06040526245488,35.61108929343925
154.87610014302476,36.51715867140548
154.3796436497261,37.07367844964735
152.44237313165127,39.031590612303575
152.19176864579967,38.93621485247765
151.94116415994807,39.526393306527005
151.6905596740965,39.63572352571474
151.4399551882449,39.08195573009933
151.1893507023933,40.201001233627416
150.93874621654172,40.61710775068606
150.68814173069012,40.86121107626797
150.43753724483852,41.82187577893701
150.18693275898696,43.483280558736304
149.93632827313536,43.17559663483503
149.68572378728376,43.66032772554318
150.49173237081206,43.88849553431464
150.76298529436576,43.65347851675962
153.33481672098603,43.34339059511997
152.51398873968233,42.775357379312375
152.86547799996487,43.32878061732021
152.59024210434404,44.35644766423626
151.37729296047192,45.832663861530975
151.78481951095623,45.75784036543229
151.20845673768008,44.801188430097554
151.5592452612038,45.38494221725976
148.57390733180773,45.64642201730995
146.16079884738775,44.944078115649134
143.8613582277311,44.34980925398489
144.84500416078453,43.24774296178013
145.0624332460368,43.951548111766144
146.61237670919493,43.944136095510906
146.99429011697083,42.6499237537766
144.70510296506507,42.104219010198676
144.40461477798237,42.02739829624644
142.5916797196638,40.735829192473204
142.32837704823302,42.431178547709784
141.58259622710636,41.21838652855979
141.8926971206528,42.212981069012855
138.7481859558252,42.628725717199714
136.7215678317158,41.66608583759947
137.71044195853275,42.74138403188355
141.4132661628344,44.69865152629062
141.8495604483976,44.32444949762937
142.80493745077268,44.827187618929905
142.0531850523477,44.41447090106748
143.46144321701425,44.440141949445824
144.79588441998592,45.128946534939665
144.32132254753145,44.22497293008788
145.01703582769045,43.8143817837742
141.29986049286,45.00293886300221
142.95420046171333,46.112806155852105
144.77661877043565,45.078556679580174
142.83578796157687,45.1402880419382
142.57719886826322,45.466911197910996
140.34152588620125,44.808836562842686
141.53540340129075,45.49668322262582
139.24196657101626,45.53901717674449
139.31808079295882,46.47919529107612
137.63472062324547,45.71304832281597
137.23253961018005,45.4944776088214
139.5538371385868,45.104161894424834
138.3889262251301,45.98632053876822
139.40014249903186,46.04933984105513
135.80737994293906,47.20239093024152
135.57863885914108,45.89402506210628
136.75689914566755,47.029767210546616
135.38539332185778,49.62097185693502
135.81784544579756,48.0640756090633
137.140248161867,47.258138487834046
138.4781424312686,47.454883369454905
138.0751509283938,46.80983955947412
137.08887109579913,46.444664297968664
137.38125766252546,45.40837413472267
133.56780132535675,45.99267682748886
135.08614149477714,46.44800534362017
135.96909312036405,46.998823617250224
139.57467021154974,47.703647180335466
138.6554836512612,47.250863610053266
137.9453133091902,46.92592299501209
139.07270717700803,46.67614028112181
136.400387342877,47.035782591380226
134.8141266659158,46.81481953996589
136.20211209316696,47.514672995828846
134.59062061924294,47.820903042575466
134.40898469263212,49.96410353916897
134.66325697267726,50.34614511924819
134.8340107877327,50.48542937807653
136.404891091578,50.56326763844024
136.4458247788963,52.10083805266242
137.9930165927765,52.92758099048223
138.5884681109526,52.04602924044787
140.53688321545042,52.65641477730327
140.13997052175634,54.106323197886
138.94957194164894,53.38636206915547
140.71928978471354,54.50739515198222
141.46500207662442,53.61877097753757
142.44447841076646,54.0306295166017
142.71060111634253,54.57968600527565
142.31358936509008,54.45013794045019
142.76471984017653,52.66940393001641
142.54926749832927,54.14353943418695
144.5147079395489,52.92588728421472
146.55305473756638,52.873239980157614
145.1977366555217,52.90891368110048
143.8703413449077,52.32043639157861
145.39770584938165,53.39733133311426
144.56762306564994,52.92547856858217
143.58171235476303,55.01454042575218
142.9409196078019,55.4760179012673
143.3808660462954,56.69547546613268
141.28399221552306,57.09113781565496
138.3815915126568,56.34426755709642
137.57360287339714,55.859996985192716
138.68405750393453,55.98847153558427
139.80875978100966,55.23863251013114
140.8804389400955,54.769213681065324
142.0034924126779,55.21491212529472
142.56816149720927,55.105672321345494
141.09418298104993,56.857024874412424
141.03561794003193,55.91805461076372
140.55028070971852,55.92166163528078
141.04973219673408,56.872075616247
144.0339273857156,57.23423623599525
142.07234812772734,57.65899825513979
143.92886140908627,57.1497212384418
142.67509087853603,56.85873000187009
141.27517469985105,57.046959432749844
142.61110562790464,56.73895605193731
143.94907347487714,56.10697074842937
143.31373753349956,56.14519760848441
142.31516191529244,56.47004568901138
142.45253893756094,56.36526254593648
142.58991595982945,56.430079422909856
142.72729298209796,56.19447276154343
142.86467000436647,56.53807207779907
143.00204702663498,56.791204704655556
143.13942404890346,56.98834728502919
143.27680107117197,57.0073482605311
143.41417809344048,56.36613317471433
143.551555115709,57.719877788078065
143.6889321379775,57.22959614333187
143.826309160246,57.35378633511174
146.12765235368474,56.4011488350555
146.70277633589473,56.4253361907503
147.2779003181047,55.43526844200026
147.85302430031467,54.29075476184021
148.42814828252466,54.84091187073636
149.00327226473465,53.24924113602377
149.57839624694464,52.985705624408894
150.15352022915462,51.75346947567659
150.7286442113646,51.80797667002971
151.30376819357457,51.45351980426076
151.87889217578456,49.59956338269134
152.45401615799454,50.36525542866602
150.58381169091382,50.329856562457365
151.94423456196296,50.70686837259228
153.07789108652682,51.991220428233326
151.08461815998294,53.3326687631124
152.27170253679947,53.29373616397196
150.89424172963,53.84554645068799
152.5293184084252,54.38651999528395
151.45732692453993,56.03125339413439
151.13855730752417,56.877282480979986
150.81526998396683,56.78408490763168
150.68050152233036,57.227814076556456
152.99621946567072,57.04572872119468
153.87785956621457,56.44982916892654
150.73214539347939,57.723644632988645
152.76728136034563,58.40105466251628
153.2635200077414,58.175878717455156
153.61030169715463,57.20553565892162
151.39977328121049,56.840513156254545
152.4444970209384,55.956199990313664
149.25970576824915,54.435574112137296
146.89189582194228,52.87718174901508
145.07567393749358,52.69844079308339
143.39854235695222,53.32927668770891
145.0075596126509,52.35281631841722
150.25118298221648,50.515581833032854
148.98734811307003,49.90557821494824
150.76035526481894,50.661353055086025
152.2525997586842,49.57941063537084
150.32051884079533,49.04678147364038
150.03812273864253,49.773061007807314
150.39036591362787,51.82019413312866
150.1046266721212,52.20420037384126
149.81888743061452,52.99173811850897
149.53314818910786,53.44637226980427
149.2474089476012,52.858765896528524
148.96166970609454,53.11098533329885
148.67593046458785,53.834574000161076
148.3901912230812,54.593875418234425
148.10445198157453,56.340355738706904
147.81871274006787,55.223550171340825
147.53297349856118,56.427765928611294
147.24723425705452,55.39628604931036
146.87356642619187,56.059804385894225
146.49989859532923,54.30848485480526
146.12623076446658,54.48109936249516
145.75256293360394,54.26884060466881
145.3788951027413,53.59053780038661
145.00522727187862,55.825468959544736
144.63155944101598,55.144488031627354
144.25789161015334,55.59009913559084
143.8842237792907,54.458651879494475
143.51055594842805,54.675626224268996
143.1368881175654,55.42481811480476
143.12411205671285,55.68833654851465
142.48466060139563,55.07175730830096
141.70540026970926,55.66344213969214
141.68097856787978,55.08764985039716
142.09578172093654,54.88682946880653
143.49291574875517,54.14360272661846
143.93958943676074,53.8348942606994
144.89790907589742,51.964272031393534
143.71812575276434,52.687596324324296
142.9609525029589,52.94204345606387
145.0709521736147,52.8157816842806
146.2841025363398,53.20918307258196
147.47245294085874,52.880654252434
147.09082579186153,52.87072717285512
147.03790107148174,52.334899498222
150.07164118707965,51.386379508328545
152.22576459447615,50.80776792154323
153.52097950117277,48.99506375438084
154.87762068585516,48.672464536881975
154.8880842057372,47.318583710841644
153.51699957828907,48.268600122168124
152.13369445682144,49.243346544856415
152.5086003218998,49.43503088820897
149.52930481224072,48.93211304893403
145.24598941222428,49.97140370710245
145.44444116875687,50.035915510208866
143.20821233281094,49.39504189740078
144.46642442415688,48.96564457923623
143.94993151536323,49.609568884011594
144.26438967044916,51.416568817179474
144.57884782553506,51.807123429857874
144.893305980621,52.0186248343406
145.20776413570692,50.11433138138268
145.52222229079285,50.72339499096753
145.83668044587876,52.29208193575906
146.15113860096469,52.47029730955283
146.46559675605062,53.2361470653498
146.78005491113655,55.6536428794322
147.09451306622245,55.28080128558513
147.40897122130838,55.700019838982726
149.16271094693894,55.896626569782136
147.63328247663807,55.74744408770629
146.40725232947898,56.832868889133316
148.60525642294277,58.813730611353
149.12138192565047,58.867012900525005
148.77149352930238,59.053542517778965
150.89692560133122,59.239457296994104
148.75481835037613,59.11694302665808
147.87887352125327,59.43412926339082
149.58847912225437,59.05822385402185
147.93200692833807,59.624139243478986
149.58919816749804,60.374339765538714
147.6148990006304,60.072395316766276
148.16839134510062,60.53833319850976
150.3625502599098,59.19556728210848
149.7424130839385,59.34763664936654
151.8467335028724,59.8109784964303
151.66514900182705,60.16719162929896
148.85118391226743,59.28887639569736
147.97598660148407,59.26559781490794
149.95713729939598,57.92781268677404
148.66962662254934,57.823731852351465
149.57499030097028,58.007953057311724
148.92844960107195,58.014037227860705
148.6676818637782,57.8949444366732
146.58230239732555,58.98315774018581
145.7724394138855,59.134246990400214
148.27425684644587,59.27503502255184
147.50548655399265,58.82932884962945
146.55874646948044,59.14787157771967
148.16585462724257,59.00215459024726
148.311822589695,61.57708827823466
147.58623394030147,59.8716799924986
148.12872067653456,60.541880159230715
148.67120741276761,61.89715436635003
149.2136941490007,60.155881801837275
149.7561808852338,60.4524367373505
150.29866762146688,60.34441313740946
150.84115435769993,62.056755613183846
151.38364109393302,62.57767399039495
151.9261278301661,63.26582011976547
152.4686145663992,63.27351546008961
153.01110130263226,64.33227651547946
153.55358803886534,64.23051263156468
153.80077874827833,64.20088816405054
152.00150011541191,65.77675459965049
152.67517290910348,66.88018075268405
153.39468368342415,67.50222329589867
152.75531303990195,67.79741093202144
154.7345669980598,66.99235479338512
152.3256785325132,67.44456723190535
150.5868339373818,66.77584740732004
151.5340858844407,66.42402063963527
153.31496355208745,67.16205791221577
153.54701760060667,67.00724849510024
152.60678562979422,67.54202005084609
152.0082508471486,67.35698339383464
153.4989450788612,66.56658609728865
154.56316758115594,67.29390212875883
153.27265252986797,68.57733164047853
154.72094164541832,68.4715449119195
154.26413532439776,67.88451623545458
153.0295594448411,68.69309124012462
153.35336645341442,68.92490407882215
153.49471035273348,68.44798519003574
151.1190438329953,67.79238538732086
147.55006997862952,67.71384202580523
146.77072077063767,67.14444712300642
146.4397634663303,67.81057119430044
146.29861845420277,67.91849868164996
144.38838289776822,67.87262250188594
145.34237171803352,67.5961011642657
145.72742655520804,67.5103445883109
146.1124813923826,67.08989868609616
146.4975362295571,66.04543621254905
146.88259106673166,66.39857546122231
147.26764590390619,66.04914155992024
147.65270074108074,65.58585378581523
148.03775557825526,65.5063000084859
148.4228104154298,65.3189030856778
148.80786525260433,65.43414681359994
149.19292008977888,66.69784656226304
149.5779749269534,66.88925178362105
149.32631474195412,66.64827451726627
149.07465455695487,65.92907156454667
148.8229943719556,66.06275189200926
148.57133418695634,65.37206098331832
148.31967400195705,66.34217131377449
148.0680138169578,66.16667900548372
147.81635363195852,67.03517764044409
147.56469344695927,67.28478662510751
147.31303326196,66.59659884914029
147.06137307696073,66.43323437472799
146.80971289196145,65.42570629797642
145.11632448261338,65.71805220870138
142.995104070194,64.93238019478397
143.44946088411686,64.6129765306605
142.58222166779748,65.32532384414492
141.54281095253782,66.74442876185347
140.92405073824642,67.19069904905508
140.30986853633908,66.57763899817994
140.18131306762814,66.20509867631489
138.27547020778763,66.56013014102706
139.12309669857044,66.75373407561297
138.37499800482323,67.44148110971811
138.16013153670184,68.12338665151017
136.22160713893098,67.79386265205832
136.6623486289253,67.79095390299453
137.10309011891962,68.09952594056882
137.54383160891393,68.89840952645513
137.98457309890824,67.7035474613866
138.42531458890255,67.46384031738341
138.8660560788969,67.70607113207467
139.3067975688912,67.86211040664003
139.7475390588855,68.35400821626736
140.18828054887982,67.61054034452017
140.62902203887415,67.43824654502873
141.06976352886846,67.41296379752222
142.03522490323508,68.05093631362915
139.5881007843546,67.88218676379131
139.5814669635506,68.18537561540221
140.43882352357812,67.53461432544769
138.47065558986444,66.77478225588638
137.75957136745353,66.30286036091104
137.65010424706279,65.62863150098337
136.8713182645541,64.90898486202464
135.18059924027048,64.04866054392434
133.85715735612317,62.920974815138244
133.67174535506194,62.177357668609865
132.74611648748814,63.1941722995489
132.1719635525023,62.97749959792401
131.95604722134303,63.9471444347623
131.7495331479545,63.868948874713524
132.9482867857243,63.29649387152064
131.7393759506753,64.06571042805092
134.25587769098448,64.02432636143014
131.87178029425806,63.2820882033431
133.01226602231625,63.259450967021024
133.12395112272807,62.43010822198353
133.23563622313992,62.41421835058944
133.34732132355174,62.22067492658011
133.4590064239636,60.8637163332557
133.5706915243754,60.965974746901956
133.68237662478725,60.53781241953401
133.79406172519907,61.16279690878511
133.90574682561092,61.80750793985385
134.01743192602274,61.32984414728771
134.12911702643459,62.04855215699782
134.2408021268464,62.30896188583132
135.29299846742606,62.630553812719505
137.1310390974922,62.93238789064429
135.12746807319039,63.24757258719381
134.47820538612504,63.2431536373701
131.81649179306118,62.41015898194104
130.68706123705047,63.26204630394034
130.4014062751975,63.9585786211864
130.62643450662324,63.2417924156385
129.7979441282858,63.94315545293914
129.16916187524356,63.9262924404623
127.29397000837481,63.53914065678585
126.41625715250842,63.50181681997571
123.64846407880412,65.09582369825468
122.72543475581942,64.97599874793819
121.25200758200755,64.64022666952877
119.81783987552407,64.07764611290476
120.50119305023826,64.36269202503503
123.29022304675003,64.13677172133865
122.13223459986062,62.657711528656165
120.67647347174805,61.51109455032848
119.4631373330098,61.5859288873978
119.10277498552401,60.17028020073506
118.66449301695745,60.3465609617426
119.10033338243018,59.51201672034396
121.03706594679814,60.805570045616236
120.31819123057764,61.004596458717515
120.22384455086026,60.69310265700272
120.2874224651202,59.35575995476593
120.41658808794813,58.535004492489065
119.09428121988421,58.5298150309633
119.01210596422014,57.939622772782386
118.43426137565923,57.974339630798205
115.55740145666044,57.7173110089549
116.51189055140145,57.91049733816809
117.46637964614246,58.14469635728469
118.42086874088346,58.09080566778586
119.37535783562447,57.41998484343206
120.32984693036548,55.93342794738525
121.28433602510647,55.74778306371591
122.23882511984748,55.21637110742019
123.19331421458848,55.79404085990262
124.14780330932949,55.94845261222115
125.1022924040705,54.22439666417821
126.0567814988115,54.61432318099559
123.78178395033817,55.178053095586925
123.49019226750012,54.17579652283456
125.25825914275912,54.26520291638649
127.41878102270408,53.67379112102867
128.52020005801987,53.00790513934145
129.23732643027793,51.90901721766829
129.77523718479034,53.61837934033076
131.63877764987276,54.92241643931341
131.95208755105492,54.9622227881622
133.01405175209985,54.29598745597813
133.34937430429693,52.5360867383509
132.9191373358414,52.32347227216076
135.01716365896152,51.94200728774618
133.51365181040288,52.84972803608259
135.97791912792977,50.960389938225106
135.77316594487164,51.47201453083002
135.5684127618135,51.59701505816892
135.36365957875535,51.64043359040156
135.15890639569722,51.40076762685454
134.95415321263908,50.02435927183826
134.74940002958095,49.37866159755823
134.54464684652282,46.70189974736467
134.3398936634647,46.15502518965946
134.13514048040653,46.758158147575166
133.9303872973484,46.10314157194382
133.72563411429027,45.69343412945409
134.62585878272836,44.786064499078506
133.82575734494353,43.34242005474605
133.40262517128488,42.75442038941722
130.97839063348556,43.08950646534203
131.73643137397806,43.55000112686793
132.01325474141277,42.112893338688956
132.29007810884747,43.06118057391848
132.56690147628217,41.45730182964701
132.84372484371687,41.744104072698654
133.12054821115157,40.507227774601354
133.39737157858627,39.312111389406645
133.67419494602098,39.78123793756995
133.95101831345568,38.90836306305734
134.22784168089038,38.04968680161075
134.50466504832508,35.970568109153525
134.78148841575978,35.448283544640134
133.66404400041043,35.95780173329034
133.88186791145918,35.66978316917117
134.36189415222813,34.60009905680704
132.74824294294552,33.52781376741517
131.95393390822125,33.013067291514474
132.86429621041495,32.39536947688193
131.9247039716639,32.35191651221031
132.61980410218476,32.0321720062994
130.25904576716627,31.861963265330107
130.12499913725583,31.90740571140089
131.9808136119739,30.73989274664628
130.84146676325832,30.630955784466597
131.50831389425488,28.59545656157699
131.02900755729812,27.672428932518855
129.3737138025775,27.75968304898933
128.9604183885188,27.47311785509961
126.06333394523703,26.826644017252626
124.10723789700768,26.517216975459007
124.0987729600299,26.887862786271974
124.09030802305215,26.733662216318375
124.08184308607437,25.749035482082864
124.0733781490966,24.326667724805404
124.06491321211882,26.037248331592355
124.05644827514107,26.139887963116724
124.04798333816329,25.464600372308947
124.03951840118552,23.185587229493922
124.03105346420774,23.789077710639553
124.02258852722998,23.799132881987052
124.01412359025221,24.916597200806727
121.91461572219282,24.02152412467576
121.17628271446279,24.370536873128184
121.6956311217717,24.261796543145753
121.31742207999969,25.550652837724453
121.36964866028235,25.256232575359054
121.2950336959518,26.93325052302381
122.02033997448406,26.37889415697705
122.04028978052858,27.129117013718428
122.12746623100561,27.86434667361641
123.65452863304694,27.69741381299225
125.54876416268277,27.933244808681373
126.38651844994682,26.79720113505762
125.59500977356083,27.196563617774117
126.09501519142859,27.072164341418326
125.23637156735907,27.161292231136837
123.46954307685759,27.727642572573306
123.66278212995324,26.311376386747817
124.07087438183238,26.497379326350273
125.51961411667077,26.801151695043913
124.98473131237539,27.42019494837027
125.28299137579951,27.205272251310312
124.63975851621102,26.698508482249718
126.9911207264003,26.021051114781965
128.41088547237766,25.885174782048452
125.39761916547539,25.089898333684882
129.16737063543704,25.66670040959235
129.21905112817998,24.631376054911946
128.28165029005365,25.762527818499525
128.68564754045866,24.252906317021544
128.77748327605664,22.287600757981636
128.86931901165462,23.078427254976198
128.96115474725258,23.42990316317567
129.05299048285056,23.315567435250724
129.14482621844854,22.459355938247608
129.23666195404653,22.61306108971123
129.3284976896445,23.648930280541578
129.4203334252425,23.41705407421377
129.51216916084044,24.245974042251184
129.60400489643843,24.416413068617686
129.6958406320364,24.42622295202284
128.5033643419027,23.30305186249416
131.0795269713505,23.643314077031103
133.46257985856798,22.90064768370495
132.80554306267152,21.861942616931938
132.9747523671036,21.01177898605607
133.9037265953921,20.662736294655794
131.64744848551942,21.046018725933962
129.7415027708424,21.289139663774044
127.11996381176228,20.751416524472567
125.55140643988186,21.06276610378314
124.7992015246891,20.575475621805726
123.25589885663268,19.9279719207228
122.58972417867024,19.969332112149296
121.12173318999585,20.078855056213822
120.07325932390715,19.846767225004786
120.79416088263024,19.33078060868642
123.56063148837823,19.16193071029197
124.13257474316326,19.44653132070278
124.07382229478571,19.983811143821953
123.25176349865987,21.128934204328132
120.83933173128814,21.617577066752993
121.31219578331974,22.92977537373729
121.78505983535132,22.20592270354753
122.25792388738292,21.897757664272365
122.73078793941451,23.508710895982723
123.20365199144611,23.119765432821886
123.67651604347769,25.73613200033184
124.14938009550929,25.021351292470815
124.62224414754088,25.40673222781391
125.09510819957248,25.10231805375844
125.56797225160406,24.15486419761975
126.04083630363566,23.37794541084872
126.4331722664701,22.549142381204813
125.43077951201333,22.431345419441183
127.2310549584162,23.973302906416386
127.7893972440849,25.536966944447986
127.4455676452945,25.939839003984932
127.97530000372883,25.927013176492867
129.12294663401667,26.74358988325991
129.0472862652159,26.64984297594903
130.56829670721095,25.904302710725208
129.49344910597742,24.380904297903182
128.4995111514234,24.39234833062675
127.56794450163896,25.373019750178084
127.85677736059675,25.791677936984975
128.14561021955453,25.81378414227848
128.43444307851232,25.394785357379746
128.7232759374701,25.86398021558537
129.0121087964279,25.822204907836696
129.30094165538569,25.59375747977407
129.58977451434347,26.932777967129525
129.87860737330126,25.590934087221967
130.16744023225905,26.704194116636085
130.45627309121684,26.813875372673323
130.74510595017463,26.553931488751964
133.0019496849977,25.368084032165452
135.03489312317186,23.779067922191228
136.4027396843367,23.912657235769668
137.06963034880457,23.204332817023836
137.2369649287955,23.324665698529458
136.55236876384683,22.528699947390823
136.11929587925655,22.5020339512233
135.5415026649208,21.59109710156221
135.83399638451033,20.53618084911384
134.995340428939,19.537931176400434
136.15029831262564,20.111870878034864
136.65512867474303,19.8349697240967
135.92050455309985,19.121925567471248
134.8044469662006,18.114295156403116
134.2316591860443,18.405284922006917
135.74057614331932,17.75126454497664
133.95551539067606,19.567422761419714
133.65139841637895,19.33605360932917
133.34728144208188,19.513351142668732
133.04316446778478,18.98728929277175
132.73904749348767,18.671746809445704
132.43493051919057,19.484346396238017
132.1308135448935,19.22472658149082
131.8266965705964,19.37783656816909
131.5225795962993,19.008147230636617
131.2184626220022,17.845406545969126
130.91434564770512,18.120258095117826
130.61022867340802,17.69435171680125
131.2030005937433,17.33806091790109
131.7957725140786,17.85139276116897
132.3885444344139,18.583443977405437
132.98131635474917,19.756162017813093
133.57408827508445,19.61761207252753
134.16686019541976,19.8532432850686
134.75963211575504,20.749996967505865
135.35240403609032,20.978127627488036
135.9451759564256,21.98111217979157
136.5379478767609,21.4664052464793
137.1307197970962,20.55690692448399
136.26655045940706,20.816615207246397
138.35893759589823,20.215187804631288
140.2720424085206,20.665834038826524
140.02682513432018,20.4412476249989
137.95214117747292,20.821234636767063
140.0285445390605,21.267837180976464
139.34472684697363,19.708929093378064
139.46663581479123,19.20660817216705
140.53479785965703,18.395567674546406
140.42026899809366,17.674814581360966
140.49188230673033,18.3408628150112
140.6956784675979,19.012167904885477
141.63099386348975,18.887889209880928
139.08775373091456,18.494032515377366
137.39698660606456,18.986059354824864
138.77868751782316,18.879777181086407
138.6037717293747,18.999787272004824
140.75498492770808,19.363986687626404
142.00101786673244,20.79550914422671
142.03635159000655,20.6154210883291
142.77521550618954,20.40095427610559
142.28742762104864,20.286853709647033
141.58833222506897,20.537629663587264
141.14137276813696,20.31369360325552
141.9903766434391,20.79144603288907
144.1660236378549,20.10391048993963
145.03728602121888,21.404965702553646
145.17580558595353,21.595650696941544
146.7944904911084,21.724364421348493
146.87606749680563,22.588123192254717
146.04934152113742,21.605822964927317
146.08341317534226,19.697511302112314
147.50270664709117,19.83733568893669
146.164656989298,19.804118464804166
145.83323856196188,19.331581389872657
146.1147772484665,19.661160425670957
144.98262602838648,20.21031709864954
145.55025001131654,19.8921103945351
145.79093093554468,19.721370504796692
144.14748162745676,19.920616455818738
145.7722655065964,20.59614252862601
146.03701413986062,20.83879191048637
146.30176277312486,21.117828026555117
146.56651140638908,21.200666054577013
146.8312600396533,19.996016247538428
147.09600867291752,19.062277168170194
147.36075730618177,18.457698580711195
147.625505939446,18.130060199791707
147.8902545727102,17.74670658326333
148.15500320597442,18.62370791244115
148.41975183923867,17.631699528915256
148.6845004725029,18.20259482285759
146.0622834652274,18.03239788740361
147.0250656972791,17.637170025006185
146.8907878464629,17.235590170671088
145.40919737269476,16.786617834057953
145.37619370318933,17.125991165283427
149.6435135066354,16.00057629053284
149.70849795830617,16.392173247450593
149.2009058376037,16.041879123549823
150.49001803864735,15.51553897913546
150.39373365981285,15.40746644251422
150.53513014056102,15.984259549624376
151.32790834684937,15.037996063095463
152.22625643559124,15.306510904827064
152.54039653392235,15.30065855374923
151.4938932256622,14.832237185922763
151.6709639278242,15.048123792512827
150.48236014659113,14.948683579313297
153.64868286055335,14.1412873186056
153.00807552664062,14.25024854982051
151.30849514895067,14.497234430693503
152.67552340540612,15.095193094696043
153.39157305103444,14.231247050126678
152.6716008733653,13.817748236949182
153.1896179774316,12.829099037594895
153.06643169562975,13.12499141909019
151.488738363923,13.449454588994533
150.3963485342715,14.038509297616404
150.12872211989878,13.46636831747403
149.85599880950994,13.271192006542272
149.62345894230108,12.934089819745372
152.02898127484252,12.826608357245666
151.0813565131276,12.394334718270159
150.82369666853927,12.758478669689636
149.34075001028444,13.320115231723394
148.38368638696969,11.566175942778393
147.37048472162257,12.311386584221314
147.23535777098843,12.850245101870719
147.10023082035426,13.125153854385838
146.9651038697201,13.718423675676199
146.82997691908596,13.721912340657747
146.69484996845182,14.400074526698988
146.55972301781765,14.654674638922659
146.4245960671835,13.919933023086994
146.28946911654936,13.752866488948847
146.1543421659152,12.511449884497198
146.01921521528104,12.443906883443802
145.8840882646469,13.659712141281247
145.23268838762448,11.961281577888094
146.27028870075893,13.442827800440007
146.56991622430945,13.534019108818852
148.62674050851453,13.02092941229099
147.06492504157848,13.427568632866848
148.1190710633431,13.47962030502082
148.6791926345044,13.12809761901911
150.31098826599032,13.049149619147535
148.6749709135651,11.484999577346073
146.65844532740041,11.659880024422081
148.46027822028043,12.304529846353157
146.39898476873668,12.54180725418962
145.64271355401382,13.534108509660781
145.06132488897674,13.322772951429448
144.34722253621945,14.301216519337869
141.85422685243802,14.368297257505356
141.05348644608316,14.603210477330219
141.23503984642062,14.765683544906482
142.9626716949217,15.47630632997717
146.6813624614336,14.542627757946232
144.38283652451506,14.768018080387225
146.7896279264386,15.538524766867292
147.2748341219207,15.477605970905563
147.61696378484282,15.308614801177784
150.06847674171894,14.479666309460713
149.54831490190557,14.250940414033488
150.77953744422885,13.902940655240094
150.76979171300582,15.122669049974064
152.24299236532545,15.731741603383442
152.91860246685695,16.07010670469718
152.29674882268702,16.524088919545402
151.59960750372946,16.45100407548245
150.87580233786122,16.897643972338592
148.86150017889238,16.024642184621275
149.53471849178987,14.755745279108313
148.2702765388738,14.536189859415915
150.07201932955584,14.94204052856161
152.53848492233342,15.385269600813512
152.7473522928806,15.728430903295346
149.6749643235297,16.456406182090397
149.07326523815638,16.0362496712426
147.51153493392846,16.25752436867665
147.93160224213653,16.466664126596925
146.12419025320227,17.26035507721226
145.83484284760644,17.25016442395249
145.5454954420106,16.777234044133895
145.25614803641474,17.13148088144677
144.9668006308189,17.870122680419907
144.67745322522308,17.652021351640006
144.38810581962724,16.913529509222634
144.0987584140314,16.69183302907732
143.80941100843557,16.117183223631947
143.5200636028397,15.758018374141766
143.23071619724388,15.45816412461642
142.94136879164805,15.04390882563328
142.00162342575416,14.627573335567043
141.2835850371612,14.032844252529568
140.47024038885075,13.892261065433015
141.6577355324712,13.22424902257892
140.80807452339192,13.386057472505705
141.0724293041015,12.031060466663043
142.5702832502694,11.048383122465271
142.1591223911489,10.463876487802617
143.9772725211812,9.934452697615747
145.5202299496585,9.960694799703978
147.57852945063672,10.354327906817076
148.3532338071229,9.943589804844613
147.61504516193327,9.662616155007411
148.90979637029847,9.10647970590913
149.59931922088387,8.230562306028943
149.06854059428824,9.90507904033469
147.99959564763597,8.164653925372903
149.59326525432812,9.819966475592361
149.44103631785165,8.425530934205566
149.28880738137522,9.775151346388203
149.13657844489876,8.869211045619672
148.98434950842233,9.023926598689606
148.83212057194586,10.378778359088106
148.67989163546943,9.637615171976073
148.52766269899297,10.02349890089579
148.37543376251654,8.175856329908521
148.22320482604007,8.405673201998717
148.07097588956364,7.957400025732644
147.91874695308718,9.08206601564996
148.95205443217014,8.8675508010672
147.64788460651735,10.395009750344522
147.41150366903466,10.373180204108293
146.3419277706842,10.281379048033024
146.78417137263716,10.277953264846317
146.81332848803598,10.036115664556545
146.8424856034348,10.044451784028851
146.8716427188336,9.73997470757404
146.90079983423243,9.660140611706085
146.92995694963125,10.266541729349496
146.9591140650301,9.350983250941368
146.9882711804289,9.879840034940255
147.01742829582773,8.9801026836358
147.04658541122654,8.146539102002654
147.07574252662536,7.857882203559352
147.10489964202418,7.830035173111505
145.53936966007038,7.682032562928148
146.94727856729162,9.001111112833867
147.06818861717184,9.738766861871225
146.0733991251279,9.935439875932119
146.93323565873072,10.691258008532802
144.13308383882207,9.805275685260515
145.04331056585823,9.88437018735892
144.1680454674339,9.623694370634864
146.5007585697667,9.978838512392134
147.7380177008088,11.148278515523257
149.30354402829667,10.474594396920878
147.40332997249374,10.207849339812284
149.70760202527,10.728212951828857
148.16662924465356,11.58678984048975
147.76529656839077,11.293237650814447
148.4787469397836,10.949961215972635
149.15699116805658,11.227808274713936
149.5882770324733,11.45918788775428
150.69604932094765,12.75756094777754
152.3493960574637,12.61175569854992
150.13076057217006,11.75284104386189
150.24113512627335,12.446798314287431
150.35150968037664,12.748268103998019
150.46188423447992,11.653754223934428
150.5722587885832,11.643689102864098
150.6826333426865,11.472087211371285
150.79300789678976,10.935907228760996
150.90338245089305,10.47625141810137
151.01375700499634,9.935687649901345
151.12413155909962,10.056649657195159
151.2345061132029,9.633315781655583
151.3448806673062,9.845406494335705
151.6869263206484,9.786042358815678
152.06267338083876,9.70907625873666
153.0966461976754,9.65234982236285
153.58439643379734,9.036954606193643
154.0721466699193,8.57964363016268
154.55989690604125,10.014361985786442
155.04764714216319,7.816497788228826
155.53539737828513,3.7224986088042114
156.0231476144071,0.9757746924785823
156.51089785052903,7.131974904828874
156.99864808665097,0.6776956183762443
157.4863983227729,6.650241411030999
157.97414855889488,1.2896624569640103
158.46189879501682,7.305654057711513
161.41433737009973,5.915814419011106
162.02123978667203,-0.3062160211701184
161.14231096585004,-0.392465800769351
160.82391620209268,3.1390689384519614
162.44463693574477,6.817924449375799
160.97056880094559,7.025945158503601
159.09016171188892,5.915493316767643
157.70425427167697,6.891108157929937
158.62318475100045,8.573000337676028
156.90073191697732,6.828640404547325
154.00199557307496,7.672764332634554
152.8977440240972,8.130126764051644
152.63120769834646,7.354492865347873
151.6974237444675,7.850864276955164
151.28080307087544,4.368299727686515
149.7111876080278,2.4334120843379785
148.5872155233782,6.636704847467458
149.03440849737362,9.004768961948235
149.48160147136906,9.85730926001231
149.92879444536447,9.86282268757007
150.3759874193599,10.674050657546937
150.8231803933553,9.28122706778225
151.27037336735074,11.173296676547196
151.71756634134616,11.141890073055043
152.16475931534157,11.308798389099403
152.61195228933698,10.98986795098722
153.05914526333243,11.944555661299159
153.50633823732784,11.378435506514577
151.85353781130334,11.980150019976186
152.65700434940217,11.37451363231738
154.25544773604923,11.773779763507312
153.03791483195633,11.8364622022019
153.0984889119553,11.413137099776572
154.24010599846648,11.600076987930025
155.99730767954594,11.285481597162725
156.24775896597114,12.306936039632868
154.2425494518905,12.093019131717305
154.1380053105042,12.637922144254347
152.41096810889263,12.011342256834494
153.96103589413667,12.803248960603462
153.11007463392747,12.784167739561042
155.15349454008583,12.726755364879539
155.98753352496942,11.370379179475947
154.90557114226513,11.440107945473633
154.01898318301636,11.089742047722888
156.315398983705,11.144956391937937
156.1874259881252,10.026924470090774
154.92179210290516,10.23726258557155
155.10963136750547,9.957168996783583
159.1683401081381,9.366662766047336
158.31178748052304,9.62575231261691
158.58940610962696,11.217504053550853
160.16264539168188,10.671508679545106
159.86943086775707,10.950641359731248
158.09573977812562,10.686987933148487
157.50606421820387,9.62217965280187
156.3826384908563,8.42105718203515
155.2874929010232,6.168507917233124
156.85685367898444,5.1066528148826364
156.41350448992742,3.592484813063523
156.39489358886772,3.8603800952230123
157.8075717561584,7.837319848592905
156.7925241042093,6.374308021276015
156.17919847067992,2.5409105194938837
157.2594035509604,-0.4057106280021894
157.67228487477175,-0.5072591256669822
158.4250051903002,-1.5412928990901813
159.7254337827942,-4.547426305639876
162.58445230372462,-6.748513073183094
161.72837970393525,-5.285665095138928
162.1137790133051,-5.757150122429667
163.50322984543098,-5.001079348167588
160.79964581537743,-4.409777402029002
158.08601073865128,-0.22298229826200777
159.1225849708214,1.846008604338575
159.2416909410739,-0.3960730885752777
160.4590418293648,2.4535887827633025
160.01309251120003,1.2809092445228323
161.87589204472775,0.3229725682453229
161.0879922713785,-0.3583382932469887
162.2792535849284,1.6471646100032906
161.46833278525287,1.8105777385794306
160.5671571952458,3.266267584767868
158.68549169479627,4.629243143927075
159.09456002267044,7.9051112920073
157.6154142973883,8.957144201441196
158.31344675336985,10.73550514447979
158.9782551605497,10.702858118059545
157.63314213848,11.39473580745489
157.4483737272314,10.064346511798014
157.71182741628772,11.09935626249506
154.12310907051568,10.689455609041495
152.5881008802012,8.444531869659858
154.2787466635107,4.225103327956553
152.49238654560816,0.8303599023109676
152.39653794027132,2.041406344793925
152.300024027208,4.515594927016435
151.62582774536543,7.525971478669777
149.32035862854596,5.211518375527408
147.54371960704765,8.134058564503933
147.63490696017732,10.73192943952991
146.201638863682,10.34203860436326
145.85420530175458,11.456261878040124
146.35326570570348,10.251721838559755
145.32650342779277,4.784625154478109
144.49964131448925,4.1046699844273595
145.63453772479386,0.15052202338409915
146.76943413509844,-2.943724196689033
147.90433054540304,-3.3592175886528928
149.03922695570762,-3.813053388196576
150.17412336601222,-3.749918929311906
151.3090197763168,-4.079848165670454
152.4439161866214,-6.177667914766513
153.57881259692599,-7.066766997974277
154.7137090072306,-7.630703442358046
155.84860541753517,-5.563642453245194
156.98350182783977,-6.368447509930585
157.12589267511265,-7.813351020193139
160.66812883127227,-6.497470872630184
161.9219790691672,-5.295718035301132
160.39672665173208,-6.049998744639332
161.27186628995912,-5.456578781900539
160.34104223005713,-4.825745404765647
157.2621229600464,-8.319937786818395
157.50096920367395,-7.712737001495104
157.71873564580065,-5.857340569272709
161.1549005812954,-6.2973951972057804
162.22500134535665,-3.949935721009653
160.85037037639236,-3.748560710479923
161.43576693754207,-2.439803275697018
160.25250241149254,-2.636796774985058
160.0874861937335,-3.3617275974139442
160.44070133378986,-1.2189561384928946
157.7359567081749,9.965221923042051
160.4147502579661,10.915450994412884
159.16146437221443,11.674193259235567
157.34365640579588,12.990438703549055
159.49812694533927,12.740639545645054
159.0539512069841,13.091457788266561
158.78863251295982,13.588583817891065
159.39316025896704,12.786964309772575
159.18930990349915,12.454470610918131
159.90067425690845,13.738532953683182
162.21351179117588,13.494151223923883
161.34525139511996,12.536847280865075
159.93834186265815,13.059895607791548
156.24840652896515,13.32931902944741
154.14108228004014,12.912593527245432
153.6835332714107,12.494341404100004
155.05450369062996,11.590404665874402
155.82118057815595,12.86960094224555
154.81579907275736,12.592559403744756
154.09035123254665,13.300446417403107
152.5032059814033,13.046622681783877
149.8582365663527,12.794617342421393
150.71869558752573,11.210040663422527
154.47247345509047,12.017875905328482
154.5905115731711,12.89109723474549
154.92020731061007,13.590278031844617
153.2995686103854,12.0646111654442
152.46224016978778,11.740660084641389
154.2893892307838,11.310458692216551
154.70665782699612,9.409669627536541
153.97973282369742,9.36806331323124
154.534735976837,11.353198515354304
154.97556086306525,11.986218039171566
155.83300300738648,11.661049494121817
157.12491230695107,11.492850404081794
158.77295240934518,12.207650971139273
158.68322368077006,13.198607556701747
159.9004243037532,12.473970856746188
159.94429828255187,12.549057078405427
159.98817226135054,12.04392749661792
160.03204624014919,12.866974993465114
160.07592021894786,14.333264806896546
160.11979419774653,13.14864721552134
160.1636681765452,13.846231086845599
160.20754215534387,12.071069390568208
160.25141613414254,13.020074989745138
160.2952901129412,13.140069113627401
160.33916409173986,13.072723297696351
160.38303807053853,13.679364159880981
162.2430108107269,13.92474687932415
161.90138312091054,13.850613142898156
161.5597554310942,13.000635832883514
161.21812774127784,12.497888576318054
160.87650005146148,11.464590203170593
160.5348723616451,11.165321518107943
160.19324467182878,11.593513589135837
159.85161698201242,11.932693701656378
159.50998929219605,13.036645662782574
159.1683616023797,12.906694052990673
158.82673391256336,12.977082404745255
158.485106222747,12.255503271720379
159.9924158911795,13.316142522973745
162.64062487327183,13.191419445007053
163.09394482361063,13.744890271266827
162.71606496544823,13.342116567154799
162.53406136110922,13.178884451926645
164.72787138897561,12.762301033834396
164.78504559050745,11.772918795972565
167.62784424550063,11.43442112100492
167.41081620438746,12.084220685606459
167.1937881632743,12.648170881351607
166.9767601221611,12.774176521111123
166.75973208104793,13.404416024100332
166.54270403993476,12.714584348701345
166.3256759988216,12.402374740470213
166.10864795770843,10.833650905835752
165.89161991659526,10.045551785827096
165.67459187548207,8.78814146745968
165.4575638343689,8.607591884090018
165.24053579325573,9.238107845040666
167.9460769830676,7.915771958434981
169.6334966065724,2.015175090875536
169.2901675910838,6.175460331852929
169.49166737125725,4.625569308783625
169.99483115434137,-2.451336880259871
171.21812045840232,-1.9534196959639565
170.1008846423539,-0.9197330552430043
168.6849885796327,1.950493624635135
165.78225662751186,-1.146291809590625
166.29184833193634,2.0079769121154074
166.4104044440395,1.0317390208095396
170.77732560393508,1.6477488441176042
168.8272980162339,2.2744437158046455
170.22262433045105,0.9309968879853172
169.1855097093919,-0.5865932794057467
169.18269270229493,-1.221274169836327
168.0749186168692,-3.62609265350381
168.52678322403509,-3.543010434707092
168.6846452970759,-0.811392996743261
171.10497884474373,-2.344640184531995
169.99589725459668,-2.471430959507667
170.3997803788266,-3.301577787078466
168.67841346169624,-4.136326617937556
167.9292548792261,-4.96309573299487
167.18009629675598,-4.418867499083581
166.43093771428585,-5.238857568741894
165.68177913181572,-5.161600211487445
164.9326205493456,-4.773048295478325
164.18346196687543,-4.685976143785121
163.4343033844053,-4.95742350253526
162.68514480193517,-3.7188083406722403
161.93598621946504,-0.5766731168526495
161.1868276369949,1.316521967328112
160.43766905452478,9.67663211276352
160.20717843509718,10.993374512080713
160.87832223135192,12.614290191715131
161.77129967538474,14.299958517846642
160.10612780670002,14.048611498526343
160.60975386035707,14.951049528987374
161.1768479657935,15.466253772217483
161.6432263987472,14.774488748609324
162.51871052577175,15.331866052414712
161.23163201251216,15.049462531718829
159.29543375654976,15.552317765758648
160.77949096768606,15.187187476261013
160.84741981313107,14.76361518805349
159.22526445632224,12.806431189125343
160.26966943360338,12.885428677690843
161.78590486468735,11.572511016661174
162.99322771655847,11.474433616335387
163.78034077012214,8.633575227644535
165.3742576475513,8.399534853496018
166.76437235438544,8.433494889652573
165.8915503202062,3.310397574306455
165.98400699111144,4.6408171077244775
164.71209631263756,2.2019434412222774
163.52716909262588,1.4561886154524526
163.24532383976228,3.8930565632272724
162.3484433049692,10.698542678291048
162.2844673793625,11.234540305021302
164.17145812824225,5.13398030221511
162.06391853084597,7.421624231061556
162.92999002262331,1.9259920416866776
160.0167641389973,2.2722349510084188
162.03361055109193,3.9587214769886314
161.9498454246674,10.481634362169212
163.97383891873798,7.513742997903146
165.3244479311359,8.18192245401132
165.91430996770123,5.785194608400455
165.81039969215624,13.846714335771544
166.26642485084363,15.234944075690652
164.73913568772042,15.771210375455805
165.48626244300655,15.765167777142128
163.74723695036434,15.74354067061812
164.64757095820903,16.32579830868155
165.86921775644933,15.94683859386108
167.25326424693404,16.30745200804818
167.02789706676586,16.692430692390513
168.1508915630971,17.041775034716128
168.35173524670097,17.36867710812683
165.4163373923721,17.297745211481285
166.79205388847373,17.724394469551733
166.94127322566678,17.95826183015669
166.7508605746543,18.279838233494544
166.0856453350216,18.802804584430184
167.59649189980306,18.08643214341912
167.23915474669718,19.961545248374485
166.81333611630862,19.8359193447884
168.66869913616495,20.135798308382704
169.79277181859746,19.759461560250017
168.86547637588768,19.09893980202308
169.76232745846926,19.833796273386277
170.08305985153342,18.86095126227214
168.6016981973849,18.498049705477275
169.21541819317503,17.91135816800641
167.2219752584235,17.63703816886826
166.59587198004414,19.5800384131758
168.23914845484518,18.194473294423215
168.08911262269916,17.38119626646311
168.14806745266594,16.80454349802461
169.39293583014347,16.610253345597517
167.654369070199,17.205262340680363
166.8830583446257,17.587115188316282
167.12288408695025,18.506790497574475
167.52865511764034,19.59683602157039
167.93442614833043,19.791438911920707
168.34019717902052,18.620552639654576
168.7459682097106,17.35898915557696
169.1517392404007,17.479227682840182
169.55751027109082,18.63525555949666
169.9632813017809,18.6004258312824
170.369052332471,19.70247144742506
170.7748233631611,18.478839283093027
171.18059439385118,19.01185097212556
171.58636542454127,20.01015385629185
173.1723966861048,19.23315077503975
173.23703065210913,18.15430059374027
171.10737746446748,19.11226908510249
173.6673525731066,20.489438644293084
173.2838779260019,20.134329476754854
173.94524669113125,20.34486558641054
173.4044350501517,20.847416957316618
175.1010787812915,20.91409201165166
173.78712174375045,20.83881961282634
175.0665847743482,20.187773778701256
177.13730584933637,20.61141150137046
175.18455558885807,21.288809981067725
176.0553237016285,21.477346738104238
175.89169190975676,21.157246702273444
176.01944891626738,21.75339176033428
176.054964971129,20.301391582269993
178.38413627538333,19.766243032398375
178.45081583330978,19.176511613346324
181.41444668381797,18.84845745745426
180.04848292315992,18.76437438704469
180.03321147923876,18.78096290025908
178.4796473586767,17.655754828934008
178.5251206522901,17.315711299439258
179.9528703013966,16.252433341549306
180.47260859216505,16.329598004258873
184.66276681612436,17.395291809605077
184.95872480843946,17.924799360066
184.2520492687283,17.236969276762586
184.3479459753441,16.96171410136603
182.93262012916017,15.842933901033266
183.51938461853067,15.079737882247976
183.86574606767425,14.444166684306495
181.50829570296898,11.33588094907207
180.98981332158976,11.23733499089229
182.17945764251567,8.134663260036097
176.05999375473067,5.206269979222867
175.91328924843782,4.544080688702431
175.5751584268954,7.893192167936894
175.23702760535298,12.822451931289926
174.89889678381053,11.68062878812936
174.5607659622681,10.386543363632711
174.22263514072569,4.193747863451124
173.88450431918326,6.708008860442211
173.54637349764084,8.500470523961933
173.20824267609842,11.639977585433664
172.87011185455597,11.338700026247471
172.53198103301355,13.184615599752293
172.19385021147113,14.073997232169225
171.75519892108528,14.541394811768761
170.8426048722508,13.721340957529492
169.58955847944108,12.2218029855946
169.8448768737246,11.740111572381299
170.79929147623173,5.717595628309726
168.05835612113262,5.945463251430422
166.67197757764023,4.748847463800155
168.4330374387633,4.267596700264571
168.77893431675272,5.205040929637375
168.89788958258848,11.268238444541414
170.65614190449804,7.522541369377071
169.16213438815862,8.870827945828545
169.19469103285493,12.090555896727084
169.65531076705378,13.072789775832858
166.55132027094305,12.082978675495728
166.689365994472,15.130874563564584
167.3149722462726,14.382125650333684
163.88241770502782,15.92338813570389
162.83948840257335,16.421261522938952
159.07769099793728,16.139390027659488
159.9777136225172,15.523137445880296
157.6120259503739,15.425558467170601
160.7572430734345,15.341895925317635
158.3771693416262,14.692110363659465
156.64394474694222,12.650564038591282
156.2446878801042,8.461954652545616
157.29162259317732,9.965258874834518
157.36012888393296,9.444974989518279
156.35975317340936,7.462784293579307
159.82261606865325,7.153650639667522
158.80264696070222,7.462432616984403
158.58851365146015,7.962425108424673
158.65865753343854,6.239051597880005
157.05124263823814,3.9768251747225247
155.42312707917782,1.742602037075178
155.03930656258507,0.46763998402656687
153.90197851413856,0.35834343409359826
152.50280115708688,-1.922703295068759
153.0019621405013,-0.11250866268265991
155.92419648463195,0.24453786325063853
157.92102785140975,-0.2502696442645258
158.70164501103406,1.1141456859470449
159.66193411926554,2.7075402504427157
160.26261352521672,2.779561427976317
159.25294973030003,0.8548760988424313
160.88162070550268,1.0446963057140926
162.83577840288882,0.8165688265239874
164.52468858778752,-0.5890095179956978
166.00891120719933,-3.0892444721868966
169.90948570765957,-0.6495056220775941
170.46759300405964,-0.12497519345123842
169.9285902809347,0.584689086113249
172.88572109350727,2.2328349613134977
175.75736730858955,1.064015877246986
176.93296362524984,1.046071738490452
175.4911334449658,1.6951634354721836
177.08580947213267,2.24818379402831
178.2855989577795,2.4925792225651535
180.08705131319428,2.303489202119252
180.8249231796088,6.2023492395550885
179.16130625083937,5.395811810828532
177.71057309886967,4.087857088610094
176.5942608592835,3.3535169287274846
176.55883707944108,5.292476975126967
175.9152271255766,3.5053771135544824
174.6683594453103,4.489835129183726
176.40000493606018,3.0036852106993206
175.7847993782994,4.964174182738438
174.17420734775754,12.944755311582087
175.1101163451406,13.341876414476337
175.52515922160717,12.2322105192485
176.04819446110434,8.68986225866458
176.5712297006015,12.928083231655727
177.09426494009867,12.544468880874827
177.61730017959584,14.79424813381143
178.14033541909302,14.879089765149187
178.66337065859017,14.147560643411841
179.18640589808734,15.417983803490984
179.70944113758452,14.345389563085835
180.2324763770817,13.229255837409614
180.75551161657884,12.563422831283685
181.27854685607602,8.299112434538022
181.1580851403253,10.737685007800264
177.83182855635127,10.806996836351965
174.900961909759,4.977315388112242
176.0960035576709,7.427728695417459
175.4815631949478,7.448549454699981
174.19367546596743,10.840827522112098
172.6013506702289,11.937628567573318
172.31630158240864,11.498465221596945
171.8439593528517,12.316514338853333
172.0084639391962,14.64594514975912
172.1729685255407,14.464974328872227
172.3374731118852,15.11091151850491
172.50197769822972,12.34420343493931
172.66648228457422,8.46736480189152
172.83098687091874,5.662414878817763
172.99549145726323,5.17936367517019
173.15999604360775,5.786624526292953
173.32450062995224,4.268543392163934
173.48900521629676,4.4061781453185525
173.65350980264125,9.11448976287399
173.00330737110517,10.786932276899057
172.29057264220924,10.076965262547063
173.2963492844736,10.590088520230129
175.11654795210302,8.184008881043358
175.821311313167,9.452930594431269
176.2153659705933,5.2521182006869305
176.21097962787383,10.736654009103876
176.20659328515433,11.240813468595638
176.20220694243486,13.997903508693032
176.19782059971536,14.280338731576595
176.1934342569959,14.501217901093858
176.1890479142764,14.665377407864318
176.18466157155692,14.567316110683473
176.18027522883742,16.84101730897451
176.17588888611795,17.02956688919487
176.17150254339845,16.97437141401667
176.16711620067898,17.31548510537936
177.401588356891,19.031320360279555
176.32086449169788,19.23483189708874
176.12434059702744,19.622034734776697
177.7214778268983,17.763341157262232
177.72383963518388,16.96298232251839
178.3531732809316,18.68824075428131
178.9810149648697,18.207717973602172
181.34702556293522,17.500302682653384
180.43044785815698,18.24847749478745
181.18139119453787,17.42714866146641
178.2415352792613,16.55633688910668
179.34980869755793,15.325035831352018
179.14776063385256,14.86010289479927
180.05833127347614,14.421591282217014
179.1408403379882,13.469775841288216
178.60765540332636,14.554434371344335
178.85574771769157,13.952907733644896
176.9357678987995,12.046514642583833
177.3566371373399,9.272104545884744
177.45284345784913,12.459650100790014
176.52857751185687,9.112732623238076
179.8386949106808,4.339691476990181
176.23400884706174,3.6913052349776505
175.677713528928,4.44187299928095
175.5020604316584,1.672924302620916
176.06865149573437,1.4643348292576894
173.11756919008505,2.248982864477439
173.1676802790877,1.0603884340137355
173.19097148882048,-0.5749387517818925
174.18874178315838,1.0283302501376919
173.9434001794854,0.5713664493612339
171.82098448959312,0.056908573105946325
171.56894464025962,-1.939687623281876
173.05945773566836,-2.2255623825757316
172.4722787569762,-0.45475141843705347
171.26644933245058,0.6153585329574871
171.8703485544744,2.2382671668293734
170.99474071500194,1.7414639652654378
170.98201938343138,1.5797491323649364
171.95700389253747,0.9699708403059395
171.044500345784,-1.6980965599093316
173.27032105185836,-2.8351600713001455
172.9879508318836,-2.9316059845348184
172.70558061190886,-3.7495159220583876
172.42321039193408,-3.8848843638615547
172.14084017195933,-1.6946830696888489
171.85846995198457,-1.3288457080639953
171.57609973200982,-3.329945496836764
171.29372951203507,-4.041138794030282
171.01135929206032,-4.81557193968643
170.72898907208554,-5.272291516168346
170.4466188521108,-4.9524238245539465
170.16424863213604,-8.048625310611289
169.51417299414084,-7.601674545753044
170.10995788328947,-5.571883138842328
170.08144355846275,-5.232170779256603
170.05292923363604,-4.946167596101402
170.0244149088093,-7.768209757209633
169.99590058398257,-8.493713037162255
169.96738625915586,-8.022598456326955
169.93887193432914,-8.334970205887714
169.91035760950243,-6.868108741499582
169.8818432846757,-6.256414012559567
169.85332895984897,-5.399565111104648
169.82481463502225,-4.051801053558404
169.79630031019553,-4.873532963109178
170.41104049714576,-7.724497240768294
169.9101611539433,-9.34001253156004
172.42099203622533,-8.533913993011094
173.26084446578517,-7.618579315630484
175.38352708972775,-7.419944340293677
176.89118054859992,-7.660008587483046
178.59130112963615,-6.96088789121831
177.71786940730587,-7.1955478137443825
176.4374980607915,-6.607101989494947
173.40449609334817,-6.599259104003133
172.51352044311898,-5.131408120871457
173.11843774917028,-5.33147946489469
173.5901129998874,-5.370407320615865
173.93960269476952,-4.18119707447578
171.6607801466165,-4.686077694502829
172.32525026615704,-4.497980641102501
172.3545871672966,-4.113515913346214
173.23197263865853,-4.732820458972476
172.79770631872577,-4.270937987552229
173.98350002529975,-4.640329770740261
173.47207008211518,-1.6308388827404872
172.33113512957934,-2.254932777392838
171.5796636968712,-1.3162723976947681
171.8751934822879,-1.3441782028285947
170.38277968453397,-0.60961007251725
170.33084943856718,1.539433659385185
170.61822136027908,3.8732445379400757
171.1725289894081,7.795017424410688
169.10971233420383,0.2303757561066262
166.86848053945465,-0.22034539512774032
168.02569790288382,4.104067272826463
168.36681553741474,8.634648128499597
169.48660704353864,8.484404787902724
170.64523775717367,9.367548706329472
171.65088005224504,9.964134765375762
170.96356149784967,10.606312513660637
170.8887175950468,8.839648274231763
170.81387369224396,2.1633131048662797
170.73902978944108,5.58278426385038
170.66418588663822,-0.7672483649134769
170.58934198383537,0.031000879308666462
170.5144980810325,1.608572147456628
170.43965417822966,7.953591859136999
170.3648102754268,10.053106327643277
170.28996637262392,10.569659584249305
170.21512246982107,11.060414255153999
170.1402785670182,9.904770629855733
171.54113328368663,10.488555460009657
171.8487217125724,10.00910562850186
170.5385225903211,9.756360291055662
167.86744026669467,9.727779288398645
169.76545291778652,9.670234685308092
170.9342173432231,7.281232324060819
172.78769204083517,0.16670055539779682
171.10884675899993,2.0001128763432656
171.62188733314719,9.156249602411544
172.13492790729444,2.051872011173212
172.6479684814417,9.773522857988679
173.16100905558895,8.40129612451765
173.6740496297362,9.653755133607076
174.18709020388349,10.050603811143848
174.70013077803074,9.928840579155702
175.213171352178,9.678540625298867
175.72621192632525,7.947374599920576
176.2392525004725,1.8704905303705206
176.75229307461976,3.647133569921099
177.265333648767,9.036939323614932
177.77837422291427,4.158577081972499
178.29141479706152,8.426111905648677
178.80445537120877,11.162237424145008
179.31749594535603,12.517169921263198
179.8305365195033,13.320290195510475
180.34357709365057,13.53499777318953
180.85661766779782,13.430094151625756
181.36965824194507,12.088087393360134
181.88269881609233,14.256389594162332
181.23631564395166,13.763664554421082
182.42203807713412,13.24585500132575
179.5518981965064,12.04827670084224
179.11351666214992,9.291664969015425
178.24730291519776,7.3235141452493835
177.2248765014395,5.511056588948543
177.1655818773263,3.6243234201159504
178.47810980486636,4.717865559591134
181.48554441790372,4.202407068680386
180.01029900646097,5.608299370393684
178.37775731871318,4.106430348338371
176.03204376940155,1.7415101084261688
176.84897601788464,1.2394529282839892
175.34804808490517,0.6206062114681798
175.64687854439973,0.4211972123416149
173.98584260668903,2.1109830897228608
172.55624741573862,1.385365404932953
172.7453735894641,-1.947273727978466
172.2013046800779,-1.88822221954153
172.670412551966,-2.308570753162126
172.01226163902598,-4.696391281839183
172.45178118154817,-4.0639619323510345
172.89130072407033,-6.157911909801836
173.33082026659253,-5.356388335057497
173.77033980911472,-7.194402175013445
174.20985935163688,-5.5567692287435815
174.64937889415907,-9.763765739705413
175.08889843668123,-8.379928664460078
175.52841797920343,-9.481147552933248
175.96793752172562,-9.013729557965085
176.40745706424778,-8.419050896982208
176.84697660676997,-7.82184064215668
177.76958576226968,-6.200942534844789
178.992796295414,-4.741292150022308
178.5267901178469,-4.311553503134504
179.4415031347539,-5.258917937197765
178.02013691365926,-5.245544358227185
175.72801083341858,-3.9568447917846585
175.29619298331238,-3.929635197235626
174.91136674323434,-2.503196922232198
175.2677691904391,-0.7797296495141985
173.3887020504504,-3.193277744663917
173.7076172168219,-3.1474277601106984
174.69322901501965,-3.0621114213593046
174.831370106652,-2.2888165617390905
173.35462779320514,-3.1181716249228657
173.73267026519727,-2.5275994447451122
174.11071273718937,0.196036274573555
174.4887552091815,0.8414541036128458
174.86679768117364,0.4114244110324377
175.24484015316577,8.757704024812277
175.62288262515787,8.014608057575787
176.00092509715,0.8345734496055113
176.37896756914213,0.5713429696761417
176.75701004113427,3.232266589749639
177.13505251312637,5.388533801733736
177.5130949851185,7.949116252889849
178.45514532913074,9.91043804987286
180.00476986294368,4.150970550303946
180.8543725522013,2.029571310811281
179.399953859984,7.3728416517278115
177.16845054553377,4.251868991878168
175.91189863504812,2.553454195673381
177.07175862674987,9.815724426575692
176.8732197522149,2.165838040812607
176.67468087767992,2.0632124080743495
176.47614200314496,0.8585556023968507
176.27760312861,4.147769998771464
176.079064254075,4.890315213751747
175.88052537954005,4.189703109407806
175.68198650500506,8.982987481712321
175.4834476304701,11.447533949030124
175.28490875593513,12.565798622659575
175.08636988140015,12.966178493993162
174.88783100686518,13.558522316062966
174.56368181172326,7.975067343272109
171.24587464197364,4.2631973495730975
170.67588109916102,3.7846250800194596
172.2750906680156,1.7389991231969804
174.50364250546343,1.1624342655013518
172.8240225225922,0.6716118311345829
172.29830203985588,0.5567695014291272
169.22926346281258,2.6041957884107245
167.58478034075958,11.74365155829653
169.50890690774398,12.402049233722705
171.75767869782783,10.497944124363036
170.45899281563928,9.072256608367528
171.14639507521719,0.5520802409051977
170.3744240919442,-2.3002261777912087
170.11198280194262,-0.9851827866661458
170.21588596952012,-1.0254503300761049
171.85700675656238,-2.0070724666376494
170.77373644690903,-1.940252994616503
171.31332168279982,-1.1580408257270083
171.89131036237558,-2.3366033560660577
172.93383646366206,-2.297522316723221
173.72078844529193,-3.498404297381969
173.40520279840518,-3.700919591986378
173.56970384364058,-3.0900604565948093
175.0950436758579,-3.4176415482890565
175.19676589482125,-3.814258315680819
173.11525478605597,-2.9212850517206803
174.38480545343074,-3.4004424211280995
173.95318559283774,-4.220659353487587
173.5215657322447,-6.779504489989161
173.0899458716517,-5.0323672070330225
172.6583260110587,-5.517457841116247
172.2267061504657,-5.353697864768959
171.79508628987267,-4.724509687846435
171.36346642927967,-6.889737937290598
170.93184656868667,-6.701777566275039
170.50022670809366,-6.59794291902098
170.06860684750063,-7.184197787323867
169.63698698690763,-8.03796924644821
170.3023722203347,-8.881427759831826
170.97344236631344,-9.201182789652146
168.43785153684462,-8.331120336517172
168.3900884781943,-5.927998783739563
166.44674301175755,-7.600865082313749
166.14082792226523,-8.347942928458458
165.8349128327729,-7.982644438483694
165.52899774328057,-4.993691065945443
165.22308265378825,-5.156007441371412
164.91716756429594,-4.70840517296971
164.6112524748036,-3.762056187366785
164.30533738531128,-3.824283960935797
163.99942229581896,-2.9577091754170852
163.69350720632664,-0.5905015237612767
163.3875921168343,-2.678753751695491
163.08167702734198,-1.0519791921767567
161.8822396151464,-2.559790826580637
159.58917996332426,-2.5328126232323145
159.82229464431248,-0.25128797531765534
159.64915623328753,-0.042293709959929204
161.40854588800525,1.075375048502858
161.22516939083607,10.329179634271336
159.63372143386093,11.573395856475026
159.95270906414288,11.136051582736421
159.40613529192666,11.963042843163693
159.66541165242273,12.448084403952237
159.9246880129188,12.99343422308482
160.1839643734149,14.530829089860067
160.44324073391098,14.807717763109531
160.70251709440706,14.647639600048294
160.96179345490313,15.239925815303298
161.2210698153992,14.290716895807494
161.48034617589528,13.459464411577407
161.73962253639138,13.04157128224508
161.99889889688745,12.863699318349415
162.25817525738353,14.139051443853322
162.28588072082883,14.226065386876957
164.53549757460183,14.272656223555732
164.72761269424194,15.279738666343192
164.46947571853983,15.329039236077497
161.90941661533324,14.460017603352895
162.70232668994822,14.730320960655575
162.24017710382427,13.927412304812744
162.07976362967656,11.875467729929127
162.83665688964552,11.031772327647458
162.108244968331,10.344321600679217
162.65536855810936,7.613708398626748
164.2378390899074,2.4049770925331355
164.87188606894256,-3.511847915793536
162.2988216124452,-4.289206040421022
161.15544060431495,-5.85076359049054
163.4896918941144,-4.8524941136153785
164.20851759242717,-6.190164577385254
163.807961901865,-6.418107507735267
164.02903992104845,-5.1444191403482264
165.11616124439556,-4.194365598022038
165.50112192282455,-0.40520489400039406
165.00105460946392,-0.20977072574858546
165.11578848751762,6.583561868048159
166.21209578198776,0.8932389479253705
163.91247097649057,9.20057571060425
164.53684469956053,6.36548263837116
161.64461005113463,0.8563363622321022
160.7847732531813,-0.6781467085721206
159.870058854145,-0.48494751907663347
159.24464555675715,7.025422217723413
159.19954550175657,-0.32496450353781503
161.25164312708603,-1.4508885719348334
161.33988546817025,-2.8531200172845885
161.17375916874644,-3.7611895728911473
160.4853629360593,-3.9564203840718903
161.56313268773673,-3.419989692953358
163.84069405655072,-2.9640648304192005
164.34160365657456,-4.318487728266823
164.00300570632763,-4.432772890281248
164.88603519626122,-5.957531016115751
163.19733508279128,-5.578070435685538
163.05393600101752,-6.193045138376206
163.0375004736597,-5.560140241810693
163.72127301346882,-7.2521987879682
164.21291545280968,-8.847922261437546
166.75492900088372,-9.968694717885937
166.02870352378727,-11.057319145895466
166.3159979615884,-11.509909895472612
169.8688030268392,-11.242764573468868
170.42194919576292,-11.941290895598332
170.85086547178324,-11.533269146764136
171.4050838338265,-10.85486399482421
170.76066508083687,-10.798520222263134
172.56349906544546,-11.851655147423662
174.7978532373,-11.696314931569294
177.44044038758645,-13.679422971457218
176.22631903267987,-12.640093452827129
175.1187271918266,-15.64782381805478
177.45115649796702,-14.952455925321603
175.79441333489746,-15.922050221719129
175.8750720670623,-14.953545428096682
177.16245923762537,-16.508233744449953
179.08267967797704,-17.201173294965123
178.55659000724398,-17.117730331683504
178.0305003365109,-17.573084579569546
177.50441066577784,-17.41671555316465
176.97832099504478,-18.18368532863343
176.4522313243117,-19.704518136300837
175.92614165357864,-18.442859552141268
175.40005198284555,-18.086874432020885
174.8739623121125,-17.72044616390523
174.34787264137944,-19.07133782839105
173.82178297064635,-19.126765392027817
173.2956932999133,-19.069638552149165
173.2312488587607,-19.156871834150486
173.16680441760812,-17.41844780208278
173.10235997645552,-17.967153814083403
173.03791553530291,-17.95169876956196
172.9734710941503,-18.06108181447698
172.90902665299774,-19.41118125967888
172.84458221184514,-17.273481328084163
172.78013777069253,-16.150337237268953
172.71569332953993,-15.058702093761962
172.65124888838736,-14.645668703151165
172.58680444723475,-14.272749511057475
171.7601171077307,-12.979240511940628
171.23843487778538,-12.721097660670653
171.31968927510138,-12.823816276851332
171.8584363126022,-12.340302699077842
171.26518151929534,-13.991087428506244
173.53031534328343,-12.493182019373227
172.6896707341342,-12.623204353212332
174.65033920483305,-12.693050897071323
175.11128421229594,-12.880765677661678
175.73732951619343,-13.030019950410063
177.25894930156045,-11.80017268618294
174.98165244592846,-10.709511404718203
172.7644900392194,-6.422930529664254
169.5164592891747,-9.566821898543274
172.72377302005722,-11.090723900235897
173.0142579795584,-11.613208319993825
173.88467901078099,-12.151110669311525
173.85635441393157,-12.12038031131632
173.82802981708215,-11.51472227741395
173.79970522023274,-11.243750778006001
173.77138062338332,-11.546005320022022
173.7430560265339,-12.013137584828986
173.71473142968446,-11.318384205347186
173.68640683283505,-11.155888208304724
173.65808223598563,-12.71307597681508
173.62975763913622,-12.751564675732888
173.6014330422868,-12.478922095120222
173.57310844543738,-11.97177783249851
174.98969546457928,-12.8403103592099
177.1023219296893,-12.745393451896165
177.95036798966726,-12.675136572032395
178.12095663430293,-13.88631410574325
177.31385209003645,-14.157401382099545
179.6741749012764,-15.4347744278919
179.45802706831705,-15.972273330502816
178.8995439165444,-14.272895429364894
177.98878612442465,-15.785936214623963
180.82887106237558,-16.817763505586527
182.34158427636697,-17.410996119726263
182.93980339776056,-17.742540903024846
180.96292194808788,-17.42707915923841
182.12396846937085,-15.530498458407548
179.8042349942943,-12.982153155206412
179.2068585370205,-12.775918479000163
178.68316351781223,-13.207686963161589
177.22500349077413,-12.486052057246726
176.0418127232551,-14.240947657442742
176.5182646229353,-12.50031198149973
175.9362606088669,-12.34413707843069
174.82953821753006,-11.68213809122728
174.28222699346895,-11.703581301333378
172.7223148487002,-12.464662170867218
174.21897177673753,-12.285078400312216
174.96005816484097,-12.513343140860066
175.14419214116785,-14.15149709510465
178.0015337569035,-13.766455169399961
177.9981120071659,-12.946761223733471
179.05355086790206,-13.670268095309432
181.29773634119758,-14.528495727662223
181.63747755726888,-13.35651017873038
182.2047640262734,-15.512361000610873
183.81214626068987,-14.89919236049881
185.36386623324307,-14.534489906392322
185.88049279342735,-14.472316428301463
185.21549591237275,-15.934351027277275
185.91951914538015,-14.63272609489987
187.86709399482137,-13.86594446948463
187.21320914090168,-12.91520582849714
187.21773451673573,-13.830677761907838
187.6067432206326,-14.793135761498275
188.637828261332,-16.648446271525405
191.46076099934967,-14.941266306559163
189.90694190734013,-16.81298203806673
189.0690113393139,-17.393178685593032
189.18296701352014,-16.766777298011096
189.29692268772638,-17.27010447849189
189.41087836193262,-16.965356184875116
189.52483403613886,-16.615858772451976
189.6387897103451,-15.113955094695088
189.75274538455133,-14.50000319073827
189.86670105875757,-15.898737157216402
189.9806567329638,-14.773488189415144
190.09461240717005,-15.38108073333849
190.20856808137628,-14.446223429254271
190.32252375558252,-11.321555156520514
192.768145391895,-10.258873104644135
193.1450688248122,-9.77485562049747
193.57966561609683,-9.838222123443998
193.88127097383622,-9.290838136350807
194.34313956847163,-8.956140643975333
195.00116077260458,-9.685470792196664
191.7111910036028,-9.439700031486009
190.83250781664057,-10.498111660115457
190.21117614737554,-10.847377281020092
190.26686468203744,-11.60727120298369
190.32255321669936,-11.15111967465017
190.37824175136126,-11.469968233208263
190.43393028602316,-13.459192000565855
190.48961882068505,-12.383995378735557
190.54530735534698,-12.25402650570542
190.60099589000887,-13.483112920535458
190.65668442467077,-12.009895264082264
190.71237295933267,-13.337135559235804
190.7680614939946,-13.756723400464558
190.8237500286565,-13.482333997123453
190.01775672040532,-13.64241246110638
191.31869275974697,-15.057084611845
189.5631742817435,-15.183831049722023
189.78997625205568,-13.638402656024113
188.36738167972618,-10.696004629196636
189.80702363786028,-11.42381031950975
187.15135593923537,-11.7895245177411
187.0719579852487,-11.955201737934647
187.30695448426894,-11.660060054398079
186.58074655990933,-11.93626044674705
189.68688732657378,-10.85987349388742
189.44620852587383,-11.013554034326672
190.34178677278314,-10.541154976913454
192.0434145151442,-10.054315110564163
191.1231526043998,-10.309009139063193
189.26782700464597,-9.698588567658735
190.35102190604852,-10.060729160811924
189.99351829769037,-8.716390227473646
189.08025937860486,-9.048829394277474
189.81065403217,-7.8767147282471495
193.12411991337237,-5.88248040871526
194.98656242419557,-5.273216884069437
194.70861545094593,-2.074758889327069
195.32122948978855,-1.136345423178883
195.57811656211575,-0.7984942314209544
197.11026385634818,-1.6688463710476
198.83692355050218,-1.1883868198301921
198.7591451052432,-0.5281372889934155
199.39584041697717,-0.8720781273431257
199.52170928608024,-0.8126763877543205
199.3256543917084,-1.1905835375934126
198.96446218483138,1.5256245965821655
198.6032699779543,-0.25563352463659345
198.24207777107728,-1.3981289379116006
197.8808855642002,1.5155980062150765
197.51969335732318,2.1568206479011716
197.1585011504461,3.2992058087880296
196.79730894356908,3.7773119887309328
196.43611673669204,9.696996155535635
196.07492452981498,10.678355535725837
195.71373232293794,11.09981393955365
195.35254011606088,11.714338888313149
194.99134790918384,12.863467484097713
194.63015570230678,13.630888243154779
194.26896349542974,14.491470164356738
193.9077712885527,14.645076266375742
193.54657908167565,14.684065991729941
193.1853868747986,14.834172056692529
192.82419466792155,14.844318277580374
192.4630024610445,16.195915980283303
192.10181025416745,15.802873007859967
191.7406180472904,15.43909645097846
192.97339280961384,15.498344445741855
193.90688753666015,15.527056794779458
194.88454256861232,15.739098246526279
195.11999316180118,15.10552742729022
194.57855107354527,15.661067091200572
193.51861230610317,16.1138052585671
192.62253327330862,17.36579778377095
191.72645424051407,17.129227501425945
190.83037520771953,17.436691271344902
189.93429617492498,16.596618572814517
189.03821714213043,16.72468710723561
188.1421381093359,16.65742973868091
187.24605907654134,17.85830638120668
186.3499800437468,17.63621623813669
185.45390101095225,17.625011710780807
184.5578219781577,19.272733701730118
183.66174294536316,19.164689004771223
185.03143532969062,19.141562164659856
183.02226106999493,17.779583639757714
182.89943602971766,18.989341779721315
182.39005291057674,19.892921555423914
182.65752176406536,19.665556810621403
182.57032313547202,19.317916744789283
185.54894543770016,18.65975745817145
186.87185608570582,17.469854599691416
186.66728289369632,18.781414590860724
187.07917712674663,18.503446661732507
185.79570573967032,18.652734852330664
184.04382516632091,18.934428599733184
183.14362415501142,19.381736577926343
183.8337059238534,18.80840705322502
181.31391502880805,19.832884367626804
179.1711269288437,19.291455595006955
179.86746496986768,17.99895303202263
179.62781759822926,18.757470618414594
179.1306363956471,18.822271667810337
178.63345519306495,18.825111015043092
178.13627399048278,18.65320891164633
177.6390927879006,18.97662719628984
177.14191158531847,18.938385745997348
176.6447303827363,18.258074045160985
176.14754918015416,18.323607740656666
175.650367977572,18.97691559967132
175.15318677498982,18.937035326331966
174.65600557240768,19.302392437073625
174.1588243698255,19.414721237235668
173.43962419018848,19.403259926211263
173.12583373788317,18.908039903051648
173.57967438142683,18.738987078685152
173.53404179477363,17.348320201784347
173.48840920812043,16.7607208206947
173.44277662146723,16.74499615746106
173.39714403481403,16.780279080355037
173.35151144816084,17.48883990162414
173.30587886150764,17.313645916563228
173.26024627485444,18.090057395109977
173.21461368820124,19.484957756595524
173.16898110154804,19.019152431135115
173.12334851489484,17.931838761275365
173.07771592824164,18.150231418656467
173.64598692471031,17.510361359019086
175.41805045522736,17.755811973812968
173.98195754127076,18.490133719029714
173.43552743567707,18.627795542585336
174.9778021562443,17.958290796157648
176.36841853055006,19.487778692178978
177.04528627653764,20.637184864604876
178.02284911437746,20.408034127817718
177.19357643540553,21.25412309938182
177.58216126877363,21.81065910696775
177.97074610214176,20.154536569496003
178.35933093550986,20.233168802640737
178.74791576887796,20.245739385078384
179.1365006022461,18.598673702365275
179.5250854356142,19.025662963316055
179.91367026898232,19.63094042572589
180.30225510235041,18.811962429046595
180.69083993571851,19.166934188285122
181.07942476908664,19.233097691241426
181.46800960245474,19.59649533200282
182.00824615741865,19.621839405094722
181.11184803168038,19.252894076345147
182.0217095946515,20.12338956423343
182.93157115762259,19.60384962562938
183.8414327205937,20.390352233876406
184.75129428356482,19.769003409230173
185.6611558465359,20.97271971249519
186.57101740950702,20.378590342241456
187.4808789724781,20.48208995342528
188.39074053544923,19.457920091823983
189.30060209842034,19.401551752084938
190.21046366139143,19.57495160342971
191.12032522436255,20.10079198487407
190.2158917662152,20.68527118652725
189.69987679151137,21.416547008992104
190.28253245313448,21.276573778643453
188.67492736267678,21.36982445283604
189.6679340696895,20.480879962075417
190.03194067953328,20.18132607175648
194.0382637971049,18.425836622537755
193.24074494091053,17.654034533443575
190.9274981877077,17.134408305710302
192.9945841508243,17.792702776582466
192.56455753633225,17.54898785815068
193.38901683184847,17.700030379245952
194.03409603195144,18.006863102137753
194.374654472143,17.414496627929065
194.45636805161445,17.449835907080832
193.56683732545739,17.194937551228655
191.2727714451551,18.36084385145789
190.75560493366675,18.60641930068797
191.19996163959212,20.373883713079604
191.6443183455175,20.287344608651697
192.0886750514429,20.484250788587545
192.53303175736826,20.473790990399976
192.97738846329364,20.058660482843464
193.421745169219,20.982137242442462
193.86610187514438,21.20230211822997
194.31045858106975,20.132164787149705
194.75481528699515,19.42153742135745
195.19917199292053,19.139365656548986
195.6435286988459,19.09222841852337
194.89589003254582,20.49569828168171
196.99793058599906,20.260895232527186
198.55471800261088,19.099771105869415
198.01181969935627,18.295909575555612
198.9799630600193,17.976851292268712
198.09803560611286,17.19745601092584
196.5166178403076,17.435213861822447
197.9562992434707,16.984393509621313
198.82092446232306,16.56738135708055
199.88697699963672,16.944877672790735
201.21295204816963,17.279355756103666
201.88444103590942,17.421906511083325
201.05267104745053,16.27923133161502
202.04636363562744,16.996384488339775
203.20043920249034,16.487829871735865
203.68889861789188,15.828005747920086
204.17735803329344,16.399845173301422
204.66581744869498,16.413393804200275
205.15427686409654,16.41898802010632
205.64273627949808,16.55179765997023
206.13119569489965,17.355369757387706
206.61965511030118,18.281215073961885
207.10811452570275,19.037281209704044
207.59657394110428,19.81495452093348
208.08503335650585,20.200292528527992
208.57349277190738,20.303950679174438
209.1951185252941,19.929380028187563
207.91812096384018,19.83336062146947
208.02394654799954,20.058040908935244
207.96345829755467,21.136326338475772
206.24256029144345,20.990705999813557
207.16213992435587,20.833411084792772
207.1378805996118,22.868919543149865
207.71137287823316,22.955346467395408
207.72119382838778,23.78844521062284
208.10737525794164,23.076174625034646
208.4935566874955,23.38050278703694
208.87973811704938,24.063761233121586
209.26591954660324,24.28138916558793
209.6521009761571,25.691328115059804
210.03828240571096,24.467619403857597
210.42446383526482,25.914475039987966
210.81064526481867,25.291055536938266
211.19682669437256,25.595096922805645
211.58300812392642,26.74498735396363
211.96918955348028,27.455742808894456
212.60198224950474,26.96278676534595
212.40144817972333,27.302955537055123
211.3236566340254,27.814084343853715
213.29233495421022,26.93908595386781
212.47963239302663,26.08634447060904
212.8454429347942,26.38751342044264
213.84546285837217,26.234203264369963
213.52439126264406,27.013900383299912
212.2895242975801,26.329266391717017
210.56761455088022,25.604376750110738
210.34788137169198,26.02338201944397
208.16487911853608,25.66521743890747
207.20004428994181,25.038309194954167
206.96581002919345,24.602566490986934
204.22973851791704,24.158211740275163
205.2574585475202,23.673518891347886
203.5266110729567,22.856196206967
204.86556529402537,23.260362582758802
206.88613331183382,23.487989587072036
206.56329024252267,23.204895236133666
207.42635368326881,23.336558657840698
205.9016535425744,23.093033624272252
201.637948674337,23.627917313447234
202.74059621694616,23.08144925821646
202.57995890325273,22.581522715877078
202.29460920085253,22.345614113547438
202.9263207162768,22.215737753752826
201.2209437525912,21.34511320083046
202.44306935743782,20.435176833622805
204.45167924901526,20.89840326483446
203.75446323024042,21.360515145302337
203.07397346631353,20.5776945866655
203.7070745771081,20.15210150923381
203.472097084248,22.023633025768287
203.23711959138788,22.850601586168974
203.00214209852774,23.17949731481668
202.76716460566763,23.571414224681067
202.53218711280752,23.391632137900217
202.2972096199474,22.924049798970767
202.0622321270873,23.19245619151622
201.8272546342272,23.688753125515625
201.59227714136705,24.510600235593092
201.35729964850694,25.696982537170044
201.12232215564683,26.569797097563317
199.5522945888084,27.386272865703035
198.20462038613317,27.52460892545203
197.1919683087727,27.130593705361342
195.77523273838528,26.835482388763918
194.3706662608162,27.23262346060508
194.83304665161933,27.25125438469962
194.6134595043319,28.272701412901657
192.82615002709719,29.031863164326374
192.00596692298967,28.757079819266032
192.84495434954653,28.78527989887269
194.94658270961796,28.204832222603635
194.07421544031413,27.936831506867186
193.58503315906069,27.30615784679931
194.65594909542574,28.114574176742366
197.83404781269,27.234680614588143
199.1794135350372,26.160559076829145
197.81894189251716,26.185634270169825
198.27324177312758,25.285009401464144
201.54520499630974,24.888299618726144
202.00856605429595,25.24339858229727
202.2200708191388,24.350856389174634
201.58516114471513,24.357323143270015
201.47779797536725,23.752760204150643
200.3604046330382,24.314362819393278
201.27715121637414,24.054815901493033
202.2136812105369,23.261573738057024
202.3370232039924,24.89101926530596
200.8005082503753,26.724177160122043
201.57736614823048,24.701712716670073
203.43008794072625,25.86571800135247
206.0332440681079,25.29380068047995
207.82523708256713,27.00436932743907
207.0321806273338,28.094473287599683
206.05214976508483,27.002609700631968
206.11407457300186,27.379682186231268
205.08856855925308,25.846985082220016
201.88923471675818,25.834138629952832
202.53988505556032,26.83236536984849
200.78733435012902,26.857389759201034
200.94628693046096,26.17098613860569
201.09526761380633,24.601811651625454
200.4920467128902,24.31971603973384
199.65728375323056,23.808796335779107
200.15926667720163,23.169164987168248
202.00198907389742,23.846147482516905
202.25125734514913,22.823066468187395
201.67956975054577,22.274461561860008
201.95825342914037,21.690990713452955
201.81503779651317,21.128714515831167
200.6374933981222,20.21574492061021
199.16781961436735,20.016552735368855
198.70342613528186,19.27478170773217
200.4251775163004,18.94336256870037
199.99775235339686,18.6619231173386
198.1646466858439,17.87082310230628
198.14600609597105,17.102778910277426
200.32577119381313,15.926646534221533
198.0929729024524,15.780037024092083
197.72787490528745,14.503390710836648
199.72004687609612,14.510388598534838
199.19602342944412,14.06112936227497
198.8629999596353,13.549668467023562
196.94071524869636,13.858108524836368
196.98164403177358,14.282042913966254
195.4750266350356,13.509435046539652
193.8337185989355,13.852383195653502
193.2688049101123,5.584161437389264
194.576345227046,5.246786407443923
193.3755269948685,10.63823191508033
191.1118206567337,11.581187277947635
192.51836695435932,14.201555284920865
191.62058772178335,16.344014248771366
195.3795543536625,16.13569392855999
195.89736662334212,16.471558991791586
194.49516729520985,16.942939154926414
194.24856800178117,17.797865688599142
195.62318660354723,17.40212010469183
197.33322440888676,17.413953576808286
197.901581077497,18.1286020509175
198.46993774610726,19.27776308197624
199.0382944147175,19.393741189046324
199.60665108332776,19.598731558521592
200.175007751938,19.2849401778251
200.7433644205483,19.86667688948171
201.31172108915854,19.376737403674536
201.8800777577688,19.68616531838242
202.44843442637904,20.01357940954745
203.0167910949893,20.585820682881447
203.58514776359954,19.947552622068233
205.69483356438462,20.223016450413116
204.8911439102659,20.59293068905156
204.09772872139823,20.634284692815786
205.1526497286859,20.766156811510136
203.54828586049092,21.186300331756208
202.3719732566544,20.95631152929487
201.907107596881,21.17363591945985
202.54574678118638,20.450574178361585
201.78453849799013,21.098143005540056
200.21833948991326,21.0287557544171
202.31814784536405,21.657550047611217
199.27700781484518,21.53282498258029
198.53665240280264,21.982264920808184
199.97094674867176,21.742011706360376
199.80036355534813,21.80840142010247
198.41254847089843,22.10545131742677
198.86241653259708,22.180004178505136
199.3813510271984,21.644858481910667
200.96812012304713,20.531018971850973
200.5884432412321,20.03116077165867
200.3557556893427,19.592923071063097
202.27838520868332,18.758233543367485
200.69461795853326,19.020345113941236
201.52729619308468,17.79390181367944
198.43044063469117,18.808026828480116
198.20052810177825,20.08657649849288
198.32236962703956,18.501829956681096
197.54285149899232,18.677634812815604
197.5027203185545,18.13109590036471
195.08652365668172,17.702481329461172
194.66220328408076,18.037923909870106
193.3568071617499,16.808480364290254
193.27293724656363,17.176256258080137
193.30646302597196,17.508364375567872
193.59605491525687,17.677936538818596
190.10692236190013,17.36902907585075
191.00046181411082,17.451202351479022
192.42968823519155,17.56664967986084
194.39990965250485,17.728809173308225
194.37822692438786,17.315447705170335
192.68053631141854,17.92468124536632
192.37435016469638,17.753836856737387
191.90678370028746,17.916189450075137
190.7517691895606,18.827758747642676
189.02550950989348,19.059058714948453
189.71577382795255,18.947838313651975
188.87154814839025,17.741659045993742
186.38838963113687,17.49207578789969
188.20698556966937,17.793034110169458
187.00820348976214,18.170679350915343
187.27924231916145,18.169503245432335
188.366846883701,18.301434438046655
188.3756235501698,19.986382491838594
188.72685635229345,20.104097334957714
188.0100313168211,20.853329071622046
190.7328365156403,20.58309096975338
192.04971000744874,20.488214948955658
191.57811888873846,18.40875618499774
191.9724652667744,17.954505303923128
192.36681164481033,18.37995200092104
192.76115802284627,17.330154896358398
193.1555044008822,16.09166584450118
193.54985077891814,15.04898005273746
193.94419715695406,14.699252935254574
194.33854353499,14.69148971592916
194.73288991302593,15.014682174352963
195.12723629106188,14.045104799081551
195.5215826690978,12.208882887924407
195.91592904713374,12.312392964842676
194.80336014505693,14.282822965355592
195.65229921737415,16.355747146700296
195.83496328753074,17.806987359495835
196.65615535665498,17.27186470497842
194.33096526712458,18.03916487515139
194.12319888768738,18.01598909519948
194.4872565533972,17.066700708862307
195.9441236411672,18.509594230186032
197.62145692311512,18.704735878013786
194.4669004142634,19.847508743866776
194.20962042175415,18.04857465784943
192.68969820319526,18.26186005930124
190.19073747927206,19.48824441950293
190.46498213987468,19.930156756167637
190.62050853667628,20.646774990921294
190.7760349334779,20.441557996587395
190.93156133027952,21.227114368081637
191.08708772708113,22.535253900046406
191.24261412388273,22.35300120969194
191.39814052068434,23.23991449913593
191.55366691748594,22.869612397172563
191.70919331428755,22.27172038087941
191.86471971108918,22.104628752079563
192.02024610789078,21.31603240402904
192.1757725046924,21.304115884041835
192.40427632568296,21.996855429307605
192.153691071303,22.0042984487062
189.71986394422777,21.430310629734844
189.71136924270826,21.21925945684581
190.08604434639665,21.39469069976331
190.42923256157601,20.950662922969414
192.06610134241637,21.67309173513946
191.373204881401,21.334751320682873
189.58057754600247,20.90366078509054
189.84636271545278,21.03282844131844
189.84988268772227,20.359299236881295
186.280377920813,20.67627387652009
184.25431346798533,19.8291527406766
182.27231659693558,19.097523124664605
182.9331067880058,19.145359426751572
182.19490258485556,19.341518694461175
181.62801518623172,18.291322001035592
182.63738472432703,18.41810532760907
181.52923738765986,18.215510035031524
181.76505376322518,17.158422369929063
182.501009470635,18.70393931307099
184.2168861544752,17.97743002196425
182.19178522071508,17.312556625845385
179.45212966352375,17.275069705142
178.10888418963083,16.583798173030125
177.01346590472443,15.154848379746653
180.4124780574108,15.484006530424232
178.2938558095679,16.24246590765241
175.87009728413597,16.831868995574737
176.70671365357035,16.258265058985312
177.0935987000759,16.465400632445373
176.54198026289444,16.521698582208906
174.09473435753776,18.236325670942712
172.16231909087603,17.576008776252944
174.636213448158,17.98187796554863
176.13737364099887,17.454164972249302
175.46174537394586,16.95383692489579
176.19427755329392,16.785871537170745
176.71476133423369,16.937729835488867
176.2132666639464,16.834107894368653
177.2131460004671,17.26319701930281
178.43069409243384,17.190911580550306
176.93580063217667,17.949226289399736
176.22179517680812,19.072282643052095
176.47945460458752,18.043121718687384
178.33752204553693,17.86167375078718
177.48120614548685,18.24027075770257
176.69757800788764,17.81202043538035
174.27746012324195,17.54259443944227
175.2983240251449,18.087083990166132
175.32290046525037,18.614177289098148
173.77505199540403,17.53760872734158
174.6071435774395,17.091759499375595
174.48537785266166,17.461828563300696
174.3154968033387,17.54212425583767
172.28390870055108,16.839683604340514
172.37891150402925,16.723725089507234
169.73916167346647,17.757154196713625
169.01624417856758,17.93985478489142
170.92677713910572,17.381984458865954
170.09751495104155,17.518475547698557
169.69448709634491,17.100184082549905
170.84001657540108,16.81098174026893
170.91095126802765,17.539977181021545
169.16089136668504,18.131584297500996
170.88704400119872,17.930313391404905
170.38129773822476,19.09077131344062
170.87814226628686,19.698303745661352
172.23671213563054,20.34715838667868
172.95483857741397,20.303268993381295
176.18638480656995,19.848196194166402
175.5584503170301,20.16188868471093
175.08127097193704,20.13291800893103
174.14437252028802,19.33424660862217
173.5944057351971,19.011664592249165
172.83840485315255,19.574122256056402
171.03243944385582,18.44826889486183
170.81851828118434,19.07477514740327
171.48616361596902,18.53248770426263
170.19958749217193,19.22652482776781
172.91963175357265,19.897214808000644
175.04212502244818,20.857365123141882
175.9579542124922,21.599455806598588
174.0931609608137,21.403244509752167
171.14882122983093,20.57811932931331
171.01976728167728,20.998087599401863
170.89071333352362,20.295959269903598
170.76165938537,19.35497564700148
170.63260543721634,19.627144709694534
170.5035514890627,20.296674567116355
170.37449754090903,20.43423627299162
170.24544359275538,20.996073347064865
170.11638964460172,20.434861924050033
169.9873356964481,19.72962471017493
169.85828174829444,19.865049587813726
169.7292278001408,18.50597483111229
169.03573806240385,17.422947288843396
169.51731129011688,17.252322806098242
168.14656219394362,18.531747281294173
169.93837513377932,18.867463823961263
170.26474519492925,19.23048174897084
169.9694328547412,18.90275068897302
171.42477644538303,18.551642215041092
170.8415732750248,17.886793624713725
169.2933014620178,17.42279817805649
168.5590546792439,18.065615497331756
169.98875860347724,20.17696142459034
169.55499909480088,19.636974296059165
170.31165800972914,20.412643046496864
171.27547374617552,20.621057219614123
171.96255686320944,20.248483547822175
172.13616979442534,19.735342304271967
168.76358795750662,18.94071515308786
167.43127181450183,19.087273126636344
168.31833076155857,19.189314102169895
168.2446267715611,19.33761781526216
169.52611076762582,21.555295689130798
173.03011892789982,21.527807439634522
172.64610368739793,21.6321199342249
173.1132055014841,21.9045416366383
172.04515272102972,22.305113898685676
169.19640547543446,22.504755506018313
168.69245353446703,21.829270099898483
168.2097903799532,21.22782126233034
169.49757284361488,21.01598177560959
170.18929932060098,21.039141976599335
169.3109864974124,20.79195073995347
170.15077721488657,20.862761890405707
170.491041964158,21.1723786258725
170.34802952248367,21.574154079522373
169.67755415944134,22.082961574759473
169.31932865520372,22.14311303923862
170.92605618574183,21.300982303587183
170.80505594762656,21.550099784773586
169.926538647005,21.01994951011917
170.59996735513914,20.76534596662844
169.69363127364997,20.175613898651186
166.67484129632857,20.110264244206355
167.85723047686247,19.987888232570597
167.63678228504043,18.92433881678534
166.20513428665726,20.20928746183556
167.28679085422843,20.41064665208005
168.758245185593,20.084098545942858
171.38255480414333,20.04355584104656
171.71526878173705,19.609415402398593
172.0479827593308,19.041353565558914
172.38069673692453,18.5006349458726
172.7134107145183,19.143771524117202
173.04612469211202,19.78261686835095
173.37883866970577,20.122371349309084
173.7115526472995,20.146320611624112
174.04426662489325,18.949276342620845
174.37698060248698,18.03100178703009
174.70969458008074,17.53413955661606
175.04240855767446,18.796127098562902
174.9314538059313,17.879807343412104
175.01447597157465,17.668440276360126
172.93480757814496,17.029114238080734
172.8577628970793,17.448521212561573
170.9763525619932,16.925127699503193
169.86055832941594,16.216951937648247
169.62336253381022,15.506318083850656
169.55151624718633,15.441204253913167
169.27248716720172,16.674474379026552
169.61681101914277,16.259226489283694
169.40036618641338,16.351833608029462
168.17158949749222,16.219941532866386
169.3411713579943,16.121317002014166
168.12739830409757,16.429682142013803
169.1000046114123,15.77891639561296
167.59204751556854,15.498169763496213
166.17805810109,15.466972097496386
165.37449028996465,15.3093345807106
164.79759581194742,15.296095215417148
165.44276739133096,15.337623161240113
164.7956290990852,14.336654370653873
164.41863725572765,14.048436046772931
166.79634023598555,15.0130357841704
163.483578745973,13.23005012223046
162.91411181432923,13.602139360924925
162.910693462975,13.760117225168054
163.74562978347012,14.972510468733095
164.72462793515786,15.578705087992727
164.64454113662146,15.084783590675483
164.34593338648642,15.292889395302787
163.07754385649517,15.241022621095158
162.98752627232233,13.573772209622028
164.77724245069567,13.353993898335347
163.436917166537,14.609685943838972
164.2555292680847,11.974733524401536
165.00922810216613,11.491861943419753
163.9586058329697,11.813259570098609
165.24219981035,9.246745011243458
162.91087402222075,5.236549738801063
160.65586688812905,4.8207034323125395
162.52320530650934,6.30442137292677
163.40730489718317,3.9580392421916653
164.10915707315237,2.831927518715288
162.11911612121386,1.4750433047369305
162.50624898084328,1.1773823729895023
164.53178945362896,1.7581296721842794
166.02226264588032,2.634905609825278
165.54780343129963,2.1548023475118554
163.95748018380732,-0.14541998770994358
164.64338066727046,0.667735860552188
163.65244870548614,-1.8840566631453912
163.72716688218026,-1.9031079337247323
164.61984078740775,-0.9752452845271149
165.32397885007842,-1.5839746033693705
165.26724145167032,-2.5909229413058243
166.28552029005303,-2.671551649603116
169.0501633271097,-2.942700277691234
170.2303463891824,-3.2613142826126875
170.30432149877055,-4.133195587550625
169.35461585611506,-3.1337357231103757
169.29209793771287,-3.0245011080263087
167.32742862084572,-3.1624776632449665
164.88722189819347,-2.5613076458745825
163.0369880501405,-1.6615664215806145
161.47965959684194,-2.122798434177161
161.04307773531812,-0.34998755128900694
160.6064958737943,-0.8035785540570282
160.1699140122705,-3.3409573040420764
159.7333321507467,-1.1198721848965025
159.29675028922287,-1.5253832999393415
158.86016842769905,0.2605532023485986
158.42358656617523,-0.3324047409612506
157.9870047046514,1.7124730382579503
157.55042284312762,0.9712445997187487
157.1138409816038,7.136133785639313
156.67725912007998,2.1580388190119626
156.87010682295545,1.0227172411155256
155.37315135298786,1.4856893752553806
157.7462489790192,4.680021941752298
158.41201812561684,4.213086891118535
159.51647723385594,8.068997945471454
160.68331685312046,4.2350258019803
161.57462176229063,4.0495574636804275
162.0711912680097,4.731211205752958
161.65964645520313,12.92047757422586
161.7510433707866,12.397832605202058
162.00555846510335,12.464491900856924
162.67504592352373,11.823633766646692
162.0494158318371,12.462080316883974
159.52418322976376,11.893789527457226
159.65778366396304,11.96821973695857
159.65479148480776,12.253052951786023
159.82588484765097,11.294044754471262
159.16049493160028,10.290832542868891
159.24624535426767,9.17163748666064
159.03041376264827,11.764977035760383
158.2284978969074,10.031067413777578
159.7532024127738,12.864655920976563
157.66522381907234,12.033404953667503
157.16214196994284,13.339624990918296
155.4354711121978,12.855349953774587
156.15272617472996,13.32950526395452
155.69828283666985,14.47298695474639
155.86847046873177,15.328750736361126
158.18643771252886,14.998382486662605
156.95587371631083,15.90479539175578
157.75051137155202,16.90704596083298
158.58716425679626,16.637060586417697
156.9432675310253,16.644155053177904
158.26407102141005,16.958823602665568
157.73787364695445,16.860772465235623
156.5422475919451,14.890229897592308
157.14590266675953,15.065133636054838
156.65024029060152,15.854681475056319
156.1245683546704,16.351451446759636
155.59889641873926,16.642179425182146
155.07322448280814,16.994501816517825
154.54755254687703,17.391717040354937
154.0218806109459,15.829578356151702
153.49620867501477,15.618885409118162
152.97053673908366,15.605169725187093
152.44486480315254,15.274094239944608
151.91919286722143,12.105446871540321
151.39352093129028,5.686774423435249
150.86784899535917,2.6174478586990793
150.74949639199892,1.1180919199359485
150.49553691401948,1.4010235941081537
152.70024990158635,2.8073773231831223
151.30484213619772,4.656333771293292
152.3624047265704,4.944092571385139
154.24072190767527,2.120439013357218
152.98832974215497,1.2937339695308163
155.87267367387076,2.217200739723705
156.85569832940837,0.8087190939258431
158.99047243937093,0.8759586591169504
159.30809431147833,0.9390117528677394
160.4531444561176,0.848604737243183
159.69283556330072,0.26954806180391366
158.16703735092506,-0.11201242885725904
157.90905575540665,1.082453926288773
159.01620785832293,4.875175618235888
158.47717505446164,5.445907676536312
157.93814225060038,5.005182602415838
157.3991094467391,8.287120207743298
156.8600766428778,4.20278347504515
156.32104383901654,1.8896599897893793
155.78201103515525,1.9954823167488884
155.242978231294,-0.10216187720532455
154.7039454274327,0.48364969295778326
154.1649126235714,0.33401380479662485
153.62587981971015,1.6982624874569572
153.08684701584886,0.6752975439494592
150.7421065561864,2.3006515809355226
148.97369814929985,0.6838748318910928
148.71143503836922,2.2495542684970546
150.09791845544007,2.565849190995879
148.17438380298097,2.058813287403365
148.1337159950088,2.009376963154093
144.93536563981888,3.7521300616331468
144.22084599625416,10.160151857402035
143.50632635268943,12.644479373260697
142.79180670912473,13.765868814004765
142.07728706556,14.152945318879453
141.36276742199527,14.366086785702066
140.64824777843054,13.35575604964626
139.93372813486582,15.325430885060406
139.2192084913011,15.540939902936753
138.5046888477364,16.187405373855185
137.79016920417166,17.13934681097882
137.07564956060693,17.585891598137923
134.9311471202881,17.713119534339345
135.02622085982668,17.585431436409706
133.32511934477347,17.77068157302459
134.28955964279527,18.543477684041143
132.90431370534634,18.626982144593622
133.63289245558178,17.5619000478713
132.10576400728473,17.196153579086307
132.74530777480726,17.21184571430151
132.57243341063773,16.22456406899113
133.3572792328902,15.654836885697947
135.4827362388065,15.718955550589234
135.6124081015903,15.506245181527
135.73910667863888,15.623543721323625
135.74967347565143,15.405425228923528
134.15665549205286,15.005171158987766
134.20842063760523,15.071432081973786
134.0449465625705,14.72839337282359
133.50744016671942,13.996769209197693
135.03523274610654,14.571535451599779
135.97281915571224,14.596683850847908
135.13439162811738,14.556588333140503
135.95178014894242,15.87070766815309
136.18935297448186,15.153591148822006
138.81800945895117,15.337874632776767
137.21896590321802,15.820586224385163
139.24538687913252,16.099427931869275
138.4511355012925,16.46762591280629
139.39373368895866,16.216319189914564
138.64846846349394,16.433888857137084
138.2232264288299,16.404241642403917
137.68011963166532,16.157246446412426
138.7592191542833,16.09157901900844
140.20031700991734,16.078620092247213
140.32588796917085,15.204945664718233
141.91405299401222,15.374654209964719
143.04623102874945,16.098643463332905
143.3736416812857,15.988979953504076
143.58078869162605,15.436566105971115
143.52305118844163,15.256213653791459
143.46531368525723,15.602002345983221
143.4075761820728,15.442021395878044
143.34983867888837,15.45796975632353
143.29210117570398,15.209763159841346
143.23436367251955,14.9175005239453
143.17662616933515,15.010570580246267
143.11888866615072,15.257262518989242
143.0611511629663,14.399119567884386
143.0034136597819,14.32333499117441
142.94567615659747,13.152154716584585
142.86612780672908,14.228061441251455
144.46038195556298,14.382109980375395
144.7272414329524,13.943046798547512
143.91588182474243,14.180164162192654
143.9644066334794,14.65018252865423
145.25154968524816,14.215603278635573
144.12522858616214,15.07215004638387
145.42447473528884,13.845511727901266
147.67756460526795,14.991809834236923
145.95370810727155,15.297442840114677
145.80382742903703,14.229060653682257
145.6539467508025,13.831244085542538
145.504066072568,14.662538611835748
145.35418539433348,14.94444382455099
145.20430471609896,14.33974359700194
145.05442403786444,13.721144851306933
144.9045433596299,12.733175223164682
144.7546626813954,13.571485610972045
144.6047820031609,14.267410045908704
144.45490132492637,14.84119698942737
144.30502064669184,14.75254659155745
145.3638003271033,14.112411391247532
145.5643631458189,14.34240599286334
147.08135344379113,13.91032573924329
145.6243600539352,13.734677025408908
147.8858797639074,13.713257898776037
147.57715160724007,12.897937340808111
147.09643691906032,12.148802311696441
146.6157222308806,11.13235931053472
146.13500754270086,12.153906537882476
145.65429285452112,12.223618465006865
145.1735781663414,12.165494843175406
144.69286347816166,12.599463271493294
144.21214878998194,12.305176938071757
143.7314341018022,11.853564386148783
143.25071941362245,12.152758219873657
142.77000472544273,12.371132702828062
142.289290037263,11.760670296499145
142.77886533746272,11.490809444316499
143.17852673484117,11.230874881711472
145.46296811413643,11.023905152473802
143.72143675959666,10.777461409743973
143.79046216938474,11.896343981941413
143.23625090475088,13.43225791434334
143.8989920946982,12.23374437470145
143.70863556346342,12.410970581427202
143.51827903222866,12.31928355951666
143.32792250099388,12.17676364499869
143.13756596975912,11.611914621091216
142.94720943852434,12.86044708952398
142.75685290728958,12.771221543536567
142.5664963760548,13.338215720935375
142.37613984482005,12.77271274613583
142.18578331358526,11.6600208675065
141.9954267823505,11.799066048662121
141.80507025111572,11.720086370792224
139.4713999156868,11.69024451738588
139.772302372428,12.01094888572097
141.51717908561898,12.998578697245197
139.60153309514916,12.735975896554482
138.49573228756623,12.848104649745608
139.45572494157767,12.62954432701021
138.41993207143273,12.010740130213632
139.0914298233072,11.562759561899703
140.43335034978222,10.369088626047056
142.30443001565365,10.135985699245644
144.437259686374,9.79355953711848
141.7466494938065,8.262690369570457
141.75213970103295,7.226575456570436
141.61250501144647,8.374264192301453
141.11364568091895,7.357590154528474
141.10975157654053,7.6288819342644825
141.77107721620374,7.654837551208018
140.93458003173657,3.402792211047945
141.40418566468912,3.435277971240644
140.75286410943892,-0.0009572060838149987
142.5783313281979,1.4235587215665646
142.64592173543477,0.9905537488562937
142.74397194343246,3.1824397948957914
141.29617272648363,4.713311562419669
141.319978363246,5.3884685571049955
142.06150852129082,6.550954387673638
143.4183075868287,6.0483072384839955
143.82033360249247,3.635436531675469
144.67411016436407,2.029373013149792
144.2691264155654,-0.30884995481082456
141.96111922659318,-0.010409698723591432
140.06816467806397,-5.751082267512539
141.3979515876969,-7.286712276998689
141.94679712849864,-5.444906473600241
140.38390732332587,-5.709753265284602
137.9404341118372,-6.36352891455886
137.7430732253474,-6.631415976455605
137.26626701052422,-7.663241517409941
134.5803678309433,-8.181156965201712
135.11317847632364,-8.617277117309833
133.0364476774072,-9.564820330314404
133.05958528989672,-10.44663590266007
134.84337287645093,-9.256429723727862
135.76265728476957,-9.808534030923104
136.5793026410483,-10.920755610577805
135.16917017347401,-10.965565408656813
133.20740588284883,-11.928185976779234
133.6041551503435,-10.685867011457756
133.89590047799882,-10.836071292531594
133.73316211012136,-12.13999171009348
135.61366017662903,-12.326883353984538
133.11893434344174,-11.629061258312518
133.31747065322304,-10.910173906195272
131.47089112940276,-11.684727715881582
130.68775422456702,-10.984899330864131
127.20351061593017,-10.7428905887908
126.90844809385915,-12.086387207246412
129.48851150808272,-12.514571905752733
132.42854680238267,-12.47179213299372
135.0858520822011,-12.15379866223351
136.2931154325521,-11.809594628242388
135.46380128569342,-11.332851426956545
134.98168224706865,-11.091501607629956
134.76825652104645,-10.963312712210069
135.48752350510554,-10.53437175846871
133.06270847238528,-10.785085809096229
132.53047068419843,-10.016864362570804
130.84745041893837,-7.422994543757542
130.9080110231599,-9.064969358988588
133.41254692932762,-10.573213800652375
132.48901321816066,-11.51458317926292
132.06016578317116,-11.479989521760068
136.1311957303562,-10.809904198484475
134.08158786896502,-9.958322737207517
133.38471326856504,-10.073459323301318
132.83034241614078,-10.787656170037422
132.86528031608935,-10.149244684924405
135.31519038218178,-11.017829241382856
135.81610317571997,-10.650663166109998
135.34951374515896,-10.911173433068512
136.5750210088083,-10.935616893365246
136.0629854326225,-11.806542791191342
133.7445560037615,-10.969387922343795
134.4608058360454,-10.878257943954047
134.87371002629013,-11.710925557084128
131.95525828576575,-12.443272284487712
131.01458013612736,-12.70088823995575
127.9024204481109,-12.849446069142454
125.82245398725394,-12.554252034475414
124.83550810582989,-14.564923765320453
123.17286389469257,-12.958095831231267
125.25791352120488,-12.862394931635261
127.21534501299867,-13.826798396442085
125.88308782149183,-14.330134040040917
125.06873626296135,-13.807001099255329
123.3983056404497,-14.056779695122849
121.72715901737072,-14.661133533642623
124.58356485297888,-14.163260771469705
125.16294647848252,-14.656812957546952
123.76320418020973,-16.203485450833178
122.54253178813768,-16.840095024512546
122.26558113092703,-17.42247862530028
121.98240354240272,-17.140644794808416
121.38730642589846,-15.800243932370071
123.79698901677472,-14.311906761703057
122.65804121130648,-13.006136065634099
121.16159059410943,-16.05111130402479
121.59820012607601,-17.042222253908427
119.44933459096475,-16.66060789125834
117.17700728294464,-16.119268046433653
118.20418814197792,-16.43116794169667
115.15931984387551,-16.341903604792005
116.20625864994511,-17.934441477103487
114.25021366052343,-18.62757708185658
114.1315770008166,-18.47026881193922
115.44684588596334,-18.502040014626324
115.67546348789338,-19.71854338373624
117.18911194794931,-18.409503466170484
117.85627292145703,-19.70898238152797
117.71244133192025,-18.675973323812183
114.75244976575357,-19.714160381734732
115.29786544838996,-18.492401419397655
114.85660872128429,-17.160976393956904
113.26011878682621,-16.87029346989057
113.21578422078944,-17.546171782185187
114.5347802759116,-18.587040734686234
114.84312202590111,-18.298854695516415
111.78260591587926,-20.266487328251117
111.92765912585566,-20.7943383346557
112.07271233583207,-20.69860369975933
112.21776554580846,-20.96190672191017
112.36281875578487,-20.616645296198207
112.50787196576127,-21.626972011751583
112.65292517573768,-21.11077124395168
112.79797838571407,-20.20461184620708
112.94303159569048,-19.573806719069047
113.08808480566688,-19.66725499501816
113.23313801564329,-19.033104069233353
113.37819122561969,-19.378071957342748
112.65690701689515,-17.005469132349493
114.26261143989659,-17.42331675632515
113.52193274540689,-18.357225756938732
111.87607542889737,-17.681347444644114
112.20108065136564,-18.948922855184083
113.11586467839689,-17.426928693306373
114.63500056329104,-19.3034553941512
113.89875540265874,-18.62833648674798
113.02436423327134,-19.809772522918237
114.35145683801801,-19.970568128993186
112.92839499295317,-20.77243416471768
114.81415200838595,-19.988451976500727
116.04569514054859,-20.71713102927717
114.65018694128514,-21.244960115237497
114.31364843950573,-20.998080179962837
115.23001921567942,-21.235478195714403
113.75399762042176,-20.284960678194984
114.09649992175923,-20.328070687458187
115.54984161617764,-19.794232541259703
116.74911234078304,-20.556658185338385
116.11355971650751,-20.26723604916248
116.02385138601322,-21.101950745916895
117.17167391130056,-21.538271647854355
115.32452035580546,-20.66761264941749
114.05250808458679,-20.761113443660292
113.06428485443836,-20.78651540134784
112.63527683199517,-19.232554955376617
113.75493376014373,-18.897928406774426
114.97548642600111,-19.637237089672002
114.26043052538246,-19.904747952042033
114.19097361545498,-20.19173081756019
115.07468699922593,-20.204835627194843
113.9613390061757,-20.576575046416224
114.00041629949226,-19.921712498154836
113.77491808215025,-19.869625973568535
114.57088194518938,-20.238822321249934
114.27288094646424,-20.590438209751223
113.97487994773908,-19.94411037883212
113.67687894901394,-20.149836558536972
113.3788779502888,-20.74915359429643
113.08087695156365,-21.53086442634268
112.7828759528385,-22.009872961386684
112.48487495411335,-22.55604917533363
112.18687395538821,-22.062616228157207
111.88887295666306,-22.610531729340302
111.5908719579379,-23.14284985316108
111.29287095921276,-23.480503972483792
112.39435576335885,-24.15679770887345
113.34735117742015,-23.96221858583751
114.76165099980852,-24.1577344781525
113.97156708159727,-23.875561064977003
116.03814068482461,-23.927933907238586
117.45469595656658,-23.561066883276418
118.70124405923485,-23.72491703355948
118.45057098881914,-23.7496955704958
118.675757552565,-22.643655414710842
115.85434960105981,-24.15407691345152
115.36675834094595,-23.99562839857542
115.05862442776306,-23.610426852331877
116.03598341517734,-23.708459303881387
115.74196990197294,-23.05886884313819
117.31550083508634,-22.773560649400526
118.15009788613992,-21.582538384116454
116.35985684016723,-21.64051625209257
117.83726583659006,-21.59470879170361
120.5104273304661,-21.588922340893838
119.71946158224898,-19.748621042830074
120.1517520337765,-19.971296149682697
121.55466952465936,-20.059625085969312
120.71010485873424,-21.108975536916212
121.07606176973646,-21.155436365784848
121.99141254450825,-21.803683503584352
122.75704689930508,-20.831451191424502
121.97204495828801,-21.028887824305126
120.11596159603309,-21.34003270224052
119.65883186262893,-21.315151782297235
120.78804030322853,-20.870239497561126
120.45785212929579,-20.831611052460588
121.35933177717605,-20.364905681729763
118.93291890971915,-20.379754498671012
120.75501201440724,-21.703404829127148
122.09151886429028,-23.1438278302703
120.35128734281639,-23.386959215438534
120.19458930762832,-22.808576012983306
118.74598537907765,-23.452878648356652
118.7387902629601,-24.445729126421643
119.0562306459481,-24.38884099142188
120.89570767662961,-25.18285325089246
121.74089424386446,-24.66814929065046
122.55209598942542,-25.232375656611474
121.71765617443882,-25.08380843945444
122.1756316585614,-25.25713685947098
125.46599850559657,-25.207614453751965
126.35097633489616,-24.356401306692224
125.34303582837289,-25.35869356191356
125.96395406460051,-25.55559542879621
127.85954071661317,-25.91201516623729
125.7061578952579,-26.05125300261504
127.02225218057868,-26.27005691313563
127.51239652266561,-26.271415466007603
126.51101620970093,-26.654774732081854
127.94319494685972,-28.537039165615035
128.2201235091134,-30.772035891296415
127.92105185590155,-27.13038284172054
126.937265970761,-28.517582393421694
126.95920821879247,-27.073470154726287
125.53647859211827,-31.449395727546097
126.34074948062118,-29.509264860718886
123.19984290249376,-30.1442439829768
122.98071303170171,-28.87172150350284
120.51353994029871,-29.1573106981724
120.66967343991998,-28.994789484129697
120.4155255406582,-29.308675477990082
120.13606040900055,-28.212009579691184
121.1842133809342,-29.513228513756633
123.10362820242736,-29.00097518982171
122.90543748746387,-29.686677181082242
122.78262942346846,-29.036682946619568
122.5923301163298,-29.186322624976267
123.4552817254436,-32.24127170414013
122.84557937457521,-29.18043459364995
123.96111864357712,-28.238544657703127
125.47175613754695,-31.819367447220475
122.51414127289041,-29.59646549141337
120.58732667218936,-30.191145351126153
121.18692837134536,-32.20761274291311
122.22720419548332,-31.341335326179443
119.99496524583262,-31.80792160713384
120.30661623462129,-36.35907445024402
119.65623366511453,-37.4139558670581
119.87939527062005,-36.03345717727089
120.10255687612558,-33.52071893850003
120.3257184816311,-34.4788468552756
120.54888008713662,-34.887557436353134
120.77204169264215,-35.688271404735
120.99520329814767,-35.018939378205985
121.2183649036532,-34.2590544969466
121.44152650915872,-34.31513131673321
121.66468811466424,-34.95576038315925
121.88784972016977,-35.96974458028505
122.11101132567529,-34.73287521063933
123.22610941500258,-32.65353520014631
122.12569869267124,-31.189345898357658
117.88269632709591,-34.66043432114667
118.80953634887514,-33.456294848546456
119.26066092026204,-36.39421266834361
119.71178549164894,-38.92063958580865
120.16291006303584,-40.34215718273091
120.61403463442274,-41.030246237840124
121.06515920580964,-43.117747313754194
121.51628377719652,-46.401813889188375
121.96740834858342,-45.9055738296213
122.41853291997032,-50.12480188386517
122.86965749135722,-50.59220005683859
123.32078206274412,-60.28453214043063
123.77190663413101,-62.37862141668537
123.65500548454857,-61.50020683694797
123.36825525468119,-59.15189843699349
124.67335350945864,-60.6724241123262
126.67617719046464,-59.08954417424428
126.51933909222907,-58.518931399291894
123.84718697184125,-58.39907975584932
125.0331408462897,-58.374825829412195
127.78363019121129,-60.46308525004731
126.72000680837597,-57.63945694922363
128.3260222680935,-50.14607917773442
130.05369957532866,-57.27494668066419
130.3197628219258,-43.94683957746549
131.782377023903,-43.78957560779884
131.6900801375999,-49.954583532911165
132.00012083367372,-49.97586082678041
131.66406013912965,-56.924129387837375
130.68929974749085,-50.06097000225742
130.51448410853217,-44.58219840868566
129.53334095702706,-41.84755639556369
128.73920203345213,-41.0669782780335
127.64321428670557,-39.93930080090881
126.08718036354543,-37.87544286976547
125.91010173664539,-38.44436988071961
128.02617890639564,-39.21151562247514
128.45654515587196,-40.37750104174856
127.24408946390714,-39.934100395050095
128.27524339133126,-39.59263042922995
127.44359888344519,-39.7583651256971
126.06944316172516,-39.579378039101066
130.0234691792117,-39.192082971872374
130.4586063627848,-40.30068755118015
128.55447710786697,-39.9151291102951
131.67244845539935,-38.39878158236225
134.18671903077183,-40.71919345420433
131.5904796105331,-42.53601289383294
129.9941690050998,-44.87992860330896
130.2184451994862,-44.8548092734479
128.48140369598516,-49.912028945172665
128.59173838835676,-49.997138120649666
127.04658977188816,-57.397767498634025
125.15434490691987,-63.59167139674975
125.75382417778327,-66.55222764951748
124.9304570993426,-65.15979211811045
124.74005778379235,-63.89022802603558
127.33930486128719,-61.26172949957337
129.38530033838362,-62.05629660789299
130.4368315783682,-56.76859586777822
128.80251921203705,-58.144263051396265
127.28050120247177,-50.01841541451892
128.0832629376109,-44.052667952132154
130.62878508001782,-43.89937317355321
130.72076917052965,-40.60760536476917
131.6421691211462,-41.78240024151725
133.03288557014653,-41.62103142462464
134.71018887910958,-41.58096378601333
135.61582355122982,-42.60621261639805
135.42132938699197,-43.01887624395667
134.90807165373693,-42.46997725311234
135.09625233709525,-49.869474357434164
137.15901545061377,-56.971658737594936
139.31143967434653,-57.10777070158421
140.44557645090532,-58.1944986626899
141.23437563539846,-57.29977441855016
142.0045645935479,-57.34089246916064
141.51011227405561,-57.79468245418592
141.00107765407333,-58.3047914539818
139.05661143938585,-57.90321435760611
138.975492442534,-58.062223181510994
140.5743197431413,-49.84819706356491
142.9517807268306,-43.514074851382055
143.03286236688126,-42.755101386646
142.18432948199845,-41.112734732317215
141.68336369406134,-41.167309840875845
139.29625874044373,-42.54234086604681
138.44528011241732,-46.22245200207379
138.13620393076627,-48.1912559355285
137.44135205039382,-56.99905762269093
135.58546795334485,-45.08189827652577
134.64653083702746,-47.12666129659442
136.587212282586,-48.37259234999712
137.80822772858477,-50.79212703942065
138.90893989119465,-50.90630480177874
137.22614923847166,-50.19055259736224
135.3642240052234,-60.511810435470316
136.27252542424202,-59.45761577573156
133.05094568516245,-50.209911059342176
131.88371125960245,-51.11425891709483
132.8369219671595,-57.95985489614208
133.1925769891524,-58.116522820380794
132.8787851505483,-50.455895184515555
133.53195319383843,-50.10352458999592
132.61299999690743,-45.68728267161411
133.2680532436068,-43.28782708396285
134.01985146457733,-40.8960692222118
132.09714609175572,-40.94953735863718
132.13764327108137,-40.536452507643766
132.93897379728475,-40.59057520811608
132.8288523224992,-41.00820906639451
133.68229313123564,-41.20156323630752
135.0356358531717,-39.672584531800524
134.55056211596448,-39.48453016603985
135.08498794608855,-40.47316606820677
135.49535101413235,-39.2895014614991
134.2141791405133,-37.21970859135614
132.52876960948498,-38.834949953284145
133.4793098174588,-40.32651398406476
132.52383651725944,-40.74395831595121
132.34172749689873,-39.674093165828914
132.16992344988003,-38.441202104538924
132.78082874718987,-39.21604270021405
135.2163558239145,-37.18033976523711
135.46221259279193,-33.69139100308753
136.61576728745362,-32.190046125144946
135.51695003659978,-35.5729085286629
136.18185190873845,-35.06181414534674
135.71368932558508,-32.880598304677214
137.63532095403198,-35.22635712203453
138.68418488768083,-34.323897844375715
137.92388771138582,-34.47190196116159
138.12534527122344,-37.522163355375156
136.58154923659328,-37.445192083046855
134.31124109910962,-38.599373936934285
134.86281270379013,-37.84617411995532
133.65066875014747,-37.70295812427129
132.69428861539643,-36.39744338609442
134.31024434769597,-35.56608731542956
134.47013554203386,-38.48652797041583
135.4685927496854,-39.035940615644066
137.9283497495657,-40.42359006721517
140.82245678720713,-40.78453752738792
140.31062559843258,-41.35100242127215
138.71051988265313,-41.31363380729521
139.4129430206046,-43.50406439583701
137.13054089700702,-44.56559634701852
137.00903495820376,-45.700759506078526
137.45516233726673,-45.83342230068871
136.21676049548566,-45.17459069095276
133.99913881709728,-44.98758859051012
134.38674872774297,-46.07330418445343
134.77435863838863,-45.92250922888809
135.16196854903433,-50.27374294094992
135.54957845968,-51.39471391514513
135.93718837032569,-54.161309186255
136.32479828097135,-60.3050304876394
136.71240819161704,-60.1019585535144
137.1000181022627,-62.7572063767784
137.4876280129084,-64.26003270089224
137.87523792355407,-68.67813824897966
138.26284783419976,-72.03998953448733
139.01652174187188,-74.64888710271586
138.55628037423725,-76.20560773534504
138.5586389349704,-77.37900420327108
140.19463028836842,-79.42063329454314
140.41558291422305,-79.35042116598314
136.7563585398785,-79.7284947249102
137.204284297181,-80.0360282575939
139.08653353287121,-80.63892160522485
136.9414090416488,-80.46758645936768
137.51029609211355,-80.10704837186023
137.63533120215772,-80.39579824865368
135.16387043543725,-81.4996927007678
134.70089463815123,-81.58641596826499
134.23791884086518,-82.6313267789181
133.77494304357916,-82.82452485556853
133.3119672462931,-81.65637900720611
132.8489914490071,-80.53920869331519
132.38601565172104,-81.3784110010188
131.92303985443502,-82.12931480193438
131.46006405714897,-83.15740303690635
130.99708825986295,-83.55305927234976
130.5341124625769,-82.876034164119
130.07113666529088,-83.17621088132634
131.2578079424646,-83.16367231837968
130.241515073108,-82.38384254528111
128.87173719255583,-83.169941599853
127.75631030427989,-83.132325911013
126.22951109043514,-83.18248016279968
124.96865735191496,-82.23763541715208
123.54925987487286,-83.15113375543301
122.97098023097371,-83.12605662953968
122.68062002514007,-83.14486447395967
121.01902278958897,-85.0101281059122
120.8737909345995,-86.39356257710767
119.86925290236914,-85.86251712150593
118.4637038362353,-83.13859519248633
119.88947915601118,-83.11978734806634
120.15095682249488,-83.113518066593
119.75967603378547,-81.33845390374303
116.36349035518634,-84.28159368913097
115.95762635987542,-80.85116053428054
114.23399785428408,-80.46383946325011
114.01306898577495,-82.0959904387873
113.48983948205652,-80.74171440925636
112.96660997833811,-81.35409396739405
112.44338047461969,-81.35614248164681
111.92015097090126,-80.37286509755148
111.39692146718284,-81.08770885836846
110.87369196346442,-79.82301311464198
110.350462459746,-79.83337060801665
109.82723295602757,-79.39051345847722
109.30400345230915,-79.53945794544667
108.78077394859073,-79.44493955571491
108.25754444487231,-77.90638134005849
111.07656066651086,-79.33487621824356
112.34169268476279,-79.31273644139303
110.48750449159313,-79.52438901299833
109.23208231719794,-79.90645077744671
110.37509115441105,-79.60032912785533
109.07874908252955,-80.04434061543465
109.49094339337704,-79.63397633517845
109.12632653289425,-81.36745602200607
109.6081595314178,-80.90827229554594
110.08999252994134,-80.16912798859674
110.57182552846488,-79.91753150437374
111.05365852698843,-79.91038718844362
111.53549152551197,-79.63534578942432
112.01732452403552,-78.45331835488116
112.49915752255906,-79.35561170353616
112.9809905210826,-77.84042108485465
113.46282351960615,-75.54956296849387
113.94465651812969,-74.18994688842714
114.42648951665323,-68.55850302158038
113.17704005520834,-68.13111013192407
113.07547367601137,-68.87038139733724
112.9739072968144,-69.05785473664751
112.87234091761744,-66.1343077727447
112.77077453842047,-63.89106131171532
112.6692081592235,-59.28466652352543
112.56764178002653,-58.426861981333055
112.46607540082957,-51.5447632044426
112.3645090216326,-50.486347547208624
112.26294264243563,-47.88072411214119
112.16137626323867,-50.29502023481918
112.0598098840417,-50.252465647080676
111.17602830522095,-50.267846399114866
110.24487853973088,-52.38478469875056
110.90482396905593,-50.167356471603675
112.863472727948,-50.039692708388166
112.92828275517395,-46.35323904152798
110.60361011423137,-47.13469092017927
110.51810541608738,-45.76391486624037
110.94730052559447,-45.058769844026074
112.12600165429372,-46.85742986726605
109.57318579177408,-46.873589088749135
109.8563697177778,-44.585266515665154
110.57944897255041,-43.59292560838422
112.27967720480436,-42.83134499898847
112.56351084771067,-42.47940575677238
111.72565564726139,-41.7128067810441
112.00466254175463,-40.92504315746949
114.74667251258693,-43.438619433370825
117.7093684462043,-42.4235392926904
117.9001768424146,-42.656468524795834
118.09098523862491,-42.74833718150093
118.28179363483521,-44.21950749345843
118.47260203104551,-43.46512829406141
118.66341042725583,-42.72903330678612
118.85421882346613,-41.99848714853987
119.04502721967644,-40.53181391374838
119.23583561588674,-42.11064291064857
119.42664401209704,-42.374079308492135
119.61745240830736,-42.19712464874403
119.80826080451766,-41.589270110227076
120.29882580478214,-41.82753779918201
120.12588360061736,-45.80980084613375
119.95428065211084,-46.80189357460609
121.34073557856941,-45.72756483213553
120.66108318763247,-42.82911834669206
122.35065255402321,-40.72838230287104
123.3699714360637,-39.29254838342755
123.10956678870387,-39.94933184155044
121.49068680374448,-38.417956357589524
120.59298389149691,-36.739562650705516
121.03186928913662,-34.73374618158994
118.78984801442901,-33.609763988831304
119.16654378816672,-33.857674672746526
118.75257197739383,-35.35627147829054
117.0846748589521,-32.067686532270315
117.51697195857358,-34.506542586307965
116.38367228038575,-31.80549014061124
118.1839771633544,-34.98018673999261
119.47525946958406,-35.232020828904155
118.67556248902679,-37.814053958737304
117.93316519020412,-39.37806476024233
117.01563529999058,-40.59786915405922
116.75904584076048,-41.92765482762929
115.96436011998136,-45.31685456444432
118.36216827954637,-43.2571439329116
117.96677610098571,-44.48445790729585
121.50456156880949,-46.69461207868558
120.20601461393376,-43.849117415361576
118.27717060722416,-42.90617300943222
118.52530127869555,-42.16788170214203
117.52321312849551,-42.11804527859468
116.98576975967082,-42.27734932188426
116.15138902302465,-41.507057250403236
115.78787263973331,-41.229979717524174
115.65431841794874,-43.701280252733746
115.27787152014135,-42.27152277263986
116.90655375104103,-41.04359023969409
117.43237123682918,-40.41020412592978
116.76728135166564,-38.46973080764762
115.70423362019909,-39.70515715699407
114.23947032690332,-38.193578162397884
111.99830463438497,-37.697507532944044
112.94819711958567,-36.86613491131576
112.74861703091806,-37.638926053699485
112.20268023232683,-37.508223483486404
111.58616634166951,-38.443144121864364
110.56440062594254,-36.3386064559755
109.51896097222213,-37.01416727050177
111.05267214987622,-40.28508119402036
110.18848732036201,-41.01899168235404
108.86972597734626,-42.99329650458448
109.28880194818797,-44.8397709813849
108.45010719691885,-41.59115165233204
107.04229068428904,-43.7124388344579
105.96694240469463,-44.86136556581317
108.33240649004594,-43.74811975309037
108.23107684230963,-44.29394536723763
110.97887553451213,-46.04875609708594
111.59835769008086,-47.0569760734173
109.24969428054922,-47.00949395159121
109.93921019756789,-46.49571531743349
109.37402533657176,-46.93023717791671
108.80884047557565,-46.05857695388417
108.24365561457952,-46.115847040450845
107.67847075358341,-45.58010343764297
107.11328589258729,-46.42235153413008
106.54810103159117,-46.43358142354741
105.98291617059505,-47.19390862733275
105.41773130959893,-48.240214984647906
104.85254644860281,-47.58146166483261
104.28736158760668,-49.35632882570898
103.72217672661057,-47.07606705061661
100.42745499376205,-47.15830340443342
102.09725071396167,-50.18863376547292
102.5614469449732,-47.785802274169825
100.07038776502415,-49.629387996451
100.6049681614747,-45.9668758000511
100.11469129328678,-46.92853307284013
99.62441442509886,-43.341046216439025
99.13413755691094,-41.8965197820338
98.64386068872302,-40.970210076686655
98.1535838205351,-40.60116207579913
97.66330695234717,-38.94535074889851
97.17303008415925,-39.6269704660286
96.68275321597133,-39.927340454059504
96.19247634778341,-38.366724074294055
95.70219947959549,-36.63373774329675
95.21192261140757,-34.29198350537277
96.46933693087946,-31.79046725181341
95.49714175627567,-31.806276859026138
94.2432488301248,-31.653875507905322
96.413229828777,-30.033489153820586
97.24948793011933,-33.64000072669445
99.1488572569694,-33.6483862773749
100.23600171105046,-34.75401910587226
100.2195742198124,-35.24696346334961
99.70713948804516,-35.16542737136545
99.74366191693264,-38.928887924218365
99.53537779760408,-39.979587179924636
101.05096537347363,-42.80979305942251
101.73997998788336,-43.320340729336976
102.48889485573403,-44.290604428021354
102.2684097998565,-41.214272356725424
101.32177429414716,-38.673720274731
99.68626814543116,-37.134941856776784
99.57459516781608,-35.145483662968594
99.46292219020101,-33.986716776566915
99.35124921258594,-31.828300368187076
99.23957623497087,-32.17028112256113
99.1279032573558,-33.97971913635762
99.01623027974071,-35.601717052527555
98.90455730212564,-35.46319396954681
98.79288432451057,-34.83628714433193
98.6812113468955,-34.52863079079903
98.56953836928042,-37.72594596978721
98.45786539166535,-37.897049157900916
99.30018429078758,-40.646392826465885
101.59849738850792,-38.69702811364395
98.50886153893549,-39.39624194184357
98.75477241794515,-40.0301437105418
99.15450826849012,-40.03633702686912
98.6173950648675,-39.504336210304075
99.17634074659887,-38.6881287847035
97.23407295873153,-40.620101372605234
96.00885592825168,-41.366561230824715
95.89861122424864,-41.24790603699826
95.80515602739183,-41.38533240214625
97.45700314360708,-42.182826675376226
99.02055454886131,-40.73074783255663
96.79713041105829,-38.82924790383214
96.97212991727147,-35.6008827045946
98.40808185787294,-33.726903819233335
98.52831001686322,-33.88025115171696
97.21469876219128,-31.048015903346027
98.80547031011632,-31.819040694036094
100.2631300728968,-29.082214719357765
100.28923757179555,-29.101673923052743
103.41501494375531,-28.880200615218126
103.6013526228077,-28.005015302525663
103.45620557239259,-28.813713370258135
101.93024239445536,-27.90678983555373
101.69716731799944,-27.613972797671646
101.46409224154353,-27.65480579052973
101.2310171650876,-27.552297655879524
100.99794208863167,-28.14350127295179
100.76486701217576,-27.825492433141743
100.53179193571984,-28.537134551190583
100.29871685926392,-27.047260771940707
100.065641782808,-27.088156384225076
99.83256670635207,-26.938324750866634
99.59949162989615,-26.77870585692427
99.36641655344023,-26.238144647295815
100.6464504531479,-26.165719794762087
102.98724579689475,-26.0874177924399
100.88555798538475,-26.08861373984586
99.32803274928185,-26.02000046515187
100.51054119281592,-26.130956046411075
99.13458138640858,-26.308355291822927
99.47383829173485,-26.286812198610246
99.20975991704393,-26.19141591610806
97.87475605907309,-26.049870197778656
97.41314984585512,-26.009531168964397
96.95154363263715,-25.96768706313007
96.48993741941918,-26.6416043618072
96.0283312062012,-26.467833182701913
95.56672499298323,-26.52942137711019
95.10511877976526,-26.94728111153963
94.64351256654729,-27.053267273956017
94.18190635332931,-26.988096866459955
93.72030014011133,-27.241222890019237
93.25869392689337,-27.076516220958094
92.7970877136754,-26.934461147030603
92.69753743986925,-27.110604913886213
91.82221794601188,-27.026828190814708
90.6497193296395,-27.01653380320463
89.36413810599369,-27.610008746954943
91.01609062768702,-27.270873300954534
93.21328398403938,-27.610328068767465
93.77142611937293,-27.52930775806774
93.36973137237673,-27.000121019169093
92.96803662538053,-27.13892404942387
92.56634187838434,-28.55251303784112
92.16464713138814,-31.268561044899048
91.76295238439194,-31.663579356106627
91.36125763739575,-35.020641367544
90.95956289039955,-38.14198539600423
90.55786814340335,-36.5265769841239
90.15617339640715,-36.68041195249461
89.75447864941096,-37.0763302073564
89.35278390241476,-33.66194525923045
87.8913910117943,-32.05599556015602
88.7212234215135,-32.78130639585371
88.42660685847162,-31.70593669409649
87.69308151999883,-35.41686610481778
86.21240820298574,-35.12362268387912
85.55550898598474,-35.41957330040028
85.95703528475937,-37.670038593863715
85.08798168758955,-38.18291583442775
82.8497746079291,-35.457632769855685
82.58675087004269,-37.86927147369047
80.55973456829108,-37.17217124198551
80.63460425095505,-35.1848994367331
80.65920411925434,-35.53163496586317
80.68380398755363,-37.638051871829575
80.70840385585292,-40.8430099766632
80.73300372415221,-41.562919111624744
80.7576035924515,-41.5648172965013
80.78220346075081,-44.175660773750785
80.8068033290501,-41.70914631748139
80.83140319734939,-43.4108966565797
80.85600306564868,-42.09081510694666
80.88060293394797,-43.11195607744614
80.90520280224726,-43.933755251377114
79.97170865364453,-43.2022941389431
81.0988200218732,-43.733679310821465
80.60079462359195,-43.49541162186653
78.51415653756547,-46.32923333165137
78.63234221018344,-50.08224729612667
79.3466333995584,-50.713343832889684
79.1395434115426,-49.93330623904191
76.97641455497465,-50.72102193168662
78.07127014322167,-52.82168000977034
79.81860984094652,-56.11700272899603
79.033283572838,-57.72046261468905
78.24795730472947,-56.527117317223976
77.46263103662095,-58.25324204303391
76.67730476851243,-58.64299731514447
75.89197850040391,-62.299734125324356
75.10665223229537,-63.88968916767514
74.32132596418685,-65.56308736300267
73.53599969607833,-67.51030531740993
72.75067342796982,-70.24127522053584
71.96534715986128,-73.5064403815195
71.18002089175276,-75.3555385383269
72.26241573270556,-76.97229515343369
70.065001781845,-79.24684560099517
70.19481325004217,-79.06686599678784
70.32462471823933,-79.0920304330993
70.45443618643651,-79.25590277625138
70.58424765463369,-78.3548639853141
70.71405912283086,-77.44075290327551
70.84387059102802,-79.29282044064942
70.9736820592252,-77.49362137985823
71.10349352742237,-77.13866508551716
71.23330499561955,-76.41441784535596
71.36311646381671,-68.49698420240532
71.49292793201388,-68.30897697410313
69.74936681597634,-67.08680089055764
68.69309124012462,-64.22668752506131
66.75294792223973,-68.67455172323747
67.39981743788736,-74.38794564328772
67.70727406245453,-71.44875562773093
66.90550801237991,-75.23287165780836
67.32065262408533,-76.92908817899827
66.72505312113522,-75.94400799004295
69.05712177086819,-76.52505072785938
69.82544287743853,-74.51583823049637
70.2902930006368,-69.28299929186797
69.49423528792627,-67.0386040137309
68.96494016580156,-70.44891332323007
68.54790745246946,-71.82468937215259
68.13087473913734,-68.4271543945239
67.71384202580523,-71.9853903922567
67.29680931247313,-70.97146491623279
66.87977659914102,-71.14406993168117
66.4627438858089,-75.12163323818626
66.0457111724768,-70.26035406693633
65.6286784591447,-71.550685462919
65.21164574581259,-75.33839863813662
64.79461303248047,-67.82510671761257
64.37758031914836,-63.06629065632187
67.0589879073398,-63.45717104511064
67.79386265205832,-58.557705260813435
66.33429410924089,-57.523007898276944
66.17511720515085,-52.183221607106475
66.56658609728865,-50.98061292386971
67.6751313815302,-50.946385447476395
68.67584140096282,-47.812388333373754
69.51151493276788,-46.55380933853116
72.76202062248007,-45.013475326309376
70.80277367140359,-42.30407317709187
69.50565866232616,-38.24332864285305
70.18123490641958,-40.060777428825595
69.78167165850145,-40.09171645262369
68.76692735428766,-39.05682636700867
67.88321299994081,-37.75445802396552
68.34308286793373,-33.054915024346386
65.77675459965049,-32.283531252625636
63.94315545293914,-31.899501555114803
64.2587481185413,-31.850775551746167
64.04866054392434,-32.25215537594624
62.97991549192212,-30.149183986756462
63.4175903348277,-30.612765057074448
62.6705793205985,-31.57087329856885
61.54451928291535,-28.888576442079632
57.40167427040165,-28.153132511756095
58.82932884962945,-27.9748562301348
58.489274060784226,-27.630777646765395
59.510811113483335,-28.40855664014619
59.8716799924986,-29.531433427314496
59.8109784964303,-28.959051957117076
59.088028959816384,-29.561950758042272
60.4524367373505,-28.321179166072103
61.21234055362207,-28.92237037054042
58.54379858618037,-28.78353288691766
60.76815094947404,-29.654612146571043
61.767049923393365,-28.059103863128687
59.60315181382225,-27.8668164922649
61.98519497091956,-27.656602364196882
60.410978405174966,-27.460322159977917
59.134246990400214,-27.417880329146012
60.66678853277383,-27.825771671105137
60.965974746901956,-27.630990383176897
57.62356122842993,-27.86681029886028
55.55409689282219,-29.228713520353942
57.496060487795155,-31.80873569149507
57.09113781565496,-32.88457569100381
57.19489994204494,-35.68985790889401
57.39874402449057,-35.212758346451984
56.47004568901138,-37.096078714651014
54.504815870456056,-32.0625481411062
53.39733133311426,-32.6975166810054
53.11098533329885,-32.97779082421449
49.204626555031254,-33.88532206690951
47.74139870305973,-32.0915836158403
48.269467659193204,-33.49232310309297
47.03513218727826,-28.675118626428592
47.78147230958936,-27.956193819199243
48.173264193218124,-28.69620117354071
47.22775297326474,-28.666100311919134
47.078041436827014,-30.850857274937812
46.92832990038929,-29.98116599229543
46.778618363951566,-28.511136459010096
46.62890682751384,-32.661334959898106
46.47919529107612,-33.42175067742192
46.32948375463839,-33.82081791306029
46.17977221820067,-34.93625238328331
46.03006068176294,-36.31829954197227
45.88034914532521,-36.779190503613066
45.73063760888749,-35.02085390832902
45.58092607244976,-36.56830742396372
44.440141949445824,-33.380150240119
43.918495650655444,-32.55029564098885
42.857775174739935,-30.87115101636688
41.84830626786731,-27.06796336070981
41.316632602226136,-25.903027746004852
38.778318828947434,-26.23208835861993
40.20641479671973,-26.78074935887948
40.75047032973939,-26.49815119242259
38.31474439163208,-25.739111760670493
37.32242032734305,-25.826188268612842
35.521984719680184,-25.526798578468597
34.63946832144432,-25.309139806591233
32.56688278787303,-25.458126629886834
33.07376593317857,-25.108569642313945
31.79776431034666,-25.633861382884724
31.332109780857063,-25.13333084517345
32.653905591669556,-25.245303329678446
33.22107948153324,-24.230167834912407
32.662881394912915,-24.30558554103863
30.89307938091565,-24.408969218786197
28.715027621865133,-23.919713982769167
30.561999192782,-23.767936410397393
30.944262008958297,-24.04722779197419
30.93003226075514,-24.76396051534912
31.21285218998393,-23.666206678701847
31.320353761520114,-22.728900867487646
31.427855333056293,-23.257064963849203
31.535356904592476,-23.179578441278963
31.64285847612866,-23.82315565586824
31.75036004766484,-23.579677158222434
31.85786161920102,-21.57746726993804
31.965363190737204,-21.535294613033255
32.07286476227338,-22.224997695351718
32.180366333809566,-22.209624904152044
32.28786790534575,-22.669584032909935
32.39536947688193,-23.10120383102247
32.59717297191706,-23.12755580165365
31.420172888324604,-21.907631239763358
31.92015341943032,-23.40759922057392
32.035509546865455,-24.011775170436117
32.418255149667885,-23.933708751287913
34.33476729420781,-24.178025389854714
33.122283456478236,-24.845511647826232
34.33553861868653,-24.085745678613854
33.04821159956847,-23.834704776632485
33.531807190968316,-23.942798322847707
32.73862208248459,-24.386482272222956
30.3940354682508,-24.26715506072058
32.61418995871161,-24.218176586422597
33.34359273547329,-24.14458263204505
32.52094077382124,-24.27219131406294
33.8203468977622,-24.04751218142331
34.257394653319885,-24.057581346453276
34.69444240887756,-24.10440031642307
35.13149016443525,-25.070823067589284
35.568537919992934,-24.776411440666305
36.00558567555061,-24.14919514809144
36.4426334311083,-24.880610951510874
36.87968118666598,-24.931393683356518
37.31672894222366,-25.030635662465112
37.75377669778135,-25.623637355613486
38.190824453339026,-25.207752319228142
38.62787220889671,-25.764084943864848
34.32612160941721,-25.686123740919985
34.27561885313354,-24.9425461169707
33.1799252770223,-25.17429061958178
34.54616246845171,-25.448191077005365
34.764746831662826,-26.001166351084215
35.10586516306051,-26.525828829131807
32.16574767509455,-26.543023694961246
34.79125442817533,-26.043879538468723
36.34084499181184,-26.000341284497548
34.81313892937694,-26.018366277607484
34.50549179197378,-26.409507860945737
33.45327115803863,-26.095274578098994
32.996267565896936,-25.312393658034573
33.16801559125421,-24.61639353142093
31.43502444419436,-24.60756758434862
31.151899533333932,-25.158092048032955
31.826148186533384,-24.40905359097385
32.500396839732836,-24.950414533306873
33.174645492932285,-24.45407311246507
33.848894146131734,-25.331420468049494
34.52314279933119,-25.387472115253647
35.19739145253064,-24.33195285642212
35.871640105730094,-24.591857945222316
36.54588875892954,-24.785161661029104
37.22013741212899,-24.4029231623388
37.89438606532845,-25.281898062330484
38.568634718527896,-25.356181670909
39.973585831028345,-25.78017620746797
39.91724516550566,-25.532275456677624
41.079340323402974,-25.873595346929793
41.659517721135934,-26.708528629207372
38.838960419600646,-26.18354322867409
37.07834992970833,-26.44328506343958
36.93143093209886,-26.812604481285753
36.01447962936761,-31.45441140619578
36.189051466495236,-32.677970909669114
35.279373305596,-36.30488306927628
32.18839402820258,-36.643940341253106
31.406998795902176,-37.85270038323482
31.463518219563706,-40.48518424054558
33.807906858702765,-42.58268107303354
33.2857030718016,-45.4715657860889
32.118299377362206,-43.1319708376702
33.25808469685862,-45.91325116071747
34.19073948983715,-46.405119398573405
30.82382855085533,-47.735213344552285
31.841678839584834,-47.87623940207323
31.962204795741712,-47.98581216631294
31.408516990489932,-56.837222834938395
33.993525501476974,-60.58528302168532
34.78720116097343,-62.73634135972209
34.572497542047536,-61.32077674265277
36.50870371503148,-62.43038290495224
36.85615036066295,-65.58780297001852
37.20359700629442,-67.94520484143335
37.5510436519259,-64.05845777554845
37.89849029755737,-64.1145343587194
38.245936943188845,-65.69835300151577
38.593383588820316,-66.94205095607293
38.94083023445179,-68.2932579460931
39.28827688008326,-68.43576926510642
39.63572352571474,-70.75906825839672
39.98317017134621,-70.5686076610525
40.33061681697768,-70.97745934539104
38.30159867622142,-68.03461442873744
38.42319822118547,-70.03237039128177
37.487755048853,-71.00688604591605
34.85704098881327,-76.03323277260934
35.14891014883842,-76.15283656660537
35.9611762562397,-75.55357752982187
37.519186652831614,-76.18777994893479
39.3450106892679,-75.95359439985658
40.564817175535524,-74.12700418385957
41.999558822491814,-75.17077002157215
43.3292870892173,-76.02275905568227
43.03119665101984,-75.5974226890885
42.214090395134754,-79.09634771202433
41.24644254359353,-79.1613843865196
39.723047879782136,-77.0263512769631
39.16569081133288,-75.69265294042845
42.291649245356005,-74.73928847870383
41.79302154431608,-70.08963260482818
42.96947023574308,-66.59377259749122
42.096454061923986,-67.99075509720943
41.9937644727388,-67.58853923834488
42.104219010198676,-68.14194141342358
43.34242005474605,-69.04031881484738
44.30918101445571,-70.26829214113214
44.67682492624789,-69.42457988344502
43.74916006623086,-73.60512126500329
45.13599145947256,-76.36392620193669
47.40018191172154,-75.43171148100029
47.030327728739415,-76.99624952131872
48.316307504242495,-77.29102788123751
48.17435653244129,-77.72478393809995
47.1260600579583,-78.97234760705607
48.62550424923345,-79.31087873371207
47.29373620893656,-79.18185277166239
46.109936388404094,-78.8778292173243
46.480347071477645,-78.87038560439045
46.82957521132666,-78.21751194264814
45.93466406212443,-75.97901509994156
46.481509174827295,-77.02585264566133
46.59261262987349,-74.9224898095301
46.70371608491969,-74.90982856214401
46.81481953996589,-75.48205484011362
46.92592299501209,-74.39794628242919
47.037026450058285,-76.54533804643073
47.148129905104476,-76.70054859283123
47.259233360150674,-75.0358888997163
47.37033681519687,-68.10869898219353
47.48144027024307,-69.66719021091967
47.59254372528927,-66.58270684650063
47.703647180335466,-64.17061094189036
48.73835409407139,-65.79291988562241
49.773061007807314,-67.7893129821286
50.80776792154323,-64.18527646347617
51.842474835279155,-64.19961913129872
52.87718174901508,-65.6600468955991
53.911888662751004,-64.05665309699069
54.94659557648693,-66.74130921158334
55.981302490222845,-64.98142530049167
57.01600940395877,-64.19108165231931
58.05071631769469,-65.05420597604383
59.08542323143062,-72.93831738390426
60.82126663227445,-73.86606272443143
59.68900128353474,-73.21150727112152
58.791283271914104,-67.33118114897384
58.50426231689918,-66.5628976500805
61.55268151817425,-65.79964246578868
57.19253756166593,-66.6933679470197
59.14787157771967,-63.83415144286462
60.19326901655615,-62.23624515420764
61.251333554535705,-60.49846003243028
60.16719162929896,-47.38885587428526
60.07931679264814,-46.89698763642933
58.99271762301434,-57.04071649397851
61.0646951907584,-57.16839452397302
61.25424641055768,-56.526667061341534
61.2514587741229,-48.477527169828264
62.082138998522865,-57.085446045452095
63.04112112458508,-50.11090170981196
62.617391369111616,-49.078875423668784
64.61898661926377,-42.344697779072234
64.53693468603906,-42.11681512949638
63.2417924156385,-41.507929132208076
61.94665014523794,-41.81255126449896
60.65150787483737,-40.39490416382657
59.35636560443681,-40.269671861985934
58.06122333403625,-37.518020127019994
56.76608106363569,-35.35065834069664
55.47093879323513,-34.6544262194236
54.17579652283456,-34.1494168939961
52.880654252434,-33.48970497018444
51.58551198203344,-34.79843710587173
50.29036971163288,-33.2819610305051
50.8392630249138,-31.24052059120859
52.858765896528524,-30.993484438381017
54.606578752366325,-33.36041437313965
55.14959964104801,-32.60777382790409
58.02227178280606,-30.575391661391038
58.09080566778586,-27.2225412515473
59.20867420353249,-27.206824104338065
61.085993329543484,-27.750874694280256
63.06519748818001,-30.418493041310978
63.9585786211864,-31.16649173234386
65.8223086602241,-29.92381163789685
64.09405627692087,-28.774437941515757
63.318152725410926,-27.12393130284803
62.70191270392011,-28.771147390282554
61.00874836560617,-26.167377154794487
59.94598198769184,-26.386665856870547
59.53870554509248,-25.782650014641668
59.04083934984869,-25.913264776555195
60.91116645615621,-25.836060594139933
61.406219360168684,-25.86972652258402
62.177357668609865,-25.47603864296755
63.53914065678585,-24.764449476310944
64.41363044368308,-24.96296624590325
62.44708194103227,-25.041721409122342
63.65495238810444,-24.024684897065892
65.64627597914267,-24.161288451422834
65.04949154764505,-23.184957670469686
64.8447609684028,-22.846253563508405
64.00440541003077,-22.33368666394239
63.34371663588427,-22.206250664817027
63.472584000465325,-22.982757677371996
62.55236311918436,-22.620294256906455
61.2748942122585,-22.75656214862186
61.17757878258664,-22.22426450744956
61.87518144375197,-23.588098963942386
61.2741768446384,-23.355982099417417
59.33295603190951,-23.35278436525405
59.82724215513564,-23.01746792108826
60.46155074366043,-23.303326547404925
60.836595579411465,-22.99582069521986
62.28779835865025,-23.112922993800957
59.63339892972141,-23.062738946051287
60.02984435814801,-22.208847942523217
59.38749509929967,-23.342068538980154
59.77971274131587,-23.877209379700826
58.19254345218907,-24.038749927054056
59.152967535925285,-23.80236262867536
60.83741439622683,-23.707190967427458
60.76251639166771,-23.990624046423548
60.374339765538714,-23.537183684685765
60.667348498331975,-22.60308327172944
61.311828523398326,-22.060090323636445
59.65662155574523,-21.49496966159508
61.02647214115152,-22.06024564888707
60.122174490600635,-22.945875543570384
61.38434573445785,-23.441693972111292
60.61519627691153,-23.540348014487982
61.84111714139673,-23.03705909372571
62.32255938010967,-23.84399800587326
63.03860227547215,-23.888823623432465
63.25107471903874,-24.00472318890585
63.51521738956218,-23.622181761290776
62.72055080758758,-22.229900256815167
63.963591668206085,-23.79220017356414
64.73099756473749,-23.19387298683338
67.12346611214682,-22.86161932004744
70.20352739462892,-22.462584355540375
69.30475929485425,-21.77874067073292
69.3639279138362,-22.113447535308822
71.2691860831148,-21.657986379222873
70.75760640171545,-21.610232630963132
70.52750049777542,-21.282989569160062
71.18466890982198,-21.172214218601418
71.42364199526715,-21.14099571215431
70.93861373429213,-21.04370639301384
70.41219062032053,-21.683937050885984
68.68540198280792,-22.275567947390094
67.99572333195084,-21.363929149152277
69.70154570158947,-21.290519663370418
71.59238871068504,-21.18174363279884
72.91000129873615,-20.970011615612158
72.28787964017742,-20.47939790828538
70.12337708964166,-20.352304922433003
70.43988243957216,-18.67294535568934
68.44798519003574,-18.051345329863363
70.31431317852294,-19.655106486686833
71.95977462246877,-17.816523107103038
71.7374948995411,-15.69312534332428
72.70529964283661,-13.795903029966864
74.16461217537116,-12.856673654013022
74.15745856155658,-12.507441943626231
71.3512608789876,-12.286615785265239
71.5535697537527,-11.096103710823435
73.02337129249315,-10.46285641613288
74.2645900126299,-9.532846878424138
73.34812464603186,-9.368011906557786
72.6124909270377,-5.609687178706642
72.91011986692573,-4.2306426647294195
72.64227091548908,-4.430826541800915
73.98479501967415,-2.73469896299354
75.06421504434249,-3.513244982846828
74.78214692295761,-2.7419166450678594
74.50007880157273,-1.6524504942860776
74.21801068018785,-0.6225359157406576
73.93594255880296,-1.3576974133188937
73.65387443741808,-0.3976854016730438
73.3718063160332,0.1112137434301484
73.08973819464832,-0.8218022744229325
72.80767007326344,-2.0588939547697906
72.52560195187856,-3.3606231325226408
72.24353383049367,-2.6071407036031444
71.9614657091088,0.7748243126412155
72.91058702865087,0.31913534254773057
69.82822309569531,-0.9016360880172827
71.71857073015057,-1.796685275718064
70.92266480360996,-3.6438947872741236
71.3881138773845,-1.3597659687349548
72.03407402551044,0.40272870632848967
71.64061921701628,9.608363951281794
71.24716440852211,4.579910648040601
70.85370960002795,3.6040415771364427
70.4602547915338,8.370913567833439
70.06679998303963,8.802709296623172
69.67334517454547,5.15643486661208
69.2798903660513,0.22341884285858568
68.88643555755715,-0.7143610698536635
68.492980749063,-2.8016558415682233
68.09952594056882,-1.7564462006234023
67.70607113207467,-1.7655081651251288
64.52081288044005,-2.382017698665447
68.48656421200673,-4.298046147874926
68.42870456960479,-6.496833750689056
69.64544702427398,-7.534603746947118
70.18854944860271,-7.006417940351641
70.82340918170175,-7.381419904247678
71.2632929882787,-6.057721462958793
71.46767245347522,-5.735121391550822
71.79281598239395,-6.183120762891844
72.11795951131266,-6.7437505948559
72.44310304023139,-8.354922768049027
72.76824656915012,-7.6440299787468495
73.09339009806884,-5.878325412135607
73.41853362698757,-4.851108297525457
73.74367715590628,-4.969705710166485
74.06882068482501,-6.96147527611781
74.39396421374374,-8.673809845992714
74.71910774266246,-9.047126794004736
75.04425127158119,-10.609960507204
75.66411311446218,-10.563869956415445
75.4696852258358,-11.046784439192736
75.27525733720942,-11.664324617391145
75.08082944858305,-11.062271334972428
74.88640155995667,-11.02013910402387
74.69197367133029,-11.32299825197485
74.4975457827039,-10.610764870920836
74.30311789407752,-10.873622362800052
74.10869000545114,-10.723418081726214
73.91426211682476,-11.591074048975024
73.71983422819838,-10.879247711695228
73.525406339572,-10.513751314439226
74.80168180647755,-10.241741213026733
73.84021304642704,-10.539647690478017
72.44154719015118,-10.787643749989488
74.40874457542196,-10.61557325796721
72.30049826845908,-9.226566481353506
71.41762433825838,-7.219889550012654
72.5663535571719,-6.001622312919138
71.36830802659803,-6.819369504960628
74.72829649443177,-6.537096344789845
76.3851366126411,-7.199191677362627
77.51132969403666,-6.332964220140429
79.1894898694237,-3.562985791278428
77.31693033149779,4.323552382251726
80.08355515584365,7.91939842930919
81.88753631984922,7.885383730006355
82.13753502918073,7.738411753129503
84.19323875484375,3.1663096902233243
85.46502137720344,6.628043054512675
86.356662616535,6.757186359305871
86.23435161994863,6.8940353420931215
84.46138358976711,1.9613527715482217
84.87350086744716,3.5610118341031916
87.94775084081617,-1.3004368014539576
88.22664802728697,-4.777385100934065
89.66395592354115,-5.787812866330402
88.28691023432927,-6.494400198439575
88.75227211263602,-5.265604726683056
87.48239560248885,-5.876262147813918
88.63116481230769,-5.102317687746756
87.92120746641139,-5.9386185722811184
89.21372974012817,-9.492823456223702
91.38745871531958,-9.929959093110073
92.92052096869396,-9.201587632910888
92.5650754839637,-10.760969151994674
92.52288981606043,-10.894259038384275
94.37374668686189,-12.25340452834301
94.56345074663996,-13.98581562061377
94.75315480641804,-11.42057109591737
94.9428588661961,-13.668135052837508
95.13256292597417,-13.679256805479998
95.32226698575225,-13.48972512201117
95.51197104553032,-12.381975085761283
95.7016751053084,-11.439673060977057
95.89137916508646,-13.546696759960062
96.08108322486453,-13.54062900832632
96.27078728464261,-13.659730952403256
96.46049134442067,-14.921837276092925
96.87441016011077,-12.450402246614214
99.76414993496611,-12.414218639854933
99.23864146050995,-13.928839347533593
98.17691092237708,-15.73549758371772
97.47450071444997,-16.355859597641565
100.08481306088466,-16.441863022790454
99.73380228615335,-13.999134546439214
99.47703325401454,-15.641584955675583
98.91037474082869,-12.259786865568739
100.51534236108435,-13.51657314809263
101.080064084828,-13.202439393899798
101.64478580857164,-13.761827336239016
102.20950753231529,-11.638808053475797
102.77422925605893,-12.02196248310975
103.33895097980258,-12.276677730321822
103.90367270354623,-11.466038808757771
104.46839442728988,-11.425017888226279
105.03311615103352,-12.228472605196703
105.59783787477717,-11.310379482857561
106.16255959852082,-11.929725618823081
106.72728132226446,-10.446115250760077
108.5038695408829,-10.396850429289916
106.66702715256358,-10.601706213601313
105.49799476102741,-10.500881846717467
103.61863081394249,-8.245680235824041
103.08897798654172,-6.405475402279027
103.50684280256442,-6.034384320649857
102.35164120478656,-5.457125211509256
101.28250250583193,-4.552405525011205
101.90495481720838,-4.890909084236178
101.57095926224909,-2.6016657397307585
101.63955373051071,-1.725287291140529
101.70814819877234,-1.4637580082851385
101.77674266703394,-1.418357922209161
101.84533713529557,-3.9768818175622753
101.91393160355719,-1.2502210243431664
101.98252607181881,-0.4852893870452748
102.05112054008043,1.2859722961523317
102.11971500834206,7.656330556145666
102.18830947660366,10.649652929159496
102.25690394486529,10.606523375007182
102.32549841312691,10.306749475449239
102.57635225939576,10.022168934706539
100.73468644316222,9.74330759883618
102.63895256344301,11.04389498147716
102.93889964733832,10.917473247437105
104.07633028947564,8.83580136734662
106.67822652486397,8.347094858535472
104.02072290808638,8.62429555739102
104.6368176968898,8.845749734946542
104.69819998517616,9.660100571333317
102.97619224563401,6.520261140171792
103.08370290323754,-3.023349976183781
104.54550114393295,-0.6645307000449574
106.98541174855085,0.4060990579258128
111.09286085403316,-0.8266391354991497
111.69285637436158,-1.1878393892081305
112.7790871200847,6.621829783497239
115.21951732321486,7.017034511145345
114.1213701964212,-0.8313997397598392
115.09415187599537,-0.823147056459222
116.9448481332892,-4.046585704861108
116.14459241223406,-3.6230398623048843
117.44018712506329,-3.756438076842691
119.29608433943795,-2.94750519727217
117.65292407728525,-2.2949872286180346
116.99041879947397,-4.5237208761019545
114.95065293354,-2.5106563736722176
112.61544209535722,-3.890477213609849
114.96925332708783,-3.761822614184504
116.04294362605737,-4.406332791804227
116.92847003765124,-3.744492432329681
117.63018490214795,-4.169227185766643
118.57317056530206,-2.778877009710855
118.57160612513026,-0.8243953073579378
119.31467633086041,-0.3932219213006175
119.78052956473545,0.2763783236258981
120.29422864530223,0.8059815539470623
120.18019481715496,-0.5276820758840104
119.0769309661137,-0.810596125211124
121.2774521070887,-0.30149632352460143
120.29473244710752,-2.306734854346383
121.93703212365254,-4.029330243093242
120.55216200599175,-4.14923462000131
120.62244774479376,-5.7043036331228905
118.87040200706853,-6.43983479692763
119.7321402161308,-5.691565589709557
119.7173447750312,-6.719884824996475
120.04959609177585,-6.389352820180292
118.57273762216597,-5.313515110912468
119.4535821332685,-5.2834159392507445
119.50657809784708,-7.430340860913308
119.55957406242567,-5.608762659608282
119.61257002700427,-4.392602506524591
119.66556599158285,-5.717001716533311
119.71856195616144,-3.454127308643985
119.77155792074002,-4.421452322604849
119.82455388531861,-4.269303742038117
119.87754984989719,-1.4611798880631737
119.93054581447579,-3.911974335246434
119.98354177905438,-2.1445932210699703
120.03653774363296,-2.3985478336493995
118.38812807728674,-1.4201310638641362
120.54110689393902,0.12249825324763408
120.66117331369753,0.5328467641416115
121.6645872504396,-1.7268535635148359
123.18439397988983,-1.7814450967150832
122.97848974113691,-0.8782707713908338
124.52322333392446,0.10095665512003427
125.69429811088186,0.0
126.62292030314198,3.1005717429604447
127.68493180504808,1.4009009291509966
130.84927902398528,-1.0872650367485597
130.69480555915985,0.1258188826980169
130.81533395757683,0.2413920589525257
131.11161046402484,-0.6160225062257652
133.1873376470628,-1.930894414982181
131.98756511001002,0.047374746223127484
130.51782471626663,0.37569482075552296
132.61940517422386,2.243473693184457
133.7418210849519,2.8129080634558505
131.14596283963465,2.2917268557871946
132.55208724643165,3.8860280362423194
134.45717733204177,4.6428772086196535
135.67300456644205,0.5892458667785989
133.5455150931665,1.083220847355176
132.41771991928172,-1.4487154354358636
131.95582652054495,-0.9790738488009078
132.90539968611495,-1.8797782326216022
132.7881819957013,-2.3364055300250204
132.67096430528764,-1.5267966395812416
132.553746614874,-3.6650561772751233
132.43652892446036,-2.945746649564633
132.3193112340467,-1.2214390801894748
132.20209354363305,-2.3157025612158937
132.0848758532194,-3.6593424612878116
131.96765816280575,-2.360041677463692
131.8504404723921,1.177070111664152
131.73322278197844,-2.0565195127488005
131.6160050915648,-2.943988378415849
129.25041236638884,0.15577449244167219
129.58345186504565,0.8483775691627612
128.83543156306905,2.098799996653989
126.58412674384067,3.536647820995988
125.46275316931927,0.20463885817596195
124.9794528556827,0.1754257488621076
124.0575107754652,-0.34735912241260947
124.46077410288112,-1.0530750470472339
124.86403743029703,-2.2552144174708246
125.26730075771293,1.6938090107191386
125.67056408512885,1.528955084104613
126.07382741254476,-0.19052610521310293
126.47709073996067,-1.2962593021062858
126.88035406737659,-0.980414432538391
127.2836173947925,-2.5331528283879634
127.6868807222084,-4.46121999935051
128.0901440496243,-3.86313899200398
128.49340737704023,-4.108749221436114
129.38359800136894,-4.693683315635963
131.42285217849818,-3.845694623230517
131.7253424044048,-4.229009002256115
130.04511615426946,-4.331762754544087
129.04883308102075,-4.382839098085689
128.1367398381356,-5.528166457220214
128.00262974014373,-7.005585439139251
127.00881950838388,-4.3230651014236
128.16527902889686,-4.995754511342876
128.09670895764455,-5.278978305653637
127.45269844462403,-4.798504277005522
127.71192298498434,-5.810160625556289
127.94665983711812,-6.7874283509016795
126.80044709624913,-5.691568762157582
126.92099021422231,-7.095738851885787
127.0415333321955,-8.81421982978495
127.16207645016867,-10.229354546972536
127.28261956814185,-10.047979938273684
127.40316268611504,-10.535878004449208
127.52370580408822,-10.243741144166652
127.64424892206141,-11.226908072937464
127.76479204003459,-11.448824995189687
127.88533515800776,-12.457532208740716
128.00587827598096,-11.468916815010797
128.12642139395413,-10.739354411860637
129.04027279068515,-10.775022820149301
130.2451431865262,-10.636403093663322
132.1454217589956,-9.852189535489535
132.3237231366643,-8.828705504062889
131.6649673041229,-7.351264631740085
131.5509020334683,-8.116472788232095
130.2354612819724,-8.220824676654582
129.18579404397752,-7.195014489210059
131.65968176307416,-7.107497247320934
131.2216164939509,-7.36149356166553
131.83631625493558,-6.670977556732272
132.4510160159203,-7.339680536108464
133.06571577690497,-6.7261197181511045
133.68041553788964,-4.466471561977267
134.29511529887432,-5.130434129198083
134.90981505985903,-6.654333136524457
135.5245148208437,-4.968523743165856
136.13921458182838,-3.8776052620263473
136.75391434281306,-4.228262246413108
137.36861410379777,-4.570759791578457
137.98331386478245,-3.0852958534267554
138.18014921994762,-0.9957168839109357
138.3769845751128,0.4508859259807534
138.573819930278,0.4580748471926106
138.77065528544318,0.7342585555516974
138.96749064060836,0.5547301957042297
139.16432599577354,0.1369394836045989
139.36116135093872,-0.4602822406753815
139.5579967061039,0.5771512586910734
139.7548320612691,2.7654630597776566
139.95166741643428,7.725538098785715
140.14850277159945,8.41400328996098
142.14367976033415,8.121150168478872
141.4427119666448,4.437052884660687
139.38220029392147,3.6492119598052084
140.82728423467725,3.9405378453883553
139.66606112051613,2.4569741431375007
139.7718129633356,1.5702893976946146
139.87756480615505,0.9340258590391328
139.98331664897452,-1.0544910375530812
140.089068491794,0.8177266674946853
140.19482033461347,0.09666116023201576
140.3005721774329,-0.47635970554493
140.40632402025238,-1.273247516850862
140.51207586307186,-1.9499070055835457
140.61782770589133,-0.6683987146286655
140.72357954871077,0.04619429113017759
140.82933139153025,-0.7142615135166736
138.92195440549366,-0.2776968818952547
140.53966193135693,8.778957629678896
141.21382284452898,10.216372815291358
141.07860071719682,10.470452329694167
139.1160785695344,10.755824534310205
138.9225976748129,9.004386891813576
136.06724115152693,7.917023052826827
138.51766255443926,3.938786966474606
141.24279588071144,3.851611638603799
140.8095673320271,3.2573313677832583
144.2579642391727,6.999135402923326
143.8248574731534,6.748047222351476
143.9004944080029,7.768245822374674
142.42479684022751,1.4520103765227668
144.43111325324153,6.472299327176874
144.7982095539161,6.133389681816476
143.16166965670925,-3.6698344431427303
143.05438909066473,-1.063043862096154
141.29767658715392,-2.155724713902954
142.13633725429145,-1.6913672505076718
143.27229369993546,3.073844126872361
142.05303833415562,1.5237803210173364
142.70467388778388,3.6005280094254637
141.6230907646917,10.537041414211263
141.4032981819159,11.051480002005427
141.0297689692587,10.831763634937944
141.979398034153,12.047626259549551
145.22342641363036,11.914763047927483
142.86456661871486,11.990477083264144
141.1405706634674,12.364850934518518
143.16094863817142,10.552327903156506
143.11077560422493,8.052807554416228
144.71300148597703,10.916959559057654
146.93486908679105,10.951586995589423
147.5844471868433,11.961838275833346
149.41975735303507,11.714144862761705
149.63185345528672,12.162424435546964
149.8439495575384,12.278241495124742
150.05604565979004,11.707210838727676
150.2681417620417,11.13538036388827
150.48023786429337,11.442824394941017
150.69233396654502,10.52636421747992
150.9044300687967,11.010712404022321
151.11652617104835,9.073510471455068
151.3286222733,10.183665527954028
151.54071837555168,10.37608436080558
151.75281447780333,10.244556378469731
152.29870912828844,10.768889089171477
151.80549499306204,3.3427711874972985
150.8205354925054,0.5670124392913432
152.1734087354487,0.5222818863962883
150.59281539751095,1.2834243830550611
151.5171610954242,2.4302847929893074
150.26366715847215,8.025603405550761
151.5033785231335,11.139232185241195
151.42051146913477,7.685418190682394
151.337644415136,4.850152706889036
151.25477736113726,7.796492873762355
151.17191030713852,8.388916894599046
151.08904325313978,9.57300124876665
151.006176199141,11.579492117439237
150.92330914514227,8.671888293447799
150.84044209114353,11.06713002041239
150.7575750371448,11.191405258698918
150.67470798314602,10.484136620516423
150.59184092914728,12.181716331738409
150.39846224935621,12.194065465778614
150.23945263374827,12.435894673179236
150.08044301814036,12.882834178572628
149.92143340253241,12.175980277115839
149.76242378692447,11.724486047440614
149.60341417131653,11.426612838949842
149.44440455570862,11.457721784717474
149.28539494010067,10.965340104141264
149.12638532449273,9.816754336913847
148.9673757088848,2.222992974692998
148.80836609327687,9.071393503928519
148.64935647766893,10.221367587347443
146.60396757027382,9.229188076383886
148.0306524994301,2.1063956769578427
147.0015483986739,1.0233284831925895
146.92407523890307,-0.0609611947267914
146.41758248014796,-2.4994046629833684
146.95473813010935,-3.647348813769513
145.03347181398655,-4.226067531014005
146.16580781922144,-2.079974869446734
145.05591527801812,-2.5412026450702383
145.91475161615668,-2.0368010899572
144.91706290128172,-4.784994424158272
142.22356117266494,-3.9366525148675415
144.35638508152695,-4.347769416112625
144.16460908482043,-5.911833592645927
143.97283308811393,-5.656959675586624
143.7810570914074,-4.25992435257522
143.5892810947009,-4.111119984076968
143.39750509799438,-3.9102921538537707
143.2057291012879,-4.945949087624468
143.01395310458136,-4.739706638387551
142.82217710787486,-6.277245448255725
142.63040111116834,-6.717356101388285
142.43862511446184,-6.0885050182528655
142.24684911775532,-6.719282056538841
141.0026850791693,-5.506410084767493
141.16427002474458,-7.035048344397196
141.32585497031985,-7.105700324658344
141.48743991589512,-7.756421868143715
141.6490248614704,-9.87899740850555
141.81060980704567,-8.056167971546898
141.9721947526209,-7.817728205118724
142.13377969819618,-7.0416978385155815
142.29536464377145,-6.525458482842133
142.45694958934672,-4.589103110513977
142.618534534922,-4.377051103958426
142.78011948049726,-5.473505595155475
142.10917381430733,-5.19299733484592
141.43822814811736,-4.962572954795736
140.76728248192742,-4.383055161938197
140.0963368157375,-2.9808142684451577
139.42539114954752,-1.2321479305998626
138.75444548335759,-0.7197370967283929
138.08349981716762,-0.7037689087610888
137.41255415097768,1.6232539190392323
136.74160848478775,1.7366137369745709
136.07066281859778,0.658766757769936
135.39971715240785,0.1306355560444351
133.37845386191972,-0.6078634833636556
131.69459110913454,-1.5955211855400868
130.71718043235336,-3.2743137419996646
131.29504866088246,-3.857396585757481
132.0414820699077,-4.142797601192015
131.82016443437112,-6.102316018433903
131.5857401636206,-5.644729179099336
132.26705505533565,-5.0696358747460994
131.21210420262605,-5.593926595115442
131.23220569339483,-4.435614479650028
131.2523071841636,-4.172079289037817
131.2724086749324,-5.6042092865011055
131.29251016570117,-5.674725520774949
131.31261165646995,-6.2722991474113154
131.3327131472387,-7.490517623423927
131.3528146380075,-5.371816460847535
131.37291612877627,-6.42056782027147
131.39301761954505,-5.054126505955323
131.41311911031383,-5.72726648733411
131.4332206010826,-7.426391112659494
133.0371664180041,-7.831827237717407
133.03574143903444,-8.614024245227304
133.42403163223008,-8.103823605092996
132.1716555696774,-7.469319179695406
131.7355002100939,-8.98235630969101
131.29934485051038,-9.575659130783611
130.86318949092686,-11.522197070177695
130.42703413134336,-11.150811764515801
129.99087877175987,-11.996666331310067
129.55472341217634,-10.535662730383917
129.11856805259282,-10.518142323470062
128.68241269300933,-10.424192665424673
128.24625733342583,-8.896605474010075
127.81010197384231,-8.738380877229263
127.3739466142588,-8.206348585302159
128.12563654374821,-6.0594235838217445
125.50553883332157,-3.368362602863638
124.36236117404749,-1.6772949922271105
124.1502492208289,-0.5308103179646415
123.39107812350875,0.9681624852212749
120.73501574712583,2.7443778855987406
118.9649806570281,0.053286847800470216
120.04376808647712,6.409374664132062
116.77960078229243,3.2682699687052725
116.72334532600365,3.1591425885051665
117.3035718099918,1.9920921369686226
116.69177598367403,3.1496869616838103
117.03118205916847,6.420403944770952
117.80404617306384,7.4060259677780165
117.8807861748693,7.041782975293082
119.28256459973552,7.045775793014447
118.79616344419345,7.357826992910086
117.28163481431967,7.1507237982257
116.9920607357316,3.995047654534391
116.70248665714354,1.9825600850543
116.41291257855546,3.606777734250837
116.1233384999674,0.7936833514709751
115.83376442137933,-0.16318189474729078
115.54419034279127,0.05069412244089433
115.2546162642032,2.766409594235225
114.96504218561513,3.6679887996581755
114.67546810702706,6.858000800544003
114.385894028439,4.197846163653115
114.09631994985092,3.941278529057615
114.15244042984982,5.927641170334187
113.0327577995979,6.668079363715076
112.5562035221891,5.929018788899696
111.6669257450539,6.895045350177833
111.3414719034451,3.340310930561599
110.98870687195212,2.417912113324807
112.09783709552916,3.0847970799315823
110.8426653979661,0.9027847006027737
113.93315676937749,-1.402844760402009
113.74319995133682,-2.1457409348381447
114.68083741740219,-4.201360976883618
114.3782412274048,-3.552938875153538
111.46204168880818,-3.733146327613534
114.92444522521699,-3.4300010128819136
116.49262933073601,-0.19454301313406774
116.19133136045541,2.466673538406534
117.15105103389381,7.947878597799661
118.7911677793871,9.726678223295648
119.97676944093479,10.567306028716661
121.6504993802828,13.299653509920292
120.02876169319727,13.980341087596159
118.59025711502649,13.398719882233943
119.0338075298792,13.413888220559757
121.24130089915813,13.849399167442758
121.85075402416072,14.690254068498144
121.76808650536435,14.938764502508981
119.78906285651394,13.3180126442616
119.99617492346277,13.83536027246598
120.30384462130495,13.834207853442708
120.809317470978,13.395420392503429
121.15265716241949,13.213549418146531
121.29399170905451,12.462322199183912
119.73662705796224,11.874701187541298
119.46166352499759,11.684656177194285
119.18669999203293,11.519287745069537
118.91173645906828,12.805112064745725
118.63677292610363,12.70804299875752
118.36180939313898,11.292466621759784
118.08684586017432,10.615288136050486
117.81188232720967,9.711219029427461
117.53691879424503,2.4701876058781065
117.26195526128038,-0.2384399842600955
116.98699172831572,-0.1724332932940782
116.71202819535107,-1.036684040401194
118.92732179584587,-1.3359606703301785
118.6977146287029,-1.9530705589743043
117.8609747817097,-0.49888763637129663
118.26912204032419,-0.1825361046333056
117.28756161484473,3.223367874318498
117.6492527303991,3.347993072973233
118.87738823607471,3.7764119646505416
116.240312529305,4.060187967638085
115.43393880962604,10.51795762083938
119.81526533779906,11.095132238417978
119.27312001390352,10.75808661739314
118.73097469000798,11.429933205664442
118.18882936611244,11.182645493305005
117.6466840422169,10.911477277361298
117.10453871832136,9.064372914126624
116.56239339442581,4.139711341629314
116.02024807053027,7.423213384109307
115.47810274663473,8.527869002351474
114.9359574227392,8.888155004444378
114.39381209884365,9.25886980503563
113.85166677494811,8.487756912966187
111.93419936316019,8.68354905019306
112.89689083538416,8.031188411958528
114.4836017589777,2.910621158430074
115.2596983081531,1.0026776168287013
116.29542859674662,2.5639109490768894
115.6366423170106,8.308663921572789
114.97785603727459,8.268610363275464
114.31906975753857,8.680966997618148
113.66028347780255,10.8220416519617
113.00149719806655,10.132251504902484
112.34271091833052,10.083290015167055
111.68392463859452,10.85584810095347
111.0251383588585,10.848128131497448
110.36635207912248,11.71814160678682
109.70756579938647,11.877296287563567
109.04877951965045,12.899218654903436
107.64803038363813,13.349260051811573
109.68251462594979,11.575030708724775
111.31304643257131,11.636009824265404
109.65744282135337,12.068208876817145
107.56926120047538,12.361163320685844
106.76765856122684,12.81760980200306
104.68930514064115,13.398782052381936
104.81710616127951,12.71596372936153
104.82496516944185,12.882469159130016
105.60705976958029,13.811547889450086
106.05468052159178,14.325094841684455
106.50570221547369,13.921602469602627
107.70840632223461,13.333678247623478
109.44088198967141,13.62025324428395
109.50187392957874,13.521784231653433
108.9018015342678,14.637987237850645
108.30172913895687,14.93816863942426
107.70165674364594,14.634805772645265
107.10158434833501,15.223671378590966
106.50151195302408,15.202407468876832
105.90143955771315,15.851409930620475
105.30136716240222,16.075182830899955
104.70129476709128,16.3933551163695
104.10122237178035,15.767604784652011
103.50114997646942,16.683345348484508
102.90107758115849,16.682401250005416
102.30100518584756,16.137610871866677
101.70093279053663,15.705083922017682
101.1008603952257,15.509494320122474
100.50078799991476,15.650308834101587
99.90071560460383,15.628205257370086
99.3006432092929,15.320750861560013
98.70057081398197,14.73880287429743
98.10049841867104,14.928988087465104
97.5004260233601,15.594317864126705
96.90035362804917,16.1924695839483
97.0452507553875,15.699246051369034
98.43582578467652,15.393912924099624
96.3478574104839,14.352074488276173
96.19477078878417,14.12980216582753
97.76932646536095,14.018213036523795
97.52380673506435,13.791886466144957
97.56806692463249,14.43090967681151
99.05840951859682,14.13640093394929
102.20452863485085,14.52826590203105
104.11336214010286,15.424038619541145
105.75897751224772,16.025972532286854
106.70321481735336,15.805579604896462
108.21376506595276,15.382389964206443
107.89483750653378,15.70402136652353
109.82465019273035,15.869320792526347
110.11541767376515,16.716904265799393
110.40618515479994,16.62166376510753
110.69695263583475,16.198279573205713
110.98772011686955,16.810928706661542
111.27848759790436,17.974953716419616
111.56925507893915,18.472000292724474
111.86002255997396,19.11121973548137
112.15079004100876,18.76174647053882
112.44155752204357,19.0122852512379
112.73232500307836,19.03327161491959
113.02309248411316,19.30313598185463
118.19844031577544,20.495930876177177
119.12375610194954,20.33194556076201
120.12730534993727,20.93830746845528
121.0613372103535,20.334172818131773
122.1597698998003,21.632094418350835
120.56559986584529,21.6840913868404
118.73873363232,22.62150275909988
119.47679956180517,21.89608272713653
117.32053970056164,21.778485641133194
117.35828268317452,23.711283620192734
115.78079294850154,23.01682079051596
115.3177493771928,23.7360068014704
113.68009455544393,23.739349780859705
113.9302312780539,25.50918175309866
116.1851997913037,25.80699534414926
117.42078106474308,25.829895786717195
117.46944972564012,25.893581153060584
117.51811838653715,24.479944817128477
117.56678704743419,24.806359378693628
117.61545570833123,24.252997253886093
117.66412436922826,24.557636133459358
117.7127930301253,25.46943724106831
117.76146169102233,24.187264235652986
117.81013035191937,23.997528239060784
117.8587990128164,26.116176786425477
117.90746767371344,27.08753445162531
117.95613633461048,26.20539174207207
118.73732938819889,26.059414284707586
119.01244043070169,26.447851610211277
120.05771940396413,27.29544726209091
119.89253623949229,27.612382781216205
120.57084716201584,27.392626302366057
122.6318676676729,26.66578945111084
120.8696229244008,26.985282408618268
120.5929621745466,26.169389902181393
121.33030246282293,24.84698456269494
122.97087044548323,26.134456755364827
123.97540999472022,24.73046277214787
123.4121520115311,23.826505131672906
124.06182442514286,23.21478751693361
121.48218060590051,24.314017138030078
123.39976213882751,24.95773785343229
122.51582883520003,24.650186502812954
125.07423050968458,24.126905728287372
127.04046261815793,23.722648574098777
127.05655031233941,22.82951549881847
126.46456260398709,21.900111750068042
125.78350708768828,22.904095511096376
125.518512777515,23.168848542181586
126.61949865330509,23.293776330534484
126.70119259371839,24.308150999240763
126.78288653413169,23.45158977747042
126.864580474545,24.061609132284918
126.9462744149583,24.813804352625098
127.0279683553716,24.956629646398245
127.10966229578491,23.890747312340515
127.19135623619822,24.63143027909288
127.27305017661152,22.721044376217325
127.35474411702482,22.44290411230734
127.43643805743812,22.299767210962138
127.51813199785143,22.46104459492609
126.64055111890762,22.43022198571365
126.9623578005981,21.577726372447223
126.81658832110516,22.02161239465333
127.57454309142985,21.62301074434802
129.540024871407,22.675993765967434
130.42219947718488,23.13644330718437
129.68544946386655,23.11125325946217
129.8967074358238,22.95327504605551
128.54573015361578,22.742762790102162
127.05499415161954,22.332101488761637
126.79173479043173,22.715908852910243
127.2720649519453,22.765357778563292
127.55307760222487,23.553272596710855
128.8573337630573,23.946262328950432
130.15513162259415,23.032067964338516
129.17655195492094,23.07140734431196
131.38412288903297,22.999454530563906
130.04307546391303,23.21158116666917
129.77384437171722,23.452528837112247
131.19005140518857,25.050509095036453
132.13811680274497,26.091704359026554
132.4594306570706,26.315367735314194
129.24447177050993,26.804190529749462
127.54623451649985,27.138075586205627
127.20103919999858,27.64655248648224
127.02358938376925,26.63852409884014
127.44910182777649,27.25194732225618
128.27606210294869,27.21228213790467
129.68079328334213,27.553931714127582
128.8152624325876,26.928284500597076
130.97393761663216,27.39983851602591
133.48874949019267,27.230519640155038
133.33738801499157,27.2220668789797
131.78181467611134,26.47041364935766
130.69542734532666,27.34135271847072
133.04580607595386,27.762003380695276
130.66904607252286,28.291606790566604
131.6528059844864,28.06708361515866
130.06372758207777,28.0339848219297
131.7610451897688,28.18061271970945
133.89636759444005,28.444151366009006
133.61425632446782,28.288595663030485
135.62183337538602,27.877537959497626
135.75186002584118,28.236979387319106
137.08242228234283,28.23891378785528
136.194548485154,28.117223222586595
135.64796051618765,28.464104496150682
136.27673840679375,27.855621925090077
135.32304692874771,28.22645074493185
138.42140369607543,29.292588737324685
137.22172318417205,28.416189056190987
136.67825348283642,28.506521949639765
136.02021214129257,27.880039841348786
135.44936460134383,28.413255245083356
135.25177298302074,28.644216144406023
135.10777582989957,28.308069783411053
137.49856115984286,28.121478982581767
136.60261296618978,28.217611660045936
136.32971046445223,28.405712766374272
137.06615639321043,29.238793918559946
138.46721309610646,28.576999894722157
136.10584055502363,29.120638124969297
135.31259357239006,28.843395556077265
135.568864356955,28.676504753906364
136.15415285821138,29.32922077668874
134.54319867550274,29.030252346236573
134.73000464981783,28.399617245912687
136.12688704423869,30.180332938906048
137.05468812025626,29.78518254138423
138.67501425613847,30.611065612180496
138.19718045845738,30.944262008958297
138.57971517863578,32.445630694161565
137.36772080818383,31.332109780857063
136.68853894300736,31.985699689691668
138.49297329920634,31.85727168417447
139.07844908859997,30.236149727467176
139.64393137539608,30.497250634410452
139.4411156936196,29.950267011815274
139.98834680821673,31.62473591519208
141.00493530266655,30.354676612307586
142.8624030516536,29.46397059753533
145.1030673957629,29.874074371195295
144.81374363378362,30.561999192782
143.84601106211565,28.430264888181938
141.98255268605897,28.38386700113818
141.68374270255472,28.6042765767756
142.69658393320475,28.692129450587842
140.81406135270228,28.885471273987587
141.86569259427372,28.447846729624974
140.56688226349837,27.768468185261813
138.51098070953037,27.262103146313045
139.4289378859086,27.170397703438034
137.9844311738707,27.187202863431235
138.12887676612047,27.28936005574403
138.92887382055497,27.33986452618266
141.99844014469446,27.901727734686915
139.5315574802223,28.410829167007776
141.99722253093213,28.054676410861724
140.925515187468,27.51819787234809
140.17474649469767,27.676820065397575
138.0602807136748,27.73530206520661
137.77261565557382,27.89489471918203
137.65096974118023,27.74183752824552
138.99547194630412,27.988113533537533
137.91972662297195,26.927615254042028
138.50384857901494,26.938342709465548
137.50345441928673,25.92616733988109
139.0249868299165,25.029860789381917
137.36027876065148,26.157460335318678
136.26658324288877,26.13635787859824
135.5738456894174,26.34109287356977
135.70343092364595,25.97857447150382
134.88143750851253,27.04595188953219
134.85072808479893,26.72522282938704
134.82001866108533,26.328969201589707
134.7893092373717,27.00974959269919
134.7585998136581,26.565038584862695
134.7278903899445,26.76839526812646
134.6971809662309,25.987262231712137
134.6664715425173,25.976034626141693
134.63576211880368,25.701322890399965
134.60505269509005,25.810988755934915
134.57434327137645,25.407233479303617
134.54363384766285,26.07343486331258
136.26114891557094,26.35788635866525
135.35852666570008,26.707894260997982
134.86519668259098,27.046633684872212
134.62906905982572,25.7099302717059
133.49436406451687,26.363389344704814
131.6403496187009,27.355572000518222
131.94676621364658,27.647177018526484
132.38567458015334,27.844452705104583
134.93597926074537,27.58667858521182
135.52197318103447,28.017722288665972
136.10031909964448,28.789108059173454
135.10306926207076,29.177871237807537
133.52503260836772,28.302837610718463
135.17245712511942,28.097503310961486
135.22056331120362,27.289473025202454
135.32022559816912,27.984287925163557
137.26992286083862,28.20059621924416
135.84826320599583,28.655203475797446
135.70449800545737,28.685932081602132
135.13381425299485,29.170589346820112
133.16144176389577,28.780365303268578
132.45919015169494,30.93003226075514
132.45283450984695,31.351831666297247
131.1606549990312,31.88489694925383
132.25461758852927,29.97379558050955
132.15604223810945,30.161842229913155
132.05746688768966,31.815425389917102
131.95889153726984,31.72009884391193
131.86031618685004,30.368383318689755
131.76174083643022,29.18764048975507
131.66316548601043,29.766200960805683
131.5645901355906,29.938133463970352
131.4660147851708,29.40626780499149
131.367439434751,30.347778033986664
131.2688640843312,31.65503477854129
131.17028873391138,31.33024455675129
133.53503576567496,31.667179649875564
133.49102013255524,32.05821614822962
133.25072560097263,31.841678839584834
135.35493699266615,33.05252975540872
135.21119698582376,31.75036004766484
134.176313264928,31.962204795741712
131.66146346455338,30.83370225644151
132.36929855629242,30.189859061364874
131.23218138543777,32.03885059417121
133.43815555730885,32.999894995367605
134.5242289939007,33.575951815516405
133.5264712462258,33.64803225349524
133.9181965201711,33.96678111999345
132.99272866459475,35.41895336128383
134.451608614189,34.97266706017761
133.73848871325058,34.86098730237308
134.51973216970669,35.538325135692325
138.003921321115,35.720480907739564
136.42829455126008,37.69310776245479
137.02756653686046,37.326526562190416
137.86373457886032,37.61804625780787
137.43436018313213,36.69664866841302
136.33942216004712,35.11225937700627
137.1404182623271,35.11525371223293
138.76998227848455,37.35710673805433
138.82888227340447,37.983850683802714
139.19528970950768,40.13959594685808
138.96833213206517,40.20641479671973
141.10116130336598,40.94185000977836
140.11076723753152,43.65825493129167
140.02321327765813,43.36894999254427
139.58263825019083,43.70812155224051
139.44996332328725,43.7368810394309
139.31728839638367,44.029462036283476
139.1846134694801,42.67394307841125
139.05193854257652,43.273141219416935
138.91926361567295,41.14040666263233
138.78658868876937,41.4190400878448
138.6539137618658,41.644693562447394
138.52123883496222,41.59782876813268
138.38856390805864,41.49206996400393
138.25588898115507,41.640567210792646
138.1232140542515,42.009368308955715
139.97874876808575,42.145231104158796
141.16300815097475,39.83354475744408
142.79045338072123,38.99340098840729
142.5883890824838,41.03263512438707
142.06422565627454,41.228628132244765
142.5804570100805,42.24185263134854
140.0176144907193,43.18197111973197
140.5216895998452,43.62878400304947
140.10406637969677,44.44179049139254
135.13044974248263,44.31915245320603
136.25413295718494,44.958780180287526
137.87472827081186,43.58518370594992
139.42393047529902,42.94349543409475
138.73551068160924,41.52913545796465
137.44439883735333,41.73695707154405
140.74967484411474,42.02219240479555
141.59659622495047,42.42419163897229
143.06835026381881,42.14008679430321
140.95396188483156,43.1988061373839
141.89326551889596,42.89781428919158
141.6590371859173,41.85589015012843
142.06928561927245,42.49246719260724
143.02839372910955,43.7925955736044
142.37229755257007,43.128075164515856
141.71620137603057,43.102173549309995
141.0601051994911,41.874881830099
140.4040090229516,41.384614790493934
139.7479128464121,41.68644290081567
139.09181666987263,41.54110135584916
138.43572049333312,41.15632855692378
137.77962431679364,42.682286406246654
137.12352814025417,42.91094622168957
136.46743196371466,42.878124964972265
135.81133578717518,42.633773918691055
135.203740067102,42.838868322440256
135.48562029573444,42.257532121563166
136.07462761810075,40.96488163684546
136.71827433013146,40.89412444818939
136.73608455662458,41.4893794684413
134.59025101314597,42.24687953236231
133.78929672653862,42.92845552219568
132.38753102775866,42.05525087363303
131.75704888281786,42.87943906025446
133.97495575127374,42.291649245356005
133.233797654315,43.20548767133498
134.02859855464968,42.913766958424944
133.79358677459228,43.77296693774972
133.55857499453492,44.33554065856576
133.32356321447753,42.2839619263832
133.08855143442014,41.316632602226136
132.85353965436275,41.271710559690554
132.61852787430539,41.61678937851602
132.383516094248,41.672406153807444
132.1485043141906,40.735910928825604
131.9134925341332,39.93565480428189
131.67848075407585,40.590779522888745
131.44346897401846,38.017300849381556
130.77492880748102,38.10751788777235
131.32774264965042,38.54009035713632
132.0388203611113,38.66491403947284
133.71158769937657,39.669303224878234
131.92809116572948,40.23960147735456
130.23917362010872,41.453170126922075
130.5124576927407,42.45775458901905
131.29063273403068,40.78970600715873
133.00709067929182,41.04703321876837
130.6810243138056,39.6835206422125
130.52006694273894,38.69956889593057
130.09787270986845,40.01755775833745
130.99693411698956,39.466901470523894
130.97796219999995,39.98317017134621
132.25604312604708,39.66848869225838
131.76124881618134,39.67326398036772
132.51470393781565,39.33213233038628
132.3722445750871,38.568634718527896
132.22978521235854,39.4592750275187
132.08732584963,39.82796981534947
131.94486648690145,38.80014726346997
131.8024071241729,37.68614819246606
131.65994776144433,37.87437173398943
131.51748839871578,38.24386814617545
131.37502903598724,39.14008447873395
131.2325696732587,39.98560821835762
131.09011031053012,38.69923907455016
130.94765094780158,38.63304399372467
129.64115900534884,39.973585831028345
130.27543524331082,40.36027486499354
130.09688336235465,40.113834380439116
128.44755624951694,40.59318396386706
129.4584291110383,41.188578435852754
130.2571592288169,39.81703752960808
130.97845639200617,41.409582673069906
130.1692910497602,40.89802869715856
128.4356190801906,40.810348212806986
128.53523066257688,39.86179893028351
125.42130046164812,42.22408109779088
124.8107651096811,42.471729547792954
124.90385468249322,44.977518505348044
123.01790728518179,45.89713671775051
123.54796457991098,46.8048784298331
125.31963023634634,46.50991690170659
124.73150454184098,46.88686787085855
124.4917277729925,46.06479094043912
123.86978509253743,46.340871307880256
122.45713610413188,47.17633977163813
120.41994708956115,46.56106248481965
117.12555752294864,46.481509174827295
115.4118299117936,46.513421415286665
115.1304725930784,47.1260600579583
114.34462323570841,48.84924635996195
112.91177846254256,47.33774760489114
113.52616995656122,46.95667826749524
108.89566760562248,50.42135832651754
109.84532315992398,49.5045524583478
110.84766377378112,50.7073380501186
108.69335975949777,50.259509352651015
108.834075561863,48.09979871183095
110.62720170009524,47.245905974932
109.85829888206482,46.92832990038929
108.96407661651621,47.92643769732724
110.05234624498907,48.07588955618271
109.91242486948244,47.32476553372064
113.09445212082206,47.10055050311271
111.77443967395479,47.17817149919
111.91114334209286,48.336739869268094
110.90132469456762,47.40208694719869
108.65180370228975,45.947140236939255
108.37336768670662,46.12246188522458
107.6749822415725,46.501284159488264
107.08758872711526,46.58836270906609
106.15383607282251,45.253545823269135
103.67192991911716,44.436271707471484
101.15288269023438,42.73951923721004
102.96198798443383,43.787833241771395
102.55378744924913,43.99422041079127
103.25002011038724,43.90368608477346
100.1184445486467,44.128197784748544
101.72752425122725,44.93841554025066
101.2420882439455,44.05282575619884
101.0301360436715,44.16570673801228
101.21354985433722,45.15485220750965
102.11671692772416,45.318530645745774
103.9231968508642,46.68798064985458
103.667445618247,46.803886400178094
104.33761367443333,48.16379838779446
104.5589172056721,47.29373620893656
103.28654873798737,47.03646339141726
101.04144191545565,45.721599743394016
101.13702832046071,45.19892453978259
101.57538073773884,44.15539445678895
100.79923587014356,43.71024192583772
102.1138191985658,41.75521660738146
105.39963442565657,40.73829356453047
104.63760645684184,40.232827033223195
105.7827564212237,41.166259844618835
104.18386824466114,40.99458588412256
104.96131811951213,40.961520279329775
108.6440912837807,41.85045440813575
108.96155136428199,42.04895264183104
106.38216833891407,41.87269401201145
108.28437015437036,42.12631508695355
107.81325916834962,42.21649590814892
107.46561181245086,41.98971386335294
106.38036125861014,41.83287659876461
106.60120417326199,39.55205616767764
104.49914196340677,40.70724845063097
103.08647436758676,42.206689070387995
103.92547204655085,43.06354740508783
104.90448076093469,43.427517190134076
102.96966232597501,43.76581402073977
101.93476922053053,44.112192391451664
102.16476721199975,45.44225799135389
103.81979739013,45.09656456755601
104.74476315871242,45.98274067927286
103.77559224404835,46.036060590575175
103.6906888737187,46.046179850346086
103.85646936546604,45.915751760291194
104.47650591718673,45.069633020367334
101.42864103464015,44.39734775448995
99.89324969278893,44.79746384707318
100.12429102842343,43.9293888133293
100.35533236405792,43.066690650923135
100.58637369969242,42.401467978799786
100.81741503532692,43.97214946059611
101.04845637096142,42.62733820285051
101.2794977065959,43.71672069927823
101.5105390422304,42.857775174739935
101.7415803778649,41.35815550871113
101.97262171349941,40.09597374779618
102.2036630491339,38.42319822118547
102.4347043847684,39.30468820806901
101.93093618254565,39.37598066423004
102.12105396073319,38.942729340386386
102.14994630901134,39.46076836187847
103.47011430710647,39.592182775226945
102.34419312644737,39.045808639552384
103.81960612405932,38.6615725406526
105.45572849201548,40.656681564615106
105.84523532293832,39.33734188393779
106.12577206947337,40.129976283262955
106.40630881600842,39.34110737371416
106.68684556254345,37.66859622170041
106.9673823090785,37.55610115368781
107.24791905561355,37.89438606532845
107.5284558021486,37.80136962236564
107.80899254868365,36.86711054729628
108.0895292952187,36.661667570090295
108.37006604175373,36.55073659341095
108.65060278828878,36.2350855439011
108.93113953482383,36.44341165535033
110.11451205990588,36.37727833088836
109.48270011504864,37.491285737697694
110.20430627283554,37.09600861071246
112.55254499710315,36.925586831687106
108.19520923331427,36.023318030704615
106.21045844189064,35.32607156933636
106.42597334932937,34.76985716530338
106.6414882567681,34.257394653319885
106.85700316420683,33.31435584552349
107.07251807164556,33.84006681300251
107.28803297908429,34.19073948983715
107.50354788652302,34.24890456611695
107.71906279396175,33.15176609912411
107.93457770140049,33.284483950044816
108.15009260883922,33.96600115958389
108.36560751627795,32.748405043430026
108.58112242371668,33.04821159956847
109.30541525570732,32.2892132320973
111.14685315172903,31.463518219563706
110.57455265799744,31.21285218998393
109.02751011909463,31.15692163908449
109.09539412611556,32.32070428300526
107.90659589364182,32.73862208248459
110.29346814989339,33.635694480548665
109.14222892766783,32.791866336179055
109.87246610559043,32.526107153187404
109.84319415150138,32.18234852607279
109.18814303364842,32.18293809247047
109.26372692099459,30.778448721341462
105.78754634276004,29.404322675197072
104.75624747569815,29.699614815938155
105.11237003898552,30.49999547158954
106.79411867048336,29.340308253406892
107.20405485670219,30.27092941824622
107.61399104292103,30.634321033728703
108.02392722913986,30.85694506379297
108.43386341535869,30.91516160697101
108.84379960157752,31.64285847612866
109.25373578779636,30.95999397473227
109.66367197401519,32.52735356880745
110.07360816023402,33.813482931696
110.48354434645285,32.56985775471864
110.89348053267169,33.122283456478236
111.30341671889052,32.46597356377119
111.6967540536243,32.17076923308396
108.14221637370959,32.11922591374496
105.51679290157438,33.626974350255445
105.68878236658043,32.18839402820258
106.69523261971649,33.31401755539406
109.02839852085866,35.10586516306051
109.23095190263183,34.98740700690316
107.93090276884693,34.19081164319459
107.54907641573224,34.79962603115854
111.20357772701024,34.66603998908743
108.61596978811079,33.86984195033315
108.87190194938223,33.882266698178334
108.18450417745305,33.55380710518878
109.17875104479572,33.02372876449502
111.26933446137663,32.23431971113153
109.19752363654133,33.674028931727875
110.1092273499226,33.594770967015165
108.3544533893768,33.22084577307462
109.7021918754516,31.92015341943032
112.82409292687007,32.76096481562464
113.51122018811193,33.826156495349096
113.00649812395767,33.624417292813725
114.13680773477319,33.072290005038425
112.77347713871238,32.72609553855837
113.40159770044382,31.75641623960703
113.28069743532025,31.558768778396647
112.02990311513263,31.406998795902176
112.6371875206928,31.29288823086948
114.3807493307091,29.618718877392226
114.76130411511045,30.747200167243097
114.81744392457999,30.798463760564395
116.5044926193756,29.897918095582472
114.98204118182845,28.78213359814625
117.08175317839786,29.287455978447035
118.2800671308611,29.407772933818347
118.72651680075965,29.60809953532743
119.06560789824952,29.659143580326052
118.17827791310481,30.42820187351285
116.93572309052485,29.87950446089322
115.23172876940798,30.923139488170868
116.11151016740396,30.220631582618903
117.61262950032895,31.668480984028868
118.50328657945865,33.77090061769436
119.81029452317833,32.54756494784253
117.5068086878398,32.450521034524385
119.92335574404822,32.52094077382124
117.9473742346766,32.088436449873946
118.92142188385651,33.07376593317857
120.11230098780625,33.63794067007018
120.26835227840213,33.81416960415593
120.86784212368336,34.14584467017705
123.01905279463476,34.4793442012437
121.56412033225138,35.96598769468236
120.1542788939232,36.79675492848637
119.50793572048242,36.2394848531529
119.7482769621484,35.76746369677161
118.07345530089296,35.29736631385162
119.58429392951543,37.28756625447705
118.70466171889751,37.683020723266516
121.06890333330617,39.069950159860575
120.12196821891251,39.858233889856706
120.54159297703823,41.999558822491814
120.96121773516396,42.51267297913338
121.38084249328968,44.16741903740115
121.8004672514154,44.81042098223878
122.22009200954112,44.98711436250144
122.63971676766685,45.09900004871164
123.05934152579258,44.41869968365868
123.4789662839183,43.266057405407224
123.89859104204402,43.73183172315977
124.31821580016974,43.788120650405624
124.73784055829546,42.214090395134754
127.2532037581806,41.956529621710935
127.54962976115362,43.09053468935147
127.95458477094304,42.23007830423788
127.63116625328287,41.43049844181388
127.30774773562271,40.564817175535524
126.98432921796254,39.88407231397863
126.66091070030238,39.662930971926315
126.33749218264221,39.52256204278076
126.01407366498205,40.44008471426839
125.69065514732188,38.86621586860309
125.36723662966172,39.72742092847186
125.04381811200155,40.31205396981996
124.72039959434139,41.659517721135934
124.39698107668121,40.63602204453095
124.96154442357013,41.79302154431608
124.24611710198307,40.60709034495359
122.12834127659023,41.13489392813052
122.41552666343125,41.59422612470719
121.51510433460929,41.12347714742507
120.61468200578733,40.62175619131628
119.71425967696537,40.684224502741934
118.81383734814341,41.091206615931476
117.91341501932146,38.961104576988305
117.0129926904995,37.64811461795592
116.11257036167754,38.62787220889671
115.21214803285558,38.53405515149069
114.31172570403362,37.830803267140965
113.41130337521166,37.664035553899666
112.5108810463897,39.27542674013183
112.47171506857175,37.79033690052721
112.96542221890068,38.535087821017505
114.05135326023027,40.78185728255413
113.65135328398095,40.8369279435489
113.25135330773165,40.12025985455392
112.85135333148233,39.95501364779512
112.45135335523302,39.910160355068506
112.0513533789837,39.229387439404704
111.6513534027344,40.010419707462255
111.25135342648508,38.64935888884771
110.85135345023578,37.71694588149887
110.45135347398646,36.605014003156256
110.05135349773715,35.392990257719454
109.65135352148783,34.322090160684645
111.47902651368058,32.86550572808536
112.16519879679977,31.965363190737204
110.47305683389351,31.82864914028515
111.01274547312623,31.357073249098402
109.33804393447903,31.29182129549994
109.13530776369885,29.188256401075005
107.14997340669446,29.375812763355288
106.01907110039504,31.709365190428052
105.87658438571091,31.91743692186811
106.05512640208111,31.427855333056293
108.47002029931298,30.841652730719293
109.11410957430287,30.716039562119406
111.33790775053791,30.06211606774432
110.21792783913409,30.534696589405307
109.50903858054382,31.85786161920102
108.45320712116924,31.341637547736898
109.78949914770784,31.51856807103461
108.91816835863588,31.35449116680286
109.13121084794922,32.42340042882848
108.30493382951654,33.25884980091745
106.6713493036845,34.122690474955924
105.86076184537033,33.48050569938183
103.70438556661811,33.66316221459871
103.90588511365345,34.10350651926399
103.11755769835398,32.74097479669032
103.00530284465778,32.09034539828529
102.89304799096158,33.14543823725707
102.78079313726536,32.8700221140914
102.66853828356916,33.2857030718016
102.55628342987296,34.144685944098015
102.44402857617676,33.08341541265811
102.33177372248056,33.99416482459557
102.21951886878436,33.74187028617304
102.10726401508815,33.52042811888191
101.99500916139195,33.798395517172786
101.88275430769575,33.264350449909244
102.16065499294179,32.43954934175637
102.04988613438938,33.14622990236827
100.57924746523601,34.17703897159806
98.79108545748979,32.418255149667885
97.64856001334002,32.02495328892948
98.19021777443281,32.28786790534575
97.42864972194641,31.947727643447607
96.49136837040373,33.450594666392334
95.7305669634827,33.530807678220036
94.87782898507588,32.996267565896936
93.54649234361281,33.531807190968316
92.16119966247058,34.572497542047536
92.60872011937248,34.49349500530377
91.00368916058181,33.22107948153324
88.3064498425318,33.680600610262644
88.33828073721787,34.092421637847245
86.10316689677458,34.907936266876185
85.11506884080121,34.916183526919184
85.76643820222519,33.993525501476974
87.09201258457743,34.21411521446855
89.88944401076606,34.11097691113512
89.31401962830745,33.94533382541827
88.73859524584884,34.081913969912875
88.16317086339025,34.113233541914155
87.58774648093164,34.7859761808544
87.01232209847304,35.64177993165455
86.43689771601443,34.69243666399076
85.86147333355582,35.871640105730094
85.28604895109721,34.67223867617447
84.71062456863862,33.946613044376036
84.13520018618001,33.628467648490705
83.55977580372141,33.00792399243243
84.35324610897321,33.16446903883825
82.51034210627144,32.99420173425891
82.58849389686034,33.96674791967434
82.54953392027682,34.40958226324076
83.56041334008926,32.39664673042079
83.082561548976,32.59717297191706
83.13589619954095,32.26953503533951
83.33059548653222,32.08766937709962
83.52529477352348,31.701465974179776
83.71999406051476,30.867849705556697
83.91469334750603,31.325998102882572
84.1093926344973,30.243760900443927
84.30409192148856,29.15353820388515
84.49879120847983,29.174481315489064
84.6934904954711,28.95979695935294
84.88818978246238,28.346604622728318
85.08288906945364,28.14030149928978
85.27758835644491,28.177500814758936
85.7685024453186,28.270041838702376
86.46372114275755,28.372494245325015
87.18211655406962,27.45488939001035
87.45368479374179,27.37861238627715
88.71477392047329,27.7284726268921
89.93679597711397,26.85227723295572
90.84091970439401,27.833178391578638
89.78565315699983,28.56826572488784
89.20525033026539,28.103021863685413
89.33471443406529,28.838481060800866
89.38818130697713,28.838592933090645
89.44164817988897,29.17472093576146
89.49511505280083,28.68637321255642
89.54858192571267,28.595310339264856
89.60204879862451,28.99135411799387
89.65551567153635,28.85240572769697
89.70898254444819,29.31688229703065
89.76244941736003,30.68391345776616
89.81591629027189,31.58976527404166
89.86938316318373,31.979971002326263
89.92285003609557,31.941573168444222
87.93283995461502,32.40171870004819
88.53132229698384,33.04698373444506
89.82480376106533,33.513280760615274
87.91968878120325,34.681784173984326
88.02361831974089,34.77865297038007
86.79230430240725,36.17204827164616
85.45913645651093,36.614570114263834
84.79049439842478,37.316793675519236
81.66252884611355,37.54740526323295
81.72592920531494,38.94083023445179
79.48813762943927,39.433294958851164
80.41295837550689,39.2037800191492
80.10286975159525,40.23570626603056
81.83145181174882,39.97556999058573
81.78015311515321,40.86401840123121
81.72885441855762,40.69796501713917
81.67755572196201,41.67079149925926
81.6262570253664,40.95200755751005
81.57495832877079,40.06159589268644
81.5236596321752,39.174085243986184
81.47236093557959,38.646630743426456
81.42106223898398,40.04513194738848
81.36976354238837,39.80922915266805
81.31846484579278,39.38152869968199
81.26716614919717,39.53602886864789
82.33205803870223,40.12541532954852
82.32540883547982,39.00196364130958
83.89837192595867,38.6481138094377
85.15701029255509,39.127450567612925
87.19338114709988,39.177940287918666
87.05208536083487,37.885943920484785
88.71188629519872,38.20293585331097
90.36116084773668,35.84506635211765
90.9625659392283,36.11992521017982
89.13336700918542,36.00925897260999
89.03606415591759,35.74806343449133
86.864579898269,36.16754003208935
87.6031760150506,36.86080577671137
90.03146224436752,37.017297689398596
89.25966496937083,36.88244065605579
88.48107760494624,37.42711508774378
88.54684142400077,37.422266984060215
89.96535218201002,38.38939320311065
86.58497431561133,38.3364428274326
88.35743084150235,39.44211397535987
88.68041298749296,39.04550970163273
91.13525878819063,38.97595921081333
92.36818107214269,38.26535777665132
91.14400284694666,37.230147861674574
91.34984275608299,36.93409362988639
91.56087751558373,38.450329964387336
92.45851530047437,37.31358686947248
93.42258124900437,37.500753146966275
93.90184108232214,38.190824453339026
92.33081248817679,37.07834992970833
91.96412071992135,37.732833758097215
92.02502342960068,37.15346778417617
92.08592613928002,37.31672894222366
92.14682884895934,36.53249156011466
92.20773155863867,34.745296882076076
92.268634268318,35.8398475626534
92.32953697799734,35.009926096659576
92.39043968767666,34.49819894370731
92.45134239735599,32.123403453397145
92.51224510703531,32.45966320123994
92.57314781671465,31.85874517904979
92.63405052639398,30.538501918442087
91.17129165670288,32.118299377362206
92.38207697212107,32.71109977226895
93.0189339459654,32.11211433197985
89.83972229117126,31.352778689986334
90.88080911661216,30.77559216424875
90.25423862743517,30.62561810124682
87.45809814882813,31.661233393597172
87.97765311719809,34.292043855702246
87.0096828431773,36.20450432359305
86.3627376711265,36.570423310337915
87.24861679820921,36.08894208163544
89.02524303826931,38.167897581789525
87.86613934995208,37.43507398121923
89.64000577093908,39.16569081133288
88.83684747190746,39.52019791752022
87.4722179509429,39.26715771051059
87.98510815643085,38.2261395195781
90.65939775844586,37.003942979986086
90.90989504780946,38.05806381720249
91.72977874968707,36.83224702762456
93.20909673687395,37.10319109365248
93.29114355848677,36.573530837189246
93.37319038009959,36.87968118666598
93.45523720171241,36.54588875892954
93.53728402332523,37.20359700629442
93.61933084493805,37.353419428178526
93.70137766655085,36.876768481776686
93.78342448816367,36.634413079746736
93.8654713097765,36.12832563225665
93.94751813138932,34.89857850018851
94.02956495300214,34.09387769368062
94.11161177461496,33.51456271932882
94.97915981186668,33.95141471690618
95.13555222338582,34.54616246845171
95.29194463490497,34.32248444544786
95.4483370464241,34.6019247892519
95.60472945794324,35.00320611782072
95.76112186946237,35.32741845593223
95.91751428098152,37.487755048853
96.07390669250066,37.22013741212899
96.23029910401979,36.53943794983271
96.38669151553893,36.92216942785788
96.54308392705808,36.87149076859285
96.69947633857721,37.59405737949964
97.61440829779332,38.55183168588337
97.18512962023165,39.34609298552531
96.26216980257726,39.29571567602055
96.28689736682693,38.62621802960012
98.10830734330273,39.96377149100573
96.34610828040663,39.10287183022939
95.21898511889772,39.362831072665216
94.42712756401528,39.845802878942905
92.18326211107797,40.03500445025559
92.30926557033654,39.3450106892679
92.49724493052453,39.06208890376859
91.9093969526082,39.50360948511225
91.83554131234784,38.97381685937837
91.76168567208748,37.41026798442293
91.68783003182712,37.19542879624716
91.61397439156676,37.04544018323492
91.5401187513064,38.401575851734044
91.46626311104605,37.586452943967934
91.39240747078568,37.24713005065914
91.31855183052532,36.57925298083643
91.24469619026496,36.93057969517693
91.1708405500046,36.69529324192184
91.09698490974424,36.00572006422812
91.52906928155576,35.92991323567492
91.46477552768698,34.79125442817533
90.8993214511456,34.1597055071231
89.71390392110739,34.766579036724224
89.39228311019403,35.241985271234405
88.47488009773106,34.873603550958244
86.81486286993614,35.81513301270152
86.38458959410521,36.2905259812932
82.02508538327558,36.73036279230593
82.08861313968625,37.35056821166451
82.05332163241334,36.93143093209886
84.88937248143209,37.25145011243892
85.55766253834986,37.687361612033
84.35324391309065,39.4038618267651
82.93411335501365,40.840551494917285
83.00825781043763,41.15990473261849
84.36956859847226,40.77540300640225
83.42916465703894,41.38264915567384
82.32578963414788,42.60264466848218
82.30746858667567,43.1418184817464
83.38467756146385,42.42638234297743
83.77419515529552,41.19706235743229
82.97161529200311,40.040458101379215
85.41722559929009,39.38657492221198
86.14145227936002,38.34121507544505
86.19307036506311,37.47742708883293
84.59548462302949,37.33146620169585
86.0868642077303,37.425969824883396
84.44891000584187,36.85615036066295
84.08958362145222,37.65363260952553
85.86646121336564,38.55839855980303
85.18642456557122,38.99288293873999
84.84110654890128,39.54506991078341
87.81766946433684,40.624058993670296
87.80472311500802,41.82653982088285
85.93082127362693,40.78274702818428
84.89806559575942,41.95404000059619
87.16222138157863,42.60970220034001
88.2817779990921,39.6245212342775
87.26931366397129,39.5595969653572
85.65388103699703,38.49959736738124
84.39821987885712,39.11241124448191
82.15829696994808,37.70178587874529
81.74523645176836,37.635708123682406
81.48390359527457,38.35681258078126
81.35978462591969,38.133960789557364
81.71005085262111,37.44543830519358
82.06031707932252,37.205238231928746
82.41058330602394,37.00649322728538
82.76084953272535,36.6773116376491
83.11111575942677,35.92750015639035
83.46138198612817,35.98590674019441
83.8116482128296,36.34084499181184
84.161914439531,36.6858794075719
84.51218066623242,36.854943940829884
84.86244689293383,36.855711581455616
85.21271311963525,37.33170672663707
84.22443738989125,37.52407920509962
83.06535085704795,38.47316666045179
82.03365921184793,39.625154053865295
79.73689723595743,39.311896434435276
79.05351218088352,37.6984156807556
80.1769351540041,36.95085646336839
78.81021577289376,36.66803353611975
78.65857666796495,37.37510899673358
78.60291092448938,36.4426334311083
78.59805195241672,36.71692340519395
77.8271129832124,36.40937372889089
78.77631050668221,36.101532233344905
79.45828227329288,36.70298938152025
78.86003509860585,37.953373896020125
80.20042858659619,38.12672969875275
82.92922555219883,37.60780431635368
85.8336664417337,37.96072965062338
85.33594941266361,38.18690436832584
87.90631737608344,36.812396398320885
88.56108810730757,36.58701662968736
88.0100945664818,36.27224818225538
88.40991615087295,36.55405866018891
88.69201910836992,37.32242032734305
89.7127813764992,37.75377669778135
88.19678565195758,37.61738343763298
86.56246760002531,36.49145228304007
84.43092912016323,35.95951236371042
85.99561024369933,36.52945266371679
83.64646746939066,38.058976643783886
83.97325316647861,38.83928828913454
84.30003886356658,38.925933683101086
84.62682456065454,38.1352190587957
84.95361025774251,37.545350955465494
85.28039595483047,38.14195760074903
85.60718165191844,40.08132867180158
85.9339673490064,39.93484967136015
86.26075304609437,40.56876029632476
86.58753874318232,41.079340323402974
86.91432444027029,41.17718260626136
87.24111013735825,41.98040008859665
85.1619376869209,43.753058029387404
85.37375866136875,43.61508729256262
84.13427815910292,42.73977248181068
83.0034677127849,42.78628951997713
83.97845703285253,43.78107852400259
82.53494777753177,45.000710654345454
84.21282307243246,46.109936388404094
83.31501446510649,46.405738583085316
85.29952198776093,47.16946496491999
86.22964504701781,47.48144027024307
86.51995806113639,47.67089780622186
86.43312143195047,51.8202390736751
84.0563217940196,51.290373359364324
82.54981847632004,51.53931875257519
82.78129080772963,52.444334204242885
83.35688076389876,54.46205687286426
84.13018802495318,55.119334843272945
84.5946731622538,55.18794036036481
84.85356016281222,54.500604857440884
85.12477992768046,54.92913222897148
86.18136076079516,56.25894297374162
84.55429822909159,55.29736458641792
84.13250320740185,55.981302490222845
84.21454425105819,55.59067100860517
84.02670873931449,54.856589682362596
83.8388732275708,55.43053428469473
83.6510377158271,56.09258085180145
83.46320220408342,56.857970759940564
83.27536669233972,57.20059587040013
83.08753118059603,59.303621441453195
82.89969566885233,59.848924525301015
82.71186015710865,59.01487559748755
82.52402464536495,60.17683115437601
82.33618913362126,61.44654401528639
82.14835362187756,60.83741439622683
79.51205946002895,62.11898063756086
79.51443404788425,61.5951321673587
80.73771366234821,61.2748942122585
80.7493804858432,61.54451928291535
82.23540408594035,61.93034740594378
83.56562691244326,61.17757878258664
82.72682907184767,61.77743313994104
84.04718936869547,61.085993329543484
84.80488755616256,60.74927725713159
86.93805141127324,62.10419203787224
87.95307336149475,61.692128303594984
87.02698348378269,60.22904045440424
86.34178067262002,61.0646951907584
85.59453195664169,60.28780070807342
86.00099811547669,60.92287235198698
85.78064835533685,61.171535374091995
85.41061193727353,61.51778183670018
85.38707599191417,61.251333554535705
85.90093692231859,61.54452888055685
82.75541325084203,60.72981294407589
85.95887130559983,60.46155074366043
86.91891777796418,60.55081149329494
87.33072804675929,60.66477927497925
85.38229583708008,60.76815094947404
87.49735273412062,60.93221671135347
87.41293122712896,61.22245387174573
85.2531735741155,61.25424641055768
83.66275237208666,61.2514587741229
82.76242236296402,61.32486372966269
81.29995674371682,61.98519497091956
81.66647140345167,62.99650012135683
83.62826035082551,62.88482268192922
82.02492403165836,63.41481371182733
82.06503673489205,64.28194290354608
80.70914120860544,64.5438246206609
82.53864562717993,64.9481768235781
82.56300902269271,65.35677564453191
82.5873724182055,64.52081288044005
82.61173581371828,63.631762717213824
82.63609920923108,64.72773331707641
82.66046260474386,64.50731706608991
82.68482600025665,64.09616340814495
82.70918939576943,65.00435781641491
82.73355279128222,65.62117877657046
82.757916186795,64.95154311271286
82.7822795823078,64.85898004291738
82.80664297782057,64.2587481185413
83.67266578474545,64.72430245556608
86.57318709163518,64.48625159250412
86.87984789547505,65.11789240748661
87.37342204884398,65.37790432885217
86.65494510441579,65.66919978683676
85.24804522870677,66.48441213911273
87.55553680807263,66.12186420627354
87.1500226961022,66.29388210509609
85.04760957986916,64.7605743298752
83.67411193424354,66.00288013323903
83.10911367321681,65.21164574581259
83.55389263489961,63.88699137842785
82.1019674411501,62.655091947577766
82.52206060155147,62.544406312166494
81.96832639385873,62.401364857207064
81.414592186166,62.25275588736349
80.86085797847326,61.633865885921544
80.30712377078054,62.19079723590513
79.7533895630878,60.999967033359184
79.19965535539507,61.89005050997339
78.64592114770232,60.68891309177177
78.0921869400096,60.546381129623555
77.53845273231686,59.595317185929524
76.98471852462413,59.38749509929967
76.43098431693139,59.71185142246947
74.9005549322662,59.10260957419788
71.26816997009846,59.09004534236243
72.39697667160432,58.99203514658795
74.000259518483,58.0472702868893
71.91422238877806,57.18134042015498
71.74435128321515,58.05373482492321
70.20895743766286,59.40639690303572
69.91543635468173,59.50426254363939
69.5449606077392,59.26722467644457
71.93873804193944,59.08542323143062
71.4007462910426,59.626990112407704
70.86275454014576,59.7534511990805
70.32476278924891,60.97936067933186
69.78677103835207,61.73783456252514
69.24877928745522,61.907969795273104
68.71078753655839,61.2741768446384
68.17279578566153,60.77582082618367
67.6348040347647,61.75929080546331
67.09681228386785,62.14017988737986
66.558820532971,62.44708194103227
66.02082878207416,62.836389140131736
66.80071277834485,63.465584833373015
67.87262250188594,64.53693468603906
66.99235479338512,65.4869633304535
67.51905077601492,65.23430747960288
67.8543108044734,66.38673424133157
68.37788791472259,67.78704741144486
68.06642451644291,69.05712177086819
66.93805408512829,69.50512592848409
66.12159575183443,70.28416769922606
67.08989868609616,70.24666758505207
67.02463998088295,70.4602547915338
68.32513552308309,71.01503098435826
65.39087919154464,71.09799225586586
65.62117877657046,70.76954472027445
64.1592000751988,72.4019456204495
64.98643769060422,72.37644274041195
64.93072505229601,72.56555143477429
65.18388110175889,73.12064338910982
65.09582369825468,72.89529639997514
65.37754943702086,74.67914390543004
66.7499850310546,74.30904195953984
67.76807410004757,74.67037588954152
67.80638852643102,76.86769338305201
70.21031753597757,77.44099248978466
71.12600901355637,78.1788600571725
72.25756110074438,78.17102662755218
72.52694651136285,78.03207044174196
72.79633192198132,78.16858329596778
73.06571733259979,76.97641455497465
73.33510274321826,75.3277386193832
73.60448815383673,74.0721964852778
73.87387356445518,73.37888590699681
74.14325897507365,72.68242947945156
74.41264438569212,73.27752323636084
74.68202979631059,73.05327668037273
74.95141520692906,73.83106489161455
75.22080061754752,75.167900983926
72.51741439768516,75.20302222311656
74.41964230669471,74.40032506700916
72.79937023178208,74.18196919095764
73.08999199698698,72.9326449256607
74.10059531979766,74.34276956101074
72.11487761444556,74.46385630901825
72.09819622721176,73.67845430433383
72.1696563585062,76.1047262429626
73.03124593817975,74.88640155995667
73.9531357464198,73.38779898461254
75.62575766208704,74.32132596418685
74.12718092920122,76.62174347027371
74.4569091213174,76.3590486229924
77.08060812462892,73.60869287533266
75.19851842565728,74.14325897507365
78.26724171880575,74.4975457827039
79.88823400350573,73.98479501967415
78.2027130617782,72.56994649317016
78.83762400313827,71.21963374699236
80.09356078093053,72.44310304023139
79.05279124791383,72.86769211576484
78.246858053662,71.82112561552067
77.26605437085782,72.0691441152992
76.81397497653106,72.57259998249936
75.74165610476827,71.97946070062359
77.55392120105132,73.8021001921932
76.61714767619254,72.46712831286726
77.52117159191924,71.88281399830973
77.54543618717338,73.08999199698698
80.05054233173556,71.95977462246877
82.69355564826078,72.12926926324151
80.93104031248198,71.36830802659803
83.3865495652104,71.28199734434095
82.17456903725017,70.1425651706401
83.71851428405198,69.7010653862947
84.27176971046777,70.28037435129082
85.18646631577062,71.3467858798416
83.25816223550578,71.07778252667288
83.46520266781032,70.80358328040843
85.24453670132915,71.01368515700366
88.34295216311557,71.73798306288148
86.61813850129708,72.1916040509565
86.87431543808853,72.52694651136285
87.43185209312648,71.18002089175276
88.51697510569643,71.15328590994174
87.79511771069608,71.7545187877379
88.04352248485613,71.35900694678583
89.62969682142149,72.37853572424766
89.43122920543502,71.5159547857562
90.16662752129568,72.1712395490636
90.05742799689388,72.26846414486994
89.04810442039489,71.24716440852211
87.52066859078425,71.31663186954961
88.92984345970042,71.28929226668882
86.10003870965681,71.38775825153662
85.88978777168462,71.5535697537527
84.00500885529183,72.42234740901128
82.15970137252849,72.9933652727825
85.55474124382417,73.29024145412897
85.3856723799577,73.68461987421766
85.37556736062692,72.34522602228932
87.3772272200809,72.56258035628643
88.79327933230789,72.57420182571356
89.52672855134878,72.96833359087377
90.48125335077013,73.14300742034159
89.33987143913922,71.40856192590189
88.46982443085847,71.30828226015814
86.10622411900904,72.25756110074438
86.367525689908,72.45648089189109
85.0419029469684,72.1601063350451
84.44452691640215,72.0747339917999
85.72467898901799,70.94253993863673
86.2627685066571,70.53803454042429
86.73578751911846,71.26816997009846
85.3095176991846,70.84387059102802
83.43078156673312,70.64538157941256
81.86481789331151,70.46331547949254
81.94426096304926,70.49019103817392
82.023704032787,68.05435852114346
82.10314710252474,67.79011757667656
82.18259017226248,67.31531801495144
82.26203324200023,66.83946944876047
82.34147631173796,67.7711817568737
82.42091938147571,66.80071277834485
82.50036245121345,65.70420171810981
82.5798055209512,66.72435524782755
82.65924859068893,66.11571464007454
82.73869166042668,66.12891783620863
81.58502931786391,65.39087919154464
81.02305678342692,66.49189701041685
79.71454397721887,66.49023444113811
79.03737973965458,65.3632492053233
79.6334794271198,64.79420174655343
79.77690117020803,65.27822281643049
80.23927757295657,65.14049045402888
80.70165397570511,65.46861973396517
81.16403037845365,64.98643769060422
81.62640678120218,64.20423591236137
82.08878318395071,64.39263624168984
82.55115958669926,63.680799968568024
83.01353598944779,63.11052837773254
83.47591239219632,63.06032448297646
83.93828879494485,62.19662569719339
84.4006651976934,61.75968792105196
84.86304160044193,61.78516655837364
87.45931416343456,62.4916503633577
87.95112061840102,63.00358008433569
86.63953565645353,62.72424466330663
85.97769663928287,63.37174763787859
88.57638632997859,62.8711165717584
86.44134757194043,62.756042249424304
87.63417584556525,63.42044241621904
87.574959405261,62.70191270392011
87.56505531862167,63.333431908831166
87.50676852483151,62.821178876617374
87.50262120791069,62.66146583456887
89.31221126749918,62.97202751614118
90.63655766232954,63.963591668206085
91.53240335894431,64.29640557190459
90.68580631928516,62.72055080758758
91.5655638896402,63.34371663588427
91.51315671184005,63.39640027990379
92.73640329281616,62.944586867654294
94.84708221554999,62.55148829231139
94.0876948690685,61.972921510790414
94.0410433018866,62.8217844984462
94.12033962497839,63.06956595793296
93.38030633080498,62.3120737956581
96.1087847972847,63.125862024078835
95.08440190070613,63.31180872292838
95.98416523066219,63.47767515599171
98.28215504843061,63.307912876847105
97.4679479600994,64.1783014384548
96.97284442238933,63.50220731126918
94.65048520512596,64.79461303248047
94.08241874859364,66.14283212704383
92.30164322214448,67.3104877504245
93.77750568264017,67.99572333195084
93.17941741594132,68.88138507004456
92.58132914924248,69.13396950211035
91.98324088254363,68.25408804826615
91.38515261584479,69.33074198084599
90.78706434914594,70.23503211559144
90.18897608244708,68.73314380724912
89.59088781574825,70.00507668510922
88.9927995490494,70.32476278924891
88.39471128235054,69.86532175082336
87.7966230156517,71.13550593973243
87.19853474895285,71.76307087264927
86.60044648225401,72.64336704315237
86.00235821555516,71.23348081017404
85.40426994885631,71.72409198841395
84.80618168215747,71.86476225960536
84.20809341545862,71.3881138773845
83.61000514875977,70.78132463636464
83.01191688206093,70.74232931559618
82.41382861536208,71.85930767909477
81.81574034866324,73.1781075849856
81.21765208196439,73.2778012297425
81.23968962265045,73.98201227558768
80.07986031731602,74.10059531979766
81.99538713021016,73.42136119105089
82.57981834338236,73.08433204654659
85.27376060556095,73.68676701713714
81.61260501507171,74.64233550143231
79.4621994744513,74.05025254824046
77.35236939936821,73.87387356445518
79.13316160172371,73.28812175116762
78.79623130626267,72.03407402551044
80.16277200822407,71.55182121245197
79.46064936455645,71.48908966147631
78.09223636927732,71.71807988369936
75.97420895847716,72.24023291037388
75.789381534155,73.14300197422166
72.42234740901128,72.91000129873615
72.62129340787763,72.76824656915012
74.14761364253411,73.65023753874961
75.20692805865855,74.15094218001558
77.20473878744109,74.35624117051663
74.58346810253245,74.85951975763206
77.16036005619608,74.3083382766769
77.93127461009418,74.57657277649854
78.04148069957944,74.79494132208528
78.03207044174196,75.46759176395956
76.75371584581481,75.80426236988905
76.45041648545975,75.59222563914653
75.08827595080149,75.85152134644197
77.76360912638074,77.20473878744109
80.38061745507972,78.04148069957944
80.61855251245795,77.23603197781397
81.20203016719734,76.81028253920118
81.93811356407002,76.52621150893566
80.15778184383282,77.41531028261294
81.21928638682367,78.80578930596333
80.17201173358261,77.51132969403666
81.04693469281756,77.78190641403613
82.24015783224547,77.50717749599826
83.25161156504171,78.03096925898946
80.87664158094616,78.0532163619126
80.90928930158029,77.88498290317123
80.94193702221443,77.54652607395477
80.97458474284856,77.16313125271944
81.0072324634827,77.53845273231686
81.03988018411683,78.13930528320104
81.07252790475097,78.67891893352262
81.1051756253851,78.77631050668221
81.13782334601923,79.69033867754824
81.17047106665336,79.110985223331
81.20311878728751,80.26130676393771
81.23576650792164,80.91745412046389
81.57430484630804,80.41196926332115
84.59067777372769,80.2311256390855
84.06101159896113,81.63182189910496
82.94552865930993,81.1992527153687
79.69417212556296,81.09019994624366
78.83460988250354,81.27029443960289
77.8236006913779,82.426378709443
77.61397023898138,82.24015783224547
77.40433978658486,80.93104031248198
77.19470933418833,80.59838273745862
76.98507888179181,80.4746795184187
76.77544842939528,80.77137173989719
76.56581797699876,80.8085468561725
76.35618752460223,80.27626247457813
76.14655707220571,79.90624707309851
75.93692661980919,79.27825173200144
75.72729616741266,79.16972401819604
75.51766571501614,78.38970912946463
75.30803526261961,79.73689723595743
75.09840481022309,80.00603802360375
74.88877435782656,80.23238514701218
74.67914390543004,81.96832639385873
74.46951345303351,82.30746858667567
74.25988300063699,80.77710809490159
74.05025254824046,80.83356078221969
73.84062209584394,81.18568993120286
73.63099164344742,80.72863918131615
73.42136119105089,80.73777290014144
71.97946070062359,80.68380398755363
73.84694775437578,81.59791202833904
75.4779589234917,81.17047106665336
73.98201227558768,80.82716897364473
75.53203322469075,80.2654395038719
74.73755497846368,78.66337189748965
74.64233550143231,79.51443404788425
75.70322049692392,78.24795730472947
75.28316133480945,75.97289168779781
76.35974603609613,74.2645900126299
74.67037588954152,73.74367715590628
74.90495066101772,74.78214692295761
72.62008670621589,73.72855507520012
72.56555143477429,74.06882068482501
72.51101616333268,74.32847058446845
72.45648089189109,73.84021304642704
72.4019456204495,74.14761364253411
72.3474103490079,74.40874457542196
72.2928750775663,74.09046932640416
72.2383398061247,73.52418071257777
72.1838045346831,72.44154719015118
72.12926926324151,73.11625151376602
72.0747339917999,71.41762433825838
72.02019872035831,70.2883117622482
75.00501036876842,69.78581386608751
75.64267936560594,69.794000036767
77.10444931825336,70.63728734397912
77.74753034271308,69.92391390433754
77.9102236624305,69.93542550550008
77.99994645684579,69.78677103835207
77.92393673498866,68.07801185745444
78.81933585217617,68.47846074439784
78.80578930596333,67.65704285028264
78.57232089933976,67.20353271815539
77.05195559344801,67.6751313815302
80.56520657614656,66.61512596536384
82.41512668499233,66.35698040387312
81.95308956681974,66.70803975319699
82.40867019166869,67.08802345987735
82.31707615165976,67.05965509952279
83.53866607938716,66.46295277732261
83.70588936394073,67.32849481479582
84.17686688241518,67.53169684296957
83.31182650215219,66.52099444942074
81.84883590721388,66.83202590580709
80.57458418706234,67.39981694121055
79.00084291293716,66.09199006033566
77.08622104753776,65.72243768535296
77.64531516238787,65.0858399193155
75.15256276291564,65.63213992548367
75.92176456185075,65.760368227948
75.79308321300915,66.59694985365391
75.64050265441364,65.7859143018298
73.18199542589917,65.37765491973319
73.15305650168011,65.22069148539495
72.98265153455543,63.4175903348277
73.18132946110008,63.72859241805508
69.28613277667343,64.1592000751988
68.0860347219815,64.39921186995097
70.64538157941256,63.60428788453493
69.26841197571302,63.480567214801425
69.35270715623464,63.55712079457655
69.62978644156136,63.38219329028603
69.06634992554083,62.31545435417955
69.01172158698294,62.76680328516209
70.8596512564371,62.26449331678525
70.76954472027445,61.73734043804826
73.38779898461254,61.64368797737481
73.83106489161455,61.210187559311265
75.50115681103367,60.2398453585424
77.32877665373391,59.509159211154035
78.00830267652861,59.903931627355824
79.23460347114535,59.61996184307233
78.5583833841533,59.58267766404326
78.45549281938757,59.35636560443681
78.82140475028108,59.63339892972141
78.49578000873166,59.49853656083336
80.04530149163124,59.690550407555314
79.92947363530084,59.51638428348654
81.3284447234691,58.541600962897604
80.55731678971065,58.53578862165055
79.9189924059932,60.078845716443894
80.37076830645483,59.81771867871998
80.32571719799569,59.2745759969795
81.30541748823725,60.07931679264814
79.89408049102764,59.93523918605834
76.32243080655827,59.14339737428105
78.16616568319014,59.05784307045143
78.38060052924644,58.05830163785209
76.83961035258092,58.023084986183
74.33502994315171,57.54782936974741
76.42170073141618,56.97763722807712
77.54652607395477,56.89911354121195
77.21815290391271,56.63617518465676
77.2738628003807,57.46609451064733
77.32957269684869,57.98357601470362
77.38528259331667,58.71130803097016
77.44099248978466,58.041806967185714
77.49670238625265,58.791283271914104
77.55241228272062,59.11261822181264
77.60812217918861,58.233066526957934
77.6638320756566,58.05071631769469
77.71954197212459,59.52391741037408
77.77525186859258,59.74251733663062
77.83096176506056,59.93400784885189
76.36194174809658,59.196349437502846
75.21726005570277,59.51304162151837
75.90083694344767,58.84824954371352
76.73441849055838,57.517563728471174
75.97218295736663,57.19253756166593
72.83381255347757,57.18571592579997
73.78180944976091,58.50529610355109
75.0909063570521,58.79822367403295
74.6244583261968,59.152967535925285
74.04713149302296,59.197165717268014
74.23121066142969,58.99271762301434
74.12542636958369,59.088028959816384
73.39903382064145,58.72192090452679
70.91273221331974,58.63130832583417
70.08168985874738,57.469447860036716
71.78822174783852,57.07990435358153
70.89600395136303,56.78208710290936
70.1288596481668,57.14333376707239
69.56641175106519,55.85521658430534
69.49037231106564,56.08908670133684
70.72629585947652,56.766514004416884
71.73798306288148,54.66149480719084
71.58022792735078,54.805110733051464
72.75805654853126,55.17516931633137
71.67254284709675,54.81404406304481
72.12794778239116,56.312557262912186
72.57420182571356,55.832648539246115
76.06988363258701,56.76608106363569
76.70537724540512,56.86932943690288
75.80426236988905,56.75321192668666
76.51977671768593,56.76721307150568
75.92147975082841,56.55539078075665
78.90111087593786,56.870043790934616
78.5378469522052,58.13313001904822
77.52930919538245,57.19489994204494
78.79901727994368,56.997598454078336
77.7757488296669,57.253790178846195
78.48927740348259,57.481194359409244
79.2028059772983,57.554657063844765
79.91633455111399,57.488190300229085
80.62986312492968,57.81554924254819
81.34339169874539,57.21075782380592
82.05692027256109,57.440227016645466
82.7704488463768,57.03129437487845
83.48397742019249,56.267154280068695
84.19750599400818,55.47976750209178
84.91103456782389,56.026561343927966
85.62456314163958,55.79535250820008
84.04319043768578,53.943805791103195
84.03569715515593,53.499709639890746
85.6764991911398,53.232441021881506
86.74007620007974,54.24884389684426
85.92907454696137,53.58293357236019
88.73581249645858,52.05214287211387
86.15076468719876,49.92662551326084
88.79176643796333,49.98384642984655
88.2584165846102,49.06829021867827
87.5634174114672,47.737780175152686
87.88860544626608,46.55475850117808
87.78781944513194,46.388931609696435
89.36037749622498,45.83985410761041
88.49665882161942,45.14229200108626
87.0929817783434,46.09951284969249
86.45992755252838,44.89760804692332
85.82687332671337,45.1139757317381
85.19381910089835,44.61128926116689
84.56076487508334,43.278484212645466
83.92771064926832,42.970095084633726
83.29465642345332,40.95227670457465
82.6616021976383,40.63336656442131
82.02854797182329,40.70147565513735
81.39549374600827,40.28550606131273
80.76243952019325,39.95611294379936
80.12938529437824,40.69625537854415
79.36257892097709,40.22109482580643
80.65995151142134,40.25440498568811
80.47049238778108,40.81857353585034
80.17125303707628,40.89110885891352
80.99007623349071,38.670382695968286
80.9305815464027,38.577482039906776
79.90393349278409,37.812822005124204
80.14099949006238,37.36421222487225
78.98870729373624,36.9986053251655
80.8085468561725,37.40943244333505
79.1193992939422,37.505473621928424
80.15128905487339,37.570731321366296
80.24842501014801,37.08216034859805
78.76002014090557,36.7078989372475
77.76641221183465,36.75074795285302
78.53305297171185,36.59720880505663
76.78493950653686,35.16520814276858
78.0532163619126,35.631348067107155
78.55586235483682,36.02642991786845
77.75958997130736,36.960725102545965
76.74011721165118,36.0508655533965
74.57657277649854,35.72270381207194
73.23048934464379,35.680214887265784
73.1781075849856,34.37251403905394
73.63378961246681,34.52314279933119
73.40447134509346,34.523817506416066
73.14897810567072,35.400784019244455
71.49097061866354,34.028780113476444
73.08561589569662,34.6055396104063
72.74029410591446,34.41568575901587
72.3949723161323,35.065363036900244
72.04965052635015,35.8784309320625
71.70432873656799,36.45041300596548
71.35900694678583,35.785651454502634
71.01368515700366,36.416549120989316
70.6683633672215,37.11685922638819
70.32304157743934,37.743687001270885
69.9777197876572,38.31474439163208
69.63239799787503,37.76349387911959
69.28707620809287,37.55351402098103
70.0355235205484,37.642691073979286
70.1278273071957,37.89849029755737
69.62376862208612,38.59300527078541
69.58500939527347,39.70832096374824
72.37644274041195,40.33061681697768
75.39341597049668,40.28152528828674
75.86462236201375,41.46218280999519
75.26409128972668,40.424788638882845
75.11053766827402,41.03527781217607
74.95698404682136,42.11406261921887
74.80343042536872,40.75047032973939
74.64987680391606,41.01105205234811
74.4963231824634,42.01616309150908
74.34276956101074,42.991666836812875
74.18921593955808,43.84887464867682
74.03566231810542,42.82232532266867
73.88210869665278,42.570143373022965
73.72855507520012,43.19483773348831
73.57500145374746,42.41015607123605
72.92717059466212,42.096454061923986
69.58514710024889,41.614692096708396
69.32975621907354,43.069221604865575
69.07436533789819,43.67810393605073
68.81897445672284,44.284808176469966
68.5635835755475,44.61194628891415
68.30819269437214,45.12734632925883
68.0528018131968,45.44491864061549
67.79741093202144,45.17060827043443
67.54202005084609,45.19370476266478
67.28662916967075,45.02976009330319
67.03123828849539,46.04378393273632
66.77584740732004,47.259233360150674
67.35698339383464,48.5644771443314
69.33074198084599,47.054810543865756
69.15105206779783,46.42528641459032
65.79583795376506,48.37097696180777
67.12460755467373,51.59253758370953
68.20718811836977,53.043351664919435
67.11266544845311,52.16314552303509
69.1756366143358,52.47371505517973
67.8929143647643,53.84042596412993
69.42382622618659,55.437150602820005
69.24029488997566,56.83156582540617
67.06757617880149,56.86764009413835
66.82168011792048,58.232801490975255
67.28478662510751,57.56309395529632
67.1104642587666,57.422501276165946
69.35337806521198,57.46639157773226
72.85789109518653,56.945444550626306
72.57259998249936,55.32355073633147
73.26291420693641,56.04453629275706
77.3977221207993,56.31095395232146
80.33743676129424,55.3783100227042
79.51354272430282,55.55429863185831
77.51449622255683,55.30154575484035
77.76673216133506,55.60339362377388
78.01896810011327,54.664145723855135
78.2712040388915,55.50530805338785
78.52343997766972,55.08794297112593
78.77567591644795,54.75639282501724
79.02791185522617,54.67606412245709
79.28014779400439,55.8149824288511
79.53238373278262,53.839963937382166
79.78461967156085,52.89234879361878
80.03685561033906,53.14000245682238
80.28909154911729,53.25491494707317
83.78714451939528,53.62525952460216
83.13115905911374,53.45562205784357
85.69265880598655,53.4244545740493
86.24473207348639,53.78128838432038
86.84659041159607,53.79085334472649
86.56140919543309,54.62083311134739
84.83545046324647,55.16164099748719
85.45353550352768,54.640843962084155
87.21988256468825,54.7326199130524
85.53019276787597,53.987802034680776
86.334349371716,53.96396266448712
89.21305793022769,52.96215943854479
89.33068795496308,52.56073967316558
90.02700812858282,52.03232703739424
91.4443264600431,51.76280581980224
91.2944311872405,51.923628758739916
92.10534984341548,51.53332111995879
91.03860693412209,51.37836973135782
91.7124443068578,52.34205259931211
92.28079470406976,53.82349034515073
90.28175445515882,55.03181935102232
87.99485174652374,55.289405882539704
86.77659832079343,55.92706715306779
87.44389067793762,56.664216826396164
87.19073325187766,57.30678544565654
87.8329585108455,56.16429738478981
87.73531866039005,55.99775623007674
87.87291715883445,55.748716846807206
87.48211416122734,56.18618082440321
86.33147495145592,56.88368257700937
88.4063721409896,58.489274060784226
88.48238426993107,58.0358217980971
86.67252180597768,58.85111791886634
86.83118479260766,59.88574112319247
86.98984777923764,61.459123235150095
87.14851076586761,61.17600449070945
87.30717375249759,62.15275979335228
87.46583673912757,61.265792300897296
87.62449972575754,61.63946355091238
87.78316271238752,61.44768873458115
87.9418256990175,60.19579999538803
88.10048868564748,59.75495330410657
88.25915167227745,60.24798960296639
88.41781465890743,59.94142170253108
89.62674887874903,59.62872892310028
88.50861361478007,59.5212876317432
89.16105681137327,60.171032354757585
91.97950547263017,61.11975744863216
94.61193250896739,61.36827862255003
91.83451822050309,61.23173750168938
91.69058800426197,61.35373919148378
91.54665778802085,60.75448527096301
91.40272757177972,61.21234055362207
91.2587973555386,60.492243824277104
91.11486713929749,60.410978405174966
90.97093692305637,61.23008222665237
90.82700670681525,61.84111714139673
90.68307649057414,60.2141351267441
90.539146274333,61.43157474348026
90.39521605809189,61.33753493482231
90.25128584185077,60.83237467700882
91.79271191012772,60.35387519458567
90.91711837972886,60.122174490600635
90.38494680197853,60.0095872471224
92.04548624053294,60.21780999681667
90.83597056013727,59.65880330643629
89.92980534303459,60.24050540203858
87.69076876865236,60.710283552137824
89.94291131750751,60.40532121541178
91.13914065200203,59.03944567618235
92.89678039360697,59.503836195729896
92.95980542096268,59.87647893238916
93.02283044831839,59.467490073857526
93.0858554756741,58.45926070213271
93.1488805030298,57.08319883990723
93.21190553038551,59.04083934984869
93.27493055774123,59.593979140237614
93.33795558509694,59.43450708139473
93.40098061245264,59.393679108615316
93.46400563980835,59.501499174313125
93.52703066716406,59.11556296370895
93.59005569451976,58.48625524325464
94.04326379978342,58.189174050408546
93.7783654803186,57.955133539987415
95.783496282121,57.904653535179996
96.21933541258635,57.44665870974023
96.65517454305169,58.41100091832539
97.09101367351703,58.210200586477576
97.52685280398237,58.06122333403625
97.9626919344477,58.24453665745664
98.39853106491306,57.28491340914791
98.8343701953784,57.269531004609355
99.27020932584374,56.847180164951205
99.70604845630908,56.7321992135835
100.14188758677442,58.09343242198572
100.57772671723976,58.96535316083644
99.01250763022783,59.177364352044
100.00588200229404,58.84004161698766
99.49442711428784,59.10157604436329
99.11947597250567,59.91323845236405
98.69685912945728,61.02426764094179
98.2742422864089,60.11151994706588
97.85162544336052,59.06404679725885
97.42900860031214,59.115479874716826
97.00639175726376,59.633797227700924
96.58377491421538,59.510811113483335
96.161158071167,58.50426231689918
95.73854122811862,58.2626206078883
95.31592438507023,57.3437102041627
94.89330754202186,57.1188463407924
94.47069069897347,58.06718189137869
93.87083850742567,58.24211821926071
93.17692738615811,58.17282761611072
91.94250704059641,57.39874402449057
90.44553342065817,56.76223236226246
89.92668336343098,56.317549001967066
87.98348561129826,56.744042843592815
87.68018157603089,57.00167817570591
88.48788063424652,58.6218301556886
89.89103502468808,58.267858289523794
89.89394504502556,58.59086536177732
90.31683951656481,58.68358024478572
91.0540642480363,59.52347189079385
90.33373791946337,59.99399943972752
89.99484880848584,60.871855525307105
90.28736246922163,60.84981651072487
89.09787737960957,61.02647214115152
87.45815105844275,62.44494767445246
87.78422044472202,62.848242985482095
88.27895845440665,61.86179666662797
89.04241142564152,62.4131371065862
89.0776663138538,61.479058165811736
88.17562272595491,61.031099825421016
87.35492674057046,60.93826393929027
86.61564548338019,60.88751833622585
88.06845472122656,60.86257339117326
91.16688591159459,59.918771198962865
92.59374335190181,60.66392866224378
92.10971853156259,61.30916290270482
91.49774056628232,61.43543412909884
91.55217220067209,61.484139412437855
92.20145198056314,62.80719649378156
92.85073176045418,62.447744253263885
93.50001154034523,62.66280112213666
94.14929132023627,62.86866205763158
94.79857110012732,62.748923369367084
95.44785088001838,64.00091893990695
96.09713065990942,64.22557348364029
96.74641043980047,64.9511244484839
97.39569021969152,64.36018925033345
98.04496999958256,63.29230199929375
98.69424977947361,64.61898661926377
99.23204621564774,65.22329802099162
99.76984265182189,66.09511670916109
100.30763908799602,65.64806641184161
100.84543552417017,65.32610907569865
101.3832319603443,65.97229626765737
101.92102839651845,66.73579272309766
102.45882483269259,67.27110348568394
102.99662126886673,67.34735670688222
103.53441770504087,67.64463284435513
104.072214141215,68.60439965315771
104.61001057738915,68.0860347219815
101.13498697116604,69.56641175106519
104.27857595263124,70.07472786471837
103.83377034629821,69.07436533789819
102.00649737731662,69.74110313584322
101.33592142748354,70.25524332758687
100.81671851813188,70.5051638680068
100.24596548846675,69.9777197876572
103.48954137434511,70.20895743766286
104.42046029947775,70.08494714050563
105.44070968229303,70.27608753743867
104.24453041587276,70.58424765463369
103.07632299243929,70.2598172797422
102.95459911783985,68.67646499098203
104.92649282953755,70.01720474415917
105.71716813179222,68.22975920213491
106.46165721767028,67.04979840790757
106.61374013067788,65.77485761123138
107.06313865344725,65.49685163018508
106.53091923363777,67.09994597703486
105.99869981382831,66.9643066385932
105.46648039401883,66.2408680041987
104.93426097420935,66.17511720515085
104.40204155439987,63.53063891504827
103.86982213459041,64.37240327669012
103.33760271478093,63.50415703551999
102.80538329497145,63.76669731711651
102.27316387516197,63.68935468373706
101.7409444553525,64.18143129804155
101.20872503554303,64.69576809194189
103.1370200603403,64.41363044368308
101.48330318765359,65.53558150756142
100.96243585546935,65.4747185927709
100.72253263312106,65.52998950094239
100.9312309729106,64.55341399041524
100.64056598913757,63.149416295280716
100.34990100536456,63.58059656390869
100.05923602159153,64.09405627692087
99.76857103781852,63.38084286489894
99.47790605404549,63.48607102106401
99.18724107027248,64.64710081029163
98.89657608649945,64.42222864016283
98.60591110272644,64.2638583000304
98.31524611895341,64.45362603324821
98.0245811351804,64.73535541019886
97.73391615140737,64.54779213655429
98.32223281554683,66.35064617278715
95.42505563141843,66.37470494172494
97.84782755193777,67.41928448439886
95.79925893239643,67.56210959980943
95.76299788634293,67.42244482783717
95.82926804884382,67.1104642587666
99.05067893807835,66.9077599252355
98.4204817230808,66.30974698442886
97.51253502525269,66.56616704998055
97.88474740279963,66.93805408512829
97.57680060327061,66.07620396242474
96.05129425333118,66.65232772376326
96.20326805823395,66.79648029896677
96.37770370224573,66.558820532971
98.04196323563578,66.5042119234096
97.14227242730391,66.36848055891862
97.89188817371613,66.49178873524116
95.91782693024606,65.69854686263163
95.33815347842545,64.72629275921405
95.74383297214257,64.20780557693847
96.77140999542394,65.19906904967561
96.31938512045905,66.30407707374279
95.72774889701562,67.14443131275145
96.6900893730434,66.72519595428439
96.8211731567461,66.52529602613967
93.51826696025208,67.80644046753743
90.17164277152584,68.0528018131968
89.9676068516693,67.80141703122386
90.56359929131467,68.13666450035714
91.0151513482,68.26662483285696
90.89449496673578,70.94697547915331
92.57952352248621,70.63476114069448
95.61987813380917,70.1278273071957
96.59631205213154,68.22937898408217
95.39888182630159,68.70576685744348
96.25983295599532,67.98963240749177
94.76285376797331,68.00576098306625
96.51802049156716,67.99545431580228
96.03134118069902,69.50565866232616
95.54466186983088,69.75107194377132
95.05798255896273,68.90331386836196
94.5713032480946,70.1288596481668
94.08462393722645,69.2798903660513
93.5979446263583,69.29122522816962
93.11126531549016,68.66039151754018
92.62458600462202,69.26841197571302
92.13790669375388,69.27247651716576
91.65122738288574,68.76692735428766
91.1645480720176,70.04607202154484
90.59238757988105,69.55184378111696
90.91510724210816,69.52594474263478
90.72645288770448,68.37788791472259
91.72885614208988,68.45684701683112
93.55780020290167,68.5554536336784
96.33344655989423,69.42382622618659
95.84303328580224,68.3827065856349
97.95645494617428,68.40663875623187
97.13764322953648,68.8361028392844
96.60268545232424,69.21375778028832
96.08891690475403,69.0426740039969
94.95795513807427,69.15105206779783
94.34999524175055,70.42298376276409
92.99038346296533,70.31431317852294
92.08268345548696,70.0355235205484
93.52834024859507,70.41214203357693
91.00404795678321,69.24029488997566
90.76489696417975,67.42876551471379
90.52574597157628,68.54790745246946
90.28659497897283,68.86410642815837
90.04744398636937,69.62978644156136
89.80829299376592,70.80277367140359
89.56914200116245,70.80784859092469
89.32999100855899,70.85370960002795
89.09084001595554,70.82340918170175
88.85168902335208,70.52750049777542
88.61253803074861,71.17610840798434
88.37338703814515,72.5044191333285
88.08259447260197,71.67254284709675
89.29743629360843,73.17394432893926
88.83881776536343,72.62129340787763
90.9030767549967,73.37626400967042
90.36029496513929,74.156747074523
91.31704876982162,74.39396421374374
90.31260133537212,75.08230981525469
92.23419624020397,76.87312889551035
92.83018052815997,77.01977039356504
90.68338247664528,76.83203618848347
91.90542078298832,75.20692805865855
91.19980290380995,74.27901783826839
91.17751830550316,75.74165610476827
91.15523370719637,74.33502994315171
91.13294910888958,74.18921593955808
91.11066451058278,74.63571029379587
91.08837991227598,73.99195318342518
91.0660953139692,72.2180189556964
91.0438107156624,72.75067342796982
91.0215261173556,71.7411855694127
90.99924151904881,71.842943937563
90.97695692074203,72.62008670621589
90.95467232243523,72.52560195187856
91.93917322772391,72.6410217121742
91.7474318908378,72.2383398061247
91.55569055395169,72.58016917794443
91.36394921706558,71.6612492467703
91.17220788017947,71.36311646381671
90.98046654329336,71.93873804193944
90.78872520640724,71.16660040350405
90.59698386952113,71.24645716092314
90.40524253263501,72.28511617726419
90.2135011957489,72.5663535571719
90.0217598588628,71.8189654029224
89.83001852197668,71.5453460978575
88.66896920549692,72.71035092645658
88.9443558922868,72.11795951131266
89.21974257907665,71.85590666665058
89.49512926586652,71.9614657091088
89.7705159526564,71.23037665748434
90.04590263944625,72.22622968787502
90.32128932623613,72.36502641410763
90.59667601302598,71.75026617692004
90.87206269981586,70.77279124365491
91.14744938660573,70.2836814035458
91.42283607339559,69.32496014712294
91.69822276018546,69.58514710024889
90.99663069965028,69.43744464116281
91.61671925480266,69.3477777795348
91.83775436969155,69.63239799787503
92.36408724946645,68.8635432521772
92.85338167410985,70.52679410265019
90.58936874902545,70.1965224861162
94.11850789343299,70.21697977718796
93.451332235057,70.08044764508637
93.4223033178208,69.97678395866886
93.86458110268579,69.02163423101823
94.06582868792579,69.17184584768516
94.05772824812725,70.46600673508802
92.3136096596875,70.82168982394761
93.40359066005448,71.36724988426604
93.44831852820785,71.91422238877806
94.50305911910449,71.6812130515299
94.03939181402181,74.08464525407177
94.83136463478014,73.92349352857292
93.13849362714426,73.60448815383673
94.64017388107867,73.3718063160332
94.4322957808039,73.04745661156814
95.84500119657403,72.28787964017742
95.6818646689069,73.08973819464832
97.26128740420612,74.83879274549695
97.15095261448737,75.54235584022331
96.93848778391889,75.07246160471755
96.69464793339637,73.47605764997269
95.54677778800529,73.87309595481346
93.80478591894544,72.84585671479721
96.28314724922616,72.84832186176254
96.65177195093801,73.84694775437578
96.79811494440551,73.90062311177967
96.944457937873,74.04713149302296
97.0908009313405,73.80468125054047
97.237143924808,73.27540353339948
97.38348691827548,73.37819872617582
97.52982991174298,72.7711831724825
97.67617290521046,72.85035810483102
97.82251589867796,71.81567103501008
97.96885889214546,70.93861373429213
98.11520188561295,71.11708645584508
98.26154487908045,69.74236125690837
101.14112314418098,68.5635835755475
103.74438512070849,67.9673596681353
102.8611281391911,68.17279578566153
103.70552467251888,68.34308286793373
102.78675126505443,68.87990598837447
104.13287334635422,69.62923355058403
102.05412555990674,70.65503961152628
102.15948155841971,70.75760640171545
100.27116256817376,69.55639510253602
99.22803780374275,69.43719731746633
100.21858984934029,69.69615226773823
100.11584284615152,69.67334517454547
96.30865979628584,69.70088298541015
91.87837401261123,67.8543108044734
92.26578404617035,68.03023371933544
92.65319407972947,69.02637425101702
93.0406041132886,69.58059527653643
93.42801414684772,69.35270715623464
93.81542418040684,69.46668156140838
94.20283421396597,68.67584140096282
94.59024424752509,68.20718811836977
94.97765428108421,67.64696463734782
95.36506431464333,67.12460755467373
95.75247434820245,67.03123828849539
96.13988438176158,67.27997848445153
96.5272944153207,67.8929143647643
96.91470444887982,69.37585955337478
97.30211448243894,68.79246816136954
97.68952451599806,69.5449606077392
98.0769345495572,69.68706868985434
98.46434458311631,69.49423528792627
98.85175461667544,69.80383228084149
99.23916465023456,68.94981168584933
99.62657468379368,69.40341340633103
100.0139847173528,69.84332160303465
100.10315304666406,69.41768312481885
99.33857148516228,67.98866961037601
97.59709840015728,67.1122356130235
97.47659716471844,66.56016005845083
98.82574219711451,66.90598274805295
98.33524062740715,67.57231373854759
97.84473905769978,67.85666216741119
97.35423748799242,68.55244755576108
96.86373591828506,67.537013018851
96.3732343485777,69.48971643697553
95.88273277887032,69.86516498003735
95.39223120916296,68.84559563186167
94.9017296394556,69.4124969354609
94.41122806974823,67.22673795390463
93.92072650004087,66.79577789416271
93.43022493033351,65.56407713167673
92.9449307462852,66.00775506317926
93.70655001625809,64.86187638877475
91.24105068076356,64.62639200325776
91.2194029190969,65.04949154764505
89.24912775748658,65.18388110175889
88.7630283104195,65.68038555426581
89.03345695871965,65.33890839469167
87.26976361565652,66.02543825613913
88.92174255146826,66.90653796887014
90.17334015525185,66.38383053405502
90.84909909089396,65.75079738319657
90.9317466101153,65.24910960479336
92.98330383314595,65.6286784591447
94.72471472229876,65.18900724077912
93.08159681317878,66.31343851292081
92.3493458760961,65.87524785362845
93.12928367174258,66.02082878207416
93.45627331841959,66.42029929335386
95.19682135966255,66.49772618122331
96.43405926735113,65.29050977328033
96.98779206082934,64.2625962546302
96.76177569501378,63.39811627785078
95.18930749588812,64.93072505229601
91.94522235266805,63.211395817556976
92.42544775156894,63.96249273781189
91.58418611452447,63.31878387882203
92.72999673739933,62.70065703518135
90.68236442883882,62.910354137781106
92.53941909559776,63.245304376649564
91.24507468960991,64.03727377614382
90.67964741896593,63.052662029873495
90.95757237112792,64.00440541003077
88.42078884019932,64.8447609684028
89.50916720352885,64.91117476889774
88.83459936710436,66.20143586810651
85.99916052267184,65.38315215107863
86.91577380410324,65.92750618562266
87.41430074599434,66.35316918930927
88.8447944683341,64.05638649350568
88.82428702779866,63.45994863923476
88.63726179460654,65.11423495005569
88.08836633141115,65.89444466339236
87.43018629957086,65.20846625429935
89.20861348665495,65.99836267275664
87.85873770707046,66.13857685654874
88.399616099341,66.4627438858089
87.61996180651155,67.04906259898401
87.17156381421796,67.0589879073398
86.1726711804288,67.13564681600106
85.80219152173383,66.92503909862008
85.78860113970929,66.02760824999281
85.7450902902783,65.30988883122403
85.37871019354365,66.12159575183443
83.6042224320609,65.98368405913224
81.88034489472116,66.01949742317078
81.13130108685826,64.3509379902054
80.32850240274524,63.84804873246885
79.41128447245988,63.248858502230235
79.0378236008422,62.79164619552225
79.69033867754824,62.50381959272442
79.42690921322693,62.40164904565291
80.4746795184187,62.082138998522865
80.83356078221969,61.15282892462472
81.33239195474495,60.65150787483737
81.83122312727019,61.726782733187704
82.33005429979545,60.57911921076864
82.8288854723207,60.34196022333288
83.32771664484596,59.205751237494525
83.8265478173712,58.30116263514344
84.32537898989646,59.40573398725441
84.82421016242172,59.6239815361347
85.32304133494698,60.196970930114844
85.82187250747222,61.00874836560617
86.32070367999748,60.68303468057427
84.66095746292542,61.26897247273333
85.51426430456593,60.76251639166771
83.79315080136362,61.16839531718877
83.43475182070136,59.26181505409336
85.21503301960271,58.963164418602645
85.64368172838829,59.4651571567049
84.25556695555224,60.0527596933967
84.12236738345126,59.45355013692262
84.12980926423263,58.956090904866066
84.18470772554038,58.978898631483034
83.4145316851983,57.9346420337357
83.52790208438279,57.62755675360138
83.22974556533379,57.87136124903961
82.83385890468294,56.7006975044436
82.06967449503469,56.242293034650665
79.61980944291408,56.0395037635739
80.50583210426463,55.01032772537272
80.5921808473846,54.16992790942831
81.18568993120286,53.94986845013566
83.17447048546552,53.1213671027731
84.19986246223127,53.122142147088624
84.10763606680308,53.97235393774284
84.43460870170429,54.07454567769538
84.58587603919827,54.243963070418474
83.25431493660362,54.72895403192413
83.39606308972412,55.048792877822386
79.9673549528924,55.35883314664324
77.88216049631882,55.52560178533763
76.9033638132269,55.27644689838368
77.31112378991175,54.998103656488084
76.2202775611891,55.94140465502904
78.64012473857179,55.95788997321501
78.10552686693251,55.76533763617223
79.03957709669531,55.91624233887648
78.93550582546177,56.646632336285776
77.50817223483597,56.732321840967806
75.52458253281921,57.85524683961069
76.1665256469626,56.73772685084309
74.23743508780657,56.68925029315031
73.92349352857292,57.86447829809028
76.26070622467923,57.689079759743514
77.23603197781397,57.96979246264117
77.24091772730726,58.79193201625852
78.0505172004312,59.531505780662556
76.77502449143587,59.694664432897426
77.16313125271944,59.729983978982325
79.2827429340553,59.901165046851055
78.60066226569663,60.337390955999034
78.04350646215318,61.94665014523794
73.68461987421766,62.61195279179457
73.43759381103392,62.28779835865025
73.76592411873338,62.012995075603094
72.37557147426642,61.019733143985846
71.48908966147631,62.04971180788204
72.28511617726419,60.843429336684835
73.04745661156814,62.096726207584986
73.25004630600047,61.79416572515505
70.2598172797422,60.39133943445205
70.60790820169218,59.68526570076948
68.84559563186167,58.78941281033776
67.80644046753743,56.83288181058803
69.70088298541015,57.18883830054015
68.45684701683112,57.94079212155666
68.40663875623187,57.77774167695163
67.46384031738341,58.376999115221935
68.67056033133102,58.5706762377777
68.00576098306625,57.77585164548569
66.34337776744998,56.66095239258677
62.55148829231139,56.32267442809814
63.06694818765933,56.657256596975905
65.63213992548367,56.65100703233494
64.54779213655429,56.64696616329186
65.99836267275664,56.24357001857914
63.38219329028603,54.23610465860272
64.55341399041524,52.06736073369564
65.26781755051412,51.44541810978883
65.43772542285322,51.30601094581996
65.71805220870138,51.06381956803364
65.56407713167673,50.932774791171894
65.41010205465206,49.050989095763754
65.2561269776274,48.68309849605138
65.10215190060275,49.13880563992918
64.9481768235781,47.22775297326474
64.79420174655343,46.480303652003336
64.64022666952877,46.83939760435303
64.48625159250412,49.02902119429645
64.33227651547946,47.49951851341442
64.1783014384548,46.040367194918105
64.02432636143014,47.614255685322085
64.03727377614382,45.960693040285875
62.8217844984462,44.67682492624789
63.26204630394034,45.11106810177569
64.8783771876345,44.017220196200626
64.05638649350568,43.953060017074044
62.57767399039495,43.62606124611694
63.307912876847105,44.02662027719525
64.93238019478397,44.7765575549253
64.72773331707641,44.86283409209577
65.35677564453191,43.74752903234581
65.7859143018298,43.12412365453685
66.09199006033566,42.2328326987927
64.86187638877475,42.88096806690152
63.631762717213824,42.236175544839725
62.40164904565291,42.45015868488391
61.171535374091995,43.73856547965186
59.94142170253108,44.49969500565793
58.71130803097016,42.74258664151673
57.481194359409244,42.88631563542161
56.25108068784833,41.505180970778284
55.020967016287415,41.38551032681609
53.79085334472649,40.89853082223321
52.56073967316558,41.86400555046987
53.47563586869023,44.15956733167181
51.497642886830356,43.8549853485326
50.58541950214402,43.2248892483677
47.80897394420588,43.40726079614269
47.55903758980966,44.09994528726789
47.25649812380778,42.31801569074567
48.02336162264753,43.96674889238029
43.58518370594992,43.957373712243616
42.11406261921887,44.31729311097668
41.83287659876461,45.34004478059239
39.031590612303575,45.88432244199843
41.224708848353416,46.12572001180389
41.45730182964701,46.59261262987349
39.5595969653572,48.84372639878769
40.70724845063097,47.48474377313788
42.39652540433523,48.269467659193204
43.5244297581078,47.60963982614651
42.200593302910946,47.89097947612965
41.73695707154405,48.56451522908226
39.93484967136015,48.183020460087846
38.55183168588337,47.556455788354924
40.60709034495359,48.38521362731874
40.04513194738848,48.93935807456227
37.79033690052721,48.23608496167118
39.67326398036772,47.9034550527967
36.38874748920659,48.02336162264753
35.11525371223293,48.74008106365908
34.80815865425158,48.73835409407139
33.635694480548665,46.98922306862521
34.49819894370731,46.91011170734856
33.04156327115551,46.07627381070956
30.841652730719293,47.037026450058285
30.535718403514977,48.261094438376006
29.281592892207325,47.5302979162729
27.672428932518855,46.237358889230954
28.304627510383913,45.77277697993866
28.682931697055484,47.50886623988428
29.061235883727054,46.3708761943306
29.439540070398625,47.047364284096716
29.817844257070195,45.59149821048325
30.19614844374177,45.605190283997004
30.57445263041334,45.76252386856112
30.95275681708491,45.727962235046995
31.33106100375648,45.98862866526953
31.709365190428052,46.24892250215713
32.08766937709962,46.351888069924335
32.46597356377119,45.380890862332855
30.191657894725832,45.36955366882616
30.5384714839447,44.061227216838674
30.811124567532374,45.07736691569504
30.127329348137398,43.98030902877095
32.0106077746472,44.726532082750715
34.57764735063836,44.77361366511483
34.20095156379368,44.09426703290623
32.865867840541966,45.02451602803885
31.85874517904979,44.35027935490294
30.73454113224026,45.03849092482949
28.74862461037456,44.80877141396255
26.353269493778193,43.84648410850593
26.289956982677268,44.01493507191669
27.69741381299225,43.88723227641231
25.810988755934915,44.01679116008541
21.831045178225615,42.98932609644214
23.088720284732325,42.66414182492809
21.117404682858602,42.01459179756991
21.937642628836414,42.86974201450127
21.404965702553646,43.99070718178687
21.922394506597545,44.28022087518549
20.260895232527186,45.2955210881887
20.54396851794856,46.1093220639352
21.18723483158428,47.15171657188878
21.0287557544171,47.36135181636955
20.134329476754854,47.7347341040216
19.27478170773217,47.55903758980966
21.172100155744438,47.80716817416221
21.38840724419614,47.76661829045814
23.11537645180443,47.771852732087694
22.4728961115663,51.327492846293374
23.45158977747042,50.7237773153229
22.418730461814604,51.72673231111248
24.05519797510486,53.05799766843576
27.355572000518222,54.09231799077584
27.289473025202454,54.35100541146828
29.874074371195295,53.07341227094116
34.266728206020815,52.0587055850746
33.04192259804782,51.61567182889758
34.73822752654356,50.474012845629986
34.20368544967549,52.14853049026243
33.738905099711516,50.13453230159362
33.973956521623535,50.06382908085531
33.81416960415593,50.315694370084245
33.530807678220036,50.80010091719536
33.08341541265811,52.12824245876969
32.123403453397145,51.340522308735096
32.445630694161565,50.133008753913984
33.826156495349096,49.76240965771743
31.172621536086098,49.436775113286274
31.82864914028515,50.273519032063625
30.98669771111105,50.042231629156255
32.39469208377769,49.12185425388683
34.12856646179165,50.346796253397976
35.72270381207194,50.47222503263335
35.065363036900244,51.42820270760981
35.70727455115756,51.70418713755744
35.16520814276858,49.64677241454302
35.07993701606325,50.13035428444255
35.07733382343985,50.99203999399784
34.028780113476444,50.39086297997535
36.33171587619352,51.8197608534515
36.11992521017982,52.11454025571606
36.854943940829884,52.34961146561899
33.680600610262644,51.58551198203344
33.594770967015165,52.183725081041935
33.674028931727875,51.505609882560535
34.873603550958244,49.857050374834415
36.6858794075719,50.697029591402206
37.76349387911959,49.330240016199
38.55839855980303,48.1238404466834
38.942729340386386,47.71957918331067
40.75014774782243,47.207638633800634
41.01105205234811,47.24304509638418
40.55813350740556,47.148129905104476
40.908202528481304,47.83869755335864
41.46218280999519,47.48129898749663
42.01616309150908,46.82957521132666
42.570143373022965,47.93593276805008
43.12412365453685,50.0783898198906
43.67810393605073,51.09310628084331
44.23208421756462,51.71260565815481
44.786064499078506,50.58086850810943
45.34004478059239,50.499031829818435
45.89402506210628,49.74517028368324
46.44800534362017,50.09413046117173
47.001985625134054,51.497642886830356
47.85378103490342,51.60423279216234
47.75480131079434,51.19547349235792
49.87019330457922,51.82108497075812
52.34205259931211,50.875872524664494
53.226926852197984,50.15268763337606
54.48666841319701,48.295133035839044
53.213960590195235,47.655684998557675
53.01699537981852,47.050094292252744
54.26520291638649,46.57204666934603
53.923958712582234,47.078041436827014
56.7321992135835,47.6477732596546
58.53578862165055,46.48926021198487
56.030522556388426,46.37931137787619
60.53833319850976,46.69174517592254
61.031099825421016,47.87706765221155
59.44057534285674,49.16185962021794
59.71185142246947,47.583806883997894
60.805570045616236,46.95656412139336
59.91178212292937,47.51507924417834
56.90798714368489,47.54157947299531
55.289405882539704,47.78147230958936
55.29736458641792,48.06534121408827
54.78112461379446,48.17435653244129
53.42305206451309,48.18670941035734
54.38651999528395,47.91941072035559
53.1608071107771,46.63645980480531
52.65284009830399,46.90762884643696
54.58803168358249,46.90462146883107
56.76721307150568,48.173264193218124
55.144488031627354,47.03513218727826
55.841629899424085,47.76824001642891
55.01032772537272,47.31099303710807
55.16357134084989,47.001985625134054
53.38133198556732,46.338747880285716
52.435369438111955,46.29030369135217
50.72441824616518,47.219205745403315
50.81736278634982,49.409978926557585
53.02365645784187,49.496580332009735
50.960389938225106,47.003093196200766
51.59701505816892,47.30035335369631
49.32976226816975,46.68821673261756
47.85268900479171,46.220161296738816
47.908931028480474,46.149308705584566
46.480303652003336,44.946796164611264
44.726532082750715,45.93466406212443
45.57452935641488,45.12087431243318
45.54149361064401,43.818012283330226
43.20548767133498,42.333100655835494
43.027386602266034,41.83134388302263
41.4893794684413,40.814976820331296
43.1418184817464,40.16579887722239
45.53901717674449,37.734013728299686
45.09900004871164,35.62385266773126
47.050094292252744,33.738905099711516
47.80716817416221,34.466480645417754
48.56424205607167,34.29684100559781
49.32131593798114,34.81313892937694
50.0783898198906,35.07457154224697
50.835463701800066,35.68882294068372
51.59253758370953,34.266251738496635
52.34961146561899,34.278840616999624
53.106685347528455,35.30305945832283
53.863759229437925,35.19739145253064
54.62083311134739,35.61314338248257
55.37790699325685,34.750738534776055
55.60339362377388,34.73822752654356
55.033294986065606,34.50549179197378
54.126103533921416,34.57764735063836
54.64210570918406,34.93825423212346
55.08794297112593,33.95278962146973
55.98109778639822,34.32937031669233
56.36526254593648,33.94655444616612
57.52011740815231,35.07733382343985
58.0472702868893,34.87043633242613
58.5744231656263,34.997836711783954
59.10157604436329,33.93981956336449
59.62872892310028,34.76621834918302
60.155881801837275,34.27836044576566
60.68303468057427,35.03109635533124
61.210187559311265,36.02690370558793
61.73734043804826,36.016651769616615
62.26449331678525,34.764746831662826
62.79164619552225,34.31139529112655
63.31879907425924,32.88222588992128
63.480567214801425,33.37541027688144
61.75968792105196,34.712962246769585
63.96249273781189,34.33476729420781
65.64806641184161,36.20646017100551
65.73542939084595,36.14019941614584
66.56013014102706,36.50870371503148
66.06826140328366,36.38874748920659
67.08802345987735,36.67849017392692
66.77478225588638,35.96163218253879
67.11946624494252,35.92281253595386
65.22329802099162,36.54347787049767
64.62639200325776,36.2928461281145
65.37765491973319,36.65560939133843
66.12891783620863,36.16834104838795
66.88018075268405,36.98106037060529
67.63144366915948,37.10640915975497
68.3827065856349,37.231757948904644
69.13396950211035,37.318658399019455
69.88523241858577,39.521943805685424
70.6364953350612,38.45071999109454
71.38775825153662,38.79988629460258
72.13902116801206,37.31767197360323
72.89028408448749,37.65765048193533
73.19374194375055,39.60741277482843
73.17052433423692,41.669277798653894
74.18196919095764,40.52110050380436
73.01629304633938,41.6364507078548
73.40397152293828,41.80434794414241
73.57459295471459,40.6163293023812
73.65023753874961,40.613761443283835
72.31061501102305,42.200593302910946
72.15555062936276,41.09694286303878
72.75735692793076,41.01485012648024
71.85590666665058,40.879274944038094
70.79571466691053,40.711582719829345
71.68679841920157,42.014776354219684
71.03264000400755,42.12848947469753
70.651788995803,41.84209604572398
72.22868042101112,41.95279672436912
71.97138644052117,40.91819931659583
72.89581859896914,41.9937644727388
73.77959512140683,41.39507750540887
71.86541419881979,43.08910169361696
71.95580630070413,42.621607072446196
72.1916040509565,41.84830626786731
72.56994649317016,43.06340829663495
72.36502641410763,44.23208421756462
72.1601063350451,43.9453873461091
71.95518625598257,43.74916006623086
71.75026617692004,44.10879333663174
71.5453460978575,44.558908205067624
71.34042601879496,43.86198482343782
71.13550593973243,45.52797677956778
70.9305858606699,45.71782664187083
70.72566578160736,46.43634217097109
70.52074570254483,47.80897394420588
70.3158256234823,47.00315940580598
70.11090554441977,47.40018191172154
69.90598546535723,46.51596218654085
69.7010653862947,46.33549368810016
69.49614530723217,46.67215345138638
69.29122522816962,47.25178147812841
69.08630514910709,47.989665940641
68.88138507004456,47.1872488113071
68.67646499098203,48.67598605596668
68.4715449119195,47.92767861919813
68.26662483285696,48.38108270987219
67.92313930863406,48.453987572477615
67.14444712300642,49.71897172977619
66.9643066385932,48.87830535871314
67.04979840790757,46.218351701330704
64.2625962546302,46.5655921689458
62.980707945936985,46.9144382119271
62.782492085310494,47.03895274202367
64.20423591236137,45.49863995281839
64.59184336173895,47.50297588598038
62.944586867654294,47.30428664503686
62.46530102397145,46.38431825103152
62.83030509305098,46.68692559992489
63.38084286489894,46.3800534286226
61.11975744863216,47.19043571976991
62.62215132743323,46.41680494496206
63.248858502230235,46.62890682751384
65.0858399193155,47.983619004361685
66.33181655602239,49.331012337423985
67.23551104958842,50.683758963186925
69.58059527653643,52.359908141677984
68.94981168584933,51.78893637095585
69.48971643697553,49.63437123769921
69.55184378111696,49.597167707167785
68.63016460762275,49.116537328856246
68.6988314048616,51.08944145171115
67.56210959980943,48.74917807618049
67.88451623545458,49.14008462286893
69.86532175082336,46.99617775545143
72.1272179893862,45.779674628322
70.94253993863673,46.268319714146386
69.17184584768516,46.85249647178272
67.1122356130235,46.971337868652306
66.35698040387312,46.791298766870554
66.09511670916109,47.162811122378514
64.37542731103171,45.932383393664836
65.74109985821225,45.46564234398929
65.22069148539495,45.05557460028049
63.60428788453493,45.372210078195955
64.73709829697158,44.71583935601728
67.09589339045493,45.81539560706989
66.90598274805295,46.14532033410637
67.16818881283818,45.794088192778084
71.54065640504471,45.38823034389682
72.45777067753467,44.79848105659501
73.45102607262966,44.39420887055696
73.37392191362635,44.76053998987289
74.40032506700916,45.47844069350398
73.8021001921932,45.45730452035487
72.50602870999253,46.07465520022749
71.73946202560514,47.02383842582016
68.66943302976708,48.778452312492554
67.9673596681353,46.38039838725563
65.49685163018508,45.4701594615399
64.00091893990695,46.3790741294605
63.088885017141095,46.870105681998936
61.35373919148378,46.778618363951566
58.72192090452679,46.91984861087168
60.57911921076864,46.77231869086521
60.74534813141558,45.97455669121877
59.98386557089077,47.2044381963433
61.479058165811736,46.41843743195861
61.32984414728771,47.15368992061882
63.49433648728365,46.63550748160512
63.27351546008961,46.84662469244709
62.8711165717584,46.799970791180506
60.88751833622585,48.74167801375904
61.972921510790414,50.24912163083719
60.24050540203858,51.0926289172363
60.2141351267441,51.70144999346537
60.77582082618367,51.7272707180412
61.095437755137084,52.053277304185045
61.004596458717515,52.10725710987083
60.894834530334336,51.138151221255754
61.39048165679117,51.27886870744652
61.30916290270482,49.67920121770938
60.00276090888484,48.317359328839856
59.99332565189905,49.71919495219036
60.84650722744446,50.463491401377496
60.73594931036205,51.419529213368826
60.66825333188448,51.28072799127059
60.541880159230715,50.66697170277562
59.35575995476593,51.268501872349844
56.496121251189955,51.45049103633196
54.675626224268996,52.54592190214773
54.48109936249516,51.40282915724665
55.59009913559084,51.97363994974936
54.88682946880653,51.968886254657974
58.267858289523794,51.42290311854866
59.68526570076948,51.343328979458306
59.467490073857526,50.40250524690646
58.5298150309633,49.80810582570978
59.03944567618235,49.73358065244969
58.68358024478572,50.522922146479125
57.08719389319412,50.08403000106625
57.92131424834865,49.87019330457922
56.997598454078336,50.09825710230392
55.60080712383228,48.548143025853925
55.748716846807206,50.372963607876734
55.896626569782136,50.72154139869334
56.04453629275706,51.050122055781806
56.19244601573198,51.321908907778955
56.340355738706904,52.006230164268544
56.488265461681834,51.927630156421074
56.63617518465676,53.42305206451309
56.78408490763168,53.02116854697
56.9319946306066,53.863759229437925
57.07990435358153,53.70065555089081
57.227814076556456,53.50360217705436
56.86932943690288,55.16357134084989
53.70065555089081,54.4229960159427
55.74744408770629,54.24035069760598
53.122142147088624,56.243262345010116
53.14730809978172,54.135762113892575
51.984339751276195,54.306965913074634
51.45351980426076,53.7275420453255
50.92269985724532,53.69404820986574
50.39187991022988,53.66379169639953
49.861059963214444,54.46318533702092
49.330240016199,55.18220033548587
48.79942006918356,53.54767045560155
48.268600122168124,53.13281171693022
47.737780175152686,53.41230980692614
47.20696022813725,54.32365387719582
46.67614028112181,54.263566259775935
46.14532033410637,55.0105451691423
46.75381529338036,55.37693528188545
45.02976009330319,55.90489511882665
45.44225799135389,56.312408256169626
46.68692559992489,56.488265461681834
46.325812828362785,55.68635784483697
45.66425640993573,56.31704179431808
45.83985410761041,56.974856937871614
47.91941072035559,57.28760278294424
48.74008106365908,57.40167427040165
49.02902119429645,56.922712489973364
50.42611544212592,56.238705945266304
49.9663511311519,56.63010427626657
50.42782983503927,57.40369267244901
49.5045524583478,57.95692377826973
51.40076762685454,57.600104730625546
51.61567182889758,57.18876045173735
48.86854957719312,56.41241095679918
49.608409841106685,56.976605710988515
48.41729264646661,58.02227178280606
46.501284159488264,58.48054364564881
42.88631563542161,57.853589640901546
42.62733820285051,57.348023703231725
41.92009905879939,56.83920427082762
40.61043750898138,57.338167996747785
39.80753354064457,58.0053493014814
40.16579887722239,57.967380380190455
39.521943805685424,57.64763246820828
38.86621586860309,58.823279524935536
39.285949022251565,58.64309075676036
39.70568217590004,58.53848017526642
40.12541532954852,59.60315181382225
40.54514848319699,60.1428558866997
40.96488163684546,59.7589584250508
41.384614790493934,60.01573358802005
41.80434794414241,60.42120369273161
42.22408109779088,61.4137002679655
42.64381425143936,60.74534813141558
43.06354740508783,60.836595579411465
43.483280558736304,60.91116645615621
41.17718260626136,60.42725837151481
42.009368308955715,59.77971274131587
45.253545823269135,58.86574410911039
46.870105681998936,59.82724215513564
48.10326737132958,58.24136164544739
45.722753853083645,58.353681856617854
49.72731501742756,57.34888954366881
51.0926289172363,57.413945009001246
49.284024825084195,57.30985635311518
48.07187976659036,58.32233725079106
49.496580332009735,57.558416794096466
50.13035428444255,58.60683648620974
51.343328979458306,59.35950307180154
51.8197608534515,59.23011614202818
54.07343478492612,57.5287005390014
55.223550171340825,57.12769154337698
54.14223354207339,56.752543466726294
55.91805461076372,55.58802649594633
60.196970930114844,56.3281051375388
58.19035475753275,56.503055166003
60.0840867739711,55.53358069815809
59.05784307045143,55.99371970959498
58.85111791886634,57.01600940395877
60.01573358802005,57.260872260854775
62.14017988737986,57.035643478134276
60.999967033359184,58.19254345218907
61.22099401039096,58.90410559610574
61.37359899039884,58.5744231656263
59.962798986370466,59.53870554509248
60.66681754386068,60.01817449018368
59.848924525301015,60.00276090888484
59.09004534236243,59.94598198769184
59.626990112407704,58.30776074128019
60.427817356825095,57.92131424834865
60.66392866224378,58.31663935607247
59.97301596999217,57.74312900173002
57.600104730625546,57.38104631901301
56.31704179431808,58.19035475753275
53.987802034680776,58.877258903924066
54.78145299360136,58.39598298865677
57.046959432749844,59.16313441870224
56.08908670133684,59.65662155574523
54.40128817733502,59.60832785967878
52.174145173625774,59.33295603190951
52.183725081041935,60.0840867739711
52.128968359396296,60.09588674168674
53.53549007963223,59.28551570103607
53.364049568744825,60.02984435814801
53.19260905785741,59.01739187443713
53.02116854697,57.786375483386486
52.84972803608259,57.60379251531795
52.67828752519518,56.36977214469155
52.506847014307766,56.19244601573198
52.33540650342036,56.09261124591092
52.163965992532944,55.70890689313905
51.992525481645536,55.841629899424085
51.82108497075812,55.559451622265776
51.649644459870714,53.85296432553376
51.165745304316324,50.42611544212592
52.011194994847145,52.012968819694294
55.4760179012673,52.435369438111955
53.49367982948232,51.14796431127213
51.64111559104361,52.96979220126372
51.649534172025646,53.2264878302763
52.359908141677984,54.78811485015339
50.31555069003346,54.78868296555352
49.82637962505204,54.23143146460038
51.53931875257519,54.080112453539265
51.14796431127213,52.607749269905
50.756609869969076,50.93502562857923
50.36525542866602,51.984339751276195
49.97390098736296,53.10853719280898
49.5825465460599,52.51519216022069
49.19119210475684,51.12835355931203
48.79983766345378,51.992525481645536
48.40848322215072,53.02365645784187
48.01712878084766,52.81827963149689
47.625774339544606,53.15098769890269
47.23441989824155,53.21425569655796
46.41482637334751,52.23716068906776
44.16741903740115,51.65904000616663
47.31476327784319,50.068577540602206
46.43075692436269,51.66330107038946
44.41447090106748,51.2791272345751
43.32878061732021,51.18298759686936
42.431178547709784,49.4567557837319
44.18264081148703,47.26765055239733
43.65795390377765,47.72112805689198
44.71583935601728,47.756076818291
45.38823034389682,47.53864664090368
46.803886400178094,48.354160585022974
45.22473667175396,47.36301355078747
43.8549853485326,46.92058820221636
44.01493507191669,46.55761401129118
42.63335106364941,45.73063760888749
44.09426703290623,46.28947398740291
42.15091053930465,46.43075692436269
42.669148548943554,46.40426200290245
43.51384220973728,47.787349295481995
42.6499237537766,48.06116835837519
42.42638234297743,48.36076936265158
43.34339059511997,50.53191324565608
41.29362226172669,48.507112107825755
38.90836306305734,48.90214061450974
40.19229805364538,50.05583665664613
42.19594533123708,50.081108575190825
41.9504583712365,49.94826646499098
39.98939402965107,51.757777255195315
39.14008447873395,52.364156797068944
38.450329964387336,52.521565017280174
37.40943244333505,52.8791263985465
37.64811461795592,53.1608071107771
37.07367844964735,53.59158533162303
36.91856884361468,54.3337169878779
36.2303514852992,55.09667946336303
35.32741845593223,54.94659557648693
37.65765048193533,54.836138344210205
34.7859761808544,56.34232660302374
33.15176609912411,56.44754086805782
33.96600115958389,56.496121251189955
31.41050888097398,57.3618912453133
30.596586877156238,58.54379858618037
29.061582165693185,58.25963452553431
30.49999547158954,58.276046874838364
29.395318725821017,58.544068622909165
28.022668327352438,58.72668702512395
28.121478982581767,59.65182720249227
26.38435166434156,59.94695841732949
25.31228650185866,59.98386557089077
24.067070676445574,62.1006515628982
26.42536985045667,61.424363392791456
27.25667379274031,61.095437755137084
27.52460892545203,61.174113099720664
27.75157184947822,62.31588957352157
25.889281426375053,62.32255938010967
29.292588737324685,62.782492085310494
28.051810549731858,63.40763462992398
28.204832222603635,63.45119327646343
32.11211433197985,63.75928920006018
33.14543823725707,64.44345508735783
29.618718877392226,65.3995893592375
28.762268805316285,64.59184336173895
28.264661212527315,64.73709829697158
24.985524280529322,65.90334058392365
24.42622295202284,67.02463998088295
24.73046277214787,65.73542939084595
25.235233114457404,66.108269695289
24.010712065728285,66.24566912301076
24.509585984191506,67.11946624494252
25.75305137534465,67.80638852643102
24.557636133459358,69.06634992554083
24.76816475407058,69.53520324570079
25.604376750110738,68.48656421200673
28.558483860703035,69.18510878168507
28.21328700154941,68.67056033133102
28.444151366009006,68.6988314048616
27.553931714127582,66.51149880820545
30.747200167243097,66.63854045356503
28.151498383673577,65.79166764537247
28.346412733749556,66.45386434537616
28.576999894722157,66.53121094041991
28.631845927582106,68.77380650259663
29.339894599027886,68.71078753655839
25.7099302717059,68.45932344382703
23.998959434708066,67.7899889321327
24.287103391591028,68.22537107755474
23.979384409582007,68.77026740171306
25.050509095036453,68.32513552308309
25.86571800135247,68.73062578329589
24.95773785343229,67.37614045726929
27.39336247194905,65.79583795376506
28.74828482710134,65.74109985821225
26.315715758054353,66.02896114335307
26.018388089349376,66.45936874566858
27.395154966568484,67.2143290151208
27.814084343853715,66.24517238259608
27.86434667361641,66.437081819365
29.28994734736482,65.79675213372963
29.272896204429863,65.81934706044373
29.255845061494902,65.2561269776274
29.238793918559946,64.08265882481317
29.221742775624985,63.34526575835031
29.20469163269003,64.37542731103171
29.18764048975507,63.77243375045072
29.170589346820112,64.76716508100805
29.15353820388515,65.6947929366442
29.136487060950195,64.9440153486972
29.119435918015235,64.73099756473749
29.102384775080278,64.41643775452948
29.73731563885556,64.3730798272319
28.68997034268695,64.99544042975634
26.17098613860569,65.26781755051412
26.932777967129525,65.23657734086844
25.749035482082864,63.52023030292965
26.300013351664482,63.75222033765662
26.808241432689336,63.307999265306286
28.25526236293539,63.761253906829765
26.451181076564392,63.088885017141095
28.843395556077265,62.50868249083758
30.17929358318371,63.14119437207344
30.69386659600097,61.68018004341951
30.78484021262693,61.00907159156971
31.13366752174684,59.99332565189905
28.217611660045936,60.156346516511455
26.63852409884014,60.84390727329838
24.441187143711772,61.406219360168684
24.585943500580274,61.05745034888434
21.829270099898483,60.66678853277383
21.416547008992104,60.17379286403994
21.75339176033428,60.19326901655615
21.599455806598588,60.11082099001388
20.97271971249519,61.09483993812119
22.579795507024663,60.13114394363958
22.591154997985495,60.55406047428628
23.030492225149143,61.38434573445785
22.95327504605551,60.88580370688751
23.113172077674538,61.37359899039884
23.273069109293562,61.652955768880645
23.43296614091259,60.72356216949696
23.592863172531615,60.582709054040585
23.752760204150643,61.02517269456145
23.912657235769668,60.667348498331975
24.072554267388696,59.70019817138162
24.23245129900772,59.20867420353249
24.39234833062675,59.82762850990634
24.552245362245777,59.97301596999217
24.712142393864802,59.62699517240865
25.986168040644788,59.64143791771244
26.569797097563317,60.24403416156908
26.168155427486226,60.56252248683348
26.724177160122043,60.84650722744446
27.579916676695426,61.275978246498575
24.9407642674192,60.90703833577906
24.08723832657382,60.19648830936763
21.25412309938182,60.2141896458716
22.48869320288934,60.66825333188448
22.10713286285125,59.962798986370466
21.128934204328132,60.23186737560916
20.223016450413116,60.427817356825095
21.555295689130798,60.60811601556306
21.6321199342249,60.66681754386068
22.898487511169268,59.68900128353474
24.601811651625454,59.98959810398626
21.897757664272365,60.86408678700347
23.59199407440856,61.9530030694977
25.834138629952832,62.46480603962535
25.38839527011408,63.03860227547215
24.061609132284918,63.32650679214768
25.911045333102756,63.31879907425924
24.177811949603345,63.384862006245875
23.7526222820442,62.83030509305098
23.808796335779107,62.67019231136794
23.864970389514017,62.46530102397145
23.921144443248924,63.0739554577081
23.97731849698383,63.02087736376209
24.033492550718737,64.35104293771175
24.089666604453647,63.51521738956218
24.145840658188554,64.98832593543202
24.20201471192346,64.64646794636243
24.258188765658367,63.39822951740687
24.314362819393278,63.42471139693515
24.370536873128184,63.44728429244859
25.66747513804571,63.54485861811901
25.15849708290769,65.4532671830446
24.649519027769667,65.75193967730591
24.140540972631648,65.39615289057414
23.631562917493625,66.40351676734271
23.122584862355605,66.41970200415892
22.613606807217586,66.87977659914102
22.104628752079563,66.75294792223973
21.595650696941544,67.05062920759255
21.086672641803524,66.05731885044378
20.5776945866655,65.10215190060275
20.068716531527482,66.25801144660001
20.29597025002398,67.09589339045493
21.22782126233034,67.28128878341397
21.0272327281127,66.5994339378715
18.92433881678534,67.51905077601492
18.738987078685152,68.18495383343117
22.00363966552844,69.11975812280771
22.909779896424084,69.36394941883499
22.904095511096376,70.39585694810366
23.6130769670757,70.57420169104421
24.08855243922785,70.48644936322009
26.578857602205115,69.65301958321194
25.021351292470815,68.63016460762275
25.266075535853986,67.75229268710312
25.50918175309866,66.73840508788625
26.733662216318375,66.10842570887232
27.011756650517277,65.21392797065171
28.595310339264856,65.24644688087668
28.38386700113818,66.31405508788899
27.25194732225618,67.39969995821698
27.60575674672462,66.329970015206
27.262103146313045,66.10208643826341
26.255594508785105,65.11869871435022
26.134456755364827,65.37754943702086
25.73613200033184,67.29680931247313
28.6042765767756,67.16818881283818
29.884982461840075,66.80104943432235
32.17076923308396,67.06757617880149
33.94533382541827,66.74377413982427
33.22084577307462,67.44140688846704
32.748405043430026,67.19968728828934
32.0321720062994,66.90550801237991
30.778448721341462,66.34337776744998
29.18846875755541,67.91319681531215
28.82031823936467,67.35188503069617
28.24724561995785,67.39981743788736
26.801151695043913,66.86192806206657
27.58667858521182,66.7499850310546
26.93908595386781,65.8223086602241
27.665141546865016,66.33638666329813
30.716039562119406,66.6150969115637
29.08426949423024,67.32501725371871
31.342801633344983,66.92643473434292
30.882333636011744,67.43508620159041
31.619067826735467,67.4319258581521
30.24534041777265,67.91614900547687
30.115017947736824,68.13087473913734
28.574999024962757,67.3135570495682
28.14030149928978,66.98502144053133
28.590890200781587,67.42560517127548
30.07216451755455,67.12129428265143
29.31377594844182,67.18704188710409
28.656031163972575,66.61185026354674
28.604413810212012,66.71487605198429
30.497250634410452,66.06826140328366
30.189859061364874,66.33181655602239
29.756013615896233,65.07743705023587
28.278543787268518,65.998556029951
28.655203475797446,66.36995171532043
29.031863164326374,66.350041156408
29.408522852855302,66.2333839012026
29.78518254138423,66.72505312113522
30.161842229913155,66.50893178952775
30.538501918442087,67.28662916967075
30.91516160697101,67.76807410004757
31.29182129549994,67.64367788203039
31.668480984028868,67.70727406245453
32.04514067255779,67.7002370123011
32.421800361086724,68.01211636417611
32.508338211144896,69.70154570158947
35.03160429371557,70.12337708964166
34.750738534776055,70.21031753597757
34.64126848209308,70.9736820592252
33.60796831690025,71.3512608789876
33.798395517172786,71.50293694781416
32.658737597027354,71.10683020096847
33.45359270630985,72.1272179893862
31.91743692186811,73.01178989883948
31.9528551056437,73.03962914353149
31.882962929509386,76.20288408744483
31.985699689691668,77.51523015725303
32.088436449873946,77.54543618717338
32.19117321005623,79.82368586145493
32.29390997023851,78.8940396612224
32.39664673042079,77.75097566254354
32.49938349060307,77.84190967627944
32.602120250785354,78.52343997766972
32.70485701096763,77.64531516238787
32.80759377114991,77.42254432958916
32.91033053133219,77.32877665373391
33.013067291514474,76.91502646638311
32.97018267856553,77.35236939936821
32.802677968223385,78.04815166077906
33.74187028617304,78.93550582546177
32.03885059417121,79.72153995299162
33.284483950044816,77.46263103662095
30.266980782256564,77.59078570796716
29.406189067573738,76.85218011007396
28.313065137493435,75.18290818724468
29.329630729806055,77.08622104753776
29.97379558050955,78.07127014322167
27.89489471918203,77.9102236624305
28.332773916678587,78.34247708772453
28.18578367706316,77.60319023595761
27.933244808681373,77.31112378991175
28.780365303268578,74.41264438569212
29.120638124969297,74.06415549293204
29.923917790855338,74.95698404682136
31.274903248217267,73.84062209584394
30.792267972062746,74.18362994564129
30.66453192313884,74.50007880157273
27.877537959497626,76.1755351424287
27.15111531847738,76.9033638132269
26.50803731402997,77.98897634888533
26.311376386747817,77.24985102249498
26.707894260997982,76.8160711561694
28.117223222586595,76.8850075514842
27.80734170725651,76.81397497653106
26.157460335318678,75.08827595080149
24.187264235652986,74.52376594384809
23.452528837112247,73.27328383043812
22.821367394581202,72.80767007326344
23.112476050709247,73.93349733676862
21.592210543685017,73.63378961246681
20.12338956423343,73.66814113620327
19.09077131344062,72.64227091548908
17.845406545969126,73.26291420693641
21.449998450006987,72.24221698504579
22.790569591145264,72.41275533939786
22.177131494644208,72.73378702478259
21.755202316031088,71.354901939771
21.390562995426485,71.71510823005529
20.01015385629185,71.98830002968387
19.514894687893896,72.86149917067686
16.55633688910668,73.96654982036459
18.90137190816312,73.40397152293828
16.834107894368653,71.40071108477196
16.521698582208906,71.87071497540683
17.54259443944227,72.46846942857837
18.281215073961885,71.79281598239395
18.531747281294173,72.33381881843043
19.60384962562938,71.68679841920157
18.97662719628984,70.77460652507698
18.620552639654576,71.38900039099424
18.131584297500996,71.29016545106026
20.422047848498547,71.42364199526715
17.54898785815068,72.0252094471661
17.677936538818596,72.2928750775663
18.24027075770257,71.4530917490064
17.539977181021545,71.96879831690492
16.839683604340514,71.97721640938873
16.139390027659488,71.71857073015057
15.43909645097846,71.19329049939884
14.73880287429743,71.2572707250616
14.038509297616404,71.36946666097487
13.338215720935375,71.3173509379521
12.637922144254347,72.55093617987492
11.937628567573318,72.56812997283497
11.23733499089229,71.59238871068504
10.537041414211263,71.16837502298121
10.395009750344522,71.7374948995411
10.678355535725837,71.8483985180736
10.216372815291358,72.24353383049367
9.86282268757007,72.55430917726103
12.371132702828062,72.74029410591446
12.01094888572097,72.80322091856168
12.740639545645054,73.09339009806884
14.665377407864318,73.37144050236225
14.152945318879453,72.89581859896914
14.301216519337869,72.11863123088743
14.231247050126678,71.47871031855955
14.250940414033488,70.19063809539401
13.952907733644896,71.94556523336959
12.897937340808111,71.64700614655489
13.590278031844617,70.20620006570458
13.902940655240094,70.70737680669502
14.215603278635573,71.34042601879496
14.52826590203105,72.82580357260551
14.840928525426527,73.33510274321826
15.153591148822006,76.2202775611891
15.466253772217483,75.52083841647088
15.77891639561296,75.4987215252881
16.09157901900844,77.04959549507424
16.404241642403917,76.73441849055838
16.716904265799393,76.98471852462413
17.02956688919487,77.74753034271308
16.351451446759636,77.49670238625265
16.719145760228773,76.1169029313406
17.510361359019086,76.23625076511892
17.77068157302459,76.34861890298232
18.03100178703009,76.35974603609613
18.291322001035592,76.1665256469626
18.551642215041092,74.78933014845957
18.811962429046595,75.93692661980919
19.072282643052095,76.61714767619254
19.332602857057598,73.40438760458028
19.592923071063097,73.13562466732158
19.8532432850686,72.89028408448749
20.113563499074104,72.75805654853126
20.373883713079604,73.45102607262966
19.23048174897084,72.25730304643542
19.83733568893669,71.1107990703325
19.61761207252753,71.70432873656799
16.84101730897451,70.81185510245291
17.886793624713725,70.75206630887699
18.76174647053882,70.21501464444145
17.840010204374106,68.42870456960479
18.827758747642676,66.87857646474907
21.18741743829366,66.66402463057146
21.451914157364552,68.30819269437214
21.296314055235555,69.0666949868142
21.596434713105083,68.66088664102111
20.474944143769264,68.61797627721565
21.610373655924533,68.68540198280792
23.715856837038444,67.84778457899213
25.79661940301521,69.49037231106564
24.308150999240763,68.84055880963938
23.21158116666917,70.27870321774017
26.811804995192222,70.3158256234823
27.135268711033294,70.32304157743934
27.30615784679931,70.11635490705325
27.629864280521772,70.63193730159153
29.766200960805683,71.74175020646831
27.859553238335725,70.72394760485975
28.346604622728318,70.43988243957216
29.6541833507462,70.85860955397581
27.205272251310312,70.08168985874738
28.114574176742366,69.28613277667343
26.57974597519114,69.54905941243979
26.72522282938704,69.82784981100632
28.310356440127894,71.01427150571708
29.60809953532743,72.37557147426642
30.83370225644151,72.50602870999253
28.568241282770444,73.14897810567072
28.956498874777964,71.80476187398891
30.77559216424875,72.01018695954235
31.33024455675129,73.17052433423692
31.88489694925383,71.67265567451756
32.43954934175637,71.6691324889399
32.99420173425891,71.03226173243709
33.54885412676145,71.10359845260041
34.10350651926399,70.70359960248919
34.65815891176653,70.5274904381839
35.21281130426907,70.2902930006368
35.76746369677161,69.62376862208612
36.32211608927415,69.99820125098222
36.876768481776686,70.1075416622695
37.70178587874529,69.82822309569531
34.681784173984326,68.96494016580156
34.86098730237308,69.97072397337766
34.292043855702246,69.35402713560704
33.8599827135881,68.57752227954148
36.2905259812932,68.43561441232391
32.41743722216774,69.82144287929955
35.09832324124572,69.55571171387481
34.405135401466545,70.03753734094977
34.19081164319459,70.70852881028398
35.49559461210245,71.10627411573472
34.278840616999624,72.0168807639265
33.66316221459871,71.58022792735078
33.359994620480954,71.93703386195949
33.14622990236827,72.79633192198132
32.48498317152306,73.07139942145547
31.372730082202644,73.80315781230965
29.669392773683217,73.92522878559346
28.416189056190987,73.77959512140683
27.993112614385392,75.79308321300915
27.727642572573306,76.2964904125257
29.0348190721581,74.487960410644
27.302955537055123,75.4696852258358
28.1583306055111,75.43754058315895
26.139887963116724,76.42170073141618
26.059414284707586,75.8504038629328
26.40600548228964,75.789381534155
25.86398021558537,73.85020768433942
24.65080474667224,73.78180944976091
23.508710895982723,72.96767103161118
24.00184605695262,73.17140217309645
22.274461561860008,72.25364110866477
20.359299236881295,71.85385309858418
20.495930876177177,71.06980083300984
18.949276342620845,71.17058786390842
18.680233229833267,70.5094749869174
16.45100407548245,69.90598546535723
16.32579830868155,68.66943302976708
14.76361518805349,69.24877928745522
15.47630632997717,68.81897445672284
14.06112936227497,67.7684679803725
14.290716895807494,67.32065262408533
14.503390710836648,67.40980345408391
13.83536027246598,66.4706468713873
13.323579461933498,67.6348040347647
12.536847280865075,67.74543414733938
11.048383122465271,66.73571954408169
10.51795762083938,66.14432457207324
10.12896616420671,67.12346611214682
9.73997470757404,68.84819269276299
9.350983250941368,69.64544702427398
8.961991794308698,70.36870394905098
8.573000337676028,70.72402874126045
8.184008881043358,70.53241108589101
7.795017424410688,70.32462471823933
7.4060259677780165,70.19166149282789
7.017034511145345,70.25437925690098
6.628043054512675,70.56228612198238
6.239051597880005,70.70752130401664
6.175460331852929,70.46228025384805
3.6928931193535752,72.33044162566888
2.303489202119252,71.96171501828785
2.1548023475118554,72.61264284618493
4.875175618235888,71.82658019603126
8.262690369570457,72.33152198753984
8.230562306028943,73.44872047352587
8.42105718203515,74.20573075235141
8.134058564503933,73.76592411873338
8.870827945828545,74.7667346858673
7.682032562928148,75.10563333875807
8.164653925372903,73.83246325773327
8.757704024812277,73.95854907470562
10.34203860436326,75.46702384079796
12.152758219873657,74.71252022112772
11.772918795972565,76.06988363258701
11.562759561899703,75.09840481022309
13.299653509920292,73.73451592819421
12.047626259549551,75.00269677461311
11.636009824265404,74.15745856155658
11.720086370792224,76.24297566688547
13.341876414476337,75.87298218271836
16.90704596083298,77.16036005619608
18.2278800869713,77.75958997130736
17.63621623813669,77.16744595138312
17.066700708862307,77.19470933418833
18.037923909870106,76.14655707220571
20.21031709864954,76.7893337537648
20.90366078509054,75.06377720614127
21.81065910696775,74.95141520692906
21.046018725933962,74.42179139393859
19.252894076345147,76.44164162156369
19.574122256056402,76.89407768094672
19.804118464804166,78.05422467972257
20.08657649849288,78.86003509860585
21.202161974281953,78.1054080083356
21.652576770780865,78.55459870517825
22.70658711610597,77.83096176506056
23.200942104506314,80.06990168209049
22.243104177119367,79.11489705240743
20.990705999813557,80.32571719799569
20.8818591937943,79.97170865364453
19.9575495921457,79.9189924059932
18.41810532760907,80.7207444812939
19.759461560250017,81.61260501507171
17.976851292268712,82.28321904187996
16.958823602665568,83.23016414102975
16.344014248771366,82.8530991815775
15.628205257370086,83.35688076389876
15.11091151850491,83.48397742019249
15.209763159841346,83.31501446510649
15.308614801177784,82.65777439545191
15.40746644251422,82.41524414407328
15.506318083850656,83.13115905911374
15.605169725187093,83.25307584880369
15.70402136652353,84.51045255959436
15.802873007859967,84.04319043768578
15.901724649196403,83.4094092152363
16.00057629053284,83.55389263489961
16.099427931869275,85.60682696867514
16.198279573205713,84.51190251048844
15.202407468876832,85.43929094213973
17.23423142573395,87.26931366397129
17.330154896358398,87.86660591369987
16.259226489283694,86.97485864580823
15.829578356151702,86.43377328747503
18.42691942442701,85.04820981158139
18.114295156403116,84.17244267483726
18.11489805997166,84.10196523550364
18.26186005930124,83.36272729715796
19.996016247538428,85.0419029469684
20.34715838667868,84.39821987885712
18.3408628150112,84.44878606317494
20.665834038826524,84.08958362145222
21.944815103285528,84.6934904954711
21.20230211822997,84.55429822909159
21.31603240402904,85.19342253645016
21.688458366241605,84.18470772554038
21.68630899373974,84.83772181517116
22.21679166136974,87.20934324799519
19.969332112149296,86.85786901973708
18.626982144593622,88.16317086339025
16.456406182090397,89.02074492229711
18.825111015043092,89.1265951521007
19.317916744789283,89.31560926439312
19.81072247453547,89.09084001595554
20.303528204281662,89.62968828863335
20.796333934027853,92.16119966247058
21.289139663774044,92.42544775156894
21.781945393520232,93.84061258744498
22.274751123266423,93.21190553038551
22.767556853012614,92.83086104201927
23.260362582758802,92.13790669375388
23.753168312504993,93.47370417102958
24.245974042251184,94.70284737453997
27.195801332615098,96.161158071167
28.685932081602132,95.33851513969302
28.17650367707882,96.24385037615932
28.714960585717616,96.68275321597133
30.807042642924376,97.76932646536095
31.357073249098402,95.87831514250342
30.62111874809464,94.8824325234505
29.885164247090877,95.67415173755955
29.149209746087116,95.42505563141843
28.413255245083356,95.29638832747509
27.677300744079595,95.01440000490908
26.94134624307583,94.5713032480946
26.20539174207207,94.54361849373596
25.46943724106831,95.30996098880857
24.733482740064545,96.19247634778341
23.997528239060784,97.88474740279963
23.261573738057024,97.67086236262413
23.42990316317567,99.53537779760408
21.473998388479767,100.50012915179575
21.17363591945985,105.24042104300318
19.143771524117202,105.7377488728691
18.543477684041143,104.10122237178035
19.947552622068233,101.99500916139195
20.862761890405707,100.66981514728559
20.378590342241456,99.47366809979277
20.982137242442462,97.6728838580031
21.46107510618508,96.91035098605215
20.742062042701306,95.56672499298323
20.412643046496864,94.53678355080424
20.531018971850973,93.98088924617795
23.627917313447234,92.99038346296533
23.799132881987052,93.70469424520483
24.337287883194282,95.81443129513563
24.392537166248836,99.08409426821994
23.826505131672906,100.20787893578894
21.996855429307605,101.3832319603443
20.79195073995347,101.98252607181881
20.325143496958795,101.87337781212435
20.303268993381295,102.09725071396167
20.111870878034864,101.63955373051071
19.041353565558914,101.86714468547122
18.796127098562902,99.47383829173485
18.757470618414594,99.47790605404549
18.947838313651975,105.39963442565657
18.583443977405437,110.885476738356
18.15430059374027,112.00466254175463
21.53282498258029,111.68392463859452
19.803179819118515,112.43238951666875
21.516744839623207,112.34169268476279
21.70896750901287,112.71592523854731
20.752843578243894,112.5562035221891
22.2178876644208,112.46607540082957
21.157246702273444,112.81619025156354
19.697511302112314,112.81967069664387
21.186300331756208,112.70886353942375
21.09903965890614,113.33767387061035
21.01177898605607,112.95572277061818
20.924518313206,113.46282351960615
20.837257640355933,115.78079294850154
20.749996967505865,115.9120251143944
20.662736294655794,118.36180939313898
20.575475621805726,117.63018490214795
20.488214948955658,118.07060308867744
20.40095427610559,117.31550083508634
20.31369360325552,115.93693851592336
20.22643293040545,115.79229743372919
20.01357940954745,115.6366423170106
19.8349697240967,116.92847003765124
20.70441766790066,114.92444522521699
21.521642299999108,115.59864430982613
22.504755506018313,114.97785603727459
25.945433112940304,115.01742574899106
25.271090493129368,116.69960818057118
27.20099354274397,117.26195526128038
28.215851402111895,118.38812807728674
29.378069601782382,119.18669999203293
31.35449116680286,117.14783473793929
29.87950446089322,118.63677292610363
30.368383318689755,120.58732667218936
31.979971002326263,121.49068680374448
31.558768778396647,123.64846407880412
30.220631582618903,124.36236117404749
28.538570123602426,123.25589885663268
27.74183752824552,124.72039959434139
28.270041838702376,123.89859104204402
29.18641006124122,124.8107651096811
27.768468185261813,125.0331408462897
27.988113533537533,123.76320418020973
28.399617245912687,125.9837161681909
25.636392454274038,125.82245398725394
25.996843439161307,125.35828037211037
25.11008184538777,126.47709073996067
24.223320251614233,124.98473131237539
23.336558657840698,124.67335350945864
22.449797064067162,125.38713506133055
21.563035470293627,125.25791352120488
20.67627387652009,123.29022304675003
19.789512282746553,125.43077951201333
18.90275068897302,127.88533515800776
18.01598909519948,127.33930486128719
17.129227501425945,128.0901440496243
16.24246590765241,128.48140369598516
16.075182830899955,128.9604183885188
15.780037024092083,129.04883308102075
14.048611498526343,128.53523066257688
15.441204253913167,127.20351061593017
15.223671378590966,129.16737063543704
17.315447705170335,127.94319494685972
17.328755055909458,129.8967074358238
17.342062406648584,131.4332206010826
17.355369757387706,131.66316548601043
17.36867710812683,131.19005140518857
17.381984458865954,131.29063273403068
17.395291809605077,131.2216164939509
17.408599160344203,131.14596283963465
17.421906511083325,131.5857401636206
17.435213861822447,131.3528146380075
17.448521212561573,130.56829670721095
17.461828563300696,130.09688336235465
17.176256258080137,131.2030005937433
16.635652678705068,130.9080110231599
15.87070766815309,130.51448410853217
15.071432081973786,131.21210420262605
16.258265058985312,131.37502903598724
17.451202351479022,131.65994776144433
17.924799360066,131.65968176307416
18.120258095117826,131.782377023903
19.139365656548986,130.68929974749085
20.20928746183556,131.23220569339483
21.276573778643453,130.68706123705047
21.9045416366383,130.04307546391303
22.532509494633146,130.62878508001782
23.160477352627993,130.2184451994862
23.78844521062284,130.66904607252286
24.416413068617686,131.1606549990312
25.044380926612533,130.42219947718488
25.672348784607383,131.11161046402484
26.30031664260223,130.2354612819724
26.928284500597076,130.61022867340802
27.556252358591923,130.4014062751975
28.18422021658677,129.9941690050998
28.8527968156525,128.98476674998034
29.556885626957303,130.68775422456702
28.20059621924416,130.04511615426946
27.64655248648224,129.0121087964279
27.42019494837027,128.68241269300933
27.37861238627715,128.4356190801906
27.33702982418403,129.04027279068515
27.29544726209091,126.48843106744575
27.25386469999779,125.68542561476072
27.21228213790467,124.79320502444268
27.17069957581155,124.46077410288112
27.129117013718428,125.42130046164812
27.08753445162531,125.46275316931927
27.04595188953219,123.22610941500258
27.00436932743907,125.34303582837289
26.96278676534595,125.46599850559657
28.59545656157699,123.78830817557962
29.404322675197072,123.3699714360637
28.739419400655372,123.19331421458848
29.407772933818347,123.17286389469257
30.840205867699524,123.10956678870387
30.52932501022308,125.04381811200155
27.855621925090077,121.91461572219282
27.199204679876235,121.05155412209305
28.236979387319106,121.03186928913662
27.159298483977913,120.62244774479376
27.82972531030304,119.89253623949229
28.097503310961486,121.0613372103535
27.93811393634836,121.78505983535132
28.288595663030485,121.54731743037527
29.12628518740059,120.12730534993727
28.191649533694516,119.04502721967644
31.38633900269168,117.88269632709591
29.835789446905025,117.65292407728525
26.985282408618268,117.81013035191937
26.091704359026554,118.73873363232
28.83443967641676,120.11230098780625
28.523326067944325,120.57084716201584
28.23891378785528,122.6318676676729
27.072164341418326,122.53290363377195
27.961113972228706,122.45713610413188
28.054676410861724,122.09151886429028
28.30002373145823,120.03653774363296
30.449906787567812,120.54110689393902
29.699614815938155,120.27672996373994
28.287506279804088,120.51353994029871
27.47311785509961,122.41853291997032
24.754428504601865,123.28649804949897
24.350856389174634,123.05934152579258
24.054815901493033,124.73784055829546
26.37889415697705,124.73150454184098
23.648930280541578,125.26730075771293
23.575582138507013,122.58395232142058
21.716652542180846,123.97540999472022
21.742011706360376,122.51582883520003
23.434745692374005,121.85075402416072
23.33284158001717,121.2774521070887
22.535253900046406,121.51628377719652
23.89519970148529,120.96121773516396
22.10545131742677,120.10255687612558
23.076174625034646,121.51510433460929
23.840374329180587,120.66117331369753
22.63934998734394,120.99520329814767
21.50151354496101,120.67647347174805
22.679312327798293,119.97676944093479
22.295847243046396,119.93054581447579
21.567319576766383,118.47260203104551
20.83879191048637,116.11355971650751
20.110264244206355,119.7173447750312
19.381736577926343,119.46166352499759
18.65320891164633,116.51189055140145
17.92468124536632,117.6492527303991
17.196153579086307,118.43426137565923
16.46762591280629,120.3111840503734
15.739098246526279,121.17628271446279
15.010570580246267,119.81526533779906
14.282042913966254,120.29473244710752
17.25016442395249,119.87939527062005
18.478839283093027,120.56559986584529
19.78099619625825,120.31819123057764
19.59683602157039,122.11101132567529
20.127841468689706,123.36825525468119
20.227437100353868,122.12569869267124
18.405284922006917,124.9794528556827
18.490133719029714,126.4331722664701
18.21177287728366,127.19135623619822
20.89840326483446,127.35474411702482
22.955346467395408,128.43444307851232
22.867750922317104,127.64321428670557
22.49272170399597,126.864580474545
22.67250379077682,127.75631030427989
22.85228587755767,126.61949865330509
23.032067964338516,127.40316268611504
23.211850051119367,128.09670895764455
23.391632137900217,129.4584291110383
23.571414224681067,128.68564754045866
23.751196311461918,126.35097633489616
23.930978398242768,126.66091070030238
24.110760485023615,126.55061193935582
24.290542571804465,129.30094165538569
24.470324658585316,128.4995111514234
23.789077710639553,130.07113666529088
24.956629646398245,130.6810243138056
25.691328115059804,129.99087877175987
25.55543743167468,127.6185817627811
25.958302192345062,126.06944316172516
28.047258656112483,125.23637156735907
28.103021863685413,126.92099021422231
28.757079819266032,125.91010173664539
28.70583159072052,125.50553883332157
28.062238102400297,125.22742438215606
28.296390024052325,125.15434490691987
28.939220072754605,126.33749218264221
26.47041364935766,126.88035406737659
27.130593705361342,126.01407366498205
26.40735917184172,123.54796457991098
26.113310737503284,124.39698107668121
24.545310522306494,124.02258852722998
25.025961092108375,126.38651844994682
25.506611661910256,125.67056408512885
25.987262231712137,124.7992015246891
26.467912801514018,123.19984290249376
26.9485633713159,122.54253178813768
27.42921394111778,119.4631373330098
27.90986451091966,120.59298389149691
28.390515080721542,121.96740834858342
28.871165650523423,121.2183649036532
29.351816220325304,119.71946158224898
29.832466790127185,122.35065255402321
31.96859333020114,121.48218060590051
33.513280760615274,117.43237123682918
34.41568575901587,115.95762635987542
34.9260863730733,115.61344560942982
34.51646339941853,115.05862442776306
30.923062073418514,114.96504218561513
30.243760900443927,114.82324451717456
31.148104322138057,115.23172876940798
32.3550726757528,115.21214803285558
29.852510303547216,114.81744392457999
29.67396763470836,114.74667251258693
29.495424965869503,113.9302312780539
29.31688229703065,113.06428485443836
29.138339628191794,112.74861703091806
28.95979695935294,112.91907134722395
28.78125429051408,112.76605774505543
28.602711621675226,111.11232682179863
28.42416895283637,111.92765912585566
28.245626283997517,109.83677958139833
28.06708361515866,109.83877079736936
27.888540946319804,109.87246610559043
27.164482493416454,110.85135345023578
27.426013687205792,111.59512062833859
25.00791495296253,112.61566022553109
24.225050428246224,112.10966347875444
24.546584510399885,111.58616634166951
23.132941854480542,108.90239695662547
20.646774990921294,109.04877951965045
22.746574211679214,109.28880194818797
21.527807439634522,106.76765856122684
23.21478751693361,105.96878450843245
23.13644330718437,104.26740610336952
23.058099097435125,101.01582195068876
22.979754887685882,103.78841662596909
22.90141067793664,104.72657301887341
22.823066468187395,104.69819998517616
22.744722258438156,103.61863081394249
22.666378048688912,102.513062737811
22.58803383893967,102.95444387573053
22.509689629190426,104.24453041587276
22.431345419441183,101.13498697116604
22.35300120969194,100.05923602159153
23.907680597126642,98.0189085418456
23.17529235471699,94.93404899026989
22.44290411230734,93.5979446263583
21.710515869897687,94.47069069897347
20.978127627488036,91.58418611452447
20.245739385078384,92.35776254453529
19.513351142668732,92.57314781671465
18.78096290025908,91.15511490623076
18.04857465784943,91.01330520553954
17.316186415439777,89.88944401076606
16.583798173030125,90.49060888571323
15.851409930620475,90.17334015525185
16.831868995574737,91.19980290380995
15.74354067061812,93.25775989890342
15.0130357841704,93.52834024859507
12.068208876817145,94.03939181402181
12.99343422308482,94.84584456310887
11.659880024422081,97.39812695743754
10.37608436080558,99.09249671207762
9.001111112833867,102.40692128435634
8.461954652545616,103.6013526228077
8.399534853496018,102.78675126505443
7.9051112920073,102.39989087138233
8.500470523961933,101.59849738850792
10.045551785827096,102.1532217533733
9.91043804987286,102.04988613438938
9.90507904033469,102.10726401508815
10.539743991620178,102.73758695010302
11.285481597162725,103.667445618247
9.738766861871225,106.42597334932937
7.398775770748205,103.45620557239259
7.3235141452493835,105.14198119586061
6.621829783497239,103.26652727824842
8.487756912966187,106.24825456739278
8.671888293447799,107.63718550143922
9.064372914126624,108.37006604175373
9.935439875932119,109.6081595314178
12.153906537882476,109.33804393447903
11.426612838949842,108.69335975949777
11.813259570098609,109.12632653289425
13.659712141281247,112.02990311513263
11.600076987930025,111.37394737210595
12.748268103998019,111.01498024204912
11.914763047927483,110.39085506045915
12.726755364879539,111.05267214987622
13.469775841288216,112.56552771902297
13.413888220559757,111.08786827592827
15.204945664718233,109.85829888206482
14.65018252865423,109.23208231719794
14.12980216582753,107.93356792411963
12.2218029855946,108.30172913895687
13.036645662782574,107.56926120047538
12.786964309772575,107.51268082231809
14.571535451599779,106.50570221547369
12.088087393360134,105.59783787477717
11.02811154116422,104.40204155439987
10.671508679545106,105.70950509415638
9.711219029427461,101.88275430769575
11.294044754471262,100.96243585546935
11.182645493305005,100.99794208863167
11.141890073055043,100.00588200229404
12.354768768829853,101.70093279053663
15.44420546510453,100.84310481862293
15.122669049974064,102.63895256344301
13.997903508693032,102.2684097998565
13.588583817891065,102.18830947660366
13.46636831747403,99.70604845630908
14.807717763109531,98.78872295468516
17.48748875326278,98.26154487908045
16.856334230726606,95.73854122811862
16.399845173301422,95.13300684963986
15.279738666343192,95.44785088001838
15.926646534221533,95.39223120916296
18.598673702365275,95.80515602739183
21.06276610378314,97.7800150336449
19.609415402398593,97.35423748799242
20.569780191410572,96.85139093965013
22.5020339512233,96.25983295599532
23.2235836708362,97.72139770697785
24.331532738926114,96.97212991727147
25.59375747977407,95.09029099208698
25.829895786717195,93.77750568264017
27.046633684872212,93.11276240501542
27.439906038225423,94.33549802075446
27.833178391578638,93.42801414684772
28.22645074493185,93.37319038009959
28.619723098285064,94.62794573848375
29.012995451638275,95.8357259109249
29.40626780499149,94.97281498543752
29.7995401583447,98.10830734330273
30.192812511697916,101.0301360436715
30.586084865051127,98.0769345495572
30.97935721840434,99.49442711428784
31.372629571757553,102.2606337294728
32.11158890967743,104.28736158760668
32.40171870004819,106.66702715256358
32.52840575655014,107.07251807164556
32.87412483413087,106.63521785687497
34.76985716530338,105.96694240469463
33.86984195033315,108.14221637370959
35.81513301270152,109.49614042582232
36.90737985524017,111.47902651368058
35.88290283242853,110.57182552846488
35.02090149971736,112.36281875578487
31.15692163908449,112.04450800903952
26.76839526812646,112.0744812079297
27.636118104324215,111.97984892713527
29.565850660443722,110.39674532684614
30.68811363736543,108.95378665222344
28.005084734256624,108.30493382951654
28.697425067827357,105.68878236658043
28.48559232530752,101.90495481720838
27.65785206477416,99.18426226830523
25.373019750178084,95.89137916508646
27.34135271847072,95.74668042887265
28.506521949639765,93.3196733333784
29.276064070867207,94.41122806974823
31.44210615927237,94.80577875701202
33.05458656634065,90.68338247664528
34.092421637847245,91.36394921706558
32.16102159858279,89.92980534303459
31.20934252549516,88.8447944683341
33.63794067007018,88.9927995490494
34.93449256008604,87.5713516550894
35.70095847093575,87.30717375249759
35.31824655788979,87.63417584556525
33.94655444616612,87.24048859323979
36.0508655533965,85.9339673490064
36.6773116376491,86.44134757194043
37.96072965062338,85.33594941266361
40.56876029632476,84.91103456782389
41.61678937851602,84.30409192148856
41.12347714742507,84.44891000584187
43.66032772554318,83.71999406051476
43.128075164515856,85.2531735741155
43.19908029130221,84.4006651976934
40.89853082223321,85.62456314163958
41.54110135584916,85.48643171407407
41.37438168829549,84.69130485111239
44.07862157592917,85.38229583708008
43.06118057391848,87.12176619497653
44.68200491052842,86.16982401932722
44.41869968365868,87.4722179509429
44.15539445678895,87.45809814882813
43.89208922991921,88.37338703814515
43.62878400304947,88.28691023432927
43.36547877617973,89.01921861523411
43.102173549309995,87.05208536083487
42.838868322440256,89.02524303826931
42.575563095570516,89.65551567153635
42.312257868700776,90.6497193296395
42.04895264183104,92.20773155863867
41.7856474149613,92.49724493052453
38.670382695968286,91.6492017187553
39.66848869225838,91.81915064230026
39.57304755354189,93.4223033178208
39.88407231397863,93.29114355848677
38.35681258078126,94.12288462732764
37.35293468195785,94.09888768386345
35.631348067107155,93.61782351617153
36.925586831687106,93.24952621226883
38.058976643783886,94.34999524175055
39.82796981534947,94.34340070905745
38.62621802960012,94.64017388107867
36.02642991786845,97.41314984585512
34.87043633242613,95.40242471383198
33.81603219002737,96.86227773815551
34.27836044576566,97.5396302703403
36.016651769616615,97.43628171565736
36.67745981993969,100.56543245459912
39.29571567602055,101.20872503554303
38.59300527078541,100.03890528146063
39.8242357354282,99.74366191693264
40.86121107626797,100.50078799991476
40.36027486499354,97.80946619897117
43.957373712243616,96.68594264426332
44.19079483591204,97.23319338608377
44.43714120771456,96.87441016011077
44.061227216838674,94.40943039326996
43.80429149443185,92.56634187838434
43.910541327258635,94.3457538145028
44.01679116008541,94.447349085381
44.123040992912195,93.11126531549016
44.22929082573898,94.47065467842434
44.33554065856576,95.13256292597417
44.44179049139254,92.3286499932977
44.54804032421932,91.49774056628232
44.654290157046105,90.72645288770448
44.76053998987289,91.2052992931875
44.866789822699666,91.14400284694666
44.97303965552645,91.09698490974424
46.791298766870554,91.27901314099454
46.752921716911366,89.92383810981576
45.59149821048325,90.44553342065817
45.466911197910996,89.92285003609557
46.55475850117808,89.74374742218441
47.029767210546616,87.93283995461502
46.49386963941788,87.45931416343456
45.957972068289145,87.41017895342452
45.42207449716041,88.1610868193983
44.88617692603167,88.14800738483584
44.35027935490294,88.29978628811044
43.8143817837742,88.83684747190746
43.278484212645466,88.7212234215135
42.74258664151673,87.80472311500802
42.206689070387995,87.78422044472202
41.67079149925926,86.82155826773511
41.13489392813052,86.23435161994863
39.83354475744408,85.41595175136372
41.291160205262344,85.45913645651093
40.99458588412256,84.05626209615059
42.87943906025446,83.9478016784029
43.19431651048205,84.09229898842173
42.112893338688956,85.58556274127824
42.49131767659511,85.63000607818218
42.86974201450127,86.86810870694251
43.248166352407424,85.8336664417337
43.62659069031358,86.82349896360111
44.00501502821973,86.356662616535
44.38343936612589,86.91432444027029
44.761863704032045,87.18211655406962
45.1402880419382,87.56453812053402
45.51871237984435,87.85873770707046
45.89713671775051,87.24861679820921
46.27556105565667,87.62837293288038
47.25178147812841,88.16553350923691
47.02383842582016,87.6031760150506
47.54157947299531,86.24473207348639
45.64642201730995,85.11506884080121
45.71304832281597,86.43312143195047
45.779674628322,87.17386922784232
45.84630093382802,87.1077804815185
45.91292723933404,85.78860113970929
45.97955354484006,86.00099811547669
46.046179850346086,86.1726711804288
46.112806155852105,85.66575543973329
46.179432461358125,84.80488755616256
46.246058766864145,87.43018629957086
46.31268507237017,87.20600391847044
46.37931137787619,87.01372344073876
47.2810760061192,85.80219152173383
49.39206797915588,87.0929817783434
50.71989404619668,87.20801752483813
50.05228950141537,88.35680825439819
51.94609252149466,87.98491320851537
50.95710242924014,87.19073325187766
51.09310628084331,87.37495152423442
50.40250524690646,86.79120958647135
49.08986351391582,87.48264060374215
48.39228687045591,88.61223883296795
48.36076936265158,88.3064498425318
48.63803797103038,89.12346576471947
47.44742792177025,88.53720858400527
45.49668322262582,89.22270850636718
46.72966307063094,88.48107760494624
47.57738723108222,87.43185209312648
48.507112107825755,89.62598096969053
47.46393918266094,89.36413810599369
47.391261446751294,88.71188629519872
47.318583710841644,90.0217598588628
47.245905974932,91.4691118920603
47.17322823902235,91.04262618878073
47.10055050311271,91.10312466762463
47.02787276720306,90.8993214511456
46.955195031293414,90.90989504780946
46.882517295383764,91.77960664070498
46.80983955947412,93.08159681317878
46.73716182356447,94.79148986587283
46.66448408765483,95.69330198906368
47.48129898749663,94.84500856210991
48.56451522908226,93.4275872583628
49.57941063537084,94.4038570939152
50.93502562857923,91.93917322772391
49.08825947408669,91.46626311104605
48.079112777094785,91.51315671184005
48.84372639878769,92.50790979292832
48.66528460191355,93.36973137237673
52.15651150284292,93.27787307364858
51.80797667002971,93.36529296059348
50.72154139869334,90.78706434914594
48.354160585022974,90.39521605809189
48.6256407666299,90.55786814340335
48.73638309397088,90.91510724210816
48.27803933477043,91.57586539239078
47.819695575569995,89.70898254444819
47.36135181636955,90.99924151904881
46.9030080571691,90.25523773775193
46.444664297968664,89.21974257907665
45.98632053876822,89.42077768311155
45.52797677956778,88.19678565195758
45.069633020367334,87.86613934995208
44.61128926116689,88.12634428923758
44.15294550196645,87.92120746641139
43.694601742766004,87.7966230156517
44.05282575619884,88.68041298749296
43.77296693774972,87.48239560248885
41.86400555046987,87.48211416122734
39.66375973436223,87.09600916912206
40.6163293023812,86.86242899296126
40.25440498568811,87.14851076586761
39.98308539626805,87.19853474895285
39.96377149100573,87.41307299776368
43.24774296178013,87.97765311719809
43.99070718178687,87.81766946433684
45.11106810177569,87.94886339930162
47.512668809584085,89.5318324164687
46.98922306862521,88.0100945664818
46.90762884643696,87.81490509806866
46.300096178890335,86.65494510441579
44.53966073771083,87.118747884742
43.427517190134076,85.78350637542263
43.1988061373839,84.41134708216968
42.970095084633726,83.99538095569018
42.74138403188355,85.37871019354365
42.51267297913338,86.78363490406052
42.2839619263832,85.08288906945364
42.05525087363303,83.4145316851983
41.82653982088285,82.97193656766984
41.59782876813268,82.59735155077644
41.3691177153825,83.11111575942677
41.14040666263233,83.11995866588991
40.91169560988215,83.42916465703894
40.02869655797777,83.26179304272567
38.3364428274326,82.61409217278796
37.31358686947248,81.6315031908984
37.12895540592042,82.33701833355444
36.27824800751669,82.92922555219883
35.922613334793105,82.7144277870279
36.627607684482285,84.56010915089924
37.33146620169585,84.20809341545862
37.635708123682406,84.12980926423263
37.425969824883396,85.93082127362693
37.21623152608439,86.56246760002531
37.00649322728538,86.57318709163518
36.79675492848637,85.41722559929009
36.58701662968736,84.73649806569024
36.37727833088836,83.92771064926832
36.16754003208935,83.31182650215219
35.95780173329034,82.32126622096054
35.74806343449133,81.47236093557959
35.538325135692325,82.41058330602394
35.328586836893315,81.16403037845365
33.58392925314955,82.023704032787
35.92281253595386,80.83140319734939
34.60009905680704,81.57088330353385
35.66978316917117,81.93811356407002
33.5446943061336,81.34339169874539
34.03597781700039,81.30541748823725
35.03109635533124,81.29995674371682
32.69539026519704,80.7576035924515
34.466480645417754,80.55973456829108
34.21411521446855,80.86085797847326
34.322090160684645,81.16850653126052
34.32937031669233,80.55568918166598
32.26953503533951,80.17201173358261
31.12156244190684,80.74516687328361
28.361218613140526,80.41550355829051
28.27049981786833,80.23927757295657
29.53405826032616,80.88099698237166
27.196563617774117,81.02351308508189
26.875149953572638,81.88034489472116
27.75968304898933,81.5006023722369
28.644216144406023,81.5236596321752
29.528749239822716,81.67755572196201
30.41328233523941,81.36938284536882
31.2978154306561,82.26203324200023
32.18234852607279,81.23968962265045
33.066881621489486,81.44323668141102
33.95141471690618,82.5873724182055
34.83594781232287,82.65232173654084
35.720480907739564,82.02854797182329
36.605014003156256,81.82547390683506
36.73036279230593,82.37956187332226
36.855711581455616,81.20311878728751
36.98106037060529,80.9305815464027
37.10640915975497,81.40291495557476
37.231757948904644,81.21070074273068
37.35710673805433,80.97720378426243
37.482455527204,80.73300372415221
37.60780431635368,80.421669782446
37.733153105503355,80.41295837550689
37.85850189465304,80.91656504714804
37.983850683802714,81.1051756253851
39.174085243986184,80.86948199606559
38.97595921081333,81.26716614919717
40.51262752826109,82.53211721461702
38.961104576988305,82.67599253588558
40.113834380439116,82.74343837243454
40.879274944038094,82.45767986681943
41.64471550763707,83.082561548976
42.41015607123605,83.78714451939528
43.17559663483503,84.00500885529183
43.94103719843402,84.04294617249933
44.70647776203299,83.97845703285253
45.471918325631975,83.22974556533379
46.237358889230954,82.4191390603134
47.00279945282993,82.87984949161866
47.76824001642891,82.56561443165677
48.53368058002789,82.58849389686034
49.070559095720235,82.06031707932252
48.791443865311884,82.52347355683283
49.46233225527634,83.97403448299036
49.69173388091182,84.80618168215747
49.24952528009618,83.5497942837336
48.96564457923623,83.60768128488368
49.06089356190483,84.76565038624733
49.551794773535335,84.56076487508334
51.70418713755744,85.37556736062692
50.06955956312016,85.06030149411554
50.474012845629986,85.7450902902783
50.42135832651754,87.24111013735825
49.499467761999625,86.78456893424098
48.06534121408827,87.3772272200809
46.841908144670356,87.16344464010164
48.98827029593682,87.72548697102167
50.09825710230392,87.88860544626608
49.98110251614833,88.06845472122656
51.12835355931203,89.42619839750027
53.70350733411216,89.2846739963086
52.764079063300386,90.3947088455676
52.40293693119844,89.82986518250071
52.5360867383509,90.03146224436752
50.717982924114395,90.2135011957489
51.43800035083245,89.54858192571267
51.11662835328507,87.91968878120325
49.8979275454763,86.77659832079343
49.81083024836775,83.60479661710121
48.79536784925151,83.07515896029011
48.18670941035734,82.97161529200311
48.183020460087846,83.56562691244326
47.33774760489114,83.89837192595867
48.88189875445535,83.22409854473861
49.37085726432996,82.03320252932232
49.16185962021794,81.30185929688017
48.23608496167118,82.02492403165836
46.5655921689458,82.49990068645926
44.365961305222925,82.58675087004269
45.98274067927286,82.55115958669926
46.28947398740291,82.53494777753177
46.07627381070956,81.31846484579278
46.149308705584566,81.71005085262111
47.219205745403315,82.05332163241334
48.05789661345372,80.70914120860544
49.29502283248381,81.02305678342692
49.43622412764395,81.94855039292437
51.44061863075284,81.09535719415464
52.49201535160911,80.3606276837738
54.29436491806667,80.25223982658314
53.96396266448712,80.10252706542786
51.70433166160791,78.34555874984439
54.896004952153774,77.50817223483597
54.78811485015339,76.72846323522484
54.243963070418474,75.00501036876842
53.499709639890746,77.37633814311162
51.688302585397075,77.03763948559835
54.01480133150024,77.40201629689746
55.53358069815809,77.08060812462892
56.83156582540617,79.2028059772983
57.5397440378702,79.69137710323061
57.77774167695163,80.0882369284789
58.64309075676036,80.15187936578475
58.96535316083644,80.15778184383282
57.488190300229085,79.85066037104698
56.9363430465681,79.78461967156085
56.3844957929071,78.49533428730591
55.832648539246115,77.99994645684579
55.28080128558513,80.65920411925434
54.72895403192413,79.61980944291408
54.177106778263145,79.29705495061476
53.62525952460216,80.95466067625924
53.07341227094116,80.8068033290501
52.521565017280174,80.58842687174082
51.96971776361918,80.54506366033074
51.41787050995819,79.45837170507502
52.74467264340781,79.48721776721415
52.47029730955283,79.19501592167259
50.72292863060004,79.91633455111399
50.35148193358898,81.33239195474495
49.37866159755823,81.88753631984922
47.427441428583755,82.3718869689911
47.7347341040216,81.57430484630804
47.51507924417834,81.18475326765795
47.295424384335085,80.96250977880588
47.075769524491825,81.10850408178521
46.85611466464857,82.40867019166869
46.63645980480531,81.0988200218732
46.41680494496206,80.27975479359932
46.1971500851188,79.58200070784528
45.97749522527555,77.87835592271526
45.75784036543229,78.50166105916443
45.53818550558903,79.10823958691637
45.318530645745774,78.00104160442164
44.55849797341864,77.4349713949548
45.38047308814336,78.45549281938757
45.89251648620286,77.88216049631882
46.3708761943306,76.51977671768593
44.20051494887499,77.40433978658486
44.600485851529385,76.64030757624191
43.273141219416935,76.68458982658287
40.480634689133865,76.61337100302221
40.09597374779618,77.04071917900143
40.85864164536119,77.9840785903303
40.510516782333745,77.69887555657779
41.228628132244765,76.70537724540512
42.88096806690152,75.97218295736663
40.56574243034057,74.61173263674272
39.312111389406645,72.98265153455543
39.27010067318491,72.3949723161323
38.47031733141731,72.49156771412154
40.01755775833745,74.55890036646402
40.232827033223195,74.46951345303351
41.09694286303878,73.36422485207757
44.31915245320603,74.10869000545114
41.48663347115954,73.03975592440348
40.684224502741934,71.78822174783852
41.2299327356564,73.06571733259979
39.97556999058573,74.30311789407752
39.84667379579236,75.64050265441364
37.43507398121923,74.41800904029267
39.04550970163273,76.66364104114648
38.18690436832584,75.63890633951951
36.47999139807953,76.32243080655827
34.76621834918302,76.75371584581481
33.55799895720284,76.72648739745564
33.04698373444506,76.74743618289203
32.535968511687265,77.53033808476815
32.02495328892948,77.61397023898138
31.513938066171693,77.69383006809802
31.002922843413906,78.26724171880575
30.49190762065612,79.13316160172371
29.980892397898334,79.09208628212467
29.469877175140546,78.82140475028108
28.95886195238276,79.7533895630878
28.447846729624974,80.15128905487339
27.936831506867186,79.91012823788877
28.302837610718463,79.86603904295006
30.42820187351285,80.46682066148533
27.844452705104583,82.00867154280165
27.92320184033957,82.23831611683028
29.177871237807537,82.32578963414788
29.64650604661511,80.97458474284856
29.659143580326052,80.90520280224726
29.340308253406892,79.28983343359971
29.048813376766336,79.85264960437652
28.436883852508785,79.2647896522848
29.38287227229396,79.19965535539507
30.354676612307586,79.1193992939422
28.178363504297856,78.96291228557816
29.030252346236573,79.71454397721887
27.83796133741326,80.1769351540041
28.272701412901657,80.0985406935218
27.03547990041097,80.05054233173556
26.835482388763918,80.09474185409756
27.675160452846598,79.59692306076936
26.662530013626778,80.18990458522454
26.263108358335316,80.61855251245795
25.24339858229727,81.39549374600827
25.766158914787542,81.6747357970693
26.93325052302381,81.35978462591969
28.0339848219297,80.36047657114615
26.08634447060904,80.09356078093053
27.892454016107155,80.14099949006238
30.06211606774432,79.81833942407044
29.004754530048153,78.910632227811
28.158036774713946,79.46064936455645
27.39451377581887,80.04530149163124
26.504662754620885,80.03685561033906
25.53070484640864,80.46958467963152
26.064838755554515,81.00592887270109
25.05837317437045,82.52402464536495
26.64984297594903,82.73869166042668
26.94786256867482,83.52529477352348
27.51819787234809,83.2246655587971
26.76708363833996,82.90556817141267
26.660507563545963,82.70918939576943
26.553931488751964,83.17447048546552
26.44735541395796,83.38467756146385
26.340779339163962,82.80664297782057
26.234203264369963,84.27978907052
26.127627189575964,83.33059548653222
26.021051114781965,86.87984789547505
25.914475039987966,88.54684142400077
25.807898965193964,87.80962073787627
25.701322890399965,88.08259447260197
25.594746815605966,87.48758400782178
25.813845001692844,87.33072804675929
24.158211740275163,85.95887130559983
23.026518002358685,85.86646121336564
20.61141150137046,85.27758835644491
21.690990713452955,86.61813850129708
21.098143005540056,86.89446729925342
19.03327161491959,85.16903153285975
16.913529509222634,86.61564548338019
17.763341157262232,87.69308151999883
17.190911580550306,88.45766219969903
19.008147230636617,88.2817779990921
19.291455595006955,89.27234351586938
18.70393931307099,90.45337869699587
20.847416957316618,90.9317466101153
19.22652482776781,90.83998740481293
19.09222841852337,90.67173140105089
19.636974296059165,89.03345695871965
17.700030379245952,90.88080911661216
17.63679404734264,89.86671528820125
18.503446661732507,90.64379712293288
16.74499615746106,90.13403224139563
13.178884451926645,91.08837991227598
12.544468880874827,89.75447864941096
12.031060466663043,89.20861348665495
12.803248960603462,90.82700670681525
12.443906883443802,90.89744776646502
13.849399167442758,92.91993643789279
12.61175569854992,93.90184108232214
12.208882887924407,93.84561894657061
13.602139360924925,95.08440190070613
12.784167739561042,93.09171141779551
13.271192006542272,92.26578404617035
13.398719882233943,91.9093969526082
13.721912340657747,93.17692738615811
14.045104799081551,93.2374599643559
14.368297257505356,91.16688591159459
14.69148971592916,92.97769405244522
15.014682174352963,92.28079470406976
15.337874632776767,91.61671925480266
15.661067091200572,89.62674887874903
15.984259549624376,88.47488009773106
16.30745200804818,89.04348920479907
16.630644466471985,90.16662752129568
16.95383692489579,91.38515261584479
15.04390882563328,92.89678039360697
13.191419445007053,92.03569219064785
12.23374437470145,92.30122632850372
14.272656223555732,93.17941741594132
12.04827670084224,92.31335113226162
10.63823191508033,92.5650754839637
10.014361985786442,92.268634268318
11.492850404081794,93.8609460816241
10.786932276899057,93.10462400806412
10.768889089171477,92.95980542096268
10.951346833613945,92.02647787851234
11.684656177194285,92.14147132682436
12.454470610918131,94.37374668686189
11.051480002005427,96.76177569501378
11.139232185241195,97.38348691827548
11.6655999733975,98.10049841867104
11.714338888313149,101.21354985433722
10.488555460009657,102.85012631484231
9.28122706778225,104.02072290808638
9.366662766047336,106.31651261894697
10.083290015167055,106.60120417326199
10.8220416519617,105.41773130959893
11.773779763507312,105.40531966044769
12.899218654903436,107.89483750653378
11.230874881711472,106.50151195302408
9.660100571333317,107.7576448236363
10.786926242827484,108.21376506595276
10.52636421747992,108.65060278828878
7.304584207646114,109.37402533657176
7.462432616984403,109.09539412611556
8.444531869659858,110.45135347398646
10.378778359088106,111.33689853396959
9.409669627536541,110.24487853973088
10.606523375007182,110.17972154173353
9.965258874834518,109.57318579177408
11.370379179475947,109.82723295602757
10.674050657546937,110.93930478962766
8.633575227644535,110.47305683389351
8.845749734946542,112.39383139986948
8.121150168478872,110.36635207912248
4.437052884660687,109.30541525570732
7.837319848592905,112.24168838709576
8.839648274231763,111.65151495940914
9.112732623238076,111.39692146718284
8.268610363275464,109.7021918754516
6.36548263837116,110.1092273499226
11.210040663422527,110.98772011686955
7.153650639667522,112.23003133165031
5.786624526292953,112.56764178002653
6.583561868048159,111.16145475630275
6.8940353420931215,110.60361011423137
7.357590154528474,112.63527683199517
8.710850286693967,111.94635714819694
7.354492865347873,111.20357772701024
9.291664969015425,112.26138479629785
9.960694799703978,112.7828759528385
10.965340104141264,112.09783709552916
10.935907228760996,112.94303159569048
11.165321518107943,112.85135333148233
11.39473580745489,112.92828275517395
11.624150096801836,112.6371875206928
11.853564386148783,112.50787196576127
12.082978675495728,112.16137626323867
12.312392964842676,112.11384068049759
12.54180725418962,112.3645090216326
12.771221543536567,111.46711218783767
13.000635832883514,110.21792783913409
13.23005012223046,110.93873851857724
13.459464411577407,110.8426653979661
10.828445143469331,109.66367197401519
9.62217965280187,109.91423970617808
8.370913567833439,109.44088198967141
8.130126764051644,108.19520923331427
6.2023492395550885,108.35958632948572
7.6453884645793755,106.23531531311556
7.91939842930919,106.38036125861014
7.025945158503601,108.58112242371668
6.133389681816476,108.83938369979812
5.785194608400455,108.45010719691885
7.041782975293082,108.45320712116924
4.106430348338371,107.10158434833501
3.7846250800194596,106.98541174855085
1.075375048502858,104.70129476709128
2.4334120843379785,107.80371316425835
3.6243234201159504,103.90367270354623
4.656333771293292,102.11971500834206
4.784625154478109,99.66519763765767
3.861453760931368,97.55560194620365
4.850152706889036,96.86373591828506
3.592484813063523,97.52685280398237
2.1633131048662797,97.99571894364875
2.165838040812607,99.76984265182189
3.5610118341031916,99.46292219020101
3.9768251747225247,99.62657468379368
3.536647820995988,98.97665406187053
5.395811810828532,100.08481306088466
6.420403944770952,101.48330318765359
6.520261140171792,101.93024239445536
6.30442137292677,104.43654924397694
5.206269979222867,106.53091923363777
3.728777890170602,108.37336768670662
3.938786966474606,108.47002029931298
2.831927518715288,107.8985990575415
3.0036852106993206,108.28437015437036
3.0847970799315823,107.67847075358341
3.1005717429604447,106.31176795995698
1.6938090107191386,106.35974418056135
2.766409594235225,107.45564209082312
1.979132570525762,107.11328589258729
1.5155980062150765,106.16255959852082
0.1258188826980169,108.55273542064089
-0.3062160211701184,110.08999252994134
-0.9197330552430043,111.52098282097232
1.7366137369745709,111.77443967395479
0.8932389479253705,109.84319415150138
-0.3422125589506487,112.0513533789837
0.196036274573555,112.61424366798865
2.2495542684970546,112.46526270600674
2.4535887827633025,110.84766377378112
5.15643486661208,111.78260591587926
5.17936367517019,112.34271091833052
4.489835129183726,111.14685315172903
7.656330556145666,112.45135335523302
8.18192245401132,112.61544209535722
9.85730926001231,111.86002255997396
12.394334718270159,111.39276616740207
11.643689102864098,111.424985098737
10.691258008532802,111.29287095921276
11.764977035760383,112.44155752204357
12.181716331738409,112.48487495411335
13.049149619147535,111.31304643257131
15.51553897913546,108.9018015342678
15.805579604896462,108.86972597734626
15.602002345983221,109.84532315992398
16.195915980283303,109.65135352148783
17.436691271344902,110.07120964917723
15.45796975632353,111.90050796274444
14.497234430693503,111.46204168880818
13.549668467023562,110.90482396905593
15.048123792512827,110.83079289707135
13.811547889450086,111.26933446137663
15.540939902936753,109.85835895148222
12.928083231655727,107.14997340669446
11.6600208675065,107.6749822415725
13.404416024100332,106.14691501486597
11.707210838727676,105.42729637402905
11.581187277947635,106.33608679782402
11.45918788775428,102.43000234966469
8.93840922012741,98.85175461667544
7.685418190682394,99.56570099676912
7.947878597799661,102.44402857617676
8.888155004444378,107.02089259642437
10.777461409743973,107.61399104292103
9.660140611706085,109.02751011909463
8.828642855989212,110.07989023856628
7.893192167936894,110.10344137881201
9.816754336913847,110.90132469456762
11.491861943419753,112.39435576335885
11.895858398393488,110.39749037858212
13.43225791434334,108.87190194938223
11.447533949030124,103.74066805550851
11.227808274713936,106.12577206947337
12.162424435546964,108.99851882759314
11.353198515354304,108.29334296024462
16.62166376510753,110.89348053267169
16.07010670469718,109.57567419047105
15.329039236077497,108.96394203181255
15.306510904827064,106.54810103159117
15.152446695744834,105.17357766755084
14.998382486662605,105.60705976958029
14.844318277580374,104.17996303165273
14.690254068498144,104.06698292390415
14.536189859415915,103.70552467251888
14.382125650333684,106.66608094832327
14.228061441251455,108.6440912837807
14.073997232169225,105.11237003898552
13.919933023086994,106.37729757565215
13.765868814004765,107.08758872711526
13.611804604922535,106.3246395866017
14.299958517846642,105.71716813179222
15.30065855374923,105.2332510408962
17.205262340680363,104.19947351794251
17.33806091790109,108.18450417745305
17.755811973812968,110.20396019516035
17.585431436409706,111.6513534027344
18.94336256870037,109.49094339337704
16.542535495471615,108.36560751627795
16.067732834330638,108.84379960157752
17.9470602049213,108.71916621964372
17.654034533443575,110.20430627283554
20.11718141514266,108.0895292952187
19.916895743773523,106.6713493036845
16.894396034488945,108.02392722913986
17.652021351640006,106.47589386945164
16.09166584450118,104.42046029947775
15.154848379746653,105.84523532293832
16.682401250005416,106.46165721767028
16.0362496712426,104.68930514064115
15.594317864126705,101.69716731799944
16.944877672790735,102.25690394486529
15.325430885060406,101.42864103464015
17.753836856737387,101.84533713529557
17.42279817805649,98.60591110272644
17.091759499375595,98.50886153893549
16.7607208206947,96.31938512045905
16.429682142013803,97.66330695234717
16.098643463332905,98.89657608649945
15.767604784652011,95.61438005978823
15.436566105971115,95.54677778800529
15.10552742729022,93.42258124900437
14.774488748609324,93.46400563980835
14.443450069928428,92.95414474404295
14.112411391247532,92.04041648460435
13.752866488948847,91.69822276018546
13.353993898335347,90.25128584185077
13.351462496203867,90.63655766232954
12.758478669689636,89.32999100855899
12.165494843175406,88.51733828108156
11.572511016661174,88.48238426993107
10.979527190146943,88.53310324762788
10.386543363632711,87.49183295512125
9.79355953711848,86.82920017008283
9.20057571060425,86.91577380410324
8.607591884090018,85.46502137720344
8.014608057575787,86.37209207771008
7.421624231061556,84.43092912016323
6.828640404547325,84.22443738989125
5.246786407443923,83.29465642345332
6.668079363715076,84.12236738345126
7.226171026671091,84.20046269685167
9.238107845040666,84.06101159896113
9.036954606193643,84.01407040047313
8.83580136734662,83.47797818690384
8.634648128499597,84.04718936869547
8.433494889652573,84.35324391309065
8.232341650805552,83.6800479766105
8.031188411958528,83.3653191660757
7.830035173111505,82.98381470186446
7.6288819342644825,83.04120460037522
7.427728695417459,82.78129080772963
7.226575456570436,83.02653346386158
7.025422217723413,83.46320220408342
9.978838512392134,83.22888143257086
7.962425108424673,82.73595383635713
5.717595628309726,83.53866607938716
5.511056588948543,85.05332886266092
4.2631973495730975,86.0231670103786
3.1663096902233243,88.27895845440665
-0.32496450353781503,87.78316271238752
-1.3162723976947681,86.87431543808853
-2.382017698665447,85.76643820222519
-1.9503129770075627,85.08705196239445
-1.6772949922271105,85.27376060556095
-1.4637580082851385,84.03503901488104
-1.2502210243431664,85.38707599191417
-1.036684040401194,87.1609738403341
-0.823147056459222,86.74563890488085
-0.60961007251725,86.43689771601443
-0.3960730885752777,86.67513530158978
-0.1825361046333056,86.95749392505822
0.031000879308666462,87.12153011558847
0.24453786325063853,87.1500226961022
0.4580748471926106,87.55709018229821
0.6716118311345829,86.58753874318232
-1.4611798880631737,86.90006809913855
-1.725287291140529,86.83118479260766
-4.46121999935051,85.99916052267184
-6.418107507735267,87.17156381421796
-6.972795312736638,86.91583736548617
-7.741767276974294,85.65820332695488
-6.719282056538841,85.86147333355582
-6.389352820180292,85.53019276787597
-6.0594235838217445,86.06313602843554
-5.729494347463196,86.19307036506311
-5.399565111104648,87.41293122712896
-5.0696358747460994,86.82475587849225
-4.739706638387551,87.574959405261
-4.409777402029002,87.01232209847304
-4.079848165670454,85.21271311963525
-3.749918929311906,85.86941132294461
-3.419989692953358,87.16161376208832
-3.0900604565948093,85.28039595483047
-0.47635970554493,86.04598830721496
-0.6495056220775941,85.20062799610925
-4.946167596101402,82.82922515201578
-7.293082146575371,84.02743814091951
-6.868108741499582,84.7409330946171
-4.311553503134504,83.76921798717501
-3.86313899200398,85.37375866136875
-4.686077694502829,86.91891777796418
-3.949935721009653,85.47847303269063
-0.4057106280021894,86.864579898269
2.248982864477439,88.61253803074861
0.8759586591169504,86.97921908104165
3.647133569921099,87.0096828431773
3.3427711874972985,87.78781944513194
1.950493624635135,86.73578751911846
2.2019434412222774,87.09201258457743
3.1390689384519614,87.12324347833959
2.058813287403365,86.67252180597768
-2.074758889327069,84.55629604155106
0.2276515625904172,84.82421016242172
-0.19052610521310293,85.2334475571223
-1.6524504942860776,85.7685024453186
-0.9957168839109357,86.79230430240725
-1.3288457080639953,87.40649837680492
-1.3359606703301785,86.00235821555516
2.776071483094205,86.74007620007974
0.1754257488621076,84.26756934614404
-1.4310833114031758,84.1093926344973
-2.2552144174708246,83.91469334750603
-1.9534196959639565,85.04760957986916
-1.146291809590625,85.15701029255509
-1.0530750470472339,86.69916110117853
-2.5412026450702383,86.73995608042873
-4.029330243093242,85.1619376869209
-5.517457841116247,85.82687332671337
-7.005585439139251,85.99561024369933
-8.493713037162255,85.50581950504497
-9.981840635185259,85.88978777168462
-11.469968233208263,87.404382381165
-12.958095831231267,86.09896290751735
-14.446223429254271,85.51426430456593
-15.934351027277275,85.16733079869465
-17.42247862530028,83.93828879494485
-17.27010447849189,83.6042224320609
-17.117730331683504,84.46014181419999
-16.965356184875116,82.75541325084203
-16.81298203806673,82.72682907184767
-16.66060789125834,82.136897932275
-16.508233744449953,83.43475182070136
-16.355859597641565,83.39606308972412
-16.203485450833178,83.25161156504171
-16.05111130402479,83.21683469565644
-15.898737157216402,83.0034677127849
-15.746363010408015,83.25955014564907
-18.051345329863363,82.54953392027682
-18.587040734686234,82.89969566885233
-15.785936214623963,82.68157811404954
-17.750585296629822,82.32540883547982
-17.160976393956904,82.7822795823078
-15.64782381805478,83.097915778194
-17.841190384045408,82.53864562717993
-17.41844780208278,82.76242236296402
-18.18368532863343,82.83385890468294
-18.948922855184083,84.71062456863862
-19.714160381734732,85.41061193727353
-20.47939790828538,85.69265880598655
-21.24463543483603,84.02670873931449
-22.009872961386684,83.62258891350363
-22.775110487937333,84.89806559575942
-23.540348014487982,86.60044648225401
-24.30558554103863,87.05707913976191
-25.070823067589284,88.51697510569643
-25.836060594139933,88.72281945674105
-24.96296624590325,89.92668336343098
-27.8668164922649,90.2215119966529
-26.77870585692427,89.56961622710666
-27.750874694280256,88.91567618533882
-29.18043459364995,88.75227211263602
-30.1442439829768,88.95974055142966
-29.101673923052743,88.90910064103295
-28.059103863128687,88.83881776536343
-27.01653380320463,89.59088781574825
-25.973963743280574,91.05020332098253
-24.931393683356518,90.64713774429876
-23.888823623432465,91.2587973555386
-22.846253563508405,91.09251796039098
-21.803683503584352,92.36408724946645
-20.761113443660292,91.94250704059641
-19.71854338373624,91.11486713929749
-18.675973323812183,91.31855183052532
-20.20461184620708,92.33081248817679
-21.290519663370418,94.82180500461519
-22.062616228157207,96.46527554196813
-23.35278436525405,98.30392090535922
-21.77874067073292,98.85589456973187
-22.55604917533363,101.56034774801245
-21.108975536916212,105.46648039401883
-20.831451191424502,107.90659589364182
-23.18689154538261,106.69523261971649
-26.622468814106693,109.68251462594979
-24.1577344781525,109.54406998590372
-22.08363366547674,109.51896097222213
-20.831611052460588,111.6669257450539
-20.71713102927717,112.34024075365694
-18.298854695516415,111.56925507893915
-20.26723604916248,112.44338047461969
-19.655106486686833,112.55254499710315
-21.588922340893838,111.0251383588585
-21.59470879170361,111.92015097090126
-23.666206678701847,111.27848759790436
-23.12755580165365,111.87607542889737
-21.612612084195728,110.94163940320443
-20.998080179962837,112.07271233583207
-21.610232630963132,111.88887295666306
-23.10120383102247,110.37509115441105
-22.462584355540375,110.3861161714768
-24.386482272222956,109.91242486948244
-21.282989569160062,109.93921019756789
-23.386959215438534,111.33790775053791
-22.643655414710842,110.350462459746
-24.408969218786197,111.01274547312623
-24.61639353142093,110.05234624498907
-24.559505396421166,109.13121084794922
-24.502617261421406,109.20094143472075
-24.445729126421643,110.06904020279994
-24.38884099142188,110.18848732036201
-24.33195285642212,109.18814303364842
-24.275064721422357,110.87369196346442
-24.218176586422597,110.56440062594254
-24.161288451422834,112.01732452403552
-24.10440031642307,112.19902535658237
-24.04751218142331,111.07656066651086
-23.990624046423548,108.96155136428199
-25.245303329678446,108.75847115302884
-26.095274578098994,108.65180370228975
-23.72491703355948,108.43386341535869
-22.47170559895825,106.70321481735336
-20.616645296198207,105.95216566817335
-22.260291197290005,102.20452863485085
-20.556658185338385,103.81979739013
-21.626972011751583,106.53179855246425
-19.295002487066768,106.64751478640763
-21.18411919699753,106.6551330345648
-22.133065939968347,106.85700316420683
-21.235478195714403,108.03852791070878
-21.53086442634268,108.33240649004594
-20.364905681729763,107.20405485670219
-21.146758522316137,106.9511147136558
-21.64051625209257,108.80884047557565
-23.303326547404925,109.07874908252955
-25.644293782863755,109.81602769716486
-25.903027746004852,110.05135349773715
-26.286812198610246,108.834075561863
-26.708528629207372,107.1341233739723
-24.880610951510874,108.61596978811079
-26.937090061302776,108.00269043556807
-27.417880329146012,106.9673823090785
-26.49815119242259,101.32177429414716
-25.309139806591233,98.6173950648675
-23.82315565586824,96.87954059410191
-27.026828190814708,96.21487969792561
-25.08380843945444,95.18144675083576
-25.108569642313945,95.18437445484813
-25.13333084517345,94.4322957808039
-25.158092048032955,93.43231216177912
-25.18285325089246,92.46201640181354
-25.207614453751965,93.99604702867714
-25.232375656611474,94.72781328710568
-25.25713685947098,94.4731069720371
-25.281898062330484,95.54472323762555
-25.30665926518999,97.23407295873153
-25.331420468049494,102.45882483269259
-25.356181670909,99.80230313911488
-23.480503972483792,99.2058693438313
-21.582538384116454,105.351047704935
-23.05886884313819,108.73590219153428
-20.74915359429643,103.0899966063507
-17.573084579569546,107.06313865344725
-20.19173081756019,108.37895928892915
-21.57746726993804,109.65744282135337
-22.669584032909935,108.89566760562248
-22.275567947390094,103.70438556661811
-22.99582069521986,102.8611281391911
-22.246071051925988,103.90588511365345
-22.100113106552385,108.39626142665252
-19.970568128993186,106.73813853201261
-19.988451976500727,107.41939272778113
-21.256034968585684,109.96269775662093
-19.809772522918237,110.94730052559447
-18.06108181447698,112.0598098840417
-18.47026881193922,111.3414719034451
-18.50278468352448,103.48954137434511
-16.648446271525405,103.1370200603403
-14.656812957546952,99.62874521392284
-16.441863022790454,99.33857148516228
-19.07133782839105,99.11947597250567
-16.615858772451976,97.09101367351703
-16.766777298011096,99.37777955791496
-15.530498458407548,102.16065499294179
-14.773488189415144,107.24128896479161
-16.119268046433653,107.71906279396175
-17.72044616390523,106.05512640208111
-21.172214218601418,105.7827564212237
-20.266487328251117,105.03311615103352
-20.059625085969312,105.30136716240222
-19.748621042830074,107.93457770140049
-18.409503466170484,103.53441770504087
-17.41671555316465,104.46839442728988
-15.38108073333849,102.4347043847684
-15.390613729843425,99.20975991704393
-13.679422971457218,100.08667454110453
-15.057084611845,101.06148389396834
-14.645668703151165,101.45432996364947
-13.761827336239016,103.11755769835398
-12.71307597681508,102.55378744924913
-11.664324617391145,102.57635225939576
-10.61557325796721,103.33760271478093
-9.566821898543274,103.16801987730547
-8.51807053911934,100.57924746523601
-7.469319179695406,99.35124921258594
-6.42056782027147,100.28923757179555
-5.371816460847535,99.05067893807835
-4.3230651014236,98.0245811351804
-3.2743137419996646,99.95709702200217
-2.2255623825757316,100.30976403901916
-2.9577091754170852,101.93093618254565
-1.380142255235552,102.34419312644737
-0.45475141843705347,102.91595769702903
-1.6946830696888489,103.04275553284081
2.4302847929893074,103.50684280256442
0.4508859259807534,105.90143955771315
2.6813773519983486,103.85646936546604
2.029571310811281,104.93426097420935
2.7654630597776566,107.07895349773597
-0.11201242885725904,108.96407661651621
-0.7142615135166736,110.75732789556203
-0.6683987146286655,110.62720170009524
-0.6225359157406576,113.25135330773165
-0.5766731168526495,114.09631994985092
-0.5308103179646415,114.00041629949226
-0.48494751907663347,115.44417919971332
-0.4390847201886255,115.3177493771928
-0.3932219213006175,115.15931984387551
-0.34735912241260947,115.03895831247792
-0.30149632352460143,116.11133232662615
-0.25563352463659345,116.5044926193756
-0.20977072574858546,117.56678704743419
0.1369394836045989,117.46637964614246
0.48364969295778326,117.17700728294464
0.8303599023109676,117.8807861748693
1.177070111664152,118.59025711502649
1.5237803210173364,117.90746767371344
1.8704905303705206,119.05381473557006
2.217200739723705,117.66412436922826
2.5639109490768894,117.0129926904995
2.910621158430074,119.99496524583262
3.2573313677832583,120.04959609177585
3.6040415771364427,121.63248967431771
4.060187967638085,120.78494901989141
4.680021941752298,121.28433602510647
5.1066528148826364,121.25200758200755
5.405780685331901,121.93703212365254
8.388916894599046,125.08884450790038
7.613708398626748,126.62292030314198
7.3728416517278115,129.0472862652159
7.131974904828874,130.09787270986845
6.891108157929937,130.42703413134336
6.650241411030999,130.0234691792117
6.409374664132062,128.41088547237766
6.168507917233124,129.4203334252425
5.927641170334187,130.1692910497602
5.686774423435249,129.09020841069943
5.445907676536312,130.4368315783682
5.205040929637375,129.87860737330126
4.964174182738438,129.11856805259282
5.915814419011106,130.5124576927407
8.068997945471454,131.17028873391138
11.191405258698918,131.5509020334683
11.32143465005789,131.37291612877627
11.944555661299159,131.2688640843312
13.14864721552134,131.50831389425488
14.645076266375742,131.6403496187009
14.93816863942426,131.29251016570117
14.554434371344335,131.92303985443502
14.280338731576595,131.88371125960245
15.292889395302787,132.33237263321809
16.216951937648247,132.42854680238267
16.22456406899113,132.80554306267152
15.869320792526347,132.98131635474917
18.781414590860724,132.25461758852927
18.425836622537755,132.4510160159203
20.857365123141882,132.74611648748814
19.83336062146947,132.9396072037514
19.01185097212556,133.16144176389577
19.09893980202308,133.32356321447753
17.134408305710302,133.63289245558178
17.68185335085655,133.78929672653862
18.130060199791707,133.33738801499157
18.822271667810337,133.65066875014747
20.91409201165166,132.52383651725944
19.8359193447884,133.37845386191972
19.388288598501536,133.31747065322304
18.677634812815604,133.3572792328902
19.622034734776697,132.67096430528764
21.644858481910667,132.16992344988003
22.549142381204813,131.6528059844864
24.631376054911946,131.4660147851708
23.998381893225417,130.84927902398528
23.36538773153889,131.09011031053012
22.73239356985236,131.0795269713505
22.09939940816583,131.86031618685004
21.4664052464793,132.99272866459475
20.833411084792772,131.8266965705964
20.200416923106243,131.5225795962993
19.567422761419714,132.05746688768966
18.934428599733184,131.9235589103852
18.301434438046655,131.66146346455338
17.668440276360126,129.53334095702706
17.49207578789969,127.28050120247177
17.315711299439258,130.69542734532666
17.13934681097882,131.42285217849818
16.96298232251839,131.75704888281786
16.786617834057953,131.31261165646995
16.610253345597517,128.54573015361578
16.433888857137084,130.97393761663216
16.25752436867665,131.3327131472387
16.081159880216216,131.29504866088246
15.90479539175578,131.7393759506753
15.728430903295346,131.82016443437112
15.854681475056319,131.2325696732587
16.80454349802461,131.2578079424646
17.26035507721226,130.62643450662324
18.12318987041527,131.2184626220022
17.631699528915256,130.12499913725583
19.72962471017493,128.12642139395413
19.302392437073625,125.67703853870738
19.735342304271967,128.12563654374821
17.46300718050365,126.69301243793274
17.40212010469183,125.23798978461546
18.938385745997348,123.54925987487286
18.908039903051648,123.84718697184125
20.634284692815786,119.73662705796224
20.303950679174438,120.02876169319727
23.663063758397428,122.41552666343125
22.943024385813303,120.16291006303584
22.17909824497957,119.87754984989719
23.973302906416386,121.56412033225138
22.90064768370495,119.88947915601118
21.288809981067725,119.81029452317833
22.163049296609472,120.4155255406582
21.647224125139644,122.65804121130648
22.92389662028016,121.50456156880949
23.975595665891937,119.77155792074002
23.360227809168695,121.98240354240272
22.166087793387835,124.01412359025221
22.20592270354753,123.3983056404497
20.408034127817718,120.96294316574833
22.299767210962138,118.66449301695745
21.97141647683063,119.4535821332685
20.104097334957714,118.07345530089296
18.758233543367485,120.26835227840213
19.272733701730118,118.70466171889751
19.23483189708874,116.98576975967082
20.36757360008214,116.36349035518634
22.234639589935224,116.74911234078304
21.21925945684581,119.71178549164894
23.168848542181586,117.63151708093542
22.924049798970767,116.92912500001219
25.038309194954167,118.73732938819889
26.476012932684526,119.78906285651394
26.914357559926653,119.47525946958406
26.230274640865066,119.7482769621484
25.878631293580245,120.54159297703823
24.84698456269494,119.71856195616144
22.278846101840127,119.4580606747686
21.726110536246953,120.07325932390715
22.748149780406123,119.75967603378547
23.430737846204508,121.00268188621214
22.27172038087941,121.6956311217717
22.61306108971123,119.95428065211084
21.01994951011917,119.47679956180517
19.27776308197624,118.74598537907765
19.9279719207228,118.80953634887514
19.93737243219648,116.72334532600365
19.846767225004786,117.93725327006906
19.756162017813093,117.51697195857358
19.665556810621403,117.8587990128164
19.57495160342971,117.52321312849551
19.484346396238017,117.28163481431967
19.393741189046324,117.40799855953136
19.30313598185463,118.19844031577544
19.212530774662937,117.45469595656658
19.121925567471248,119.01244043070169
19.031320360279555,119.83751497171046
18.94071515308786,120.54888008713662
20.76534596662844,121.24130089915813
20.484250788587545,120.12196821891251
22.72601618511488,119.66556599158285
22.565666033493816,119.16654378816672
22.35339045084429,118.79616344419345
22.715908852910243,119.0769309661137
23.078427254976198,118.7328471955525
23.44094565704215,118.46025887107426
23.8034640591081,118.09007383521443
24.165982461174053,117.1362150577607
24.52850086324001,116.97951872763494
24.89101926530596,115.54419034279127
25.253537667371912,115.96436011998136
25.616056069437864,114.76130411511045
25.97857447150382,114.25021366052343
26.34109287356977,113.94465651812969
26.32911381999044,113.34735117742015
25.98309439230638,113.01672027759601
25.637074964622325,112.5108810463897
25.291055536938266,112.12600165429372
24.945036109254207,111.56565088603593
24.599016681570152,110.69695263583475
24.252997253886093,111.59835769008086
23.906977826202038,112.49915752255906
23.56095839851798,112.84105146914317
23.21493897083392,112.4872083696057
22.868919543149865,111.99830463438497
22.522900115465806,110.97887553451213
22.33275855625296,109.82465019273035
21.353916145730686,109.17875104479572
23.41705407421377,104.32442776819398
23.01682079051596,102.93889964733832
22.61658750681815,99.23916465023456
22.21635422312034,96.95154363263715
21.81612093942253,98.6812113468955
21.41588765572472,97.82251589867796
21.01565437202691,95.75231251983583
20.6154210883291,96.60268545232424
20.215187804631288,95.54541382976443
19.81495452093348,94.59899756010114
19.414721237235668,96.3789110565745
19.01448795353786,97.08099813324777
19.097523124664605,98.2742422864089
20.49569828168171,96.61565322840423
21.900111750068042,95.05798255896273
21.940611964929804,95.72774889701562
21.98111217979157,94.9428588661961
22.02161239465333,95.13555222338582
22.062112609515093,93.45627331841959
22.10261282437686,93.79470638230374
22.14311303923862,94.0410433018866
22.183613254100386,93.70137766655085
22.22411346896215,92.51224510703531
22.26461368382391,91.90115592757151
22.305113898685676,91.17751830550316
22.345614113547438,91.40139871100581
23.119261122225126,92.14682884895934
24.911709879017316,93.52703066716406
24.02152412467576,93.87083850742567
25.029860789381917,94.08241874859364
23.99665572253033,95.02552056082865
22.850601586168974,96.09713065990942
23.739349780859705,95.51197104553032
22.765357778563292,94.87782898507588
23.41020363840481,95.58921786083728
23.30305186249416,94.91884302340712
21.929422153831375,96.7136843766948
22.27595847418621,97.32108387065561
22.622494794541048,97.6839482662579
22.969031114895888,98.52831001686322
23.315567435250724,98.87381214478762
23.66210375560556,101.2420882439455
24.008640075960397,100.78607298770547
24.355176396315233,100.27116256817376
24.701712716670073,99.90071560460383
25.04824903702491,99.92224724143173
25.394785357379746,99.76414993496611
25.741321677734582,100.24596548846675
26.05308641355092,100.35533236405792
26.032338266553623,98.75477241794515
25.822204907836696,96.98779206082934
25.37560255593081,95.65195418497767
25.67375269774713,94.97765428108421
27.379682186231268,94.18190635332931
27.33738611988339,93.94751813138932
25.285009401464144,94.06582868792579
27.28936005574403,93.40359066005448
27.472949347387253,94.65048520512596
25.48925176864218,95.23027421614307
27.587042177451057,94.76285376797331
27.45488939001035,95.98830705732217
29.40563832383501,96.66426156298998
31.073261609333745,95.40748136971682
31.351831666297247,96.26695916338284
29.897918095582472,97.68952451599806
30.357129411525783,98.04496999958256
30.280209225139902,98.31524611895341
29.457989615697347,97.09212622368347
30.78676419384384,97.60996537160365
29.632960765849287,96.26362126867406
29.89759355009344,97.13764322953648
28.85673049131609,96.5272944153207
30.88412997475645,98.1650448134357
30.859517425937824,97.15639553793584
30.91021890640469,97.15095261448737
30.620969244630817,97.12378902977463
30.331719582856948,96.413229828777
30.042469921083075,97.8297550128402
29.753220259309202,96.79713041105829
29.46397059753533,96.3732343485777
29.17472093576146,96.3478574104839
28.885471273987587,96.08108322486453
28.596221612213714,96.20326805823395
28.30697195043984,96.032752981141
28.017722288665972,95.02731231292812
27.7284726268921,94.05071328808174
25.790052304475672,93.29400242098357
25.787590010026772,92.08268345548696
27.234680614588143,91.81955617070874
28.64435020711896,91.5401187513064
29.13472270491946,91.70701968212981
26.00375094722952,91.85757620000416
28.599982388278402,92.39043968767666
28.08775691431435,92.92052096869396
26.072135366295942,92.45851530047437
24.252906317021544,94.20283421396597
25.241945519190317,94.21840065696851
24.27571115497185,94.50886135670781
23.38050278703694,95.14728183212053
19.86667688948171,95.63742729832987
18.627795542585336,95.76112186946237
18.03916487515139,97.1563888357025
17.87082310230628,97.83107095222572
17.702481329461172,98.63173444431388
17.53413955661606,98.21150099457998
17.36579778377095,99.63248779786132
17.19745601092584,100.1328503113108
17.029114238080734,99.89324969278893
16.860772465235623,101.51828303678106
16.692430692390513,103.67192991911716
16.524088919545402,101.14112314418098
16.355747146700296,102.26490371621593
16.187405373855185,106.01907110039504
17.75126454497664,108.66637297057629
17.63703816886826,109.8563697177778
15.92338813570389,112.77077453842047
16.137610871866677,113.00149719806655
16.351833608029462,112.92839499295317
16.56605634419225,112.96542221890068
16.780279080355037,112.91177846254256
16.994501816517825,113.33565385761315
17.20872455268061,113.2498071596995
17.422947288843396,113.20150171305345
17.637170025006185,113.60096487248629
17.85139276116897,113.85166677494811
18.065615497331756,112.96660997833811
18.279838233494544,113.87675487922233
20.21574492061021,114.63500056329104
17.792702776582466,114.8350632016596
17.194937551228655,115.65431841794874
18.98728929277175,115.21951732321486
18.999787272004824,114.98204118182845
19.0122852512379,113.52616995656122
19.02478323047097,113.89875540265874
19.037281209704044,114.09649992175923
19.04977918893712,114.26043052538246
19.062277168170194,114.27208481727558
19.07477514740327,113.39787156503178
19.087273126636344,112.82409292687007
19.099771105869415,113.11586467839689
19.11226908510249,112.66579273203921
19.124767064335565,112.6692081592235
19.537931176400434,112.5227157104058
20.175613898651186,109.52861401551772
21.574154079522373,109.78949914770784
21.617577066752993,107.63303358569921
20.286853709647033,106.3924729838596
19.393046095072087,105.66444765503746
21.06741095519646,106.53016497986414
21.21211202678389,107.51671824398773
20.845223075125904,108.64812151385412
21.799528149151016,108.84860855222921
22.74064568770817,109.48270011504864
24.31971603973384,108.57495243629901
24.063761233121586,104.63760645684184
24.66079312203178,105.45572849201548
23.688753125515625,106.69346224803309
25.595096922805645,108.09154560728201
23.553272596710855,107.46561181245086
23.950441011965506,104.6368176968898
23.169164987168248,102.15948155841971
22.69970623063471,102.11671692772416
23.75143497021574,102.27316387516197
25.151780302669152,104.61001057738915
24.718073309970745,106.6414882567681
23.995799202159066,107.81325916834962
23.54373232763554,107.80899254868365
22.022651384411187,104.43988052453469
22.32694918791103,100.72253263312106
21.38631255292299,101.080064084828
19.847508743866776,101.77267245689873
20.301391582269993,102.05412555990674
21.657550047611217,103.22155916235891
20.821234636767063,104.5589172056721
18.80840705322502,102.99662126886673
19.011664592249165,104.13287334635422
19.20660817216705,103.95732905123096
19.401551752084938,104.11336214010286
19.59649533200282,103.86982213459041
19.791438911920707,103.41501494375531
19.986382491838594,102.97619224563401
20.18132607175648,103.33895097980258
20.376269651674367,107.80413192563488
20.571213231592253,108.5038695408829
20.766156811510136,108.91816835863588
20.961100391428023,106.75886646056222
21.15604397134591,102.96966232597501
21.01598177560959,102.78745219084098
22.33748319282265,102.2036630491339
21.039141976599335,101.13702832046071
20.38780065780466,101.5105390422304
19.141562164659856,101.2310171650876
17.252322806098242,101.93476922053053
15.705083922017682,101.56470967418323
16.034127773009022,101.57095926224909
15.239925815303298,101.28904656075109
14.991809834236923,101.1008603952257
16.329598004258873,98.69424977947361
16.487829871735865,98.32223281554683
17.469854599691416,97.56806692463249
16.984393509621313,94.88047629406181
16.637060586417697,95.74558856710189
18.57827585139243,94.28207723573566
19.019152431135115,93.25869392689337
19.487778692178978,92.40586047202356
18.63525555949666,91.59126303414516
18.498049705477275,90.48125335077013
18.36084385145789,90.33492629365682
18.223637997438505,91.42283607339559
18.08643214341912,91.05714210563636
17.949226289399736,90.60344755886089
17.81202043538035,88.399616099341
17.674814581360966,89.36037749622498
17.53760872734158,89.36378436208864
17.400402873322196,89.25190205521793
17.26319701930281,89.89592830112865
17.125991165283427,89.99484880848584
15.393912924099624,89.53605312955568
15.424038619541145,89.86938316318373
14.765683544906482,89.62969682142149
15.095193094696043,90.58936874902545
14.366086785702066,89.83972229117126
18.68824075428131,89.6571144626676
18.24847749478745,89.84921412419921
19.33424660862217,89.35716304000776
18.652734852330664,88.41781465890743
19.8921103945351,87.57333341636124
20.788733262891604,87.29047772135243
20.853329071622046,87.61170943733288
18.6619231173386,88.22664802728697
16.172015805568194,88.85981649130204
14.637987237850645,88.04352248485613
13.846231086845599,88.05903022782589
12.990438703549055,86.9525825098245
13.072723297696351,87.95112061840102
12.86044708952398,87.44389067793762
12.648170881351607,87.59434395486028
12.435894673179236,88.83459936710436
12.223618465006865,89.66395592354115
12.011342256834494,88.88783621859098
11.799066048662121,89.65876217829303
11.58678984048975,89.57733462692265
11.37451363231738,89.46318744518075
11.162237424145008,89.29743629360843
10.949961215972635,89.04241142564152
10.737685007800264,88.22532512705558
9.773522857988679,89.81591629027189
10.950641359731248,88.79327933230789
12.105446871540321,87.99485174652374
11.217504053550853,88.63116481230769
10.75808661739314,89.38818130697713
12.307580142401688,88.77288933996586
11.575030708724775,89.0684045864084
9.65234982236285,89.0776663138538
8.62429555739102,88.56721240461043
10.569659584249305,86.46372114275755
7.953591859136999,86.95216539974595
9.023926598689606,86.26895956330738
10.484136620516423,85.97769663928287
10.98986795098722,87.01814911040178
11.760670296499145,87.62041376992424
11.338700026247471,87.8329585108455
12.278241495124742,88.06215129345432
12.549057078405427,88.35743084150235
10.663239269611386,87.8870439909273
10.244556378469731,88.48788063424652
8.338227989193154,88.42601709851739
9.67663211276352,87.73531866039005
11.095132238417978,88.7630283104195
9.943589804844613,89.09787737960957
11.974733524401536,90.06643000702397
10.044451784028851,90.36116084773668
10.132251504902484,91.14744938660573
10.736654009103876,91.34215899722298
10.831763634937944,91.91001156265466
10.685543858972574,92.68718958590219
10.848128131497448,92.69244109435276
11.010712404022321,91.87837401261123
11.173296676547196,90.68307649057414
11.33588094907207,90.4540143511749
11.498465221596945,90.4069385422619
11.661049494121817,91.79271191012772
11.823633766646692,91.65122738288574
11.986218039171566,91.59757907154709
12.148802311696441,92.57952352248621
12.311386584221314,92.17082140655403
12.473970856746188,91.18083548948779
13.62025324428395,91.00404795678321
10.344321600679217,90.84909909089396
11.590404665874402,92.12049416749996
12.084220685606459,92.32953697799734
11.714144862761705,92.35517073828126
14.84119698942737,92.02502342960068
12.304529846353157,92.45134239735599
13.442827800440007,92.60872011937248
14.180164162192654,94.14998556724433
14.9175005239453,96.08616343826984
15.654836885697947,97.14240624944117
16.392173247450593,97.61440829779332
17.12950960920324,96.91782544859853
17.866845970955886,99.01623027974071
18.60418233270853,98.14608814269461
19.341518694461175,97.9626919344477
20.078855056213822,99.22803780374275
20.81619141796647,99.30018429078758
21.553527779719115,99.70713948804516
20.146320611624112,100.67130951453558
20.207511776954682,100.81671851813188
20.058660482843464,99.3006432092929
19.457920091823983,100.53179193571984
19.32327983531038,101.09648034803199
20.441557996587395,100.24018245660822
18.494032515377366,103.83377034629821
19.189314102169895,107.54907641573224
18.457698580711195,108.93113953482383
18.087083990166132,107.70840632223461
19.16193071029197,107.26263765638805
19.769003409230173,110.57302135385271
16.466664126596925,113.02309248411316
17.870122680419907,113.02436423327134
17.97743002196425,113.14737661487459
19.68616531838242,113.75493376014373
21.227114368081637,114.27288094646424
21.09644677292011,114.4836017589777
23.890747312340515,114.57760175996758
22.158088791744618,114.39381209884365
23.07140734431196,113.69353644059164
25.885174782048452,114.01306898577495
25.939839003984932,115.1304725930784
26.38203794727341,117.12555752294864
26.79720113505762,117.15105103389381
27.676820065397575,116.39586363307237
27.90691919934139,116.49262933073601
28.838592933090645,117.91341501932146
31.128942302872243,120.11596159603309
30.85694506379297,120.13606040900055
32.11922591374496,119.37535783562447
33.072290005038425,119.28256459973552
33.22774937728504,119.27312001390352
33.93981956336449,120.41994708956115
36.570423310337915,121.06515920580964
34.712962246769585,121.29399170905451
33.813482931696,121.72715901737072
34.113233541914155,123.65500548454857
34.48742914328493,123.01790728518179
34.338142317240546,121.31219578331974
35.785651454502634,120.55216200599175
35.75224781567604,119.7321402161308
37.58606780651627,120.05771940396413
36.95085646336839,120.2874224651202
38.88206401059325,118.73097469000798
39.662930971926315,118.78984801442901
40.69795580078533,116.70248665714354
38.99340098840729,115.88711171286542
41.956529621710935,116.14459241223406
44.252086888998015,116.11257036167754
44.35644766423626,117.10435280030642
42.35714548041224,116.38367228038575
42.73977248181068,116.77960078229243
43.753058029387404,116.02385138601322
45.78822091463179,115.74196990197294
46.116295769263004,115.47800044363544
44.39420887055696,115.43393880962604
46.171531724224195,114.26261143989659
46.786556573458675,114.19097361545498
47.03646339141726,114.13680773477319
46.18399518786374,114.76165099980852
46.3800534286226,115.32452035580546
48.67598605596668,114.42648951665323
48.74917807618049,114.84312202590111
50.273519032063625,115.09415187599537
51.652194231378175,115.34623270185593
51.290373359364324,115.79482466210777
49.436775113286274,116.56239339442581
49.06829021867827,117.47737424292123
47.30035335369631,117.35828268317452
47.258138487834046,117.83726583659006
47.19043571976991,117.32053970056164
45.721599743394016,116.20997570661905
46.27149585873422,116.20625864994511
44.017220196200626,116.93572309052485
41.381277740955476,115.83376442137933
40.32694322005179,116.06150552356821
42.31801569074567,116.43339657279591
43.40726079614269,116.41291257855546
44.19916225032369,115.86219831133646
44.12163323012518,117.01563529999058
44.278770633737714,117.46944972564012
44.81042098223878,117.85627292145703
43.76581402073977,116.9962590447817
41.874881830099,117.17167391130056
43.64796288768073,117.28756161484473
43.78107852400259,116.04294362605737
43.0423436651692,116.19133136045541
45.21826161309502,117.81188232720967
44.41822759193255,115.55740145666044
45.61604220789487,116.99041879947397
46.351888069924335,117.82695867026762
42.633773918691055,117.08175317839786
41.505180970778284,115.44684588596334
39.50494163394731,114.85660872128429
37.812822005124204,115.45581208690632
38.50179997666296,116.1851997913037
40.55427614371617,115.9867653189813
39.845802878942905,116.03659212203924
41.614692096708396,116.9920607357316
41.38551032681609,117.28940209957685
41.15632855692378,117.61545570833123
40.927146787031475,119.06560789824952
40.69796501713917,118.18882936611244
40.46878324724686,117.42078106474308
40.23960147735456,117.7127930301253
40.010419707462255,117.5068086878398
39.78123793756995,118.20418814197792
39.55205616767764,118.81383734814341
39.322874397785334,119.80826080451766
39.09369262789303,120.33081276830177
38.20293585331097,120.77204169264215
39.33213233038628,120.75501201440724
38.28321135413998,121.18692837134536
39.526393306527005,123.09797898143964
36.66803353611975,122.23882511984748
37.80136962236564,123.91813993184873
35.090223092033305,122.73078793941451
34.29684100559781,124.58356485297888
35.11225937700627,127.43643805743812
35.59158031052852,129.64115900534884
36.08894208163544,131.73322278197844
36.34561821542406,127.6868807222084
36.3674452193301,126.9623578005981
34.144685944098015,130.94765094780158
32.80597648876255,131.9247039716639
32.56985775471864,132.45283450984695
33.575951815516405,132.61852787430539
32.35191651221031,131.5645901355906
32.05821614822962,132.43652892446036
31.51856807103461,133.68237662478725
31.584075851440577,135.16917017347401
30.634321033728703,135.36365957875535
32.04401444182646,135.5415026649208
33.585454670691256,135.96909312036405
33.96678111999345,135.32304692874771
33.16446903883825,136.65512867474303
31.86238475941053,135.70449800545737
32.54756494784253,135.1479642254602
33.25884980091745,136.32479828097135
35.84506635211765,137.50345441928673
34.081913969912875,137.4333051756708
32.629721589891496,138.4781424312686
31.352778689986334,138.7420275679828
31.07284519767644,138.96833213206517
29.339525048530795,140.0285445390605
29.215860733609865,139.20081252323945
29.479627904768954,139.7718129633356
29.743395075928042,141.51717908561898
30.00716224708713,142.63040111116834
30.27092941824622,144.12522858616214
30.534696589405307,146.1147772484665
30.798463760564395,146.55874646948044
31.062230931723484,146.88259106673166
31.325998102882572,147.56469344695927
31.58976527404166,148.62674050851453
31.85353244520075,148.31967400195705
32.11729961635984,146.9882711804289
31.922785266387603,147.58623394030147
32.91471634432124,146.94727856729162
33.90664742225488,147.03790107148174
34.89857850018851,147.07574252662536
35.890509578122156,146.93323565873072
36.88244065605579,145.79093093554468
37.87437173398943,144.25789161015334
38.86630281192307,143.97283308811393
39.858233889856706,144.45490132492637
40.85016496779034,143.84601106211565
41.84209604572398,144.34722253621945
42.83402712365762,144.30502064669184
44.31729311097668,144.22084599625416
42.91094622168957,142.9409196078019
41.593924468377296,144.38283652451506
42.02739829624644,144.7272414329524
41.01485012648024,143.71812575276434
39.592182775226945,145.5202299496585
39.34609298552531,146.1124813923826
39.80922915266805,146.27028870075893
39.70832096374824,146.38639386445004
39.60741277482843,148.38368638696969
39.50650458590863,148.3901912230812
39.40559639698882,148.80786525260433
39.30468820806901,148.03775557825526
39.2037800191492,148.07097588956364
39.10287183022939,147.01742829582773
39.00196364130958,147.57715160724007
38.90105545238978,148.10445198157453
38.80014726346997,148.1190710633431
38.69923907455016,146.69995542934558
38.99288293873999,147.81635363195852
37.230147861674574,146.76943413509844
36.7078989372475,147.76529656839077
36.812396398320885,147.24723425705452
37.11685922638819,148.2702765388738
36.98168841220145,147.54371960704765
38.167897581789525,146.7896279264386
37.586452943967934,145.1030673957629
38.6716577325818,143.12411205671285
37.32845065900219,143.6889321379775
36.4166366884432,142.995104070194
39.069950159860575,143.8248574731534
39.95611294379936,143.16166965670925
39.08195573009933,142.94567615659747
39.127450567612925,141.46500207662442
41.00452604859406,142.74397194343246
43.787833241771395,140.95396188483156
44.394823507450276,141.16427002474458
43.98030902877095,141.61250501144647
42.575344489746904,141.58259622710636
45.15485220750965,141.6490248614704
43.42133567289318,142.289290037263
45.3720640332826,142.5883890824838
46.340871307880256,142.58991595982945
47.583806883997894,142.8624030516536
47.31099303710807,143.0034136597819
48.23481310738494,143.02839372910955
47.70279709032513,143.79046216938474
49.12185425388683,144.57884782553506
49.98220023576475,144.38838289776822
50.48542937807653,143.1368881175654
50.99203999399784,143.8613582277311
51.751339559134856,145.01703582769045
52.053277304185045,145.3788951027413
51.94191730582582,146.6157222308806
54.210142231369076,146.77072077063767
53.834574000161076,146.81332848803598
54.5633300204476,146.8312600396533
55.105672321345494,144.893443922495
58.026021313695104,144.70510296506507
59.053542517778965,147.0015483986739
61.54452888055685,148.3532338071229
62.31588957352157,148.85118391226743
62.756042249424304,148.88787404178862
63.384862006245875,147.53297349856118
62.70065703518135,148.15500320597442
63.08312093427718,147.37048472162257
63.465584833373015,147.57852945063672
63.84804873246885,147.5844471868433
64.23051263156468,146.78417137263716
64.6129765306605,148.311822589695
64.99544042975634,148.90979637029847
65.37790432885217,148.6206297817397
65.760368227948,148.6749709135651
66.14283212704383,148.16839134510062
66.52529602613967,147.09451306622245
66.9077599252355,147.97598660148407
67.14443131275145,148.98434950842233
66.48441213911273,148.12872067653456
66.50893178952775,148.66962662254934
65.98368405913224,147.55006997862952
65.4532671830446,147.23535777098843
63.02087736376209,145.98672526370393
66.45936874566858,144.49964131448925
64.42222864016283,145.75256293360394
64.9440153486972,146.0733991251279
66.92503909862008,144.893305980621
66.65232772376326,146.1543421659152
67.64367788203039,145.44444116875687
68.22537107755474,145.35418539433348
66.59659884914029,144.1660236378549
67.09994597703486,145.20776413570692
67.7711817568737,144.9045433596299
68.52856140011923,145.1977366555217
68.43561441232391,144.6843660643115
66.42402063963527,144.47528820612797
67.2585723954268,143.7314341018022
67.27110348568394,145.46296811413643
68.84819269276299,145.37619370318933
67.537013018851,143.826309160246
66.46295277732261,144.62178012567009
65.92907156454667,145.34237171803352
62.447744253263885,146.58230239732555
59.544732837484844,145.95370810727155
58.61885962997176,146.39898476873668
59.736142988624245,144.35638508152695
61.51778183670018,144.93536563981888
62.67019231136794,144.79588441998592
64.81049986343777,145.05025231613266
62.44183512380879,145.0731291360479
64.95154311271286,144.78890499340326
63.44728429244859,144.0339273857156
64.35104293771175,142.61110562790464
62.66146583456887,141.86569259427372
64.64646794636243,140.71928978471354
65.3632492053233,142.03522490323508
65.5063000084859,142.71060111634253
65.14049045402888,141.98255268605897
66.49772618122331,142.79180670912473
66.75373407561297,143.34983867888837
66.2333839012026,142.9609525029589
66.38383053405502,145.0624332460368
66.72519595428439,144.40461477798237
66.66402463057146,145.00522727187862
67.31531801495144,145.04331056585823
70.44943004592268,144.0987584140314
72.2180189556964,145.32650342779277
70.03753734094977,146.47232559513319
69.37291083559822,146.70277633589473
69.78614217750467,146.28946911654936
70.03325826439774,147.2779003181047
70.28037435129082,148.1337159950088
70.5274904381839,150.08044301814036
70.77460652507698,151.1893507023933
71.02172261197005,152.24299236532545
71.26883869886312,152.3256785325132
71.5159547857562,153.80077874827833
71.76307087264927,155.26953328114902
72.01018695954235,156.5540399549987
72.25730304643542,156.79118127514184
72.5044191333285,156.85685367898444
72.7185571505592,157.39004502433957
71.7411855694127,156.72258364967882
70.01720474415917,157.47322639680522
70.94732248223377,156.85968459694215
69.35402713560704,157.2621229600464
66.02760824999281,157.41650234425677
66.04914155992024,156.76510630285935
66.108269695289,155.61151155789736
65.81133450250893,156.04298684995086
64.56884613130832,156.40054673666444
66.20143586810651,154.09035123254665
67.74543414733938,152.8769681099858
68.3865575988625,154.43963354371
67.29199127792943,154.7137090072306
66.61185026354674,153.18089197224452
66.71487605198429,152.2525997586842
65.66919978683676,150.73214539347939
67.05062920759255,151.488738363923
67.44456723190535,152.4444970209384
67.44140688846704,150.68050152233036
67.43824654502873,150.68814173069012
67.43508620159041,151.27037336735074
67.4319258581521,153.31496355208745
67.42876551471379,153.49471035273348
67.42560517127548,153.08684701584886
67.42244482783717,152.7473522928806
67.41928448439886,153.62587981971015
67.41612414096053,154.2893892307838
67.41296379752222,156.85943583008705
67.40980345408391,157.73325531824108
68.61797627721565,157.88667120566834
67.78704741144486,157.71182741628772
67.05965509952279,158.29908327447126
66.30407707374279,159.35764719880203
65.00435781641491,159.1267644161119
63.31180872292838,158.5553874348611
62.15275979335228,160.03204624014919
62.910354137781106,160.5671571952458
62.4131371065862,159.9808213924765
64.50731706608991,159.1683401081381
63.310903403111354,160.01059759767782
63.55712079457655,161.11341088298536
63.53063891504827,161.0879922713785
63.50415703551999,161.4516316255492
63.47767515599171,162.0055043673088
63.45119327646343,162.0494158318371
63.42471139693515,161.7259548825112
63.39822951740687,161.22516939083607
63.37174763787859,161.1338779615839
63.34526575835031,161.30240917220277
63.31878387882203,161.5597554310942
63.29230199929375,160.7847732531813
63.26582011976547,161.45135117479788
65.03823875269474,161.42991642204754
66.83202590580709,160.79342378430397
67.03517764044409,160.12470940408085
67.23832937508111,160.4531444561176
67.44148110971811,160.10612780670002
67.64463284435513,160.84355214161448
67.84778457899213,159.16049493160028
68.05093631362915,159.09016171188892
68.25408804826615,158.42358656617523
68.45723978290317,158.60854586693424
68.66039151754018,159.24624535426767
68.8635432521772,160.26261352521672
69.0666949868142,158.8677166162336
71.06823885823523,159.69799185442164
70.41214203357693,160.43766905452478
69.92391390433754,161.41433737009973
69.29385574655261,161.17375916874644
69.82784981100632,160.87832223135192
69.55639510253602,161.73962253639138
69.80709920186037,161.1690508299103
68.84055880963938,160.71311762527532
65.72243768535296,160.59215220985874
66.88925178362105,161.5610734066081
67.29390212875883,162.56141817407743
66.16667900548372,162.2988216124452
66.01949742317078,162.91087402222075
66.33638666329813,162.1308636612122
66.35316918930927,162.02902959061134
66.36995171532043,164.17818528780126
66.38673424133157,165.22308265378825
66.40351676734271,162.02123978667203
66.42029929335386,162.05428696364245
66.437081819365,162.83665688964552
66.45386434537616,161.74783561073428
66.4706468713873,161.23163201251216
66.48742939739844,161.27186628995912
66.5042119234096,162.0711912680097
66.52099444942074,161.4161563482694
66.5994339378715,161.34525139511996
64.13677172133865,160.87650005146148
63.1162081687188,160.68331685312046
63.29649387152064,159.5469103536587
63.24757258719381,159.88604808245665
63.40763462992398,158.65865753343854
63.307999265306286,157.90905575540665
61.424363392791456,158.86197632876195
63.03427097602382,158.59596529302496
62.72424466330663,158.43896671892102
62.41421835058944,159.15267841191704
62.10419203787224,159.1225849708214
61.79416572515505,158.44383810348018
61.484139412437855,158.76948998070935
61.174113099720664,159.8462699301404
60.86408678700347,161.04002454277256
60.55406047428628,161.99538362422967
60.24403416156908,162.91807780281647
59.93400784885189,163.50247754394735
59.6239815361347,163.9157431973268
62.31545435417955,166.66871276723194
62.100948288588974,166.54270403993476
60.19648830936763,166.67484129632857
61.417041834550716,167.2219752584235
62.80719649378156,167.25326424693404
65.24910960479336,166.39643532544866
63.06569935200969,165.86921775644933
63.0739554577081,163.3875921168343
63.32650679214768,161.21812774127784
63.58059656390869,161.18697521741467
64.5438246206609,160.01309251120003
64.90898486202464,160.34104223005713
62.056755613183846,159.9777136225172
62.19662569719339,160.25141613414254
61.89005050997339,161.2541976429683
59.60429178540033,161.2261103472964
57.967380380190455,160.33925293275266
59.19556728210848,160.99691243483844
57.723644632988645,160.24576258019297
55.52560178533763,161.0392242870854
54.46318533702092,160.39672665173208
51.88909313615773,159.63881977590566
51.2791272345751,159.622954669793
50.05583665664613,159.01620785832293
52.29208193575906,157.43658958796394
53.839963937382166,158.7352610978481
53.594547941846436,159.82588484765097
54.306965913074634,159.0847759972139
53.05448238985938,158.13682138728674
52.54592190214773,156.95587371631083
52.47371505517973,156.3026073163755
53.14000245682238,156.53392141404228
53.043351664919435,154.12310907051568
54.14353943418695,155.9837215260234
56.4253361907503,154.20828902188057
58.50529610355109,154.36212244625517
58.813730611353,152.97053673908366
57.88941697970258,155.53539737828513
57.22959614333187,155.17849958284884
56.242293034650665,155.2940064802468
55.85521658430534,155.69828283666985
59.51638428348654,154.91042225319728
56.877282480979986,154.00199557307496
57.0073482605311,154.7345669980598
57.55864884351272,155.78201103515525
58.02833714407524,155.84860541753517
59.903931627355824,156.6997466783394
62.401364857207064,158.2284001741927
62.97749959792401,158.78863251295982
61.47321384962954,158.57348452799624
64.9833901018137,156.98350182783977
64.20780557693847,156.7925241042093
64.9511244484839,157.4863983227729
62.47484603450012,157.12927809652118
63.2431536373701,157.6120259503739
66.13857685654874,160.01874576573198
66.39857546122231,159.94254981077196
68.01211636417611,157.26968916164154
65.37206098331832,156.77959125421324
66.67692952656569,156.32104383901654
66.37470494172494,157.73556490735274
65.53558150756142,157.66522381907234
65.24644688087668,157.0989695577085
66.20509867631489,157.12589267511265
67.7035474613866,156.73903133057686
65.3995893592375,157.4483737272314
66.59694985365391,156.8433312197068
67.78173846318508,158.08694466996894
66.34217131377449,156.93928040596086
66.64827451726627,156.45973996662937
66.350041156408,156.51089785052903
63.50220731126918,155.83300300738648
63.680799968568024,155.2874929010232
62.86866205763158,154.3796436497261
60.1428558866997,155.0389015437474
60.72981294407589,155.4354711121978
61.44768873458115,156.64394474694222
61.652955768880645,157.636364267063
63.41481371182733,159.03041376264827
65.11869871435022,159.07769099793728
64.64710081029163,159.71831592735745
63.052662029873495,158.68322368077006
64.67176954459768,157.7359567081749
62.88482268192922,159.65778366396304
62.93238789064429,159.138205898695
61.9530030694977,159.64648153530547
62.821178876617374,160.05210703057696
63.68935468373706,160.97056880094559
64.55753049085673,161.54581682568931
65.42570629797642,161.15050418093531
66.29388210509609,160.77949096768606
67.16205791221577,160.05499845344357
68.03023371933544,160.43245464142888
68.89840952645513,161.1549005812954
69.76658533357481,160.32188529977878
70.63476114069448,159.40613529192666
71.50293694781416,159.38851283730034
72.0267793493454,159.82229464431248
70.72069290593176,159.50998929219605
72.49156771412154,160.17036905082358
71.09799225586586,159.94972411972932
73.12064338910982,159.9246880129188
70.94697547915331,159.66193411926554
71.07778252667288,160.96179345490313
71.03226173243709,159.9284337639091
71.7545187877379,159.5628707705274
72.84355077134998,159.0580899203757
72.72783210814772,157.22954932100208
72.96767103161118,155.07322448280814
71.30828226015814,156.41350448992742
69.46668156140838,157.92102785140975
68.87858756139693,158.16703735092506
69.74110313584322,157.71873564580065
69.86516498003735,157.11417081513687
71.19329049939884,157.01912498183466
70.63193730159153,156.7520688167181
70.56228612198238,156.77814378900058
70.49263494237324,157.70425427167697
70.42298376276409,157.45865530554045
70.35333258315495,156.4110301255072
70.2836814035458,155.03983404252998
70.21403022393666,155.13342411161906
70.14437904432751,154.8880842057372
70.07472786471837,155.6513404838278
70.00507668510922,157.22338357142874
69.93542550550008,157.56033922451493
69.86577432589092,157.5913649828997
70.21697977718796,156.9432675310253
69.41768312481885,158.27680995667237
68.79246816136954,159.08397288225856
68.45932344382703,156.68510205506206
68.70576685744348,156.06946140746686
67.98963240749177,155.03930656258507
67.75229268710312,155.80043784768
67.13564681600106,155.59889641873926
65.75079738319657,154.7039454274327
64.39921186995097,153.7442198426698
66.05731885044378,152.4439161866214
66.51149880820545,152.16475931534157
67.35188503069617,153.05914526333243
67.8013136884913,153.9298124257293
66.02543825613913,152.60678562979422
66.07620396242474,152.12771336781177
66.3869828409338,150.59184092914728
65.62863150098337,151.75281447780333
65.75193967730591,151.08461815998294
65.87524785362845,149.81888743061452
65.998556029951,150.69233396654502
66.12186420627354,149.53314818910786
66.24517238259608,149.70760202527
66.36848055891862,150.3759874193599
66.49178873524116,151.006176199141
66.6150969115637,151.13855730752417
66.73840508788625,151.12413155909962
66.86171326420879,151.32790834684937
66.98502144053133,150.3625502599098
67.81057119430044,150.29866762146688
67.7684679803725,150.53513014056102
66.00775506317926,148.5872155233782
66.53121094041991,147.2748341219207
65.38315215107863,147.99770811773294
65.68038555426581,146.80971289196145
66.30974698442886,146.74531216925507
63.39811627785078,147.82775203299164
63.11052837773254,147.36075730618177
62.15493148947531,146.56651140638908
59.88574112319247,148.67120741276761
60.11082099001388,148.0680138169578
58.007953057311724,146.8907878464629
58.368904836628836,147.8858797639074
57.338167996747785,148.60525642294277
60.2141896458716,148.64935647766893
61.93034740594378,148.95205443217014
63.54485861811901,149.44103631785165
63.06956595793296,150.23945263374827
62.59427329774691,151.0813565131276
62.11898063756086,151.91919286722143
61.64368797737481,151.1190438329953
61.16839531718877,151.2345061132029
60.69310265700272,150.71869558752573
60.21780999681667,150.06847674171894
59.74251733663062,149.54831490190557
59.26722467644457,150.5722587885832
58.79193201625852,150.12872211989878
58.31663935607247,149.1281731187545
59.177364352044,149.90665943744705
60.97936067933186,150.21179263598162
63.2820882033431,149.92143340253241
62.22067492658011,151.28080307087544
60.34441313740946,152.44237313165127
60.93826393929027,153.0019621405013
61.83452889637183,152.8977440240972
62.625632658765234,151.8467335028724
61.35612200711309,152.4686145663992
63.06032448297646,153.9494427828026
64.37240327669012,154.87610014302476
62.44494767445246,155.34528881229406
61.15282892462472,155.70881451723963
60.13114394363958,156.88244367813053
60.92287235198698,157.865776244616
62.25275588736349,156.55751543052918
61.22245387174573,156.65024029060152
60.75448527096301,157.39071033895985
61.275978246498575,157.12369467365033
61.16279690878511,156.8600766428778
60.60811601556306,155.30913546808688
59.94695841732949,154.72094164541832
59.197165717268014,152.6716008733653
58.72668702512395,152.49238654560816
60.42725837151481,153.96103589413667
58.17282761611072,152.29870912828844
58.13313001904822,153.27265252986797
58.09343242198572,153.51699957828907
58.05373482492321,152.17930421725274
58.014037227860705,150.79300789678976
57.974339630798205,150.25118298221648
57.9346420337357,149.15699116805658
57.8949444366732,149.50433644690793
57.85524683961069,150.07201932955584
57.81554924254819,148.8229943719556
57.77585164548569,148.37543376251654
57.73615404842318,147.87887352125327
59.14339737428105,145.504066072568
59.06404679725885,146.55305473756638
59.531505780662556,146.6813624614336
59.35950307180154,144.5147079395489
61.23008222665237,143.7810570914074
61.32486372966269,143.04623102874945
62.30896188583132,141.9903766434391
61.51109455032848,142.5783313281979
61.23173750168938,140.92405073824642
62.640495438843956,139.98331664897452
64.69576809194189,138.0602807136748
66.30286036091104,138.73551068160924
68.05435852114346,139.34472684697363
67.22673795390463,140.19463028836842
66.74442876185347,141.2835850371612
65.54663850539913,142.57719886826322
64.29640557190459,141.68336369406134
63.75928920006018,141.48743991589512
62.76680328516209,141.59659622495047
62.848242985482095,141.29986049286
63.149416295280716,140.3005721774329
62.748923369367084,138.5586389349704
65.6947929366442,138.49573228756623
66.49023444113811,138.43572049333312
64.72430245556608,137.5029180403083
66.73579272309766,137.98331386478245
65.79675213372963,138.44528011241732
66.14432457207324,138.9225976748129
66.49189701041685,138.92195440549366
66.83946944876047,137.65010424706279
67.18704188710409,138.53922439874762
67.53461432544769,140.2723816375815
67.88218676379131,139.16432599577354
68.22975920213491,138.87400056091354
68.57733164047853,137.9283497495657
68.92490407882215,137.0798472113713
69.27247651716576,136.5750210088083
69.62004895550938,136.02021214129257
69.75269095672157,135.38539332185778
69.54905941243979,136.5793026410483
69.0426740039969,135.92050455309985
67.80141703122386,136.97395378285444
66.56016005845083,136.5379478767609
65.3189030856778,136.85289539401495
64.07764611290476,137.63472062324547
62.836389140131736,139.01652174187188
61.5951321673587,138.41993207143273
60.35387519458567,138.1232140542515
59.11261822181264,138.34230927744915
57.87136124903961,138.6554836512612
56.63010427626657,138.6539137618658
55.38884730349354,139.31143967434653
54.22439666417821,138.94957194164894
56.317549001967066,139.5538371385868
55.700019838982726,138.64846846349394
53.441385871548576,138.8660560788969
54.6368044591541,138.12534527122344
54.3337169878779,138.37499800482323
54.0306295166017,137.21896590321802
53.7275420453255,136.55236876384683
53.4244545740493,135.93718837032569
53.1213671027731,135.13044974248263
52.81827963149689,134.9311471202881
52.51519216022069,134.66325697267726
52.21210468894449,134.08158786896502
51.90901721766829,133.89590047799882
51.60592974639209,134.20842063760523
51.30284227511589,133.1925769891524
50.49602669169771,133.50744016671942
48.07588955618271,133.6041551503435
47.614255685322085,134.15665549205286
48.0567677185066,133.55857499453492
45.915751760291194,133.4793098174588
47.48474377313788,133.30564224877756
46.05251303794276,133.11893434344174
44.93841554025066,131.96765816280575
46.22872979351392,132.25604312604708
46.3790741294605,132.29007810884747
46.43634217097109,132.09714609175572
44.37091217208927,131.69459110913454
46.220002994045124,130.52006694273894
48.23987118792972,130.97845639200617
47.20239093024152,129.25041236638884
46.77231869086521,128.8573337630573
46.84662469244709,127.44359888344519
47.64567383588356,127.04046261815793
47.45998446913691,127.29397000837481
46.782751191259436,127.7893972440849
47.2044381963433,128.24625733342583
46.85717754902495,126.13286144490598
46.50991690170659,126.09501519142859
46.16265625438824,124.15149274982411
45.81539560706989,125.36723662966172
45.46813495975154,123.67651604347769
45.12087431243318,122.13223459986062
44.77361366511483,122.22241251421434
44.42635301779648,120.78804030322853
44.07909237047813,120.5929621745466
43.73183172315977,120.21135655362983
43.38457107584142,120.20601461393376
44.39734775448995,121.33030246282293
42.775357379312375,121.55466952465936
41.16900453480396,120.8696229244008
40.507227774601354,119.65623366511453
38.46779778696586,119.55957406242567
38.63304399372467,118.27717060722416
38.79829020048347,119.57081397865373
38.96353640724228,119.31467633086041
39.12878261400109,119.29608433943795
39.29402882075989,118.4637038362353
39.4592750275187,118.9649806570281
39.6245212342775,118.83044390693408
39.78976744103631,117.44018712506329
39.95501364779512,117.18911194794931
40.12025985455392,116.5555937521079
40.28550606131273,116.15138902302465
41.49206996400393,116.20574492375019
41.17700500661455,116.01167872051028
42.89781428919158,115.44222535451323
44.30946491924074,115.96185191745234
46.513421415286665,115.02000071069807
46.84267140652918,114.30108169605676
48.54564335593305,114.57088194518938
50.02139054893029,113.3788779502888
49.74517028368324,113.9613390061757
46.52586220678585,114.34462323570841
46.081910673250704,114.1315770008166
44.80906447084425,113.23313801564329
44.038075292809864,113.41130337521166
43.09053468935147,113.40742878312142
42.471729547792954,112.20268023232683
43.414614019466896,111.5908719579379
46.38039838725563,112.16519879679977
47.6477732596546,112.26294264243563
49.60749769387394,112.91645526457978
50.035915510208866,113.0327577995979
47.89097947612965,110.51810541608738
49.050989095763754,112.863472727948
48.692256336489955,112.9739072968144
49.14008462286893,112.82283683893219
50.15268763337606,112.7790871200847
52.05207630833402,111.6967540536243
52.87082180181239,110.57455265799744
52.607749269905,112.15079004100876
54.13918218574004,110.45691954940965
51.88859773513036,111.91114334209286
52.52302617575222,111.93419936316019
52.66940393001641,110.48485267045606
52.8157816842806,110.61376911195875
52.96215943854479,112.65690701689515
53.10853719280898,112.63225248940418
53.25491494707317,112.20108065136564
53.40129270133736,109.71590245950512
53.54767045560155,109.30400345230915
53.69404820986574,109.25373578779636
53.84042596412993,108.23107684230963
53.98680371839412,107.93090276884693
54.13318147265831,111.04781668218395
51.76280581980224,111.69285637436158
50.770975580147194,113.08808480566688
50.315694370084245,112.18687395538821
51.06381956803364,112.79797838571407
52.47562519447839,112.87234091761744
54.24884389684426,111.53549152551197
53.13281171693022,111.7349069500922
53.21425569655796,111.05365852698843
54.45013794045019,107.24791905561355
54.169439324699454,110.40618515479994
54.22093127115795,111.17602830522095
54.55984721657696,109.26372692099459
55.859996985192716,107.28803297908429
55.10351059025735,110.48750449159313
54.34702419532198,112.89689083538416
53.59053780038661,113.34850082845209
52.83405140545125,113.52196260089433
52.07756501051588,113.40159770044382
51.32107861558051,112.77347713871238
50.564592220645146,112.9809905210826
49.80810582570978,113.66028347780255
49.051619430774416,113.68009455544393
48.295133035839044,113.22912746092031
47.53864664090368,112.94819711958567
45.99267682748886,110.27924600963593
44.63126693894158,110.48354434645285
41.90749723195128,107.22930456234059
44.61194628891415,109.23095190263183
47.30528172638998,106.15383607282251
49.116537328856246,103.77559224404835
49.43503088820897,102.90107758115849
51.321908907778955,103.16562663114796
55.03181935102232,101.64467200840298
51.25363244902775,103.4121728337156
51.62853141200347,105.75897751224772
53.3326687631124,106.21045844189064
52.92588728421472,105.86076184537033
51.70144999346537,106.40630881600842
51.386379508328545,108.3544533893768
52.006230164268544,108.15009260883922
52.31278287867178,105.72515652792723
52.61933559307503,109.11410957430287
52.92588830747827,111.30341671889052
53.232441021881506,108.78077394859073
53.53899373628475,106.48251152011207
53.84554645068799,101.2794977065959
54.152099165091236,100.42745499376205
54.458651879494475,96.28689736682693
54.765204593897714,95.51542985993525
55.07175730830096,96.7883297596638
55.3783100227042,98.11520188561295
55.70890689313905,97.47659716471844
56.0395037635739,97.05962201799434
56.37010063400875,97.95645494617428
56.7006975044436,96.36506644545271
57.03129437487845,95.69556610413993
57.3618912453133,94.61193250896739
57.69248811574815,94.44658956598899
58.023084986183,93.7783654803186
58.353681856617854,93.78342448816367
58.6842787270527,94.56345074663996
59.01487559748755,93.65659603659984
56.25894297374162,93.47616618176056
56.657256596975905,93.12928367174258
55.8149824288511,92.38207697212107
54.263566259775935,91.98324088254363
53.26637466095023,92.72999673739933
52.621707532330205,91.38745871531958
53.50360217705436,91.83554131234784
54.29598745597813,91.0540642480363
55.17766071273834,90.83597056013727
51.964272031393534,90.65737641323595
51.27952001669564,91.31093340972694
50.875872524664494,90.11717815394881
50.47222503263335,91.94620686448282
50.068577540602206,91.23747034924206
49.66493004857106,90.89449496673578
49.26128255653991,91.46443303878304
48.85763506450876,92.85073176045418
48.453987572477615,93.31714504452253
48.05034008044647,92.72770758426634
47.64669258841533,93.92072650004087
47.24304509638418,94.59024424752509
46.83939760435303,95.5737373529696
43.48746993611347,95.60226151068365
45.38494221725976,98.79288432451057
44.37899879351367,97.45700314360708
42.01459179756991,99.13413755691094
41.87269401201145,100.0139847173528
42.21649590814892,102.14994630901134
42.24185263134854,101.89952222239026
41.6364507078548,105.87658438571091
42.12631508695355,104.18386824466114
42.739793022095796,105.90177513293112
43.35327095723804,111.25135342648508
43.96674889238029,112.86632275807166
44.58022682752253,112.99351595173154
45.19370476266478,113.38015818448974
45.80718269780702,113.46219101913873
46.42066063294927,113.37819122561969
47.034138568091514,113.74319995133682
47.64761650323376,114.31364843950573
48.261094438376006,114.5347802759116
48.874572373518255,115.27290411495056
49.30336422048253,118.1839771633544
49.91946658511004,116.04569514054859
47.820903042575466,118.57273762216597
49.92662551326084,118.1549869941121
48.74167801375904,118.92142188385651
49.10557015085262,118.66341042725583
48.92411633989955,115.54984161617764
49.18556000537129,118.42086874088346
48.1238404466834,117.80404617306384
51.19547349235792,117.61262950032895
48.73852366299466,116.84846217111968
45.90976366301085,116.6871640137192
47.054121775324944,117.7093684462043
48.39047949192382,118.15009788613992
48.38521362731874,118.08684586017432
50.02253667554285,116.69177598367403
51.53332111995879,119.01210596422014
53.24924113602377,118.52530127869555
53.45562205784357,118.91173645906828
54.50739515198222,119.86925290236914
53.8348942606994,118.85421882346613
55.21491212529472,115.67546348789338
53.07615629249117,115.43375787641443
54.12277512276435,114.75244976575357
52.19673778869171,114.82985893585884
51.72673231111248,114.97548642600111
52.41581969500075,115.23001921567942
52.96979220126372,115.4118299117936
53.94986845013566,114.4809002266836
55.25238120627384,114.31906975753857
53.82349034515073,115.07965549060063
51.64043359040156,115.29786544838996
50.19817897376314,114.9359574227392
50.71419875284567,115.2546162642032
50.66697170277562,113.97487994773908
49.39504189740078,113.75399762042176
48.68309849605138,113.67646720793431
48.16379838779446,113.17704005520834
49.387439083510756,113.07547367601137
48.7555421992807,114.1213701964212
47.5302979162729,113.13253156692531
46.91011170734856,113.64986897536915
43.344527994122956,113.21578422078944
46.405738583085316,112.51539521251486
47.41729252255618,109.24969428054922
47.17817149919,103.08370290323754
47.40208694719869,102.16476721199975
48.82103534980986,102.98724579689475
48.90214061450974,103.74438512070849
48.336739869268094,102.05112054008043
47.83869755335864,103.50114997646942
46.55761401129118,104.81710616127951
48.5644771443314,103.08647436758676
47.9034550527967,103.00828550882022
49.396240334284265,102.30100518584756
48.04703296276531,100.9312309729106
46.998823617250224,101.42997132152293
45.76133371653274,105.78066353895531
45.0670621093995,107.64803038363813
42.73552543690426,109.97374267339337
42.145231104158796,107.3533774086033
41.744104072698654,104.75624747569815
41.34297704123851,104.96131811951213
40.94185000977836,106.72728132226446
40.54072297831822,106.89327499070525
40.13959594685808,109.50187392957874
39.73846891539794,110.29346814989339
39.33734188393779,112.27967720480436
38.93621485247765,110.64421311636863
38.535087821017505,113.53992201659739
38.133960789557364,114.3807493307091
37.732833758097215,114.68083741740219
37.33170672663707,115.14682866538587
36.93057969517693,114.3782412274048
36.52945266371679,114.385894028439
36.12832563225665,116.08641892509718
35.7271986007965,116.29542859674662
35.32607156933636,119.65883186262893
34.924944537876215,120.32984693036548
34.523817506416066,120.19458930762832
34.122690474955924,120.35128734281639
33.72156344349578,121.2950336959518
34.910471300889384,120.809317470978
35.100683817197364,121.07606176973646
37.642691073979286,122.77749640459486
37.41026798442293,122.26558113092703
37.953373896020125,123.56063148837823
40.08132867180158,124.0733781490966
39.752813164565474,123.25176349865987
38.24386814617545,122.86965749135722
37.15346778417617,122.58972417867024
36.06306742217689,122.1756316585614
34.97266706017761,122.75704689930508
33.882266698178334,123.4121520115311
32.791866336179055,122.68062002514007
31.701465974179776,122.04028978052858
30.611065612180496,122.98071303170171
29.520665250181217,123.10362820242736
28.430264888181938,124.14938009550929
27.33986452618266,124.52322333392446
26.249464164183383,124.228129676775
26.460748148964313,125.51961411667077
26.480285231012754,125.78350708768828
26.02338201944397,128.00262974014373
26.503374760955808,129.68079328334213
26.517216975459007,132.1454217589956
25.439242003034046,132.3885444344139
26.037248331592355,132.90431370534634
25.213637446099895,132.38601565172104
23.12688671924837,133.25072560097263
22.257028110337245,133.34732132355174
21.89608272713653,132.53047068419843
27.485666163683803,131.95393390822125
28.310989018823022,132.74530777480726
29.303264074366695,133.20740588284883
29.15634745372274,133.02904178448614
27.388100614987202,133.34728144208188
26.685954764904782,133.48874949019267
26.908223481310518,133.43815555730885
27.130492197716258,133.64950145508828
27.352760914121994,134.28955964279527
27.57502963052773,133.9037265953921
27.79729834693347,134.54464684652282
28.019567063339206,134.5242289939007
28.241835779744946,134.4608058360454
28.464104496150682,134.71018887910958
28.68637321255642,133.73848871325058
28.908641928962158,133.52503260836772
29.130910645367894,133.90574682561092
28.57965507279055,134.74940002958095
28.372494245325015,134.93597926074537
27.85748779693927,135.02622085982668
26.992919012473838,134.64653083702746
26.202825753652203,134.77435863838863
26.887862786271974,135.21119698582376
24.28138916558793,136.27673840679375
23.711283620192734,135.15890639569722
25.810582306494247,135.46380128569342
24.7468030078889,135.6124081015903
22.20623704977988,136.68853894300736
21.80840142010247,136.74160848478775
21.605822964927317,136.98329885384769
21.403244509752167,137.02756653686046
21.200666054577013,137.9404341118372
20.998087599401863,137.36861410379777
20.79550914422671,137.00903495820376
20.59293068905156,135.16387043543725
20.390352233876406,135.13381425299485
20.187773778701256,136.12688704423869
19.985195323526103,135.97791912792977
19.78261686835095,135.91343156981065
19.5800384131758,137.08242228234283
20.28025408944644,138.3769845751128
22.039250023669023,139.57467021154974
23.358789555209146,139.2192084913011
23.606266479307404,138.68405750393453
21.861942616931938,139.45572494157767
21.877622539867478,140.19482033461347
19.721370504796692,140.43882352357812
19.627144709694534,140.43335034978222
19.72814872518557,140.19810323336284
19.8291527406766,141.29767658715392
19.930156756167637,142.30443001565365
20.03116077165867,141.319978363246
20.132164787149705,141.53665432943808
20.233168802640737,141.29617272648363
20.334172818131773,140.74967484411474
20.435176833622805,140.81406135270228
20.53618084911384,141.14137276813696
20.637184864604876,141.54281095253782
20.738188880095908,142.32837704823302
19.300371900204023,141.70540026970926
18.986059354824864,142.22356117266494
18.671746809445704,142.07234812772734
18.357434264066544,142.05303833415562
18.043121718687384,141.11364568091895
17.728809173308225,141.85698206797807
17.414496627929065,141.4427119666448
17.100184082549905,141.40418566468912
16.785871537170745,142.86612780672908
16.471558991791586,143.50632635268943
16.157246446412426,142.83578796157687
15.842933901033266,143.0611511629663
13.921602469602627,143.52305118844163
13.679364159880981,144.7546626813954
13.91032573924329,146.12765235368474
14.1412873186056,145.72742655520804
14.372248897967909,146.16079884738775
14.603210477330219,146.49989859532923
14.834172056692529,147.04658541122654
15.065133636054838,146.5007585697667
15.296095215417148,149.7424130839385
15.527056794779458,149.28880738137522
15.758018374141766,149.2136941490007
15.988979953504076,150.31098826599032
16.219941532866386,151.6709639278242
16.94021348867179,151.08904325313978
17.13148088144677,150.2681417620417
17.297602430143588,149.7600005733494
20.016552735368855,149.07326523815638
20.450574178361585,150.07164118707965
20.48208995342528,149.52930481224072
17.026639858542378,149.85599880950994
18.65975745817145,150.35150968037664
17.806987359495835,151.3286222733
19.598731558521592,154.56316758115594
19.476853602761537,156.6199021024656
19.35497564700148,157.857792809364
19.233097691241426,157.65650890621248
19.11121973548137,158.35511540510655
18.989341779721315,156.315398983705
18.867463823961263,154.3178538977836
18.745585868201207,157.50096920367395
18.62370791244115,157.60184267190513
18.501829956681096,158.88789896008967
18.37995200092104,159.4186375953221
18.258074045160985,158.4818306360204
19.020345113941236,158.89297938082586
20.57811932931331,159.24464555675715
19.44991001713974,158.46189879501682
17.31548510537936,158.46455675667687
18.194473294423215,157.86811884607357
15.234944075690652,156.85636870584804
15.425558467170601,156.02380321073704
16.55179765997023,154.14108228004014
14.730320960655575,154.190659506756
13.320290195510475,155.10469961438986
11.472087211371285,156.80421876128307
11.579492117439237,158.82673391256336
10.076965262547063,157.63314213848
9.74330759883618,157.47528109760984
10.702858118059545,159.18930990349915
10.056649657195159,159.12649083319164
10.281379048033024,159.66541165242273
11.5583842060249,159.7641060963717
12.446798314287431,158.9782551605497
11.164074306127109,158.63759202148432
9.678540625298867,157.56043723361734
9.156249602411544,157.6154142973883
8.68354905019306,159.1683616023797
8.025603405550761,159.18166420468575
9.25886980503563,158.50760302540255
8.982987481712321,157.14590266675953
9.444974989518279,157.8075717561584
7.885383730006355,157.8077035606589
9.608363951281794,158.86016842769905
11.8364622022019,159.65368565926568
13.852383195653502,159.2416909410739
13.736659172916042,159.9880309386813
14.928988087465104,160.02110084046603
16.121317002014166,159.85161698201242
17.313645916563228,160.25250241149254
18.50597483111229,160.00388234433808
19.698303745661352,160.4853629360593
20.890632660210414,162.19012861456198
22.082961574759473,162.52359047014943
23.27529048930854,164.52468858778752
24.467619403857597,166.9409902090152
25.659948318406663,167.85723047686247
26.85227723295572,168.6846452970759
26.329266391717017,166.7508605746543
24.816840282940362,167.59649189980306
24.27456898119886,167.48554509258176
26.74498735396363,168.05835612113262
26.078887821886074,167.53218742093864
27.2220668789797,168.08911262269916
26.748659873598406,167.41081620438746
27.382497537165314,168.02569790288382
29.056869942633938,168.03009997614834
29.950267011815274,168.0749186168692
29.129648992690704,169.0501633271097
29.188256401075005,169.8448768737246
30.73989274664628,170.34802952248367
28.329741551947883,170.61822136027908
27.28297748884059,171.54113328368663
26.428635104351066,170.76165938537
26.33624099123416,171.10497884474373
26.93422731686762,171.48616361596902
25.40673222781391,171.95700389253747
27.386272865703035,172.6013506702289
28.76156332587765,171.8487217125724
26.857389759201034,171.26644933245058
26.345320535938054,170.93184656868667
24.52398177789714,172.3374731118852
23.23991449913593,172.2013046800779
22.858842302648362,170.8887175950468
22.63238352798553,170.38277968453397
22.93685481648553,169.73916167346647
24.314017138030078,168.12739830409757
25.902968416360604,168.34803961926136
24.04686201168528,169.69363127364997
24.68238296490585,169.93887193432914
24.13011662334857,170.0244149088093
24.15486419761975,170.2303463891824
25.872166436879194,170.50022670809366
25.976034626141693,170.5035514890627
28.676504753906364,170.1008846423539
29.861659326201636,170.67588109916102
29.592201585798087,170.99474071500194
29.236125122980816,171.31332168279982
28.880048660163542,170.98201938343138
28.52397219734627,168.89788958258848
28.167895734529,169.31932865520372
27.811819271711727,168.84693230149816
27.455742808894456,170.66418588663822
27.099666346077186,170.5144980810325
26.74358988325991,171.03243944385582
26.38751342044264,170.92677713910572
26.031436957625367,171.10884675899993
25.675360494808096,170.81851828118434
26.294614524599467,170.45899281563928
26.826644017252626,170.97344236631344
26.80875941270998,171.4050838338265
25.089898333684882,171.31968927510138
23.19245619151622,172.45178118154817
23.308920867731082,173.7115526472995
21.747999432356146,173.27032105185836
21.1723786258725,173.65808223598563
21.128714515831167,175.5751584268954
21.901305952112878,176.2132666639464
20.473790990399976,177.07175862674987
19.012519092555763,175.9362606088669
18.323607740656666,177.04346864125316
20.066554641528064,173.94524669113125
20.59614252862601,173.04612469211202
18.506790497574475,173.10235997645552
17.236969276762586,173.16100905558895
17.576008776252944,172.78769204083517
18.150231418656467,172.83840485315255
18.6004258312824,173.71473142968446
19.23315077503975,173.73267026519727
22.00102780971375,173.98350002529975
22.43022198571365,174.28222699346895
22.306047810777752,174.37698060248698
23.633830318421307,173.88467901078099
23.23273775790789,173.82802981708215
23.093033624272252,174.56368181172326
21.882545434259203,175.46174537394586
21.75508636871671,174.65600557240768
21.714089051928084,175.38352708972775
21.67309173513946,175.88052537954005
21.632094418350835,175.9579542124922
21.59109710156221,174.5419796896999
21.550099784773586,174.900961909759
21.50910246798496,175.14419214116785
21.468105151196337,175.26684727220385
21.42710783440771,174.98165244592846
21.386110517619084,175.0950436758579
21.34511320083046,175.04240855767446
21.304115884041835,175.45300454358684
21.936589314691535,174.5607659622681
22.023633025768287,174.66656812446953
24.806359378693628,175.08636988140015
24.948130142869278,175.14274242461522
26.41395112605117,176.05999375473067
22.633343772666613,175.72621192632525
23.67499867088618,174.99932186181178
24.380904297903182,174.70013077803074
24.458284685661116,173.88450431918326
24.366410462848734,174.98969546457928
26.740440422827206,173.78712174375045
26.73298633326148,173.5901129998874
28.308069783411053,174.96005816484097
27.161292231136837,174.50364250546343
27.880039841348786,174.14437252028802
26.804190529749462,174.6071435774395
27.087638961364146,175.0665847743482
26.88447967186154,176.1890479142764
25.889390739604156,176.18466157155692
25.13370790007577,175.54611870615085
22.215737753752826,175.821311313167
22.457555390790095,176.70395259702673
22.742762790102162,176.2392525004725
22.999454530563906,176.89118054859992
23.459605040844703,183.66174294536316
23.039103816933373,178.9810149648697
23.487989587072036,177.0217601554946
25.12332309260308,175.15318677498982
26.128866664987704,175.24484015316577
24.63143027909288,177.95036798966726
24.51291447158122,179.8305365195033
22.332101488761637,183.81214626068987
22.71750704188898,178.8995439165444
23.52482933335473,178.37775731871318
23.100840417801766,177.7214778268983
22.676851502248805,178.45514532913074
22.25286258669584,183.8414327205937
21.82887367114288,184.2520492687283
21.404884755589915,183.51938461853067
20.980895840036954,183.8337059238534
20.55690692448399,184.3479459753441
20.13291800893103,186.58074655990933
19.708929093378064,186.87185608570582
19.2849401778251,184.2168861544752
18.86095126227214,186.280377920813
18.006863102137753,186.3499800437468
16.091784767292683,188.0100313168211
13.846714335771544,187.86709399482137
13.892261065433015,187.21773451673573
14.382109980375395,187.15135593923537
13.625581101765123,187.24605907654134
14.699252935254574,188.36738167972618
15.005171158987766,188.366846883701
12.033404953667503,186.57101740950702
13.140069113627401,187.21320914090168
12.0646111654442,186.66728289369632
12.090555896727084,184.25431346798533
12.822451931289926,184.66276681612436
11.413137099776572,176.93580063217667
8.680966997618148,176.16711620067898
6.858000800544003,177.14191158531847
7.654837551208018,178.02284911437746
5.388533801733736,181.07942476908664
3.941278529057615,178.80445537120877
3.635436531675469,181.11184803168038
2.4049770925331355,185.03143532969062
1.0446963057140926,185.21549591237275
1.064015877246986,185.36386623324307
-0.7984942314209544,185.45390101095225
-0.7797296495141985,182.501009470635
-2.8531200172845885,179.8042349942943
-2.9640648304192005,178.2415352792613
-3.543010434707092,175.6391618149698
-3.7611895728911473,174.22263514072569
-3.2670640104903885,173.43552743567707
-3.6438947872741236,173.79970522023274
-2.471430959507667,173.98584260668903
-3.3984712273151545,174.18874178315838
-2.0070724666376494,175.2677691904391
-1.402844760402009,175.51505696738116
-0.19454301313406774,176.17588888611795
0.4060990579258128,175.29619298331238
-0.12497519345123842,175.20479484840953
1.2896624569640103,173.7430560265339
0.658766757769936,174.04426662489325
0.05069412244089433,174.6683594453103
-1.6615664215806145,176.19782059971536
-1.4487154354358636,176.22631903267987
-0.0009572060838149987,176.47614200314496
-0.2502696442645258,178.14033541909302
-1.5955211855400868,180.08705131319428
-0.810596125211124,189.84636271545278
0.556693316580742,190.32252375558252
1.6982624874569572,190.21046366139143
1.2937339695308163,189.71577382795255
1.6471646100032906,189.84988268772227
1.846008604338575,190.21117614737554
-0.5281372889934155,191.1118206567337
-2.9525955878488443,190.83037520771953
-2.628432779997531,190.7760349334779
-3.0852958534267554,190.83250781664057
-4.498597721211094,190.7328365156403
-4.188712593802302,190.8237500286565
-5.563642453245194,190.42923256157601
-6.368447509930585,190.19073747927206
-4.5237208761019545,191.62058772178335
-3.744492432329681,191.57811888873846
-4.383055161938197,191.1231526043998
-3.6593424612878116,191.31869275974697
-5.085234244900323,192.4630024610445
-4.962572954795736,192.82419466792155
-4.724509687846435,193.88127097383622
-3.301577787078466,194.20962042175415
-6.183120762891844,193.9077712885527
-6.7437505948559,194.12319888768738
-5.657419276690085,193.2688049101123
-4.945949087624468,193.3568071617499
-4.382839098085689,192.10181025416745
-3.845694623230517,192.56455753633225
-3.779058626283777,193.94419715695406
-4.0639619323510345,194.33096526712458
-2.685622684175126,194.31045858106975
-2.4565808401075224,194.26896349542974
-0.6160225062257652,193.30646302597196
-0.7197370967283929,192.84495434954653
0.8165688265239874,193.38901683184847
4.0441520701989395,193.58503315906069
2.4925792225651535,194.34313956847163
1.4009009291509966,194.57855107354527
-1.4337467593775712,195.65229921737415
0.2605532023485986,195.12723629106188
-0.49888763637129663,195.83496328753074
0.056908573105946325,195.9441236411672
-0.6078634833636556,197.33322440888676
-0.10216187720532455,197.901581077497
0.6752975439494592,197.1919683087727
-0.811392996743261,195.71373232293794
-1.8840566631453912,195.19917199292053
-0.14541998770994358,195.6435286988459
-3.3606231325226408,194.89589003254582
-4.234479593635557,195.32122948978855
-4.81557193968643,196.94071524869636
-2.439803275697018,197.62145692311512
-2.6071407036031444,198.0929729024524
-0.9851827866661458,197.51969335732318
0.26954806180391366,198.20462038613317
0.6206062114681798,198.6032699779543
0.9681624852212749,198.83692355050218
0.7342585555516974,198.53665240280264
0.9390117528677394,198.70342613528186
0.5328467641416115,199.3256543917084
-0.22298229826200777,200.7433644205483
1.1773823729895023,202.00856605429595
-0.8799226566523262,202.04636363562744
0.5771512586910734,200.78733435012902
-0.9752452845271149,201.81503779651317
-2.0565195127488005,202.44306935743782
-1.221274169836327,202.3719732566544
-0.392465800769351,201.35729964850694
-1.5412928990901813,202.53218711280752
-2.73469896299354,201.05267104745053
-2.155724713902954,201.67956975054577
-4.570759791578457,200.96812012304713
-3.9768818175622753,202.0622321270873
-3.454127308643985,203.5266110729567
-2.5613076458745825,203.23711959138788
-4.479869381028816,205.1526497286859
-6.9097216080668895,206.24256029144345
-7.724497240768294,206.96581002919345
-7.600865082313749,203.7070745771081
-6.200942534844789,205.2574585475202
-5.2834159392507445,204.17735803329344
-7.066766997974277,208.16487911853608
-6.2722991474113154,210.56761455088022
-7.0416978385155815,213.29233495421022
-6.43983479692763,210.42446383526482
-8.08905308741386,211.19682669437256
-6.779504489989161,213.84546285837217
-7.195014489210059,212.8454429347942
-7.921550319939639,210.81064526481867
-7.813351020193139,207.20004428994181
-5.253657769078494,206.61965511030118
-4.229009002256115,212.2895242975801
-5.131621370426206,212.47963239302663
-2.9212850517206803,212.60198224950474
-4.798504277005522,212.40144817972333
-3.8671038787082095,213.52439126264406
-3.911974335246434,209.26591954660324
-3.9568447917846585,208.02394654799954
-4.001715248322883,207.91812096384018
-4.046585704861108,204.22973851791704
-4.091456161399332,203.07397346631353
-4.136326617937556,203.68889861789188
-4.18119707447578,205.69483356438462
-4.226067531014005,207.82523708256713
-4.270937987552229,204.8911439102659
-4.315808444090454,208.57349277190738
-4.360678900628678,208.10737525794164
-4.851108297525457,206.56329024252267
-4.220659353487587,203.0167910949893
-3.498404297381969,203.00214209852774
-5.88248040871526,206.11407457300186
-5.313515110912468,204.66581744869498
-5.33147946489469,206.0332440681079
-6.7261197181511045,206.05214976508483
-5.691565589709557,206.88613331183382
-4.845680443162989,205.15427686409654
-4.547426305639876,207.1378805996118
-6.332964220140429,207.42635368326881
-7.107497247320934,211.58300812392642
-8.334970205887714,207.59657394110428
-9.112842668128899,208.4935566874955
-9.013729557965085,205.64273627949808
-8.914616447801272,203.20043920249034
-8.815503337637459,202.74059621694616
-8.716390227473646,201.12232215564683
-8.617277117309833,201.31172108915854
-8.518164007146021,200.4251775163004
-8.419050896982208,199.5522945888084
-8.319937786818395,198.24207777107728
-8.220824676654582,199.19602342944412
-8.121711566490768,200.4920467128902
-8.022598456326955,201.58516114471513
-6.96147527611781,201.907107596881
-7.184197787323867,204.45167924901526
-9.698588567658735,207.72119382838778
-7.36460645696177,203.75446323024042
-6.2973951972057804,203.58514776359954
-5.428800887349076,208.08503335650585
-5.001079348167588,207.96345829755467
-4.051801053558404,202.57995890325273
-3.953132687885946,206.13119569489965
-4.472669238176966,207.71137287823316
-4.392602506524591,211.96918955348028
-1.0544910375530812,211.3236566340254
-3.3592175886528928,207.16213992435587
-1.418357922209161,202.9263207162768
-1.9537704541952294,205.08856855925308
-2.3985478336493995,203.54828586049092
-2.9808142684451577,202.76716460566763
-4.298046147874926,202.3370232039924
-4.169227185766643,202.54574678118638
-2.636796774985058,200.175007751938
-1.5267966395812416,199.60665108332776
-3.6650561772751233,199.0382944147175
-2.671551649603116,198.7591451052432
-2.678753751695491,198.9799630600193
-1.273247516850862,198.8629999596353
-1.88822221954153,199.39584041697717
-2.503196922232198,199.99775235339686
-3.1181716249228657,198.46993774610726
-3.733146327613534,199.16781961436735
-4.348121030304202,199.65728375323056
-4.96309573299487,200.21833948991326
-5.578070435685538,201.59227714136705
-6.193045138376206,199.72004687609612
-6.808019841066875,200.8005082503753
-7.422994543757542,199.1794135350372
-8.03796924644821,198.55471800261088
-6.599259104003133,202.44843442637904
-5.85076359049054,205.9016535425744
-6.001622312919138,209.1951185252941
-7.663241517409941,210.03828240571096
-5.285665095138928,210.34788137169198
-5.278978305653637,207.10811452570275
-5.272291516168346,207.0321806273338
-5.265604726683056,208.87973811704938
-5.258917937197765,209.6521009761571
-5.252231147712474,200.69461795853326
-5.245544358227185,200.15926667720163
-5.238857568741894,198.09803560611286
-5.232170779256603,198.14600609597105
-5.225483989771313,198.20052810177825
-5.218797200286022,196.99793058599906
-5.212110410800731,196.5166178403076
-5.473505595155475,196.43611673669204
-4.421452322604849,194.94658270961796
-6.117942308106375,194.49516729520985
-7.8767147282471495,194.39990965250485
-6.700142233382948,194.07421544031413
-5.594017634484264,192.68969820319526
-8.847922261437546,192.42968823519155
-7.82184064215668,191.373204881401
-7.112523602929913,191.46076099934967
-5.691568762157582,191.00046181411082
-8.129654642184857,191.2727714451551
-9.256429723727862,192.36681164481033
-8.881427759831826,191.39814052068434
-8.506425795935789,190.9274981877077
-8.131423832039752,190.93156133027952
-7.756421868143715,190.75560493366675
-7.381419904247678,190.32255321669936
-7.006417940351641,191.08708772708113
-6.631415976455605,191.55366691748594
-6.256414012559567,191.12032522436255
-5.881412048663531,190.60099589000887
-5.506410084767493,190.03194067953328
-5.131408120871457,189.86670105875757
-7.095738851885787,190.01775672040532
-7.199191677362627,190.10692236190013
-7.035048344397196,190.08604434639665
-8.614024245227304,190.7680614939946
-7.982644438483694,190.34178677278314
-7.351264631740085,190.46498213987468
-6.719884824996475,190.37824175136126
-6.0885050182528655,190.35102190604852
-5.457125211509256,189.99351829769037
-4.825745404765647,190.43393028602316
-4.194365598022038,190.54530735534698
-3.562985791278428,190.62050853667628
-2.9316059845348184,189.90694190734013
-2.3002261777912087,189.93429617492498
-1.6688463710476,189.78997625205568
-1.0519791921767567,189.80702363786028
-0.5905015237612767,190.2158917662152
0.8177266674946853,189.81065403217
2.1580388190119626,189.71986394422777
2.779561427976317,189.6387897103451
3.347993072973233,189.6679340696895
4.268543392163934,189.68688732657378
2.1063956769578427,189.52483403613886
1.8896599897893793,189.08025937860486
1.672924302620916,189.5631742817435
1.4561886154524526,189.30060209842034
1.2394529282839892,189.26782700464597
1.0227172411155256,189.03821714213043
0.8059815539470623,180.82887106237558
0.5892458667785989,178.3531732809316
0.37251017961013555,177.98878612442465
0.15577449244167219,177.13730584933637
-0.0609611947267914,177.58216126877363
-0.2776968818952547,178.38413627538333
0.6838748318910928,178.0015337569035
0.8414541036128458,176.36841853055006
0.053286847800470216,176.00092509715
0.4114244110324377,176.40745706424778
-1.3597659687349548,175.28490875593513
-0.3976854016730438,176.13737364099887
-0.7037689087610888,176.6447303827363
-2.2949872286180346,174.88783100686518
-1.8797782326216022,175.677713528928
-3.4176415482890565,175.64687854439973
-3.6698344431427303,176.93296362524984
-3.890477213609849,176.17150254339845
-4.111119984076968,174.9778021562443
-4.331762754544087,174.50626888414325
-4.552405525011205,175.04212502244818
-4.773048295478325,175.1101163451406
-4.993691065945443,174.17420734775754
-5.214333836412562,173.03791553530291
-5.4349766068796805,173.56970384364058
-5.6556193773468,173.3887020504504
-5.876262147813918,172.93480757814496
-6.096904918281037,172.7134107145183
-4.693683315635963,172.37891150402925
-1.4165279563337294,171.8584363126022
-2.945746649564633,172.2267061504657
-2.943988378415849,172.66648228457422
-3.193277744663917,172.64610368739793
-2.66468912265924,173.68640683283505
-2.4994046629833684,173.1723966861048
-4.685976143785121,173.95318559283774
-8.59157662559409,173.2956932999133
-9.7802341205142,172.53198103301355
-10.601706213601313,170.77732560393508
-10.539647690478017,170.9763525619932
-12.381975085761283,170.96356149784967
-10.541154976913454,170.65614190449804
-12.02196248310975,170.38129773822476
-11.321555156520514,170.8426048722508
-12.70088823995575,170.3744240919442
-10.935616893365246,169.9101611539433
-11.096103710823435,168.14656219394362
-10.965565408656813,167.02789706676586
-10.809904198484475,166.81333611630862
-11.629061258312518,164.77724245069567
-12.228472605196703,164.64454113662146
-12.979240511940628,163.0375004736597
-13.483112920535458,162.6067080064248
-14.921837276092925,162.64362560739104
-14.056779695122849,162.10327201631918
-13.64241246110638,161.49433700690994
-11.150811764515801,160.63032816689045
-8.545832550522,160.81577286728628
-7.712737001495104,158.70164501103406
-6.496833750689056,158.62318475100045
-4.497980641102501,158.6849896715602
-3.756438076842691,157.97496971236498
-4.95742350253526,158.68549169479627
-3.857396585757481,158.80264696070222
-4.70840517296971,158.13697814427366
-5.608762659608282,157.93814225060038
-6.422930529664254,157.31283705259565
-3.023349976183781,155.91249979438282
-2.2888165617390905,154.40667536353695
-2.1288415674906944,154.87762068585516
-0.7672483649134769,154.9703071898101
-2.344640184531995,154.48254014196297
-2.7668617190312492,153.1275319511787
-2.6016657397307585,152.63120769834646
-2.971651642325308,153.06643169562975
-3.647348813769513,155.15349454008583
-5.102317687746756,154.92179210290516
-5.878325412135607,153.33481672098603
-6.654333136524457,153.1896179774316
-7.430340860913308,152.98832974215497
-8.206348585302159,152.53848492233342
-8.98235630969101,151.01375700499634
-9.758364034079861,150.92330914514227
-10.53437175846871,150.59281539751095
-11.310379482857561,150.39373365981285
-12.086387207246412,150.81526998396683
-12.862394931635261,152.61195228933698
-13.638402656024113,153.00807552664062
-15.73549758371772,150.9044300687967
-14.89919236049881,150.84044209114353
-13.826798396442085,149.32035862854596
-14.528495727662223,149.07465455695487
-14.272895429364894,149.25970576824915
-16.150337237268953,148.9673757088848
-15.512361000610873,147.93200692833807
-13.756723400464558,145.52222229079285
-15.69312534332428,145.1747397372085
-17.273481328084163,144.69286347816166
-19.66725499501816,145.11632448261338
-20.149836558536972,143.31373753349956
-21.315151782297235,142.06928561927245
-22.209624904152044,141.63099386348975
-22.982757677371996,141.16300815097475
-22.224997695351718,140.62902203887415
-22.22426450744956,139.80875978100966
-24.038749927054056,138.5884681109526
-24.14458263204505,137.71044195853275
-23.19387298683338,137.80822772858477
-24.785161661029104,137.54383160891393
-24.4029231623388,136.33942216004712
-24.011775170436117,135.83399638451033
-22.86161932004744,135.67300456644205
-22.33368666394239,135.34951374515896
-22.773560649400526,135.18059924027048
-22.287703545251688,134.8044469662006
-23.767936410397393,134.62906905982572
-21.683937050885984,134.36189415222813
-23.355982099417417,134.78148841575978
-25.91201516623729,134.176313264928
-27.52930775806774,134.01985146457733
-26.913271766416564,133.73316211012136
-29.308675477990082,133.68041553788964
-27.13892404942387,133.71158769937657
-26.525828829131807,133.12395112272807
-25.96768706313007,133.53195319383843
-26.167377154794487,133.04580607595386
-29.654612146571043,133.04316446778478
-31.048015903346027,133.53503576567496
-31.449395727546097,133.08855143442014
-31.850775551746167,133.1222286092712
-32.25215537594624,133.4590064239636
-32.65353520014631,133.51365181040288
-33.054915024346386,134.51973216970669
-33.456294848546456,134.18671903077183
-33.857674672746526,134.16686019541976
-34.2590544969466,134.12911702643459
-34.66043432114667,134.62585878272836
-35.06181414534674,133.9303872973484
-35.46319396954681,134.47013554203386
-34.75401910587226,134.82001866108533
-31.80873569149507,134.59062061924294
-33.27486615075267,134.7585998136581
-35.24696346334961,134.995340428939
-33.64000072669445,134.25587769098448
-33.02317832601394,133.95101831345568
-33.380150240119,133.67174535506194
-33.82081791306029,134.45717733204177
-34.400626242696084,134.55056211596448
-33.609763988831304,133.72563411429027
-31.79046725181341,132.69428861539643
-31.80792160713384,133.01405175209985
-30.87115101636688,132.8288523224992
-33.49232310309297,132.51470393781565
-36.39421266834361,132.26705505533565
-37.87544286976547,133.03288557014653
-38.193578162397884,133.0364476774072
-40.53181391374838,132.86528031608935
-37.62493455237272,133.03574143903444
-39.59263042922995,132.9747523671036
-40.59786915405922,130.72076917052965
-40.48518424054558,127.97530000372883
-41.78240024151725,130.5341124625769
-40.60760536476917,130.3020470563047
-40.03633702686912,130.3197628219258
-40.32651398406476,129.23732643027793
-40.620101372605234,128.27524339133126
-41.229979717524174,131.76124881618134
-42.755101386646,132.01325474141277
-44.509794340369616,132.0388203611113
-43.320340729336976,132.84372484371687
-42.80979305942251,132.13811680274497
-42.82911834669206,129.58977451434347
-43.78957560779884,131.78181467611134
-42.374079308492135,131.51748839871578
-44.58219840868566,128.45654515587196
-44.8548092734479,126.07382741254476
-47.13469092017927,124.14184829797692
-48.743320792753394,123.49019226750012
-50.11090170981196,122.02033997448406
-46.07330418445343,121.36964866028235
-47.812388333373754,121.03706594679814
-47.15830340443342,120.68136908623322
-46.69461207868558,120.29882580478214
-45.80980084613375,118.26912204032419
-47.366626986884334,119.10277498552401
-47.87623940207323,118.24086006575311
-46.401813889188375,116.76728135166564
-46.49571531743349,119.26066092026204
-47.58146166483261,119.10033338243018
-47.35841694618367,120.29422864530223
-46.873589088749135,120.1542788939232
-44.21950749345843,120.71010485873424
-44.24997422854084,120.61468200578733
-43.87283543186372,121.38084249328968
-42.344697779072234,121.34073557856941
-45.31685456444432,122.55209598942542
-46.92853307284013,123.39976213882751
-45.58010343764297,121.52737687393902
-43.89937317355321,120.66108318763247
-45.64683567720451,121.6504993802828
-43.1319708376702,121.66468811466424
-43.01229967859539,122.5923301163298
-42.46997725311234,123.32078206274412
-41.92765482762929,125.47175613754695
-41.38533240214625,125.77661350560885
-40.8430099766632,122.97098023097371
-40.30068755118015,123.18439397988983
-39.7583651256971,121.97204495828801
-39.21604270021405,122.50787048189359
-38.673720274731,122.37784159113902
-38.13139784924795,125.3097768447215
-37.5890754237649,125.96395406460051
-37.04675299828185,125.88308782149183
-34.73287521063933,127.11996381176228
-35.1848994367331,126.9462744149583
-34.90895186633299,127.85677736059675
-35.457632769855685,127.51239652266561
-36.654260575895464,126.98432921796254
-36.56830742396372,128.44755624951694
-37.72594596978721,125.69065514732188
-36.03345717727089,124.62224414754088
-37.85270038323482,121.59820012607601
-39.504336210304075,119.42664401209704
-39.249874683403,118.50328657945865
-38.6881287847035,118.70124405923485
-37.518020127019994,119.58429392951543
-36.99777960882602,120.5104273304661
-37.638926053699485,117.6466840422169
-39.672584531800524,116.03598341517734
-39.934100395050095,115.07468699922593
-41.112734732317215,116.1233384999674
-41.35100242127215,116.7104555840276
-41.589270110227076,116.9448481332892
-41.82753779918201,119.81783987552407
-42.065805488136945,120.41658808794813
-42.30407317709187,120.68613174742472
-42.54234086604681,121.01902278958897
-42.780608555001734,122.84557937457521
-43.01887624395667,121.44152650915872
-43.2571439329116,124.31821580016974
-43.49541162186653,124.9304570993426
-43.733679310821465,122.97087044548323
-42.11681512949638,123.77190663413101
-38.82924790383214,123.85693842382233
-38.441202104538924,126.90844809385915
-38.69702811364395,126.78288653413169
-39.05682636700867,124.90385468249322
-39.6269704660286,123.37410673289703
-39.48453016603985,123.96111864357712
-40.72838230287104,125.25825914275912
-39.7790305912189,126.34074948062118
-40.71919345420433,125.93103201351371
-39.579378039101066,126.71831345563827
-38.12794459933803,127.02225218057868
-36.88420860592997,129.14482621844854
-34.4788468552756,129.16916187524356
-36.739562650705516,128.77748327605664
-36.779190503613066,127.71192298498434
-36.68041195249461,127.44910182777649
-36.63373774329675,130.2571592288169
-35.35065834069664,127.45269844462403
-34.52863079079903,126.72944255176633
-33.70660324090142,127.0279683553716
-32.88457569100381,127.0415333321955
-32.0625481411062,127.2532037581806
-31.24052059120859,127.05350641511343
-30.418493041310978,129.48851150808272
-29.59646549141337,127.55307760222487
-28.774437941515757,129.24447177050993
-27.952410391618148,130.06372758207777
-27.13038284172054,129.3737138025775
-26.308355291822927,127.02358938376925
-26.386665856870547,125.47788483816868
-27.12393130284803,126.51101620970093
-25.623637355613486,127.96297981196444
-27.630990383176897,126.58029727505124
-27.54654718342967,124.1502492208289
-28.92237037054042,124.0987729600299
-28.880200615218126,123.01905279463476
-29.1573106981724,120.69770025767959
-28.994789484129697,120.89570767662961
-27.65480579052973,124.63975851621102
-27.06796336070981,123.4789662839183
-26.001166351084215,124.13257474316326
-27.956193819199243,123.4552817254436
-28.40855664014619,121.16159059410943
-28.771147390282554,122.12746623100561
-26.27005691313563,124.04798333816329
-24.470239643855223,121.35933177717605
-26.130956046411075,120.30661623462129
-26.0874177924399,119.0338075298792
-26.043879538468723,119.71425967696537
-26.000341284497548,119.98354177905438
-25.956803030526373,119.94099901451357
-25.913264776555195,121.8004672514154
-25.86972652258402,121.31742207999969
-25.826188268612842,124.94203712311776
-25.782650014641668,124.96154442357013
-25.739111760670493,124.77187196066481
-25.695573506699315,124.86185064667414
-25.65203525272814,124.88712864513029
-25.686123740919985,126.79173479043173
-25.764084943864848,127.14295540327669
-27.088156384225076,127.63116625328287
-25.633861382884724,127.68493180504808
-28.005015302525663,126.95920821879247
-27.2225412515473,127.20099938754542
-29.686677181082242,125.28299137579951
-29.186322624976267,126.70119259371839
-28.78353288691766,129.12294663401667
-27.610328068767465,127.3739466142588
-28.666100311919134,127.20103919999858
-27.9748562301348,127.05499415161954
-27.656602364196882,131.38412288903297
-27.37977541738144,131.5904796105331
-28.238544657703127,131.47089112940276
-28.813713370258135,130.2451431865262
-28.517582393421694,127.92105185590155
-29.513228513756633,127.54623451649985
-30.033489153820586,130.25904576716627
-32.677970909669114,130.241515073108
-34.323897844375715,127.00881950838388
-35.018939378205985,125.53628033804563
-35.53163496586317,126.81658832110516
-35.41957330040028,127.85954071661317
-37.18033976523711,129.68544946386655
-36.5265769841239,131.7957725140786
-37.17217124198551,131.76174083643022
-37.522163355375156,131.29934485051038
-39.29254838342755,131.83631625493558
-37.30926873741823,131.8024071241729
-40.060777428825595,132.383516094248
-39.85951127390769,132.3193112340467
-40.269671861985934,132.0414820699077
-38.44436988071961,131.6421691211462
-38.928887924218365,130.4586063627848
-42.27734932188426,131.67848075407585
-43.7124388344579,127.21534501299867
-43.438619433370825,126.08718036354543
-42.90617300943222,123.86978509253743
-41.214272356725424,122.0585185046009
-41.030246237840124,125.39761916547539
-40.0301437105418,122.90543748746387
-38.24332864285305,122.63971676766685
-38.94535074889851,120.86784212368336
-39.2895014614991,119.12375610194954
-38.92063958580865,117.8609747817097
-38.5517777101182,117.53691879424503
-38.18291583442775,117.95613633461048
-37.814053958737304,116.75904584076048
-37.445192083046855,117.71988879935459
-37.0763302073564,118.92522164936481
-36.70746833166595,119.82455388531861
-36.3386064559755,118.28179363483521
-35.96974458028505,117.96677610098571
-35.6008827045946,118.2800671308611
-35.232020828904155,120.1517520337765
-34.73374618158994,120.12588360061736
-33.986716776566915,116.41887474889008
-35.209591688432404,119.0562306459481
-37.4139558670581,118.87738823607471
-38.00666490199619,119.61257002700427
-38.599373936934285,119.20062894279391
-39.192082971872374,117.76146169102233
-39.78479200681047,116.18233311149746
-40.37750104174856,115.85434960105981
-40.970210076686655,117.3035718099918
-41.562919111624744,118.45057098881914
-42.15562814656284,118.675757552565
-42.74833718150093,118.67556248902679
-43.341046216439025,118.67378580569526
-43.933755251377114,118.72651680075965
-42.60621261639805,116.11151016740396
-43.94683957746549,114.67546810702706
-42.38202332239411,115.2596983081531
-41.7128067810441,115.78142623644564
-41.04359023969409,116.35985684016723
-40.37437369834408,117.08102274432959
-39.70515715699407,118.57317056530206
-39.035940615644066,118.57160612513026
-38.366724074294055,119.44933459096475
-37.697507532944044,119.44257117966255
-37.028290991594034,118.7911677793871
-36.35907445024402,118.7387902629601
-35.68985790889401,118.17827791310481
-35.020641367544,118.36216827954637
-36.187353042411694,115.42795713307945
-37.134941856776784,114.95065293354
-37.82254007392366,114.65018694128514
-35.688271404735,115.78787263973331
-36.31829954197227,116.90655375104103
-37.096078714651014,114.81415200838595
-37.70295812427129,115.31188054285757
-39.14979516278624,114.83442256277449
-38.48652797041583,113.93315676937749
-38.417956357589524,115.47810274663473
-41.0669782780335,115.27787152014135
-40.39490416382657,114.05135326023027
-42.83134499898847,114.23399785428408
-43.11195607744614,114.25470878570621
-43.40661816508994,114.15244042984982
-43.701280252733746,113.51122018811193
-43.995942340377546,114.96925332708783
-44.290604428021354,116.71202819535107
-44.585266515665154,117.0846748589521
-44.87992860330896,119.09428121988421
-45.17459069095276,120.98014192759712
-45.46925277859657,121.12173318999585
-45.76391486624037,120.50119305023826
-46.05857695388417,122.51771267553168
-46.35323904152798,123.64365732647396
-47.00949395159121,121.15265716241949
-46.42235153413008,119.99617492346277
-46.43358142354741,119.92335574404822
-46.93023717791671,117.71244133192025
-44.8397709813849,117.93316519020412
-44.29394536723763,118.6977146287029
-43.74811975309037,117.10453871832136
-43.2022941389431,116.3674296837934
-42.656468524795834,115.12462345636911
-42.11064291064857,113.65135328398095
-41.5648172965013,113.93128111554647
-41.01899168235404,113.26011878682621
-40.47316606820677,113.97156708159727
-39.927340454059504,114.05250808458679
-39.38151483991224,114.35145683801801
-38.83568922576497,114.84150632591232
-37.75445802396552,114.31172570403362
-36.66027266969754,113.93548424026528
-35.56608731542956,113.67687894901394
-34.47190196116159,113.48983948205652
-33.377716606893614,112.96658777108789
-32.283531252625636,112.73232500307836
-31.189345898357658,111.19698103022841
-30.095160544089683,109.70756579938647
-29.00097518982171,109.24120033387058
-27.90678983555373,110.11451205990588
-26.812604481285753,105.98291617059505
-25.71841912701778,103.19531605468099
-24.76396051534912,103.47011430710647
-27.047260771940707,102.95459911783985
-27.241222890019237,100.6049681614747
-26.78074935887948,97.23298351305856
-28.14350127295179,96.69464793339637
-27.610008746954943,96.04867206881755
-27.076516220958094,96.09714366995485
-26.543023694961246,96.65177195093801
-26.009531168964397,95.63383276927155
-25.47603864296755,93.80478591894544
-24.9425461169707,94.48083350518827
-24.40905359097385,94.94719518181422
-23.875561064977003,95.6237805548277
-23.342068538980154,97.42900860031214
-22.808576012983306,98.28018911443013
-22.275083486986457,98.38416676604244
-22.208847942523217,96.89261917377479
-22.229900256815167,95.85799814258081
-23.062738946051287,95.19682135966255
-24.085745678613854,95.35385099698638
-25.207752319228142,94.14211625307796
-23.954828141231314,94.11850789343299
-24.27219131406294,93.33795558509694
-25.17429061958178,92.7563667523113
-23.80236262867536,91.98433181277089
-24.057581346453276,91.1708405500046
-23.1438278302703,92.10534984341548
-23.441693972111292,92.63405052639398
-23.14284985316108,94.50305911910449
-22.113447535308822,95.96349360566049
-21.649666831053096,96.10639639373481
-23.179578441278963,97.57680060327061
-24.950414533306873,96.65517454305169
-26.44328506343958,97.0908009313405
-27.000121019169093,98.33524062740715
-26.988096866459955,98.17691092237708
-26.6416043618072,98.82574219711451
-25.312393658034573,104.46143616998486
-26.05125300261504,102.89304799096158
-25.983704276044307,103.9231968508642
-22.728900867487646,104.82496516944185
-20.96190672191017,103.28654873798737
-20.69860369975933,105.78754634276004
-22.60308327172944,106.05468052159178
-22.610531729340302,108.52650861121973
-22.782083833839806,106.5609350975055
-20.895121966451924,107.3343355886065
-20.284960678194984,104.35548186694942
-19.94411037883212,100.07038776502415
-20.352304922433003,100.11584284615152
-21.538271647854355,100.14296232699705
-23.927933907238586,100.73468644316222
-24.024684897065892,104.49914196340677
-23.588098963942386,109.02839852085866
-23.942798322847707,107.04229068428904
-23.561066883276418,102.20950753231529
-27.073470154726287,102.55628342987296
-27.86681029886028,103.04117011181394
-29.98116599229543,102.96594313882596
-27.825492433141743,99.20155346986373
-29.036682946619568,98.56953836928042
-29.509264860718886,97.51253502525269
-28.69620117354071,96.5334833389237
-27.825771671105137,96.34610828040663
-29.92381163789685,98.0238842567488
-28.959051957117076,95.68334628981204
-31.299515747910096,96.46049134442067
-30.772035891296415,95.82926804884382
-28.537039165615035,95.89024497988343
-28.153132511756095,95.79925893239643
-28.55251303784112,93.79779901909639
-26.52942137711019,93.02410728653099
-26.018366277607484,91.9993946402267
-25.873595346929793,91.8638624764285
-24.15407691345152,91.53240335894431
-24.356401306692224,91.0438107156624
-25.448191077005365,89.11419525187968
-25.387472115253647,89.66910080477909
-25.526798578468597,89.33739558658024
-26.18354322867409,89.25113863483479
-25.78017620746797,88.40991615087295
-26.467833182701913,90.21989445126968
-25.041721409122342,91.80543354494927
-27.053267273956017,91.83451822050309
-27.613972797671646,91.69058800426197
-26.08861373984586,92.23360906811138
-24.591857945222316,94.3754151829057
-23.708459303881387,93.61933084493805
-22.060090323636445,93.69333106136996
-19.232554955376617,92.9449307462852
-19.794232541259703,92.10971853156259
-19.156871834150486,92.86023184943737
-16.43116794169667,92.98330383314595
-15.800243932370071,93.28137393428707
-13.928839347533593,94.72471472229876
-11.331523476352464,92.59374335190181
-12.326883353984538,90.68580631928516
-11.42057109591737,89.07227351576654
-11.826498728514062,88.9443558922868
-10.386106942489869,89.37031669042
-10.084842770613378,88.4063721409896
-10.847377281020092,88.73581249645858
-10.910173906195272,89.05658299244715
-11.93626044674705,89.33471443406529
-11.591074048975024,88.81323190797424
-12.25340452834301,90.08239573807876
-11.32299825197485,89.47171808730081
-12.751564675732888,89.60204879862451
-12.25402650570542,90.40512828430224
-13.207686963161589,89.9601129559455
-13.459192000565855,90.17164277152584
-11.809594628242388,91.61090108100647
-11.97177783249851,91.1960632203093
-11.7895245177411,90.99663069965028
-11.60727120298369,90.59811995723483
-11.425017888226279,90.66557416349214
-11.242764573468868,90.97695692074203
-11.060511258711458,91.06500360113759
-10.878257943954047,90.38494680197853
-10.696004629196636,89.78795572710666
-10.513751314439226,90.93385081728273
-10.331497999681815,89.31401962830745
-10.149244684924405,89.44164817988897
-9.966991370166994,90.59238757988105
-10.241741213026733,90.28659497897283
-9.047126794004736,91.09817624931395
-8.103823605092996,92.73640329281616
-7.817728205118724,93.38030633080498
-5.72726648733411,93.49543317624236
-7.219889550012654,93.40098061245264
-4.777385100934065,93.50001154034523
-5.572583733079358,95.7016751053084
-5.273216884069437,94.02956495300214
-6.701777566275039,93.31704077637194
-6.258102356644878,93.72938476877937
-6.157911909801836,94.84777486581736
-6.057721462958793,93.0858554756741
-5.957531016115751,91.7474318908378
-5.857340569272709,90.95956289039955
-5.757150122429667,88.78359213553485
-5.656959675586624,87.69076876865236
-5.5567692287435815,87.9418256990175
-5.456578781900539,88.30104833080264
-5.356388335057497,87.68018157603089
-5.256197888214454,88.46982443085847
-5.156007441371412,87.19338114709988
-5.161600211487445,85.31393075106165
-6.102316018433903,84.16287667732462
-5.5789796142361485,83.52790208438279
-7.194402175013445,85.08798168758955
-6.927643864028723,85.27967923067561
-5.37789982133589,84.08088892245236
-4.995754511342876,84.77228737512395
-6.36352891455886,84.161914439531
-8.520529552567542,85.24804522870677
-8.687393436265992,86.05729864158774
-10.068559343467953,86.51995806113639
-9.564820330314404,86.58497431561133
-9.968694717885937,86.94028905168152
-9.67234296013345,86.71846039546801
-11.02013910402387,86.57933567390393
-11.351138597625576,85.82187250747222
-11.68213809122728,86.84659041159607
-12.013137584828986,87.50676852483151
-12.34413707843069,87.45368479374179
-12.675136572032395,87.5634174114672
-13.006136065634099,86.0868642077303
-13.337135559235804,84.44452691640215
-13.668135052837508,84.42101771122512
-13.999134546439214,84.58587603919827
-14.330134040040917,84.18652705964385
-14.661133533642623,83.46520266781032
-14.50000319073827,82.89536259231241
-12.856673654013022,83.06256452887773
-13.795903029966864,83.13589619954095
-12.640093452827129,83.43078156673312
-12.414218639854933,81.62640678120218
-11.173766500627194,82.02508538327558
-8.828705504062889,81.94426096304926
-6.7874283509016795,82.25548130959567
-6.190164577385254,82.33044576502621
-4.133195587550625,82.41382861536208
-2.254932777392838,83.25816223550578
-1.5839746033693705,82.49773479696601
-1.2321479305998626,81.37919461369825
-2.3366033560660577,81.58502931786391
-1.3004368014539576,80.62986312492968
-4.435614479650028,80.11229927086423
-4.406332791804227,78.83762400313827
-4.377051103958426,79.42690921322693
-4.347769416112625,78.13566535510665
-4.318487728266823,79.20533107854865
-4.289206040421022,79.27378290687456
-4.25992435257522,79.92947363530084
-4.2306426647294195,80.20042858659619
-4.201360976883618,80.50583210426463
-4.172079289037817,80.4877072308051
-4.142797601192015,80.26819020832758
-4.113515913346214,80.3569765423692
-2.6901780841538203,79.48813762943927
-6.494400198439575,79.8038781506012
-4.9524238245539465,80.07986031731602
-3.4300010128819136,78.76002014090557
-2.94750519727217,79.77690117020803
-1.7655081651251288,81.02314143485306
-2.8351600713001455,80.97776969005209
-2.0368010899572,81.04693469281756
-3.700919591986378,80.62472259228798
-3.824283960935797,81.80501545477699
-4.466471561977267,81.83122312727019
-3.813053388196576,80.56520657614656
-2.5328126232323145,81.17657187244879
-2.308570753162126,80.7493804858432
-1.2214390801894748,80.55731678971065
0.9905537488562937,79.68468049689227
0.5520802409051977,80.12938529437824
2.2917268557871946,78.83460988250354
2.0001128763432656,78.48927740348259
-0.4852893870452748,78.5583833841533
-1.9031079337247323,78.5224579589238
-1.9530705589743043,79.02791185522617
-3.0621114213593046,78.0921869400096
-3.2613142826126875,77.76641221183465
-4.640329770740261,78.55586235483682
-3.3617275974139442,78.39362766323084
-1.3576974133188937,76.97787282269228
0.15052202338409915,76.82838799966144
1.0283302501376919,76.88492975841878
-0.22034539512774032,75.80074399552943
-2.1457409348381447,75.51766571501614
-1.7564462006234023,74.25988300063699
-0.5865932794057467,72.75735692793076
1.0233284831925895,73.76927926374734
0.8563363622321022,74.58346810253245
-0.6781467085721206,73.65387443741808
-1.939687623281876,75.04723665262526
-2.5275994447451122,75.97191809340408
-2.451336880259871,75.89197850040391
-3.2258523487305246,76.92676367375084
-3.9564203840718903,76.83961035258092
-4.696391281839183,77.24091772730726
-6.531029881306754,76.83363380706953
-7.618579315630484,77.28369328005147
-5.130434129198083,77.05195559344801
-4.741292150022308,75.11053766827402
-5.717001716533311,76.92687668008736
-9.960059002467347,76.93655782332381
-10.518142323470062,74.73156263227501
-10.054315110564163,73.08561589569662
-9.697265656199175,73.4631863175931
-9.87899740850555,73.40447134509346
-10.060729160811924,75.62575766208704
-10.242460913118299,75.16369462094954
-10.424192665424673,75.53203322469075
-10.605924417731046,76.70553861201925
-10.787656170037422,76.78493950653686
-10.969387922343795,76.86347372263847
-11.15111967465017,78.67228124006931
-11.332851426956545,79.1894898694237
-11.51458317926292,79.12709100812047
-11.696314931569294,79.59802386477968
-13.98581562061377,79.81860984094652
-13.659730952403256,81.06153977255445
-12.554252034475414,80.80490976338196
-13.670268095309432,80.38018860612821
-13.830677761907838,81.0072324634827
-13.991087428506244,81.81574034866324
-14.15149709510465,82.33618913362126
-14.311906761703057,82.14790726501543
-14.472316428301463,83.01191688206093
-14.63272609489987,82.98332159829812
-14.793135761498275,83.10911367321681
-14.953545428096682,84.21282307243246
-15.113955094695088,85.55474124382417
-15.274364761293494,85.19381910089835
-15.4347744278919,84.43460870170429
-12.823816276851332,84.2003660156946
-14.157401382099545,85.0230928992343
-13.077311314704389,84.49154329437681
-11.155888208304724,85.03887091492003
-12.745393451896165,85.40426994885631
-9.575659130783611,86.22964504701781
-9.76582044408573,85.18642456557122
-10.609960507204,84.19323875484375
-10.920755610577805,84.10763606680308
-10.46285641613288,83.6435462602952
-10.739354411860637,83.68862684027347
-11.439673060977057,82.99218744380546
-12.13999171009348,82.10314710252474
-12.8403103592099,81.81115858043033
-13.54062900832632,82.67912550665885
-14.240947657442742,82.82414015664912
-14.941266306559163,82.15829696994808
-15.641584955675583,82.41876819171021
-16.341903604792005,82.02701120570015
-17.042222253908427,82.94552865930993
-17.742540903024846,83.04102662252988
-18.442859552141268,83.44017731693343
-17.43594471761135,83.72106897435467
-17.201173294965123,84.27176971046777
-17.42331675632515,83.64646746939066
-19.126765392027817,84.17747868679577
-17.42707915923841,82.90581882092661
-16.87029346989057,82.65924859068893
-17.005469132349493,82.63609920923108
-17.140644794808416,82.69359035587156
-17.27582045726734,83.16842914788454
-17.410996119726263,83.97325316647861
-17.546171782185187,83.3865495652104
-17.681347444644114,83.56041334008926
-17.816523107103038,83.8355597218869
-17.95169876956196,83.71851428405198
-18.086874432020885,83.65964990656062
-18.22205009447981,82.71186015710865
-18.357225756938732,81.62119796824093
-18.492401419397655,81.86262107984122
-18.62757708185658,81.39389633839406
-18.762752744315502,82.43844125275453
-18.897928406774426,81.6262570253664
-19.033104069233353,83.00825781043763
-19.168279731692277,82.75559035811308
-19.3034553941512,82.7704488463768
-19.438631056610124,83.06535085704795
-19.573806719069047,81.23576650792164
-19.70898238152797,81.3284447234691
-20.7943383346557,80.86856646165329
-20.870239497561126,81.36354541466456
-20.238822321249934,82.08861313968625
-21.028887824305126,81.76304142597304
-21.535294613033255,82.5798055209512
-21.657986379222873,83.03096336378815
-22.780061215775955,83.13651109855086
-22.397530789094837,82.8288854723207
-21.18174363279884,82.76084953272535
-21.814574130685614,83.67411193424354
-22.867941747704013,83.67300388959048
-22.945875543570384,83.84952470320098
-23.112922993800957,84.84110654890128
-25.030635662465112,84.88123475062646
-23.933708751287913,85.29952198776093
-24.04722779197419,84.95361025774251
-24.00472318890585,84.59120237053398
-23.96221858583751,85.6764991911398
-23.919713982769167,84.5946731622538
-23.877209379700826,84.88970081185066
-23.834704776632485,84.83545046324647
-23.79220017356414,85.59453195664169
-23.7496955704958,84.49879120847983
-23.707190967427458,84.35324610897321
-23.664686364359117,84.79049439842478
-23.622181761290776,85.59257005240796
-23.579677158222434,85.69274810581695
-23.40759922057392,85.39395965317426
-23.03705909372571,84.58488945035504
-23.184957670469686,84.19986246223127
-22.34988573754285,84.46138358976711
-19.921712498154836,83.67266578474545
-18.62833648674798,83.82014531082866
-16.840095024512546,83.64741200642503
-16.536326914550006,83.25528552422146
-15.972273330502816,83.41984397728518
-16.817763505586527,83.8388732275708
-19.378071957342748,84.3456978545342
-21.04370639301384,85.42417832801135
-19.41118125967888,84.74827651348063
-19.869625973568535,85.90093692231859
-20.328070687458187,83.8116482128296
-20.78651540134784,84.13427815910292
-21.244960115237497,83.41397758419504
-21.703404829127148,83.46559944630856
-22.161849543016803,83.38522792355703
-22.620294256906455,83.46138198612817
-23.07873897079611,83.79866133204047
-23.537183684685765,84.23520383028198
-23.99562839857542,84.21235449991366
-24.45407311246507,82.52206060155147
-24.26715506072058,82.82372513843269
-23.84399800587326,81.65924945523638
-25.532275456677624,82.68482600025665
-24.776411440666305,82.6616021976383
-24.555673929218884,82.54981847632004
-26.94728111153963,82.95711893485515
-28.321179166072103,82.28714298722922
-24.66814929065046,80.78220346075081
-24.230167834912407,79.91300938963933
-25.207288947771996,78.92160293567332
-24.15679770887345,79.33180576039253
-22.240052969429644,78.90111087593786
-23.01746792108826,79.02689327140048
-25.55559542879621,78.42126338536855
-26.02000046515187,77.63066052314143
-26.654774732081854,77.07244772144857
-25.458126629886834,77.80777365986586
-26.271415466007603,77.8271129832124
-24.764449476310944,79.00084291293716
-26.19141591610806,78.81933585217617
-26.23208835861993,78.98870729373624
-26.938324750866634,79.61311244231455
-26.165719794762087,78.5378469522052
-24.178025389854714,79.28014779400439
-23.610426852331877,80.61777976957315
-23.042828314809036,80.63460425095505
-22.4752297772862,80.31926610564562
-21.907631239763358,79.15709603550596
-21.34003270224052,79.51205946002895
-20.77243416471768,78.64012473857179
-20.204835627194843,80.17531653614394
-19.637237089672002,79.88823400350573
-19.069638552149165,80.2951581132885
-18.502040014626324,80.42880840656473
-17.934441477103487,80.23178502728642
-20.379754498671012,78.60291092448938
-21.14099571215431,78.52044159874826
-20.970011615612158,79.0378236008422
-20.466703836781676,79.033283572838
-21.155436365784848,79.00409275489231
-22.206250664817027,79.6334794271198
-23.257064963849203,78.81021577289376
-24.307879262881382,78.38060052924644
-25.35869356191356,79.31457467212374
-26.409507860945737,79.2827429340553
-27.460322159977917,79.37029746729038
-28.511136459010096,79.83285003524797
-29.561950758042272,79.30256453606574
-30.612765057074448,78.34808946668615
-31.663579356106627,78.68588016891769
-32.71439365513881,77.60812217918861
-34.13182765444683,79.27686769670964
-34.79843710587173,78.2712040388915
-33.2819610305051,78.16616568319014
-34.68665695868205,77.77525186859258
-32.78130639585371,78.53305297171185
-32.24127170414013,77.34554261832088
-30.902271271637773,76.3851366126411
-30.04985647122697,77.12201576308182
-32.0915836158403,76.47965009144679
-31.653875507905322,77.10444931825336
-33.71249610952414,77.09128219712014
-31.557287725499556,77.92393673498866
-30.993484438381017,77.28369958930317
-31.828300368187076,79.03957709669531
-31.70593669409649,79.37653575081391
-32.067686532270315,78.70396238041012
-35.41686610481778,77.92885362248877
-34.29198350537277,77.93127461009418
-33.66194525923045,77.52117159191924
-35.02085390832902,77.59363519483189
-35.09278722226251,77.66988922681603
-34.220257656011775,77.71954197212459
-36.86613491131576,79.53238373278262
-36.643940341253106,77.63363734963302
-37.72402062556374,76.92130677723608
-37.21970859135614,76.30842708974318
-38.14198539600423,77.52930919538245
-39.39624194184357,76.62628110504048
-39.81325488416638,74.90495066101772
-37.34322696264867,75.22080061754752
-36.57330284510844,75.66414738487892
-37.508223483486404,75.28316133480945
-38.443144121864364,74.89787004786437
-39.37806476024233,75.74956533971172
-40.3129853986203,75.93181395685964
-41.24790603699826,74.80168180647755
-42.182826675376226,76.6426922557101
-43.117747313754194,76.56581797699876
-44.052667952132154,76.80105891022748
-44.98758859051012,76.74011721165118
-45.92250922888809,77.72204188987091
-46.85742986726605,77.04173929534767
-45.9055738296213,76.38950995620779
-44.785842775404404,75.33910498516894
-42.47940575677238,74.07354765413494
-42.28511043185952,74.74875979925064
-42.09081510694666,74.48623271910935
-41.8965197820338,73.84159148317674
-41.702224457120934,73.47264361780405
-41.507929132208076,73.37392191362635
-41.31363380729521,73.52602432983343
-41.119338482382354,73.56663212723481
-40.92504315746949,73.93594255880296
-40.73074783255663,74.4248174417574
-40.536452507643766,74.5922364457656
-40.34215718273091,76.04430971220725
-40.09171645262369,75.92176456185075
-37.897049157900916,75.64267936560594
-39.21151562247514,75.56809733524855
-37.84617411995532,74.69655158215133
-36.84536286178886,74.16461217537116
-38.39878158236225,75.10665223229537
-40.78453752738792,75.18010536835463
-42.53601289383294,74.94295000312327
-40.42359006721517,73.27116412747677
-39.25915400606401,72.41442919195333
-37.08619921435529,71.54065640504471
-35.87599261579853,72.66185649458659
-35.601717052527555,72.84355077134998
-35.145483662968594,72.1838045346831
-35.22635712203453,71.50824337573542
-33.6483862773749,70.832157155948
-33.97971913635762,70.72566578160736
-33.52071893850003,70.6683633672215
-32.880598304677214,70.94732248223377
-31.806276859026138,71.20178928118324
-32.08676836137877,71.120209118014
-33.42175067742192,71.51929957495737
-32.60777382790409,72.19447270676307
-33.726903819233335,71.99158494891749
-33.88025115171696,70.79571466691053
-35.12362268387912,70.52074570254483
-34.6544262194236,69.60850617320551
-34.1494168939961,70.57267054309527
-33.48970497018444,69.8667764397784
-32.829993046372785,69.30475929485425
-32.17028112256113,69.29385574655261
-31.51056919874947,70.06679998303963
-30.850857274937812,70.45443618643651
-30.191145351126153,70.60790820169218
-29.531433427314496,70.95353087600543
-28.87172150350284,69.88523241858577
-28.212009579691184,70.75777520367697
-27.552297655879524,71.08770857055174
-26.892585732067868,71.02172261197005
-24.60756758434862,70.93143268960475
-26.049870197778656,70.87164389602883
-27.270873300954534,70.91273221331974
-27.110604913886213,70.14437904432751
-27.206824104338065,69.28707620809287
-28.537134551190583,68.97009072565179
-28.675118626428592,68.492980749063
-31.57087329856885,67.41612414096053
-31.899501555114803,67.29199127792943
-31.45441140619578,66.81096427204508
-32.661334959898106,67.23832937508111
-31.819040694036094,66.82168011792048
-31.341335326179443,67.92313930863406
-28.888576442079632,66.67692952656569
-29.082214719357765,65.54663850539913
-30.575391661391038,64.67176954459768
-34.98018673999261,64.81049986343777
-32.97779082421449,63.472584000465325
-33.69139100308753,64.8783771876345
-32.6975166810054,64.59186088781537
-34.31513131673321,65.81133450250893
-33.36041437313965,65.03823875269474
-35.35627147829054,65.43772542285322
-37.86927147369047,64.9833901018137
-41.00820906639451,64.66893280540641
-40.97137809613015,65.41010205465206
-41.58096378601333,63.49433648728365
-40.646392826465885,63.30242798170923
-40.74395831595121,63.567246816744486
-42.58268107303354,63.318152725410926
-42.27152277263986,63.32648480294683
-44.95321734317085,63.136002066285634
-45.9668758000511,63.65495238810444
-47.785802274169825,63.25107471903874
-47.07606705061661,63.583217186344264
-50.19055259736224,62.617391369111616
-49.24696685461723,61.767049923393365
-50.72102193168662,63.06519748818001
-51.39471391514513,61.52265448601209
-50.713343832889684,60.61519627691153
-49.00663003278548,60.17606529628806
-53.833086519382796,59.60429178540033
-54.70316768727642,58.61885962997176
-55.67456114604336,58.5522965059043
-55.71845884445874,57.62356122842993
-56.52451508380183,57.88941697970258
-58.374825829412195,58.368904836628836
-60.3050304876394,57.52011740815231
-60.511810435470316,58.183038568936425
-58.263469594122355,58.02833714407524
-56.526667061341534,57.69248811574815
-56.971658737594936,57.403704561453154
-56.50947474781033,58.09870032729894
-56.04787307073178,56.9363430465681
-56.99905762269093,56.13314433343619
-55.91719439239427,55.85621986053141
-56.02546246688872,55.88917446312214
-58.64299731514447,54.78767624905457
-55.72449472718735,56.19184564649441
-55.18648365500114,54.39821621795885
-57.1324401340722,54.674029459693074
-58.23125857478667,54.368856741322595
-59.58174032261836,55.14959964104801
-59.80945616644461,55.98109778639822
-60.775533798630164,55.47895695690776
-62.8488404652187,56.3844957929071
-64.3781243310303,57.1969345904999
-63.45717104511064,57.210307358752004
-62.61665227229127,56.9319946306066
-63.89106131171532,56.90798714368489
-61.87133291433547,57.49865234711664
-61.65338339318866,57.08719389319412
-60.58528302168532,57.73615404842318
-61.32077674265277,57.55864884351272
-60.46308525004731,58.026021313695104
-58.83967817410535,57.5397440378702
-60.2872138449391,57.35448378466452
-61.26172949957337,56.37010063400875
-62.23624515420764,57.496060487795155
-63.210760808841904,58.6842787270527
-64.18527646347617,58.915577795941246
-65.15979211811045,59.544732837484844
-66.1343077727447,59.91292325792339
-67.10882342737898,61.47321384962954
-68.08333908201324,61.11687811430808
-69.05785473664751,61.535522043970275
-70.03237039128177,62.34013281030077
-71.00688604591605,62.933864779703974
-70.24127522053584,62.317755516704
-71.44875562773093,62.993604838007215
-71.550685462919,64.11773572440207
-71.9853903922567,63.08312093427718
-70.44891332323007,63.04112112458508
-69.72969228850958,63.310903403111354
-70.26829214113214,63.06896110288132
-70.5686076610525,62.59427329774691
-71.3209598044794,62.07362343883474
-70.08963260482818,61.39048165679117
-71.14406993168117,61.81175336662592
-72.67191939891413,61.93311082554416
-71.82468937215259,62.2881592041571
-70.97745934539104,62.71452174168623
-70.1302293186295,62.980707945936985
-69.28299929186797,62.6705793205985
-68.43576926510642,63.06569935200969
-67.58853923834488,63.04392827581572
-66.74130921158334,63.140884279215356
-65.89407918482179,63.1162081687188
-65.04684915806025,61.55268151817425
-64.19961913129872,62.62215132743323
-63.352389104537174,61.75741552334817
-62.14349888739589,62.61227056002403
-62.31777485426477,63.013528448615226
-61.19729227274835,62.625632658765234
-60.49846003243028,62.640495438843956
-62.05629660789299,62.61636413693531
-62.37862141668537,62.79682141667193
-62.30955045529236,62.55236311918436
-64.19108165231931,61.606461424348666
-65.05420597604383,61.311828523398326
-64.52845305044423,61.87518144375197
-65.79291988562241,61.83452889637183
-66.5628976500805,62.44183512380879
-65.58780297001852,62.100948288588974
-67.94520484143335,61.468869803044576
-69.04031881484738,59.736142988624245
-67.7893129821286,59.91178212292937
-64.05665309699069,60.82126663227445
-64.71513907729451,59.86632608785907
-64.56209210870007,61.22099401039096
-65.54827929078826,60.73594931036205
-66.6933679470197,60.155488824916596
-67.99075509720943,59.597577317640734
-69.66719021091967,60.37403146599377
-70.75731159186068,61.35612200711309
-73.21150727112152,61.178448800625844
-73.5064403815195,61.115174099839564
-74.73928847870383,60.894834530334336
-76.15283656660537,61.417041834550716
-73.55880603247063,62.15493148947531
-77.13866508551716,62.47484603450012
-77.49362137985823,63.79223782239444
-76.03323277260934,62.831667418682194
-76.70054859283123,63.36425577509379
-76.97229515343369,64.37758031914836
-75.97901509994156,65.66536828672082
-77.0263512769631,66.1700743869223
-79.09634771202433,64.56884613130832
-76.99624952131872,64.55753049085673
-77.72478393809995,66.3869828409338
-78.45331835488116,66.48742939739844
-79.18185277166239,67.09681228386785
-79.91038718844362,66.86171326420879
-80.63892160522485,67.2585723954268
-81.36745602200607,68.52856140011923
-82.0959904387873,68.20372661650507
-82.82452485556853,67.11266544845311
-83.55305927234976,66.33429410924089
-84.28159368913097,67.23551104958842
-85.0101281059122,68.38123805648632
-86.39356257710767,67.78173846318508
-85.86251712150593,69.37291083559822
-82.876034164119,69.08630514910709
-81.35614248164681,69.74936681597634
-81.58641596826499,68.60056266949022
-81.33845390374303,69.62004895550938
-82.38384254528111,69.47814717086358
-80.39579824865368,70.49263494237324
-79.52438901299833,70.63487401082841
-76.41441784535596,70.72629585947652
-77.84042108485465,70.9305858606699
-79.39051345847722,70.18123490641958
-80.37286509755148,69.35337806521198
-79.0920304330993,70.04177815997679
-77.37900420327108,71.49951046576496
-77.02585264566133,70.71537752789582
-75.0358888997163,71.97138644052117
-75.55357752982187,72.13902116801206
-75.5974226890885,72.85466376633285
-75.94400799004295,73.24621835569593
-76.36392620193669,73.88210869665278
-77.90638134005849,74.73755497846368
-77.44075290327551,75.88116664979525
-79.35561170353616,77.3977221207993
-77.29102788123751,76.48579543291025
-79.63534578942432,76.26070622467923
-80.90827229554594,77.76360912638074
-80.0360282575939,75.59608148290299
-82.12931480193438,77.58543643179966
-81.35409396739405,76.9359752518195
-79.33487621824356,76.3354360584739
-79.31087873371207,78.14357890876437
-79.31273644139303,76.45041648545975
-79.24684560099517,77.88236953569809
-79.42063329454314,79.89408049102764
-78.87038560439045,78.29984107032095
-79.83337060801665,79.23460347114535
-81.4996927007678,79.05279124791383
-83.18248016279968,79.51354272430282
-83.17621088132634,78.79623130626267
-83.169941599853,78.09223636927732
-83.16367231837968,78.4024076457145
-83.15740303690635,80.43653108980916
-83.15113375543301,79.36257892097709
-83.14486447395967,79.03833681146529
-83.13859519248633,78.67423274034451
-83.132325911013,79.20862212750484
-83.12605662953968,79.1395434115426
-83.11978734806634,80.29442304949747
-83.113518066593,79.3466333995584
-81.3784110010188,79.66559243071511
-82.6313267789181,79.90393349278409
-81.65637900720611,78.9388892901399
-80.16912798859674,79.03737973965458
-80.74171440925636,78.00830267652861
-80.46758645936768,77.90386620402973
-78.8778292173243,76.83123132463757
-78.97234760705607,76.7683849683284
-79.06686599678784,76.52889264834727
-79.1613843865196,76.97648772778703
-79.25590277625138,75.09656985778699
-79.35042116598314,75.90083694344767
-79.44493955571491,74.33245118973902
-79.53945794544667,74.4569091213174
-79.63397633517845,74.03566231810542
-79.7284947249102,74.69197367133029
-79.82301311464198,73.90310804766078
-79.91753150437374,72.7185571505592
-80.53920869331519,71.18466890982198
-80.46383946325011,70.73683890937387
-81.08770885836846,71.64061921701628
-80.04434061543465,71.4097430382121
-79.29282044064942,71.96534715986128
-79.90645077744671,72.6124909270377
-82.23763541715208,71.38249232104798
-80.85116053428054,72.09008246091035
-79.60032912785533,72.3474103490079
-80.10704837186023,72.18846445354525
-78.21751194264814,71.26883869886312
-78.3548639853141,71.70802999391456
-76.92908817899827,71.83748935705242
-75.23287165780836,72.09620613947584
-74.10687592215018,71.26630640847982
-75.12163323818626,71.74435128321515
-76.52505072785938,71.4007462910426
-75.54956296849387,71.49097061866354
-74.51583823049637,72.26241573270556
-75.3555385383269,73.08372288531963
-73.083238346147,71.76199793715764
-73.34417980557514,73.34812464603186
-73.60512126500329,73.28176264228355
-73.86606272443143,73.63927974331642
-74.12700418385957,72.85789109518653
-74.38794564328772,73.29448086005169
-74.64888710271586,72.31061501102305
-74.90982856214401,73.525406339572
-75.17077002157215,73.71983422819838
-75.43171148100029,75.06421504434249
-75.69265294042845,73.9531357464198
-75.95359439985658,73.20855269187186
-74.39794628242919,73.57500145374746
-76.54533804643073,74.3732065584247
-75.33839863813662,72.58651185067795
-75.48205484011362,72.91058702865087
-76.02275905568227,72.02019872035831
-74.9224898095301,72.51741439768516
-76.18777994893479,72.41829705885246
-76.20560773534504,71.86331974855933
-73.56226529333624,71.43836262255465
-72.03998953448733,73.03124593817975
-72.26924765278915,73.19374194375055
-72.93831738390426,71.34823432244649
-74.18994688842714,71.46767245347522
-72.59813340558219,70.99122148318067
-71.09179732693622,70.55920518449811
-70.75906825839672,70.86275454014576
-70.26035406693633,71.73946202560514
-70.97146491623279,71.06823885823523
-69.81064150524256,70.72069290593176
-69.8299102864749,70.89600395136303
-67.98999803130529,70.91996791902733
-67.11617599427869,72.04965052635015
-66.59377259749122,71.03264000400755
-66.27361381348733,71.10534510747092
-68.14194141342358,71.80621948500492
-65.69835300151577,72.51916578414799
-65.23350628869298,72.39697667160432
-65.79964246578868,72.35297704122966
-63.22376974268502,71.83187641202205
-63.37537493586534,70.59833903133475
-63.06629065632187,70.71405912283086
-62.7572063767784,70.92266480360996
-62.44812209723492,70.19481325004217
-62.13903781769145,70.35333258315495
-61.82995353814798,71.2632929882787
-61.52086925860451,70.62772746816786
-61.21178497906104,71.12600901355637
-60.902700699517574,70.84811713291884
-60.5936164199741,72.04197466332378
-60.28453214043063,73.02337129249315
-59.97544786088716,72.09819622721176
-57.27494668066419,74.33051845079576
-56.924129387837375,73.64472681883552
-59.28466652352543,75.08082944858305
-57.16839452397302,74.42474402952871
-58.144263051396265,76.35618752460223
-57.90321435760611,76.77502449143587
-55.85908677529179,77.21815290391271
-57.29977441855016,78.2027130617782
-56.08994753452837,77.49928732410032
-55.85865697776147,77.56697542939271
-55.68281643730487,75.83965528206821
-58.27802032657263,74.58027085896926
-59.45761577573156,74.4963231824634
-59.983893004122024,74.48209043913215
-58.97149897038828,75.51604693262861
-60.75270573519141,75.04425127158119
-62.43038290495224,74.57782390218736
-63.88968916767514,74.86614007579142
-64.38045249096794,75.4779589234917
-64.26003270089224,76.78815211473841
-65.31632242856658,76.98396121639604
-67.08680089055764,77.42503922255929
-68.13111013192407,78.55121361366324
-69.42457988344502,78.77567591644795
-67.81598524230444,77.2678103225541
-68.67813824897966,77.71081688388868
-68.4271543945239,76.27667491286503
-68.55850302158038,75.52458253281921
-67.82510671761257,75.50115681103367
-68.2932579460931,74.64987680391606
-68.49698420240532,73.5170468836268
-68.87038139733724,72.84641723856518
-67.0709275930228,72.79937023178208
-66.55222764951748,72.0248320835269
-67.33118114897384,72.45777067753467
-68.52078528475464,72.0566712744432
-68.30897697410313,71.62922874194578
-67.0386040137309,70.8596512564371
-64.83023077302178,69.1756366143358
-65.56308736300267,68.88643555755715
-67.46031221402556,69.46686022687955
-68.03461442873744,69.43604352536641
-67.51030531740993,70.21403022393666
-67.41229916786702,70.18854944860271
-68.67455172323747,69.82340938442205
-68.10869898219353,70.7727700175825
-66.94205095607293,70.49454541632521
-66.58270684650063,70.44943004592268
-66.93429837378584,69.76658533357481
-65.99329294727164,70.85389604171998
-65.6600468955991,69.91543635468173
-64.98142530049167,71.98398994717166
-62.73634135972209,72.30049826845908
-59.86895701735137,72.83381255347757
-57.63945694922363,73.18199542589917
-56.76859586777822,72.91320652772475
-56.837222834938395,73.2838823452449
-56.4361332541542,74.000259518483
-58.062223181510994,73.66847579371422
-59.08954417424428,73.53599969607833
-57.34089246916064,73.25823149898291
-56.527117317223976,73.49908910911854
-56.49204994324044,73.43759381103392
-59.94041270861182,72.11487761444556
-59.064711720206596,73.44236460239908
-58.518931399291894,72.92717059466212
-57.11878663502084,73.73625679245333
-55.88228922402467,75.19851842565728
-55.54369763834239,73.91426211682476
-53.93002524691231,73.25004630600047
-55.47062035483226,75.15256276291564
-57.79468245418592,74.6929152292542
-58.557705260813435,76.99882160812865
-57.96354131129385,78.24902110036666
-57.485362415281614,77.55241228272062
-57.397767498634025,78.246858053662
-60.50785723512768,78.28675104742408
-59.94305855179702,79.3532773985851
-59.59687115455407,78.60066226569663
-58.33772196702628,78.38272074886092
-60.6724241123262,78.87241455526606
-59.803177256025144,78.88002661763316
-58.116522820380794,78.2976286703514
-57.14158408160202,77.7757488296669
-61.50020683694797,77.2738628003807
-63.59167139674975,75.86462236201375
-62.4908427824408,77.32957269684869
-63.6098451101808,74.9005549322662
-63.665921693351756,74.21801068018785
-63.72199827652271,74.47186419777631
-63.77807485969367,74.73884027260178
-63.83415144286462,74.72829649443177
-63.89022802603558,74.88877435782656
-63.94630460920653,75.70322049692392
-64.00238119237748,74.426495437241
-64.05845777554845,74.4052805118003
-64.1145343587194,74.68202979631059
-64.17061094189036,75.85095855701695
-64.22668752506131,74.41964230669471
-62.299734125324356,74.04979428689857
-61.103094287370865,73.63099164344742
-59.059435960185816,73.52286675011516
-59.15189843699349,73.68247770031024
-60.1019585535144,73.23926452549863
-58.25324204303391,73.57459295471459
-57.3945283935031,73.99765700502402
-54.9514103510844,73.48292057404522
-55.9118346368024,73.19462558905232
-57.523007898276944,75.12572501634571
-58.95700764547105,75.97420895847716
-57.10777070158421,77.6638320756566
-55.918251341633486,77.76673216133506
-57.03404331862784,76.67730476851243
-57.085446045452095,77.9100011282637
-57.023453131662166,79.41128447245988
-57.95985489614208,79.58334748343178
-59.65161773985773,80.65995151142134
-58.3047914539818,81.20203016719734
-56.288377394443195,81.74523645176836
-56.262333446775784,81.414592186166
-57.72046261468905,82.02548047970919
-56.68088841201268,82.41512668499233
-58.426861981333055,81.7302000983741
-58.1944986626899,81.86943582058788
-56.352131590198084,80.88060293394797
-56.45384459070746,80.47049238778108
-54.161309186255,80.5921808473846
-50.59220005683859,81.72592920531494
-50.79212703942065,81.42106223898398
-50.486347547208624,81.21928638682367
-48.1912559355285,81.51922663365065
-47.98581216631294,82.1019674411501
-48.240214984647906,80.94193702221443
-47.12666129659442,81.21765208196439
-45.72756483213553,81.1971841980511
-47.0569760734173,81.66647140345167
-45.058769844026074,81.47951252822855
-46.80189357460609,82.42650477559522
-48.477527169828264,82.68613373908416
-49.629387996451,82.93411335501365
-50.267846399114866,83.66275237208666
-50.90630480177874,83.47591239219632
-51.5447632044426,83.78496785407592
-52.183221607106475,84.13520018618001
-52.82168000977034,85.18646631577062
-53.46013841243421,84.20446347800532
-54.09859681509808,84.20081017448183
-54.73705521776195,83.15475258901667
-55.375513620425814,84.17686688241518
-56.01397202308968,83.77419515529552
-56.65243042575355,83.70588936394073
-57.04071649397851,84.51438624217275
-56.11700272899603,84.13250320740185
-58.39907975584932,84.51218066623242
-58.45971863996332,86.15076468719876
-55.87416935352977,86.13691038555041
-55.72277302887101,85.78553917604647
-55.30406118318911,85.32304133494698
-56.19561735829222,85.55766253834986
-53.83449194029621,84.52408923676636
-51.11425891709483,84.36956859847226
-49.735104858897,85.22486357194423
-47.19390862733275,84.69499311717705
-45.68728267161411,84.87350086744716
-45.700759506078526,85.65388103699703
-43.4108966565797,86.06214776355341
-41.99848714853987,85.72467898901799
-38.46072100741624,85.33081077134034
-38.834949953284145,86.45038281532754
-36.39744338609442,87.2217383457109
-35.7097751592604,86.34178067262002
-37.01416727050177,86.14145227936002
-39.9151291102951,85.91704535449439
-40.648464078982165,84.86244689293383
-39.674093165828914,85.3856723799577
-39.979587179924636,84.13018802495318
-40.28508119402036,84.66095746292542
-40.59057520811608,84.59548462302949
-40.8960692222118,84.30003886356658
-41.20156323630752,84.2848006307987
-41.507057250403236,85.24453670132915
-41.81255126449896,84.86304160044193
-42.11804527859468,85.28604895109721
-42.4235392926904,86.07156546057224
-42.72903330678612,85.77891894809015
-43.03452732088184,84.85356016281222
-43.46512829406141,85.64368172838829
-41.62103142462464,86.27746674675417
-43.28782708396285,86.23714285130775
-41.167309840875845,86.26075304609437
-44.175660773750785,85.8732682200003
-42.32370680093325,85.60718165191844
-40.94953735863718,85.38288637062281
-41.366561230824715,84.56316356736453
-40.90576043920712,85.3095176991846
-40.41020412592978,85.45353550352768
-39.93930080090881,83.62826035082551
-42.19712464874403,83.04898616946807
-42.99329650458448,82.70485015387055
-40.60116207579913,83.58670998521728
-41.59115165233204,83.55977580372141
-42.98936256694196,84.03569715515593
-43.514074851382055,83.08667823060117
-44.48445790729585,83.01353598944779
-43.50406439583701,82.80060696439057
-45.08189827652577,82.51034210627144
-46.32923333165137,81.99538713021016
-44.56559634701852,82.18259017226248
-46.04875609708594,81.86481789331151
-46.55380933853116,81.07252790475097
-46.115847040450845,80.60079462359195
-46.22245200207379,80.85600306564868
-43.63756368549587,80.99007623349071
-43.59292560838422,81.36976354238837
-45.013475326309376,81.58020550867845
-45.4715657860889,81.85855172047673
-47.735213344552285,81.95308956681974
-50.946385447476395,83.06081868453069
-49.078875423668784,83.09421965985115
-50.455895184515555,82.82720082317253
-52.38478469875056,83.27536669233972
-50.98061292386971,83.6510377158271
-50.29502023481918,83.7047752619227
-50.27374294094992,84.4800171620222
-50.252465647080676,85.92907454696137
-50.23118835321142,86.10003870965681
-50.209911059342176,87.37342204884398
-50.18863376547292,87.2045747890043
-50.167356471603675,86.99421134204971
-50.14607917773442,85.5915902782187
-50.12480188386517,84.21454425105819
-50.10352458999592,84.44066473860737
-50.08224729612667,85.21503301960271
-50.06097000225742,84.62682456065454
-50.039692708388166,84.25556695555224
-50.01841541451892,85.11205599002211
-49.997138120649666,85.12477992768046
-49.97586082678041,84.79036043003853
-49.954583532911165,84.88818978246238
-49.93330623904191,84.92275384448536
-49.912028945172665,84.93441775364477
-49.89075165130341,85.25458703380187
-49.869474357434164,85.28033167908458
-49.84819706356491,85.2224024786137
-49.35632882570898,85.95703528475937
-48.86446058785305,86.10622411900904
-48.37259234999712,85.417461565893
-47.88072411214119,86.334349371716
-47.38885587428526,87.5438991299984
-46.89698763642933,87.70886726986133
-46.405119398573405,88.46756800858901
-45.91325116071747,88.85357472097157
-45.42138292286154,89.78565315699983
-44.929514685005614,89.96171211146803
-44.43764644714968,90.48489270212468
-45.83342230068871,91.54665778802085
-44.86136556581317,90.2661447258467
-43.849117415361576,90.73752075882334
-42.08353742553003,90.26645965613683
-42.16788170214203,89.35278390241476
-41.84755639556369,89.86761740532538
-41.70914631748139,89.39957280207696
-40.44184057812863,90.04744398636937
-39.94933184155044,91.52906928155576
-36.30488306927628,90.9030767549967
-37.670038593863715,91.13525878819063
-38.190382033622086,89.98868144734918
-38.46973080764762,89.96535218201002
-37.638051871829575,91.39240747078568
-34.83628714433193,90.28175445515882
-32.55029564098885,91.55569055395169
-31.16649173234386,91.17220788017947
-34.506542586307965,91.76168567208748
-35.865283513899065,92.18326211107797
-35.212758346451984,92.20145198056314
-34.95576038315925,92.14243413128781
-36.647084365054134,92.62458600462202
-35.5729085286629,91.30097199233626
-35.354065799142575,91.34504851596904
-35.94544632465316,91.46477552768698
-34.93625238328331,91.8299228776295
-35.16542737136545,91.40272757177972
-34.90391096636392,91.32396413165006
-34.887557436353134,90.96807081523855
-32.190046125144946,91.1645480720176
-33.88532206690951,92.06902276321765
-31.268561044899048,91.13908851400069
-32.20761274291311,91.36125763739575
-31.679069272092057,91.24105068076356
-32.05599556015602,90.97093692305637
-31.819367447220475,91.03856785812236
-31.80549014061124,91.11627064297213
-30.149183986756462,90.18897608244708
-29.228713520353942,89.71390392110739
-27.630777646765395,88.66896920549692
-26.934461147030603,87.8913910117943
-26.238144647295815,87.46583673912757
-25.541828147561024,87.35492674057046
-24.845511647826232,87.59712822825527
-24.14919514809144,87.20875791852025
-23.452878648356652,88.044480933914
-22.75656214862186,86.38458959410521
-22.06024564888707,88.08836633141115
-21.363929149152277,88.81572872410102
-20.66761264941749,88.63726179460654
-19.971296149682697,88.76048316903552
-18.67294535568934,90.81263184539235
-20.576575046416224,90.46585944466942
-21.79620797724641,91.12516696461866
-20.590438209751223,91.30929192798477
-21.101950745916895,91.2194029190969
-19.904747952042033,91.7124443068578
-21.11077124395168,91.72977874968707
-21.49496966159508,91.83775436969155
-19.704518136300837,91.97950547263017
-17.967153814083403,92.69753743986925
-17.426928693306373,92.67631709097509
-17.393178685593032,92.30164322214448
-15.922050221719129,92.70571227721278
-15.183831049722023,93.20909673687395
-12.009895264082264,93.44831852820785
-10.636403093663322,94.85812293175728
-9.481147552933248,95.49288196623432
-11.090723900235897,95.29194463490497
-11.046784439192736,94.66413670833853
-11.533269146764136,94.42712756401528
-12.521701867879235,94.00509309047385
-12.514571905752733,94.61638911184059
-12.507441943626231,94.49691253546898
-12.50031198149973,95.47644759974062
-12.493182019373227,95.83751371713065
-12.486052057246726,96.8211731567461
-12.478922095120222,94.9017296394556
-12.47179213299372,94.83136463478014
-12.464662170867218,95.85702052671417
-12.457532208740716,97.26128740420612
-12.450402246614214,97.82045781243025
-12.443272284487712,97.89188817371613
-12.623204353212332,96.79213464817872
-13.48972512201117,96.48993741941918
-10.775022820149301,97.4679479600994
-10.785085809096229,97.52380673506435
-9.852189535489535,97.87475605907309
-9.886948333454907,96.7084184762594
-7.6440299787468495,96.59631205213154
-4.732820458972476,96.62884280961376
-5.370407320615865,98.19021777443281
-5.593926595115442,98.79108545748979
-5.9386185722811184,98.04196323563578
-4.784994424158272,98.90455730212564
-5.7043036331228905,99.1279032573558
-6.497470872630184,98.43240318687957
-5.751082267512539,96.90732492765021
-5.709753265284602,96.46933693087946
-5.295718035301132,96.26216980257726
-6.96088789121831,95.18930749588812
-5.068731335603772,95.60472945794324
-8.056167971546898,95.82127874985963
-9.439700031486009,96.13988438176158
-10.535878004449208,95.58332120737856
-10.229354546972536,95.70219947959549
-11.660060054398079,95.60795226701721
-10.563869956415445,96.00608283723902
-11.546005320022022,96.6900893730434
-12.163485472233218,96.90035362804917
-11.736591774868467,96.28314724922616
-12.383995378735557,96.1087847972847
-13.86594446948463,97.00639175726376
-14.534489906392322,97.58642635921815
-13.807001099255329,98.39853106491306
-11.062271334972428,99.23204621564774
-12.151110669311525,99.15450826849012
-12.982153155206412,97.8933027364074
-13.202439393899798,99.13458138640858
-11.806542791191342,100.84543552417017
-10.85987349388742,100.38310854592187
-11.42381031950975,101.57538073773884
-12.286615785265239,108.25754444487231
-11.509909895472612,104.90448076093469
-10.787643749989488,104.54550114393295
-12.504336286227634,107.17915195414616
-12.12038031131632,105.53122398257949
-12.285078400312216,107.70165674364594
-13.679256805479998,107.5284558021486
-9.808534030923104,109.39189272150163
-10.446115250760077,112.68782799955072
-10.047979938273684,112.21776554580846
-9.201587632910888,111.72565564726139
-8.347942928458458,111.15632857474026
-10.85486399482421,110.57944897255041
-10.243741144166652,109.50903858054382
-10.399740471251246,107.28720732516821
-10.709511404718203,104.92649282953755
-9.688912865753105,103.92547204655085
-10.894259038384275,103.81960612405932
-9.34001253156004,103.25002011038724
-7.105700324658344,105.98319382388638
-7.630703442358046,110.28823343428984
-6.889737937290598,106.67822652486397
-6.537096344789845,105.51679290157438
-7.831827237717407,106.68684556254345
-7.773523331445405,106.55479333817478
-6.177667914766513,107.7079711887313
-3.8848843638615547,108.82234853368247
-5.810160625556289,109.19752363654133
-7.339680536108464,103.72217672661057
-6.717356101388285,107.50354788652302
-5.528166457220214,104.07633028947564
-6.034384320649857,106.61374013067788
-7.2521987879682,102.77493940244347
-6.525458482842133,102.78079313726536
-4.363961105239216,102.77422925605893
-3.958449990196377,105.49799476102741
-3.552938875153538,102.82582675711888
-3.1474277601106984,106.78919208331266
-2.7419166450678594,109.13530776369885
-2.3364055300250204,108.24365561457952
-1.930894414982181,109.14222892766783
-1.5253832999393415,110.11541767376515
-1.1198721848965025,110.07360816023402
-0.7143610698536635,106.38216833891407
-0.30884995481082456,106.33450225811453
0.09666116023201576,104.18407935406454
0.33401380479662485,101.03060388164883
0.5713664493612339,100.79923587014356
0.8087190939258431,101.72752425122725
1.046071738490452,101.05096537347363
1.2834243830550611,102.52928300053779
1.5207770276196704,105.99869981382831
1.7581296721842794,106.37539549426414
1.9954823167488884,102.95779711563348
2.2328349613134977,102.1138191985658
2.4701876058781065,103.80240602397852
2.7075402504427157,102.1591156167857
2.1109830897228608,101.91393160355719
3.8930565632272724,98.15287612960134
3.6005280094254637,99.72283260959955
4.147769998771464,97.72581556729858
7.738411753129503,96.21137739379273
5.584161437389264,95.783496282121
7.408592256702633,94.89330754202186
10.329179634271336,93.60634098599516
11.04389498147716,94.75315480641804
11.292466621759784,94.67494901283176
9.727779288398645,93.54649234361281
11.896343981941413,94.12033962497839
11.653754223934428,93.451332235057
12.402374740470213,95.33940505952272
13.571485610972045,95.54466186983088
12.459650100790014,97.01277971420986
10.207849339812284,97.5004260233601
8.869211045619672,98.0286301417407
7.850864276955164,97.07262368157959
6.895045350177833,96.0283312062012
7.045775793014447,95.57611074267697
7.949116252889849,93.77958966929808
7.357826992910086,94.64351256654729
7.423213384109307,94.14929132023627
6.708008860442211,94.12353479222028
7.281232324060819,95.36506431464333
8.146539102002654,95.21898511889772
9.62575231261691,96.51802049156716
12.565798622659575,96.07606692666745
13.3180126442616,95.8996097582927
14.018213036523795,96.23029910401979
16.25844202288354,96.47382220300833
15.079737882247976,96.38669151553893
15.731741603383442,95.98478822144976
13.845511727901266,96.21933541258635
13.92474687932415,96.08891690475403
14.86010289479927,96.27078728464261
14.79424813381143,97.92263843221536
14.72839337282359,98.70057081398197
14.662538611835748,98.40808185787294
14.596683850847908,98.35244154850666
14.530829089860067,98.93049124330413
14.464974328872227,98.43582578467652
14.399119567884386,97.0452507553875
14.333264806896546,97.31206500833848
14.267410045908704,98.48320557968445
14.201555284920865,97.42017190209687
14.135700523933023,96.77140999542394
13.721340957529492,97.18512962023165
13.333678247623478,97.30970035594476
14.6791731266949,96.90608767957279
12.760726234436468,97.52982991174298
12.906694052990673,97.94772463041895
13.198607556701747,99.23359183516538
12.75756094777754,101.70814819877234
12.316514338853333,102.32549841312691
11.875467729929127,102.5614469449732
11.43442112100492,102.91432034632243
10.993374512080713,103.07632299243929
10.552327903156506,105.89596752840356
10.111281294232299,105.1866178459411
9.670234685308092,104.85254644860281
9.229188076383886,104.74476315871242
8.78814146745968,106.79411867048336
8.347094858535472,104.33761367443333
9.246745011243458,103.29561361084245
8.114683092079066,106.76891059071028
9.11448976287399,104.47650591718673
10.026924470090774,104.27857595263124
10.322681982406701,103.30796161511253
8.426111905648677,103.08897798654172
10.183665527954028,103.00530284465778
10.022168934706539,101.15288269023438
13.072789775832858,102.66062081533939
16.102303231070064,104.48584800756792
15.331866052414712,105.53782059125334
15.442021395878044,109.9194754497788
13.734677025408908,111.7894601016509
15.304373154716277,110.72228100451504
14.25024854982051,111.59857425874026
12.77271274613583,113.09445212082206
14.542627757946232,112.47171506857175
15.084783590675483,110.98870687195212
16.216319189914564,111.80017626576316
15.320750861560013,113.00649812395767
14.460017603352895,113.78953314840331
11.961281577888094,113.28069743532025
13.494151223923883,114.36106750097585
13.342116567154799,116.03814068482461
12.762301033834396,117.34970376349477
12.735975896554482,118.92732179584587
14.336654370653873,116.98699172831572
15.477605970905563,116.27886164807624
16.252433341549306,120.22384455086026
14.75254659155745,122.77284289645429
15.04898005273746,121.38730642589846
15.765167777142128,121.71765617443882
16.56738135708055,122.22720419548332
15.328750736361126,123.20365199144611
14.256389594162332,122.7088282744489
14.491470164356738,122.25792388738292
18.150333721334324,121.1842133809342
17.69435171680125,120.61403463442274
18.53248770426263,119.19763494665483
20.154536569496003,119.50657809784708
20.122371349309084,119.50793572048242
20.090206129122162,118.93291890971915
20.058040908935244,117.9473742346766
20.025875688748325,119.23583561588674
19.993710468561403,117.03118205916847
19.961545248374485,116.240312529305
19.929380028187563,117.51811838653715
19.897214808000644,117.90500043172798
19.865049587813726,117.9001768424146
19.832884367626804,116.78827008207557
19.800719147439885,118.09098523862491
18.1286020509175,116.06228897792109
16.1924695839483,114.86842664602676
14.03965807193562,116.59597976256842
10.73192943952991,119.78052956473545
9.036939323614932,119.61745240830736
10.755824534310205,122.69953489824823
10.833650905835752,123.65452863304694
10.911477277361298,121.74089424386446
10.989303648886844,122.72543475581942
11.06713002041239,123.43592591484379
11.144956391937937,124.74005778379235
11.222782763463485,125.518512777515
11.300609134989031,125.54876416268277
11.378435506514577,126.80044709624913
11.456261878040124,128.83543156306905
11.53408824956567,128.1836571104488
11.611914621091216,127.41878102270408
11.639977585433664,129.18579404397752
12.397832605202058,129.60400489643843
11.963042843163693,130.16744023225905
10.689455609041495,129.48219356479825
11.031772327647458,128.8152624325876
12.175980277115839,128.5033643419027
11.308798389099403,128.59173838835676
11.484999577346073,128.02617890639564
12.046514642583833,127.76479204003459
12.255503271720379,127.4455676452945
12.464491900856924,128.73920203345213
12.673480529993471,130.99693411698956
12.882469159130016,132.45919015169494
13.091457788266561,133.42403163223008
13.300446417403107,133.68229313123564
13.509435046539652,133.01226602231625
13.718423675676199,133.57408827508445
13.927412304812744,132.55208724643165
14.13640093394929,132.4594306570706
14.345389563085835,132.48901321816066
12.511060463307377,132.8489914490071
11.442824394941017,131.95525828576575
11.310458692216551,132.61940517422386
11.09981393955365,131.8504404723921
10.266541729349496,132.56690147628217
14.229060653682257,132.38753102775866
15.800660138917092,133.00709067929182
12.017875905328482,133.06270847238528
12.462322199183912,133.49436406451687
11.877296287563567,132.9482867857243
11.740660084641389,131.9134925341332
11.213824008894937,132.61299999690743
10.686987933148487,131.02900755729812
10.160151857402035,130.74510595017463
9.633315781655583,132.10576400728473
9.10647970590913,132.1485043141906
8.57964363016268,132.20209354363305
8.052807554416228,131.95604722134303
7.525971478669777,131.81649179306118
6.999135402923326,128.86931901165462
6.472299327176874,129.58345186504565
5.945463251430422,129.540024871407
5.176591886178606,132.22978521235854
5.929018788899696,131.39301761954505
5.58278426385038,132.06016578317116
5.236549738801063,129.77523718479034
4.890315213751747,129.38359800136894
4.544080688702431,129.7979441282858
4.197846163653115,130.86318949092686
3.851611638603799,132.41771991928172
3.5053771135544824,133.40262517128488
3.1591425885051665,133.38471326856504
2.8129080634558505,133.05958528989672
2.466673538406534,133.7418210849519
2.120439013357218,133.5455150931665
2.8649002032808175,134.0449465625705
3.223367874318498,134.31124109910962
3.232266589749639,134.2408021268464
4.731211205752958,134.13514048040653
4.944092571385139,134.95415321263908
1.7414639652654378,135.4827362388065
2.029373013149792,134.40898469263212
1.083220847355176,133.97495575127374
-0.8243953073579378,135.20108790943146
0.5670124392913432,134.08622472073486
1.0617987219468297,135.09625233709525
1.4856893752553806,135.29299846742606
2.565849190995879,137.06963034880457
1.2809092445228323,137.07564956060693
-3.3409573040420764,137.1307197970962
-2.367873095845731,136.7215678317158
-2.8016558415682233,136.75391434281306
-3.62609265350381,136.18185190873845
-4.589103110513977,134.90807165373693
-3.7301899678375445,135.95178014894242
-3.9056160363986256,135.76265728476957
-5.404621269139358,136.25413295718494
-5.4835973024657285,135.74967347565143
-7.534603746947118,136.194548485154
-9.226566481353506,135.42132938699197
-10.650663166109998,135.4685927496854
-11.013554034326672,136.400387342877
-11.057319145895466,136.74513675145468
-12.276677730321822,137.44135205039382
-11.851655147423662,137.9453133091902
-9.913137500136699,138.38856390805864
-8.673809845992714,138.5046888477364
-8.048625310611289,138.96749064060836
-8.380532177338575,140.089068491794
-7.419944340293677,140.5743197431413
-9.492823456223702,139.4411156936196
-7.881523814670715,141.6230907646917
-10.309009139063193,142.13377969819618
-11.51472227741395,142.5804570100805
-8.360243941069736,141.6590371859173
-8.956140643975333,142.0531850523477
-8.354922768049027,142.18578331358526
-6.59794291902098,143.05438909066473
-5.571883138842328,142.67509087853603
-4.890909084236178,142.75685290728958
-1.7814450967150832,142.54926749832927
-0.3818406637952898,141.4032981819159
0.35834343409359826,142.70467388778388
-0.3324047409612506,142.95420046171333
0.8483775691627612,142.94720943852434
0.4211972123416149,142.31358936509008
1.528955084104613,143.11888866615072
-1.1878393892081305,143.00204702663498
-2.778877009710855,142.69658393320475
-1.1883868198301921,142.76471984017653
-1.6980965599093316,141.0026850791693
-0.11250866268265991,141.00107765407333
1.608572147456628,140.40632402025238
0.8594368650380316,139.5579967061039
0.5547301957042297,140.11076723753152
3.1824397948957914,139.58263825019083
1.9613527715482217,139.5881007843546
0.31913534254773057,139.5814669635506
0.047374746223127484,138.3889262251301
-1.1580408257270083,137.9862647872092
-0.40520489400039406,138.2232264288299
0.8548760988424313,138.16013153670184
1.7124730382579503,137.2369649287955
0.40272870632848967,137.51029609211355
0.9027847006027737,137.15901545061377
-0.010409698723591432,136.71827433013146
0.848604737243183,137.22172318417205
0.8585556023968507,136.42829455126008
0.46763998402656687,137.12352814025417
0.2763783236258981,135.5245148208437
0.12249825324763408,135.84826320599583
0.917160758993258,136.587212282586
2.2722349510084188,136.58154923659328
2.1568206479011716,137.49856115984286
2.041406344793925,139.0249868299165
1.9259920416866776,139.5315574802223
1.8105777385794306,138.92887382055497
1.6951634354721836,137.79016920417166
1.5797491323649364,137.1404182623271
1.4643348292576894,137.26992286083862
1.3489205261504424,137.26626701052422
1.2335062230431955,136.46743196371466
1.1180919199359485,136.22160713893098
1.0026776168287013,135.61582355122982
0.7936833514709751,134.23791884086518
0.584689086113249,133.95551539067606
0.37569482075552296,134.2316591860443
0.16670055539779682,134.3398936634647
-0.042293709959929204,133.9181965201711
-0.25128797531765534,134.31024434769597
-0.4602822406753815,134.60505269509005
-0.6692765060331076,134.76825652104645
-0.8782707713908338,133.7445560037615
-1.0872650367485597,132.61980410218476
-1.2962593021062858,131.95208755105492
0.9309968879853172,131.95889153726984
0.9757746924785823,131.9808136119739
0.9699708403059395,131.41311911031383
2.222992974692998,132.3722445750871
0.6153585329574871,133.39737157858627
2.098799996653989,134.87371002629013
1.4235587215665646,135.03523274610654
-2.0588939547697906,134.57434327137645
-1.947273727978466,134.90981505985903
-0.8035785540570282,135.08498794608855
-0.3583382932469887,135.58546795334485
-0.8126763877543205,136.26658324288877
0.6776956183762443,136.11929587925655
1.7389991231969804,135.203740067102
4.625569308783625,135.64796051618765
3.402792211047945,136.1311957303562
4.6428772086196535,135.5738456894174
4.202407068680386,137.140248161867
4.193747863451124,136.32738595259397
4.714855971297665,136.21676049548566
2.24818379402831,136.61576728745362
1.316521967328112,135.48752350510554
-0.5890095179956978,134.75963211575504
-1.063043862096154,135.61366017662903
-1.796685275718064,137.08887109579913
-1.6429840007153202,135.74057614331932
-2.297522316723221,137.5098549180844
0.20463885817596195,137.77962431679364
-0.5749387517818925,138.76998227848455
-3.1624776632449665,139.0914298233072
-4.228262246413108,139.42539114954752
-4.430826541800915,139.4713999156868
-3.748560710479923,140.72357954871077
-3.9366525148675415,140.80807452339192
-4.041138794030282,140.32068553726631
-5.1807278429439645,141.6577355324712
-3.929635197235626,139.31808079295882
-4.630284583666091,139.07270717700803
-4.873532963109178,139.09181666987263
-0.980414432538391,137.9930165927765
0.2303757561066262,139.40014249903186
0.5222818863962883,138.26284783419976
1.6232539190392323,138.51766255443926
3.2682699687052725,138.19718045845738
4.087857088610094,137.13054089700702
5.3884685571049955,136.71240819161704
4.2350258019803,137.4876280129084
4.748847463800155,138.42140369607543
2.3006515809355226,137.10309011891962
-0.34998755128900694,137.44439883735333
-0.5072591256669822,138.47065558986444
-0.6645307000449574,140.17474649469767
-0.8218022744229325,139.64393137539608
-0.9790738488009078,138.77868751782316
-1.136345423178883,138.71051988265313
-1.293616997556858,137.92388771138582
-1.4508885719348334,138.7481859558252
-1.6081601463128086,139.05193854257652
-1.7654317206907837,138.3815915126568
-1.922703295068759,138.975492442534
-2.079974869446734,138.91926361567295
-0.8313997397598392,138.42531458890255
-0.8266391354991497,138.46797094020485
-1.2189561384928946,137.7430732253474
-3.513244982846828,138.7592191542833
-2.5331528283879634,139.4289378859086
-3.368362602863638,141.04973219673408
-2.5909229413058243,142.0045645935479
-3.511847915793536,142.96290129105486
-4.432772890281248,143.2908886667172
-5.353697864768959,143.551555115709
-6.27462283925667,145.1466477855025
-7.1955478137443825,146.0622834652274
-8.116472788232095,146.9651038697201
-9.037397762719806,147.7380177008088
-9.958322737207517,148.17438380298097
-10.879247711695228,149.03440849737362
-11.80017268618294,149.59931922088387
-12.721097660670653,150.18693275898696
-11.466038808757771,150.39846224935621
-9.685470792196664,150.46188423447992
-9.763255651573605,150.82369666853927
-7.7949424297425285,151.85353781130334
-4.848044554104421,153.0295594448411
-5.998024870544697,153.87402429885944
-3.8776052620263473,154.54755254687703
-6.049998744639332,156.75810662337804
-6.670977556732272,156.97521187914953
-7.291956368825213,157.8073240268958
-7.912935180918154,157.34365640579588
-8.533913993011094,157.97414855889488
-9.154892805104035,158.7439453771809
-9.775871617196977,160.1636681765452
-10.396850429289916,160.3365143563144
-11.017829241382856,159.29675028922287
-11.638808053475797,158.77295240934518
-12.259786865568739,159.65479148480776
-12.880765677661678,159.22526445632224
-13.35651017873038,158.99047243937093
-14.272749511057475,159.67089843880365
-14.163260771469705,160.722460239413
-12.91520582849714,161.37811201639585
-12.177650779587342,161.72837970393525
-11.684727715881582,161.88524322683082
-13.546696759960062,162.57872035555283
-13.030019950410063,162.28588072082883
-12.513343140860066,162.5577077197008
-11.996666331310067,161.64461005113463
-11.479989521760068,162.11911612121386
-10.963312712210069,161.09486423401037
-10.44663590266007,160.52851038928324
-9.929959093110073,160.9728096825491
-9.413282283560074,161.7253214032444
-8.896605474010075,161.40854588800525
-8.379928664460078,161.20614412786028
-7.863251854910079,159.95270906414288
-9.193122340838414,159.29543375654976
-7.601674545753044,160.07592021894786
-8.567001391682856,160.5348723616451
-9.838222123443998,160.20717843509718
-13.482333997123453,160.29599434317092
-12.340302699077842,161.33988546817025
-12.15379866223351,161.43576693754207
-9.960630278329544,161.5968167766405
-10.911173433068512,162.91411181432923
-10.873622362800052,162.89950564770072
-10.836071292531594,163.74143438909277
-10.798520222263134,166.55132027094305
-10.760969151994674,166.3159979615884
-10.723418081726214,167.59204751556854
-10.685867011457756,165.24219981035
-10.648315941189296,164.88722189819347
-10.610764870920836,166.43093771428585
-10.573213800652375,167.30910968609678
-10.535662730383917,168.8272980162339
-10.498111660115457,168.3900884781943
-11.613208319993825,167.23915474669718
-11.243750778006001,167.75782253436506
-11.448824995189687,168.4330374387633
-11.318384205347186,167.9460769830676
-11.522197070177695,168.2446267715611
-14.952455925321603,169.40036618641338
-11.928185976779234,166.9767601221611
-12.775918479000163,168.77893431675272
-11.091501607629956,169.3411713579943
-12.052054178644537,166.94127322566678
-12.946761223733471,166.55532288708858
-13.51657314809263,169.5164592891747
-13.766455169399961,170.5385225903211
-14.116783233662792,171.8751934822879
-13.88631410574325,172.71569332953993
-14.564923765320453,172.6583260110587
-15.058702093761962,171.85846995198457
-12.693050897071323,171.29372951203507
-12.849446069142454,171.14882122983093
-11.941290895598332,171.01135929206032
-9.763765739705413,171.27547374617552
-9.201182789652146,170.64523775717367
-9.048829394277474,170.88704400119872
-9.290838136350807,169.99483115434137
-9.532846878424138,169.6743082545652
-9.77485562049747,169.65531076705378
-10.016864362570804,169.51417299414084
-10.258873104644135,169.7292278001408
-10.500881846717467,168.69245353446703
-10.7428905887908,167.21326765079849
-10.984899330864131,168.6849885796327
-11.226908072937464,166.79634023598555
-11.468916815010797,165.97923785312037
-11.710925557084128,164.53549757460183
-11.703581301333378,163.3967208702897
-11.929725618823081,163.88241770502782
-11.955201737934647,163.91247097649057
-10.073459323301318,162.99322771655847
-9.368011906557786,162.65536855810936
-9.591099156755487,162.3484433049692
-8.331120336517172,161.93604984294748
-8.189533456772537,162.21351179117588
-7.36149356166553,160.84626582836162
-6.819369504960628,160.6064958737943
-6.277245448255725,160.20754215534387
-5.735121391550822,158.47455297025687
-5.19299733484592,157.76744653242247
-4.650873278141017,157.9870047046514
-4.108749221436114,156.90073191697732
-3.5666251647312115,156.89278602005413
-3.0245011080263087,155.45866308865507
-2.4823770513214063,154.77262836162922
-1.940252994616503,156.09263094893504
-1.3981289379116006,157.4500915324352
-1.3719717635867088,157.65876698028404
-2.943724196689033,156.17919847067992
-2.3157025612158937,154.55989690604125
2.6041957884107245,155.49106463371183
2.417912113324807,153.55358803886534
1.6477488441176042,154.90557114226513
2.634905609825278,155.73454703617358
2.009376963154093,153.61954527812048
0.9531649406146558,153.58439643379734
1.5256245965821655,153.6835332714107
1.0603884340137355,154.5732174838469
0.7743954167425333,154.30925977738806
0.10095665512003427,156.87405109350394
0.667735860552188,157.50606421820387
0.7748243126412155,157.07584520560388
0.2413920589525257,156.57039693179198
-1.9499070055835457,155.3883629596611
-2.559790826580637,157.57694019689998
-3.1337357231103757,157.14783502859888
-3.335360445330235,158.5975757484949
-1.1905835375934126,160.19324467182878
-1.4201310638641362,160.06424513490023
-3.4004424211280995,160.44324073391098
-6.013088516116026,160.79964581537743
-5.44865714964075,161.20601361058692
-5.054126505955323,160.13794634555128
-5.526363678001118,159.72901100288993
-6.405475402279027,160.4590418293648
-5.6042092865011055,158.8408859183458
-5.927998783739563,158.70567505024295
-5.731877276996382,159.68194226260297
-4.11650306957624,159.38437978702598
-3.7188083406722403,159.7532024127738
-4.418867499083581,158.58940610962696
-2.942700277691234,158.40288765155884
-1.7153561437503577,157.989310222524
-2.122798434177161,159.46447090548824
-3.9102921538537707,159.19954550175657
-4.269303742038117,157.89113228496197
-3.9202252626212335,157.49666872364597
-2.1445932210699703,160.11979419774653
0.04619429113017759,157.83258627112178
0.3229725682453229,157.47848824356916
-0.16318189474729078,155.92419648463195
0.9340258590391328,154.26413532439776
0.4459423533508474,155.3581441992166
-2.306734854346383,155.32786707652366
-5.0323672070330225,156.5422475919451
-4.498374847160604,153.4016543638922
-6.197096595487265,154.31803387125973
-7.660008587483046,153.22352866453417
-5.560140241810693,154.49767694950597
-5.444906473600241,153.39157305103444
-5.4398059917379715,153.52097950117277
-4.8524941136153785,155.37315135298786
-5.609687178706642,156.99864808665097
-3.7495159220583876,157.36012888393296
-3.761822614184504,158.387285082879
-3.8791477628750846,160.87367275898438
-1.0254503300761049,161.48034617589528
-0.8720781273431257,161.2210698153992
-1.6913672505076718,162.15816669983673
-2.5106563736722176,163.56154150782726
-3.329945496836764,163.84069405655072
-4.14923462000131,162.75863876713993
-4.968523743165856,161.96377055951427
-5.787812866330402,162.67504592352373
-6.607101989494947,161.7636657057733
-7.426391112659494,163.25650636776092
-8.245680235824041,163.95757888040478
-9.064969358988588,164.21291545280968
-9.884258482153133,164.7956290990852
-7.286712276998689,163.09394482361063
-5.644729179099336,164.64338066727046
-7.490517623423927,164.64757095820903
-8.81421982978495,164.34593338648642
-8.738380877229263,164.23800788546234
-7.768209757209633,164.2361237090102
-8.181156965201712,163.53693537281845
-5.674725520774949,162.07976362967656
-6.748513073183094,162.2430108107269
-4.969705710166485,162.23632506948908
-2.430845757790231,163.00019158463104
-4.756435585687806,163.05393600101752
-3.762056187366785,162.71606496544823
-5.1444191403482264,162.71951662303294
-5.911833592645927,163.11629186523214
-3.8184472669101015,162.44463693574477
-3.0892444721868966,161.93598621946504
-2.360041677463692,162.11328275385623
-1.6308388827404872,162.37671252180724
-0.9016360880172827,162.17025349300818
-0.1724332932940782,162.37475286181518
0.5567695014291272,160.85037037639236
1.2859722961523317,160.65586688812905
2.015175090875536,161.2713646302639
2.7443778855987406,160.2646109208419
3.473580680321945,160.82391620209268
4.20278347504515,162.25817525738353
2.243473693184457,162.4107326427266
1.0131960689030064,162.76063661200763
1.0317390208095396,162.2233307004541
1.4010235941081537,161.18997191501057
2.6174478586990793,161.82026902111474
3.310397574306455,162.3201219889199
3.7764119646505416,163.817364377876
4.629243143927075,162.70232668994822
6.550954387673638,165.54780343129963
7.957400025732644,165.48626244300655
9.071393503928519,166.17805810109
8.936190315659625,165.11578848751762
9.805275685260515,166.44674301175755
10.567306028716661,166.24243804935824
12.299214303511278,165.4575638343689
12.093019131717305,166.79205388847373
11.886823959923332,168.08483942302348
11.68062878812936,169.19469103285493
11.474433616335387,168.34019717902052
11.268238444541414,166.59587198004414
11.062043272747442,165.68177913181572
10.85584810095347,168.14806745266594
10.649652929159496,170.21512246982107
10.443457757365524,170.369052332471
10.23726258557155,171.18059439385118
10.031067413777578,170.77373644690903
11.490809444316499,170.37449754090903
10.474594396920878,168.76358795750662
8.886319675112404,170.16424863213604
10.064346511798014,169.99590058398257
10.606312513660637,170.9342173432231
11.148278515523257,170.79929147623173
11.69024451738588,171.1632796322886
12.2322105192485,171.96255686320944
12.774176521111123,171.6607801466165
13.316142522973745,172.0479827593308
13.858108524836368,172.38069673692453
14.400074526698988,171.01976728167728
14.94204052856161,172.01226163902598
15.484006530424232,171.38255480414333
16.025972532286854,171.58636542454127
16.897643972338592,172.7644900392194
15.623543721323625,173.12583373788317
17.99895303202263,173.77033980911472
17.930313391404905,173.44277662146723
17.86167375078718,173.85635441393157
17.793034110169458,173.77505199540403
17.724394469551733,173.23197263865853
17.655754828934008,173.5215657322447
17.587115188316282,173.2312488587607
17.518475547698557,173.93960269476952
17.449835907080832,173.82178297064635
17.38119626646311,174.21897177673753
17.312556625845385,174.69322901501965
17.24391698522766,174.68992084456337
18.170679350915343,175.7847993782994
18.335156196154855,175.4834476304701
18.509594230186032,176.21579227362068
19.37783656816909,175.41805045522736
17.479227682840182,175.3288996959982
18.614177289098148,176.47945460458752
18.60641930068797,177.22500349077413
19.059058714948453,177.45284345784913
17.56664967986084,178.60765540332636
17.74670658326333,177.50441066577784
15.498169763496213,177.44044038758645
13.339624990918296,177.2248765014395
14.501217901093858,177.5130949851185
15.374654209964719,178.12095663430293
17.931838761275365,178.5251206522901
19.22472658149082,179.18640589808734
17.245755779355513,178.74791576887796
18.443361641681978,178.63345519306495
17.500302682653384,179.45212966352375
17.98187796554863,179.5518981965064
16.596618572814517,180.43044785815698
13.32931902944741,180.03321147923876
14.139051443853322,179.70944113758452
13.449454588994533,181.41444668381797
12.944755311582087,181.76505376322518
12.794617342421393,185.6611558465359
12.644479373260697,183.14362415501142
12.494341404100004,182.19178522071508
12.34420343493931,180.05833127347614
12.194065465778614,182.65752176406536
12.04392749661792,182.2047640262734
11.893789527457226,180.47260859216505
11.74365155829653,181.36965824194507
11.593513589135837,179.9528703013966
11.443375619975141,180.85661766779782
11.293237650814447,179.91367026898232
12.866974993465114,180.34357709365057
13.713257898776037,179.5250854356142
14.879089765149187,179.4415031347539
13.35575604964626,179.16130625083937
13.53499777318953,179.45802706831705
13.229255837409614,179.6741749012764
11.980150019976186,180.30225510235041
11.060414255153999,181.46800960245474
10.497944124363036,181.27854685607602
8.957144201441196,180.01029900646097
10.27921183873953,180.4124780574108
8.802709296623172,181.52923738765986
10.053106327643277,182.17945764251567
9.935687649901345,182.27231659693558
12.650564038591282,180.04848292315992
14.34240599286334,180.98981332158976
15.256213653791459,180.00476986294368
14.684065991729941,182.57032313547202
16.996384488339775,182.63738472432703
14.647639600048294,182.89943602971766
15.037996063095463,181.48554441790372
14.951049528987374,182.9331067880058
14.768018080387225,180.8543725522013
14.832237185922763,187.4808789724781
14.567316110683473,189.71136924270826
15.049462531718829,186.38838963113687
14.627573335567043,185.88049279342735
14.64594514975912,189.41087836193262
17.5619000478713,185.79570573967032
16.13569392855999,185.91951914538015
15.382389964206443,189.44620852587383
17.36902907585075,189.75274538455133
15.771210375455805,189.69987679151137
15.3093345807106,190.20856808137628
13.521784231653433,191.6443183455175
12.855349953774587,191.19996163959212
9.88437018735892,193.1555044008822
12.62954432701021,192.97738846329364
10.470452329694167,193.3755269948685
11.740111572381299,192.0886750514429
13.152154716584585,192.82615002709719
14.43090967681151,192.76115802284627
13.791886466144957,193.27293724656363
13.534108509660781,192.9945841508243
14.755745279108313,191.72645424051407
13.320115231723394,192.06610134241637
12.253052951786023,192.1757725046924
13.184615599752293,192.153691071303
10.917473247437105,191.7406180472904
9.57300124876665,192.768145391895
9.17163748666064,193.421745169219
9.272104545884744,193.57966561609683
6.374308021276015,194.70861545094593
6.748047222351476,194.66220328408076
6.980991882297419,194.63015570230678
6.994914063399934,195.4750266350356
4.713311562419669,195.57811656211575
7.796492873762355,198.41254847089843
9.653755133607076,198.86241653259708
8.405673201998717,199.80036355534813
5.2521182006869305,201.637948674337
7.199835297842085,199.52170928608024
7.947374599920576,201.21295204816963
5.292476975126967,199.88697699963672
7.513742997903146,201.2209437525912
8.527869002351474,201.52729619308468
8.41400328996098,199.97094674867176
9.004386891813576,197.9562992434707
8.299112434538022,197.5027203185545
7.462784293579307,198.32236962703956
7.522541369377071,197.1585011504461
7.768245822374674,196.79730894356908
4.977315388112242,194.98656242419557
5.608299370393684,194.83304665161933
3.7521300616331468,197.11026385634818
3.266267584767868,196.98164403177358
3.8603800952230123,196.07492452981498
3.1358681782604316,195.5215826690978
3.6492119598052084,195.62318660354723
4.225103327956553,194.99134790918384
4.579910648040601,195.00116077260458
3.6679887996581755,194.75481528699515
3.7224986088042114,194.37822692438786
3.777008417950247,194.45636805161445
3.8315182270962835,194.3706662608162
3.8860280362423194,193.90688753666015
3.9405378453883553,194.03409603195144
3.995047654534391,194.6134595043319
4.0495574636804275,194.24856800178117
4.104067272826463,194.33854353499
4.158577081972499,193.59605491525687
4.213086891118535,194.65594909542574
4.267596700264571,195.11999316180118
4.717865559591134,195.91592904713374
4.515594927016435,195.77523273838528
1.539433659385185,194.88454256861232
2.2382671668293734,194.80336014505693
2.051872011173212,194.4872565533972
2.553454195673381,193.24074494091053
2.4569741431375007,193.51861230610317
3.435277971240644,194.374654472143
3.3535169287274846,193.54985077891814
4.1046699844273595,194.0382637971049
3.6913052349776505,192.68053631141854
-1.7268535635148359,193.86610187514438
2.0632124080743495,193.1450688248122
4.8207034323125395,193.1853868747986
3.9580392421916653,192.02024610789078
1.1624342655013518,192.00596692298967
3.2992058087880296,193.12411991337237
5.13398030221511,191.90678370028746
5.005182602415838,191.9724652667744
8.251169492614212,193.8337185989355
8.8675508010672,192.62253327330862
8.134663260036097,191.7111910036028
8.46736480189152,192.40427632568296
9.072256608367528,192.04971000744874
11.09935626249506,192.53303175736826
11.961838275833346,192.37435016469638
12.966178493993162,192.0434145151442
13.430094151625756,192.51836695435932
14.654674638922659,191.86471971108918
15.33532744003676,193.56683732545739
15.325035831352018,195.08652365668172
17.27186470497842,195.3795543536625
17.974953716419616,196.65615535665498
17.85830638120668,194.576345227046
17.741659045993742,195.35254011606088
17.625011710780807,197.72787490528745
17.508364375567872,197.8808855642002
17.391717040354937,197.54285149899232
17.275069705142,197.81894189251716
17.158422369929063,198.82092446232306
17.041775034716128,198.43044063469117
16.925127699503193,200.6374933981222
16.808480364290254,198.96446218483138
16.69183302907732,200.3604046330382
15.820586224385163,202.31814784536405
19.145359426751572,204.86556529402537
19.403259926211263,202.2136812105369
19.661160425670957,202.2972096199474
19.919060925130648,202.00198907389742
20.17696142459034,202.2200708191388
20.434861924050033,200.32577119381313
20.692762423509723,200.3557556893427
20.950662922969414,199.27700781484518
21.20856342242911,201.47779797536725
21.4664639218888,201.78453849799013
21.724364421348493,200.5884432412321
21.982264920808184,201.09526761380633
23.779067922191228,201.8272546342272
23.511103645077537,202.25125734514913
22.287600757981636,201.57736614823048
22.65104562313006,201.8800777577688
20.480879962075417,201.95825342914037
19.025662963316055,202.29460920085253
17.916189450075137,203.472097084248
17.879807343412104,202.27838520868332
16.27923133161502,203.43008794072625
13.24585500132575,204.09772872139823
14.938764502508981,202.53988505556032
14.948683579313297,201.54520499630974
17.102778910277426,201.88923471675818
16.117183223631947,201.27715121637414
18.40875618499774,200.94628693046096
19.331581389872657,201.88444103590942
21.997053483292106,199.3813510271984
22.588123192254717,198.27324177312758
23.37794541084872,198.01181969935627
23.11125325946217,198.1646466858439
24.285401319488187,197.83404781269
21.995970280268207,195.89736662334212
22.729847547168678,194.73288991302593
21.477346738104238,194.4669004142634
21.577726372447223,193.54657908167565
21.67810600679021,192.97339280961384
21.778485641133194,191.70919331428755
21.87886527547618,190.71237295933267
21.979244909819165,190.65668442467077
22.07962454416215,190.48961882068505
22.180004178505136,189.9806567329638
22.28038381284812,190.7517691895606
22.380763447191107,191.24261412388273
22.481143081534093,190.26686468203744
22.581522715877078,190.28253245313448
23.204895236133666,190.09461240717005
22.973417795348656,189.58057754600247
23.040709469244366,187.6067432206326
20.95631152929487,188.3756235501698
20.68527118652725,187.27924231916145
22.62150275909988,187.30695448426894
22.636240106731027,188.39074053544923
24.602566490986934,188.87154814839025
24.57191107252232,183.86574606767425
24.541255654057704,182.12396846937085
24.510600235593092,182.19490258485556
24.479944817128477,181.34702556293522
24.44928939866386,179.86746496986768
24.418633980199246,182.93157115762259
24.38797856173463,182.00824615741865
24.357323143270015,182.93262012916017
24.326667724805404,182.42203807713412
24.29601230634079,180.96292194808788
24.265356887876173,179.8386949106808
25.25329570462207,179.34980869755793
25.762527818499525,178.4796473586767
24.813804352625098,178.59130112963615
27.388772901881854,179.05355086790206
29.229106325173497,178.33752204553693
31.85727168417447,177.71786940730587
33.96674791967434,177.13505251312637
34.97849164557808,176.40000493606018
35.22563435115364,176.1934342569959
35.339499836051054,176.84697660676997
38.401575851734044,176.12434059702744
42.257532121563166,174.9751385085558
43.70812155224051,174.64937889415907
43.953060017074044,173.9434001794854
42.82232532266867,173.43962419018848
43.18197111973197,172.7722346262845
45.60565725571825,174.27746012324195
46.32284090576373,173.54637349764084
46.8048784298331,173.72078844529193
43.65825493129167,173.57310844543738
43.9293888133293,172.31630158240864
45.03849092482949,172.670412551966
45.5010928902001,173.11843774917028
46.09951284969249,174.91136674323434
46.25010957411053,175.4911334449658
46.40070629852858,175.9152271255766
46.55130302294663,175.70121423876412
46.70189974736467,175.08127097193704
46.85249647178272,175.4815631949478
47.003093196200766,175.08889843668123
47.15368992061882,174.48537785266166
47.30428664503686,175.62288262515787
47.454883369454905,176.55883707944108
47.605480093872956,176.84897601788464
47.756076818291,176.0418127232551
48.38191842557668,175.87009728413597
46.317030848070445,176.18638480656995
44.34980925398489,174.8739623121125
45.77277697993866,173.1676802790877
46.758158147575166,173.20824267609842
47.684238298885916,173.00330737110517
46.41843743195861,173.4044350501517
45.128946534939665,173.64598692471031
47.162811122378514,174.65033920483305
45.026648711616765,176.20220694243486
45.960693040285875,175.91189863504812
45.605190283997004,176.52857751185687
46.971337868652306,176.50020725714904
48.672464536881975,176.54198026289444
50.081108575190825,176.21097962787383
52.23716068906776,175.23702760535298
52.04587414950832,175.2983240251449
51.85458760994889,175.92614165357864
51.66330107038946,175.11128421229594
51.47201453083002,175.89169190975676
51.28072799127059,175.96793752172562
51.08944145171115,176.32086449169788
50.89815491215172,175.72801083341858
50.70686837259228,177.01346590472443
50.515581833032854,176.14754918015416
50.32429529347342,175.8750720670623
50.133008753913984,175.32290046525037
47.983619004361685,175.5020604316584
47.500813655605924,174.9314538059313
46.9144382119271,174.636213448158
47.5097749338673,174.34787264137944
47.350121031365376,173.57967438142683
48.341784501437154,173.26024627485444
46.799970791180506,172.83098687091874
46.26265080385824,173.0899458716517
44.34322642875678,173.23703065210913
43.08910169361696,173.48900521629676
42.480160744639086,173.47207008211518
42.991666836812875,172.51352044311898
43.16717151660542,173.40449609334817
42.621607072446196,173.11756919008505
41.85589015012843,173.26084446578517
43.15563295610302,173.19097148882048
43.97214946059611,172.78013777069253
40.647600137549226,173.40520279840518
39.522804370829434,172.8577628970793
38.2093740585323,172.42099203622533
37.25145011243892,171.79508628987267
37.2390230660868,170.81387369224396
36.634413079746736,171.75519892108528
38.53405515149069,172.28390870055108
37.205238231928746,172.1729685255407
34.96472399394512,171.57609973200982
33.51070614416773,171.24587464197364
32.254049354704506,170.3997803788266
34.097738928627614,170.41104049714576
32.0968244023408,170.33084943856718
31.29288823086948,171.57647329896156
32.8700221140914,172.32525026615704
33.31606403707671,170.59996735513914
34.49670133894898,170.73446433403032
36.27056407291996,171.56894464025962
35.95885754485808,171.71526878173705
36.661667570090295,170.72898907208554
37.55351402098103,170.8415732750248
38.83928828913454,172.33113512957934
39.6835206422125,172.55624741573862
37.835400691335344,171.65088005224504
35.92991323567492,171.2877794430009
35.963111748858296,172.7223148487002
37.03261244506348,173.04513695697298
36.2350855439011,174.11071273718937
35.95951236371042,174.82953821753006
37.491285737697694,174.7978532373
34.37251403905394,175.01863757702657
36.193864386430796,175.1010787812915
34.11986517121638,173.53404179477363
31.455030624226662,172.99549145726323
27.002609700631968,173.1132055014841
26.834199575871402,173.2838779260019
26.66578945111084,173.15999604360775
26.497379326350273,172.91963175357265
26.328969201589707,173.12334851489484
26.160559076829145,174.18709020388349
25.99214895206858,173.6673525731066
25.823738827308016,173.77138062338332
25.65532870254745,175.18455558885807
25.486918577786884,176.054964971129
25.318508453026322,176.18027522883742
25.150098328265756,177.71057309886967
23.361525371079942,178.2855989577795
23.76496725330775,176.9835579832928
23.075837127650413,176.04819446110434
21.300982303587183,176.20659328515433
21.360515145302337,176.8732197522149
20.289024926643297,176.0553237016285
20.996073347064865,177.3566371373399
21.117828026555117,177.97074610214176
22.212966314393583,178.24730291519776
23.165843063304564,176.9357678987995
23.673518891347886,177.61730017959584
23.7360068014704,178.29141479706152
24.474192968000573,181.29773634119758
24.880838640109346,182.39005291057674
26.21254090047397,180.8249231796088
26.082691771157545,180.2324763770817
23.82608652605993,184.75129428356482
22.46104459492609,183.02226106999493
20.79144603288907,184.04382516632091
22.369862468288556,182.0217095946515
22.269243726866392,181.18139119453787
21.785034220326395,182.34158427636697
21.300824713786398,179.08267967797704
20.816615207246397,178.85574771769157
20.3324057007064,178.47810980486636
19.848196194166402,176.19427755329392
19.363986687626404,174.3154968033387
18.879777181086407,174.1588243698255
18.395567674546406,172.88572109350727
17.91135816800641,173.39714403481403
17.42714866146641,172.04515272102972
16.942939154926414,172.23671213563054
16.96171410136603,173.03011892789982
18.295909575555612,173.21461368820124
19.63094042572589,173.6014330422868
20.21130748230109,174.20985935163688
18.937035326331966,173.65350980264125
19.70247144742506,172.95483857741397
22.0042984487062,172.87011185455597
21.36982445283604,172.13616979442534
23.43256717992791,172.50197769822972
20.751416524472567,173.32450062995224
20.951604904972605,172.70558061190886
21.430310629734844,172.89130072407033
19.987888232570597,173.07771592824164
19.98181000594533,173.7076172168219
21.28114076037572,173.37883866970577
20.33194556076201,172.90902665299774
18.20259482285759,171.85700675656238
19.33078060868642,170.3648102754268
17.713119534339345,169.99589725459668
17.585891598137923,170.30432149877055
16.024642184621275,168.86547637588768
16.41852510007895,168.2097903799532
16.421261522938952,167.2952388343098
18.090057395109977,166.75973208104793
18.472000292724474,165.4163373923721
18.7962744681125,165.42158757473786
19.166934188285122,167.58478034075958
17.954505303923128,166.29184833193634
19.176511613346324,165.52899774328057
20.135798308382704,165.07328352802358
18.887889209880928,165.00922810216613
20.549461885442625,164.41863725572765
22.704393638963015,163.78745056942395
22.82951549881847,162.43884166143482
23.946262328950432,161.37961761009592
23.088841736493517,161.90941661533324
23.204332817023836,162.0285808950047
23.161186328628194,162.42852519286922
23.74135937937346,162.0208836240341
22.459355938247608,162.3180318034385
23.316164330002955,162.5681805505008
24.126905728287372,163.0369880501405
24.937647126571786,161.9498454246674
25.748388524856203,161.78590486468735
26.55912992314062,161.56313268773673
27.369871321425038,161.6362558728024
28.18061271970945,161.29824018723565
28.99135411799387,161.42357826186688
29.802095516278285,160.2952901129412
30.6128369145627,161.24323742581026
31.423578312847116,161.62424367633574
32.23431971113153,161.08238313104283
30.964533903541096,160.80733259202066
33.00792399243243,161.31622555617577
34.40958226324076,161.57406225876545
34.847728498394616,161.46833278525287
34.51576748432635,161.6504025601015
31.62473591519208,160.1839643734149
32.72609553855837,160.1683282596294
34.907936266876185,158.7825692337524
34.11097691113512,157.13575038985232
33.31401755539406,155.242978231294
32.51705819965299,155.86847046873177
31.72009884391193,154.59894926016895
30.923139488170868,153.11007463392747
30.126180132429802,154.2425494518905
29.32922077668874,152.3624047265704
28.532261420947677,152.76728136034563
27.73530206520661,152.54039653392235
26.938342709465548,152.00150011541191
26.141383353724486,151.42051146913477
21.39469069976331,151.39977328121049
20.58309096975338,151.30484213619772
19.44653132070278,151.56901287928667
21.62301074434802,150.90338245089305
21.687219680271298,150.7421065561864
20.979259611410683,150.86784899535917
21.886938062056394,150.3963485342715
22.568420206698743,149.6435135066354
20.055719470645446,149.60712373497478
20.10391048993963,148.98734811307003
20.15210150923381,148.16662924465356
20.200292528527992,148.86150017889238
20.248483547822175,147.40897122130838
20.296674567116355,145.5454954420106
20.34486558641054,144.84500416078453
20.393056605704718,144.63155944101598
20.4412476249989,143.58078869162605
20.489438644293084,144.52755767067384
20.537629663587264,145.42447473528884
20.585820682881447,145.6539467508025
22.620602577593793,145.7724394138855
23.00000020197013,146.82997691908596
25.060289712810256,145.91475161615668
22.612526483990752,144.73663552885736
20.084098545942858,145.53936966007038
19.48824441950293,146.18718267721894
19.846221171210118,147.06818861717184
19.920616455818738,145.85420530175458
19.577298460717596,144.57982713521974
19.376737403674536,143.93958943676074
17.54212425583767,143.3736416812857
16.81098174026893,143.39854235695222
15.385269600813512,143.82033360249247
16.644155053177904,143.4183075868287
14.47298695474639,144.98262602838648
15.130874563564584,145.7276993487469
14.890229897592308,145.3638003271033
12.806431189125343,144.56762306564994
12.071069390568208,145.64271355401382
11.724486047440614,143.9644066334794
11.429933205664442,143.46144321701425
11.13538036388827,145.17580558595353
10.840827522112098,145.03728602121888
10.546274680335927,143.49291574875517
10.251721838559755,144.81374363378362
9.957168996783583,146.99429011697083
9.662616155007411,146.95473813010935
9.36806331323124,147.08135344379113
9.073510471455068,147.61696378484282
8.778957629678896,149.00327226473465
8.484404787902724,148.16077393017974
10.47625141810137,147.63490696017732
11.75284104386189,146.93486908679105
14.032844252529568,144.89790907589742
13.817748236949182,144.67745322522308
13.558522316062966,143.29210117570398
15.523137445880296,143.27229369993546
15.341895925317635,144.7327653712091
16.65742973868091,144.32132254753145
16.72468710723561,144.46038195556298
15.466972097496386,145.1735781663414
17.35898915557696,145.22342641363036
16.89154268330103,143.8842237792907
21.03282844131844,143.44946088411686
19.33605360932917,144.91706290128172
19.42153742135745,144.94571338704088
19.02833749478536,145.03347181398655
20.295959269903598,144.1680454674339
19.33761781526216,142.5916797196638
18.44826889486183,143.23625090475088
17.95826183015669,142.06422565627454
15.405425228923528,142.86467000436647
14.479666309460713,143.58171235476303
13.850613142898156,143.41417809344048
13.349260051811573,143.01395310458136
13.395420392503429,143.25071941362245
14.32333499117441,142.45253893756094
14.421591282217014,140.82245678720713
16.642179425182146,140.75286410943892
15.650308834101587,140.31062559843258
16.6443443152972,140.34152588620125
17.93985478489142,140.82933139153025
16.41898802010632,142.78011948049726
15.506245181527,142.29536464377145
14.692110363659465,141.80507025111572
12.733175223164682,143.06835026381881
13.47962030502082,143.23436367251955
14.226065386876957,144.6047820031609
14.972510468733095,143.32792250099388
15.718955550589234,143.9004944080029
16.465400632445373,145.07567393749358
17.21184571430151,145.83668044587876
17.958290796157648,147.10023082035426
18.704735878013786,146.201638863682
19.451180959869923,144.63209659976562
20.19762604172606,143.97733075915266
20.944071123582198,144.46642442415688
20.41064665208005,145.0709521736147
20.17611970717923,143.39750509799438
19.164689004771223,143.5892810947009
20.765861945665755,145.65429285452112
21.570102769433632,145.23268838762448
21.915741590921584,147.93160224213653
23.17949731481668,148.22320482604007
25.202223890840422,149.10773752169527
25.550652837724453,148.4787469397836
25.678824090936857,149.12638532449273
25.80699534414926,148.6845004725029
25.935166597361665,148.6791926345044
26.06333785057407,149.06854059428824
26.191509103786473,149.5882770324733
26.319680356998873,151.71756634134616
26.447851610211277,151.5592452612038
26.57602286342368,152.46224016978778
26.704194116636085,152.59024210434404
26.83236536984849,152.22576459447615
26.960536623060893,152.02898127484252
27.35736452945077,151.3090197763168
27.00974959269919,150.87580233786122
27.25125438469962,151.6905596740965
26.813875372673323,152.27170253679947
26.363389344704814,152.51349620180181
23.846147482516905,152.22625643559124
24.562971519106966,152.66182107839265
23.804284741195925,152.93770254557109
22.27813206409888,154.0178097420393
24.650186502812954,153.0966461976754
23.233177597314917,152.67552340540612
21.13934470901181,151.5469095844652
19.983811143821953,151.39902143741674
17.297745211481285,150.74949639199892
16.078620092247213,150.74922644025054
14.609685943838972,150.8231803933553
13.831244085542538,150.15352022915462
13.386057472505705,149.6749643235297
11.440107945473633,149.44440455570862
13.398782052381936,149.62345894230108
11.874701187541298,150.77953744422885
13.721144851306933,150.49553691401948
16.97437141401667,149.58919816749804
16.777234044133895,150.89692560133122
17.454164972249302,151.94116415994807
18.13109590036471,152.5086003218998
18.808026828480116,151.78481951095623
19.484957756595524,152.50280115708688
20.16188868471093,151.4938932256622
20.83881961282634,152.45401615799454
21.51575054094175,151.87889217578456
22.192681469057156,154.1380053105042
22.869612397172563,155.10963136750547
23.54654332528797,153.03791483195633
24.223474253403378,153.0984889119553
22.92977537373729,152.75531303990195
23.3579489602705,152.5293184084252
23.07472300409381,154.2787466635107
22.351735902058753,153.61176095466726
23.618325703964704,154.9800400551408
25.11675723659383,154.5905115731711
24.888299618726144,153.64868286055335
25.018033083870513,155.87267367387076
25.14776654901488,157.94990938371706
25.277500014159248,159.25294973030003
25.407233479303617,160.26966943360338
25.536966944447986,160.50553560000748
25.66670040959235,159.59977842883427
25.79643387473672,159.7333321507467
25.92616733988109,159.42947671945072
26.05590080502546,159.11540679058965
26.185634270169825,159.61263132132373
26.315367735314194,159.62036715227384
25.219517328794446,158.31178748052304
25.29380068047995,156.8694061919893
25.368084032165452,154.92020731061007
25.442367383850957,155.42312707917782
25.516650735536462,153.47410733721253
25.590934087221967,153.90197851413856
25.66521743890747,153.2995686103854
25.739500790592974,155.2131990497337
25.81378414227848,158.18643771252886
25.888067493963984,158.65295021389875
25.962350845649485,159.0539512069841
26.03663419733499,160.1699140122705
26.698508482249718,161.02815078773241
27.749347986308738,161.7401903827046
30.517228947193907,162.51871052577175
29.492135433653498,162.31786879851808
29.469860904925223,163.28086654622916
31.772744982968568,162.97607736270336
30.330982180187085,164.09789940136636
29.56497654362664,163.46698219366735
29.200877751418425,163.5467605338354
29.287455978447035,163.9447495247301
27.487004634678936,162.57991000614413
26.004692442801264,162.55161044679102
27.984287925163557,163.24532383976228
27.86181998131262,162.50624898084328
25.904302710725208,161.99889889688745
26.793223183873316,162.58445230372462
28.405712766374272,162.910693462975
28.367677441105048,163.2984121892565
28.329642115835828,163.02443052911985
28.291606790566604,162.6956483576458
28.25357146529738,162.22500134535665
28.21553614002816,161.5471557532075
28.177500814758936,161.1875974788853
28.139465489489716,161.78827006277174
28.101430164220492,162.36917341196562
28.063394838951268,162.43963360164904
28.025359513682048,164.00300570632763
27.987324188412824,163.08167702734198
29.41338374090546,163.07754385649517
28.168360910487827,162.39237443726577
30.180332938906048,162.83948840257335
28.78527989887269,163.97383891873798
29.502367767589593,162.92999002262331
28.8548573337492,163.78034077012214
30.804220381685436,165.00105460946392
32.616893674186564,164.61715334569942
33.52781376741517,164.78504559050745
33.55380710518878,165.26724145167032
32.282416311509394,164.34160365657456
33.078358214062945,164.21295721176506
34.825748754826314,164.2378390899074
33.40898432858894,164.72761269424194
33.48050569938183,165.43222983040886
34.66603998908743,166.1241578836654
33.99416482459557,165.37449028996465
31.771721344011183,163.5786454570333
29.785496683377264,164.2302986788785
30.609826034768552,162.73046191088906
30.079988884706538,162.70042254737373
31.75641623960703,162.1266053885699
29.512305480202084,161.8208801200556
30.236149727467176,161.25164312708603
30.95999397473227,161.26700737829603
31.683838221997362,160.96164472015226
32.407682469262454,159.98838829889235
33.13152671652755,159.30809431147833
33.855370963792645,157.16214196994284
34.579215211057736,157.67228487477175
35.30305945832283,157.75051137155202
36.02690370558793,156.87010682295545
36.75074795285302,156.0834085297204
37.47459220011811,154.61274730309648
37.35056821166451,153.07789108652682
38.54811734860466,152.06267338083876
38.96326922074728,152.41096810889263
39.045808639552384,151.54071837555168
39.06208890376859,152.3493960574637
41.20343692083741,151.94423456196296
40.40978368154715,152.0082508471486
39.904847209926324,150.9236643390679
40.040458101379215,151.39181377371642
40.58842621875214,151.5171610954242
42.45775458901905,150.76979171300582
41.78016579260085,150.49173237081206
41.03263512438707,150.35321328935416
40.129976283262955,150.1046266721212
40.89802869715856,149.2009058376037
40.201001233627416,149.12138192565047
39.27542674013183,148.97369814929985
40.59318396386706,149.53471849178987
39.796961467596965,150.8967223349621
39.54506991078341,150.8205354925054
42.067890141946805,150.7575750371448
40.95200755751005,150.84115435769993
39.362831072665216,149.76242378692447
38.45071999109454,151.37729296047192
38.469401046790324,151.58491127636333
40.28152528828674,150.93874621654172
40.06159589268644,151.59960750372946
40.44008471426839,152.300024027208
40.81857353585034,152.19176864579967
41.19706235743229,151.66514900182705
41.575551179014234,152.44486480315254
41.95404000059619,152.51398873968233
42.33252882217813,155.44293303375406
42.71101764376009,156.1874259881252
43.08950646534203,155.71736957103758
43.46799528692398,152.70024990158635
43.84648410850593,151.80549499306204
44.22497293008788,151.9261278301661
46.338747880285716,151.45732692453993
47.054810543865756,150.89424172963
44.54533217778246,150.49001803864735
44.436271707471484,149.95713729939598
43.88723227641231,149.63185345528672
42.94349543409475,149.30354402829667
43.61508729256262,149.28377653479112
46.1093220639352,148.46027822028043
45.43245148450475,148.42814828252466
43.951548111766144,145.8840882646469
44.86283409209577,147.40332997249374
42.9346043237773,147.14749359367534
43.944136095510906,146.56991622430945
46.036456438975875,146.30176277312486
47.000735178222286,147.41150366903466
46.770396864393284,147.67756460526795
48.364728832737136,147.8902545727102
50.259509352651015,147.67892793304298
48.93454505974914,148.71143503836922
49.409978926557585,149.28539494010067
48.87830535871314,149.16408226931236
49.98384642984655,149.34075001028444
50.260891387496365,149.32631474195412
54.229292213356146,149.7111876080278
55.51010693156441,147.65270074108074
56.83920427082762,147.16402819569117
56.09258085180145,145.5643631458189
55.79404085990262,144.21214878998194
57.1969345904999,143.46531368525723
58.823279524935536,143.9772725211812
58.48054364564881,143.29574347967718
56.870043790934616,142.40994167951646
57.15667207750801,142.1591223911489
56.922712489973364,142.00101786673244
55.956199990313664,141.68374270255472
56.732321840967806,141.71620137603057
58.30116263514344,142.24684911775532
57.30678544565654,142.10917381430733
56.312408256169626,141.99844014469446
55.31803106668272,142.07728706556
54.32365387719582,143.20821233281094
53.32927668770891,143.51827903222866
52.334899498222,143.5200636028397
51.340522308735096,143.94907347487714
50.34614511924819,144.26438967044916
49.35176792976128,145.24598941222428
48.357390740274376,147.06137307696073
47.36301355078747,147.31303326196
47.511025854975045,147.10489964202418
46.95667826749524,147.0250656972791
44.92273255914287,147.64788460651735
44.44956523181497,147.09600867291752
45.104161894424834,146.61237670919493
45.49863995281839,147.09082579186153
45.76252386856112,146.15113860096469
46.68608184735381,145.55025001131654
47.60963982614651,145.0075596126509
48.533197804939206,145.80382742903703
49.4567557837319,147.06492504157848
50.3803137625246,146.08341317534226
51.303871741317295,146.58356619394254
52.227429720109996,146.8424856034348
53.15098769890269,146.78005491113655
54.07454567769538,147.81871274006787
54.998103656488084,147.90433054540304
55.92166163528078,148.41975183923867
56.41241095679918,147.99959564763597
56.664216826396164,148.52766269899297
56.19184564649441,149.70849795830617
56.430079422909856,150.6826333426865
57.348023703231725,150.75451501880093
57.86447829809028,150.37348616311135
57.210307358752004,151.20845673768008
57.28760278294424,151.39352093129028
56.65100703233494,151.3448806673062
56.88368257700937,150.33593559598066
56.10697074842937,151.4399551882449
58.25963452553431,151.8913291455263
59.239457296994104,151.17191030713852
57.269531004609355,152.86547799996487
55.16164099748719,152.5881008802012
53.2361470653498,154.88069918707646
51.37836973135782,154.70665782699612
51.46482313200319,155.1400161972941
51.807123429857874,155.0132810962554
51.923628758739916,154.7725798134698
52.687596324324296,156.35975317340936
52.10725710987083,155.68542696323726
49.92608983620582,156.68989990186762
48.80071852366262,156.44651459005738
50.56326763844024,158.9886915596758
49.94826646499098,158.21681148714933
50.23099215545102,157.5490012426761
50.318523505565665,157.2594035509604
51.18298759686936,156.30052379897035
52.04745168817306,156.38036837484415
52.91191577947676,156.24775896597114
53.77637987078045,158.1883461702324
54.640843962084155,158.25404874110947
55.50530805338785,157.06759679374863
56.36977214469155,156.3826384908563
57.23423623599525,155.75599539867196
58.09870032729894,155.06040526245488
58.963164418602645,154.534735976837
59.82762850990634,156.0778087273209
58.915577795941246,156.460212950718
58.175878717455156,157.1788141335823
55.37693528188545,155.98753352496942
57.49865234711664,158.3234801214942
55.99775623007674,159.15738638020574
54.63646099618986,157.64690505812874
54.35100541146828,158.31344675336985
54.065549826746704,159.49812694533927
53.78009424202512,159.24352403320162
53.49463865730354,159.14099652590215
53.20918307258196,158.22738072292097
52.92372748786038,158.09573977812562
52.6382719031388,158.26407102141005
52.35281631841722,156.39489358886772
52.06736073369564,156.24840652896515
51.78190514897406,156.83029373356555
51.49644956425248,157.1138409816038
51.927630156421074,156.4703173771834
49.243346544856415,158.10168494327883
49.86812089865366,158.21730093120337
49.67920121770938,158.08601073865128
48.63933573632986,159.06160873833838
47.52813818805581,159.6289757387315
46.04933984105513,159.77626339905947
46.90462146883107,159.7312157999757
47.17633977163813,159.64915623328753
48.92366837115192,158.58851365146015
47.16946496491999,158.545906056946
46.986530517531435,157.12491230695107
44.72474297741471,158.2284978969074
44.238810606043685,157.7618446344583
45.45730452035487,159.09456002267044
46.281939359268165,157.87410314265384
47.556455788354924,158.3771693416262
46.51596218654085,159.63372143386093
46.4257279373205,159.93215964584508
46.33549368810016,160.79119434287446
46.245259438879806,161.57454948964065
46.15502518965946,160.5588072434634
46.06479094043912,159.82261606865325
45.97455669121877,159.98817226135054
45.88432244199843,159.90067425690845
45.794088192778084,159.9924158911795
45.70385394355773,158.24982572218832
45.61361969433739,158.9967821651314
45.52338544511704,159.7254337827942
44.317332618885935,159.69283556330072
45.8740075985988,158.21508100980833
46.66400908123817,159.2843018906754
48.38108270987219,159.88576688664998
47.85827647129256,160.44070133378986
47.047364284096716,160.54180104065662
47.58899212589217,161.0577709360604
48.317359328839856,160.33916409173986
48.16087998141481,158.7403737395785
49.13880563992918,159.5442874770911
49.90557821494824,160.37215416999874
46.98270949967109,159.9007214908432
44.750687456645,160.58483355107765
45.05557460028049,161.16251196689115
44.14655318634699,160.38459818691885
42.24687953236231,160.38356580621416
39.44211397535987,159.51647723385594
40.63602204453095,160.16264539168188
38.64935888884771,159.9004243037532
37.55610115368781,159.86943086775707
37.422266984060215,158.41201812561684
37.04544018323492,157.55042284312762
34.28700508722905,158.34809171131718
34.745296882076076,156.8269439883686
36.66193957358873,154.7197716491176
37.68614819246606,156.85569832940837
37.734013728299686,155.80351045423075
37.710687670166344,155.35756211055917
37.687361612033,154.95951991604088
37.664035553899666,154.95482670235526
37.64070949576632,155.53761783900237
37.61738343763298,156.0009612769964
37.59405737949964,156.67725912007998
37.570731321366296,157.11566651009161
37.54740526323295,156.62497573435812
37.52407920509962,156.44465380719927
37.500753146966275,155.82118057815595
37.47742708883293,154.81579907275736
36.802494074209406,157.25093109080922
37.505473621928424,156.885443451247
37.003942979986086,154.17553455607782
37.64882635832849,154.39436407580646
38.2261395195781,152.65700434940217
39.311896434435276,152.63809034029256
41.70779613307114,152.67517290910348
41.640567210792646,152.39653794027132
41.644693562447394,151.30376819357457
40.62175619131628,150.48023786429337
37.683020723266516,149.8439495575384
37.885943920484785,148.67593046458785
40.03500445025559,149.16271094693894
39.93565480428189,149.19292008977888
39.433294958851164,148.92844960107195
37.239151576361046,148.83212057194586
36.37911426071393,148.67989163546943
37.36421222487225,148.75481835037613
38.1352190587957,148.4228104154298
37.63506561469297,149.03922695570762
38.54009035713632,149.60341417131653
39.46076836187847,149.93632827313536
37.6984156807556,149.8582365663527
38.36613667142894,149.68572378728376
38.967208894331975,150.48236014659113
40.78185728255413,150.09791845544007
40.72219733797538,149.41975735303507
39.28416124075273,150.17412336601222
38.67394231986063,150.5868339373818
40.424788638882845,151.6974237444675
40.735910928825604,151.6869263206484
41.04703321876837,152.29674882268702
41.35815550871113,155.04764714216319
41.669277798653894,154.01898318301636
41.98040008859665,153.2635200077414
42.29152237853942,154.24010599846648
42.60264466848218,153.54701760060667
42.913766958424944,153.61030169715463
43.2248892483677,153.50633823732784
43.53601153831046,152.99621946567072
43.84713382825323,154.24072190767527
44.29167683939456,154.47247345509047
45.578470545885004,154.97556086306525
46.04378393273632,155.05450369062996
45.727962235046995,154.91703649210157
45.71782664187083,153.57881259692599
45.380890862332855,153.03343185080206
42.628725717199714,152.13369445682144
42.7848130853375,151.3968464045442
44.28022087518549,150.24113512627335
43.06340829663495,150.03812273864253
43.2528713639699,150.7286442113646
41.43049844181388,150.67470798314602
40.08272122628868,150.76298529436576
39.669303224878234,150.13076057217006
40.63953856919501,151.11652617104835
39.37598066423004,149.83574902463153
40.524310424486295,149.5779749269534
40.73829356453047,150.05604565979004
40.95227670457465,149.57499030097028
41.166259844618835,148.96166970609454
41.38024298466301,147.50270664709117
41.59422612470719,147.85302430031467
41.80820926475137,147.625505939446
42.02219240479555,146.65844532740041
42.236175544839725,145.25614803641474
42.45015868488391,144.84117445794914
42.66414182492809,145.40919737269476
42.878124964972265,146.16580781922144
42.39293361532036,145.25154968524816
43.19483773348831,144.7982095539161
41.95279672436912,143.51055594842805
41.142513874085324,143.94993151536323
41.83134388302263,143.16094863817142
42.58628763798674,141.89326551889596
41.934936108073366,142.618534534922
42.014776354219684,140.76728248192742
43.712287406853605,140.32588796917085
43.74752903234581,139.66606112051613
43.78277065783802,139.44996332328725
43.818012283330226,140.56688226349837
43.85325390882244,139.60153309514916
43.88849553431464,139.772302372428
43.923737159806855,139.46663581479123
43.95897878529906,138.18014921994762
43.99422041079127,138.25588898115507
44.029462036283476,139.1846134694801
44.06470366177569,139.08775373091456
44.09994528726789,140.47024038885075
45.947140236939255,140.55028070971852
45.36955366882616,140.82728423467725
45.46564234398929,141.28399221552306
47.237840863184665,140.75498492770808
48.99506375438084,142.14367976033415
49.516951497502305,142.13633725429145
50.39086297997535,142.45694958934672
52.41932113257107,142.44447841076646
51.97711501265607,142.77886533746272
54.080112453539265,142.79045338072123
52.873239980157614,142.86456661871486
51.814810136223606,143.13756596975912
50.83559906097927,142.31516191529244
50.33674551706117,143.91588182474243
50.99891560576108,144.2691264155654
50.346796253397976,143.3808660462954
48.49519531074539,143.5158609025933
47.250863610053266,142.48466060139563
48.13775200631549,141.77107721620374
47.92767861919813,141.81060980704567
49.282547225240464,140.73806806644086
48.55830887640456,141.30515128219352
49.285316781170216,140.20031700991734
50.24912163083719,137.9844311738707
52.735029812444004,138.68418488768083
51.75346947567659,138.003921321115
51.68658150110897,138.13620393076627
51.37712747724591,137.1310390974922
51.71260565815481,138.82888227340447
50.58086850810943,138.51098070953037
50.02435927183826,137.23253961018005
51.58636649243458,138.4511355012925
50.932774791171894,139.42393047529902
52.69844079308339,139.24196657101626
51.097887844229696,139.1160785695344
53.23948652409744,139.05661143938585
52.16314552303509,139.38220029392147
52.32347227216076,140.53966193135693
49.73358065244969,139.09218401028602
49.72117947560588,139.39959197217058
49.70877829876207,139.31728839638367
49.69637712191826,137.65096974118023
49.68397594507445,138.6037717293747
49.67157476823064,138.49297329920634
49.65917359138683,138.75444548335759
49.64677241454302,139.08653353287121
49.63437123769921,138.27547020778763
49.6219700608554,136.60261296618978
49.609568884011594,136.26655045940706
49.597167707167785,135.75186002584118
48.44340864975057,136.15029831262564
48.84924635996195,135.94655048845746
48.46194062563027,136.32971046445223
48.26817211592455,135.81133578717518
45.67282846317511,135.12746807319039
45.12734632925883,135.3642240052234
46.56106248481965,134.86281270379013
47.96515016127303,135.80737994293906
49.43666302809345,135.9451759564256
49.76240965771743,134.54552754716516
49.331012337423985,134.01743192602274
48.548143025853925,134.349377962463
47.787349295481995,134.6664715425173
47.72112805689198,134.47820538612504
47.76661829045814,134.88143750851253
47.655684998557675,134.8141266659158
51.757777255195315,135.0356358531717
52.553108824854846,135.5684127618135
50.661353055086025,135.54270833060036
49.97140370710245,134.66850711797875
52.985705624408894,134.8340107877327
50.69732770270318,135.49535101413235
50.49601131940127,135.2163558239145
50.68071489819478,135.81610317571997
50.865418476988296,135.44936460134383
51.050122055781806,135.10306926207076
51.234825634575316,135.62183337538602
51.419529213368826,136.73608455662458
51.60423279216234,138.08349981716762
51.78893637095585,137.57360287339714
51.97363994974936,136.67825348283642
52.15834352854287,138.52123883496222
52.34304710733639,139.64514362182442
52.5277506861299,138.78658868876937
52.05214287211387,140.13997052175634
52.65641477730327,138.98158063705645
54.16694156753191,139.4129430206046
54.4024322264724,140.64824777843054
54.95645750816926,140.54916136835516
51.397935696951066,142.03635159000655
51.42290311854866,141.32585497031985
52.012968819694294,142.77000472544273
50.372963607876734,142.37229755257007
49.7606512715286,142.77521550618954
50.02342724043341,143.17852673484117
50.03352770053889,145.83484284760644
50.04362816064436,146.04934152113742
50.05372862074984,146.2841025363398
50.06382908085531,146.55972301781765
50.07392954096078,144.99798285158678
50.08403000106625,143.27680107117197
50.09413046117173,143.72143675959666
50.1042309212772,143.70863556346342
50.11433138138268,144.13308383882207
50.124431841488146,143.4075761820728
50.13453230159362,143.11077560422493
50.329856562457365,142.82217710787486
51.65904000616663,143.13382685543255
51.138151221255754,143.03286236688126
50.26979075097839,141.30402245643964
48.7413179196799,139.95166741643428
46.99617775545143,139.7548320612691
47.03895274202367,139.93372813486582
46.218351701330704,139.07844908859997
44.7765575549253,140.93458003173657
43.71024192583772,138.99547194630412
44.79746384707318,137.86373457886032
45.00293886300221,137.77261565557382
45.59829850241092,138.35893759589823
44.808836562842686,138.67501425613847
46.268319714146386,138.46721309610646
46.24892250215713,138.55628037423725
46.945892215284424,137.06615639321043
46.388931609696435,137.98457309890824
46.88686787085855,137.1000181022627
47.00315940580598,136.26114891557094
47.92036985009966,136.4027396843367
45.47844069350398,137.22614923847166
43.71672069927823,136.15415285821138
43.99744986787469,135.97281915571224
44.27817903647116,135.81784544579756
44.558908205067624,135.568864356955
44.83963737366409,136.20211209316696
45.120366542260555,135.25177298302074
45.401095710857014,135.35852666570008
45.68182487945348,133.77494304357916
45.962554048049945,133.0371664180041
46.24328321664641,132.1716555696774
46.52401238524288,132.1719635525023
46.80474155383934,132.9191373358414
48.93211304893403,133.5706915243754
47.48116620332138,133.79358677459228
48.6393308797239,133.05094568516245
48.181684025038045,132.553746614874
47.71957918331067,133.06571577690497
45.85129001134268,133.89636759444005
44.284808176469966,134.63576211880368
44.132729997378746,135.35493699266615
43.767769923102854,135.51695003659978
43.72606981107074,135.54957845968
45.02451602803885,136.7563585398785
42.12848947469753,138.12887676612047
41.14607002809784,138.57971517863578
41.68616901897442,139.12402709614517
41.19069368184183,139.12309669857044
39.625154053865295,138.77065528544318
40.78970600715873,139.1408955404464
41.188578435852754,140.18828054887982
41.940039359018506,140.8804389400955
42.609208453126804,141.75213970103295
40.10985564183102,141.10116130336598
40.624058993670296,142.09578172093654
40.22109482580643,142.00162342575416
40.840551494917285,142.0034924126779
41.969320710313646,142.33524059243533
42.42419163897229,142.72729298209796
44.78592155361964,142.37613984482005
44.16570673801228,141.91405299401222
42.49246719260724,142.43862511446184
41.98971386335294,141.53540340129075
40.7735447715601,140.75106284490124
39.50360948511225,139.24538687913252
38.134009185147974,138.573819930278
38.10751788777235,136.75689914566755
36.40937372889089,137.95214117747292
36.45041300596548,137.54372301445193
36.49145228304007,137.87523792355407
36.53249156011466,137.27903651042786
36.573530837189246,136.2931154325521
36.614570114263834,135.78326780338796
36.65560939133843,136.27252542424202
36.69664866841302,137.45516233726673
36.73768794548761,136.404891091578
36.778727222562196,135.57863885914108
36.819766499636785,135.10777582989957
36.86080577671137,134.85072808479893
36.55381621458628,135.22056331120362
37.326526562190416,133.79406172519907
36.93409362988639,134.59025101314597
38.27327525672551,134.7278903899445
38.97381685937837,135.03489312317186
36.347726632823665,135.31259357239006
35.06456552211005,136.07066281859778
35.680214887265784,136.13921458182838
36.35300334837947,136.10031909964448
36.2394848531529,136.10584055502363
36.101532233344905,136.07462761810075
36.20646017100551,136.0629854326225
36.16834104838795,135.31519038218178
37.61804625780787,135.08614149477714
37.46785911570555,135.13439162811738
37.31767197360323,134.93694468552388
37.167484831500914,133.56780132535675
37.017297689398596,132.8787851505483
36.86711054729628,133.23563622313992
36.71692340519395,132.52876960948498
36.566736263091634,132.73904749348767
36.416549120989316,132.86429621041495
36.266361978887,132.93897379728475
36.11617483678468,132.0848758532194
35.96598769468236,131.6649673041229
35.653675094132744,131.7610451897688
33.05252975540872,131.7253424044048
32.412442108158366,131.2724086749324
32.450521034524385,131.7355002100939
34.31139529112655,129.7415027708424
33.624417292813725,129.75719389968035
33.51456271932882,129.23666195404653
35.14579164107174,130.71718043235336
34.74169838114203,131.67244845539935
34.24890456611695,129.51216916084044
31.65503477854129,128.55447710786697
30.347778033986664,127.81010197384231
31.881672986838176,126.4390189631264
31.628690329821183,125.8345708914758
31.661233393597172,127.02206348917734
32.09034539828529,127.27305017661152
32.71109977226895,126.51933909222907
35.19067664187749,128.49340737704023
33.264350449909244,129.21905112817998
33.08410721410264,130.15513162259415
33.31435584552349,128.21697328677078
36.03268463855091,128.7232759374701
36.2928461281145,130.84745041893837
37.24442430556136,128.3260222680935
38.38939320311065,127.2720649519453
41.271710559690554,126.72000680837597
40.469385656052175,128.2201235091134
40.25440140866527,131.44346897401846
39.466901470523894,127.9024204481109
38.79988629460258,130.91434564770512
41.4190400878448,128.28165029005365
43.069221604865575,128.1367398381356
45.85231359143139,128.00587827598096
47.09248293748526,131.95582652054495
48.264012442020366,131.6160050915648
50.32639817758354,131.94486648690145
49.59956338269134,131.87178029425806
48.62274211249463,132.08732584963
47.50297588598038,127.51813199785143
49.34238411005724,127.24408946390714
50.27303035280535,125.59500977356083
49.87842491325799,124.83550810582989
50.80010091719536,126.06333394523703
52.23375356471783,125.31963023634634
51.42820270760981,123.46954307685759
52.66014845285812,124.08184308607437
54.435574112137296,124.14294825633353
54.00407071938278,124.09030802305215
55.38274630718389,124.07382229478571
54.836138344210205,124.03951840118552
53.66379169639953,124.96865735191496
53.91685980291392,125.1022924040705
54.16992790942831,124.86403743029703
54.4229960159427,124.03105346420774
54.67606412245709,124.06182442514286
54.92913222897148,123.39107812350875
55.18220033548587,123.66278212995324
55.43526844200026,121.6645872504396
55.68833654851465,120.30384462130495
55.94140465502904,120.79416088263024
56.19447276154343,120.8737909345995
56.44754086805782,120.89242037517218
58.376999115221935,120.15095682249488
58.79822367403295,120.3257184816311
59.633797227700924,118.75257197739383
59.624139243478986,120.18019481715496
58.59086536177732,120.45785212929579
58.24211821926071,121.06890333330617
58.84824954371352,120.04376808647712
58.544068622909165,121.88784972016977
59.393679108615316,121.74892730156441
60.2398453585424,123.66305432910733
57.413945009001246,124.4917277729925
58.98315774018581,125.7061578952579
59.205751237494525,127.04658977188816
59.694664432897426,130.27543524331082
58.867012900525005,132.34172749689873
59.05822385402185,133.5264712462258
60.337390955999034,134.84337287645093
61.633865885921544,134.98168224706865
61.02517269456145,133.99913881709728
60.871855525307105,133.41254692932762
60.843429336684835,133.49102013255524
61.43157474348026,133.46257985856798
62.99650012135683,133.2680532436068
62.04855215699782,133.34937430429693
62.97202751614118,133.66404400041043
63.72859241805508,133.65139841637895
65.33890839469167,134.11554750644035
64.7605743298752,133.82575734494353
62.50381959272442,134.02859855464968
62.831667418682194,134.73000464981783
61.44654401528639,135.17245712511942
59.597577317640734,133.88186791145918
59.75495330410657,133.91780854918474
59.503836195729896,132.90539968611495
56.34232660302374,132.57243341063773
55.76533763617223,133.233797654315
52.594437375107844,131.94676621364658
53.621395928047896,131.98756511001002
54.27693945068071,131.7495331479545
54.93248297331352,131.63877764987276
55.58802649594633,131.2523071841636
56.24357001857914,130.81533395757683
56.89911354121195,128.6093927096966
57.554657063844765,129.17655195492094
58.210200586477576,131.367439434751
58.86574410911039,127.76667269401777
59.5212876317432,127.94665983711812
60.17683115437601,127.70898633715811
60.83237467700882,128.5652615966272
59.60832785967878,125.69429811088186
59.51304162151837,124.05644827514107
63.14119437207344,124.14780330932949
64.11773572440207,125.09510819957248
63.52023030292965,125.06873626296135
63.88699137842785,122.22009200954112
62.933864779703974,124.10723789700768
61.606461424348666,122.97848974113691
60.710283552137824,124.06491321211882
60.55081149329494,126.04083630363566
60.39133943445205,127.52370580408822
60.23186737560916,131.32774264965042
60.072395316766276,128.80251921203705
59.91292325792339,130.84146676325832
59.7534511990805,131.73643137397806
59.593979140237614,129.3284976896445
59.43450708139473,128.87173719255583
59.27503502255184,127.54962976115362
59.11556296370895,128.52020005801987
58.956090904866066,130.97796219999995
59.2745759969795,130.69480555915985
59.86632608785907,132.43493051919057
58.84004161698766,132.38567458015334
60.09588674168674,132.00012083367372
57.98357601470362,129.77384437171722
58.53848017526642,129.49344910597742
56.847180164951205,125.55140643988186
57.65899825513979,127.2836173947925
56.32267442809814,125.92335571977806
55.238813365079324,124.07087438183238
52.32043639157861,124.0575107754652
54.135762113892575,126.9911207264003
51.416568817179474,128.16527902889686
51.91931389213561,130.97839063348556
53.48476021105217,130.99708825986295
51.569375827470274,131.66406013912965
50.522922146479125,127.95458477094304
51.45049103633196,127.64424892206141
49.71897172977619,126.67617719046464
46.12246188522458,127.30774773562271
45.4701594615399,131.01458013612736
44.49969500565793,131.6900801375999
44.69865152629062,129.05299048285056
44.89760804692332,125.53647859211827
45.09656456755601,125.56797225160406
45.2955210881887,126.10394143346117
45.4944776088214,124.24611710198307
45.69343412945409,126.58412674384067
45.89239065008679,125.75382417778327
46.09134717071948,126.0567814988115
46.29030369135217,126.43115199833615
46.48926021198487,126.937265970761
46.68821673261756,128.79899034475312
46.057023124228024,130.23917362010872
48.06116835837519,128.96115474725258
47.87706765221155,126.86169317235948
47.69296694604792,128.47096676157713
47.50886623988428,127.10966229578491
47.32476553372064,126.41625715250842
47.140664827557,125.07423050968458
46.95656412139336,125.16294647848252
46.77246341522973,123.78178395033817
46.58836270906609,122.51414127289041
46.40426200290245,123.79698901677472
46.220161296738816,126.46456260398709
46.036060590575175,128.0832629376109
45.80303240304776,126.64055111890762
45.96110352250677,127.2310549584162
45.81814613071979,131.23218138543777
44.7811050264502,130.05369957532866
44.80877141396255,130.51782471626663
44.70631813652265,130.45627309121684
44.801188430097554,130.77492880748102
45.57085791401366,131.64744848551942
43.62606124611694,132.13764327108137
41.37469352708815,131.92809116572948
42.13578371708356,132.41246260722866
42.81739592536198,132.15604223810945
43.41072938723781,133.0019496849977
41.401219759937206,132.8369219671595
38.925933683101086,133.67419494602098
36.84878816745714,133.85715735612317
35.61108929343925,133.61425632446782
35.96163218253879,133.1873376470628
33.745063747032276,133.3119672462931
33.94587524888939,132.36929855629242
37.09600861071246,132.83034241614078
36.87149076859285,132.7881819957013
35.392990257719454,132.1308135448935
36.692907361928256,132.78082874718987
37.96117964894275,132.3237231366643
38.205000471080396,132.74824294294552
40.590779522888745,132.82298549544328
42.286747241090545,134.38674872774297
39.38657492221198,135.09919176660767
40.317516919938704,136.06724115152693
42.67394307841125,137.204284297181
41.52913545796465,137.63533120215772
41.39507750540887,137.91972662297195
42.75442038941722,135.93637393818963
41.21838652855979,137.68011963166532
43.12387024542092,137.0044473558237
43.49195800415048,137.87472827081186
44.98711436250144,137.41255415097768
45.40837413472267,136.8713182645541
45.829633906943904,136.6623486289253
46.250893679165145,137.36772080818383
46.67215345138638,137.63532095403198
47.09341322360761,138.81800945895117
47.514672995828846,140.2720424085206
47.93593276805008,140.0176144907193
48.35719254027131,139.9129443243957
48.778452312492554,141.09418298104993
49.19971208471379,141.68097856787978
49.62097185693502,141.05348644608316
50.042231629156255,141.07860071719682
50.463491401377496,140.06816467806397
50.88475117359873,139.7479128464121
51.30601094581996,137.05468812025626
51.7272707180412,135.71368932558508
52.14853049026243,135.39971715240785
52.569790262483664,136.18935297448186
52.9910500347049,135.01716365896152
53.41230980692614,134.54363384766285
53.83356957914737,134.70089463815123
54.29075476184021,134.5803678309433
54.24035069760598,134.22784168089038
55.42481811480476,134.451608614189
53.00790513934145,134.70912529933202
52.71679890666193,134.54319867550274
52.8791263985465,134.6971809662309
55.47895695690776,134.7893092373717
59.52347189079385,134.86519668259098
59.01739187443713,134.2141791405133
58.5522965059043,134.50466504832508
58.877258903924066,135.11317847632364
59.303621441453195,135.73910667863888
59.729983978982325,135.22146672951718
60.156346516511455,135.0858520822011
60.582709054040585,135.16196854903433
61.00907159156971,135.5374480478956
61.43543412909884,135.70343092364595
61.86179666662797,137.43436018313213
62.2881592041571,136.8803455641324
62.71452174168623,138.90141174077286
63.140884279215356,139.3067975688912
63.567246816744486,140.30986853633908
63.32648480294683,139.98834680821673
63.259450967021024,141.03561794003193
61.93311082554416,141.3979515876969
61.77743313994104,141.10975157654053
61.68018004341951,140.41558291422305
62.50868249083758,139.87756480615505
61.09483993812119,140.53479785965703
60.42120369273161,140.8095673320271
61.33753493482231,141.21382284452898
61.265792300897296,140.49188230673033
59.91323845236405,140.4040090229516
57.904653535179996,141.8926971206528
60.74927725713159,144.437259686374
60.171032354757585,143.8703413449077
60.84981651072487,143.24454189573828
60.93221671135347,142.94136879164805
61.52265448601209,142.58222166779748
61.80750793985385,144.43111325324153
62.19079723590513,143.2057291012879
61.019733143985846,142.80493745077268
61.26897247273333,142.42479684022751
61.11687811430808,142.9517807268306
63.00358008433569,144.0688205141317
64.2638583000304,146.01921521528104
63.39640027990379,144.9668006308189
64.98832593543202,146.12419025320227
66.10208643826341,145.63453772479386
65.11423495005569,144.77661877043565
63.42044241621904,146.41758248014796
63.77243375045072,146.46559675605062
65.27822281643049,146.8716427188336
63.76669731711651,147.26764590390619
64.97599874793819,148.0306524994301
63.1941722995489,148.57390733180773
65.72251929813939,148.80836609327687
65.4747185927709,148.42150510117767
64.45362603324821,146.92407523890307
63.868948874713524,146.89189582194228
63.583217186344264,146.87356642619187
63.333431908831166,146.9591140650301
61.692128303594984,147.91874695308718
61.726782733187704,148.57133418695634
60.19579999538803,149.59326525432812
59.16313441870224,150.64923660558173
58.32233725079106,150.32051884079533
61.63946355091238,150.58381169091382
61.89715436635003,150.69604932094765
62.46480603962535,149.7561808852338
62.79682141667193,148.77149352930238
61.115174099839564,146.90079983423243
60.88580370688751,145.39770584938165
61.459123235150095,145.7722655065964
62.07362343883474,146.4975362295571
60.155488824916596,146.92995694963125
57.95692377826973,147.50548655399265
57.18571592579997,148.6676818637782
54.58892257091543,149.48160147136906
55.0105451691423,149.58847912225437
56.945444550626306,150.43753724483852
57.38104631901301,150.08098344011486
58.787677895513546,149.2474089476012
57.18883830054015,150.26366715847215
58.39598298865677,151.25477736113726
58.541600962897604,151.62582774536543
59.918771198962865,152.1343909418511
58.0053493014814,152.5032059814033
57.1497212384418,153.49620867501477
59.11694302665808,153.87785956621457
61.78516655837364,155.31763726135358
62.655091947577766,156.5400575265918
62.3120737956581,156.2446878801042
62.66280112213666,157.61682547588623
63.013528448615226,157.42484538663348
63.36425577509379,157.05124263823814
63.71498310157235,156.15272617472996
64.06571042805092,157.83078628351882
64.41643775452948,156.0231476144071
64.76716508100805,154.0721466699193
65.11789240748661,153.84248324719292
65.46861973396517,155.57255759779136
65.81934706044373,152.91860246685695
66.1700743869223,152.1734087354487
66.41970200415892,151.30849514895067
65.07743705023587,151.337644415136
61.02426764094179,153.4989450788612
61.63398445940774,154.1649126235714
59.51201672034396,155.1551231003158
55.39628604931036,156.79178831399562
56.3281051375388,156.5634553871866
55.825468959544736,157.38605732845767
56.840513156254545,159.54683065328572
59.10260957419788,159.93834186265815
60.0095872471224,158.73881098055978
57.60379251531795,158.98007048718148
57.260872260854775,157.29162259317732
57.955133539987415,158.4250051903002
58.12008344998757,159.16146437221443
59.28551570103607,160.38303807053853
57.853589640901546,159.94429828255187
57.46609451064733,160.54207051209244
57.1188463407924,160.70251709440706
55.99371970959498,160.5035806002901
56.791204704655556,160.88162070550268
57.54782936974741,162.09472121654017
57.64763246820828,163.05939151270022
56.857970759940564,164.59447205777084
55.98847153558427,165.67459187548207
57.28491340914791,166.50563824559615
58.6218301556886,165.71603765688246
57.91049733816809,165.65566123436554
57.5287005390014,164.20851759242717
58.90410559610574,163.436917166537
58.60683648620974,163.95748018380732
58.232801490975255,165.78225662751186
58.41100091832539,164.12289143102348
56.31095395232146,164.60625481316112
53.896938260074975,164.1561302818603
55.88917446312214,163.72716688218026
57.41998484343206,162.54013756836716
57.939622772782386,163.4343033844053
58.45926070213271,162.24017710382427
58.978898631483034,161.8822396151464
59.49853656083336,160.17492526521525
60.01817449018368,159.58917996332426
60.53781241953401,159.39316025896704
61.05745034888434,159.22142453162954
61.57708827823466,158.47717505446164
62.096726207584986,157.3991094467391
62.61636413693531,157.45750706037444
63.136002066285634,158.485106222747
62.4916503633577,159.6692828280578
60.24798960296639,156.81725624742433
60.56252248683348,158.37319717798897
59.50426254363939,156.1245683546704
60.68891309177177,158.23227887783906
59.61996184307233,159.0640511068821
59.65182720249227,159.1165521992109
60.86257339117326,158.2954190911281
62.43010822198353,158.69510106410843
62.61227056002403,158.25060405300036
64.20088816405054,159.36883725241736
63.245304376649564,159.7592304068107
61.17600449070945,158.60324541713237
60.34196022333288,159.870058854145
59.501499174313125,160.09276143144655
58.276046874838364,159.24212202150352
58.40105466251628,157.73787364695445
57.40369267244901,158.58716425679626
60.17379286403994,158.5290934247746
60.46408146908096,160.0874861937335
60.40532121541178,160.34388614203004
60.3465609617426,161.14231096585004
60.28780070807342,161.1778250802646
60.22904045440424,160.41282674865067
60.17028020073506,161.32163441427022
60.11151994706588,161.07631758503538
60.0527596933967,161.04307773531812
59.99399943972752,160.71279518732547
59.93523918605834,160.0167641389973
59.87647893238916,160.4214167665214
59.81771867871998,160.00715513526418
59.7589584250508,160.06157529117226
59.70019817138162,160.83783950112024
59.64143791771244,160.66812883127227
59.58267766404326,161.41191421672497
59.52391741037408,160.2899278997205
59.4651571567049,161.87589204472775
59.40639690303572,161.65964645520313
59.34763664936654,162.21206172407548
59.28887639569736,163.52716909262588
59.23011614202818,162.54793524635554
56.78208710290936,161.9219790691672
57.35378633511174,162.1043641263309
57.558416794096466,161.1768479657935
56.976605710988515,162.06391853084597
56.76223236226246,162.98752627232233
56.832868889133316,162.11592479637534
58.05830163785209,163.54565627157663
58.5706762377777,162.89297429200306
55.85621986053141,163.40730489718317
55.47976750209178,163.72127301346882
56.86764009413835,163.24740302668772
58.041806967185714,161.20906827958422
57.035643478134276,161.31614181504239
56.14519760848441,161.1868276369949
55.18794036036481,161.71619949001916
56.69547546613268,162.02199334297484
57.34888954366881,161.8774917382386
57.20059587040013,163.19733508279128
55.437150602820005,162.00555846510335
56.85873000187009,162.9793352858406
57.253790178846195,163.483578745973
57.92781268677404,162.6461723881327
57.46639157773226,161.47359496216097
54.46205687286426,162.8358628601746
54.368856741322595,164.10915707315237
54.85174896446286,162.2792535849284
55.08764985039716,163.74562978347012
55.32355073633147,161.90138312091054
55.559451622265776,163.4896918941144
55.79535250820008,163.69350720632664
56.03125339413439,164.53178945362896
56.267154280068695,164.46947571853983
56.503055166003,166.689365994472
56.73895605193731,167.62784424550063
56.974856937871614,164.9326205493456
57.21075782380592,163.99942229581896
57.44665870974023,163.807961901865
58.535004492489065,163.74723695036434
59.40573398725441,163.84221646942538
59.62699517240865,164.02903992104845
58.233066526957934,164.2555292680847
57.823731852351465,165.4528374606446
56.026561343927966,166.69416912303168
55.21637110742019,167.32742862084572
55.43053428469473,167.03203863807192
55.071901611556505,167.43127181450183
54.54452418808993,167.63678228504043
53.566414963509686,168.23914845484518
54.674029459693074,167.86744026669467
54.84091187073636,164.87188606894256
55.01454042575218,166.02870352378727
54.92241643931341,166.28552029005303
55.048792877822386,165.91430996770123
55.17516931633137,164.30533738531128
55.30154575484035,165.0931034590144
55.427922193349325,164.17145812824225
55.55429863185831,167.654369070199
55.680675070367286,169.49166737125725
55.80705150887627,169.9285902809347
55.93342794738525,168.3023774179316
56.059804385894225,167.7326770116978
56.18618082440321,166.14082792226523
56.312557262912186,164.18346196687543
58.24453665745664,163.50322984543098
58.48625524325464,162.108244968331
59.26181505409336,162.64062487327183
61.4137002679655,162.53406136110922
61.5859288873978,162.52320530650934
59.196349437502846,162.87074668122722
61.907969795273104,162.1137790133051
60.90703833577906,161.7336163118697
62.1006515628982,161.7510433707866
61.178448800625844,161.77129967538474
61.468869803044576,162.83577840288882
61.75929080546331,165.32397885007842
62.04971180788204,165.3742576475513
62.34013281030077,165.44276739133096
62.630553812719505,166.87682147642764
62.920974815138244,168.5590546792439
63.211395817556976,167.28679085422843
63.50181681997571,168.52678322403509
63.79223782239444,169.6334966065724
64.08265882481317,169.48660704353864
64.3730798272319,170.26474519492925
65.18900724077912,171.23843487778538
65.89444466339236,171.14639507521719
67.32501725371871,171.8439593528517
65.66536828672082,171.82098448959312
66.00288013323903,172.18246102802433
66.70803975319699,172.13492790729444
68.35400821626736,172.14084017195933
69.74236125690837,172.2750906680156
70.5051638680068,172.9734710941503
71.80476187398891,173.16680441760812
71.8102164544995,173.62975763913622
71.81567103501008,174.86679768117364
71.82112561552067,173.30587886150764
71.82658019603126,172.8240225225922
71.83203477654185,170.73902978944108
71.83748935705242,171.10737746446748
71.842943937563,170.43965417822966
71.8483985180736,170.58934198383537
71.85385309858418,169.58955847944108
71.85930767909477,170.05292923363604
71.86476225960536,169.9873356964481
71.50824337573542,169.82481463502225
71.01427150571708,169.76545291778652
70.1965224861162,169.76232745846926
70.23503211559144,169.90948570765957
71.76199793715764,170.11198280194262
72.37853572424766,169.85828174829444
71.99158494891749,170.89071333352362
74.4248174417574,170.21588596952012
73.37819872617582,170.7748233631611
71.17610840798434,170.92605618574183
73.07139942145547,170.15077721488657
70.71537752789582,170.10995788328947
72.0168807639265,170.19958749217193
73.73625679245333,169.98875860347724
73.40438760458028,168.66869913616495
74.5922364457656,168.67841346169624
75.33910498516894,167.9292548792261
75.43754058315895,166.86848053945465
73.37626400967042,167.18009629675598
73.99765700502402,165.81039969215624
74.39629916355464,164.71209631263756
74.79494132208528,163.65244870548614
75.1935834806159,161.86307922187095
75.59222563914653,164.6112524748036
75.99086779767715,163.67714987534723
76.38950995620779,163.1925299982419
76.78815211473841,161.15544060431495
77.18679427326904,161.2741641075223
77.58543643179966,160.60975386035707
77.9840785903303,160.56111432349948
78.38272074886092,160.84741981313107
79.48721776721415,160.89775888378963
79.10823958691637,160.7572430734345
81.30868844781115,161.57462176229063
82.82414015664912,161.22469077683527
82.87984949161866,161.13195753196035
84.46014181419999,160.73739187480433
84.52408923676636,161.6432263987472
84.2848006307987,162.1510232844103
83.84952470320098,162.2844673793625
85.53668496445023,164.08407341064884
83.06256452887773,164.72462793515786
81.44323668141102,164.09779338293356
81.36354541466456,167.1937881632743
81.27414934116125,166.76883844183402
81.18475326765795,165.3244479311359
81.09535719415464,169.18839553793978
81.00596112065134,169.55151624718633
80.91656504714804,169.93837513377932
80.82716897364473,169.926538647005
80.73777290014144,169.55499909480088
80.64837682663813,169.8818432846757
80.55898075313482,169.8688030268392
80.46958467963152,169.79630031019553
80.38018860612821,170.31165800972914
80.31926610564562,169.9694328547412
81.16850653126052,170.08305985153342
80.6725517710115,170.24544359275538
81.64981854032371,170.42194919576292
83.65964990656062,170.491041964158
82.52185461562127,170.4466188521108
82.54320723607512,170.08144355846275
82.625478801191,170.84001657540108
84.51438624217275,170.18929932060098
82.91232226198427,170.1402785670182
83.4094092152363,170.3023722203347
85.2334475571223,170.22262433045105
85.04820981158139,169.63698698690763
83.06081868453069,169.2901675910838
84.17244267483726,169.27248716720172
84.27978907052,169.46204069122678
84.69130485111239,170.06860684750063
84.56316356736453,169.2933014620178
82.68157811404954,169.69448709634491
82.55035858718148,169.3109864974124
82.4191390603134,170.11638964460172
82.28791953344533,169.67755415944134
82.15670000657725,169.49757284361488
82.02548047970919,169.21541819317503
81.89426095284111,168.758245185593
81.76304142597304,168.36681553741474
81.63182189910496,168.31833076155857
81.5006023722369,169.16213438815862
81.36938284536882,167.3149722462726
81.23816331850075,166.21209578198776
83.26179304272567,164.4035663926216
83.12255732051189,165.24053579325573
82.98332159829812,165.98400699111144
82.84408587608434,166.00891120719933
82.70485015387055,167.5584390305477
82.56561443165677,166.8830583446257
82.426378709443,167.82163922678558
82.28714298722922,167.21342306736474
82.14790726501543,167.52865511764034
82.00867154280165,166.75492900088372
81.86943582058788,166.4104044440395
81.7302000983741,166.0856453350216
80.27736130999003,166.67197757764023
80.3606276837738,168.17158949749222
79.3532773985851,168.6016981973849
80.4877072308051,168.1508915630971
77.59078570796716,167.93442614833043
77.71081688388868,169.29209793771287
79.29705495061476,169.22926346281258
79.79015921604966,169.85332895984897
79.58334748343178,169.52611076762582
79.37653575081391,169.91035760950243
79.16972401819604,169.61681101914277
78.96291228557816,168.35173524670097
78.75610055296028,169.50890690774398
78.54928882034241,169.16089136668504
78.34247708772453,169.19640547543446
78.13566535510665,169.96738625915586
77.92885362248877,169.51731129011688
77.72204188987091,169.18269270229493
77.51523015725303,170.28996637262392
78.66337189748965,171.21812045840232
78.4038838170512,171.5796636968712
79.23594583133335,172.16231909087603
77.79129973137478,172.3545871672966
80.25223982658314,172.72377302005722
80.18990458522454,175.11654795210302
82.68613373908416,175.01447597157465
81.27029443960289,176.37896756914213
80.72863918131615,175.19676589482125
79.31457467212374,173.53031534328343
80.95466067625924,174.0931609608137
83.6800479766105,172.79770631872577
85.27967923067561,172.6479684814417
85.5915902782187,172.65124888838736
84.3456978545342,172.58680444723475
83.62258891350363,173.05945773566836
84.09229898842173,173.73378314267316
87.1077804815185,174.831370106652
86.16982401932722,173.35462779320514
91.16498702340718,173.48840920812043
89.98868144734918,174.4887552091815
90.81263184539235,174.89889678381053
91.70701968212981,175.1187271918266
93.70469424520483,175.3909521197925
94.48083350518827,178.0305003365109
95.58921786083728,177.9981120071659
93.84561894657061,178.35933093550986
93.43231216177912,187.07917712674663
91.9993946402267,188.67492736267678
92.83086104201927,188.20698556966937
94.47065467842434,188.1421381093359
93.98088924617795,187.0719579852487
90.93385081728273,184.5578219781577
89.96171211146803,184.95872480843946
91.81915064230026,177.19357643540553
89.25113863483479,178.68316351781223
89.27234351586938,181.23631564395166
89.29354839690399,182.93980339776056
89.31475327793858,189.29692268772638
89.33595815897317,189.18296701352014
89.35716304000776,189.02550950989348
89.37836792104237,188.637828261332
89.39957280207696,179.2068585370205
89.42077768311155,188.72685635229345
89.44198256414614,189.0690113393139
89.46318744518075,181.88269881609233
89.48439232621534,176.4522313243117
90.3947088455676,177.265333648767
89.75604839909317,177.1023219296893
91.27901314099454,175.213171352178
91.11627064297213,175.650367977572
92.14147132682436,175.75736730858955
92.92458355309665,178.02013691365926
93.8609460816241,177.08580947213267
97.72139770697785,176.5712297006015
96.7469579645026,176.69757800788764
96.70205220314769,175.68198650500506
96.91035098605215,175.91328924843782
96.77891456819872,176.079064254075
97.09212622368347,175.71227753205397
99.63248779786132,176.06865149573437
97.7800150336449,176.01944891626738
99.23359183516538,176.75701004113427
98.87381214478762,177.76958576226968
98.35244154850666,177.48120614548685
97.83107095222572,177.0935987000759
97.30970035594476,175.30466841433227
96.7883297596638,177.1655818773263
96.26695916338284,176.27760312861
95.74558856710189,175.73732951619343
95.22421797082093,174.70969458008074
94.70284737453997,174.38480545343074
94.18147677825901,175.5584503170301
93.66010618197807,176.71476133423369
93.1387355856971,176.75229307461976
93.84061258744498,175.57710939117547
92.23360906811138,176.67468087767992
91.40139871100581,177.45115649796702
91.32396413165006,177.77837422291427
89.95168746417502,177.25894930156045
91.10312466762463,177.401588356891
94.11250391656333,177.83182855635127
95.09029099208698,178.10888418963083
94.64266237480084,178.66337065859017
95.23027421614307,177.31385209003645
96.62585101417162,177.2131460004671
97.31206500833848,178.06508066316871
98.3782569142649,176.4374980607915
100.24018245660822,176.22179517680812
100.66981514728559,178.5267901178469
101.01582195068876,177.09426494009867
102.11869055652383,178.13627399048278
103.22155916235891,177.16845054553377
104.32442776819398,176.2153659705933
105.42729637402905,175.52841797920343
106.53016497986414,175.79441333489746
107.63303358569921,175.40005198284555
108.73590219153428,176.97832099504478
109.83877079736936,176.5182646229353
110.94163940320443,176.5942608592835
112.04450800903952,176.70671365357035
113.14737661487459,176.65744666268077
114.4809002266836,176.23400884706174
115.61344560942982,174.19367546596743
113.33767387061035,173.5944057351971
113.46219101913873,173.2963492844736
114.82985893585884,172.03980955837753
115.59864430982613,171.89131036237558
116.3674296837934,171.42477644538303
117.1362150577607,171.1725289894081
117.90500043172798,171.7601171077307
118.67378580569526,171.75767869782783
119.44257117966255,172.0084639391962
120.21135655362983,172.84458221184514
120.98014192759712,172.29830203985588
121.74892730156441,171.36346642927967
122.51771267553168,170.63260543721634
123.28649804949897,170.87814226628686
123.91813993184873,170.46759300405964
122.50787048189359,169.9632813017809
121.54731743037527,169.1855097093919
123.37410673289703,168.7459682097106
120.69770025767959,169.11920974328143
120.33081276830177,166.26642485084363
116.7104555840276,163.9535109222086
116.43339657279591,164.61984078740775
116.27886164807624,165.8915503202062
116.5555937521079,166.10864795770843
116.78827008207557,164.97999250804048
114.82324451717456,164.53684469956053
116.18233311149746,164.72787138897561
118.92522164936481,166.1749151786986
117.40799855953136,164.73913568772042
117.28940209957685,165.50112192282455
117.14783473793929,166.3256759988216
117.93725327006906,165.11616124439556
115.34623270185593,164.91716756429594
114.86842664602676,165.13640729003248
113.93548424026528,164.79759581194742
113.69353644059164,165.01286106796593
113.33565385761315,165.89161991659526
112.4872083696057,169.55751027109082
112.24168838709576,169.35461585611506
112.10966347875444,170.85086547178324
111.80017626576316,169.39293583014347
112.11384068049759,168.43785153684462
115.07965549060063,169.86055832941594
113.40742878312142,170.80505594762656
116.9962590447817,171.26518151929534
116.20997570661905,171.044500345784
115.78142623644564,172.7453735894641
116.69960818057118,172.56349906544546
116.59597976256842,171.8703485544744
115.31188054285757,172.42321039193408
116.97951872763494,172.6896707341342
117.34970376349477,173.0142579795584
117.71988879935459,173.16898110154804
118.09007383521443,172.93383646366206
118.46025887107426,172.9879508318836
118.83044390693408,173.33082026659253
119.20062894279391,173.35151144816084
119.57081397865373,173.87962486818486
119.94099901451357,173.82428930430152
120.3111840503734,174.57080519282812
120.68136908623322,175.57044314490318
121.05155412209305,176.0960035576709
122.0585185046009,175.34804808490517
120.78494901989141,173.98195754127076
122.53290363377195,177.04528627653764
123.09797898143964,177.16245923762537
123.66305432910733,177.6390927879006
124.228129676775,177.72383963518388
124.79320502444268,178.2938558095679
125.35828037211037,178.43069409243384
125.92335571977806,179.31749594535603
126.48843106744575,179.14776063385256
127.05350641511343,179.11351666214992
127.6185817627811,179.399953859984
128.1836571104488,181.1580851403253
128.74873245811648,179.1365006022461
127.69106870294482,179.1711269288437
128.2385279647909,178.55659000724398
127.02206348917734,178.992796295414
127.76667269401777,179.62781759822926
125.47788483816868,181.31391502880805
127.20484673315238,181.63747755726888
128.79899034475312,179.1306363956471
129.48219356479825,181.50829570296898
129.09020841069943,181.62801518623172
128.6093927096966,178.9082757220122
128.98476674998034,179.1408403379882
124.94203712311776,180.75551161657884
124.86185064667414,180.69083993571851
123.85693842382233,187.00820348976214
123.64365732647396,185.54894543770016
122.37784159113902,178.45081583330978
123.78830817557962,176.03204376940155
124.14294825633353,175.52515922160717
124.77187196066481,174.09473435753776
124.88712864513029,175.08069000082088
126.72944255176633,173.6740496297362
126.58029727505124,173.11525478605597
126.43115199833615,172.4722787569762
126.28200672162107,172.19385021147113
126.13286144490598,172.29057264220924
125.9837161681909,170.91095126802765
125.8345708914758,171.62188733314719
125.68542561476072,170.76066508083687
125.53628033804563,170.09751495104155
125.38713506133055,169.79277181859746
125.23798978461546,169.1517392404007
125.08884450790038,169.62336253381022
126.10394143346117,169.01624417856758
125.3097768447215,168.57465485971488
122.58395232142058,169.1000046114123
122.77749640459486,169.10971233420383
124.15149274982411,169.03573806240385
120.96294316574833,167.12288408695025
120.68613174742472,165.80761147027124
122.22241251421434,166.20513428665726
123.43592591484379,165.8349128327729
120.89242037517218,164.88603519626122
121.00268188621214,166.76437235438544
121.63248967431771,166.02226264588032
120.27672996373994,163.9586058329697
119.4580606747686,162.68514480193517
119.19763494665483,162.03361055109193
117.10435280030642,161.47965959684194
116.39586363307237,161.4898367979959
117.47737424292123,161.7597016123616
118.24086006575311,161.76669442620374
118.07060308867744,161.67362632474476
115.47800044363544,161.3064826324586
115.12462345636911,160.71313463653644
114.25470878570621,160.25708909898395
112.99351595173154,160.4147502579661
111.65151495940914,159.30857465870264
111.15632857474026,155.44131991708517
111.04781668218395,153.39468368342415
110.93930478962766,155.9201125776889
110.83079289707135,156.0915932807954
110.72228100451504,157.35979769955352
110.61376911195875,159.52418322976376
110.50525721940244,157.7462489790192
110.39674532684614,156.7929092812706
110.28823343428984,155.99730767954594
110.17972154173353,154.0218806109459
110.07120964917723,154.25544773604923
109.96269775662093,154.52667765537834
110.20396019516035,155.84727678252455
111.97984892713527,154.98064352193757
111.59857425874026,153.97973282369742
112.91907134722395,151.5033785231335
113.67646720793431,151.5340858844407
111.56565088603593,151.38364109393302
111.33689853396959,152.96176202996125
109.57567419047105,153.01110130263226
108.57495243629901,153.35336645341442
106.9511147136558,150.46099089308228
105.351047704935,149.92879444536447
105.7377488728691,150.39036591362787
103.78841662596909,149.57839624694464
106.69346224803309,150.76035526481894
106.47589386945164,149.13657844489876
108.64812151385412,148.16585462724257
110.07989023856628,146.87606749680563
110.64421311636863,146.4397634663303
111.7894601016509,147.09643691906032
116.54382641393376,147.61504516193327
118.7328471955525,148.27425684644587
119.05381473557006,146.7944904911084
116.92912500001219,148.13673852037516
117.08102274432959,146.69484996845182
117.82695867026762,147.47245294085874
114.83442256277449,147.51153493392846
116.20574492375019,146.4442204081329
115.43375787641443,146.12623076446658
116.41887474889008,147.6148990006304
115.27290411495056,146.86431604335172
113.01672027759601,146.164656989298
112.96658777108789,147.63328247663807
112.91645526457978,146.29861845420277
112.86632275807166,146.60396757027382
112.81619025156354,145.06132488897674
112.76605774505543,145.05442403786444
112.71592523854731,144.71300148597703
112.66579273203921,143.92886140908627
112.61566022553109,143.13942404890346
112.56552771902297,145.83323856196188
112.51539521251486,145.20430471609896
112.46526270600674,146.3419277706842
112.26138479629785,146.35326570570348
112.0744812079297,146.40725232947898
113.39787156503178,146.78387670119145
111.94635714819694,146.27920642880082
112.23003133165031,145.6243600539352
112.95572277061818,146.4245960671835
113.52196260089433,146.13500754270086
112.82283683893219,146.03701413986062
111.58911087478715,145.35944225640804
110.48485267045606,145.05222989165387
113.60096487248629,145.05591527801812
115.14682866538587,144.67411016436407
114.8350632016596,144.16460908482043
115.42795713307945,144.2579642391727
115.44417919971332,144.14748162745676
112.68782799955072,143.8989920946982
109.71590245950512,143.17662616933515
111.52098282097232,144.38810581962724
112.43238951666875,143.80941100843557
114.30108169605676,142.9626716949217
113.38015818448974,142.18432948199845
116.06228897792109,142.06150852129082
115.01742574899106,142.64592173543477
115.71759227852283,143.23071619724388
113.93128111554647,141.9721947526209
113.78953314840331,142.5702832502694
114.27208481727558,141.0724293041015
114.36106750097585,140.44557645090532
113.13253156692531,139.97874876808575
111.90050796274444,139.19528970950768
113.22912746092031,137.38125766252546
115.45581208690632,137.36027876065148
116.13624572815512,136.9414090416488
116.11133232662615,135.77316594487164
116.08641892509718,137.39698660606456
116.06150552356821,137.75957136745353
116.03659212203924,139.36116135093872
116.01167872051028,140.02321327765813
115.9867653189813,140.02682513432018
115.96185191745234,139.29625874044373
115.93693851592336,140.38390732332587
115.9120251143944,140.61782770589133
115.88711171286542,141.00493530266655
115.86219831133646,141.36276742199527
115.03895831247792,140.5216895998452
115.02000071069807,140.53688321545042
112.81967069664387,140.0963368157375
110.45691954940965,141.23503984642062
108.71916621964372,141.94679712849864
107.45564209082312,141.99722253093213
108.90239695662547,142.5664963760548
107.22930456234059,142.28742762104864
107.51671824398773,141.24279588071144
107.80413192563488,141.51011227405561
108.09154560728201,141.8495604483976
108.37895928892915,141.0297689692587
108.66637297057629,141.96111922659318
108.95378665222344,141.7466494938065
109.24120033387058,141.979398034153
109.52861401551772,141.0601051994911
109.81602769716486,140.18131306762814
110.10344137881201,139.9394818034436
110.39085506045915,140.925515187468
108.96394203181255,141.58833222506897
109.54406998590372,141.9954267823505
108.00269043556807,141.85422685243802
106.06403132529884,142.56816149720927
105.90177513293112,141.43822814811736
105.53122398257949,139.7475390588855
104.17996303165273,138.90893989119465
106.33450225811453,139.39373368895866
105.66444765503746,140.42026899809366
103.95732905123096,141.27517469985105
103.74066805550851,141.1405706634674
104.46143616998486,140.10406637969677
105.53782059125334,140.14850277159945
107.41939272778113,141.4132661628344
108.99851882759314,141.06976352886846
109.49614042582232,141.23437563539846
110.06904020279994,140.6956784675979
113.2498071596995,140.51207586307186
113.87675487922233,138.0751509283938
114.84150632591232,138.50384857901494
112.63225248940418,136.4458247788963
111.16145475630275,135.52197318103447
113.34850082845209,135.32022559816912
113.64986897536915,135.46221259279193
112.5227157104058,135.77442634105557
112.61424366798865,135.35240403609032
112.39383139986948,135.48562029573444
111.01498024204912,134.29511529887432
110.27924600963593,133.32511934477347
110.75732789556203,133.12054821115157
112.34024075365694,132.85353965436275
112.19902535658237,131.46006405714897
111.19698103022841,129.55472341217634
108.55273542064089,128.74873245811648
108.39626142665252,129.38530033838362
108.52650861121973,128.14561021955453
109.20094143472075,128.2385279647909
108.84860855222921,129.6958406320364
107.8985990575415,127.78363019121129
108.35958632948572,127.16207645016867
107.93356792411963,127.20484673315238
107.3343355886065,127.56794450163896
107.26263765638805,127.45499286235177
106.66608094832327,126.94700591273909
106.73813853201261,127.69106870294482
106.33608679782402,128.27606210294869
106.35974418056135,127.05655031233941
107.07895349773597,127.57454309142985
106.3924729838596,127.28261956814185
105.96878450843245,126.18502548832006
106.48251152011207,126.22951109043514
104.26740610336952,126.28200672162107
102.1591156167857,122.78262942346846
101.21209011346191,121.76808650536435
100.67130951453558,122.12834127659023
100.56543245459912,122.1597698998003
101.97352943580323,121.99141254450825
105.24042104300318,120.83933173128814
102.82582675711888,120.73501574712583
101.56470967418323,120.66967343991998
100.50311038662858,118.87040200706853
101.42997132152293,116.54382641393376
101.87337781212435,116.02024807053027
101.64467200840298,115.71759227852283
102.52928300053779,115.70423362019909
102.77493940244347,116.13624572815512
102.43000234966469,115.36675834094595
102.2606337294728,114.23947032690332
102.39989087138233,113.77491808215025
102.513062737811,113.52193274540689
104.18407935406454,112.65292517573768
104.06698292390415,111.58911087478715
102.26490371621593,113.08087695156365
102.95444387573053,112.56351084771067
102.95779711563348,111.09286085403316
103.29561361084245,110.50525721940244
103.16801987730547,106.06403132529884
103.04117011181394,106.74561474319306
102.91432034632243,102.96198798443383
102.7874705808309,102.7874705808309
102.66062081533939,101.77674266703394
102.53377104984786,102.28007151886482
102.40692128435634,102.11869055652383
102.28007151886482,102.53377104984786
102.1532217533733,100.58637369969242
102.02637198788177,99.77479069012621
101.89952222239026,99.23957623497087
101.77267245689873,101.04845637096142
103.26652727824842,100.81741503532692
106.24825456739278,100.30763908799602
104.43654924397694,100.12429102842343
106.53179855246425,99.76857103781852
104.35548186694942,99.73380228615335
104.72657301887341,99.60512910577413
103.30796161511253,100.57772671723976
105.98319382388638,102.35164120478656
106.76891059071028,101.97352943580323
105.14198119586061,102.21951886878436
106.5609350975055,100.29871685926392
106.6551330345648,100.34990100536456
105.72515652792723,102.44524281019136
106.64751478640763,102.66853828356916
108.82234853368247,102.33177372248056
106.74561474319306,102.00649737731662
106.55479333817478,99.84314674593554
105.17357766755084,100.14188758677442
108.29334296024462,97.96885889214546
106.37539549426414,98.4204817230808
106.14691501486597,98.45786539166535
107.1341233739723,99.27020932584374
106.3246395866017,98.20517485699378
106.63521785687497,96.77891456819872
105.78066353895531,96.70205220314769
105.40531966044769,96.92396579904647
106.31651261894697,95.90654744803028
105.1866178459411,96.05129425333118
105.89596752840356,95.95921120990724
107.7079711887313,96.54308392705808
108.03852791070878,98.64386068872302
106.89327499070525,99.23864146050995
107.28720732516821,98.1535838205351
108.75847115302884,97.237143924808
105.95216566817335,97.90948600034886
107.02089259642437,98.69685912945728
109.9194754497788,98.63543056079727
107.51268082231809,98.46434458311631
109.91423970617808,98.8343701953784
109.39189272150163,98.1731182132593
110.39749037858212,98.4201549350575
111.46711218783767,99.32803274928185
109.97374267339337,99.36641655344023
108.83938369979812,100.1184445486467
106.75886646056222,99.62441442509886
106.37729757565215,100.065641782808
105.2332510408962,101.33592142748354
103.4121728337156,101.7415803778649
99.66519763765767,101.28250250583193
97.32108387065561,99.1488572569694
97.01277971420986,98.61929242738611
98.63173444431388,99.02055454886131
99.18426226830523,98.39855593715039
99.77479069012621,96.944457937873
98.93049124330413,97.14227242730391
101.06148389396834,97.59709840015728
99.37777955791496,96.99163143898144
97.8297550128402,95.93377050761299
96.90732492765021,95.91782693024606
96.21137739379273,95.4483370464241
95.51542985993525,94.47912597309175
94.81948232607776,95.21192261140757
94.12353479222028,94.41971024909203
93.4275872583628,94.57425423446283
92.73163972450533,93.72030014011133
92.03569219064785,93.55780020290167
91.33974465679037,93.1387355856971
90.64379712293288,94.11250391656333
89.9478495890754,94.18147677825901
89.25190205521793,94.97915981186668
87.56453812053402,94.60046012957139
86.57933567390393,94.64367707097692
86.37209207771008,94.0876948690685
85.60682696867514,94.17549311282733
86.68111298324155,95.22647537871255
86.71846039546801,93.66010618197807
89.33749899482622,93.8654713097765
89.1265951521007,93.51826696025208
86.89446729925342,93.70655001625809
85.417461565893,93.21328398403938
83.41397758419504,93.81542418040684
82.49773479696601,92.16464713138814
82.61409217278796,92.61751727658373
82.95711893485515,93.02283044831839
83.68862684027347,92.52288981606043
84.76565038624733,93.1488805030298
83.11995866588991,93.43022493033351
83.6435462602952,94.2432488301248
83.44017731693343,94.95795513807427
84.41134708216968,94.93029814439933
84.88123475062646,97.04900859680797
85.28033167908458,95.92405448569131
84.20446347800532,95.91751428098152
83.64741200642503,95.88273277887032
83.16842914788454,95.92090437408196
82.57984549476993,95.7305669634827
83.04102662252988,96.57096029855502
83.41984397728518,96.93848778391889
83.79866133204047,97.73391615140737
84.17747868679577,96.49136837040373
84.55629604155106,96.37770370224573
84.93511339630636,96.6443572208987
85.31393075106165,96.10129008129168
85.69274810581695,96.00885592825168
86.07156546057224,95.89861122424864
86.45038281532754,94.64266237480084
86.82920017008283,93.59344742077667
87.20801752483813,93.026471524739
87.30214485885702,93.50242901606235
90.73752075882334,92.63824306036791
89.62598096969053,92.43163125045339
89.93898989217507,92.12024819492348
88.16553350923691,92.56203617240308
86.69916110117853,92.30926557033654
86.78363490406052,92.7311932762997
86.86810870694251,92.53941909559776
86.9525825098245,94.03139667237863
87.03705631270648,95.74383297214257
87.12153011558847,94.84708221554999
87.20600391847044,94.95770031510243
87.29047772135243,95.09217514056802
87.37495152423442,96.03134118069902
87.4594253271164,96.60878091582292
87.5438991299984,95.10511877976526
87.62837293288038,94.6319879977885
87.16344464010164,95.39888182630159
86.99421134204971,96.53473601084886
88.84264021440266,96.79811494440551
90.48489270212468,96.0273774530283
91.64973889868986,96.62585101417162
92.06902276321765,96.97284442238933
90.89744776646502,97.17346272803195
91.34215899722298,96.52688931311792
91.15511490623076,96.43405926735113
90.96807081523855,94.05772824812725
90.78102672424633,93.92749059504202
90.59398263325411,93.80237262717534
90.4069385422619,94.04326379978342
90.21989445126968,93.0406041132886
90.03285036027746,93.0053452798326
89.84580626928525,93.0189339459654
89.65876217829303,92.58132914924248
89.47171808730081,91.01609062768702
89.2846739963086,89.7705159526564
89.0684045864084,90.78102672424633
89.15747706816524,91.0660953139692
87.81490509806866,90.40524253263501
87.7465563681027,91.64973889868986
86.00237350988431,90.65939775844586
85.50581950504497,90.95467232243523
84.58488945035504,91.0215261173556
82.67912550665885,90.91711837972886
81.0048470050051,89.49511505280083
78.50166105916443,89.3248040713446
79.20533107854865,89.57359392629766
79.72153995299162,89.81149512107382
81.40528566837759,90.67964741896593
80.26819020832758,91.01389537419314
81.10850408178521,89.81189253883845
80.61777976957315,89.71069417368244
81.57088330353385,89.89103502468808
82.41876819171021,88.9794195056123
82.32126622096054,89.16105681137327
84.23520383028198,89.83001852197668
84.05626209615059,89.71412913463412
88.99688595865558,89.83317817976643
89.37031669042,89.64000577093908
89.74374742218441,89.43122920543502
90.11717815394881,90.28736246922163
90.49060888571323,91.3001234591213
90.86403961747764,91.76295238439194
91.23747034924206,90.31683951656481
91.61090108100647,89.87172828912672
91.98433181277089,89.9478495890754
92.35776254453529,90.31260133537212
92.7311932762997,91.5655638896402
93.10462400806412,91.90542078298832
92.81205325718368,91.85010962712515
92.61751727658373,91.52699904550279
93.24952621226883,91.2944311872405
93.72938476877937,89.91675661898175
94.09888768386345,89.82480376106533
90.65737641323595,90.86528888231487
89.60701416699933,90.59667601302598
89.5318324164687,90.76100765596537
91.95317738433815,90.59398263325411
92.50790979292832,91.16498702340718
94.14211625307796,90.9625659392283
95.97427039332592,91.68783003182712
96.87954059410191,91.13914065200203
97.1563888357025,91.11066451058278
97.85665840953219,89.60701416699933
99.08409426821994,89.94291131750751
98.0162870068093,91.03860693412209
99.20155346986373,91.4443264600431
98.1731182132593,91.25798695290625
97.99571894364875,91.15523370719637
97.08099813324777,90.32128932623613
97.05962201799434,89.84580626928525
97.72581556729858,89.89394504502556
99.84314674593554,89.33749899482622
99.60512910577413,89.1482681492956
98.28018911443013,89.0928000391454
95.98830705732217,88.92798802749391
95.74668042887265,89.95168746417502
95.90654744803028,90.3379107969942
96.51238019873342,90.79939020505161
98.20517485699378,91.91458586917919
96.3722039732183,91.72885614208988
96.032752981141,91.55786638547643
95.69330198906368,91.47636288706222
95.35385099698638,89.44198256414614
95.01440000490908,89.93898989217507
94.67494901283176,89.6916149697066
94.33549802075446,90.05742799689388
93.99604702867714,89.80829299376592
93.65659603659984,90.03285036027746
93.31714504452253,89.9676068516693
92.97769405244522,90.7437970518006
92.63824306036791,90.04935688868652
92.02647787851234,89.15747706816524
90.13403224139563,90.36029496513929
90.4540143511749,90.03666807089951
90.26645965613683,90.96519492919724
89.04348920479907,91.0151513482
88.51733828108156,89.50916720352885
89.57359392629766,89.13336700918542
88.12634428923758,88.92984345970042
88.14800738483584,88.57638632997859
86.97485864580823,88.48501143606717
86.06214776355341,89.78167162941666
85.8732682200003,90.59698386952113
84.73649806569024,89.48439232621534
86.0231670103786,91.07364761395485
84.20046269685167,91.00368916058181
82.42650477559522,91.96412071992135
83.46559944630856,92.64851651539757
84.79036043003853,92.23419624020397
85.58556274127824,91.61397439156676
86.06313602843554,92.65319407972947
85.63000607818218,91.56087751558373
87.118747884742,92.08592613928002
87.24048859323979,91.31704876982162
87.404382381165,91.34984275608299
91.04262618878073,89.37836792104237
91.13908851400069,90.98046654329336
89.78795572710666,90.87206269981586
90.96519492919724,91.51879679680562
92.14243413128781,91.17129165670288
93.3196733333784,91.68628423556551
94.49691253546898,91.82221794601188
95.67415173755955,90.76489696417975
96.85139093965013,90.68236442883882
98.0286301417407,90.04590263944625
99.2058693438313,90.69500221465373
100.38310854592187,89.75604839909317
101.56034774801245,89.76244941736003
102.73758695010302,89.80418579434418
99.95709702200217,88.99688595865558
99.47366809979277,88.53132229698384
98.48320557968445,88.49665882161942
95.63742729832987,87.95307336149475
96.90608767957279,87.63194198675266
94.95770031510243,87.7465563681027
95.02731231292812,88.0194598318392
94.64367707097692,88.85279639367408
93.47370417102958,88.31999374516046
93.77958966929808,88.40874894183486
91.1960632203093,87.41430074599434
90.45337869699587,87.61996180651155
89.71069417368244,89.23313943023086
88.96800965036901,89.33595815897317
88.22532512705558,90.2401579620326
87.48264060374215,91.95317738433815
86.73995608042873,91.94522235266805
85.9972715571153,92.81205325718368
85.25458703380187,92.06357719525121
84.51190251048844,92.1026401827032
83.76921798717501,89.33987143913922
83.02653346386158,88.38134910362767
83.097915778194,88.79176643796333
84.21235449991366,89.29354839690399
84.02743814091951,88.39471128235054
79.68468049689227,88.25487928817132
79.03833681146529,86.90135902232139
77.59363519483189,85.95562087785174
78.910632227811,86.12855560118433
79.56606567794196,87.55553680807263
79.27686769670964,87.90631737608344
77.34554261832088,87.02698348378269
78.88002661763316,88.02361831974089
77.87835592271526,88.25915167227745
80.2654395038719,88.56108810730757
79.82368586145493,88.2584165846102
79.28983343359971,89.21372974012817
78.87771532376192,89.39228311019403
78.29984107032095,89.52672855134878
80.22423419351743,90.18704642007592
80.41550355829051,89.7127813764992
80.17531653614394,89.89424245405424
79.00409275489231,91.24469619026496
81.62119796824093,91.26471831996032
81.90304574966481,91.56478903154523
81.42116959287553,92.60770129385931
82.59735155077644,92.3136096596875
83.90652628612487,94.63460751306584
82.15836282098286,95.32226698575225
82.52347355683283,95.22421797082093
81.51167385810074,95.98416523066219
78.55459870517825,97.67617290521046
80.62472259228798,96.30865979628584
78.49533428730591,96.58377491421538
81.17657187244879,99.01250763022783
80.82690455083652,100.6464504531479
79.30256453606574,102.12105396073319
80.23178502728642,102.80538329497145
79.66559243071511,103.62709694394763
78.52044159874826,99.32909885442338
77.78190641403613,100.11469129328678
78.28675104742408,102.02637198788177
78.79632999386602,100.10315304666406
79.58200070784528,99.18724107027248
79.57874481588783,97.84473905769978
80.97776969005209,98.97044252094695
79.27825173200144,99.83256670635207
80.421669782446,101.7409444553525
82.49990068645926,101.92102839651845
82.89536259231241,101.04539929758742
83.99538095569018,105.32836193416179
81.65924945523638,105.28982447440636
80.97720378426243,103.6906888737187
80.2951581132885,107.11196458564098
79.61311244231455,104.072214141215
78.9310667713406,105.44070968229303
78.24902110036666,102.48889485573403
77.56697542939271,100.50311038662858
76.88492975841878,100.71094843603095
76.20288408744483,98.91037474082869
75.52083841647088,98.28215504843061
74.83879274549695,101.04144191545565
74.156747074523,99.57459516781608
73.39041847807972,99.05840951859682
73.56663212723481,99.59949162989615
72.1712395490636,98.80547031011632
73.67845430433383,99.8725425326437
72.13436565737811,99.47703325401454
73.2778012297425,100.2631300728968
72.41442919195333,101.46409224154353
73.99195318342518,97.85162544336052
74.57782390218736,97.21469876219128
75.16369462094954,97.7332938813419
75.74956533971172,99.10998229362654
76.3354360584739,97.84782755193777
76.92130677723608,98.38269028504037
77.50717749599826,97.17303008415925
78.09304821476044,97.85665840953219
78.67891893352262,97.47450071444997
79.2647896522848,97.39569021969152
79.85066037104698,96.69947633857721
80.43653108980916,97.64856001334002
83.17690748509231,96.92986835322208
80.7207444812939,96.7469579645026
80.29442304949747,96.33344655989423
76.60079468483733,95.53640134573412
76.62174347027371,95.61987813380917
76.6426922557101,94.79857110012732
76.66364104114648,94.00385081384375
76.68458982658287,93.5897105541673
76.70553861201925,93.48147753576556
76.72648739745564,94.08462393722645
76.74743618289203,93.13849362714426
76.7683849683284,92.73163972450533
76.7893337537648,93.45523720171241
76.81028253920118,91.55217220067209
76.83123132463757,92.3493458760961
76.85218011007396,91.33974465679037
76.87312889551035,90.78872520640724
76.89407768094672,91.66414775760576
76.91502646638311,92.04548624053294
76.9359752518195,92.36818107214269
76.95692403725589,92.85338167410985
76.97787282269228,93.53728402332523
76.99882160812865,94.11161177461496
77.01977039356504,95.94219898987123
77.04071917900143,96.3722039732183
76.80105891022748,95.76299788634293
77.60319023595761,96.74641043980047
80.15187936578475,96.51238019873342
80.0541462306987,95.84303328580224
81.1971841980511,96.02817743993104
82.82720082317253,93.86458110268579
79.59692306076936,95.84500119657403
76.5585902072831,97.2423596877101
76.92687668008736,97.83507282074075
80.86856646165329,98.0162870068093
82.82922515201578,96.58051763141276
81.49212882327522,95.31592438507023
82.33701833355444,95.76746742208559
83.25528552422146,95.75247434820245
83.15475258901667,94.81948232607776
84.56010915089924,95.38233680694972
82.74343837243454,97.24948793011933
83.62694546601445,96.91470444887982
84.51045255959436,98.61017032791588
85.39395965317426,100.88555798538475
86.27746674675417,100.64056598913757
87.1609738403341,101.73997998788336
88.044480933914,100.23600171105046
88.92798802749391,100.76486701217576
89.81149512107382,101.21209011346191
90.69500221465373,100.51534236108435
91.57850930823363,101.97262171349941
92.46201640181354,100.21858984934029
92.64851651539757,101.64478580857164
93.2374599643559,100.51054119281592
93.60634098599516,99.55475218659066
91.8299228776295,100.2195742198124
91.05714210563636,98.3782569142649
92.67631709097509,99.17634074659887
94.84584456310887,96.07390669250066
95.22647537871255,97.30211448243894
94.80577875701202,99.68626814543116
93.79470638230374,97.42864972194641
97.39812695743754,95.49714175627567
97.83507282074075,95.6818646689069
95.49288196623432,95.33815347842545
96.89986789966756,95.97427039332592
97.55560194620365,94.85516644463998
96.57096029855502,95.74745097597777
95.85799814258081,96.89986789966756
94.8824325234505,96.19477078878417
95.65195418497767,95.38553740521792
95.76746742208559,93.97608339871431
96.99163143898144,93.24759105689486
98.0238842567488,92.83018052815997
97.7332938813419,92.92458355309665
98.38416676604244,92.7970877136754
99.8725425326437,91.09215702756782
98.15287612960134,90.56359929131467
97.17346272803195,90.33373791946337
95.33851513969302,90.44364785316567
95.40748136971682,90.58745684923487
95.47644759974062,90.25423862743517
95.54541382976443,90.86403961747764
95.61438005978823,89.93679597711397
95.68334628981204,88.96800965036901
95.75231251983583,89.56914200116245
95.82127874985963,88.73363258336907
95.89024497988343,86.32070367999748
95.95921120990724,86.63953565645353
96.02817743993104,86.66505917612903
96.09714366995485,86.56140919543309
95.33940505952272,86.93805141127324
95.81443129513563,87.98348561129826
95.8357259109249,88.17562272595491
95.85702052671417,88.69917677122939
95.87831514250342,88.73859524584884
95.8996097582927,89.24912775748658
95.92090437408196,89.20525033026539
95.94219898987123,89.31475327793858
95.96349360566049,89.3472014654982
95.98478822144976,87.4594253271164
96.00608283723902,88.81974296018849
96.0273774530283,88.42078884019932
96.04867206881755,89.04810442039489
94.94719518181422,89.75915746448915
97.14240624944117,90.539146274333
96.7136843766948,90.02700812858282
97.23319338608377,88.82428702779866
95.6237805548277,89.31221126749918
96.21487969792561,90.15617339640715
97.5396302703403,90.95757237112792
100.08667454110453,90.84091970439401
97.8933027364074,92.02297850535174
97.67086236262413,93.6504530952732
98.78872295468516,92.96963331789894
97.60996537160365,93.77142611937293
97.92263843221536,93.59005569451976
99.72283260959955,93.87035407174959
97.43628171565736,93.87314402707284
97.6728838580031,93.27493055774123
97.90948600034886,92.96803662538053
98.14608814269461,91.57850930823363
98.38269028504037,91.15314210593687
98.61929242738611,91.13294910888958
98.85589456973187,91.38839187485593
99.09249671207762,91.24507468960991
99.32909885442338,90.52574597157628
99.56570099676912,90.26000071558826
99.80230313911488,89.82669995927169
100.03890528146063,89.73664329956163
100.20787893578894,89.49512926586652
96.46527554196813,89.21305793022769
94.82180500461519,88.34295216311557
95.93377050761299,87.79511771069608
95.74745097597777,87.50262120791069
95.63383276927155,87.13079915563067
95.29638832747509,86.98984777923764
96.10639639373481,86.3627376711265
92.06357719525121,86.22702712483996
91.8638624764285,86.21240820298574
91.66414775760576,86.68111298324155
91.46443303878304,86.2627685066571
91.26471831996032,87.03705631270648
91.06500360113759,86.81486286993614
90.86528888231487,87.13493919848219
90.66557416349214,87.45815105844275
90.46585944466942,87.58774648093164
90.2661447258467,88.33828073721787
90.06643000702397,87.94775084081617
89.86671528820125,88.31468184903238
88.69917677122939,88.69201910836992
87.8870439909273,88.71477392047329
85.59257005240796,89.33068795496308
85.04448060899576,89.25966496937083
81.86262107984122,88.42660685847162
84.08088892245236,87.87291715883445
85.03887091492003,87.57882765392375
85.16733079869465,85.9972715571153
84.77228737512395,86.10316689677458
83.17941461217322,87.26976361565652
82.3620223478419,87.98510815643085
85.19342253645016,88.10048868564748
83.03096336378815,87.62449972575754
81.6315031908984,87.49735273412062
82.80060696439057,86.2472725700562
84.4800171620222,85.78064835533685
85.0230928992343,87.74656547819575
83.04120460037522,86.33147495145592
83.07515896029011,85.55550898598474
82.7144277870279,86.45992755252838
79.85264960437652,87.21988256468825
79.81833942407044,86.18136076079516
83.22409854473861,85.53270305407132
81.94855039292437,85.04448060899576
83.58670998521728,86.367525689908
83.78496785407592,87.16222138157863
85.53270305407132,87.52066859078425
85.86941132294461,88.50861361478007
85.33081077134034,87.55764833917995
85.77891894809015,89.03606415591759
86.22702712483996,88.85168902335208
86.67513530158978,88.84264021440266
87.12324347833959,88.92174255146826
87.5713516550894,88.37269818877544
88.0194598318392,87.56505531862167
88.46756800858901,87.30214485885702
88.91567618533882,85.67940095927715
89.36378436208864,84.88937248143209
89.81189253883845,86.00237350988431
90.26000071558826,85.53668496445023
90.3379107969942,84.93511339630636
90.7437970518006,84.32537898989646
91.07364761395485,84.59067777372769
91.03856785812236,83.61000514875977
92.72770758426634,82.43365031385804
93.28137393428707,82.08878318395071
94.03139667237863,82.8497746079291
92.96963331789894,83.12255732051189
91.3001234591213,82.95183869645729
89.92383810981576,82.3620223478419
89.53605312955568,82.34147631173796
89.1482681492956,83.08753118059603
88.76048316903552,82.84408587608434
88.37269818877544,81.42116959287553
87.98491320851537,82.33005429979545
87.59712822825527,82.56300902269271
87.20934324799519,82.15836282098286
86.82155826773511,82.28791953344533
86.43377328747503,81.50261763073154
86.04598830721496,81.30868844781115
85.65820332695488,81.67597268121646
87.57333341636124,81.78015311515321
88.48501143606717,82.06967449503469
91.2052992931875,82.73355279128222
93.49543317624236,82.74081099966484
93.59344742077667,83.17941461217322
94.50886135670781,81.03988018411683
93.25775989890342,82.17456903725017
94.17549311282733,82.33205803870223
96.52688931311792,82.52185461562127
94.93404899026989,81.51167385810074
93.80237262717534,82.06503673489205
94.47912597309175,82.55035858718148
94.00385081384375,82.88190100146622
92.70571227721278,83.32771664484596
91.80543354494927,82.69355564826078
92.12049416749996,81.40528566837759
93.026471524739,82.66046260474386
91.59126303414516,82.625478801191
91.09215702756782,81.00596112065134
88.31999374516046,80.38061745507972
87.55764833917995,80.08355515584365
87.13079915563067,78.4038838170512
86.82475587849225,79.23594583133335
86.05729864158774,78.05235307250284
85.47847303269063,78.49578000873166
84.7409330946171,77.89517392303328
85.22486357194423,78.63872972161718
84.26756934614404,78.79632999386602
84.59120237053398,79.1436512141593
84.88970081185066,80.16277200822407
83.08667823060117,78.21842791573062
83.60768128488368,77.83230330431124
82.73595383635713,77.51449622255683
82.74081099966484,76.95692403725589
84.49154329437681,77.0096517716725
84.03503901488104,73.27964293932219
82.90581882092661,74.80343042536872
84.10196523550364,74.23121066142969
83.25955014564907,74.18022845927673
82.37956187332226,76.5585902072831
83.7047752619227,76.60079468483733
82.95183869645729,75.30803526261961
82.43844125275453,74.6244583261968
81.51922663365065,76.36194174809658
82.97193656766984,76.51749207558294
82.69359035587156,75.39341597049668
82.41524414407328,74.71910774266246
82.136897932275,77.38528259331667
81.85855172047673,77.23630544027658
81.58020550867845,75.80619131869119
81.30185929688017,76.36922238890186
81.02351308508189,76.88235240908301
80.74516687328361,76.77544842939528
80.46682066148533,76.98507888179181
80.18847444968705,77.26605437085782
79.91012823788877,77.72630637088038
80.11229927086423,77.55392120105132
81.21070074273068,78.09304821476044
79.15709603550596,76.83897353092013
80.80490976338196,77.31693033149779
80.86948199606559,78.65857666796495
81.59791202833904,79.45828227329288
80.2311256390855,79.9673549528924
79.02689327140048,80.17125303707628
80.59838273745862,80.87664158094616
80.3569765423692,81.89426095284111
79.59802386477968,81.0048470050051
77.88236953569809,80.32850240274524
78.17102662755218,80.64837682663813
78.04815166077906,80.37076830645483
80.36047657114615,80.10286975159525
80.08014673444998,80.28909154911729
80.10252706542786,80.18847444968705
79.12709100812047,80.70165397570511
78.67228124006931,80.55898075313482
78.5224579589238,80.76243952019325
76.92676367375084,80.99692981424387
77.42254432958916,80.35633973654018
77.9100011282637,80.33743676129424
76.69428880271644,78.10552686693251
75.46759176395956,77.06152251453234
72.35297704122966,76.03638790249543
70.49454541632521,73.23048934464379
70.28416769922606,72.51101616333268
70.63487401082841,72.72783210814772
69.37585955337478,71.95518625598257
71.3173509379521,73.01629304633938
71.71510823005529,72.70529964283661
70.6000849770184,73.80085594216908
72.55430917726103,74.1083703871721
71.88281399830973,74.28300559203383
71.87071497540683,74.39629916355464
70.90290534816319,76.43098431693139
71.16660040350405,77.18679427326904
70.11635490705325,77.34848132600051
72.0248320835269,79.4621994744513
72.58651185067795,79.79015921604966
70.832157155948,78.76752513367381
70.19166149282789,78.87771532376192
70.20620006570458,80.08014673444998
69.8667764397784,80.57458418706234
69.85273663668997,81.31081470053157
69.82144287929955,82.54320723607512
73.80468125054047,81.13130108685826
74.32847058446845,82.13753502918073
74.4052805118003,83.15020433212585
74.48209043913215,83.9098479410309
74.55890036646402,83.90652628612487
74.63571029379587,82.50036245121345
74.71252022112772,82.57981834338236
74.78933014845957,82.57984549476993
74.86614007579142,82.31707615165976
74.94295000312327,81.90304574966481
75.01975993045514,81.84883590721388
75.09656985778699,82.23540408594035
75.17337978511884,81.83145181174882
73.03975592440348,82.61173581371828
72.56258035628643,81.57495832877079
72.91320652772475,82.21524757142282
74.74875979925064,81.64981854032371
74.06415549293204,81.10546444832192
73.52602432983343,81.48390359527457
73.52418071257777,82.15670000657725
75.18290818724468,82.14835362187756
74.73156263227501,82.05692027256109
75.80619131869119,81.72885441855762
76.03638790249543,80.82690455083652
73.17394432893926,80.70840385585292
74.89787004786437,81.27414934116125
74.6929152292542,81.66252884611355
74.487960410644,81.23816331850075
74.28300559203383,80.90928930158029
74.07805077342364,80.30712377078054
73.87309595481346,79.62078467529184
73.66814113620327,79.69417212556296
73.4631863175931,79.56606567794196
73.25823149898291,78.64592114770232
73.05327668037273,78.9310667713406
72.84832186176254,78.0505172004312
72.64336704315237,77.8236006913779
71.97721640938873,78.57232089933976
71.47871031855955,78.79901727994368
70.70359960248919,78.22963521366768
71.26630640847982,78.51415653756547
70.70852881028398,79.1383507926035
70.49019103817392,79.57874481588783
71.4530917490064,78.63234221018344
71.83187641202205,80.0541462306987
73.24621835569593,79.05351218088352
73.60869287533266,79.97849369538704
74.33051845079576,80.24842501014801
75.51604693262861,80.6725517710115
76.30842708974318,80.73771366234821
76.83363380706953,81.49212882327522
76.23625076511892,82.42091938147571
75.12572501634571,83.25431493660362
74.426495437241,83.79315080136362
77.24985102249498,84.19750599400818
78.34555874984439,84.11427309493115
79.27378290687456,84.0563217940196
78.76752513367381,83.8265478173712
80.35633973654018,83.39832529877253
81.02314143485306,82.757916186795
80.55568918166598,83.17690748509231
80.0882369284789,83.62694546601445
79.62078467529184,82.91232226198427
79.15333242210477,82.15970137252849
78.68588016891769,82.03365921184793
78.21842791573062,81.13782334601923
77.75097566254354,80.27736130999003
77.28352340935646,79.15333242210477
76.8160711561694,78.54928882034241
76.34861890298232,78.51823479218972
75.88116664979525,80.22423419351743
77.06152251453234,78.59805195241672
79.45837170507502,78.75610055296028
78.70396238041012,78.01896810011327
78.39362766323084,78.04350646215318
78.13930528320104,75.1935834806159
77.88498290317123,72.91011986692573
77.63066052314143,72.12070921235737
77.37633814311162,71.86541419881979
77.12201576308182,72.22868042101112
76.86769338305201,72.13436565737811
76.61337100302221,71.2691860831148
76.3590486229924,71.95580630070413
76.1047262429626,71.10349352742237
75.8504038629328,70.46048755402623
75.59608148290299,71.8102164544995
77.53033808476815,72.0267793493454
78.63872972161718,72.12794778239116
77.05102894292166,71.83203477654185
79.110985223331,71.69264986120766
78.4024076457145,72.01313479103372
77.69383006809802,71.25245900228794
76.98525249048153,72.15555062936276
76.27667491286503,71.49054986926653
75.56809733524855,72.1696563585062
74.85951975763206,72.52271895180374
74.15094218001558,73.28600204820627
73.44236460239908,73.41853362698757
72.73378702478259,73.15305650168011
72.0252094471661,73.18132946110008
71.31663186954961,73.39903382064145
70.63728734397912,74.35918990207807
73.63927974331642,76.58346116466096
73.14300742034159,74.07805077342364
72.89529639997514,73.29236115709034
73.14300197422166,74.23743508780657
73.85020768433942,75.55078270644778
73.08433204654659,77.79129973137478
72.86149917067686,76.69428880271644
69.52594474263478,75.26409128972668
69.4124969354609,75.66411311446218
69.794000036767,77.05102894292166
72.82580357260551,76.98525249048153
72.24023291037388,77.4511340551201
73.93349733676862,77.65046421894121
73.47264361780405,75.99086779767715
73.01178989883948,75.92147975082841
72.55093617987492,75.21726005570277
72.09008246091035,75.27525733720942
71.62922874194578,77.50392518217521
71.16837502298121,77.28352340935646
70.70752130401664,75.32663954439366
70.24666758505207,75.38789911488806
69.78581386608751,75.17337978511884
69.32496014712294,75.72729616741266
68.86410642815837,75.0909063570521
70.78132463636464,75.01975993045514
70.46048755402623,74.12542636958369
69.70755169465582,74.12718092920122
67.39969995821698,73.24580627323978
68.22937898408217,73.39041847807972
67.5103445883109,72.76202062248007
68.47846074439784,72.30439327973313
70.59833903133475,71.05101027675659
70.57267054309527,71.34995424463618
70.80784859092469,69.78614217750467
72.46712831286726,70.6364953350612
74.47186419777631,70.41219062032053
75.46702384079796,69.82544287743853
77.98897634888533,69.58500939527347
77.42503922255929,70.11090554441977
76.72846323522484,70.03325826439774
74.58027085896926,69.51151493276788
73.24580627323978,69.3639279138362
73.11625151376602,69.78167165850145
72.31075608393482,69.70755169465582
75.66414738487892,72.31075608393482
76.83203618848347,71.24708932205381
72.86769211576484,71.49292793201388
72.41275533939786,70.83970715125606
72.84585671479721,70.6000849770184
74.0721964852778,69.85273663668997
74.09046932640416,70.37732162077171
75.4987215252881,69.75269095672157
75.07246160471755,69.80709920186037
75.32663954439366,70.651788995803
72.33381881843043,70.20352739462892
72.66185649458659,68.3865575988625
72.0691441152992,68.60079108115698
72.33152198753984,67.88321299994081
69.46686022687955,68.45723978290317
67.99545431580228,68.06642451644291
68.07801185745444,69.49614530723217
67.79011757667656,69.32975621907354
67.50222329589867,70.233553063013
67.2143290151208,70.85327972515788
66.92643473434292,70.28286935000912
66.63854045356503,69.71769928422428
66.35064617278715,69.86577432589092
66.06275189200926,69.70933092234904
65.77485761123138,70.53055150295155
65.4869633304535,70.065001781845
65.19906904967561,67.63144366915948
64.91117476889774,67.34682688021053
65.29050977328033,69.01172158698294
64.44345508735783,68.44424232882852
61.81175336662592,69.25778033869078
64.72629275921405,69.92308067321778
63.04392827581572,71.23330499561955
64.22557348364029,70.90290534816319
62.41015898194104,68.87858756139693
61.75741552334817,67.8013136884913
60.37403146599377,66.98254393814176
56.427765928611294,66.52820460254054
56.752543466726294,65.64627597914267
56.02758272160607,66.0457111724768
56.13314433343619,65.72251929813939
56.238705945266304,64.75744339208686
56.34426755709642,63.71498310157235
56.44982916892654,63.03427097602382
56.55539078075665,63.06694818765933
56.66095239258677,62.97991549192212
56.766514004416884,61.63398445940774
56.872075616247,60.46408146908096
56.97763722807712,59.44057534285674
57.08319883990723,58.787677895513546
57.18876045173735,58.12008344998757
57.35448378466452,57.15667207750801
55.68635784483697,56.030522556388426
56.16429738478981,55.37790699325685
55.783716447582165,56.02758272160607
54.500604857440884,55.60080712383228
54.176662512608495,53.07615629249117
54.33377456771924,53.02486789347236
54.490886622829976,53.226926852197984
54.64799867794072,52.52302617575222
54.805110733051464,53.01699537981852
54.9622227881622,52.404144616328416
55.119334843272945,52.764079063300386
55.27644689838368,52.14194466182333
55.433558953494426,52.43983357129055
55.59067100860517,52.5277506861299
55.74778306371591,53.91685980291392
55.90489511882665,54.34702419532198
56.98834728502919,55.17766071273834
55.39271524591649,53.98680371839412
53.89492307073789,53.83356957914737
52.43983357129055,52.594437375107844
49.98621205566545,51.569375827470274
48.602631573717616,51.11662835328507
49.04678147364038,50.27303035280535
47.771852732087694,49.7606512715286
44.25773389574101,51.49644956425248
44.79742478756016,52.004922631286966
43.13167330400459,51.94609252149466
44.977518505348044,50.04362816064436
44.15956733167181,49.37085726432996
46.73741462161778,48.05789661345372
46.38431825103152,47.52813818805581
44.9953426809258,46.31268507237017
47.67089780622186,46.09134717071948
48.363876687711034,44.038075292809864
46.12572001180389,43.41072938723781
44.02662027719525,45.581294800880706
41.16908209867636,46.05628196995477
39.39004572383904,47.295424384335085
41.409582673069906,47.61545249392297
41.453170126922075,47.034138568091514
40.31205396981996,46.057023124228024
40.810348212806986,46.116295769263004
39.11241124448191,45.97955354484006
36.53943794983271,46.40070629852858
37.743687001270885,46.52401238524288
37.42711508774378,45.46813495975154
37.28756625447705,45.89874824639313
36.54347787049767,46.179432461358125
35.798640587997625,46.340178708328935
34.01843393480509,45.97749522527555
32.3483348588219,45.67282846317511
32.41984216095762,45.58092607244976
35.009926096659576,44.44956523181497
37.08216034859805,44.19916225032369
38.14195760074903,43.99744986787469
38.12672969875275,45.54149361064401
38.34121507544505,46.18399518786374
37.41375153655445,45.51871237984435
39.21087647319501,46.786556573458675
40.78834881068132,47.17322823902235
41.75521660738146,48.80071852366262
41.03527781217607,49.60749769387394
42.14008679430321,50.770975580147194
40.456024283947954,51.88909313615773
42.333100655835494,50.92269985724532
40.685793458187135,50.83559906097927
40.001064854107085,49.46233225527634
41.405100348411615,49.69637712191826
44.958780180287526,47.96515016127303
44.472186853631115,47.625774339544606
44.05718333272451,47.59254372528927
44.946796164611264,46.456112688837486
46.65550469907451,47.69296694604792
47.1872488113071,47.21347198642971
46.63550748160512,46.403983880514716
47.78048420578583,46.006818741536875
46.10314157194382,43.248166352407424
47.61545249392297,44.070491130116025
47.49951851341442,44.97303965552645
47.38358453290588,44.41822759193255
47.26765055239733,44.18264081148703
47.15171657188878,44.75629531765942
47.035782591380226,45.026060108628364
46.91984861087168,44.84076342980941
46.80391463036313,43.910541327258635
46.68798064985458,44.08921218751914
46.57204666934603,44.7811050264502
46.456112688837486,45.57452935641488
46.340178708328935,46.281939359268165
48.09979871183095,46.73716182356447
49.96410353916897,47.140664827557
48.37097696180777,45.957972068289145
46.006818741536875,44.901066559833296
44.10879333663174,44.07909237047813
44.79677505020593,43.19908029130221
44.79848105659501,44.20051494887499
46.05628196995477,45.89251648620286
46.846388346723245,43.82028356210218
45.749640407050514,43.414614019466896
42.99577188384542,42.067890141946805
42.18649895462628,41.70779613307114
40.961520279329775,42.480160744639086
38.6615725406526,44.27817903647116
38.04968680161075,43.35327095723804
37.69310776245479,43.0423436651692
36.90607238557438,43.43473014868075
36.70298938152025,41.826827980155485
38.26535777665132,40.456024283947954
34.70235318525343,40.480634689133865
34.82112478181898,39.98308539626805
33.64803225349524,38.50179997666296
33.90851863641306,38.88206401059325
32.74097479669032,40.49838630889892
32.508343834445576,39.66375973436223
33.244052444263495,40.61043750898138
33.57515309639481,41.405100348411615
33.360394798873685,42.19594533123708
32.12284678153312,42.96947023574308
33.450594666392334,41.7856474149613
33.82301385694052,42.575563095570516
33.37541027688144,43.15563295610302
33.80328088474904,43.51384220973728
32.45247834215182,43.94103719843402
31.967211575624308,43.3189732550283
30.68391345776616,43.712287406853605
26.961377270942496,44.132729997378746
29.375812763355288,44.25773389574101
29.59994371232344,44.83963737366409
29.75266804866856,45.8740075985988
30.630955784466597,48.05034008044647
30.867849705556697,48.01712878084766
31.104743626646798,48.73638309397088
31.341637547736898,48.27803933477043
31.578531468827,50.35148193358898
31.815425389917102,49.284024825084195
32.0523193110072,49.72731501742756
32.2892132320973,48.964763424111176
32.526107153187404,47.350121031365376
32.763001074277504,48.04703296276531
32.999894995367605,46.77246341522973
33.236788916457705,48.44340864975057
31.951928588084563,49.66493004857106
33.93767958125589,50.72292863060004
31.971994170022125,50.31555069003346
28.56826572488784,51.545118451838555
28.147497570606262,51.37712747724591
28.601303156183338,51.652194231378175
30.77015545732704,53.19260905785741
31.941573168444222,52.92588830747827
29.547783471316272,52.128968359396296
28.234657124959046,52.05207630833402
30.746814914667805,51.518496587037184
28.85240572769697,52.04587414950832
28.789108059173454,51.64111559104361
28.441790673386567,52.61933559307503
28.094473287599683,52.95860834354557
27.747155901812796,54.12277512276435
27.39983851602591,55.06402341385429
27.052521130239022,54.169439324699454
26.705203744452138,53.896938260074975
26.35788635866525,54.55984721657696
26.010568972878364,54.0012780822879
25.663251587091477,54.126103533921416
25.315934201304593,55.680675070367286
24.968616815517706,54.611329042999955
27.230519640155038,54.07343478492612
28.549117469891097,53.53549007963223
28.204437528277833,53.77637987078045
27.859757586664568,52.41581969500075
27.5150776450513,53.78009424202512
27.170397703438034,52.59265338055714
26.82571776182477,53.38133198556732
26.481037820211505,54.065549826746704
26.13635787859824,54.16694156753191
25.791677936984975,53.14730809978172
25.446997995371706,53.32823283954208
25.10231805375844,53.020238167752964
24.757638112145177,52.31278287867178
23.643314077031103,51.58636649243458
24.43878032895879,52.87578390613708
24.918271101110225,51.46482313200319
26.169389902181393,51.59707528264523
25.846985082220016,49.98621205566545
25.871775452437642,49.19971208471379
25.878464520039866,48.10326737132958
23.74412386978605,48.92411633989955
23.71768479934565,48.66528460191355
25.044793947342665,48.85763506450876
23.84078351525099,49.387439083510756
21.6840913868404,47.2810760061192
20.252607427783506,49.82637962505204
18.76437438704469,49.43666302809345
19.766243032398375,49.69173388091182
23.185587229493922,50.99891560576108
23.021438339063565,52.245878437587
20.75309342386226,53.90111963453603
19.892921555423914,54.01480133150024
20.621057219614123,54.177106778263145
21.136326338475772,53.00830300599067
20.287344608651697,52.011194994847145
20.027488409364572,51.688302585397075
18.236325670942712,50.318523505565665
16.810928706661542,46.75381529338036
16.683345348484508,46.85611466464857
16.041879123549823,49.32976226816975
16.3933551163695,47.78048420578583
15.257262518989242,50.02342724043341
15.297442840114677,47.41729252255618
15.337623161240113,47.38358453290588
15.377803482365549,46.752921716911366
15.417983803490984,46.72966307063094
15.45816412461642,45.91292723933404
15.498344445741855,46.52586220678585
15.538524766867292,45.66425640993573
15.578705087992727,46.22872979351392
15.618885409118162,46.26265080385824
15.659065730243599,45.80718269780702
15.699246051369034,46.955195031293414
17.79390181367944,46.66400908123817
19.012167904885477,45.88034914532521
17.26654942038552,45.61604220789487
17.48883990162414,46.16265625438824
16.723725089507234,45.84630093382802
15.552317765758648,48.6393308797239
14.33974359700194,47.92036985009966
14.444166684306495,48.533197804939206
14.240847074018566,49.97390098736296
14.037527463730637,48.341784501437154
13.834207853442708,48.364728832737136
13.630888243154779,48.62550424923345
13.427568632866848,48.62274211249463
13.22424902257892,49.637850995855466
13.02092941229099,49.608409841106685
12.81760980200306,49.9663511311519
12.614290191715131,50.71419875284567
12.410970581427202,49.86812089865366
12.207650971139273,46.85717754902495
11.96821973695857,45.382270996420054
12.462080316883974,44.123040992912195
11.932693701656378,44.472186853631115
14.325094841684455,44.238810606043685
12.882834178572628,43.49195800415048
11.07303550161793,42.29152237853942
12.17676364499869,41.969320710313646
13.046622681783877,40.28348835772421
13.04157128224508,39.91724516550566
13.020074989745138,38.593383588820316
12.998578697245197,39.12878261400109
12.977082404745255,37.12895540592042
12.955586112245314,35.751141799896885
12.934089819745372,35.76916506046437
12.912593527245432,35.43059711430982
12.89109723474549,34.33553861868653
12.86960094224555,36.00558567555061
12.848104649745608,35.21281130426907
12.826608357245666,36.197431118566804
12.805112064745725,36.47999139807953
13.125153854385838,36.627607684482285
13.744890271266827,36.692907361928256
13.12809761901911,35.835755318409575
12.850245101870719,33.67256319984536
14.048436046772931,33.807906858702765
12.592559403744756,35.06456552211005
12.70804299875752,34.96472399394512
12.361163320685844,35.922613334793105
12.863467484097713,36.55381621458628
12.563422831283685,37.21598915814309
12.364850934518518,39.29402882075989
13.645849363549472,40.510516782333745
10.951586995589423,42.39652540433523
10.369088626047056,42.7848130853375
8.374264192301453,43.767769923102854
7.857882203559352,43.13167330400459
8.175856329908521,43.69517977809526
10.354327906817076,44.600485851529385
10.290832542868891,43.80429149443185
10.277953264846317,43.12387024542092
9.637615171976073,42.18649895462628
9.004768961948235,43.78277065783802
7.915771958434981,43.027386602266034
7.1507237982257,43.778582300766544
8.287120207743298,44.54533217778246
7.672764332634554,45.3720640332826
7.725538098785715,46.68608184735381
6.0483072384839955,49.10557015085262
7.975067343272109,49.282547225240464
6.636704847467458,46.986530517531435
6.817924449375799,45.962554048049945
7.448549454699981,44.80906447084425
6.828107379856415,45.029026923693614
6.9399544124601835,44.68200491052842
6.757186359305871,43.918495650655444
4.368299727686515,43.46799528692398
3.9587214769886314,44.78592155361964
4.251868991878168,42.65697463903101
4.6408171077244775,42.72024435408396
4.339691476990181,41.80820926475137
4.323552382251726,41.934936108073366
4.189703109407806,42.71101764376009
3.1496869616838103,41.78016579260085
4.150970550303946,40.40978368154715
5.662414878817763,40.577533936757014
7.305654057711513,40.58842621875214
7.658054043897899,39.50494163394731
8.425530934205566,39.522804370829434
10.615288136050486,39.904847209926324
12.306936039632868,41.224708848353416
12.511449884497198,42.312257868700776
12.71596372936153,42.15091053930465
12.92047757422586,41.3691177153825
13.12499141909019,41.291160205262344
13.32950526395452,41.34728648262358
13.534019108818852,40.685793458187135
13.738532953683182,40.51262752826109
13.943046798547512,40.54514848319699
14.147560643411841,39.285949022251565
14.352074488276173,38.967208894331975
14.556588333140503,38.47823955114975
17.779583639757714,39.13110967227991
18.5006349458726,40.67438519745504
16.413393804200275,40.75565657050197
16.937729835488867,40.10985564183102
16.1138052585671,40.53796012282797
14.94444382455099,39.28416124075273
15.274094239944608,39.70568217590004
14.126910606395548,39.78976744103631
13.763664554421082,42.609208453126804
13.980341087596159,41.9504583712365
15.187187476261013,40.932083840953375
15.241022621095158,40.927146787031475
13.308856514538416,42.58628763798674
14.510388598534838,43.748573888646405
14.282822965355592,44.06470366177569
12.829099037594895,44.15211800627792
12.864655920976563,44.9953426809258
12.599463271493294,44.30918101445571
12.497888576318054,44.70631813652265
11.674193259235567,43.5244297581078
11.234540305021302,44.34322642875678
11.803367794526686,44.575818558279636
11.519287745069537,43.36547877617973
9.819966475592361,44.29167683939456
9.928840579155702,43.98708860744474
9.696996155535635,42.49131767659511
9.726678223295648,44.05718333272451
9.756360291055662,44.12163323012518
9.786042358815678,44.317332618885935
9.815724426575692,45.13599145947256
9.845406494335705,42.73552543690426
9.87508856209572,41.37438168829549
9.904770629855733,41.00452604859406
9.934452697615747,40.85864164536119
9.964134765375762,40.001064854107085
9.993816833135776,41.29362226172669
10.02349890089579,40.85455063426034
10.463876487802617,41.24644254359353
11.464590203170593,43.16717151660542
11.71814160678682,42.9719195613529
12.714584348701345,42.64381425143936
10.728212951828857,44.42635301779648
7.816497788228826,44.394823507450276
9.08206601564996,45.21826161309502
8.308663921572789,44.91576184630097
7.136133785639313,44.866789822699666
11.352022297759747,45.471918325631975
13.213549418146531,45.749640407050514
12.402049233722705,47.75480131079434
13.059895607791548,47.09341322360761
13.996769209197693,46.084032922181244
12.517169921263198,46.17977221820067
12.863699318349415,46.220002994045124
13.573772209622028,46.42066063294927
12.31928355951666,47.37033681519687
11.136051582736421,48.07187976659036
11.573395856475026,50.1042309212772
12.010740130213632,50.26979075097839
12.448084403952237,50.06955956312016
12.885428677690843,50.88475117359873
13.322772951429448,50.56796356306949
13.760117225168054,50.89815491215172
14.197461498906659,50.49602669169771
14.634805772645265,50.158704499428374
15.07215004638387,48.79536784925151
15.509494320122474,49.87842491325799
15.94683859386108,48.079112777094785
18.215510035031524,48.46194062563027
20.04355584104656,48.49519531074539
19.833796273386277,48.692256336489955
19.621839405094722,48.40848322215072
21.267837180976464,50.42782983503927
20.43423627299162,49.30336422048253
20.348824881032215,49.19119210475684
20.412467742848897,48.54564335593305
23.119765432821886,49.67157476823064
25.07778270483093,50.58541950214402
24.261796543145753,50.564592220645146
24.42597306620635,52.47562519447839
28.240345493855482,52.163965992532944
30.62561810124682,50.99740472056535
27.187202863431235,48.39047949192382
27.138075586205627,47.58899212589217
27.392626302366057,47.85827647129256
27.647177018526484,48.357390740274376
27.901727734686915,48.88189875445535
28.156278450847346,50.15692843096869
28.410829167007776,49.396240334284265
28.665379883168203,50.39769721056745
28.919930599328634,48.79983766345378
29.174481315489064,48.39228687045591
29.429032031649495,49.24952528009618
29.683582747809922,49.08825947408669
29.938133463970352,47.20696022813725
28.838481060800866,47.74139870305973
27.775474201078264,46.9030080571691
27.23262346060508,49.65917359138683
23.293776330534484,48.41729264646661
25.170342740327243,48.181684025038045
26.52388186216156,46.98270949967109
23.564550054680538,47.64669258841533
21.95361282834985,49.35176792976128
22.735145490966314,48.38191842557668
22.85790687983424,47.44742792177025
22.675993765967434,50.03352770053889
22.721044376217325,50.39187991022988
22.766094986467216,52.92372748786038
22.811145596717108,51.97711501265607
22.856196206967,51.78190514897406
22.90124681721689,52.07756501051588
22.946297427466785,52.04745168817306
22.991348037716676,52.087135849608785
23.036398647966568,52.21210468894449
23.08144925821646,52.49201535160911
23.12649986846635,53.213960590195235
23.17155047871624,54.85174896446286
25.696982537170044,55.39271524591649
25.256232575359054,54.93248297331352
25.805566798720577,55.238813365079324
26.116176786425477,54.95645750816926
26.26579738590455,55.55409689282219
26.415417985383623,55.38274630718389
26.565038584862695,55.08142763858285
26.714659184341766,54.606578752366325
26.86427978382084,53.594547941846436
27.013900383299912,54.40128817733502
27.163520982778987,52.67828752519518
27.31314158225806,52.621707532330205
27.46276218173713,52.15834352854287
27.612382781216205,52.91191577947676
27.762003380695276,53.89492307073789
27.809151758425035,54.22093127115795
25.222588074731547,54.29436491806667
24.605537590965618,54.02961230727902
23.9867617783382,53.923958712582234
24.485573952917754,53.106685347528455
25.163185655620953,52.65284009830399
25.927013176492867,51.88859773513036
25.893581153060584,52.80958363082095
26.789538182092713,52.05973144350151
28.437899622705004,51.782086371733115
28.78213359814625,51.70433166160791
29.223549950971115,51.62853141200347
30.51900498876846,51.751339559134856
30.89157243665904,51.649534172025646
32.45966320123994,51.68658150110897
31.667179649875564,51.94191730582582
32.42340042882848,51.30284227511589
33.179621207781395,49.43622412764395
33.9358419867343,49.070559095720235
34.69206276568722,47.819695575569995
35.448283544640134,48.16087998141481
36.20450432359305,48.26817211592455
36.960725102545965,49.204626555031254
37.71694588149887,48.35719254027131
38.47316666045179,46.4257279373205
39.229387439404704,45.42207449716041
39.98560821835762,45.22473667175396
39.52256204278076,44.19079483591204
38.017300849381556,44.14655318634699
36.197431118566804,45.08565946238994
34.88587801777412,45.59829850241092
36.023318030704615,45.722753853083645
34.98880495247594,46.325812828362785
33.88062844756244,46.770396864393284
35.43059711430982,49.32131593798114
36.00925897260999,48.23481310738494
35.957148762172835,46.80474155383934
33.93134774142077,47.511025854975045
37.10319109365248,45.43245148450475
36.67849017392692,45.85129001134268
37.545350955465494,47.00279945282993
39.81703752960808,47.64567383588356
37.66859622170041,46.32284090576373
35.3027637993687,46.414748014191034
34.97359088616512,46.1971500851188
34.24643716883833,45.32992574023044
33.67256319984536,47.30528172638998
33.997523822646606,48.79942006918356
34.32248444544786,49.06089356190483
34.64744506824911,48.53368058002789
34.97240569105037,49.08986351391582
35.29736631385162,48.23987118792972
35.622326936652875,49.29502283248381
35.947287559454125,48.92366837115192
36.27224818225538,47.237840863184665
36.59720880505663,47.70279709032513
36.92216942785788,46.782751191259436
37.24713005065914,45.57085791401366
35.47558417822625,45.70385394355773
35.31203021924768,45.5010928902001
35.61314338248257,44.972394384997294
35.835755318409575,44.30946491924074
35.52077985125367,44.38343936612589
38.646630743426456,44.92273255914287
39.86179893028351,45.53818550558903
40.93369826211843,46.036456438975875
40.89412444818939,45.61361969433739
40.85455063426034,46.80391463036313
40.814976820331296,47.64761650323376
40.77540300640225,46.70371608491969
40.735829192473204,46.05251303794276
40.69625537854415,45.829633906943904
40.656681564615106,44.761863704032045
40.61710775068606,45.60565725571825
40.577533936757014,46.480347071477645
40.53796012282797,46.250893679165145
40.49838630889892,46.081910673250704
38.69956889593057,45.401095710857014
36.51715867140548,46.49386963941788
38.577482039906776,47.054121775324944
37.56382933625771,45.52338544511704
38.40258175147019,44.44596743914311
39.72742092847186,44.252086888998015
38.10156706545518,42.669148548943554
36.896005211162716,40.93369826211843
34.93825423212346,39.40559639698882
35.76916506046437,39.21087647319501
34.788180766088416,38.41697319094081
35.64177993165455,37.96117964894275
37.00550060626745,37.2390230660868
35.41895336128383,37.5510436519259
36.55405866018891,36.92761702310914
36.62255945964507,36.98168841220145
35.92750015639035,36.73805154668801
36.69529324192184,35.89207102311079
39.184353093233526,35.963111748858296
38.49959736738124,36.3674452193301
39.34110737371416,35.09832324124572
38.846834815261325,34.74169838114203
40.23570626603056,35.328586836893315
41.66608583759947,34.910471300889384
40.63336656442131,35.622326936652875
41.15990473261849,35.02090149971736
41.68644290081567,34.01843393480509
42.212981069012855,34.05315927574957
42.73951923721004,33.487427797245914
43.266057405407224,32.282416311509394
43.7925955736044,32.3483348588219
44.319133741801586,32.254049354704506
44.84567190999877,32.29390997023851
45.372210078195955,32.91033053133219
45.89874824639313,32.45247834215182
46.42528641459032,33.360394798873685
47.21347198642971,33.092461850075104
47.989665940641,33.259794904261476
46.414748014191034,33.08410721410264
46.30587928112987,34.37279796987016
45.33111630133087,34.70235318525343
44.47182028836207,34.863938323557335
44.75629531765942,35.14891014883842
43.55000112686793,35.11469613906878
42.85780634808063,34.64744506824911
44.84076342980941,36.06306742217689
46.69174517592254,37.00550060626745
48.93935807456227,36.165681719253605
49.71919495219036,38.134009185147974
50.499031829818435,38.28321135413998
51.27886870744652,38.6716577325818
52.0587055850746,37.710687670166344
52.838542462702684,37.63506561469297
53.61837934033076,38.67394231986063
54.39821621795885,37.64882635832849
55.178053095586925,38.2093740585323
55.95788997321501,38.54811734860466
56.73772685084309,38.205000471080396
57.517563728471174,38.50793528585012
57.18134042015498,39.39004572383904
56.646632336285776,39.752813164565474
57.469447860036716,40.02869655797777
57.786375483386486,40.80983748586659
57.56309395529632,40.19229805364538
57.689079759743514,40.55813350740556
59.26559781490794,41.14607002809784
56.744042843592815,40.78834881068132
56.09261124591092,41.20343692083741
56.36613317471433,41.401219759937206
54.30848485480526,39.723047879782136
53.38636206915547,37.905484482335915
52.444334204242885,39.98939402965107
52.87072717285512,39.09369262789303
54.23143146460038,41.19069368184183
51.518496587037184,40.75014774782243
52.14194466182333,40.08272122628868
52.12824245876969,41.16908209867636
52.11454025571606,43.2528713639699
52.10083805266242,44.47182028836207
52.087135849608785,44.0730804369791
52.073433646555145,44.63126693894158
52.05973144350151,42.13578371708356
52.04602924044787,41.2299327356564
52.03232703739424,39.84667379579236
52.0186248343406,39.184353093233526
52.004922631286966,38.36613667142894
51.991220428233326,37.35293468195785
53.85296432553376,37.519186652831614
52.7591536223211,36.66193957358873
54.02961230727902,37.03261244506348
55.92706715306779,36.90607238557438
57.3437102041627,36.566736263091634
58.99203514658795,35.13149016443525
57.30985635311518,34.98880495247594
59.901165046851055,35.14579164107174
60.66477927497925,35.090223092033305
62.317755516704,34.86011787473754
62.544406312166494,34.97240569105037
62.993604838007215,34.9260863730733
63.45994863923476,35.03160429371557
63.9262924404623,33.31606403707671
64.39263624168984,32.12284678153312
64.85898004291738,32.802677968223385
65.32532384414492,33.81603219002737
65.79166764537247,33.359994620480954
66.25801144660001,32.83471198203554
66.72435524782755,33.1799252770223
67.19069904905508,32.14282047173825
67.65704285028264,32.11158890967743
68.12338665151017,31.43502444419436
70.57420169104421,33.16801559125421
70.37732162077171,33.55799895720284
71.55182121245197,33.72156344349578
72.85035810483102,33.87256747593471
74.73884027260178,33.8599827135881
72.34522602228932,34.51646339941853
70.73683890937387,34.48742914328493
69.84332160303465,34.20368544967549
69.02163423101823,33.8203468977622
67.7899889321327,33.29799123160961
66.90653796887014,32.56688278787303
67.57231373854759,33.069092372966985
68.18537561540221,32.51705819965299
69.43719731746633,31.826148186533384
69.71769928422428,29.756013615896233
69.99820125098222,29.31377594844182
70.27870321774017,31.274903248217267
70.55920518449811,31.320353761520114
70.83970715125606,30.51900498876846
71.120209118014,30.62111874809464
71.40071108477196,29.129648992690704
71.6812130515299,28.390515080721542
71.96171501828785,29.136487060950195
72.24221698504579,29.08426949423024
72.52271895180374,29.276064070867207
72.80322091856168,29.835789446905025
73.08372288531963,29.802095516278285
73.36422485207757,30.95275681708491
73.64472681883552,29.495424965869503
73.92522878559346,29.303264074366695
74.20573075235141,28.532261420947677
74.48623271910935,29.479627904768954
74.7667346858673,28.715027621865133
75.04723665262526,28.051810549731858
75.3277386193832,28.85673049131609
73.80315781230965,29.061235883727054
72.84641723856518,28.762268805316285
72.19447270676307,28.436883852508785
72.71035092645658,29.012995451638275
71.25245900228794,29.229106325173497
69.43744464116281,29.236125122980816
71.40856192590189,28.76156332587765
71.49054986926653,29.12628518740059
71.4097430382121,29.980892397898334
71.34995424463618,30.266980782256564
71.29016545106026,31.455030624226662
71.23037665748434,33.078358214062945
71.17058786390842,33.585454670691256
71.1107990703325,34.338142317240546
71.05101027675659,33.174645492932285
70.99122148318067,34.36103672628734
70.93143268960475,33.88062844756244
70.87164389602883,34.12856646179165
70.81185510245291,35.100442144470364
70.75206630887699,35.52077985125367
73.5170468836268,34.82112478181898
74.18022845927673,33.997523822646606
73.27116412747677,33.40898432858894
73.27328383043812,32.629721589891496
73.27540353339948,32.80597648876255
73.27752323636084,33.34359273547329
73.27964293932219,32.763001074277504
73.28176264228355,32.658737597027354
73.2838823452449,32.180366333809566
73.28600204820627,31.976288806668286
73.28812175116762,32.3550726757528
73.29024145412897,31.148104322138057
73.29236115709034,30.97935721840434
73.29448086005169,29.632960765849287
74.35624117051663,30.079988884706538
74.52376594384809,28.739419400655372
76.93655782332381,29.339894599027886
75.38789911488806,29.53405826032616
77.16744595138312,29.429032031649495
77.49928732410032,29.56497654362664
75.06377720614127,29.408522852855302
75.10563333875807,29.817844257070195
74.69655158215133,29.469860904925223
74.35918990207807,28.8548573337492
74.18362994564129,28.880048660163542
74.46385630901825,29.406189067573738
71.64700614655489,29.669392773683217
70.85327972515788,30.535718403514977
72.09620613947584,30.115017947736824
69.50512592848409,31.104743626646798
69.36394941883499,31.13366752174684
69.82340938442205,30.69386659600097
70.28286935000912,29.884982461840075
70.74232931559618,31.062230931723484
71.20178928118324,31.96859333020114
71.6612492467703,32.04517190193568
72.12070921235737,33.18522693525326
72.58016917794443,33.73953836650711
73.03962914353149,33.05458656634065
73.49908910911854,33.90851863641306
73.95854907470562,32.80759377114991
74.41800904029267,32.07286476227338
74.3083382766769,31.151899533333932
74.27901783826839,32.653905591669556
76.51749207558294,33.60796831690025
75.167900983926,33.745063747032276
77.84190967627944,35.31824655788979
76.2964904125257,36.347726632823665
74.30904195953984,36.03268463855091
76.52621150893566,36.11617483678468
77.2678103225541,36.896005211162716
76.48579543291025,36.34561821542406
77.66988922681603,35.75224781567604
75.54235584022331,37.21623152608439
75.20302222311656,36.33171587619352
76.82838799966144,35.49559461210245
76.58346116466096,34.97359088616512
78.16858329596778,35.51171456899725
77.90386620402973,34.58589043261723
78.14357890876437,34.405135401466545
77.28369328005147,34.266728206020815
79.37029746729038,34.32612160941721
81.1992527153687,33.93134774142077
80.77137173989719,33.97039718418939
80.99692981424387,34.30875666920742
79.20862212750484,33.80328088474904
78.05422467972257,31.838522616133496
77.41531028261294,31.128942302872243
78.22963521366768,32.04401444182646
78.03096925898946,32.596236664074844
77.83230330431124,32.41984216095762
77.63363734963302,32.508338211144896
77.4349713949548,34.03597781700039
77.23630544027658,32.500396839732836
77.03763948559835,32.11405499720308
76.83897353092013,32.0523193110072
76.64030757624191,30.66453192313884
76.44164162156369,30.6128369145627
76.24297566688547,30.5384714839447
76.04430971220725,31.00136692510384
76.88235240908301,30.57445263041334
78.67423274034451,29.67396763470836
78.2976286703514,29.439540070398625
77.40201629689746,31.9528551056437
78.8940396612224,31.372629571757553
75.93181395685964,30.807042642924376
76.1169029313406,31.20934252549516
76.8850075514842,31.2978154306561
75.85152134644197,30.82382855085533
77.07244772144857,30.331719582856948
78.1054080083356,29.64650604661511
78.1788600571725,29.469877175140546
82.25548130959567,28.574999024962757
83.09421965985115,28.83443967641676
82.28321904187996,28.17650367707882
82.65777439545191,28.167895734529
80.06990168209049,28.191649533694516
81.10546444832192,28.57965507279055
79.83285003524797,28.68997034268695
80.77710809490159,28.062238102400297
79.90624707309851,27.892454016107155
80.0985406935218,27.485666163683803
78.92160293567332,27.987324188412824
78.00104160442164,27.42921394111778
78.55121361366324,27.388772901881854
79.97849369538704,27.28297748884059
80.41196926332115,27.46276218173713
80.00603802360375,26.345320535938054
81.09019994624366,25.55543743167468
81.81115858043033,25.37560255593081
82.53211721461702,25.66747513804571
83.25307584880369,25.213637446099895
83.97403448299036,24.816840282940362
84.69499311717705,23.9867617783382
85.41595175136372,23.459605040844703
86.13691038555041,22.612526483990752
86.85786901973708,21.81612093942253
87.57882765392375,22.4728961115663
88.29978628811044,22.48869320288934
89.02074492229711,22.71750704188898
87.49183295512125,22.21679166136974
85.66575543973329,23.52482933335473
86.26895956330738,23.161186328628194
87.86660591369987,23.906977826202038
87.01372344073876,25.53070484640864
86.95749392505822,25.31228650185866
87.41017895342452,26.202825753652203
88.45766219969903,25.878631293580245
88.05903022782589,25.439242003034046
86.2472725700562,23.54654332528797
85.05332886266092,24.140540972631648
85.08705196239445,22.973417795348656
86.12855560118433,23.930978398242768
87.70886726986133,23.316164330002955
88.40874894183486,23.112476050709247
88.61223883296795,23.59199407440856
88.81572872410102,22.991348037716676
89.01921861523411,22.909779896424084
89.22270850636718,23.07472300409381
89.42619839750027,24.27571115497185
89.62968828863335,23.122584862355605
89.83317817976643,22.613606807217586
90.03666807089951,24.337287883194282
90.2401579620326,24.29601230634079
90.44364785316567,22.898487511169268
90.64713774429876,24.599016681570152
88.85279639367408,25.11675723659383
88.81323190797424,22.979754887685882
90.79939020505161,22.457555390790095
89.86761740532538,21.716652542180846
90.60344755886089,21.386110517619084
89.3472014654982,21.68630899373974
91.57586539239078,21.300824713786398
91.52699904550279,21.995970280268207
90.67173140105089,21.42710783440771
88.95974055142966,20.571213231592253
89.05658299244715,22.2178876644208
91.01389537419314,22.20623704977988
91.18083548948779,21.38840724419614
91.4691118920603,21.01565437202691
91.09817624931395,20.066554641528064
90.25523773775193,19.01448795353786
90.2215119966529,19.577298460717596
90.04935688868652,19.81072247453547
87.20875791852025,19.44991001713974
84.44066473860737,18.21177287728366
83.15020433212585,17.24391698522766
80.96250977880588,17.297602430143588
82.45767986681943,18.2278800869713
82.43365031385804,16.894396034488945
80.88099698237166,16.41852510007895
82.3718869689911,15.901724649196403
83.38522792355703,15.33532744003676
83.39832529877253,14.443450069928428
84.92275384448536,13.351462496203867
84.2003660156946,13.645849363549472
83.47797818690384,14.135700523933023
82.75559035811308,14.126910606395548
82.03320252932232,14.6791731266949
81.31081470053157,14.372248897967909
80.58842687174082,14.03965807193562
79.86603904295006,14.197461498906659
79.1436512141593,14.037527463730637
78.42126338536855,13.625581101765123
77.69887555657779,13.323579461933498
76.97648772778703,13.308856514538416
79.1383507926035,13.736659172916042
81.00592887270109,12.955586112245314
82.67599253588558,12.299214303511278
82.8530991815775,10.979527190146943
82.23831611683028,10.443457757365524
80.54506366033074,11.164074306127109
79.19501592167259,10.685543858972574
77.72630637088038,8.961991794308698
76.47965009144679,8.338227989193154
73.90310804766078,8.828642855989212
73.37888590699681,6.994914063399934
72.85466376633285,4.0441520701989395
72.33044162566888,-0.3104167326114333
71.80621948500492,-1.380142255235552
71.28199734434095,-4.348121030304202
70.75777520367697,-3.5666251647312115
70.233553063013,-4.498597721211094
69.70933092234904,-8.131423832039752
69.18510878168507,-10.605924417731046
68.66088664102111,-12.177650779587342
68.13666450035714,-12.504336286227634
67.3104877504245,-14.116783233662792
67.12129428265143,-15.746363010408015
66.2408680041987,-15.390613729843425
68.20372661650507,-15.274364761293494
70.36870394905098,-17.27582045726734
69.69615226773823,-18.22205009447981
69.53520324570079,-19.295002487066768
68.77026740171306,-21.24463543483603
70.1075416622695,-20.466703836781676
68.5554536336784,-21.146758522316137
67.91849868164996,-21.18411919699753
66.87857646474907,-21.256034968585684
67.19968728828934,-21.649666831053096
67.28128878341397,-22.240052969429644
66.61512596536384,-21.79620797724641
67.91614900547687,-22.260291197290005
67.37614045726929,-22.287703545251688
67.64696463734782,-22.47170559895825
66.73571954408169,-22.775110487937333
68.55244755576108,-22.275083486986457
68.8361028392844,-21.814574130685614
69.11975812280771,-22.782083833839806
69.40341340633103,-22.4752297772862
69.68706868985434,-22.34988573754285
69.97072397337766,-22.780061215775955
70.25437925690098,-23.042828314809036
70.53803454042429,-22.100113106552385
70.82168982394761,-22.133065939968347
71.10534510747092,-22.161849543016803
71.38900039099424,-22.08363366547674
71.67265567451756,-22.867941747704013
70.91996791902733,-23.18689154538261
71.06980083300984,-22.397530789094837
71.21963374699236,-21.612612084195728
71.36946666097487,-23.07873897079611
71.51929957495737,-23.664686364359117
71.6691324889399,-23.954828141231314
71.8189654029224,-24.307879262881382
71.96879831690492,-25.207288947771996
72.11863123088743,-25.983704276044307
72.26846414486994,-26.913271766416564
72.41829705885246,-26.892585732067868
72.56812997283497,-27.54654718342967
74.07354765413494,-27.37977541738144
73.80085594216908,-30.902271271637773
73.17140217309645,-33.27486615075267
71.36724988426604,-35.87599261579853
70.80358328040843,-37.34322696264867
69.80383228084149,-36.57330284510844
70.04607202154484,-36.88420860592997
70.2883117622482,-38.46072100741624
70.53055150295155,-40.648464078982165
70.77279124365491,-44.929514685005614
71.01503098435826,-57.03404331862784
71.2572707250616,-58.23125857478667
71.49951046576496,-59.97544786088716
71.74175020646831,-59.94305855179702
71.98398994717166,-58.33772196702628
72.22622968787502,-61.19729227274835
72.46846942857837,-63.22376974268502
71.71807988369936,-63.77807485969367
74.08464525407177,-62.13903781769145
73.68676701713714,-62.30955045529236
73.96654982036459,-63.37537493586534
71.70802999391456,-60.902700699517574
74.42474402952871,-59.983893004122024
72.7711831724825,-60.5936164199741
73.13562466732158,-60.75270573519141
72.9326449256607,-61.103094287370865
74.1083703871721,-58.27802032657263
72.18846445354525,-56.68088841201268
73.76927926374734,-49.735104858897
73.20855269187186,-43.03452732088184
73.23926452549863,-42.780608555001734
73.44872047352587,-47.366626986884334
73.84159148317674,-43.63756368549587
73.19462558905232,-41.119338482382354
74.04979428689857,-39.38151483991224
75.80074399552943,-38.83568922576497
74.3732065584247,-36.654260575895464
76.1755351424287,-38.190382033622086
75.00269677461311,-38.5517777101182
73.47605764997269,-39.14979516278624
73.52286675011516,-44.24997422854084
73.66847579371422,-48.743320792753394
75.55078270644778,-55.47062035483226
73.68247770031024,-44.509794340369616
72.01313479103372,-55.54369763834239
72.68242947945156,-55.68281643730487
70.52679410265019,-56.4361332541542
71.28929226668882,-59.80945616644461
70.39585694810366,-59.803177256025144
71.3467858798416,-59.94041270861182
72.25364110866477,-61.65338339318866
74.42179139393859,-58.95700764547105
75.08230981525469,-57.3945283935031
74.33245118973902,-58.97149897038828
74.61173263674272,-59.059435960185816
