file,tau,m_use,mD,mL,mEN
lorenz.csv,5,4,0.9941742513399043,38.36418294148753,3.6777960130247194
