file,tau,m,mD,mL,mEN,mTT
pks0244-470_lc_liner.csv,5,5,0.8975992063662902,9.525763217526784,2.244722711899695,11.047475702850814
