file,tau,m,mD,mL,mEN,mTT,mLAM
pks0727-11_lc_liner.csv,34,4,0.5285240296107421,3.0546041415983534,1.2993922414525172,4.336734651997366,0.4992068887378201
