rate,pattern,MSE
rate_10,pattern_1,0.0012614708134128082
rate_10,pattern_2,0.00041709682675804835
rate_10,pattern_3,0.002678503102813017
rate_30,pattern_1,0.001956641684768357
rate_30,pattern_2,0.0005637606019350744
rate_30,pattern_3,0.004414442978474864
rate_50,pattern_1,0.0027406524095820173
rate_50,pattern_2,0.0009620299583488269
rate_50,pattern_3,0.007273022724839767
rate_70,pattern_1,0.007275599784397734
rate_70,pattern_2,0.0009620299583488269
rate_70,pattern_3,0.007273022724839767
