file,tau,m,mD,mL,mEN,mTT
pks_b2258-022_lc_liner.csv,29,4,0.9656937142128598,9.084838916569147,2.8140061748359915,12.220734326175835
