file,tau,m,mD,mL,mEN,mTT
pks1830-211_lc_liner.csv,20,6,0.7798567876362283,5.845985087188335,1.969803963509398,8.776695892576479
