file,tau,m,mD,mL,mEN,mTT
og050_lc_liner.csv,4,5,0.748970531287135,4.288324403088447,1.5195637716538541,5.137172114454749
