file,tau,m,mD,mL,mEN,mTT,mLAM
b3_1343+451_lc_liner.csv,14,4,0.6532579970506616,3.83667824943167,1.5972358532272808,4.861187750280871,0.6914796152084288
