rate,pattern,MSE
rate_10,pattern_1,0.0012614708134128
rate_30,pattern_1,0.0019566416847683
rate_50,pattern_1,0.002740652409582
rate_70,pattern_1,0.0072755997843977
rate_10,pattern_2,0.000417096826758
rate_30,pattern_2,0.000563760601935
rate_50,pattern_2,0.0009620299583488
rate_70,pattern_2,0.0009620299583488
rate_10,pattern_3,0.002678503102813
rate_30,pattern_3,0.0044144429784748
rate_50,pattern_3,0.0072730227248397
rate_70,pattern_3,0.0072730227248397
