file,tau,m,mD,mL,mEN,mTT,mLAM,mDEratio
3c273_lc_liner.csv,8,5,0.813030493281737,6.851768961124653,1.8935843955788427,10.375092904156663,0.6894944189100459,9.84752294970229
