file,tau,m,mD,mL,mEN,mTT
1ES2344+514_lc_liner.csv,3,4,0.8339205819053814,6.216477482812413,2.311076715250894,7.184097463855535
