file,tau,m,mD,mL,mEN,mTT,mLAM
gb6_j0742+5444_lc_liner.csv,15,10,0.9560795921049525,10.93146312768003,2.4486998758250813,13.819471293883083,0.9597462514417532
