file,tau,m,mD,mL,mEN,mTT,mLAM
4c+71.07_lc_liner.csv,4,4,0.92529046679024,12.758758962666366,2.59714571241128,19.398224291034133,0.9199145755472504
