file,tau,m,mD,mL,mEN,mTT
pks0440-00_lc_liner.csv,7,4,0.9004278943943523,10.784077316268249,2.305079632844896,15.385707726740026
