file,tau,m,mD,mL,mEN,mTT
pks0438-43_lc_liner.csv,5,4,0.9729954832604015,53.5211208914816,3.2936688375136627,62.7950461277916
