file,tau,m,mD,mL,mEN,mTT,mLAM
b2_1504+37_lc_liner.csv,3,4,0.9440657874865362,12.806784263484682,2.6506751152059067,17.901737917830992,0.9588412088829521
