file,tau,m,mD,mL,mEN,mTT
txs2241+406_lc_liner.csv,10,5,0.9068861339686695,9.62721356026109,2.2572512135201626,14.483814640089722
