file,tau,m,mD,mL,mEN,mTT,mLAM
pks1502+106_lc_liner.csv,28,3,0.8018167572941726,6.872509633953202,2.220370386394429,9.580068536598713,0.7316870144284129
