file,tau,m,mD,mL,mEN,mTT,mLAM,mDEratio
op313_lc_liner.csv,6,4,0.9260273856156791,8.718333298524218,2.578277102237009,10.938182457453713,0.9442440401505646,22.686674053835038
