file,tau,m,mD,mL,mEN,mTT
4c+31.03_lc_liner.csv,7,5,0.9281098437697672,12.807934638302427,2.342052636975004,13.78500044308348
