file,tau,m,mD,mL,mEN,mTT
pks0403-13_lc_liner.csv,24,4,0.9787363403712585,12.17629829170445,3.055651544160855,11.962501844273248
