file,tau,m,mD,mL,mEN,mTT
pmn_j2345-1555_lc_liner.csv,4,4,0.8075454611966126,6.804132948735952,2.119096970352877,8.986142520472994
