file,tau,m,mD,mL,mEN,mTT,mLAM
pks0250-225_lc_liner.csv,7,5,0.826565321870403,4.867449230728328,1.88537136241413,6.159249053788267,0.8668322506687046
