file,tau,m,mD,mL,mEN,mTT
pks2255-282_lc_liner.csv,8,4,0.8928021540731699,11.855627150219345,2.4756120581951673,17.182300411491905
