file,tau,m,mD,mL,mEN,mTT
3c345_lc_liner.csv,3,5,0.925883431374206,11.686460970341713,2.686757126031442,13.94477432718924
