file,tau,m,mD,mL,mEN,mTT
s4_1849+67_lc_liner.csv,8,5,0.8816628088637921,6.683840646499043,2.1124033301407286,8.422089938374118
