file,tau,m,mD,mL,mEN,mTT
ok630_lc_liner.csv,4,4,0.9407116294124485,13.593534341186274,2.610250200722825,20.08010824537257
