file,tau,m,mD,mL,mEN,mTT,mLAM
pks2155-83_lc_liner.csv,6,4,0.9451858082700062,11.705979431465995,2.615823640805689,12.949058509441016,0.9655303606756962
