file,tau,m,mD,mL,mEN,mTT,mLAM
pks2233-148_lc_liner.csv,6,5,0.8009383954809579,6.046734273342854,1.8968502055268979,9.02024904382484,0.7956730769230769
