file,tau,m,mD,mL,mEN,mTT
ton599_lc_liner.csv,8,4,0.75254670476616,5.729442669684781,1.8328413716493046,8.197460199480426
