file,tau,m,mD,mL,mEN,mTT
pks2023-07_lc_liner.csv,5,4,0.8262952880710145,8.200295207722471,2.0574679054017997,11.992379545017087
