file,tau,m,mD,mL,mEN,mTT,mLAM
pks_b1406-076_lc_liner.csv,26,5,0.8581629817595587,5.857772728883559,2.120326847717979,6.977585580667466,0.8445451886516525
