file,tau,m,mD,mL,mEN,mTT
pks2032+107_lc_liner.csv,11,5,0.9541719764865324,11.634607160984066,2.557086905506066,17.518092384606508
