file,tau,m,mD,mL,mEN,mTT,mLAM
pks0403-13_lc_liner.csv,24,4,0.9787363403712585,12.17629829170445,3.055651544160855,11.962501844273248,0.9807923169267707
