file,tau,m,mD,mL,mEN,mTT
4c+14.23_lc_liner.csv,5,4,0.9241554552573362,11.622707790039048,2.4097302983069904,17.230590713814955
