file,tau,m,mD,mL,mEN,mTT,mLAM
pks0035-252_lc_liner.csv,8,4,0.9698269861526384,31.19703375690907,2.7953019932609107,38.30685062380927,0.996272630457934
