file,tau,m,mD,mL,mEN,mTT,mLAM
b2_1732+38A_lc_liner.csv,8,5,0.9053657247163477,9.408833270411465,2.3317953232100637,13.830212614415334,0.890339091490723
