rate,pattern,MSE
rate_10,pattern_1,0.2658223936807025
rate_10,pattern_2,1.3980755739858748
rate_10,pattern_3,0.08692568639504662
rate_30,pattern_1,0.6025764910265496
rate_30,pattern_2,1.2452957868349286
rate_30,pattern_3,0.23806454964157767
rate_50,pattern_1,0.7635207172121059
rate_50,pattern_2,2.873703876894002
rate_50,pattern_3,0.5718690800372459
rate_70,pattern_1,1.4563875271368634
rate_70,pattern_2,2.873703876894002
rate_70,pattern_3,0.5718690800372459
