file,tau,m,mD,mL,mEN,mTT,mLAM
gb1310+487_lc_liner.csv,2,3,0.9817484799315487,72.4166916872341,3.7774105729797194,102.88485532517431,0.9894595359366157
