file,tau,m,mD,mL,mEN,mTT
s5_1044+71_lc_liner.csv,21,6,0.6072182988070278,4.372721067101137,1.539519990830256,5.90104445352961
