file,tau,m,mD,mL,mEN,mTT
s5_1803+784_lc_liner.csv,2,5,0.5515690484370614,5.5335792833700195,2.1669687264473994,5.358591080870315
