file,tau,m,mD,mL,mEN,mTT
pks0426-380_lc_liner.csv,15,4,0.5644440142912664,3.514941085041547,1.4589002003043772,4.417789802041282
