file,tau,m,eps,RR,note
1ES2322-409_lc.csv,17,3,0.10512917412341123,0.04602235371466141,targetRR=0.050
