file,tau,m,mD,mL,mEN,mTT
pks0903-57_lc_liner.csv,2,5,0.8909156753860803,13.872735159707924,3.264090948490684,16.65840543904427
