file,tau,m,mD,mL,mEN,mTT
pks1329-049_lc_liner.csv,4,4,0.9614438421637364,20.11198103768477,2.7599317964529795,30.257041436295204
