file,tau,m,mD,mL,mEN,mTT,mLAM
1ES1959+650_lc_liner.csv,10,4,0.527895245584139,2.8901705883290605,1.0960233462847004,3.8657317047150883,0.5826419910657307
