file,tau,m,mD,mL,mEN,mTT,mLAM
sbs1150+497_lc_liner.csv,13,3,0.9860207315038192,28.883676649588363,3.3015531803365854,44.276446531478456,0.9711270410195142
