file,tau,m,mD,mL,mEN,mTT,mLAM,mDEratio
oj248_lc_liner.csv,11,3,0.937350476548478,15.779946811375291,2.89109480852534,21.47117408523041,0.8815653964984552,15.46182070996064
