file,tau,m_use,mD,mL,mEN
w_comae_lc_liner.csv,3,4,0.6410789006090053,4.007857335113789,1.6132800552983002
