file,tau,m,mD,mL,mEN,mTT
ot081_lc_liner.csv,3,4,0.9381579243315302,13.314212956406347,2.4536075609981514,20.33208414941759
