file,tau,m,mD,mL,mEN,mTT
nvss_J090442_lc_liner.csv,55,3,0.9869968150015953,23.24884104136691,3.4573104762700866,22.28207186634142
