file,tau,m,mD,mL,mEN,mTT,mLAM
3c446_lc_liner.csv,8,5,0.9890694076423875,29.53053058915619,3.4591625807122037,29.759140347518475,0.9930675909878682
