file,tau,m,mD,mL,mEN,mTT
b2_2308+34_lc_liner.csv,15,5,0.78617837471167,4.849932690910764,1.8324668074621246,6.483063931447065
