file,tau,m,mD,mL,mEN,mTT,mLAM
on246_lc_liner.csv,8,4,0.871108261474606,7.597286167129719,2.2482112419498077,11.184246859289605,0.8326535982107618
