file,tau,m,mD,mL,mEN,mTT,mLAM
pmn_j0531-4827_lc_liner.csv,15,6,0.9540651655164138,16.001310760084838,2.7484231111907684,19.901151508825023,0.9825256710502612
