file,tau,m,mD,mL,mEN,mTT
b2_0619+33_lc_liner.csv,14,10,0.7427178583705146,3.876455411449883,1.3968631661719766,5.181470202883951
