file,tau,m,mD,mL,mEN,mTT,mLAM
pks0130-17_lc_liner.csv,3,4,0.8888899270595658,8.622264101511073,2.6631178162634663,10.825593813156589,0.920815581253804
