input,iaaft
0.0,35.922613334793105
1.385365404932953,38.074311466150554
3.7773119887309328,38.53405515149069
4.262789608470702,39.16569081133288
5.211518375527408,37.68614819246606
4.4061781453185525,38.05806381720249
7.572278138388661,37.606339474151504
7.680149201507955,36.689308296422574
9.862917211760648,36.50870371503148
7.141329676192061,35.63115369742802
8.778362827397462,35.279373305596
8.190903515564685,35.41687455879425
6.379007354613001,33.96678111999345
5.274653364798741,34.081913969912875
3.6085762361414595,34.96343859777818
1.981583436417834,35.88290283242853
1.4750433047369305,35.70095847093575
1.1141456859470449,34.863938323557335
-0.3104167326114333,33.807906858702765
1.4520103765227668,33.55380710518878
0.8345734496055113,31.21285218998393
1.082453926288773,31.70747756932393
-0.5276820758840104,34.097738928627614
-3.814258315680819,33.236788916457705
-3.9644171972294844,32.35191651221031
-3.181933485456393,30.609826034768552
-3.6230398623048843,30.480490946393132
-2.110718425930548,32.86550572808536
-3.5440199333585154,33.00792399243243
-1.3441782028285947,30.51900498876846
-0.2384399842600955,32.55041021835019
0.1306355560444351,28.19028479676502
0.22341884285858568,25.889390739604156
0.1112137434301484,26.74498735396363
0.5713429696761417,27.62077102342649
0.9712445997187487,26.476012932684526
1.9920921369686226,26.263108358335316
1.5702893976946146,28.310989018823022
1.742602037075178,30.180332938906048
1.9825600850543,28.714960585717616
2.6846567093591167,30.36679924075186
4.44187299928095,31.420172888324604
5.915493316767643,30.840205867699524
7.917023052826827,31.77011851401877
8.40129612451765,31.75641623960703
10.036115664556545,30.73989274664628
10.916959559057654,28.69571896282426
11.089742047722888,27.20099354274397
12.305176938071757,27.485666163683803
11.990477083264144,29.845112227104607
9.247919055518313,29.59355650410066
9.775151346388203,30.570362407476715
8.9801026836358,27.579916676695426
10.373180204108293,27.534913096120437
10.575175075211389,27.729283492842658
9.993710865090435,26.60329210517423
9.226952756054581,25.251250801795475
8.152085405606895,23.966520506101705
9.782491312202513,23.71768479934565
12.312695185086879,21.157246702273444
12.95719861392141,21.09644677292011
14.541311560906063,21.592210543685017
15.584206652899852,21.136326338475772
12.697025657206348,22.459355938247608
11.566175942778393,23.355026712199688
10.00910562850186,23.75143497021574
10.525654420935751,25.11260016283919
10.73550514447979,24.58134067602544
8.68986225866458,23.42990316317567
9.367548706329472,23.353936600028444
11.4856405577827,23.088720284732325
11.405035078702005,22.612526483990752
12.160524600991238,23.233177597314917
11.38094798041523,24.547107692013302
11.940371352450471,25.87840948322039
11.20535987078298,25.55543743167468
10.374147958202025,25.822204907836696
12.43267891246409,26.05078323748821
12.808535466409733,24.42597306620635
10.367131742977236,26.00375094722952
10.306749475449239,24.7468030078889
12.167239490075131,23.82608652605993
14.541394811768761,22.20592270354753
15.828005747920086,20.793702693559744
17.235590170671088,20.49569828168171
16.74693795557076,19.609415402398593
17.413953576808286,19.025662963316055
18.03239788740361,20.286853709647033
16.674474379026552,19.841580865333615
17.757154196713625,21.267837180976464
17.348320201784347,20.609764712223217
18.207717973602172,19.34844729472517
17.279355756103666,21.553527779719115
18.169503245432335,21.50151354496101
18.00843678246589,22.33275855625296
18.802804584430184,20.055719470645446
17.797865688599142,18.652734852330664
18.84845745745426,20.185742382692847
20.00753395090217,18.80840705322502
20.899898188722013,19.627144709694534
18.97691559967132,19.164689004771223
20.10079198487407,17.40212010469183
20.93830746845528,19.09077131344062
22.02452892485715,19.621839405094722
23.035353041446985,18.60641930068797
20.936768445113557,17.98187796554863
22.656394619716004,17.69435171680125
23.680124314665242,17.46019315992413
23.431501323956148,17.792702776582466
23.846539054015988,18.887889209880928
22.906499595083762,17.816175971754884
21.521834040665457,17.816667316568275
19.801135159454834,18.207717973602172
22.39881438034274,17.75833289362096
23.63541137780542,17.510361359019086
24.980779631350096,18.169503245432335
25.314580076376043,17.194937551228655
25.464600372308947,15.765167777142128
26.266459367565815,16.582752697733532
26.477767562996423,16.32579830868155
26.927615254042028,14.614659506445598
26.07343486331258,13.43225791434334
27.582472399091,13.271192006542272
28.259493029186373,12.748268103998019
28.692129450587842,12.402374740470213
31.00136692510384,12.181716331738409
31.02723612529165,12.7552808465085
29.924604217189156,11.579492117439237
28.848346460143137,11.581187277947635
28.81686471272442,11.095132238417978
31.00841108638468,8.164653925372903
32.62876386434028,4.44187299928095
34.37827459915228,4.268543392163934
33.05003798825806,8.46736480189152
35.11306823976133,10.281379048033024
37.64510717718376,10.737685007800264
37.65883459147431,11.980150019976186
37.61195358442388,10.37608436080558
38.05806381720249,7.045775793014447
39.177940287918666,5.945463251430422
37.37510899673358,7.947878597799661
34.09819195185448,10.00910562850186
32.91475223132332,5.292476975126967
34.997836711783954,2.1633131048662797
36.165681719253605,1.0966693175842508
37.830803267140965,-0.38102795474027384
37.353419428178526,0.34150139651200717
38.66491403947284,1.1141456859470449
37.19440823068479,0.26954806180391366
36.73805154668801,-4.041138794030282
38.50793528585012,-4.70815032560626
39.931116406,-3.1337357231103757
39.910160355068506,-2.0588939547697906
38.47823955114975,-4.229009002256115
37.905484482335915,-3.8791477628750846
37.65363260952553,-3.167726696445621
37.70840719077736,-3.6318409618106196
35.400784019244455,-4.6163214112998565
36.83224702762456,-9.564820330314404
36.9986053251655,-8.668188272952596
37.606339474151504,-9.201182789652146
38.41697319094081,-17.42247862530028
40.28348835772421,-19.970568128993186
39.53602886864789,-22.209624904152044
36.00572006422812,-22.208847942523217
35.90942496050263,-22.34464671455924
35.31362653206067,-20.590438209751223
36.13044990006762,-22.34988573754285
36.07894579922222,-27.610328068767465
36.78556156611379,-33.24059738784378
36.7772865530752,-32.880598304677214
36.31603810255537,-34.29198350537277
35.327701747605275,-30.87115101636688
35.791255302271686,-30.314294645072657
35.368639280499956,-24.66075662813643
34.6055396104063,-25.42158715585155
31.947727643447607,-25.623637355613486
33.709972919560585,-28.994789484129697
32.83471198203554,-34.79843710587173
32.76096481562464,-33.609763988831304
33.487427797245914,-34.73287521063933
33.02372876449502,-33.69139100308753
34.916183526919184,-35.145483662968594
34.49349500530377,-33.42175067742192
35.00320611782072,-34.69848532656007
33.714126283565314,-36.39421266834361
34.30875666920742,-29.59045812701573
28.861649628555597,-28.517582393421694
31.389481758565744,-31.341335326179443
33.162044618336914,-36.47975390398505
32.97621795137132,-34.1494168939961
33.017363574033155,-34.10649753355541
34.09387769368062,-32.71439365513881
35.68882294068372,-35.5729085286629
35.970568109153525,-40.620101372605234
34.79962603115854,-42.08353742553003
33.95278962146973,-43.11195607744614
34.69243666399076,-41.55673892260853
34.65395783200144,-40.94431883680064
35.596165382536725,-39.504336210304075
35.42316145929156,-42.80979305942251
36.244109890679454,-47.735213344552285
35.574734195832505,-48.45222356353369
36.062275007030905,-45.9055738296213
37.28394653763401,-46.85742986726605
37.47047120012098,-46.49571531743349
35.65130654051181,-46.92853307284013
35.99611989589586,-50.486347547208624
33.52042811888191,-49.84819706356491
33.18522693525326,-48.477527169828264
33.29799123160961,-49.56284244444303
36.55073659341095,-47.87623940207323
36.44341165535033,-44.175660773750785
35.70309449843563,-43.67310224445306
34.67223867617447,-38.12794459933803
35.89207102311079,-38.928887924218365
33.87256747593471,-36.99777960882602
36.14019941614584,-37.62493455237272
35.51171456899725,-36.30488306927628
34.14584467017705,-32.6975166810054
33.77090061769436,-24.972253872143327
32.86550572808536,-27.000121019169093
32.21777602605062,-34.4788468552756
33.76640022207636,-37.72402062556374
34.17703897159806,-37.518020127019994
33.092461850075104,-36.57330284510844
33.93108650657567,-33.380150240119
34.77865297038007,-32.78130639585371
33.259794904261476,-31.653875507905322
33.73953836650711,-27.630990383176897
33.47249803830474,-25.633861382884724
34.236789724561056,-28.238544657703127
35.988204148250794,-25.413362523547327
34.6019247892519,-26.909774490253675
33.628467648490705,-25.076435997536027
33.97039718418939,-24.71845715922409
34.883892274993286,-23.303326547404925
35.07457154224697,-22.99582069521986
35.474430668407706,-22.240052969429644
34.863938323557335,-20.920257571878203
34.766579036724224,-15.922050221719129
32.596236664074844,-14.531559963830377
31.311308355500334,-11.864929038764284
31.33294095889246,-18.86686331603503
29.462798388968018,-21.45420868255217
28.280645047394632,-20.26723604916248
27.830696045110255,-21.101950745916895
28.280046083280673,-21.588922340893838
29.95722092839653,-21.57746726993804
30.687836466770758,-21.535294613033255
31.38792506485546,-20.895121966451924
30.36679924075186,-25.686123740919985
31.838522616133496,-26.045934555433565
30.9926067644162,-27.750874694280256
31.861963265330107,-33.34062408222194
33.069092372966985,-27.607673289412958
33.479514480238116,-25.356181670909
35.98590674019441,-24.623220913659004
37.316793675519236,-25.983704276044307
37.44543830519358,-25.387472115253647
37.21598915814309,-30.033489153820586
37.19542879624716,-32.97779082421449
39.26715771051059,-31.10057601164834
38.6481138094377,-30.77358776875834
40.52110050380436,-24.73220253494209
40.613761443283835,-22.867941747704013
39.4038618267651,-22.224997695351718
39.13110967227991,-22.941276145303952
39.52019791752022,-19.280185564346528
36.92761702310914,-19.649624058923063
36.17204827164616,-20.20461184620708
39.38152869968199,-22.462584355540375
41.34728648262358,-22.113447535308822
40.189003679980964,-23.80236262867536
41.672406153807444,-24.024684897065892
44.15211800627792,-25.526798578468597
43.788120650405624,-24.847176391917092
40.932083840953375,-28.666100311919134
41.12005913730399,-25.644293782863755
40.91819931659583,-25.60649672446071
42.862558257492175,-25.25873160564673
43.24218694980911,-30.8366952635901
43.41590503662917,-29.92381163789685
43.217795316661295,-28.14350127295179
43.29472238994155,-26.27005691313563
41.966411607616266,-24.96296624590325
40.948163445243495,-23.88423202850712
42.39089785450839,-27.026828190814708
40.34131042677128,-34.73374618158994
41.20716368429108,-31.45441140619578
40.62020428209042,-33.27486615075267
43.066690650923135,-31.679069272092057
44.112192391451664,-32.60777382790409
42.867940937622365,-29.096178571289066
43.51556605181284,-35.020641367544
42.413144107169956,-36.84536286178886
42.832173437327626,-40.41020412592978
43.92784579088664,-42.27734932188426
42.34148346987881,-39.672584531800524
42.65157984781085,-40.39490416382657
44.76153140393958,-42.47940575677238
41.85044841306081,-45.013475326309376
40.43821282820725,-39.466078957102845
43.65347851675962,-41.5723536002276
40.85768185795118,-38.739947476782454
41.38264915567384,-38.09051539712394
41.82187577893701,-34.75401910587226
42.78628951997713,-35.815613645999406
41.826827980155485,-34.887557436353134
43.73856547965186,-33.82081791306029
42.92845552219568,-28.642883928116746
42.682286406246654,-28.321179166072103
44.901066559833296,-30.513374924963756
46.403983880514716,-33.02317832601394
45.98862866526953,-33.6483862773749
45.44491864061549,-34.506542586307965
45.626015500067446,-33.24127983181783
47.207638633800634,-31.557287725499556
45.19892453978259,-28.30639127157367
43.80914029179513,-25.836060594139933
44.888236828689415,-26.51652592008619
46.14211188585972,-30.57358731313587
45.88597444166051,-25.021453539858616
45.702322043908225,-24.325830930585635
44.81494005593171,-28.771147390282554
46.400483929084025,-29.40093135469666
45.452572086554895,-26.167377154794487
46.1703249935805,-26.892585732067868
42.71589451547009,-24.66814929065046
44.88744557695281,-23.10120383102247
46.152634932957056,-21.04370639301384
44.405751336245814,-23.03705909372571
43.94835814076448,-17.967153814083403
45.05916242060047,-12.87012923917814
45.76159922985865,-18.285360019401473
46.4541694924665,-17.160976393956904
45.94464165311092,-16.02512871767323
46.39079091518432,-16.296392540295336
44.311516768788515,-13.766455169399961
40.3165993768832,-13.074904888325346
40.711582719829345,-15.64782381805478
42.65697463903101,-17.281304767107617
44.08921218751914,-9.896015612847545
44.44596743914311,-9.591099156755487
43.43473014868075,-8.278853476019513
43.84887464867682,-11.696314931569294
42.2328326987927,-11.150811764515801
42.9719195613529,-7.095738851885787
42.401467978799786,-11.42057109591737
45.026060108628364,-9.048829394277474
45.932383393664836,-12.823816276851332
47.92643769732724,-19.232554955376617
45.382270996420054,-19.378071957342748
46.07465520022749,-20.466703836781676
45.07736691569504,-20.352304922433003
42.72024435408396,-17.934441477103487
43.3189732550283,-17.273481328084163
44.420609367991446,-17.573084579569546
44.306026724865454,-15.69312534332428
46.04584693047727,-17.354973741530216
47.28294624266768,-12.640093452827129
47.02071295130606,-9.884258482153133
46.883292589612985,-7.82184064215668
48.02279142334045,-6.927643864028723
48.06953103632939,-7.24892298451503
47.807113473817665,-4.744946546850361
47.79455325240027,-6.889737937290598
46.084032922181244,-9.697265656199175
46.040367194918105,-10.386106942489869
46.92058820221636,-8.410729031625507
48.0640756090633,-5.644729179099336
49.857050374834415,-6.197096595487265
51.782086371733115,-5.039782849883057
51.94200728774618,-6.812383518023905
52.59265338055714,-7.105700324658344
51.59707528264523,-7.194402175013445
51.545118451838555,-3.779058626283777
52.364156797068944,-5.44865714964075
51.416755563060434,-5.131408120871457
50.697029591402206,-4.777385100934065
51.268501872349844,-4.063366418419541
52.496656498412456,-5.37789982133589
54.23610465860272,-6.96088789121831
53.27595220967748,-5.674725520774949
53.020238167752964,-9.434080087597481
53.2264878302763,-8.359404230590265
54.61432318099559,-5.571883138842328
54.66149480719084,-3.335360445330235
56.4011488350555,-1.1626673346505376
57.20553565892162,-0.6781467085721206
54.78767624905457,0.5670124392913432
54.0012780822879,3.6811661361440597
56.68925029315031,1.6982624874569572
55.66344213969214,-1.9489205454142873
57.14333376707239,-0.7037689087610888
58.189174050408546,1.4010235941081537
58.30776074128019,1.6938090107191386
57.403704561453154,2.029373013149792
57.74312900173002,2.434318002257025
57.719877788078065,2.6174478586990793
57.440227016645466,8.461954652545616
57.96979246264117,5.717595628309726
60.84390727329838,5.17936367517019
60.17606529628806,9.816754336913847
60.492243824277104,8.957144201441196
59.45355013692262,8.839648274231763
58.06718189137869,9.11448976287399
58.63130832583417,9.782491312202513
59.690550407555314,9.678540625298867
59.509159211154035,3.8930565632272724
58.183038568936425,8.888155004444378
56.857024874412424,11.32143465005789
54.611329042999955,11.387888470603835
55.23863251013114,10.373180204108293
53.32823283954208,8.93840922012741
53.27535362308155,9.91043804987286
53.29373616397196,9.965258874834518
54.25633919000088,10.786926242827484
56.33033195663767,9.3121305216788
56.25161086511401,10.831763634937944
54.366671696502976,12.167239490075131
54.14107065750521,12.056153494954476
55.34814815697386,12.733175223164682
55.087744329933706,13.213549418146531
55.02378720387745,14.755745279108313
55.99537347849643,16.6443443152972
55.89017985318892,15.3093345807106
55.08142763858285,15.405425228923528
52.404144616328416,16.75602966238103
52.80958363082095,15.935767233103197
50.99740472056535,15.095193094696043
50.56796356306949,15.307488420955123
50.7073380501186,15.279738666343192
50.7237773153229,15.523137445880296
51.327492846293374,15.239925815303298
50.828086387478834,16.433380080045577
48.964763424111176,15.44420546510453
49.637850995855466,14.345389563085835
50.53191324565608,14.272656223555732
50.72339499096753,14.687438171087013
52.87578390613708,15.17046623191406
53.56255028979235,15.259206467748466
55.585871191352346,15.829578356151702
53.38128370042794,16.421261522938952
52.83587201891481,16.344014248771366
52.51231400983525,15.385269600813512
51.73783130470585,16.274376013053676
51.98230188133678,16.81098174026893
51.67420990558673,16.216319189914564
52.59889029397659,17.205262340680363
55.0324271250175,19.713689598594872
53.05799766843576,17.48883990162414
53.44637226980427,17.426481792219906
55.09667946336303,18.472000292724474
52.694340162478284,18.42691942442701
54.78868296555352,18.7962744681125
55.36133577278296,18.65975745817145
54.664145723855135,21.481049964979135
52.245878437587,20.016552735368855
53.58293357236019,21.742011706360376
53.72617386975244,21.561614046717427
54.33637269875872,21.404965702553646
54.62751122704115,20.857365123141882
52.40830611464713,21.726110536246953
50.158704499428374,21.02923444742559
51.646129018638305,20.34715838667868
50.39769721056745,22.522900115465806
51.44541810978883,21.936589314691535
51.968886254657974,23.2235836708362
52.20420037384126,23.846539054015988
51.82019413312866,24.601811651625454
54.57099094411547,23.789077710639553
54.09231799077584,23.23991449913593
54.14360272661846,22.343728215306502
53.67379112102867,21.829270099898483
52.545954718843404,21.665569306451818
51.505609882560535,22.318299435740855
50.15692843096869,22.461388582898763
51.40282915724665,23.040709469244366
53.97235393774284,23.910481162891017
54.57968600527565,25.464600372308947
53.59158533162303,26.631557280188353
51.8202390736751,26.47732188394862
53.90111963453603,25.846985082220016
50.683758963186925,25.973158480902857
52.92758099048223,26.698508482249718
54.81404406304481,27.23553992409086
53.10822193918881,27.984287925163557
54.47440394827637,30.407224010838103
52.89322117088276,30.280209225139902
53.86515908677547,30.689563616997454
54.35146091395056,30.859517425937824
52.994691748029936,30.85694506379297
53.67810389662949,29.40563832383501
55.718615589368056,29.571613309203546
55.35617565459095,31.920476220086318
57.24259516736481,30.716039562119406
56.067492279453276,32.21777602605062
55.43169691706778,33.25808469685862
57.7173110089549,32.118299377362206
57.00167817570591,30.634321033728703
54.856589682362596,33.05252975540872
54.7326199130524,31.02723612529165
57.04572872119468,32.11922591374496
56.64696616329186,33.73953836650711
56.75321192668666,32.12284678153312
57.62755675360138,31.628690329821183
57.94079212155666,29.89759355009344
59.65880330643629,33.88062844756244
58.0358217980971,34.50271958234571
58.2626206078883,36.2905259812932
55.91624233887648,36.6858794075719
58.24136164544739,35.368639280499956
58.13604240846558,34.322090160684645
59.92686975100487,33.76640022207636
60.7353384531384,34.09819195185448
60.79977056940781,36.63289741160128
62.53957021859629,38.401575851734044
63.28201290497528,39.14008447873395
63.083217697198556,38.55839855980303
65.38224823589539,39.83354475744408
67.48316600587887,38.67394231986063
68.05729194291364,38.80482658453655
67.85666216741119,38.30159867622142
67.53169684296957,38.32702365346566
69.65301958321194,37.33146620169585
70.04177815997679,38.41697319094081
70.08044764508637,37.835400691335344
68.73314380724912,38.967208894331975
68.60056266949022,36.062275007030905
67.34735670688222,37.519186652831614
68.73062578329589,36.93143093209886
68.60079108115698,34.79962603115854
67.79095390299453,33.77090061769436
68.87990598837447,31.74648498834328
65.97229626765737,31.172621536086098
65.21392797065171,29.766200960805683
66.04543621254905,30.746814914667805
66.43323437472799,33.16446903883825
64.18143129804155,31.51856807103461
64.28194290354608,34.31986107868931
64.75744339208686,34.86098730237308
61.535522043970275,36.34084499181184
60.546381129623555,37.106262612063794
59.595317185929524,35.99611989589586
59.00215459024726,35.791255302271686
58.14469635728469,34.37827459915228
59.07420965238558,35.42316145929156
59.55127415285903,38.31474439163208
59.54549072650495,39.4038618267651
58.39999804594248,40.538171021310674
60.19536636324844,41.637496469343496
62.63610835202624,43.15563295610302
63.62927199041131,43.483280558736304
62.71476317114065,43.025339388078436
64.07358906975054,42.73977248181068
66.38476990842999,41.999558822491814
65.23657734086844,41.95279672436912
65.69854686263163,41.99553575515275
66.52820460254054,40.78970600715873
64.3509379902054,39.79586357164156
65.32610907569865,40.201001233627416
65.90334058392365,41.01085151555247
66.79577789416271,39.88551172162021
66.80104943432235,36.9338093867107
66.81096427204508,36.98426662200352
69.15888147486369,38.6615725406526
71.12902856574055,39.127450567612925
67.97206502695194,40.51262752826109
69.86719700767122,40.6163293023812
72.45529067706322,39.643940327510336
71.80082759764738,39.433294958851164
72.4783307980195,39.97556999058573
69.30690083013106,39.75716063692103
68.48226185468795,39.50422397421865
67.37884552366685,38.838960419600646
68.97009072565179,38.59706044189925
70.1425651706401,38.79988629460258
71.11708645584508,37.20176307239174
70.85860955397581,36.605014003156256
71.43836262255465,34.82112478181898
71.94556523336959,35.95951236371042
70.62772746816786,36.152166298414905
70.70737680669502,35.92750015639035
69.97678395866886,34.22807778890632
71.38249232104798,34.764746831662826
71.72409198841395,35.574734195832505
69.75107194377132,38.058976643783886
69.47814717086358,38.577482039906776
69.43604352536641,39.13110967227991
70.72402874126045,40.129976283262955
69.25778033869078,40.67228996617057
69.92308067321778,41.94232215489361
70.5094749869174,43.9293888133293
70.46331547949254,45.29265242002197
72.30439327973313,45.3720640332826
72.0566712744432,44.39779550876995
71.24645716092314,44.05282575619884
71.10359845260041,44.132729997378746
69.21375778028832,43.087005109796976
69.3477777795348,44.901066559833296
68.60439965315771,44.112192391451664
67.91319681531215,44.19079483591204
65.39615289057414,44.08921218751914
65.52998950094239,42.88631563542161
67.32849481479582,42.64666052795861
67.3135570495682,41.37310098165504
66.31343851292081,43.38457107584142
66.329970015206,43.465245331563146
63.125862024078835,44.252086888998015
65.20846625429935,43.92784579088664
66.79648029896677,43.918495650655444
66.57763899817994,43.68000553527968
70.27608753743867,42.06471194921983
70.08494714050563,42.63335106364941
71.10683020096847,42.58628763798674
70.65503961152628,43.68102664968545
71.24708932205381,43.72606981107074
73.83246325773327,44.09426703290623
72.96833359087377,44.33825552972571
72.6410217121742,43.953060017074044
71.98830002968387,43.43473014868075
72.04197466332378,44.96896890782128
70.95353087600543,44.7811050264502
72.9933652727825,45.304210696380466
71.86331974855933,44.934844685828544
72.61264284618493,44.67682492624789
71.10627411573472,44.18264081148703
70.72394760485975,44.76153140393958
70.85389604171998,44.93476295752297
71.08770857055174,45.36955366882616
70.46600673508802,44.306026724865454
71.34823432244649,43.19431651048205
70.46228025384805,42.82232532266867
73.37144050236225,44.767899883326116
73.73451592819421,44.39420887055696
73.48292057404522,44.80906447084425
70.48644936322009,43.88723227641231
70.25524332758687,44.7765575549253
69.62923355058403,45.918796841940015
71.69264986120766,46.28947398740291
70.84811713291884,46.14532033410637
71.15328590994174,45.50716818057485
71.23348081017404,45.128946534939665
70.21501464444145,44.94573100206326
70.53241108589101,44.64845918584065
69.55571171387481,44.15211800627792
68.90331386836196,45.47844069350398
66.74377413982427,45.626015500067446
66.24566912301076,46.05251303794276
66.56616704998055,45.76133371653274
64.36269202503503,46.281939359268165
64.09616340814495,44.946796164611264
63.75222033765662,45.96110352250677
63.761253906829765,45.38047308814336
63.06896110288132,45.42298778414406
64.66893280540641,45.578470545885004
65.30988883122403,45.80303240304776
66.31405508788899,45.960693040285875
65.70420171810981,45.57452935641488
67.61054034452017,46.682399366518425
67.7002370123011,46.300096178890335
66.86192806206657,46.619419979805905
67.04906259898401,47.02071295130606
67.34682688021053,47.74139870305973
65.43414681359994,48.41729264646661
65.58585378581523,47.6477732596546
64.73535541019886,47.1260600579583
66.02896114335307,48.363876687711034
65.92750618562266,49.035219345857726
66.11571464007454,49.83080824481964
67.97142307942099,50.71419875284567
69.68548856799903,50.26979075097839
70.1291354367417,49.55896687775984
70.03360268828185,51.097887844229696
70.17856304479065,52.41932113257107
70.11157495181843,52.32389029904812
69.83000302505872,53.566414963509686
70.04087440621153,53.85296432553376
72.35092420029923,54.25633919000088
74.55843514374273,55.36133577278296
72.51916578414799,55.68635784483697
73.90062311177967,56.870043790934616
75.63890633951951,58.345276289264206
75.97289168779781,57.10772416536608
75.97191809340408,58.24211821926071
77.28369958930317,59.28551570103607
77.09128219712014,60.43553564078705
78.51823479218972,60.19536636324844
79.09208628212467,59.86632608785907
79.33180576039253,60.15570726131443
80.23238514701218,59.848924525301015
79.91300938963933,60.619055265135195
81.06153977255445,62.47484603450012
81.50261763073154,65.0858399193155
80.27975479359932,63.88699137842785
80.91745412046389,63.125862024078835
80.27626247457813,63.1162081687188
81.6747357970693,64.61898661926377
82.02701120570015,65.27822281643049
81.82547390683506,65.23657734086844
82.98381470186446,65.22069148539495
83.3653191660757,68.87858756139693
83.5497942837336,69.01172158698294
84.04294617249933,68.05435852114346
85.42417832801135,69.15105206779783
86.91583736548617,70.27608753743867
87.61170943733288,69.58059527653643
87.72548697102167,69.38962001423032
88.72281945674105,69.97387652413884
88.42601709851739,69.74110313584322
88.53310324762788,69.63581577627771
91.12516696461866,70.08044764508637
91.55786638547643,70.06308692141614
91.47636288706222,70.20352739462892
90.76100765596537,69.794000036767
91.38804418569117,69.53520324570079
90.41981852462837,70.55933935368587
90.73039662481578,70.84540640158076
94.73979672776596,70.95353087600543
94.46535612520644,71.84338514646043
95.4961525459771,71.16172714439982
96.61516642992619,71.67265567451756
98.14807018878196,71.07778252667288
99.01200958158705,71.70802999391456
99.5747230111332,73.67845430433383
96.79213464817872,72.9326449256607
96.61565322840423,75.07246160471755
97.07262368157959,75.92147975082841
94.93029814439933,77.8230180912382
94.34340070905745,76.7646594051633
94.447349085381,77.24091772730726
94.00509309047385,80.07986031731602
93.5897105541673,77.77824848519145
92.68718958590219,79.36257892097709
91.31093340972694,80.32571719799569
91.94620686448282,79.33180576039253
89.66910080477909,78.78995071157472
87.2920733266274,80.18990458522454
89.54332150324522,78.49533428730591
90.5068902027042,79.10823958691637
89.75438411722487,79.9673549528924
88.64529244020272,79.88610062552144
88.58141847239317,80.33743676129424
89.31220482661044,80.99643880172438
91.98201636092084,81.06153977255445
90.49638859461412,81.55636767012079
89.6883322461051,81.36354541466456
89.91675661898175,81.32111857504997
88.85981649130204,79.48721776721415
93.02410728653099,79.58200070784528
95.60795226701721,80.06990168209049
94.4038570939152,78.50166105916443
93.0053452798326,77.53686331363193
92.31335113226162,77.23603197781397
91.30097199233626,77.53033808476815
92.02297850535174,76.10213260005699
89.56961622710666,75.86462236201375
92.7563667523113,74.58346810253245
92.3286499932977,75.0036464673905
93.69333106136996,77.60366331826086
93.47616618176056,76.92676367375084
94.61638911184059,77.07244772144857
93.79779901909639,76.03638790249543
96.92396579904647,75.53203322469075
94.97281498543752,76.45041648545975
95.58332120737856,77.52117159191924
94.84500856210991,77.26542982483815
95.09217514056802,75.2007943868935
96.5334833389237,77.50817223483597
97.58642635921815,78.14204273806666
96.91782544859853,78.28675104742408
95.54472323762555,78.49578000873166
96.53473601084886,79.71454397721887
93.87314402707284,80.77710809490159
93.48147753576556,81.02305678342692
91.05020332098253,84.46014181419999
94.54361849373596,85.7558229774495
90.59811995723483,85.62456314163958
91.01330520553954,84.75629466255704
88.53720858400527,85.95562087785174
89.33739558658024,85.1619376869209
87.16161376208832,85.63000607818218
85.38288637062281,85.86646121336564
87.62041376992424,84.83772181517116
87.2217383457109,86.12855560118433
85.48643171407407,85.88978777168462
84.74827651348063,84.68065680857534
86.90006809913855,86.93805141127324
87.63194198675266,88.66610844525842
89.9601129559455,87.70886726986133
88.85357472097157,87.91968878120325
89.31560926439312,87.59434395486028
89.11419525187968,86.05729864158774
87.2045747890043,86.09896290751735
87.12176619497653,86.73578751911846
86.23714285130775,86.87984789547505
87.74656547819575,86.33147495145592
87.55709018229821,84.92275384448536
87.26464457474798,82.93411335501365
87.6224534891601,83.56562691244326
90.93685888060318,82.86567372778447
90.9688912795533,80.60079462359195
92.12611513501787,80.09253289732851
94.85662516342718,78.51823479218972
92.38107898755905,78.22448913959278
90.42598652357532,77.54543618717338
90.04952490481594,74.9005549322662
92.61213161296394,74.5922364457656
95.211597381129,75.06421504434249
97.01842566739674,77.8271129832124
96.5343794941894,81.21070074273068
96.18524926351127,82.33044576502621
96.02892600280742,78.98870729373624
93.16208700713499,78.80578930596333
96.4668424121654,78.0505172004312
97.4928884643554,77.71081688388868
97.5368635505865,76.83961035258092
99.18359954706595,75.28061937021315
102.5014562468445,75.81383715054467
99.86796184986834,78.34555874984439
98.47508602892829,79.11489705240743
97.8759173210839,79.96392177744804
97.4660488669443,80.80490976338196
97.18390377863282,80.77137173989719
97.48452282648182,82.25960850553236
96.37489008297162,82.02508538327558
97.46092178528183,82.52185461562127
97.11061338207156,82.51034210627144
95.38553740521792,83.58172001887897
95.53640134573412,84.13149310397215
94.85812293175728,82.87984949161866
92.69244109435276,82.8497746079291
90.72370489845645,84.03569715515593
91.72430755147045,86.71846039546801
91.0434358170406,87.03445162178691
92.7079441068839,85.95703528475937
91.2435208497581,88.35680825439819
91.43353914072023,87.10204103260914
92.16887851041537,88.4063721409896
91.10898551086447,89.89103502468808
91.36854215872631,88.50003031310267
92.22851012001719,88.77288933996586
91.25798695290625,87.55553680807263
90.18704642007592,88.00567924342623
88.9794195056123,87.48758400782178
88.30104833080264,87.37342204884398
88.35680825439819,87.30214485885702
88.38134910362767,87.40877232865357
89.23313943023086,87.404382381165
88.73363258336907,85.2224024786137
89.0928000391454,87.19073325187766
88.78359213553485,87.78422044472202
88.25487928817132,88.33828073721787
86.95216539974595,87.45569732585749
87.40649837680492,87.8913910117943
85.43929094213973,88.68041298749296
85.11205599002211,88.38134910362767
82.99218744380546,89.98868144734918
87.17386922784232,90.4540143511749
87.27933858250194,90.42178870126332
88.49370260649569,89.91675661898175
89.55788353873805,89.9601129559455
90.62844078124218,89.52982112779291
91.14394033992549,90.36116084773668
92.1799783801572,90.2464984750241
90.99469488676438,89.88944401076606
89.33588665687722,89.92980534303459
89.11034124151556,89.04810442039489
88.48296245642263,88.5955349102098
86.74563890488085,87.88860544626608
87.94886339930162,87.44389067793762
87.59434395486028,87.96928150809912
89.12346576471947,88.22664802728697
88.88783621859098,87.70654359878372
89.89592830112865,87.45931416343456
88.77288933996586,87.8870439909273
87.48758400782178,88.85279639367408
83.13651109855086,89.93898989217507
84.93441775364477,90.05742799689388
85.20062799610925,89.57359392629766
85.95562087785174,89.99003844044692
84.83772181517116,89.65158027927994
83.8355597218869,88.63726179460654
83.9478016784029,89.33739558658024
83.04898616946807,89.3472014654982
83.36272729715796,88.87146826724555
85.78553917604647,88.08259447260197
85.2224024786137,89.0684045864084
86.79120958647135,88.81323190797424
85.78350637542263,89.1265951521007
86.09896290751735,90.44058571340416
85.67940095927715,89.57824418559012
85.06030149411554,89.33068795496308
84.18652705964385,87.63194198675266
83.72106897435467,85.64244227029931
83.60479661710121,85.3856723799577
83.21683469565644,86.21240820298574
83.82014531082866,85.63704967701344
82.90556817141267,85.8732682200003
82.21524757142282,87.27933858250194
83.9098479410309,88.59808008099152
81.80501545477699,89.11419525187968
82.82372513843269,89.16773961112509
84.20081017448183,88.17562272595491
84.44878606317494,85.76643820222519
84.16287667732462,85.59257005240796
82.33044576502621,86.10622411900904
84.01407040047313,86.38458959410521
81.47951252822855,86.22964504701781
82.65232173654084,84.59120237053398
84.11427309493115,84.2848006307987
82.88190100146622,85.1558324510745
83.23016414102975,84.21454425105819
81.67597268121646,85.18642456557122
83.22888143257086,83.77419515529552
81.37919461369825,84.77228737512395
81.39389633839406,85.38229583708008
80.09474185409756,84.56316356736453
77.50392518217521,82.92165539983388
77.0096517716725,84.76732651198137
76.52889264834727,84.93441775364477
75.85095855701695,85.2334475571223
77.04173929534767,85.41722559929009
78.38970912946463,85.29952198776093
78.34808946668615,86.94069416270337
75.83965528206821,87.62837293288038
76.36922238890186,87.4722179509429
75.18010536835463,85.2531735741155
76.62628110504048,85.24048221027927
77.04959549507424,86.1726711804288
76.86347372263847,85.27967923067561
75.87298218271836,84.80488755616256
76.98396121639604,83.45191833709173
77.4511340551201,81.88753631984922
78.9388892901399,83.02653346386158
79.8038781506012,82.5204441329149
80.42880840656473,83.98068412230815
80.26130676393771,84.18652705964385
79.69137710323061,83.10911367321681
78.05235307250284,83.04193956526471
77.34848132600051,83.3865495652104
79.11489705240743,83.17447048546552
77.65046421894121,83.097915778194
77.89517392303328,83.4145316851983
77.80777365986586,84.04718936869547
78.87241455526606,84.54174818190013
81.40291495557476,83.3647142591754
83.2246655587971,84.35324391309065
83.67300388959048,83.52790208438279
84.58734178922744,84.08958362145222
86.74777090568166,83.70588936394073
88.5955349102098,84.01407040047313
86.94069416270337,85.27758835644491
88.61282681549284,85.37375866136875
90.69008651551451,84.66095746292542
89.63723084309675,85.04820981158139
90.01651334240199,84.02889252267106
91.68633670142974,83.0034677127849
90.65259216576665,82.15639427618775
91.90115592757151,82.16629969764811
91.91458586917919,83.09421965985115
92.12024819492348,84.79036043003853
93.09171141779551,85.88902569920961
95.18144675083576,87.49183295512125
94.63460751306584,86.91583736548617
94.6319879977885,86.32070367999748
93.24759105689486,84.69130485111239
94.14998556724433,85.07748754905698
94.91884302340712,84.83545046324647
98.05339912882512,85.58556274127824
96.79702621479257,86.81486286993614
98.00957753946702,88.46982443085847
96.01968771054548,87.97700441791794
95.92680097037073,87.81490509806866
95.8170176981302,88.34295216311557
95.59402231789946,88.7212234215135
93.34395021189395,89.04241142564152
94.45125268635975,88.9794195056123
92.96135995625525,88.49512479436518
94.21840065696851,87.43185209312648
94.44658956598899,88.41781465890743
93.29400242098357,89.31221126749918
93.31704077637194,89.33588665687722
91.68628423556551,89.02074492229711
91.56478903154523,88.85357472097157
92.91993643789279,90.19780555563786
93.97608339871431,90.63927089616445
93.27787307364858,90.83597056013727
91.81955617070874,91.05197658993065
93.92749059504202,91.83414852999586
96.26362126867406,93.58558580324963
96.3789110565745,92.52052937105672
95.60226151068365,92.24936427947021
94.41971024909203,92.7970877136754
96.08616343826984,94.57425423446283
96.83852284317584,93.70469424520483
98.08856266948895,92.38077472042986
99.74695156007766,92.2542569042704
101.50464090136235,93.48247526863544
102.347144237835,93.59907920648423
100.790314047718,92.38107898755905
101.59733270226401,92.83086104201927
100.03909249171306,92.72770758426634
100.06602372960823,92.44627389704418
101.33358392349051,92.33081248817679
102.44524281019136,91.0535127930952
103.0899966063507,91.8299228776295
102.96594313882596,91.18083548948779
105.70950509415638,90.33979707846974
107.24128896479161,90.47238453387642
107.11196458564098,91.07187664883145
104.43988052453469,90.84909909089396
102.85012631484231,90.5068902027042
103.00828550882022,90.60344755886089
102.78745219084098,89.6883322461051
101.03060388164883,88.56985642060855
100.84310481862293,88.40991615087295
100.30976403901916,87.79511771069608
100.14296232699705,86.79230430240725
95.57611074267697,87.98510815643085
96.68594264426332,86.68093058679887
95.18437445484813,87.21988256468825
96.47382220300833,85.45655825827833
96.58051763141276,84.70110454371276
95.38233680694972,84.89806559575942
94.57425423446283,83.35688076389876
96.60878091582292,83.21683469565644
98.4201549350575,83.67266578474545
98.1650448134357,84.27176971046777
97.04900859680797,82.52347355683283
96.7084184762594,81.66647140345167
97.12378902977463,81.6747357970693
98.30392090535922,81.58502931786391
101.51828303678106,80.29442304949747
99.92224724143173,80.27626247457813
98.61017032791588,78.82897381317704
98.0189085418456,76.1755351424287
95.30996098880857,75.43754058315895
95.99623758089176,73.77959512140683
95.6101561517893,73.40438760458028
94.92085523747552,73.39041847807972
96.74821411519244,72.13436565737811
96.83975734744409,72.98767782941562
97.96800660381655,71.7374948995411
97.87409764699464,71.69950498323672
96.9019387993215,72.86847193606116
94.552344012708,72.85789109518653
97.01577951409904,72.39697667160432
98.21150099457998,71.08450645937191
95.02552056082865,70.94697547915331
93.6504530952732,70.52359728583897
94.84777486581736,71.24645716092314
96.6443572208987,70.59833903133475
96.86227773815551,70.2540906185346
97.23298351305856,69.55571171387481
96.92986835322208,67.97142307942099
98.63543056079727,66.92503909862008
99.10998229362654,67.32065262408533
98.97044252094695,67.05527757135356
99.62874521392284,65.26781755051412
96.07606692666745,64.64710081029163
95.40242471383198,62.88482268192922
95.92405448569131,61.767049923393365
97.80946619897117,62.100948288588974
98.43240318687957,62.206753263816424
101.04539929758742,62.62341809863554
103.04275553284081,63.09379967409263
100.78607298770547,62.44708194103227
100.50012915179575,62.598236576226434
101.45432996364947,62.66146583456887
101.09648034803199,61.907969795273104
103.16562663114796,60.53833319850976
103.19531605468099,60.83237467700882
102.91595769702903,60.01573358802005
103.80240602397852,60.0095872471224
106.23531531311556,59.633797227700924
103.62709694394763,60.19579999538803
104.19947351794251,60.19326901655615
105.32836193416179,60.810990625289406
104.48584800756792,60.88692518012853
105.28982447440636,60.122174490600635
107.17915195414616,60.88580370688751
106.31176795995698,60.07931679264814
107.63718550143922,60.35180496297012
111.37394737210595,59.65182720249227
107.80371316425835,59.626990112407704
107.3533774086033,59.60429178540033
106.78919208331266,59.44057534285674
107.7576448236363,58.12008344998757
111.424985098737,57.74892323809837
112.70886353942375,59.13711793811902
111.08786827592827,59.65880330643629
111.59512062833859,59.58330860024545
110.885476738356,58.09080566778586
110.93873851857724,59.152967535925285
109.83677958139833,59.40573398725441
110.57302135385271,58.40105466251628
110.3861161714768,59.1087554477186
111.11232682179863,59.8590522482088
109.85835895148222,60.66681754386068
111.7349069500922,60.84650722744446
111.39276616740207,60.46408146908096
113.53992201659739,60.09588674168674
112.84105146914317,59.91323845236405
114.57760175996758,59.03944567618235
113.20150171305345,58.31663935607247
115.79482466210777,57.60538941572553
117.63151708093542,57.74312900173002
115.79229743372919,56.68925029315031
115.44222535451323,56.64696616329186
116.6871640137192,55.76533763617223
116.84846217111968,54.88682946880653
118.1549869941121,54.08596249096411
119.83751497171046,54.14223354207339
122.7088282744489,53.82349034515073
124.14184829797692,55.08196128986645
121.52737687393902,54.229292213356146
122.69953489824823,54.21446836394075
122.77284289645429,53.67810389662949
125.22742438215606,52.86562000379382
127.14295540327669,53.226926852197984
125.77661350560885,54.23610465860272
126.55061193935582,56.067492279453276
126.86169317235948,58.72192090452679
128.47096676157713,59.26181505409336
130.30665374449046,58.791283271914104
129.4041292407173,58.42980413541397
129.90850422138115,57.888322559916716
129.25352273033124,57.5287005390014
126.83235921075537,57.92131424834865
125.85428243169703,58.19035475753275
125.5240699035062,56.83990390664628
125.94005202841818,57.19253756166593
126.21635826269853,57.3437102041627
124.82510541955054,57.7173110089549
125.67703853870738,56.88368257700937
126.71831345563827,56.87579424608686
128.5652615966272,56.98834728502919
129.75719389968035,58.37766123043757
132.41246260722866,58.17459036064155
132.9396072037514,57.22959614333187
132.33237263321809,58.787677895513546
133.02904178448614,58.02227178280606
133.1222286092712,57.689079759743514
134.93694468552388,58.339923715410826
135.09919176660767,58.32233725079106
134.54552754716516,58.50426231689918
132.82298549544328,57.344555955645006
131.9235589103852,58.89426440708493
130.3020470563047,58.96535316083644
133.64950145508828,58.13604240846558
133.91780854918474,58.61885962997176
136.98329885384769,59.088028959816384
136.85289539401495,59.09328937988559
135.78326780338796,59.8109784964303
135.20108790943146,60.5098216124085
134.70912529933202,60.26170977225194
135.54270833060036,61.115174099839564
135.91343156981065,60.66477927497925
135.5374480478956,59.722778687477756
136.97395378285444,59.509159211154035
138.98158063705645,59.624139243478986
137.5098549180844,60.4524367373505
137.0044473558237,59.736142988624245
138.46797094020485,59.08542323143062
138.87400056091354,58.562746364422566
135.93637393818963,58.12731665991675
137.0798472113713,58.267858289523794
134.349377962463,58.45549860536822
134.8230386402527,58.85111791886634
136.71893747090735,58.915577795941246
138.10635071506016,57.18883830054015
139.76373667567296,57.01371212907452
139.1283588364094,58.489274060784226
140.13238797810325,58.19254345218907
142.07319552926472,58.48625524325464
141.68189371009447,58.82932884962945
141.11080920929683,58.5522965059043
138.9459303535981,58.25963452553431
143.13382685543255,58.813730611353
143.24454189573828,58.98449802298619
143.29574347967718,58.97795878228934
145.1466477855025,57.71228524445162
146.58356619394254,59.33295603190951
147.14749359367534,59.52347189079385
146.69995542934558,57.95692377826973
145.05025231613266,57.88941697970258
145.92106884082963,56.922712489973364
146.87863719183323,58.16096794203491
146.53683917486777,57.260872260854775
147.44720733913184,56.86764009413835
146.19404879492242,56.32267442809814
144.4268490905581,57.786375483386486
145.5990642908009,58.84824954371352
144.40918469059665,58.17282761611072
145.30059262753377,57.861912007857406
143.18395815360205,57.338167996747785
144.47528820612797,56.857024874412424
146.47232559513319,56.36526254593648
146.78387670119145,56.65100703233494
145.0731291360479,54.55984721657696
147.16402819569117,54.78112461379446
149.50433644690793,53.01699537981852
148.13673852037516,54.12277512276435
149.28377653479112,53.89492307073789
148.88787404178862,53.621395928047896
150.21179263598162,54.435574112137296
150.8967223349621,55.767345634959945
150.33593559598066,55.783716447582165
151.58491127636333,56.73587985934363
150.46099089308228,57.227814076556456
149.1281731187545,55.89017985318892
148.6206297817397,55.238813365079324
149.10773752169527,55.700019838982726
151.39902143741674,55.85521658430534
150.35321328935416,57.46639157773226
152.66182107839265,57.816237617530305
156.0834085297204,58.39598298865677
154.88069918707646,58.75618457228808
155.76537416643063,59.544732837484844
154.42502289910374,58.541600962897604
155.75919065685903,58.99203514658795
156.16348888853705,57.60265365250157
157.27075680700707,57.86447829809028
159.71652950927862,57.904653535179996
160.49433229048208,56.3281051375388
162.10627318567606,55.59009913559084
162.43144140143787,56.4253361907503
161.7770441238013,56.36613317471433
164.08407341064884,55.37693528188545
163.9157431973268,53.27535362308155
161.86307922187095,52.51231400983525
162.57872035555283,54.24884389684426
162.75863876713993,54.93641878890131
161.99538362422967,51.70418713755744
159.7312157999757,54.07343478492612
158.89297938082586,51.49644956425248
157.76744653242247,50.522922146479125
158.25404874110947,50.24912163083719
159.24352403320162,51.94191730582582
157.5913649828997,52.26176263342762
159.2843018906754,50.068352206203755
157.45865530554045,52.28846601549392
157.989310222524,52.10725710987083
158.23227887783906,51.94200728774618
158.65295021389875,51.27952001669564
160.56111432349948,50.66697170277562
161.6504025601015,50.56796356306949
162.6461723881327,48.90214061450974
164.2302986788785,48.16087998141481
164.2361237090102,50.02139054893029
165.01286106796593,50.341888528183915
163.78745056942395,50.683758963186925
162.87074668122722,49.57941063537084
166.55532288708858,51.313243961017285
164.23800788546234,49.26307004959904
164.00372799776787,50.661353055086025
162.99935978043925,50.770975580147194
163.45356505691768,51.268501872349844
162.0177775781615,52.14194466182333
163.82895089905153,50.42135832651754
163.72176206817164,51.06265743355288
161.94846950133288,51.09310628084331
161.3464437280668,49.39206797915588
160.4231948885749,48.945552699786326
161.2568030681475,49.64503787331094
162.6956483576458,51.48608355485178
160.81577286728628,49.76240965771743
161.2741641075223,50.966592581003226
161.41191421672497,51.44541810978883
162.1266053885699,52.594437375107844
162.1308636612122,53.38133198556732
160.41282674865067,53.441385871548576
161.96377055951427,53.42305206451309
161.37961761009592,51.82019413312866
161.29824018723565,54.13918218574004
162.6067080064248,54.4140092339778
164.49737322938483,54.64210570918406
165.26785987006087,54.0012780822879
162.0614266843103,55.66344213969214
159.7437277016688,53.58293357236019
158.20435271260277,54.4589499626761
156.97586217237617,56.34943122261978
155.57846641606395,57.024410590397416
156.9945111061789,57.76490813008538
159.51133645948215,58.2626206078883
159.28938399042624,58.35139896385088
159.42947671945072,57.40167427040165
160.9728096825491,57.20553565892162
162.54793524635554,57.01268694916044
163.9447495247301,57.269531004609355
164.97999250804048,57.65899825513979
164.59447205777084,57.26980285893127
162.57991000614413,55.90489511882665
164.21295721176506,56.69547546613268
162.76063661200763,57.620695979787136
162.42852519286922,58.41100091832539
165.43222983040886,57.93961622263722
165.0931034590144,57.348023703231725
163.9535109222086,56.732321840967806
161.5610734066081,55.14959964104801
161.3064826324586,55.07681784936343
160.5035806002901,53.24924113602377
159.83984698181348,51.8197608534515
159.59784453558473,51.88909313615773
159.2645225038232,51.93366491503557
158.5753570050733,50.13453230159362
157.23709146552022,51.78632674028023
158.38763293517655,52.20420037384126
160.3046639604446,53.30495475889766
159.20028518813,53.21425569655796
160.53867163342957,51.61567182889758
161.31614660971204,51.53931875257519
159.59977842883427,51.12835355931203
158.8677166162336,50.259509352651015
159.7592304068107,52.43983357129055
160.12470940408085,51.67420990558673
161.76669442620374,50.40250524690646
162.0208836240341,48.624171119772754
163.9983018230398,48.73852366299466
164.13445822691045,48.71899750200092
163.0847785032611,47.4145585486409
163.41281879974156,47.44742792177025
165.62646705978582,46.29504774862508
166.73625443930734,46.51596218654085
167.08835089077152,45.90976366301085
164.42454464661557,46.3232569904781
165.4647078504288,46.15219223369721
167.26694094597823,47.31099303710807
167.7326770116978,46.56106248481965
169.6743082545652,46.799970791180506
169.11920974328143,45.898909919973065
166.51606093359075,45.95833983267583
166.2179592113245,46.268319714146386
165.1604521500629,46.340871307880256
164.58973581568688,46.252971368956885
163.97327853398255,46.14211188585972
164.33853607740278,46.80474155383934
163.25983756589446,46.18399518786374
162.57676275618297,45.380890862332855
161.25064807564064,44.750687456645
163.60396831592044,44.75629531765942
166.1241578836654,44.70631813652265
167.30910968609678,44.746863991553845
165.42158757473786,45.19534615955625
164.17818528780126,45.77277697993866
162.89297429200306,45.38494221725976
162.23632506948908,44.88744557695281
161.7253214032444,45.09900004871164
159.9808213924765,44.724390544850635
160.2899278997205,44.56292539707838
157.57694019689998,44.4394711894007
157.87410314265384,44.958780180287526
157.35979769955352,44.808836562842686
159.63881977590566,42.734250868226276
160.07926966229547,42.72344465532107
158.73580340568873,42.14008679430321
156.37597481534488,43.31509368500732
156.17078852750006,43.12697948232962
156.08285097415046,44.07862157592917
156.1859575159499,42.867940937622365
155.7713309292606,40.86121107626797
157.31952741006776,41.291160205262344
157.1550618286159,43.24218694980911
157.31175764831923,42.71589451547009
156.885443451247,42.97749507622221
155.75599539867196,41.20716368429108
156.5634553871866,42.62733820285051
157.43658958796394,43.95401709377668
158.5553874348611,42.61713989742556
157.61682547588623,40.543678829377136
157.5490012426761,40.749482096101595
159.15738638020574,41.68316377245412
158.13682138728674,41.593924468377296
156.44651459005738,40.647600137549226
155.91249979438282,40.39810513111891
156.79178831399562,41.672406153807444
154.98064352193757,40.06159589268644
154.190659506756,40.507227774601354
154.39436407580646,42.18649895462628
154.40667536353695,42.366571180687274
153.18089197224452,42.096454061923986
152.93770254557109,42.669148548943554
153.4016543638922,42.2328326987927
153.47410733721253,41.09694286303878
154.9800400551408,40.62175619131628
157.8077035606589,40.10985564183102
158.08694466996894,40.217434453717956
158.40288765155884,39.78359625196575
157.86811884607357,39.98560821835762
158.25060405300036,40.267123411846704
159.6289757387315,40.7735447715601
158.57348452799624,40.5023305926753
160.79119434287446,40.25440140866527
162.10327201631918,40.28152528828674
160.71279518732547,39.796961467596965
162.21206172407548,39.11241124448191
160.17036905082358,39.8242357354282
159.61263132132373,39.34609298552531
159.08397288225856,38.568634718527896
159.5442874770911,39.362831072665216
158.44383810348018,40.66820318233477
157.12927809652118,41.16900453480396
156.88244367813053,40.510516782333745
156.93099401655505,41.13778154311596
153.50853990804924,40.85864164536119
153.00828593958957,40.89802869715856
154.41813877410704,40.932083840953375
152.54340268901467,41.505180970778284
154.63122561256017,40.65816040621403
157.82027873221548,39.88407231397863
157.21114449562282,41.44027565378931
157.18204167388325,41.940039359018506
157.0302065023377,43.951548111766144
156.73903133057686,43.74916006623086
157.42484538663348,43.16717151660542
158.73881098055978,42.39293361532036
159.72901100288993,44.012019767654515
156.8269439883686,43.70812155224051
156.4110301255072,44.01493507191669
156.06946140746686,44.15956733167181
156.89278602005413,42.991666836812875
159.9880309386813,42.27232827928966
157.26968916164154,42.24185263134854
156.55751543052918,43.37127334001432
155.17849958284884,43.62860174449195
154.7725798134698,43.61508729256262
153.61176095466726,43.71672069927823
153.84248324719292,43.76581402073977
155.44293303375406,42.682286406246654
155.13342411161906,41.34728648262358
153.22352866453417,39.904847209926324
154.95482670235526,40.55427614371617
154.3178538977836,40.49838630889892
153.9494427828026,40.70724845063097
155.9837215260234,39.96377149100573
154.49767694950597,37.79033690052721
154.20828902188057,37.505473621928424
154.5732174838469,38.36613667142894
154.43963354371,38.50793528585012
155.44131991708517,38.16061370588124
155.70881451723963,37.80136962236564
154.77262836162922,38.61343896734322
154.36221656004267,38.28321135413998
153.7861707834632,38.54009035713632
152.93077852428698,40.08132867180158
153.12643631562526,40.97169894465752
153.40436555228823,42.333100655835494
153.78575006503874,43.49195800415048
156.45047562878167,44.14655318634699
157.8584037008835,43.3189732550283
157.5686326414709,43.98030902877095
158.97305196126908,43.34242005474605
158.98007048718148,43.788120650405624
159.4186375953221,44.55849797341864
156.72258364967882,44.919416412520356
157.97496971236498,45.57085791401366
158.60734049343347,45.53562241080359
159.17406726049867,45.33111630133087
157.80413222550217,46.43634217097109
159.56325506034798,46.405738583085316
161.4795925272837,46.89638381754693
164.038201636798,47.21347198642971
164.58852506762852,47.28294624266768
162.8842376012294,47.31616853516847
161.4816171310457,47.85827647129256
159.04910723559502,47.14507960881356
159.36883725241736,46.841908144670356
160.722460239413,47.771852732087694
162.32713546281525,47.5097749338673
161.36838096467747,48.13775200631549
163.82809390662226,47.989665940641
164.08714977212065,46.18118097288493
165.4951928501081,44.76617091074043
166.97333848162353,42.87232254700199
169.87864174360107,44.72810608988844
168.00897039266624,44.84319616422822
165.78341874021902,45.026060108628364
164.56302431111095,46.040367194918105
163.74143438909277,44.592635949117
161.42357826186688,44.9876797407946
160.13794634555128,44.027201753021544
159.38437978702598,43.97214946059611
156.85968459694215,43.09053468935147
155.03983404252998,46.400483929084025
152.63809034029256,47.03513218727826
155.34528881229406,46.90462146883107
155.26953328114902,47.583806883997894
155.2940064802468,47.14977712343419
155.0132810962554,47.41729252255618
155.3581441992166,47.655684998557675
155.3883629596611,48.109664674969274
154.59894926016895,48.07187976659036
154.95951991604088,47.91941072035559
154.91703649210157,46.38431825103152
152.51349620180181,46.149308705584566
154.31803387125973,46.35936673873722
155.80043784768,47.050094292252744
153.1275319511787,47.2810760061192
154.30925977738806,47.054121775324944
155.45866308865507,45.54149361064401
155.49106463371183,45.96041589315318
154.61274730309648,48.05789661345372
152.12869826457396,45.78168027847124
154.08240315944738,45.932383393664836
153.42683109012995,46.06126899306497
154.7824452351345,45.51365172633536
156.61404968113493,46.505764405403156
158.00864385337758,46.05628196995477
161.82140803808952,45.721599743394016
161.92241997617268,45.18661077682607
160.8267468901746,44.801188430097554
157.7457287598007,44.54533217778246
158.545906056946,45.22473667175396
157.31283705259565,45.77497472395229
158.69510106410843,45.94464165311092
156.02380321073704,44.21513053984291
155.2131990497337,45.38646586739581
155.35756211055917,45.49863995281839
155.57255759779136,46.3800534286226
157.865776244616,46.88686787085855
157.45750706037444,47.96515016127303
158.34809171131718,47.050405249542784
157.8073240268958,46.52586220678585
159.67089843880365,46.84267140652918
160.84626582836162,45.07736691569504
160.02110084046603,44.93939892705101
160.06157529117226,41.852893881701846
162.11328275385623,40.840551494917285
161.2541976429683,41.55197979406139
160.2646109208419,40.56574243034057
160.71311762527532,41.02600040582759
158.47455297025687,41.03527781217607
158.70567505024295,41.01485012648024
159.12649083319164,41.533749032442756
160.1683282596294,41.966411607616266
161.20601361058692,40.75399780042206
164.1561302818603,40.870729975236934
163.02443052911985,41.854156507391735
161.62424367633574,40.33061681697768
161.4898367979959,41.27420250355377
159.1165521992109,41.85044841306081
158.7825692337524,41.142513874085324
157.73325531824108,42.663681215768314
157.22954932100208,42.02739829624644
156.7929092812706,43.8549853485326
158.76948998070935,41.45730182964701
157.39004502433957,41.85589015012843
158.59596529302496,43.1418184817464
158.3234801214942,42.88096806690152
159.14099652590215,44.238810606043685
159.06160873833838,43.95941073024368
159.03146424516027,43.3292870892173
157.71413855636715,44.78592155361964
157.93013021100631,44.20051494887499
156.63489652105994,43.58629424637666
156.4724193353584,43.08910169361696
157.9062753503258,42.9719195613529
160.92538162447005,42.49246719260724
161.79195893111455,41.84830626786731
161.78874598261882,40.78834881068132
161.03656027461213,39.84667379579236
162.3180318034385,40.23570626603056
163.5467605338354,41.38264915567384
161.74783561073428,43.80429149443185
158.50760302540255,43.42133567289318
157.12369467365033,42.19622747633419
157.56043723361734,42.39652540433523
156.62497573435812,42.13578371708356
155.6513404838278,43.944136095510906
156.08851947892404,45.61604220789487
156.66470868973923,46.90799685293461
154.27156883526442,47.001985625134054
155.57924032785448,46.75478395095537
155.99720797677435,48.672464536881975
156.38564533768687,48.787005906251586
157.38279578066528,49.43666302809345
157.19625917170336,49.46233225527634
156.353212784655,49.11683635490684
159.97827158277005,49.14008462286893
160.50553560000748,49.37866159755823
160.54207051209244,48.63803797103038
161.67362632474476,49.71897172977619
161.31614181504239,49.588601394244236
160.460908307751,50.081108575190825
160.5687830835348,49.551794773535335
162.62091579474495,49.013676309882754
164.65416415401296,49.01006711825644
164.63723253343446,49.18556000537129
163.3635076025803,48.278716832585225
162.73369489981908,47.9034550527967
164.19429212997974,48.23481310738494
163.82093863899988,48.602631573717616
163.81404167872367,49.387439083510756
164.4035663926216,49.86812089865366
165.80761147027124,50.02253667554285
165.07328352802358,49.8720529380877
166.87682147642764,48.93935807456227
167.53218742093864,49.08825947408669
169.18839553793978,48.548143025853925
169.46204069122678,48.17435653244129
172.18246102802433,47.19043571976991
174.99932186181178,47.896331856809844
176.70395259702673,47.78048420578583
174.50626888414325,48.54564335593305
175.70121423876412,48.80071852366262
175.09581162189684,49.7606512715286
175.16370637522792,49.13880563992918
175.09118807710675,49.35200103953583
172.96866703923138,51.382273863340316
173.7261407071026,50.932774791171894
174.66101222309214,51.30284227511589
174.29370282511158,49.97140370710245
173.08413239494232,50.99203999399784
173.61931542023902,50.48542937807653
174.46551712728927,49.30336422048253
175.01863757702657,50.27303035280535
173.82428930430152,50.260891387496365
173.87962486818486,49.998456350714186
175.30466841433227,50.05583665664613
175.71227753205397,51.964272031393534
175.57044314490318,51.80797667002971
175.54611870615085,51.46482313200319
176.21579227362068,52.364156797068944
176.50020725714904,50.51162941539535
177.04346864125316,51.649644459870714
178.9082757220122,52.053277304185045
178.06508066316871,51.70144999346537
176.9835579832928,50.93502562857923
174.5419796896999,51.70433166160791
174.57080519282812,51.97454223491604
173.73378314267316,52.183725081041935
174.66656812446953,50.52899367981639
172.7722346262845,50.15692843096869
171.2877794430009,51.59707528264523
173.04513695697298,49.91946658511004
174.9751385085558,50.13961268717711
177.0217601554946,48.73867977798825
176.65744666268077,48.67598605596668
174.68992084456337,49.58531422658285
171.1632796322886,50.035915510208866
172.03980955837753,50.315694370084245
171.57647329896156,50.474012845629986
170.73446433403032,52.52302617575222
168.34803961926136,52.16314552303509
166.9083860067678,52.87082180181239
165.9763712102063,52.5360867383509
165.5433090570784,52.85887910883051
163.62338415052906,52.312943886358646
164.27402891169797,51.936779924923044
164.09672372534465,50.7073380501186
163.6803008557457,50.04778333465217
163.36691796894854,49.53277101371713
162.4148523169158,49.555870673407014
164.80035755051648,49.5411173058172
165.4528374606446,49.597167707167785
163.50247754394735,48.88189875445535
162.9793352858406,49.87019330457922
162.5577077197008,49.32976226816975
162.52359047014943,49.96410353916897
161.18997191501057,49.98110251614833
159.64648153530547,52.128968359396296
158.24982572218832,52.74467264340781
158.60324541713237,52.006230164268544
156.0778087273209,54.169439324699454
155.73454703617358,56.44754086805782
156.44465380719927,57.723644632988645
155.61151155789736,58.34306055134318
157.25093109080922,58.79822367403295
157.94990938371706,58.40226733408523
157.73556490735274,60.83741439622683
157.65876698028404,60.2141351267441
157.11417081513687,60.155488824916596
157.07584520560388,58.43477825070091
156.0009612769964,57.517563728471174
154.0178097420393,55.16164099748719
156.57039693179198,55.358474473650695
156.30052379897035,55.079756407212514
158.4583568340381,55.99371970959498
156.86834459419208,57.23564216236733
157.51013536769545,56.857970759940564
155.3806745781861,56.85873000187009
154.3912754544625,56.832868889133316
153.68447683531812,57.558416794096466
152.35472982558858,57.719877788078065
154.23091449004966,54.48666841319701
155.40192496521715,54.57099094411547
156.53503683195038,53.32537771280258
157.1788141335823,53.45562205784357
158.2954190911281,53.97235393774284
159.6692828280578,54.07903811785251
161.4161563482694,54.080112453539265
160.3365143563144,54.62070584691624
161.32163441427022,54.78868296555352
161.47359496216097,56.646632336285776
160.59215220985874,56.025155978108714
158.46455675667687,56.31704179431808
157.14783502859888,56.31095395232146
157.64690505812874,58.30776074128019
157.49666872364597,58.484358884643854
156.4703173771834,57.399750321792084
154.7197716491176,55.98847153558427
153.9298124257293,56.75321192668666
156.68989990186762,57.51528796939442
157.22338357142874,57.52011740815231
158.27680995667237,57.54782936974741
157.56033922451493,57.46609451064733
159.0847759972139,55.289405882539704
159.5469103536587,57.04572872119468
160.80733259202066,56.83920427082762
160.37215416999874,53.533037401907784
160.05210703057696,52.87072717285512
160.38356580621416,54.851359595847185
159.69799185442164,55.21491212529472
159.98838829889235,56.34232660302374
161.93604984294748,55.3783100227042
162.3201219889199,53.043035885891875
158.21730093120337,53.08810590620929
158.50876333389684,55.41006890725109
158.84124376110825,58.59086536177732
161.07739104599847,58.39999804594248
160.26558844744724,55.85621986053141
159.82142985700298,56.95938898780496
159.96292755351536,55.60080712383228
159.1288039731815,57.35448378466452
160.13549223434285,58.14469635728469
158.29574552433712,56.317549001967066
159.0395020347532,53.00790513934145
159.93215964584508,52.985705624408894
159.94254981077196,55.39271524591649
159.1267644161119,55.27943096406998
159.54683065328572,58.175878717455156
160.79342378430397,55.4760179012673
162.89950564770072,56.657256596975905
163.86957754617126,58.183038568936425
164.46272140978874,58.43243097747295
163.0035834344668,59.228140539518975
163.33538018245403,59.19556728210848
162.5367531743694,59.38749509929967
161.21885783860517,58.376999115221935
160.9205710349512,59.11694302665808
160.53670783299083,59.63339892972141
162.0778463416159,59.71185142246947
161.54128231172658,59.903931627355824
161.04002454277256,60.918691355986475
161.18697521741467,60.77582082618367
160.38459818691885,60.34441313740946
160.43245464142888,59.97301596999217
162.37475286181518,60.42725837151481
160.64499701804334,60.42120369273161
161.55360342227834,58.544068622909165
161.8278258803517,57.09113781565496
159.58122502240784,56.5314926161426
160.58845317940373,55.60339362377388
160.90398636373655,57.1497212384418
161.42932318454362,59.98386557089077
159.86383530242256,59.694664432897426
162.0280881010558,59.503836195729896
158.04146781898444,58.20489394514263
160.34388614203004,59.205751237494525
162.11592479637534,60.266880235200034
162.37671252180724,60.73594931036205
161.57454948964065,59.77971274131587
161.30240917220277,59.854259017107246
162.43963360164904,58.51608173260358
161.31622555617577,58.38032677064041
158.21681148714933,58.026021313695104
155.1400161972941,58.30116263514344
155.80351045423075,57.04939179220932
157.47528109760984,57.78023825789131
157.89113228496197,55.47895695690776
159.5628707705274,56.47004568901138
161.2261103472964,57.49865234711664
161.7597016123616,58.599647876945454
162.70042254737373,58.60683648620974
161.7636657057733,60.1428558866997
160.84355214161448,59.88574112319247
162.55161044679102,59.01739187443713
160.5588072434634,59.467490073857526
159.88576688664998,59.901165046851055
157.47848824356916,59.82724215513564
157.7618446344583,58.658512528195146
155.84727678252455,58.24453665745664
155.23534056298269,58.4314461597492
153.09362064121126,57.469447860036716
153.84866807738535,58.5706762377777
153.93173986601423,59.54549072650495
153.7559306243295,56.83156582540617
150.64993683832458,55.50097407044972
149.5415930393422,54.210142231369076
150.178341523581,53.96396266448712
149.5400177816795,51.57872895589032
148.96233493154415,52.487024683191024
147.67892793304298,51.165745304316324
145.98672526370393,51.751339559134856
146.74531216925507,52.89322117088276
144.7327653712091,52.359908141677984
143.2908886667172,52.32347227216076
141.30515128219352,52.38101891217191
139.12402709614517,52.56073967316558
140.54916136835516,53.50360217705436
140.2723816375815,55.0324271250175
140.32068553726631,52.49201535160911
139.39959197217058,52.553108824854846
139.20081252323945,51.134290218405525
138.90141174077286,49.204626555031254
139.9129443243957,50.45097243748398
138.7420275679828,48.96564457923623
137.5029180403083,47.95941727137878
137.27903651042786,47.512668809584085
134.08622472073486,46.79585028274061
133.30564224877756,46.569815630801784
134.11554750644035,47.258138487834046
135.95142072530777,46.91011170734856
139.47215086826444,46.481509174827295
136.82077922800931,46.39079091518432
137.01958836075,46.1093220639352
133.94128530009013,46.27816175675625
133.88607563996163,45.90153446929713
134.7235458592386,44.71583935601728
136.51529581294395,43.04206319923184
135.5544812774966,44.038075292809864
138.58128872457308,45.0670621093995
141.53878409049196,43.81681886713795
143.71919886217793,44.97303965552645
144.43442413383437,46.30587928112987
143.8092182765926,44.41822759193255
142.44439770493557,45.382270996420054
141.60680447805495,44.405751336245814
141.03658425139372,44.41447090106748
142.59154186111928,44.283730729235735
141.82352544645255,43.712287406853605
144.85483860446493,44.35644766423626
145.7276993487469,45.20216570924654
145.05222989165387,42.42638234297743
143.97733075915266,42.92845552219568
145.35944225640804,41.640567210792646
146.86431604335172,43.069221604865575
147.99770811773294,41.7856474149613
147.82775203299164,42.257532121563166
146.4442204081329,43.65825493129167
148.16077393017974,41.87269401201145
146.18718267721894,42.413144107169956
146.38639386445004,41.228628132244765
146.27920642880082,42.65697463903101
149.83574902463153,43.19908029130221
150.08098344011486,42.702848590837746
149.7600005733494,41.16058217891152
150.37348616311135,42.85780634808063
150.75451501880093,43.02351254790258
150.9236643390679,43.34339059511997
149.60712373497478,42.96947023574308
148.70850265097968,44.81042098223878
149.35784665361297,43.88107538873009
150.31073486856135,43.65347851675962
151.74646160076395,44.595486853675425
152.76950166709028,46.27149585873422
151.79360945778336,45.38823034389682
153.20926408756708,45.43245148450475
156.01461202526184,46.18698278810653
158.11918586285185,46.07627381070956
159.35928122526656,45.96931019071066
162.17025349300818,45.59149821048325
162.5681805505008,46.04584693047727
164.60625481316112,45.59829850241092
163.2984121892565,43.54271670881186
163.54565627157663,42.6499237537766
160.32188529977878,42.890903184494796
161.78827006277174,41.86400555046987
162.0285808950047,41.17849489927244
161.49433700690994,41.401219759937206
162.1043641263309,41.826913530883196
161.1778250802646,41.2299327356564
161.0392242870854,41.14199152125062
161.07520830179192,41.14196052025936
162.57898667084598,41.614692096708396
162.19045271888825,42.64384557902618
163.5795837687935,42.75966926114676
162.40442902232692,41.059409372986856
164.1943146652944,40.59318396386706
162.49410613960754,40.980759869078256
161.95308353570857,41.08621057843564
162.29840879577347,39.34110737371416
160.91442143640924,40.480634689133865
161.24323742581026,42.067890141946805
160.05499845344357,42.289516155605526
159.0580899203757,41.17718260626136
160.01874576573198,39.81703752960808
160.63032816689045,38.14195760074903
162.1510232844103,38.6481138094377
160.96164472015226,36.634413079746736
161.7336163118697,36.21253413172147
160.00388234433808,35.92991323567492
160.85965937390267,35.19067664187749
161.85869337873285,36.02745807379391
159.0035431005934,36.661667570090295
159.00890344182676,36.11992521017982
157.00712539974847,36.2928461281145
156.59799255731807,37.635708123682406
155.5586031501771,35.339499836051054
153.59578379512047,33.826156495349096
149.93182342630737,31.44210615927237
148.28636781391754,32.51305341567685
151.3968464045442,32.629721589891496
151.5469095844652,32.254049354704506
151.56901287928667,33.37541027688144
152.12771336781177,34.78720116097343
153.87402429885944,36.17204827164616
155.0389015437474,35.64077626199981
154.48254014196297,35.16520814276858
154.91042225319728,35.72270381207194
155.06040526245488,35.81513301270152
154.87610014302476,35.03822372339519
154.3796436497261,33.86984195033315
152.44237313165127,34.19081164319459
151.45494709929548,33.58392925314955
150.59247945737903,32.123403453397145
151.89725391912845,33.45327115803863
152.0644356846672,33.877328037134276
152.76246536014926,34.50549179197378
155.08673450873118,32.48498317152306
154.4854224077717,31.008603369377102
156.29529959903343,32.83471198203554
153.5167665693284,31.79776431034666
150.1003107084033,30.868443670201682
149.68572378728376,31.718805578923106
150.49173237081206,32.23431971113153
150.76298529436576,31.27274963564071
153.33481672098603,33.092461850075104
152.51398873968233,34.883892274993286
152.86547799996487,35.100683817197364
152.59024210434404,34.916183526919184
151.37729296047192,34.93825423212346
151.78481951095623,36.486933907817274
151.20845673768008,34.537342779030716
151.5592452612038,34.54616246845171
148.57390733180773,34.712962246769585
146.16079884738775,35.22563435115364
143.8613582277311,35.963111748858296
144.84500416078453,35.31203021924768
145.0624332460368,33.02372876449502
146.61237670919493,30.52932501022308
146.99429011697083,30.449906787567812
144.70510296506507,29.457989615697347
144.40461477798237,29.6541833507462
142.5916797196638,28.264661212527315
142.32837704823302,28.296390024052325
141.58259622710636,26.76708363833996
141.8926971206528,27.5908630006053
138.7481859558252,27.843778336563663
136.7215678317158,27.636118104324215
137.71044195853275,26.08634447060904
141.4132661628344,26.373460476856646
141.8495604483976,26.183247102157647
142.80493745077268,26.082691771157545
142.0531850523477,25.314580076376043
143.46144321701425,24.948130142869278
144.79588441998592,25.260796285654216
144.32132254753145,24.261796543145753
145.01703582769045,24.04686201168528
141.29986049286,24.95773785343229
142.95420046171333,26.47041364935766
144.77661877043565,26.169389902181393
142.83578796157687,28.178363504297856
142.57719886826322,27.35736452945077
140.34152588620125,27.34935288520646
141.53540340129075,26.80875941270998
139.24196657101626,27.205588533240388
139.31808079295882,26.495550205919944
137.63472062324547,28.168360910487827
137.23253961018005,28.425048503164657
139.5538371385868,26.801151695043913
138.3889262251301,27.66363674603505
139.40014249903186,26.52388186216156
135.80737994293906,26.38203794727341
135.57863885914108,25.91667809463469
136.75689914566755,28.121478982581767
135.38539332185778,27.426013687205792
135.81784544579756,27.86181998131262
137.140248161867,28.08775691431435
138.4781424312686,28.939220072754605
138.0751509283938,33.52042811888191
137.08887109579913,34.24643716883833
137.38125766252546,34.63946832144432
133.56780132535675,33.93981956336449
135.08614149477714,35.835755318409575
135.96909312036405,35.95885754485808
139.57467021154974,35.31824655788979
138.6554836512612,35.957148762172835
137.9453133091902,35.70727455115756
139.07270717700803,34.27561885313354
136.400387342877,32.03885059417121
134.8141266659158,32.97621795137132
136.20211209316696,33.05003798825806
134.59062061924294,32.596236664074844
134.40898469263212,32.52840575655014
134.66325697267726,30.792267972062746
134.8340107877327,30.77559216424875
136.404891091578,33.04156327115551
136.4458247788963,33.80328088474904
137.9930165927765,35.90942496050263
138.5884681109526,38.258919599648415
140.53688321545042,38.86621586860309
140.13997052175634,36.92761702310914
138.94957194164894,37.63506561469297
140.71928978471354,36.95085646336839
141.46500207662442,37.55351402098103
142.44447841076646,37.326526562190416
142.71060111634253,38.62621802960012
142.31358936509008,36.84878816745714
142.76471984017653,36.47716521972205
142.54926749832927,37.205238231928746
144.5147079395489,36.00572006422812
146.55305473756638,36.0508655533965
145.1977366555217,36.66803353611975
143.8703413449077,37.37510899673358
145.39770584938165,38.57582954207104
144.56762306564994,38.04968680161075
143.58171235476303,40.69795580078533
142.9409196078019,39.662930971926315
143.3808660462954,40.730483231604744
141.28399221552306,41.6364507078548
138.3815915126568,41.24644254359353
137.57360287339714,42.12848947469753
138.68405750393453,44.79746384707318
139.80875978100966,44.763356575418484
140.8804389400955,43.41590503662917
142.0034924126779,42.104219010198676
142.56816149720927,40.03500445025559
141.09418298104993,40.78185728255413
141.03561794003193,38.646630743426456
140.55028070971852,36.98168841220145
141.04973219673408,34.43559897980287
144.0339273857156,32.43554760793873
142.07234812772734,31.962204795741712
143.92886140908627,28.764896225090904
142.67509087853603,28.692593885736
141.27517469985105,28.280645047394632
142.61110562790464,27.58667858521182
143.94907347487714,27.629864280521772
143.31373753349956,25.451471316798347
142.31516191529244,26.793223183873316
142.33285804652525,27.79452873346167
142.36985055412168,28.114574176742366
140.5839213133817,29.407772933818347
141.41923474561503,29.340308253406892
140.94853574383953,28.74862461037456
141.17765701161056,27.138075586205627
141.19422983813155,27.510604356596673
141.8261135203077,26.707894260997982
143.23896868029553,27.768468185261813
142.5837347598964,28.405712766374272
143.826309160246,28.302837610718463
146.12765235368474,27.75450624885316
148.52490528044146,27.815890479675456
148.7670492533535,28.194064232532966
149.1536678881328,27.830696045110255
147.9079066089718,28.470140630855116
148.86245058568144,28.158036774713946
148.9016689198399,28.739419400655372
147.58263013043901,29.030252346236573
147.7894689674508,29.75266804866856
146.52525527424652,29.462798388968018
150.9769388873601,29.406189067573738
152.45401615799454,30.216219752196338
150.58381169091382,29.048813376766336
151.94423456196296,28.828388736931263
153.07789108652682,29.292588737324685
151.08461815998294,29.177871237807537
152.27170253679947,28.21089747297646
150.89424172963,30.330982180187085
152.5293184084252,30.77015545732704
151.45732692453993,32.470330159224645
151.13855730752417,32.59717297191706
150.81526998396683,29.12628518740059
150.68050152233036,30.841652730719293
152.99621946567072,29.556885626957303
153.87785956621457,30.89307938091565
150.73214539347939,28.8548573337492
152.76728136034563,29.385785308792332
153.2635200077414,28.444151366009006
153.61030169715463,28.017252496825222
151.39977328121049,28.58577860487952
152.4444970209384,28.85673049131609
149.25970576824915,29.31117928453235
146.89189582194228,28.74828482710134
145.07567393749358,29.318467897303
143.39854235695222,29.347664668240093
145.0075596126509,29.87950446089322
150.25118298221648,29.897918095582472
148.98734811307003,31.757314572269024
150.76035526481894,29.97607827152129
152.2525997586842,29.468416094765235
150.32051884079533,30.268671577316216
150.03812273864253,29.512305480202084
150.39036591362787,31.772744982968568
150.5720874686636,33.450594666392334
150.44993470267704,30.66453192313884
147.68911247282696,29.85787101785726
148.2089621564092,31.881672986838176
146.49869803315346,30.24534041777265
147.28174198565145,29.15634745372274
146.93677194820745,29.669392773683217
147.29709267761572,28.361218613140526
148.0905300519396,27.537880740751948
148.4294558477514,27.379682186231268
147.24723425705452,27.83796133741326
146.79377827140308,26.40735917184172
148.36072123618848,26.992919012473838
147.2326244918123,28.14030149928978
145.9782267466608,27.39451377581887
145.49055718235778,27.582472399091
144.73131953742018,28.82031823936467
143.7473232297216,28.416189056190987
144.93922607016341,29.785496683377264
144.46780356731736,29.965139569566116
142.35577658845855,29.618718877392226
143.1368881175654,29.95722092839653
143.12411205671285,30.220631582618903
142.48466060139563,31.15692163908449
141.70540026970926,33.60796831690025
141.68097856787978,35.70309449843563
142.09578172093654,36.67849017392692
143.49291574875517,37.8594219444655
143.93958943676074,36.01447962936761
144.89790907589742,36.854943940829884
143.71812575276434,37.19440823068479
142.9609525029589,36.165681719253605
145.0709521736147,35.84506635211765
146.2841025363398,36.96820671155842
147.47245294085874,35.60880407931206
147.09082579186153,35.99521975456537
147.03790107148174,34.144685944098015
150.07164118707965,33.813482931696
152.22576459447615,34.65395783200144
153.52097950117277,34.750738534776055
154.87762068585516,33.680600610262644
154.8880842057372,33.94587524888939
153.51699957828907,34.86840091668602
152.13369445682144,35.76704137242399
152.5086003218998,36.66193957358873
149.52930481224072,37.96117964894275
145.24598941222428,38.343935479975904
145.44444116875687,39.3450106892679
143.20821233281094,39.33213233038628
144.46642442415688,36.90288483958289
143.94993151536323,37.04544018323492
143.77520847268275,38.54810087480485
146.15178357921897,37.65883459147431
146.60549424143787,38.34121507544505
146.030054842924,37.70178587874529
145.56109660739088,35.43059711430982
148.37023841215643,36.02642991786845
146.4153902600641,36.023318030704615
146.44173076949076,34.41568575901587
146.3036817768241,34.31097790908258
147.507858643908,33.798395517172786
147.40897122130838,34.77150306018752
149.16271094693894,34.56838082344315
147.63328247663807,34.69010954029741
146.40725232947898,34.09387769368062
148.60525642294277,32.39683792660728
149.12138192565047,32.94000208398354
148.77149352930238,31.947727643447607
150.89692560133122,28.558483860703035
148.75481835037613,28.25526236293539
147.87887352125327,27.972205980491857
149.58847912225437,27.47311785509961
147.93200692833807,26.960536623060893
149.58919816749804,27.30615784679931
147.6148990006304,26.311376386747817
148.16839134510062,25.256232575359054
150.3625502599098,23.846147482516905
149.7424130839385,24.65080474667224
151.8467335028724,24.28138916558793
151.66514900182705,23.804284741195925
148.85118391226743,23.890747312340515
147.97598660148407,22.10713286285125
149.95713729939598,23.185587229493922
148.66962662254934,22.295847243046396
149.57499030097028,21.19194981029302
148.92844960107195,21.17363591945985
148.6676818637782,21.886938062056394
146.58230239732555,22.48264647558795
145.7724394138855,22.274461561860008
148.27425684644587,20.765861945665755
147.50548655399265,19.511480062064592
146.55874646948044,18.825111015043092
148.16585462724257,20.195958625413763
148.311822589695,19.331383025142628
147.58623394030147,18.24847749478745
147.93755275112088,19.019152431135115
148.12674586715536,20.027488409364572
146.9683895372593,19.833796273386277
147.5423151383541,18.758233543367485
147.49000740664962,19.70247144742506
147.13842832613466,20.047479709997166
149.8843185340053,20.33194556076201
149.80535219563464,19.226164126742212
151.77174157428712,19.27776308197624
153.45402275787382,20.79144603288907
153.55358803886534,20.57811932931331
153.80077874827833,18.90137190816312
152.00150011541191,18.24027075770257
152.67517290910348,17.79390181367944
153.39468368342415,16.777234044133895
152.75531303990195,15.552317765758648
154.7345669980598,15.33532744003676
152.3256785325132,14.654674638922659
150.5868339373818,14.665377407864318
151.5340858844407,16.4479619989203
153.31496355208745,15.718348618492493
153.54701760060667,15.30065855374923
152.60678562979422,13.727352860624524
152.0082508471486,13.682655406589571
153.4989450788612,14.699252935254574
154.56316758115594,14.65018252865423
153.27265252986797,12.863724011860594
154.72094164541832,12.592559403744756
154.26413532439776,12.405906183081921
153.0295594448411,13.469775841288216
153.35336645341442,14.542627757946232
153.49471035273348,15.256213653791459
151.1190438329953,16.219941532866386
147.55006997862952,14.34240599286334
146.77072077063767,15.04390882563328
146.4397634663303,15.534626966840994
146.29861845420277,16.13569392855999
144.38838289776822,14.988701503591534
145.34237171803352,14.897709875371126
148.52346374565846,14.627573335567043
148.47791052973653,13.430094151625756
148.39531127875372,14.93816863942426
147.7633637947013,16.124611753308173
146.9846457770405,16.204852618278537
149.88047643246898,17.93985478489142
150.93307585328887,18.40875618499774
151.0742673194551,18.22438169395108
150.90411179907684,18.150231418656467
150.51225052356102,18.86095126227214
149.5779749269534,20.651042892954635
150.16482322798996,20.480879962075417
151.40690669736247,21.747999432356146
151.43365176706857,21.75508636871671
150.51629289209237,22.02452892485715
150.73666261027478,22.27813206409888
151.1586501215528,22.748149780406123
150.68625247638803,23.261573738057024
148.78580404548316,22.39881438034274
148.887211668816,22.973911563291725
148.92476319572484,24.265356887876173
146.80971289196145,24.602566490986934
145.11632448261338,26.134456755364827
142.995104070194,25.798759361342224
143.44946088411686,24.93337519741302
142.58222166779748,25.878464520039866
141.54281095253782,26.073272732890572
140.92405073824642,26.294614524599467
140.30986853633908,26.685954764904782
140.18131306762814,24.485573952917754
138.27547020778763,24.067070676445574
139.12309669857044,24.010712065728285
138.37499800482323,24.557636133459358
138.16013153670184,24.610025130971323
136.22160713893098,26.111420843112974
137.48133426506777,24.706527946948277
138.8001036124671,24.545310522306494
137.19434824816588,24.918271101110225
137.04048551752152,23.026518002358685
138.35350443992246,22.95327504605551
139.49585494348676,23.165843063304564
138.66028570919727,23.293776330534484
137.19951827007387,22.483836691821228
139.73380737375166,21.114858739337038
140.23270322924185,21.128714515831167
141.06976352886846,21.652576770780865
142.03522490323508,21.353916145730686
139.5881007843546,20.944071123582198
139.5814669635506,21.986213467873192
140.43882352357812,20.056063834665967
138.47065558986444,20.178959565515058
137.75957136745353,19.388288598501536
137.65010424706279,19.94442027966562
136.8713182645541,21.390562995426485
135.18059924027048,20.287344608651697
133.85715735612317,20.116461204478146
133.67174535506194,20.00753395090217
132.74611648748814,20.28025408944644
132.1719635525023,20.91409201165166
131.95604722134303,21.18741743829366
131.7495331479545,20.788733262891604
132.9482867857243,20.295959269903598
131.7393759506753,21.877622539867478
134.25587769098448,21.80840142010247
131.87178029425806,21.6840913868404
133.01226602231625,20.359299236881295
131.60916457117543,21.28895756277769
133.113221016568,21.128934204328132
132.0451251182439,20.821234636767063
129.82933093578976,20.751416524472567
130.14951166456493,20.665834038826524
130.51474084500785,20.484250788587545
133.8586635801821,21.516744839623207
132.58026019968247,22.504755506018313
132.78493765567308,22.688751542055815
134.5492140062842,23.56142250805272
134.2408021268464,22.729847547168678
135.29299846742606,23.088841736493517
137.1310390974922,23.41705407421377
135.12746807319039,23.21478751693361
134.47820538612504,20.21130748230109
131.81649179306118,20.223016450413116
130.68706123705047,19.636974296059165
130.4014062751975,21.521834040665457
130.62643450662324,22.17909824497957
129.7979441282858,22.549142381204813
129.16916187524356,21.995970280268207
127.29397000837481,21.944815103285528
126.41625715250842,23.083448521886382
123.64846407880412,23.83613933517868
122.72543475581942,25.902968416360604
121.25200758200755,26.362930581170406
119.81783987552407,25.63805713550365
120.50119305023826,25.285009401464144
123.29022304675003,25.25329570462207
122.13223459986062,25.11970452196217
120.67647347174805,26.504662754620885
119.4631373330098,25.052011734822933
119.10277498552401,26.090289222938235
118.66449301695745,25.885174782048452
119.10033338243018,25.976034626141693
121.03706594679814,27.25194732225618
120.31819123057764,27.047054165281565
120.22384455086026,24.509585984191506
120.2874224651202,23.172452701845597
120.41658808794813,23.88864114813693
119.09428121988421,23.075837127650413
119.01210596422014,23.90803000755831
118.43426137565923,23.99665572253033
115.55740145666044,23.360227809168695
118.11371759683661,24.158211740275163
119.03189131777896,26.042771844560615
119.6011753499508,27.28936005574403
121.19270943391578,26.05308641355092
122.58442007987414,26.578857602205115
123.71735953047833,26.93908595386781
124.25527603502874,27.859553238335725
125.33495286748953,27.999157830828945
126.78216147968197,27.60575674672462
126.3073000372881,29.329630729806055
126.0567814988115,28.599982388278402
123.78178395033817,29.395318725821017
123.49019226750012,29.120638124969297
125.25825914275912,30.88412997475645
127.41878102270408,29.13472270491946
128.52020005801987,27.60857699683767
129.23732643027793,27.86434667361641
129.77523718479034,27.82972531030304
131.63877764987276,27.51819787234809
131.95208755105492,28.590890200781587
133.01405175209985,31.531666739948992
133.34937430429693,33.479514480238116
132.9191373358414,31.274903248217267
135.01716365896152,32.62876386434028
133.51365181040288,33.18522693525326
135.97791912792977,33.08410721410264
135.22137928827786,30.95020622820335
135.25426988945304,30.68811363736543
137.37559650016973,30.497250634410452
138.73462256782074,33.04821159956847
136.17870799977769,31.841678839584834
135.81314726612922,32.69539026519704
134.90265576171439,33.122283456478236
135.5949189263304,34.12856646179165
133.8234368373226,34.597968520733474
133.14563642641102,35.26739282939429
133.72563411429027,35.96505871446903
134.62585878272836,36.193864386430796
133.82575734494353,36.41178307385568
133.40262517128488,37.58606780651627
130.97839063348556,36.570423310337915
131.73643137397806,38.91247514780766
130.82396350189555,40.60709034495359
131.63605913494942,37.743687001270885
131.1672580322287,38.19735609614371
132.73792470389523,38.2261395195781
134.16601049054782,39.257369710208465
133.9998764412928,38.49959736738124
134.03718357811292,38.83928828913454
131.7700854100729,37.545350955465494
130.72121948576685,38.24386814617545
132.79459106800834,40.001064854107085
134.78148841575978,40.89853082223321
133.66404400041043,42.575344489746904
133.88186791145918,44.43714120771456
134.36189415222813,44.420609367991446
132.74824294294552,46.057023124228024
131.95393390822125,45.40329130407254
132.86429621041495,45.253545823269135
131.9247039716639,45.99724390070031
132.61980410218476,45.46564234398929
130.25904576716627,45.66425640993573
130.12499913725583,45.71782664187083
131.9808136119739,45.00293886300221
130.84146676325832,45.89251648620286
131.50831389425488,46.036456438975875
131.02900755729812,46.02267714262174
129.3737138025775,45.98274067927286
128.9604183885188,45.76159922985865
126.06333394523703,44.9953426809258
124.10723789700768,44.436271707471484
124.31274271008431,42.81739592536198
123.96861510233964,43.66032772554318
124.22542660426735,42.31801569074567
122.62913932089371,42.621607072446196
123.88408656418555,40.524310424486295
125.33014587808574,39.74514897261002
127.15473756364322,41.78016579260085
124.96205334956981,43.58345585590482
124.37652448705069,45.83985410761041
125.39625710917295,45.749640407050514
124.01412359025221,45.05557460028049
121.91461572219282,45.44491864061549
121.17628271446279,44.86283409209577
121.6956311217717,45.76252386856112
121.31742207999969,46.220002994045124
121.36964866028235,46.752921716911366
121.2950336959518,48.46194062563027
122.02033997448406,49.06217992729437
122.04028978052858,48.74167801375904
122.12746623100561,48.84924635996195
123.65452863304694,48.80308046349365
125.54876416268277,49.050989095763754
126.38651844994682,49.516951497502305
125.59500977356083,49.65909291962261
126.09501519142859,49.06829021867827
125.23637156735907,48.87830535871314
123.46954307685759,48.93211304893403
123.66278212995324,48.70442389893597
124.07087438183238,48.183020460087846
125.51961411667077,47.85268900479171
124.98473131237539,48.85511001716652
125.28299137579951,48.83581371440018
124.63975851621102,49.392371949612226
126.9911207264003,49.81083024836775
128.41088547237766,49.396240334284265
125.39761916547539,49.46990532695676
129.16737063543704,48.7413179196799
129.21905112817998,49.98384642984655
128.28165029005365,50.72339499096753
128.68564754045866,51.497642886830356
126.50298339930238,53.3326687631124
128.97328506957558,52.47562519447839
129.48192953625542,53.83624635048273
130.7247995568919,52.47371505517973
132.69785988776977,52.245878437587
131.9529662207887,52.32043639157861
131.32407103410378,52.14429169048491
131.87433120197207,55.0105451691423
130.74486001964874,55.43169691706778
130.1066410106782,56.744042843592815
129.6958406320364,56.427765928611294
128.5033643419027,55.97232882852346
131.0795269713505,55.52560178533763
133.46257985856798,55.64597685266409
132.80554306267152,55.071901611556505
132.9747523671036,56.02758272160607
133.9037265953921,54.366671696502976
131.64744848551942,54.33637269875872
129.7415027708424,52.607749269905
127.11996381176228,52.7591536223211
125.55140643988186,53.38128370042794
124.7992015246891,53.97526922734909
123.25589885663268,54.29075476184021
122.58972417867024,53.14730809978172
121.12173318999585,54.087549853902644
120.07325932390715,53.83356957914737
120.79416088263024,51.927630156421074
123.56063148837823,52.87578390613708
124.13257474316326,53.70350733411216
124.07382229478571,52.96979220126372
123.25176349865987,52.54592190214773
120.83933173128814,51.814810136223606
121.48617515833327,50.15268763337606
121.8196560014495,50.42611544212592
123.05161097220315,50.10377653692694
124.441272823523,51.75346947567659
125.85368902331686,50.49602669169771
126.08853335715457,49.43503088820897
125.191451153323,51.0926289172363
124.8368559113211,51.96567126386167
123.7346221554124,52.65641477730327
126.46865519335954,53.136009080636036
126.04083630363566,53.05799766843576
126.4331722664701,53.66379169639953
125.43077951201333,52.496656498412456
127.2310549584162,52.615847654241456
127.7893972440849,52.41581969500075
127.4455676452945,52.63350898834659
127.97530000372883,51.757777255195315
129.12294663401667,51.646129018638305
129.0472862652159,52.29208193575906
130.56829670721095,54.78145299360136
129.49344910597742,54.84091187073636
128.4995111514234,57.210367918331585
127.56794450163896,55.841629899424085
129.5444563832509,57.600104730625546
127.46213518077846,56.76721307150568
127.31207115392624,55.23863251013114
127.71182434107322,55.9305955607264
129.57827872800036,54.94685904951178
130.0290858766793,55.230322305453015
130.01125747426082,55.585871191352346
133.3399191709,57.28760278294424
132.75019437639432,58.98004894928357
131.2332204467023,59.09004534236243
130.74510595017463,60.76815094947404
133.0019496849977,59.51201672034396
135.03489312317186,60.37403146599377
136.4027396843367,60.82800156971581
137.06963034880457,60.56252248683348
137.2369649287955,59.68526570076948
136.55236876384683,60.42570295959423
136.11929587925655,61.20988082960443
135.5415026649208,61.11687811430808
135.83399638451033,61.00874836560617
134.995340428939,62.72055080758758
136.15029831262564,61.004596458717515
136.65512867474303,60.546381129623555
135.92050455309985,60.17606529628806
134.8044469662006,59.69118450355417
134.2316591860443,60.00281058619363
135.74057614331932,59.52237310944622
133.95551539067606,58.48054364564881
133.50221748062023,59.07420965238558
131.66349489664248,59.50426254363939
132.74328848048685,59.14339737428105
131.51519324172017,58.233066526957934
130.58646223969444,57.92781268677404
130.64637735079302,57.0073482605311
130.87020057322576,57.56382420266629
130.83144357986689,57.98357601470362
129.67304964975307,57.035643478134276
130.28186860654895,56.83382840290899
130.61022867340802,56.847180164951205
129.99202603888992,55.34814815697386
130.23880741792385,56.31040559293991
128.91272744862954,57.24337590632763
129.89245622249067,56.94977528847683
131.32309145115397,57.823731852351465
134.63894735897287,58.24136164544739
134.6232291901468,56.7370150157735
134.0895180009076,57.77774167695163
136.26994038251803,59.06404679725885
136.80566080569054,59.35575995476593
137.1307197970962,59.197165717268014
136.26655045940706,59.177364352044
138.35893759589823,57.62356122842993
140.2720424085206,58.007953057311724
140.02682513432018,57.44665870974023
137.95214117747292,58.06718189137869
140.0285445390605,57.046959432749844
139.34472684697363,58.276046874838364
139.46663581479123,59.510811113483335
140.53479785965703,60.2141896458716
140.42026899809366,59.53870554509248
140.49188230673033,59.91178212292937
140.6956784675979,59.23011614202818
141.63099386348975,58.90410559610574
139.08775373091456,58.80407480529348
137.39698660606456,57.08608140159402
138.77868751782316,56.1181573310563
138.6037717293747,59.04083934984869
140.75498492770808,57.955133539987415
142.00101786673244,58.0053493014814
142.03635159000655,57.44872542820113
142.77521550618954,57.62755675360138
142.28742762104864,57.35378633511174
141.58833222506897,57.77841263323621
141.14137276813696,59.16313441870224
141.9903766434391,58.50529610355109
144.1660236378549,59.0437579255768
145.03728602121888,58.20245370211447
145.17580558595353,56.242293034650665
146.7944904911084,56.49456290071794
146.87606749680563,57.60379251531795
146.04934152113742,59.10260957419788
146.08341317534226,58.66699711477153
147.50270664709117,54.504815870456056
146.164656989298,53.213960590195235
145.83323856196188,56.14519760848441
146.1147772484665,54.81404406304481
144.98262602838648,54.46255428245181
145.55025001131654,56.752543466726294
145.79093093554468,55.09798319461431
144.14748162745676,54.46318533702092
145.7722655065964,54.32617116578204
147.13853362788805,55.16357134084989
147.81855440783465,56.19184564649441
147.93080996444863,55.437150602820005
147.96507634059355,57.210307358752004
148.64737224827599,57.853589640901546
148.41397612094696,59.134246990400214
147.74969906461337,60.72981294407589
147.8786650128532,60.16719162929896
149.4595449240959,60.410978405174966
150.66866278064523,59.6239815361347
148.6845004725029,59.51638428348654
146.0622834652274,58.823279524935536
147.0250656972791,57.19489994204494
146.8907878464629,57.40369267244901
145.40919737269476,56.25161086511401
145.37619370318933,56.496121251189955
149.6435135066354,56.78208710290936
149.70849795830617,56.4785381465793
149.2009058376037,56.34378259134911
150.49001803864735,57.04464669079506
150.39373365981285,57.1188463407924
150.53513014056102,57.24259516736481
151.32790834684937,56.23574894091324
152.22625643559124,55.02378720387745
152.54039653392235,57.27123176021254
151.4938932256622,57.38104631901301
151.6709639278242,57.5397440378702
150.48236014659113,57.728863451004436
153.64868286055335,54.78811485015339
153.00807552664062,55.35617565459095
151.30849514895067,57.15667207750801
152.67552340540612,56.193318433968656
153.39157305103444,57.96411575056957
152.6716008733653,57.18134042015498
153.1896179774316,57.28491340914791
153.06643169562975,56.791204704655556
151.488738363923,55.79404085990262
150.3963485342715,55.86040628944695
150.12872211989878,54.85362255728731
149.85599880950994,53.084647674252615
149.62345894230108,53.67379112102867
152.02898127484252,53.23948652409744
151.0813565131276,53.27595220967748
150.82369666853927,53.2361470653498
149.34075001028444,51.518496587037184
148.38368638696969,51.76280581980224
147.37048472162257,53.02365645784187
147.91871489892463,52.19673778869171
148.75767809402484,52.69844079308339
147.89571600985735,54.22439666417821
148.0971050492507,53.26089905580255
148.66034738176222,52.23716068906776
149.41976041308138,52.83587201891481
148.52579754121447,52.58078807097894
148.56110707299044,54.31133330666038
148.1565740112092,54.00347852173722
147.41303182918696,53.70065555089081
145.8840882646469,54.518249708298946
145.23268838762448,54.8042301106818
146.27028870075893,53.38771440448176
146.56991622430945,53.839963937382166
148.62674050851453,54.330118468138956
147.06492504157848,54.58892257091543
148.1190710633431,54.092299818110334
148.6791926345044,52.15651150284292
150.31098826599032,51.505609882560535
148.6749709135651,51.569375827470274
146.65844532740041,51.42820270760981
148.46027822028043,51.58636649243458
146.39898476873668,50.56326763844024
145.64271355401382,50.02720221457407
145.06132488897674,51.23370433215663
144.34722253621945,49.362780544917314
141.85422685243802,48.16379838779446
141.05348644608316,48.503921670884274
141.23503984642062,49.43622412764395
142.9626716949217,49.92608983620582
146.6813624614336,49.409978926557585
144.38283652451506,48.02279142334045
146.7896279264386,47.92036985009966
147.2748341219207,48.37097696180777
147.61696378484282,47.83869755335864
150.06847674171894,47.250863610053266
149.54831490190557,47.807113473817665
150.77953744422885,48.336739869268094
150.76979171300582,46.786556573458675
152.24299236532545,47.030327728739415
152.91860246685695,46.803886400178094
152.29674882268702,46.22872979351392
151.59960750372946,46.04933984105513
150.87580233786122,47.17633977163813
148.86150017889238,47.78836558899403
149.53471849178987,46.76638752813055
148.2702765388738,47.00315940580598
150.07201932955584,47.500813655605924
152.53848492233342,46.55761401129118
152.7473522928806,46.37931137787619
149.6749643235297,46.971337868652306
149.07326523815638,46.399200512335895
147.51153493392846,45.605190283997004
147.93160224213653,46.07465520022749
146.12419025320227,46.6506686473537
146.87823917662655,46.63550748160512
147.96027300848587,47.29373620893656
144.73342893796197,48.704486135294616
142.5035907276224,48.09979871183095
143.07967610690426,48.53368058002789
141.82902836199474,50.089496714558344
143.14304755919295,49.914912486584115
141.8679776275278,48.93454505974914
143.6556773018449,49.116537328856246
141.977801451137,49.32465086981003
142.94136879164805,49.284024825084195
142.00162342575416,49.28174570141792
141.2835850371612,50.02342724043341
140.47024038885075,50.4189348989509
141.6577355324712,51.777181764636296
140.80807452339192,52.17315889938734
141.0724293041015,52.40293693119844
142.5702832502694,51.807123429857874
142.1591223911489,51.62853141200347
143.9772725211812,53.32823283954208
145.5202299496585,52.694340162478284
147.57852945063672,51.25363244902775
148.3532338071229,49.82637962505204
147.61504516193327,50.49601131940127
148.90979637029847,49.54667518307898
149.59931922088387,51.87929020842755
149.06854059428824,49.857050374834415
147.99959564763597,48.01419614149343
149.59326525432812,47.488428854427184
150.01845533003885,48.06116835837519
151.22947915328223,47.64567383588356
150.34497938662966,45.912995754263754
150.49715756467035,44.600485851529385
151.66411643447452,44.967090049146734
150.62939992083557,45.702322043908225
148.1325667923499,46.1703249935805
145.7529748703542,46.55475850117808
145.5130909443603,47.350121031365376
147.9929909077676,47.02383842582016
147.91874695308718,48.49519531074539
148.95205443217014,48.86854957719312
147.64788460651735,48.456814624536975
147.41150366903466,47.7347341040216
146.3419277706842,48.354160585022974
146.78417137263716,49.24952528009618
147.3938720279753,47.39319651749557
148.10981132934975,47.46393918266094
148.43268337270845,47.48129898749663
148.87894185595874,46.883292589612985
150.71630198658613,46.036060590575175
150.23304711267002,46.41843743195861
148.43412535836913,46.7605297990547
149.21400646430143,47.25178147812841
150.55951161313558,47.31476327784319
149.49891833619975,47.52813818805581
147.10489964202418,46.38039838725563
145.53936966007038,47.16946496491999
146.94727856729162,46.95667826749524
147.06818861717184,47.71957918331067
146.0733991251279,47.48116620332138
146.93323565873072,47.15795790577381
144.13308383882207,48.74008106365908
145.04331056585823,49.112886552777645
144.1680454674339,50.81053093675968
146.5007585697667,49.34238411005724
147.7380177008088,47.908931028480474
149.30354402829667,47.33774760489114
147.40332997249374,47.30528172638998
149.70760202527,48.23987118792972
148.16662924465356,48.27125290041614
147.76529656839077,48.07588955618271
148.4787469397836,47.09248293748526
149.15699116805658,46.743193154189555
149.5882770324733,48.601026340881646
150.69604932094765,48.12237321700051
152.3493960574637,48.63933573632986
150.13076057217006,48.92411633989955
149.18577805565283,48.079112777094785
151.14702105498446,48.65799736532705
153.16007395733016,48.79536784925151
152.98272661249683,48.5644771443314
152.2924043731274,47.68808128995205
152.16973811275875,48.181684025038045
151.66619058272633,48.507112107825755
150.68156716531627,47.1630548008013
150.49882607804312,47.82855684280998
151.53539858833105,46.83939760435303
151.3448806673062,47.76661829045814
151.6869263206484,48.187661511161295
152.06267338083876,48.84372639878769
153.0966461976754,46.09951284969249
152.73708665256325,45.58092607244976
152.40366045426427,45.943595459814595
155.8084550573998,45.67282846317511
154.581571206849,45.26082656197056
154.99399138003008,45.641539151089844
153.68141948683353,46.10314157194382
154.74066547899952,47.207638633800634
155.04079455971865,47.93860036295072
154.6036813434307,49.27478528992097
155.9724660455542,51.107674379271764
158.46189879501682,50.81736278634982
161.41433737009973,48.62550424923345
162.02123978667203,48.61639136359968
161.14231096585004,48.341784501437154
160.82391620209268,48.496948200772295
162.44463693574477,52.05207630833402
160.97056880094559,53.834574000161076
159.09016171188892,52.40830611464713
157.70425427167697,51.38972896439634
158.62318475100045,50.273519032063625
156.90073191697732,51.64043359040156
154.00199557307496,50.63796156232404
152.8977440240972,51.65904000616663
152.63120769834646,51.71260565815481
151.6974237444675,52.05214287211387
151.28080307087544,53.2264878302763
149.7111876080278,52.994691748029936
148.5872155233782,51.53332111995879
150.3069169298486,52.30109202001216
149.12654920845557,51.416568817179474
149.09986418254553,52.39945283249635
150.80556233345493,52.280210699542884
152.0344187056059,52.735029812444004
152.90603033715448,52.80958363082095
153.82272637302353,54.26480782985866
151.6388595810093,56.840513156254545
152.14272961193245,55.99537347849643
152.93225544794825,54.83818158788808
153.50633823732784,55.01454042575218
151.85353781130334,55.718615589368056
152.65700434940217,54.243963070418474
154.25544773604923,52.420765173993395
153.03791483195633,52.92588728421472
153.0984889119553,53.05448238985938
154.24010599846648,53.7798012190359
155.99730767954594,51.649534172025646
156.24775896597114,50.31555069003346
154.2425494518905,50.35148193358898
154.1380053105042,51.297986409238
152.41096810889263,49.628738574429555
153.96103589413667,49.985926422464736
153.11007463392747,48.964763424111176
155.15349454008583,49.8979275454763
155.98753352496942,51.273292796519414
154.90557114226513,49.98621205566545
154.01898318301636,51.37712747724591
156.315398983705,51.43800035083245
156.1874259881252,51.44061863075284
154.92179210290516,52.47029730955283
155.10963136750547,50.93397527876737
159.1683401081381,50.346796253397976
158.31178748052304,49.87842491325799
158.58940610962696,49.499467761999625
160.16264539168188,49.48933979481755
159.86943086775707,48.791443865311884
158.09573977812562,49.06089356190483
157.50606421820387,48.906999138955975
156.3826384908563,49.39504189740078
155.2874929010232,48.874572373518255
156.85685367898444,50.33674551706117
156.41350448992742,48.98827029593682
156.39489358886772,48.42528859365573
157.8075717561584,47.787349295481995
156.7925241042093,48.56451522908226
156.17919847067992,48.049508251635814
157.2594035509604,47.85378103490342
157.67228487477175,48.091186287083076
158.4250051903002,48.269467659193204
159.7254337827942,48.173264193218124
162.58445230372462,48.666976445258264
161.72837970393525,48.23608496167118
162.1137790133051,49.59956338269134
163.50322984543098,48.39228687045591
160.79964581537743,49.92662551326084
158.08601073865128,50.73899939716064
159.1225849708214,51.11662835328507
159.2416909410739,50.7237773153229
160.4590418293648,53.13281171693022
160.01309251120003,55.420308474537165
161.87589204472775,54.97149085656152
161.0879922713785,55.08142763858285
162.2792535849284,55.859996985192716
161.46833278525287,56.16429738478981
160.5671571952458,55.47976750209178
158.68549169479627,55.42481811480476
159.09456002267044,53.56255028979235
157.6154142973883,54.61432318099559
158.31344675336985,54.09231799077584
158.9782551605497,54.24035069760598
157.63314213848,54.896004952153774
157.4483737272314,54.58803168358249
157.71182741628772,53.246376227857404
154.12310907051568,53.400838380882874
152.5881008802012,52.5277506861299
154.2787466635107,53.1608071107771
152.49238654560816,53.69289692971053
152.39653794027132,54.135762113892575
152.300024027208,54.23143146460038
151.62582774536543,54.306965913074634
149.32035862854596,53.122142147088624
147.54371960704765,53.14000245682238
147.63490696017732,54.57968600527565
146.201638863682,55.3363295136419
145.85420530175458,52.873239980157614
146.35326570570348,50.318523505565665
145.32650342779277,50.39086297997535
144.49964131448925,50.09825710230392
143.76481175753435,48.876661172746054
143.1236146833379,48.81383174566402
143.6176875619026,50.133008753913984
145.9657202876357,49.72731501742756
149.33235234764737,49.436775113286274
149.8626377153759,49.243346544856415
150.58089962165585,49.5045524583478
153.90178295003432,49.496580332009735
155.59846261667914,49.16185962021794
156.61612094156334,49.98220023576475
156.98350182783977,49.070559095720235
157.12589267511265,50.963531170198884
160.66812883127227,52.012968819694294
161.9219790691672,50.828086387478834
160.39672665173208,52.444334204242885
161.27186628995912,53.896938260074975
160.34104223005713,53.11098533329885
157.2621229600464,54.836138344210205
157.50096920367395,54.01480133150024
157.71873564580065,55.20263394987265
161.1549005812954,55.17766071273834
162.22500134535665,58.2038726343502
160.85037037639236,59.65662155574523
161.43576693754207,59.01487559748755
160.25250241149254,58.64309075676036
160.0874861937335,57.30985635311518
160.44070133378986,58.02833714407524
157.7359567081749,58.5298150309633
160.4147502579661,59.35793704355203
159.16146437221443,59.82762850990634
157.34365640579588,60.171032354757585
159.49812694533927,60.01311166555583
159.0539512069841,58.68358024478572
158.78863251295982,58.6218301556886
159.39316025896704,59.51304162151837
159.18930990349915,60.995630953994706
159.90067425690845,60.92421383516552
162.21351179117588,61.275978246498575
161.34525139511996,60.24798960296639
159.93834186265815,60.90703833577906
156.24840652896515,60.894834530334336
154.14108228004014,61.05721101532455
153.6835332714107,59.75495330410657
155.05450369062996,60.541880159230715
155.82118057815595,59.597577317640734
154.81579907275736,59.8716799924986
154.09035123254665,60.84390727329838
152.5032059814033,61.9530030694977
149.8582365663527,62.46530102397145
150.71869558752573,61.311828523398326
154.47247345509047,61.84111714139673
154.5905115731711,62.63610835202624
154.92020731061007,61.22245387174573
153.2995686103854,61.019733143985846
152.46224016978778,60.79977056940781
154.2893892307838,61.67265763617995
154.70665782699612,61.21234055362207
153.97973282369742,61.23173750168938
154.534735976837,60.93826393929027
154.97556086306525,61.78516655837364
155.83300300738648,62.31545435417955
157.12491230695107,63.29649387152064
158.77295240934518,66.350041156408
158.68322368077006,62.70191270392011
159.9004243037532,62.748923369367084
160.07057342257377,61.63077480460145
158.3446889768951,63.03427097602382
159.1058383313465,63.25107471903874
160.02306935400335,63.078841859237656
161.2192607659998,63.14119437207344
157.947985096558,63.963591668206085
157.7970200100043,66.30286036091104
159.080550704532,63.31180872292838
159.5921845576371,64.51112546967978
160.52111949425796,65.90334058392365
160.38303807053853,65.64806641184161
162.2430108107269,63.33997716892219
161.61706592355438,65.78530489610549
160.12608227955843,65.04949154764505
159.6690475215518,65.07743705023587
158.2991104789022,64.37758031914836
155.2717807878549,62.933864779703974
156.6696146523221,64.11773572440207
158.08764087160765,64.02432636143014
158.041238721237,64.73535541019886
158.43120106408827,64.36269202503503
159.02751316292284,63.9585786211864
158.485106222747,65.81133450250893
159.9924158911795,64.09616340814495
162.64062487327183,63.39640027990379
163.09394482361063,65.38315215107863
162.71606496544823,64.95154311271286
162.53406136110922,63.11052837773254
164.72787138897561,64.54779213655429
164.78504559050745,65.37754943702086
167.62784424550063,65.14049045402888
165.10111763596427,64.98832593543202
165.8459708927783,64.20423591236137
165.48620576025994,64.8447609684028
164.49986648940123,66.16667900548372
166.58091501687966,65.48530435876664
164.95105061734847,68.45932344382703
165.89928398859024,68.61797627721565
165.66878833087506,69.45680959211833
164.83117912643803,69.04903714311408
164.78257587068586,69.37291083559822
165.24053579325573,67.76807410004757
167.9460769830676,68.69309124012462
169.6334966065724,67.7899889321327
169.2901675910838,68.84559563186167
169.49166737125725,69.91543635468173
169.99483115434137,70.75760640171545
171.21812045840232,71.83111783590226
170.1008846423539,72.64018263140213
168.6849885796327,73.92317155544438
165.78225662751186,71.93873804193944
166.29184833193634,72.51741439768516
166.4104044440395,74.12718092920122
170.77732560393508,76.92687668008736
168.8272980162339,78.82140475028108
170.22262433045105,77.7757488296669
169.1855097093919,78.77492408373763
169.18269270229493,79.57874481588783
168.0749186168692,81.10546444832192
168.52678322403509,81.99538713021016
168.6846452970759,81.80501545477699
171.10497884474373,82.64513869462886
169.99589725459668,82.1019674411501
170.3997803788266,81.7407328416775
168.67841346169624,81.36489596365165
170.48941184444584,80.85771776264605
168.91354027979588,80.55507487316301
166.72530475985417,82.70075052771304
164.01617004064104,82.86441230382817
164.55688602175724,82.80060696439057
163.61893358569108,83.90652628612487
163.15948362440594,83.07515896029011
162.53669646005338,82.57981834338236
161.02635428457157,82.52206060155147
160.38702547816789,83.38467756146385
160.43766905452478,82.90581882092661
160.20717843509718,82.89536259231241
160.87832223135192,81.10850408178521
161.77129967538474,81.49212882327522
160.10612780670002,81.13130108685826
160.60975386035707,80.8085468561725
161.1768479657935,81.17657187244879
161.6432263987472,82.30746858667567
162.51871052577175,81.38600937325036
161.23163201251216,82.65777439545191
159.29543375654976,82.90000531038923
160.77949096768606,83.67300388959048
160.84741981313107,83.65964990656062
159.22526445632224,83.13589619954095
160.26966943360338,84.03503901488104
161.78590486468735,84.39986680411816
162.99322771655847,84.85530386239076
163.78034077012214,85.42417832801135
165.3742576475513,85.85410870548907
166.76437235438544,85.21271311963525
165.8915503202062,84.13250320740185
165.98400699111144,85.48643171407407
164.71209631263756,85.04092496765004
163.52716909262588,85.8336664417337
163.24532383976228,86.06214776355341
162.3484433049692,84.43092912016323
162.2844673793625,84.30865306589264
164.17145812824225,85.15701029255509
162.06391853084597,84.17244267483726
162.92999002262331,85.5915902782187
160.0167641389973,86.19192684212825
162.03361055109193,85.72467898901799
161.9498454246674,85.04760957986916
163.97383891873798,85.92007190526898
165.3244479311359,84.79049439842478
165.91430996770123,85.3632255606074
165.81039969215624,87.69076876865236
166.26642485084363,86.356662616535
164.73913568772042,87.50262120791069
165.48626244300655,87.45368479374179
163.74723695036434,87.13079915563067
164.64757095820903,85.65820332695488
165.86921775644933,85.64368172838829
167.25326424693404,85.92907454696137
167.02789706676586,85.00121638973246
168.1508915630971,84.17686688241518
168.35173524670097,84.25556695555224
165.4163373923721,84.325099502378
166.79205388847373,85.04448060899576
166.94127322566678,85.96757801584118
166.7508605746543,85.65388103699703
166.0856453350216,85.0419029469684
167.59649189980306,83.36272729715796
167.23915474669718,84.09229898842173
166.81333611630862,84.39136053148368
168.66869913616495,83.5497942837336
169.79277181859746,83.94769069686643
168.86547637588768,84.12236738345126
169.76232745846926,82.54981847632004
170.08305985153342,82.53864562717993
168.6016981973849,82.23831611683028
169.21541819317503,80.8690200133869
167.2219752584235,80.24842501014801
166.59587198004414,80.15778184383282
168.23914845484518,77.9102236624305
168.08911262269916,78.8940396612224
168.14806745266594,80.56984581091469
169.39293583014347,78.76411262117679
167.654369070199,78.51415653756547
166.8830583446257,77.08622104753776
167.12288408695025,76.83203618848347
164.83281486371246,75.52458253281921
166.60898893335943,73.21811316915762
166.32540237794169,73.45102607262966
165.47232023832987,73.53185474280883
166.96284700213286,72.86149917067686
168.61660797109943,72.12794778239116
168.45868782823598,71.72923967474541
170.43658191732104,71.19329049939884
168.05681529935853,71.00041975332185
170.4266083845306,70.31431317852294
171.58636542454127,70.57267054309527
173.1723966861048,70.21501464444145
173.23703065210913,68.94981168584933
171.10737746446748,67.97206502695194
173.6673525731066,66.75294792223973
173.2838779260019,66.34337776744998
173.94524669113125,66.77584740732004
173.4044350501517,67.31531801495144
175.1010787812915,67.12460755467373
173.78712174375045,69.35402713560704
175.0665847743482,68.44846491438422
177.13730584933637,67.88451623545458
175.18455558885807,66.39800535048673
176.0553237016285,67.8929143647643
175.89169190975676,67.56978450187363
176.01944891626738,67.39981743788736
176.054964971129,67.36067115477626
178.38413627538333,67.05965509952279
178.45081583330978,66.25181034166656
181.41444668381797,65.92750618562266
180.04848292315992,64.7605743298752
180.03321147923876,65.63213992548367
178.4796473586767,66.16638400762604
178.5251206522901,66.04543621254905
179.9528703013966,66.6244188333084
180.47260859216505,67.14443131275145
184.66276681612436,67.11266544845311
184.95872480843946,66.73579272309766
184.2520492687283,68.01211636417611
184.3479459753441,67.83323498637954
182.93262012916017,66.230975269402
183.51938461853067,66.20143586810651
183.86574606767425,66.2408680041987
181.50829570296898,66.9643066385932
180.98981332158976,63.31879907425924
182.17945764251567,62.59011591220019
176.05999375473067,64.66893280540641
175.91328924843782,65.75079738319657
175.15758548559927,66.12159575183443
171.38901532666688,65.8499267864958
168.6191507342353,66.61512596536384
168.90559533809022,67.13238590184321
171.62354745300235,68.97009072565179
170.28179021204934,69.02163423101823
168.58769710514957,69.1756366143358
168.85813057596513,67.94437328505128
169.30346523564043,67.81057119430044
170.97588204019718,66.86192806206657
172.19385021147113,66.88925178362105
171.75519892108528,67.37884552366685
170.8426048722508,67.93073701795555
169.58955847944108,66.82168011792048
169.8448768737246,66.67692952656569
170.79929147623173,66.75373407561297
168.05835612113262,66.89451952796506
166.67197757764023,66.31405508788899
168.4330374387633,66.18351787903347
168.77893431675272,68.18537561540221
168.89788958258848,68.90331386836196
170.65614190449804,66.33638666329813
169.16213438815862,66.39857546122231
169.19469103285493,67.22673795390463
169.65531076705378,67.28478662510751
166.55132027094305,69.82544287743853
166.689365994472,69.33074198084599
167.3149722462726,70.18854944860271
163.88241770502782,70.14345623685
162.83948840257335,69.27375792115426
159.07769099793728,69.43604352536641
159.9777136225172,69.55639510253602
157.6120259503739,68.5550622841188
160.7572430734345,69.49037231106564
158.3771693416262,69.8667764397784
156.64394474694222,70.73683890937387
156.2446878801042,71.28929226668882
157.29162259317732,72.19121128367222
157.36012888393296,72.64227091548908
156.35975317340936,73.17140217309645
159.82261606865325,72.31061501102305
158.80264696070222,71.48908966147631
158.58851365146015,71.99288889088791
158.65865753343854,72.22174960822943
157.05124263823814,72.46846942857837
155.42312707917782,72.03407402551044
155.03930656258507,72.72783210814772
153.90197851413856,71.97138644052117
152.50280115708688,73.18190580088185
153.0019621405013,72.0566712744432
155.92419648463195,72.58651185067795
157.92102785140975,72.41442919195333
158.70164501103406,72.41275533939786
159.66193411926554,71.76711899249898
160.26261352521672,73.48292057404522
159.25294973030003,73.1781075849856
160.88162070550268,72.26241573270556
162.83577840288882,72.46712831286726
164.52468858778752,73.03975592440348
166.00891120719933,73.5064127504381
169.90948570765957,73.52286675011516
170.46759300405964,73.80468125054047
169.9285902809347,73.73650174542838
172.88572109350727,74.15745856155658
175.75736730858955,74.00911931425493
176.93296362524984,74.156747074523
175.4911334449658,74.42921010641908
177.08580947213267,74.4248174417574
178.2855989577795,78.00830267652861
180.08705131319428,78.43382300308507
180.8249231796088,78.45054031523698
179.16130625083937,78.09719850605684
177.71057309886967,78.55525145931189
176.5942608592835,79.05351218088352
176.55883707944108,80.34460944694897
175.9152271255766,79.00084291293716
174.6683594453103,79.30256453606574
176.40000493606018,80.28909154911729
175.7847993782994,81.03330220519712
174.17420734775754,81.16850653126052
175.1101163451406,81.81590656093451
175.52515922160717,81.3284447234691
177.23605786103002,82.02492403165836
177.7285448176617,83.82014531082866
176.77680426417336,83.55977580372141
175.63941302261995,81.37849135313424
176.0706678877677,82.24185704440788
175.94123893189425,81.95022489777237
176.41049808190382,80.54506366033074
175.80148413829195,82.30867617095193
177.45332674822882,80.99489664133421
177.59023240373128,80.4877072308051
181.27854685607602,82.67599253588558
181.1580851403253,82.73869166042668
177.83182855635127,80.56122040652485
174.900961909759,79.66559243071511
176.0960035576709,79.81833942407044
175.4815631949478,80.6725517710115
174.19367546596743,82.28168322458714
172.6013506702289,84.05626209615059
172.31630158240864,83.9478016784029
171.8439593528517,82.67912550665885
172.12167737596,83.06081868453069
171.13171303269885,83.00825781043763
171.48439135545115,82.41876819171021
171.5287422151021,82.24015783224547
170.6926119116429,81.35978462591969
171.52754075832362,81.01907378765257
171.36393205134218,81.85675806437952
170.5862886861773,80.99007623349071
170.18287654613567,80.25223982658314
172.14497606496084,80.95466067625924
173.65350980264125,82.61409217278796
173.00330737110517,81.83974245415628
172.29057264220924,81.57430484630804
173.2963492844736,81.76058484225823
175.11654795210302,78.79632999386602
175.821311313167,80.15074937435563
176.2153659705933,79.90393349278409
177.0331714504776,80.08355515584365
177.01211495046627,79.79015921604966
177.22827046243503,82.53457935081305
178.2902819876496,83.08667823060117
178.22211103410436,84.76565038624733
177.0028936306619,83.31182650215219
176.1717498536118,84.69750737131707
176.54660903321457,85.41061193727353
174.6811939938366,85.18646631577062
175.66190276016326,85.7685024453186
176.16711620067898,85.51426430456593
177.401588356891,84.86304160044193
176.32086449169788,86.67252180597768
176.12434059702744,86.69916110117853
177.7214778268983,86.87431543808853
177.72383963518388,86.65372224120324
178.3531732809316,86.34178067262002
178.9810149648697,87.118747884742
181.34702556293522,86.57933567390393
180.43044785815698,86.56140919543309
181.18139119453787,87.43018629957086
178.2415352792613,88.75227211263602
179.34980869755793,89.21305793022769
179.14776063385256,89.49425518886714
180.05833127347614,89.75438411722487
179.1408403379882,88.61691490425433
178.60765540332636,88.30104833080264
178.85574771769157,89.51518343171955
176.9357678987995,88.56108810730757
177.3566371373399,87.94808145652499
177.45284345784913,86.74563890488085
176.52857751185687,87.93967673039336
179.8386949106808,88.27895845440665
176.23400884706174,88.79327933230789
175.677713528928,87.63047479567805
175.5020604316584,88.02891948308532
176.06865149573437,87.6224534891601
173.11756919008505,88.25487928817132
173.1676802790877,88.84264021440266
173.19097148882048,89.25190205521793
174.18874178315838,88.61282681549284
173.9434001794854,88.92800366874756
171.82098448959312,89.46912899443417
171.56894464025962,89.11034124151556
173.05945773566836,88.95974055142966
172.4722787569762,88.83684747190746
171.26644933245058,87.48211416122734
171.8703485544744,88.03208139647624
170.99474071500194,87.18211655406962
170.98201938343138,88.35613986957392
171.95700389253747,87.78781944513194
171.044500345784,87.55764833917995
173.27032105185836,86.80593959926254
172.3043156241158,86.10003870965681
171.254185904174,87.24861679820921
169.7593794039185,86.61564548338019
168.9766111698781,87.82099606725974
168.85538239291887,88.82428702779866
168.67251270610018,88.40010199221274
169.30795130631833,88.3064498425318
170.06373945306217,88.48107760494624
170.91065786040656,88.79176643796333
170.43074127850602,87.35492674057046
170.16424863213604,86.91577380410324
169.51417299414084,85.84766637238232
170.10995788328947,84.39821987885712
170.9275021082478,86.0868642077303
169.51641219620217,85.62800721515939
170.91294859753958,85.37871019354365
174.09636888700936,84.16287667732462
175.26136761048411,83.89837192595867
173.2801117345041,82.91232226198427
173.37527153899967,85.03887091492003
173.17714879072355,84.26756934614404
174.28431328328105,84.44452691640215
171.35677870899036,82.88827062265686
169.79630031019553,83.49692912038842
170.41104049714576,83.3653191660757
169.9101611539433,80.35633973654018
172.42099203622533,81.1971841980511
173.26084446578517,82.69355564826078
175.38352708972775,81.48390359527457
176.89118054859992,82.86520177891583
178.59130112963615,82.77127388432889
177.71786940730587,81.33695864812091
176.4374980607915,81.83145181174882
173.40449609334817,80.72863918131615
172.51352044311898,82.56724995590203
173.11843774917028,82.02701120570015
173.5901129998874,79.89408049102764
173.93960269476952,78.910632227811
171.6607801466165,78.79623130626267
172.32525026615704,78.5224579589238
172.3545871672966,77.0096517716725
173.23197263865853,78.76752513367381
172.79770631872577,78.27169163486919
173.98350002529975,76.81397497653106
173.47207008211518,76.65838666224877
172.33113512957934,75.22080061754752
171.5796636968712,77.51132969403666
171.8751934822879,77.76360912638074
170.38277968453397,75.97289168779781
170.33084943856718,75.08230981525469
170.61822136027908,75.11645226254566
171.1725289894081,75.62575766208704
169.10971233420383,78.85532784488792
166.86848053945465,77.05102894292166
168.02569790288382,77.29927531329105
168.36681553741474,78.63234221018344
169.48660704353864,77.94585063472071
170.64523775717367,77.83228361718095
171.65088005224504,78.05377360099068
170.96356149784967,77.65046421894121
169.42667251784778,79.27686769670964
168.5631774696364,79.05279124791383
171.5987308294931,78.38272074886092
170.7880589818016,78.38970912946463
171.89053842858837,78.26724171880575
171.65704494600124,76.41783855700922
174.22117369231566,77.26605437085782
173.2793157851594,75.18010536835463
172.3533677793049,73.90062311177967
170.28843397396923,73.1718165103852
170.1402785670182,71.39053915693509
171.54113328368663,71.10683020096847
171.8487217125724,72.26063652143867
170.5385225903211,73.75304904839825
167.86744026669467,74.04713149302296
169.76545291778652,74.18022845927673
170.9342173432231,75.66414738487892
172.78769204083517,74.37305265145862
171.10884675899993,72.96833359087377
168.24107672408792,71.71510823005529
169.27353433115434,72.12139126805934
169.8533549029502,72.7185571505592
171.14146616931944,73.3966482544227
172.67438950403664,73.75238791148124
172.58456681211098,71.86476225960536
173.51926199412458,71.50293694781416
173.44543127710406,70.95554801534682
174.93851592425577,68.92676026635559
176.53925311167274,69.4124969354609
175.0064148493881,68.86410642815837
177.87959661069212,67.78173846318508
179.29032704155395,68.60056266949022
179.94826307234274,68.66943302976708
180.43837105801396,67.64367788203039
182.31889442502302,67.2585723954268
184.32868863448823,67.12346611214682
184.41592062071888,64.29640557190459
182.6850477854775,63.480567214801425
181.01912235172074,62.57767399039495
181.88269881609233,61.406219360168684
181.23631564395166,62.4131371065862
182.42203807713412,63.2431536373701
179.5518981965064,61.68018004341951
179.11351666214992,63.567246816744486
178.24730291519776,62.655091947577766
177.2248765014395,62.43010822198353
177.1655818773263,63.26204630394034
178.47810980486636,62.993604838007215
181.48554441790372,64.35104293771175
180.01029900646097,65.35677564453191
178.37775731871318,64.56884613130832
176.03204376940155,64.81049986343777
176.84897601788464,64.3509379902054
175.34804808490517,65.58585378581523
175.64687854439973,66.06275515127429
173.98584260668903,66.01949742317078
172.55624741573862,66.04914155992024
172.7453735894641,66.89396829004568
172.2013046800779,68.48226185468795
172.670412551966,70.36870394905098
172.01226163902598,70.62772746816786
174.0996461734285,70.89265776246246
173.27957800321968,70.46048755402623
174.62514021323798,70.3893717154261
177.39822699072556,70.11157495181843
174.21759871202826,72.15555062936276
173.88814675837602,71.18002089175276
175.41343792812611,71.94402353726862
174.24680195039755,72.0168807639265
175.70452719665911,70.52679410265019
175.61658540738654,70.90290534816319
176.84697660676997,72.4269312753082
177.76958576226968,71.04068952313533
178.992796295414,69.28613277667343
178.5267901178469,68.9243133816056
179.4415031347539,70.04177815997679
178.02013691365926,68.07801185745444
175.72801083341858,66.5994339378715
175.29619298331238,65.42649658853931
174.91136674323434,67.66629714357632
175.2677691904391,70.64538157941256
173.3887020504504,72.40816271395192
173.7076172168219,71.73960065893199
174.69322901501965,72.68242947945156
174.831370106652,73.23033226531115
173.35462779320514,73.1615670292631
171.87962143077425,72.3938980382829
173.9876970568689,71.37396388042815
176.8813831193021,72.22868042101112
175.32729511252782,72.11487761444556
177.04231156707755,72.37644274041195
177.10570130791814,72.91000129873615
178.40575374210528,71.90534115769181
177.04086517327573,70.92266480360996
176.43177518163708,70.70737680669502
176.09614743920483,70.65273129406312
177.5130949851185,70.52750049777542
178.45514532913074,69.74936681597634
180.00476986294368,70.97666796513693
180.8543725522013,70.7514503679012
179.399953859984,71.5535697537527
177.16845054553377,71.17610840798434
175.91189863504812,72.33152198753984
177.07175862674987,70.832157155948
176.96560942660616,70.21697977718796
176.85903881876283,69.84332160303465
175.78051353970287,70.80961063352777
173.93043228670408,70.56004690664189
172.23703278382953,71.80476187398891
173.09228664333668,73.25723183772104
173.89123968274149,73.38779898461254
173.95392909308083,73.76927926374734
174.7439540877782,75.00501036876842
172.76778691234742,77.97896771528517
174.88783100686518,80.38310876629495
174.56368181172326,79.51354272430282
171.24587464197364,81.27029443960289
170.67588109916102,81.30868844781115
172.2750906680156,82.43365031385804
174.50364250546343,80.26819020832758
172.8240225225922,81.84883590721388
172.29830203985588,81.95405042920733
169.22926346281258,81.59791202833904
167.58478034075958,81.23968962265045
169.50890690774398,81.26716614919717
171.75767869782783,80.43653108980916
170.45899281563928,82.78129080772963
171.14639507521719,83.26130576157948
170.3744240919442,82.17164411148326
170.11198280194262,80.1769351540041
170.21588596952012,80.10286975159525
171.85700675656238,80.38061745507972
170.77373644690903,79.03737973965458
171.31332168279982,78.83762400313827
171.89131036237558,79.15709603550596
172.93383646366206,76.32243080655827
173.72078844529193,77.28598000356341
173.40520279840518,78.75279064603883
173.56970384364058,78.03207044174196
175.0950436758579,74.72829649443177
175.19676589482125,77.6527610439207
173.11525478605597,76.1246262373345
174.38480545343074,75.97218295736663
174.41592181537837,73.80315781230965
174.43415646722883,74.12542636958369
172.89872357186115,72.86769211576484
173.04376669759787,73.08999199698698
173.18275434651835,73.20855269187186
172.394488494419,72.04197466332378
171.85176802426474,71.78822174783852
169.83434508769443,71.15712735065797
170.15726183522344,71.71857073015057
168.98709053472967,71.38903894693996
169.63698698690763,71.10627411573472
170.3023722203347,70.70852881028398
170.97344236631344,70.94253993863673
168.43785153684462,71.1167725925773
168.3900884781943,72.37853572424766
166.44674301175755,72.8287167597561
165.26742970610724,72.01441804592284
165.0556691731735,72.91557920442072
163.20324744495585,71.11708645584508
164.2127808542197,71.25288439607243
165.84894922037762,71.38249232104798
163.8534890884353,70.41214203357693
162.98492653020753,70.19166149282789
164.36022098487047,70.20895743766286
165.7974675693303,66.57763899817994
164.93004033797888,66.87857646474907
163.08167702734198,65.20846625429935
161.8822396151464,63.248858502230235
159.58917996332426,64.50731706608991
159.82229464431248,62.83030509305098
159.64915623328753,63.02087736376209
161.40854588800525,61.265792300897296
161.22516939083607,61.02517269456145
159.63372143386093,61.535522043970275
159.95270906414288,62.447744253263885
159.40613529192666,62.401364857207064
159.7136271310897,62.99650012135683
159.4454980575918,63.16272841079369
160.08854460352276,62.44183512380879
157.3998239135144,63.06896110288132
158.16247588896726,62.41015898194104
158.72211396252607,63.0739554577081
157.55237738123583,62.617391369111616
159.3807701126299,62.944586867654294
162.50976323112118,61.89005050997339
162.90011023454224,64.93238019478397
162.25817525738353,65.24644688087668
162.28588072082883,62.8711165717584
164.53549757460183,62.50381959272442
164.72761269424194,60.0840867739711
164.46947571853983,60.65692531462895
161.90941661533324,59.74743784279911
162.70232668994822,60.2024551351884
162.24017710382427,59.20867420353249
162.07976362967656,59.875661538671025
162.83665688964552,58.53848017526642
162.108244968331,58.041806967185714
162.65536855810936,59.05822385402185
164.2378390899074,60.00276090888484
164.87188606894256,59.531505780662556
162.2988216124452,60.19648830936763
161.15544060431495,59.26559781490794
163.4896918941144,60.427817356825095
164.20851759242717,60.11082099001388
163.807961901865,59.60832785967878
164.02903992104845,59.99332565189905
165.11616124439556,60.57911921076864
165.50112192282455,60.5463519410883
165.00105460946392,60.2398453585424
165.11578848751762,62.082138998522865
166.21209578198776,60.75448527096301
163.91247097649057,61.75741552334817
164.53684469956053,61.75968792105196
161.64461005113463,62.37506400214867
160.7847732531813,63.088885017141095
159.870058854145,63.06607706620299
159.24464555675715,63.052662029873495
159.19954550175657,63.38084286489894
161.25164312708603,64.90898486202464
161.33988546817025,65.24910960479336
161.17375916874644,65.28656725521634
160.4853629360593,65.5063000084859
161.56313268773673,65.81735410767325
163.84069405655072,63.50220731126918
164.34160365657456,63.94315545293914
164.00300570632763,63.84054225075335
164.88603519626122,64.51506343008487
163.19733508279128,65.77456231072337
163.05393600101752,64.9511244484839
163.0375004736597,64.94587904150742
163.72127301346882,65.79675213372963
164.21291545280968,66.15539661521191
166.75492900088372,67.08989868609616
166.02870352378727,68.45684701683112
166.3159979615884,67.91319681531215
169.8688030268392,66.35698040387312
170.42194919576292,65.66536828672082
170.85086547178324,64.9440153486972
171.4050838338265,66.59659884914029
170.76066508083687,65.18900724077912
172.56349906544546,62.55236311918436
174.7978532373,63.06032448297646
177.44044038758645,62.190460934089224
176.22631903267987,64.20780557693847
175.1187271918266,61.93034740594378
177.45115649796702,62.70065703518135
175.79441333489746,62.276579207567195
175.8750720670623,63.96249273781189
177.16245923762537,64.09405627692087
179.08267967797704,63.03860227547215
179.241493202248,62.177357668609865
179.7803361246076,61.633865885921544
180.1938004322302,64.07358906975054
180.15415657972054,65.22750252773008
179.49491405213868,65.73542939084595
179.583188306431,63.24757258719381
178.63615240107612,63.06694818765933
177.14669587812858,64.55341399041524
177.31905982801018,63.72859241805508
174.8642136623798,64.04866054392434
173.2956932999133,62.66210044135757
172.53553052577607,63.28201290497528
170.98202654287746,61.90617046050482
169.77255632712198,63.04112112458508
169.41215449082932,65.18388110175889
170.60905339060167,67.85571314004963
169.95847613696597,67.01209552782375
172.6657530905974,67.2807173343591
171.58124982530097,67.88321299994081
170.98161450019296,69.43744464116281
172.7669666099714,70.40626670470913
172.58680444723475,71.55182121245197
171.7601171077307,70.41294285627296
171.23843487778538,70.12337708964166
171.31968927510138,69.16500065613526
171.8584363126022,67.8013136884913
171.26518151929534,68.37788791472259
173.53031534328343,66.3869828409338
172.6896707341342,67.32555667404958
174.65033920483305,67.7684679803725
175.11128421229594,67.99572333195084
175.73732951619343,69.42382622618659
177.25894930156045,70.11635490705325
174.98165244592846,68.35400821626736
172.7644900392194,66.90598274805295
169.5164592891747,67.04906259898401
172.72377302005722,68.32697788456824
173.0142579795584,68.87990598837447
173.88467901078099,68.73314380724912
173.1900674977592,69.80383228084149
175.02671479938854,69.86516498003735
174.9396657731681,68.67056033133102
174.41668101079708,68.42870456960479
172.58210047559263,69.47511906163561
171.96104786215486,69.62004895550938
170.8661435218178,69.67130390984275
171.80217768588716,70.1965224861162
172.5157207787006,71.92415514077267
172.8745255396843,72.84585671479721
173.57310844543738,72.05244228376229
174.98969546457928,72.75735692793076
177.1023219296893,73.70091297901806
177.95036798966726,73.57500145374746
178.12095663430293,74.95818311692945
177.31385209003645,76.52621150893566
179.6741749012764,77.31499832791027
179.45802706831705,77.98897634888533
178.8995439165444,76.97648772778703
177.98878612442465,76.65818061818455
180.82887106237558,75.32663954439366
182.34158427636697,75.29348102968268
182.93980339776056,76.2138434421663
180.96292194808788,75.74165610476827
182.12396846937085,75.4779589234917
179.8042349942943,77.29503909881964
179.2068585370205,76.5585902072831
178.68316351781223,73.56967075731866
177.22500349077413,71.95977462246877
176.0418127232551,71.35382359625216
176.5182646229353,70.63361775770377
175.9362606088669,69.21375778028832
174.82953821753006,69.78167165850145
174.28222699346895,68.44185322583745
172.7223148487002,67.87262250188594
174.21897177673753,67.19968728828934
174.96005816484097,67.9608872308951
175.14419214116785,67.1104642587666
178.0015337569035,66.30407707374279
177.9981120071659,66.49023444113811
179.05355086790206,67.9673596681353
181.29773634119758,68.9455462295646
181.63747755726888,68.67584140096282
182.2047640262734,70.18123490641958
183.81214626068987,69.17861343428623
185.36386623324307,69.25778033869078
185.88049279342735,68.84055880963938
185.21549591237275,68.34308286793373
185.91951914538015,68.32513552308309
187.86709399482137,66.38146644742172
187.21320914090168,66.38383053405502
187.21773451673573,67.16818881283818
187.6067432206326,67.37614045726929
188.637828261332,66.09199006033566
191.46076099934967,67.56210959980943
189.90694190734013,67.20027326097822
189.0690113393139,69.24029488997566
187.7527145001152,70.14537512001249
190.4300732680463,70.03753734094977
190.15559175976674,69.65301958321194
191.0068023922543,69.96715452285495
191.66851894665467,69.86577432589092
191.03473368418412,69.26841197571302
188.30616187857672,71.09799225586586
190.32533016779277,71.2183601421752
191.2441299888028,71.64583662066264
190.10499182575114,72.1272179893862
190.32252375558252,72.30049826845908
192.768145391895,71.94556523336959
193.1450688248122,72.28511617726419
193.57966561609683,73.15305650168011
193.88127097383622,72.44154719015118
194.34313956847163,71.86331974855933
195.00116077260458,72.14393798161724
191.7111910036028,71.10190050127868
190.83250781664057,70.54848303785957
190.21117614737554,70.065001781845
189.4459077234266,69.75269095672157
186.684611470579,69.18703503801923
186.18054525816976,68.84819269276299
187.50898564754777,68.43561441232391
187.5043159650948,68.47846074439784
187.24443848803358,67.46624491613147
188.25414916408192,68.49915557553933
187.1597947210269,69.15888147486369
190.3769290482941,69.52594474263478
190.51153624500773,70.08168985874738
190.8237500286565,70.72402874126045
190.01775672040532,71.25755497713929
191.31869275974697,72.20946376317156
189.5631742817435,75.00269677461311
189.78997625205568,76.08951582641114
188.36738167972618,77.16744595138312
189.80702363786028,74.00798453374037
187.15135593923537,75.79308321300915
187.0719579852487,78.04630845994134
187.30695448426894,79.8038781506012
186.58074655990933,79.02689327140048
189.68688732657378,77.75958997130736
189.44620852587383,76.79050763012667
190.34178677278314,77.74753034271308
192.0434145151442,77.87835592271526
191.1231526043998,77.62036066859757
189.26782700464597,77.16313125271944
190.35102190604852,77.1754156201683
189.99351829769037,77.42503922255929
189.08025937860486,77.54652607395477
189.81065403217,78.2027130617782
193.12411991337237,78.74751890721352
194.98656242419557,81.1992527153687
194.70861545094593,80.97776969005209
195.32122948978855,79.69137710323061
195.57811656211575,77.83066900134808
197.11026385634818,79.72153995299162
198.83692355050218,79.51205946002895
198.7591451052432,79.69033867754824
199.39584041697717,78.97526946257365
199.52170928608024,79.27150633321092
199.3256543917084,79.02239339882873
199.76130951739165,78.53305297171185
198.5361711808771,79.23460347114535
199.3860054240474,79.1894898694237
199.5160895686129,78.04815166077906
197.8327298634872,78.29448601643686
198.29621196623108,78.81933585217617
199.65805436012366,77.31149090875793
195.8778653145221,76.35974603609613
197.08095696856788,76.48579543291025
196.39063886728724,77.28369328005147
195.26017200482758,77.32877665373391
196.67533335035245,78.87771532376192
196.23108096317392,78.79901727994368
194.447285088579,78.4038838170512
194.80590431462386,77.486183654064
194.38085770268492,77.21815290391271
194.00154168184272,75.83965528206821
194.36416325904437,77.54399225090307
194.82911036110974,78.00104160442164
194.07615819162464,77.09432954538717
191.7406180472904,77.80777365986586
192.97339280961384,78.32974126154821
193.90688753666015,80.38018860612821
194.88454256861232,79.29705495061476
195.11999316180118,79.68468049689227
194.57855107354527,80.08014673444998
193.51861230610317,80.41550355829051
194.9492260216627,80.32345834778222
195.13674635719948,78.55121361366324
195.05705037917744,77.47906851513957
194.1654222120304,77.04959549507424
191.7875855150436,75.63890633951951
189.14113037337833,76.61714767619254
190.32653422597585,74.09046932640416
186.97781280996304,74.10957625495337
185.52412004651316,73.73625679245333
185.19066844321142,71.49054986926653
183.66174294536316,72.01903932036734
185.03143532969062,72.55430917726103
183.02226106999493,72.57420182571356
182.89943602971766,73.13562466732158
182.39005291057674,73.90193841252602
182.65752176406536,74.57657277649854
182.57032313547202,77.24985102249498
185.54894543770016,75.46759176395956
186.87185608570582,74.1083703871721
186.66728289369632,72.95911747207967
187.07917712674663,73.3377963187254
185.79570573967032,70.48644936322009
184.04382516632091,69.28707620809287
183.14362415501142,67.46384031738341
183.8337059238534,69.22118622043715
181.31391502880805,66.56013014102706
179.1711269288437,67.48316600587887
179.86746496986768,67.7711817568737
179.62781759822926,68.40663875623187
177.94592212441844,66.43323437472799
178.9698540285824,66.31343851292081
177.78959074258805,65.72243768535296
176.70697548642406,65.49685163018508
178.30364429627588,65.7859143018298
175.52029397644847,66.10208643826341
173.08258639641065,66.83202590580709
173.58764237608358,66.98502144053133
173.66071296167235,68.5497632901861
174.28133910690426,67.29199127792943
174.1588243698255,65.89444466339236
173.43962419018848,66.00288013323903
173.12583373788317,68.21803058655918
173.57967438142683,67.74543414733938
174.69747396668942,66.37470494172494
175.74066331709844,65.66919978683676
177.31317813169508,64.8783771876345
178.57183021603578,62.48775969396725
176.2548675184512,61.45268243600872
175.3892575300532,60.97936067933186
175.0316798741131,62.22067492658011
174.94631615964943,64.05638649350568
174.01685091347042,64.69494412246787
173.1248473482342,64.00091893990695
173.07771592824164,62.3120737956581
173.64598692471031,62.44494767445246
175.41805045522736,62.8217844984462
173.98195754127076,63.868948874713524
173.43552743567707,64.09706417145783
174.9778021562443,65.77675459965049
176.36841853055006,66.00180937161028
177.04528627653764,67.34735670688222
178.02284911437746,66.94643682666761
177.19357643540553,67.7002370123011
176.414243089211,67.0589879073398
175.65394969267325,69.17184584768516
176.58162913024404,69.56574123555143
175.98451873312433,69.36394941883499
175.82715135856517,67.78704741144486
176.35330035275254,65.72251929813939
178.55562358402662,67.1122356130235
177.80420684020368,69.37436827323562
178.31193316276062,67.13564681600106
179.16483621867616,68.48656421200673
181.46800960245474,69.78614217750467
182.00824615741865,70.39585694810366
181.11184803168038,70.56770213645223
181.73922566766973,70.03360268828185
183.8001143241412,68.54263728987952
185.7559875367745,68.44798519003574
184.98861168036342,68.94528429334694
186.4210601334199,68.68540198280792
186.42659935672222,69.37585955337478
190.409103715939,70.1075416622695
189.3143079702393,70.65503961152628
188.30438263748923,71.91946383468249
189.31522133465177,71.08457861488938
191.12032522436255,72.99505086700908
190.2158917662152,72.6178771083242
189.69987679151137,73.08561589569662
190.28253245313448,74.2645900126299
188.67492736267678,74.89972175917998
189.6679340696895,75.17337978511884
190.03194067953328,76.58346116466096
194.0382637971049,77.28369958930317
193.24074494091053,77.59214613423026
190.9274981877077,79.08336077067943
192.9945841508243,79.03495629629732
192.56455753633225,77.76641221183465
193.38901683184847,77.71380322330745
194.03409603195144,78.50834554112403
194.374654472143,77.59078570796716
194.45636805161445,74.69402626845026
193.56683732545739,73.83000662862827
191.2727714451551,72.56258035628643
190.75560493366675,71.49097061866354
193.24713157692472,71.2632929882787
191.93219609366537,70.82340918170175
190.87665745393264,71.49292793201388
192.04533229131798,72.1696563585062
192.03427263531924,72.28787964017742
193.62152781260693,74.07354765413494
194.02529974258425,72.89028408448749
193.5643664188326,72.09620613947584
194.796399821271,72.30439327973313
196.0409633501687,72.5663535571719
195.6435286988459,72.40339741670154
194.89589003254582,71.08770857055174
196.99793058599906,71.69264986120766
198.55471800261088,74.18362994564129
198.01181969935627,74.27901783826839
198.9799630600193,76.1665256469626
198.09803560611286,76.10729539766267
196.5166178403076,75.39341597049668
197.9562992434707,74.0721964852778
198.82092446232306,74.30904195953984
199.88697699963672,75.80074399552943
201.21295204816963,75.5146278647112
201.88444103590942,73.17052433423692
201.05267104745053,73.39903382064145
202.04636363562744,72.91320652772475
203.20043920249034,71.12334267446225
203.52303119088054,71.54808732014492
204.68367738604474,70.84811713291884
205.33440325102976,71.44586502434693
206.52594450618645,71.62184841782387
206.0684261801058,71.25245900228794
206.26825658207323,71.67232884419637
206.05425140307915,71.72409198841395
207.42261567707538,70.89976305833913
208.253398228692,71.34823432244649
206.3339442307291,72.85035810483102
208.57349277190738,71.24708932205381
209.1951185252941,72.56812997283497
207.91812096384018,72.96767103161118
208.02394654799954,74.29821537424472
207.96345829755467,74.3083382766769
206.24256029144345,73.60869287533266
207.16213992435587,73.78873573485215
207.1378805996118,74.8431656597364
207.71137287823316,75.96025545873614
207.72119382838778,75.789381534155
207.2274605869082,75.08827595080149
206.07406456369384,74.5793964232744
204.6093392184681,73.26291420693641
205.96471121409414,75.80426236988905
204.16137319122947,77.49928732410032
206.16050151552994,78.59805195241672
207.48484032536143,79.36410755786162
210.8712366374621,79.41128447245988
213.78308396446258,79.42690921322693
211.2602888681387,77.41531028261294
211.96918955348028,76.42170073141618
212.60198224950474,76.62628110504048
212.40144817972333,75.92176456185075
211.3236566340254,76.09926002106802
213.29233495421022,75.46702384079796
212.47963239302663,75.15256276291564
212.8454429347942,76.60079468483733
213.84546285837217,76.88235240908301
213.52439126264406,78.04148069957944
212.2895242975801,75.25497783634425
210.56761455088022,74.89787004786437
210.34788137169198,75.48536336086067
208.16487911853608,77.42254432958916
207.20004428994181,77.25375039782735
206.96581002919345,75.06377720614127
204.22973851791704,75.93181395685964
205.2574585475202,78.76002014090557
203.5266110729567,80.55731678971065
204.86556529402537,81.47951252822855
206.88613331183382,81.65924945523638
206.56329024252267,79.77690117020803
207.42635368326881,80.71368420241365
205.9016535425744,80.09474185409756
201.637948674337,79.68382079804339
202.74059621694616,81.16301036083163
202.57995890325273,81.29995674371682
202.29460920085253,81.48482843278583
202.9263207162768,81.7302000983741
201.2209437525912,82.05056855004368
202.44306935743782,81.5758983143756
204.45167924901526,82.31707615165976
203.75446323024042,82.14835362187756
203.07397346631353,82.82372513843269
203.7070745771081,80.23214323479986
205.3310360054182,81.18568993120286
204.71294918845496,81.50261763073154
203.1544178950725,80.86948199606559
201.86202620134287,80.04530149163124
202.3382506444945,80.0541462306987
200.94373861425896,80.32850240274524
201.1067577320965,82.54320723607512
201.71210093097352,82.3112193386088
201.27434353880432,81.82143059171356
202.62773230243207,81.82547390683506
201.12232215564683,82.41512668499233
199.5522945888084,82.88190100146622
198.20462038613317,82.82414015664912
197.1919683087727,82.90556817141267
195.77523273838528,82.49773479696601
194.3706662608162,84.0563217940196
194.83304665161933,82.95689377503413
194.6134595043319,83.58670998521728
192.82615002709719,84.70576678304504
192.00596692298967,85.3095176991846
192.84495434954653,86.16982401932722
194.94658270961796,86.864579898269
194.07421544031413,87.93283995461502
193.58503315906069,88.2584165846102
194.65594909542574,87.45809814882813
197.83404781269,87.0096828431773
199.1794135350372,87.2270209137519
197.81894189251716,89.0776663138538
198.27324177312758,88.35743084150235
201.54520499630974,87.80061899562888
202.00856605429595,87.56505531862167
202.2200708191388,88.45766219969903
201.58516114471513,88.48238426993107
201.47779797536725,88.73363258336907
200.3604046330382,89.97545784394208
201.27715121637414,90.59238757988105
202.2136812105369,90.8993214511456
202.3370232039924,91.67570924103197
200.8005082503753,92.06902276321765
201.57736614823048,93.7957076759713
203.43008794072625,94.84500856210991
206.0332440681079,95.83909809430766
207.82523708256713,96.68594264426332
207.0321806273338,96.18524926351127
206.05214976508483,95.54813658391848
206.11407457300186,97.45700314360708
205.08856855925308,98.38416676604244
201.88923471675818,98.28215504843061
202.53988505556032,101.48330318765359
200.78733435012902,101.56470967418323
200.94628693046096,104.17996303165273
201.09526761380633,101.93024239445536
200.4920467128902,95.98830705732217
199.65728375323056,99.13458138640858
200.15926667720163,96.63360090626408
202.00198907389742,98.17691092237708
202.25125734514913,100.08481306088466
201.67956975054577,100.72253263312106
201.95825342914037,100.88555798538475
201.81503779651317,99.05067893807835
200.6374933981222,101.40582549443333
199.16781961436735,100.56543245459912
198.70342613528186,102.05956978106035
200.4251775163004,104.42046029947775
199.99775235339686,99.89324969278893
198.1646466858439,102.82582675711888
198.14600609597105,101.42997132152293
200.32577119381313,102.63895256344301
198.0929729024524,104.07690758064224
197.72787490528745,102.78745219084098
199.72004687609612,101.14112314418098
199.19602342944412,98.75477241794515
198.8629999596353,99.02906124636253
196.94071524869636,99.73380228615335
196.98164403177358,100.790314047718
195.4750266350356,100.57772671723976
193.8337185989355,101.85560375842168
193.2688049101123,98.62508486337342
194.576345227046,97.01277971420986
193.3755269948685,99.62874521392284
191.1118206567337,98.77037220504197
192.51836695435932,100.37000894779541
191.62058772178335,98.3782569142649
195.3795543536625,97.39812695743754
195.89736662334212,98.15287612960134
194.49516729520985,97.51253502525269
194.24856800178117,95.5420688303526
195.62318660354723,95.29638832747509
197.33322440888676,94.21840065696851
198.2656032466666,93.60642580598392
198.47426627930238,95.18930749588812
199.64150106323407,95.4961525459771
201.6589157597149,91.7167061002549
202.10533300554107,96.46933693087946
202.70404661080968,99.84314674593554
201.72555936549895,98.91037474082869
200.21820441626573,98.30392090535922
199.93153608071748,100.79923587014356
202.36712412841757,100.06602372960823
203.58514776359954,102.72270302890838
205.69483356438462,102.85012631484231
204.8911439102659,103.25002011038724
204.09772872139823,105.86076184537033
205.1526497286859,106.24825456739278
203.54828586049092,105.06209282494302
202.3719732566544,106.44964944311732
201.907107596881,105.87658438571091
202.54574678118638,105.86285510109643
201.78453849799013,104.18407935406454
200.21833948991326,102.57635225939576
202.31814784536405,104.43654924397694
199.27700781484518,104.61001057738915
198.53665240280264,101.33358392349051
199.97094674867176,104.46143616998486
199.80036355534813,105.71716813179222
198.41254847089843,103.81960612405932
198.86241653259708,102.93068670721851
199.3813510271984,103.6013526228077
200.96812012304713,103.68447538593263
200.5884432412321,101.2420882439455
200.3557556893427,100.07038776502415
202.27838520868332,94.88428406434873
200.69461795853326,93.92630038261471
201.52729619308468,94.72471472229876
198.43044063469117,95.44290048606567
198.20052810177825,93.4223033178208
198.32236962703956,93.24952621226883
197.54285149899232,95.5820393027068
197.5027203185545,95.7305669634827
195.08652365668172,92.22851012001719
194.66220328408076,92.7229757247372
193.3568071617499,92.42544775156894
193.27293724656363,93.7783654803186
193.30646302597196,94.48083350518827
193.59605491525687,93.70655001625809
190.10692236190013,94.81103028460997
191.00046181411082,93.84400442499346
192.42968823519155,92.80997919035133
194.39990965250485,93.02410728653099
194.37822692438786,92.82191826297492
192.68053631141854,91.81915064230026
192.37435016469638,92.53941909559776
191.90678370028746,94.47912597309175
190.7517691895606,95.5113758158728
189.02550950989348,95.6818646689069
189.71577382795255,94.2432488301248
188.87154814839025,94.59633137683863
186.38838963113687,96.30003370155879
188.20698556966937,101.26762682727302
187.00820348976214,104.43988052453469
187.27924231916145,104.48402385892224
188.366846883701,105.84523532293832
188.3756235501698,104.68930514064115
188.72685635229345,104.01876047526991
188.0100313168211,101.01129339055825
190.7328365156403,98.93712618337425
192.04971000744874,99.23359183516538
191.57811888873846,103.16801987730547
191.4332609965383,102.5014562468445
189.7180893926213,101.50464090136235
189.84721597849204,100.9312309729106
191.42117205135952,99.68626814543116
192.51091254051985,95.74745097597777
193.25439758998897,97.69204369258254
192.64684185888183,102.43000234966469
191.83836683302724,101.11954391190945
195.01720358064347,101.06610980623606
195.3555665979921,98.1731182132593
195.91592904713374,99.86796184986834
194.80336014505693,101.0301360436715
195.65229921737415,101.42864103464015
195.83496328753074,98.28018911443013
196.65615535665498,98.73951999075418
194.33096526712458,99.11947597250567
194.12319888768738,100.48254863971616
194.4872565533972,101.85796173157927
195.9441236411672,103.00828550882022
197.62145692311512,102.513062737811
194.4669004142634,102.4347043847684
194.20962042175415,102.55378744924913
192.68969820319526,102.73758695010302
190.19073747927206,102.48889485573403
190.46498213987468,97.56806692463249
189.56350284840863,99.63248779786132
191.6886175741615,95.82926804884382
193.63413394756273,93.568702145114
195.48678470742857,94.34999524175055
195.54367102338048,93.24759105689486
193.70212943364115,91.81518309304722
193.19690823510462,90.9030767549967
192.29978367909405,92.04548624053294
192.92265606936712,92.88271714703491
193.43380891170835,92.63824306036791
192.1757725046924,91.11627064297213
192.40427632568296,89.78565315699983
192.153691071303,89.55788353873805
189.71986394422777,89.20525033026539
189.71136924270826,88.2817779990921
190.08604434639665,87.16222138157863
190.42923256157601,87.85873770707046
192.06610134241637,87.86613934995208
191.373204881401,89.50744322503056
189.58057754600247,89.5318324164687
189.84636271545278,89.49965876503781
189.84988268772227,90.10784533193353
186.280377920813,89.8672494882206
184.25431346798533,91.41298791617594
182.27231659693558,92.38207697212107
182.9331067880058,93.44831852820785
182.19490258485556,93.87083850742567
181.62801518623172,92.64851651539757
182.63738472432703,91.90542078298832
181.52923738765986,92.85338167410985
181.76505376322518,92.02297850535174
182.501009470635,93.2477935486902
184.2168861544752,95.58921786083728
182.19178522071508,96.3722039732183
179.45212966352375,95.53640134573412
178.10888418963083,97.42864972194641
177.01346590472443,101.20872503554303
180.4124780574108,98.05297942684639
178.2938558095679,97.15095261448737
175.87009728413597,96.43405926735113
176.70671365357035,97.4660488669443
177.0935987000759,97.95645494617428
176.54198026289444,95.24310335955563
174.09473435753776,96.31938512045905
172.16231909087603,94.76285376797331
174.636213448158,93.71128800836338
176.13737364099887,91.9993946402267
175.46174537394586,95.49288196623432
176.19427755329392,96.46527554196813
176.71476133423369,94.47065467842434
176.2132666639464,93.51826696025208
177.2131460004671,90.41777428933023
178.43069409243384,91.52906928155576
176.93580063217667,91.01389537419314
176.22179517680812,90.78983201875697
176.47945460458752,91.24105068076356
178.33752204553693,90.88080911661216
177.48120614548685,90.72370489845645
176.69757800788764,91.64973889868986
174.27746012324195,91.34984275608299
175.2983240251449,91.10898551086447
175.32290046525037,90.65737641323595
173.77505199540403,89.20861348665495
174.6071435774395,89.93679597711397
174.48537785266166,91.38804418569117
174.3154968033387,91.09817624931395
172.28390870055108,91.00404795678321
172.37891150402925,90.92234310971727
169.73916167346647,91.03860693412209
169.01624417856758,91.47636288706222
170.92677713910572,91.25823489824035
170.09751495104155,92.3286499932977
169.69448709634491,95.783496282121
170.84001657540108,97.67086236262413
170.91095126802765,96.19477078878417
169.16089136668504,102.14994630901134
170.88704400119872,103.70552467251888
170.38129773822476,103.1603094687225
170.87814226628686,101.50677270925894
172.23671213563054,101.56673498312126
172.95483857741397,99.8725425326437
176.18638480656995,102.95459911783985
175.5584503170301,105.20870329330442
175.08127097193704,102.57621011984595
174.14437252028802,100.1557515290076
173.5944057351971,105.39963442565657
172.83840485315255,107.33166641456219
171.03243944385582,105.89596752840356
170.81851828118434,106.30581274966272
171.48616361596902,107.5433450272562
170.19958749217193,107.45564209082312
172.91963175357265,108.54040259450434
175.04212502244818,108.75847115302884
175.9579542124922,108.14221637370959
174.0931609608137,108.6440912837807
171.14882122983093,105.66444765503746
171.11602362191425,104.03356609453796
171.3883290864879,103.62709694394763
174.50041247372542,102.04988613438938
175.21045827948728,102.3219580484231
175.66589446949067,102.32549841312691
174.2034195760478,101.64467200840298
174.54153318350336,99.18359954706595
173.46987094215197,101.48629198705747
172.1556963092773,103.667445618247
170.44791413530513,97.52380673506435
169.7292278001408,95.33815347842545
169.03573806240385,96.24291800245845
169.51731129011688,96.51802049156716
168.14656219394362,95.02731231292812
169.93837513377932,95.87675478308842
170.26474519492925,96.37770370224573
169.9694328547412,95.07308066940384
171.42477644538303,94.60479588970273
170.8415732750248,95.90654744803028
169.2933014620178,96.9019387993215
168.5590546792439,96.89986789966756
169.98875860347724,98.04196323563578
169.55499909480088,96.57567730795844
170.31165800972914,100.1184445486467
171.27547374617552,104.06277605344368
171.96255686320944,101.21209011346191
172.13616979442534,101.72206328892446
168.76358795750662,98.40808185787294
167.43127181450183,96.08891690475403
168.31833076155857,96.21487969792561
168.2446267715611,97.14227242730391
169.52611076762582,97.10645851205852
173.03011892789982,97.55560194620365
172.64610368739793,96.828625174621
173.1132055014841,99.01200958158705
172.04515272102972,98.4204817230808
169.19640547543446,96.91035098605215
168.69245353446703,100.2631300728968
168.2097903799532,102.1138191985658
169.49757284361488,101.93093618254565
170.18929932060098,98.10830734330273
169.3109864974124,98.20517485699378
170.15077721488657,98.38669395766765
170.491041964158,97.08099813324777
170.34802952248367,102.2606337294728
169.67755415944134,99.70713948804516
169.31932865520372,103.70438556661811
170.92605618574183,105.40531966044769
170.80505594762656,102.12105396073319
169.926538647005,101.01582195068876
170.59996735513914,101.52787480115272
169.69363127364997,99.44802175662866
166.67484129632857,97.04900859680797
167.85723047686247,96.7136843766948
167.63678228504043,95.93377050761299
166.20513428665726,100.66981514728559
167.28679085422843,103.74066805550851
168.758245185593,103.77559224404835
171.38255480414333,99.2541322744844
174.47386713116907,101.51828303678106
176.86827940672546,102.96966232597501
177.41706707184147,105.68878236658043
179.6419238755664,105.22639609257587
180.95124780487603,102.8611281391911
181.02666293069532,107.02089259642437
182.10362637118635,108.21593826461462
179.70980816978584,108.18450417745305
179.24632697493993,108.52650861121973
176.9963167662912,110.1092273499226
175.04240855767446,108.47002029931298
174.9314538059313,107.75414977507428
175.01447597157465,106.21045844189064
172.93480757814496,107.3343355886065
172.8577628970793,108.5038695408829
170.9763525619932,108.9820236681719
169.86055832941594,105.72515652792723
169.62336253381022,107.61752595298763
169.55151624718633,105.95216566817335
169.27248716720172,103.19531605468099
169.61681101914277,106.2212263853731
169.40036618641338,106.6713493036845
168.17158949749222,106.99833612970932
169.3411713579943,108.82229334540426
168.12739830409757,109.04877951965045
169.1000046114123,108.93113953482383
167.59204751556854,107.28720732516821
166.17805810109,108.11046797278433
165.37449028996465,108.25440437647934
164.79759581194742,106.19609799429405
165.44276739133096,103.81979739013
164.7956290990852,100.67130951453558
164.41863725572765,100.14296232699705
166.79634023598555,104.81710616127951
163.483578745973,103.29093014360187
162.91411181432923,96.7469579645026
162.910693462975,94.80419948039757
163.74562978347012,95.49714175627567
164.72462793515786,94.0410433018866
164.64454113662146,92.6804528743648
164.34593338648642,91.6558269762436
163.07754385649517,93.2374599643559
162.98752627232233,94.4038570939152
164.77724245069567,94.44658956598899
163.436917166537,94.79187449749985
164.2555292680847,94.57547878251783
165.00922810216613,94.94719518181422
163.9586058329697,94.0876948690685
165.24219981035,93.54649234361281
162.91087402222075,94.2760496007947
160.65586688812905,93.9503355055082
162.52320530650934,92.25642019308802
163.40730489718317,91.59126303414516
164.10915707315237,92.58389754116565
162.11911612121386,92.28079470406976
162.50624898084328,93.43022493033351
164.53178945362896,93.8745636217159
166.02226264588032,94.33179036375411
165.54780343129963,94.77506127545111
163.95748018380732,92.50743210743849
164.64338066727046,92.30164322214448
163.65244870548614,92.63405052639398
163.72716688218026,93.38030633080498
164.61984078740775,91.79271191012772
165.32397885007842,91.68628423556551
165.26724145167032,92.36408724946645
166.28552029005303,93.47370417102958
169.0501633271097,93.28137393428707
170.2303463891824,95.18437445484813
170.30432149877055,96.83852284317584
169.35461585611506,95.57611074267697
169.29209793771287,95.20064450044082
167.32742862084572,94.97281498543752
164.88722189819347,96.413229828777
163.0369880501405,96.80810758155027
161.47965959684194,99.10998229362654
159.64300290553246,97.47659716471844
160.7949867866693,102.347144237835
159.6284606978112,98.93049124330413
156.92197371513626,97.09195682853765
155.5435256528264,96.59631205213154
157.13330192981167,96.51736140344151
157.51704587171525,96.57303303969076
157.7876059767689,95.79925893239643
158.12934071160836,97.31206500833848
158.60147413985675,96.62585101417162
156.67725912007998,96.51238019873342
156.87010682295545,101.49436931594572
155.37315135298786,100.00588200229404
157.7462489790192,102.34419312644737
158.41201812561684,100.27440882431247
159.51647723385594,103.74438512070849
160.68331685312046,106.60120417326199
161.57462176229063,106.31651261894697
162.0711912680097,107.06313865344725
161.65964645520313,106.3246395866017
161.7510433707866,107.12999618656927
162.00555846510335,109.67913387192407
162.67504592352373,110.81383433105734
162.0494158318371,111.52098282097232
159.52418322976376,111.29287095921276
159.65778366396304,109.8563697177778
159.65479148480776,109.17875104479572
159.82588484765097,107.54907641573224
159.16049493160028,101.28250250583193
159.24624535426767,103.78841662596909
159.03041376264827,103.15260835936674
158.2284978969074,104.6131134140924
159.7532024127738,106.9529946625677
157.66522381907234,109.02839852085866
157.16214196994284,109.09539412611556
155.4354711121978,109.12238149103823
156.15272617472996,108.57495243629901
155.69828283666985,109.05376192899888
155.86847046873177,111.31530608026544
158.18643771252886,110.94730052559447
156.95587371631083,111.01274547312623
157.75051137155202,109.44088198967141
158.58716425679626,109.49939947942973
156.9432675310253,109.25465872817468
158.26407102141005,109.82465019273035
157.73787364695445,109.50903858054382
156.5422475919451,112.56351084771067
157.14590266675953,115.3177493771928
156.65024029060152,113.93315676937749
155.31590922518345,112.74861703091806
157.04350865101398,112.24168838709576
155.29477415085262,112.68782799955072
154.8237290078376,114.05250808458679
155.51637629365592,114.01306898577495
156.0461177914941,115.32452035580546
156.504068180674,114.68083741740219
154.3192236654948,115.71759227852283
153.95948048134713,114.57760175996758
154.16877576467974,115.34623270185593
150.86784899535917,115.27787152014135
150.74949639199892,114.83442256277449
150.49553691401948,114.82985893585884
152.70024990158635,116.59597976256842
151.30484213619772,115.44222535451323
152.3624047265704,114.84150632591232
154.24072190767527,115.1304725930784
152.98832974215497,117.49241327028676
155.87267367387076,117.44018712506329
156.85569832940837,117.32053970056164
158.99047243937093,119.7482769621484
159.30809431147833,120.78804030322853
160.4531444561176,122.97087044548323
159.69283556330072,122.6318676676729
158.16703735092506,121.48617515833327
157.90905575540665,121.33030246282293
159.01620785832293,120.13606040900055
161.31519850391487,120.51353994029871
159.3176562280016,122.7088282744489
156.61581969466064,121.6956311217717
157.9484486219094,123.4552817254436
157.80879536348317,123.79698901677472
158.02421042681334,123.54925987487286
157.81882153378376,125.07423050968458
154.6775197778579,126.62292030314198
155.20158877225583,127.2720649519453
152.9123964405155,127.55307760222487
153.08684701584886,127.72305108662582
150.7421065561864,127.11996381176228
148.97369814929985,125.43077951201333
148.71143503836922,126.38651844994682
150.09791845544007,126.95920821879247
148.17438380298097,127.21534501299867
148.1337159950088,127.31207115392624
144.93536563981888,127.56794450163896
142.94843499497526,126.46547688622904
141.21042955056464,126.04083630363566
143.28804050697707,126.08718036354543
142.11807257358734,125.75382417778327
143.9097492128733,123.77190663413101
142.58091138083185,122.22720419548332
139.06214468001002,122.51582883520003
137.21754285747417,121.34915350473024
135.70246891310117,121.36964866028235
136.6482576272841,120.15198688284293
137.07564956060693,119.31467633086041
134.9311471202881,118.26912204032419
135.02622085982668,120.20601461393376
133.32511934477347,120.15095682249488
134.28955964279527,119.83751497171046
132.90431370534634,120.20624426346447
133.63289245558178,118.80953634887514
132.10576400728473,118.72651680075965
132.74530777480726,118.75257197739383
132.57243341063773,117.98110034304578
133.3572792328902,117.03118205916847
135.4827362388065,116.4257587075369
135.6124081015903,116.33148637868878
135.73910667863888,115.19725881302216
135.74967347565143,116.11355971650751
134.15665549205286,115.54984161617764
134.20842063760523,115.05862442776306
134.0449465625705,114.26261143989659
133.50744016671942,114.09649992175923
135.03523274610654,113.60096487248629
135.97281915571224,113.17704005520834
135.13439162811738,111.65151495940914
135.95178014894242,113.20150171305345
136.18935297448186,113.42530447487361
138.81800945895117,113.28069743532025
137.21896590321802,116.29542859674662
139.24538687913252,117.45469595656658
138.4511355012925,117.8609747817097
139.39373368895866,117.63164493742993
138.64846846349394,117.6492527303991
138.2232264288299,116.53579160201366
137.68011963166532,117.63151708093542
138.7592191542833,119.28256459973552
140.20031700991734,120.45785212929579
140.32588796917085,119.27590377931945
141.91405299401222,119.6011753499508
143.04623102874945,119.47525946958406
143.3736416812857,119.0562306459481
143.58078869162605,117.9473742346766
145.89744281748676,114.8350632016596
145.2493363200803,113.34735117742015
144.9446590017521,113.53992201659739
147.21142196374805,112.91907134722395
147.3959548575058,114.75171377120984
147.06350605930055,117.28163481431967
145.35727819767595,114.26404290099
146.3881336623337,112.55254499710315
146.1109907221026,112.20268023232683
145.0783363934521,111.59512062833859
142.94567615659747,112.82409292687007
142.86612780672908,114.64045493989482
144.46038195556298,114.75244976575357
144.7272414329524,115.2596983081531
143.91588182474243,116.81486870214458
143.9644066334794,116.7104555840276
145.25154968524816,116.6871640137192
144.12522858616214,116.02385138601322
145.42447473528884,116.75904584076048
147.67756460526795,115.61344560942982
145.95370810727155,114.26043052538246
145.41016012484957,117.40799855953136
144.9854193288974,116.5044926193756
144.5963519832328,117.12555752294864
146.05410609358356,118.04516390598086
145.0803097709964,116.11151016740396
145.71531508141368,116.90655375104103
147.27519132096992,114.74667251258693
145.03276131127484,113.52111968527075
145.36407520920076,112.92828275517395
145.84176410907,111.53527583518962
144.30502064669184,109.83677958139833
145.3638003271033,109.84319415150138
145.5643631458189,110.3861161714768
147.08135344379113,110.15917093617999
145.6243600539352,109.48270011504864
147.8858797639074,107.24128896479161
147.57715160724007,108.45320712116924
148.46938049875413,106.62927759928102
149.58191354406432,104.02072290808638
148.68451945469275,103.22187558394778
148.0133177048245,98.87381214478762
149.638999204622,96.70205220314769
149.74307449555744,96.1087847972847
147.35828256281792,94.93029814439933
144.1985820905587,95.09777511810358
141.03087409393942,93.7466427540089
139.64686381578122,93.26738792549303
142.289290037263,92.61213161296394
142.77886533746272,91.98201636092084
143.17852673484117,92.02572962297128
145.46296811413643,91.34215899722298
143.72143675959666,91.53240335894431
143.79046216938474,91.4159595119568
143.23625090475088,90.59811995723483
143.8989920946982,91.2651883157901
140.89533256343637,91.4443264600431
141.25088641252236,91.3001234591213
141.34845136408998,91.09698490974424
139.4784804826786,90.13403224139563
139.90872719810855,89.02524303826931
138.52806695484563,88.51697510569643
140.23835928520504,85.99916052267184
138.52097899177778,84.00500885529183
140.52854347183776,81.63015080674151
140.00797283827762,81.42116959287553
141.80507025111572,82.54953392027682
139.4713999156868,81.06309998421912
139.772302372428,82.03365921184793
141.51717908561898,81.30541748823725
139.60153309514916,81.86262107984122
138.49573228756623,81.74224882485638
139.45572494157767,82.16901083575429
138.41993207143273,81.73846225026388
139.0914298233072,83.26179304272567
140.43335034978222,84.36956859847226
142.30443001565365,83.17690748509231
144.437259686374,84.21282307243246
141.7466494938065,84.46386857821437
141.75213970103295,85.66575543973329
141.61250501144647,85.86941132294461
141.11364568091895,86.06313602843554
141.10975157654053,85.7450902902783
141.77107721620374,85.50581950504497
140.93458003173657,84.48601606611142
141.40418566468912,83.55389263489961
140.75286410943892,83.04120460037522
142.5783313281979,80.5921808473846
142.64592173543477,81.20485838538053
142.74397194343246,80.40896959793301
141.29617272648363,81.77150309968358
141.319978363246,82.30278291274394
142.06150852129082,83.38522792355703
143.4183075868287,82.95183869645729
143.82033360249247,82.56934889057807
144.67411016436407,82.53494777753177
144.2691264155654,83.54604427892446
141.96111922659318,83.46473753077117
140.06816467806397,82.42650477559522
141.3979515876969,83.97845703285253
141.94679712849864,82.57984549476993
140.38390732332587,82.40867019166869
137.9404341118372,80.71619532453275
137.7430732253474,81.37919461369825
137.26626701052422,80.83356078221969
134.5803678309433,80.40201154670548
135.11317847632364,81.21928638682367
133.0364476774072,82.32126622096054
133.05958528989672,81.04693469281756
134.84337287645093,78.0532163619126
135.76265728476957,78.92160293567332
136.5793026410483,80.96250977880588
135.16917017347401,80.70914120860544
133.20740588284883,80.16206236255029
133.6041551503435,80.22423419351743
133.89590047799882,80.17125303707628
133.73316211012136,78.90111087593786
135.61366017662903,77.18769176805299
133.11893434344174,76.51749207558294
133.31747065322304,75.85867822273387
131.47089112940276,73.525406339572
130.68775422456702,72.49156771412154
127.20351061593017,72.84355077134998
126.90844809385915,72.75065512631642
129.48851150808272,73.07139942145547
132.42854680238267,73.75914867664619
135.0858520822011,75.19457675573756
136.2931154325521,74.4569091213174
135.46380128569342,75.04425127158119
134.98168224706865,75.04659575783015
134.76825652104645,74.11535019044257
135.48752350510554,73.96654982036459
133.06270847238528,73.98479501967415
132.53047068419843,76.51977671768593
130.84745041893837,76.04430971220725
130.9080110231599,76.82838799966144
133.41254692932762,77.31112378991175
132.48901321816066,77.99994645684579
132.06016578317116,80.08377644076677
136.1311957303562,80.90520280224726
134.08158786896502,78.55459870517825
133.38471326856504,77.63822457531788
132.83034241614078,77.31478667419327
132.86528031608935,75.38267521629594
135.31519038218178,73.73451592819421
135.81610317571997,73.78180944976091
135.34951374515896,75.4987215252881
136.5750210088083,76.82726833264381
136.0629854326225,73.97430372029035
133.7445560037615,72.01829345881255
134.4608058360454,72.61533909246718
134.87371002629013,72.57259998249936
131.95525828576575,74.03451383536054
131.01458013612736,73.42136119105089
127.9024204481109,73.55974377289552
125.82245398725394,73.83246325773327
124.83550810582989,74.62524715740821
123.17286389469257,75.85152134644197
125.25791352120488,74.93593490298187
127.21534501299867,76.78493950653686
125.88308782149183,77.06152251453234
125.06873626296135,77.31693033149779
123.3983056404497,77.8236006913779
121.72715901737072,77.51449622255683
124.58356485297888,76.9033638132269
125.16294647848252,75.32737900690242
123.76320418020973,74.95125540675194
122.54253178813768,73.76592411873338
122.26558113092703,72.83381255347757
121.98240354240272,73.93349733676862
121.38730642589846,78.22963521366768
123.79698901677472,76.40025784062715
122.65804121130648,76.75970422887185
121.16159059410943,77.88216049631882
121.59820012607601,76.64010812263174
119.44933459096475,75.97191809340408
117.17700728294464,75.70919866933775
118.20418814197792,73.99195318342518
115.15931984387551,75.28316133480945
116.20625864994511,75.56354162649285
114.25021366052343,74.33245118973902
114.1315770008166,72.6124909270377
115.44684588596334,71.58022792735078
115.67546348789338,71.4097430382121
117.18911194794931,71.24142909635195
117.85627292145703,70.96539057035925
117.71244133192025,71.98830002968387
114.75244976575357,71.74435128321515
115.29786544838996,71.46767245347522
114.85660872128429,71.7909537442427
113.26011878682621,71.80082759764738
113.21578422078944,73.16609824173338
114.5347802759116,73.14300197422166
114.84312202590111,73.03124593817975
111.78260591587926,72.91058702865087
110.55417494085366,72.30541346031485
111.32298564221954,72.03859922695773
112.25158842040967,71.15328590994174
110.64580916766239,70.6811109237176
111.46465031726069,71.43836262255465
109.05376192899888,71.79103145798582
108.56949049894708,71.50554568948259
107.04227827721662,71.9509788510244
108.11046797278433,73.42258164240408
110.22919341805196,73.40397152293828
113.37819122561969,72.84641723856518
112.65690701689515,72.02019872035831
114.26261143989659,72.70529964283661
113.52193274540689,73.16208646351814
111.87607542889737,72.19353937854932
112.20108065136564,72.56994649317016
113.11586467839689,71.68679841920157
114.63500056329104,72.66185649458659
113.89875540265874,73.29448086005169
113.02436423327134,72.96369633887207
114.35145683801801,72.92717059466212
112.92839499295317,74.11153420847151
114.81415200838595,73.80085594216908
116.04569514054859,73.14102824871405
114.65018694128514,73.27116412747677
114.31364843950573,71.59238871068504
115.23001921567942,70.37579742851993
113.75399762042176,69.92308067321778
114.09649992175923,70.46379231219021
115.54984161617764,71.02953019562534
116.74911234078304,71.49484417875625
116.11355971650751,71.65002345783327
116.02385138601322,73.12064338910982
117.17167391130056,72.76202062248007
115.32452035580546,72.77220877946436
114.05250808458679,72.37557147426642
113.06428485443836,73.34812464603186
112.63527683199517,74.06415549293204
113.75493376014373,74.06918679315363
114.97548642600111,74.52376594384809
114.26043052538246,75.0909063570521
114.19097361545498,76.30842708974318
115.07468699922593,78.1054080083356
113.9613390061757,77.92393673498866
114.00041629949226,78.93550582546177
113.77491808215025,79.19501592167259
114.57088194518938,78.88002661763316
113.0365614933254,80.27736130999003
112.42623515261927,82.77207298226499
111.04811166004717,82.83385890468294
109.1785599978991,81.57088330353385
109.48568765128748,82.58675087004269
111.24393687933245,82.57649850478825
109.72826299094645,83.06535085704795
110.72297468018016,82.15836282098286
110.23149189424255,82.58849389686034
111.72842968680591,81.50791359340792
111.29287095921276,81.61522667090746
112.39435576335885,82.8530991815775
113.34735117742015,83.6435462602952
114.76165099980852,83.41397758419504
113.97156708159727,80.72342703516868
116.03814068482461,82.80611280048386
117.45469595656658,82.06503673489205
118.70124405923485,81.55964911284464
118.45057098881914,80.9875282912328
118.675757552565,79.46064936455645
115.85434960105981,79.73580345215387
115.36675834094595,80.05054233173556
115.05862442776306,79.88823400350573
116.03598341517734,77.08060812462892
115.74196990197294,78.88326408014646
117.31550083508634,78.5378469522052
118.15009788613992,80.36047657114615
116.35985684016723,81.64981854032371
117.83726583659006,82.97193656766984
120.5104273304661,82.08861313968625
119.71946158224898,83.43002406426794
120.1517520337765,83.43078156673312
121.55466952465936,83.25816223550578
120.71010485873424,84.84110654890128
121.07606176973646,85.0230928992343
121.99141254450825,84.74333339743548
122.75704689930508,85.24804522870677
121.97204495828801,86.19256356476492
120.11596159603309,85.98509727238249
119.65883186262893,85.43929094213973
120.78804030322853,87.02698348378269
120.45785212929579,87.61170943733288
121.35933177717605,88.83881776536343
118.93291890971915,86.76701149655715
120.75501201440724,88.48788063424652
122.09151886429028,87.99485174652374
120.35128734281639,87.99428666430994
120.19458930762832,88.66896920549692
118.74598537907765,88.63116481230769
118.7387902629601,89.94291131750751
119.0562306459481,89.0928000391454
120.89570767662961,90.04952490481594
121.74089424386446,89.15747706816524
122.55209598942542,90.73752075882334
121.71765617443882,90.11110909779707
122.1756316585614,90.48489270212468
125.46599850559657,90.36029496513929
126.35097633489616,91.03387105196364
125.34303582837289,90.68236442883882
125.96395406460051,90.38494680197853
127.85954071661317,90.00241023875888
125.7061578952579,90.99663069965028
127.02225218057868,91.10312466762463
127.51239652266561,91.1645480720176
126.51101620970093,91.17129165670288
127.94319494685972,91.2194029190969
128.2201235091134,91.81955617070874
127.92105185590155,91.91906318754728
126.937265970761,91.4691118920603
126.95920821879247,91.83775436969155
125.53647859211827,91.38745871531958
126.34074948062118,92.13357520427249
123.19984290249376,92.33307535212087
122.98071303170171,92.09485247913766
120.51353994029871,93.47616618176056
120.66967343991998,93.50475754337673
120.4155255406582,93.70762400485361
120.13606040900055,94.92085523747552
121.1842133809342,94.64017388107867
123.10362820242736,94.50305911910449
122.90543748746387,94.34340070905745
122.78262942346846,94.54361849373596
122.5923301163298,93.77958966929808
123.4552817254436,93.69333106136996
122.84557937457521,94.41971024909203
123.96111864357712,94.37374668686189
125.47175613754695,93.158204629387
122.51414127289041,93.57451071447524
120.58732667218936,92.98330383314595
121.18692837134536,92.96135995625525
122.22720419548332,92.16887851041537
119.99496524583262,93.026471524739
120.30661623462129,92.67057738276516
119.65623366511453,92.99038346296533
119.40676758897634,93.08159681317878
119.65769924807365,92.89678039360697
121.3719297452771,93.20909673687395
122.50788550570152,92.69753743986925
123.69471687465088,93.80478591894544
124.09057114818084,93.98088924617795
123.75309389130705,94.9767066318383
118.48620314724666,92.81205325718368
117.66299047761953,92.92458355309665
120.87749985205271,92.83018052815997
122.11101132567529,94.6319879977885
123.22610941500258,95.60226151068365
122.12569869267124,94.85812293175728
117.88269632709591,94.97915981186668
118.80953634887514,95.40242471383198
119.2561223541558,95.58332120737856
120.95735788381586,95.02552056082865
121.2751232152389,93.34395021189395
122.06109489472165,93.84061258744498
121.5774375712912,92.59374335190181
123.02811127439783,93.80237262717534
120.95208365670209,93.09171141779551
120.89260595753848,94.76864169094492
122.47887117624569,94.95573199363304
123.79494036364277,95.74383297214257
123.77190663413101,95.30996098880857
123.65500548454857,94.84708221554999
123.36825525468119,94.14211625307796
124.67335350945864,94.9062790608237
126.67617719046464,93.97608339871431
126.51933909222907,94.46535612520644
123.84718697184125,94.447349085381
125.0331408462897,94.00385081384375
127.78363019121129,94.83136463478014
126.72000680837597,95.80515602739183
128.3260222680935,94.73134843729102
130.05369957532866,94.61193250896739
130.3197628219258,94.64367707097692
131.782377023903,93.5897105541673
131.6900801375999,94.29116446875621
132.00012083367372,93.451332235057
131.66406013912965,93.55780020290167
130.68929974749085,93.31704077637194
130.51448410853217,94.80577875701202
129.53334095702706,96.4668424121654
128.73920203345213,96.3789110565745
127.64321428670557,96.25983295599532
126.08718036354543,98.47508602892829
125.91010173664539,97.72139770697785
128.02617890639564,95.76299788634293
128.45654515587196,96.90035362804917
127.24408946390714,96.16854049049076
128.27524339133126,94.73725356081616
127.44359888344519,93.43231216177912
126.06944316172516,94.552344012708
130.0234691792117,95.46773443207293
130.4586063627848,97.29669324094752
128.55447710786697,100.78607298770547
131.67244845539935,100.57924746523601
134.18671903077183,102.5614469449732
131.5904796105331,104.33761367443333
129.9941690050998,105.11237003898552
130.2184451994862,107.46561181245086
128.48140369598516,107.3533774086033
128.59173838835676,106.99391950777186
127.04658977188816,105.96694240469463
125.15434490691987,103.61863081394249
125.75382417778327,104.18386824466114
124.9304570993426,101.05096537347363
124.74005778379235,102.44496487833784
127.33930486128719,101.06148389396834
129.38530033838362,100.0139847173528
130.4368315783682,103.6906888737187
128.80251921203705,106.33450225811453
127.28050120247177,108.91816835863588
128.0832629376109,108.21376506595276
130.62878508001782,106.23531531311556
130.72076917052965,107.22930456234059
131.6421691211462,108.57346060746946
133.03288557014653,109.1785599978991
134.71018887910958,108.45010719691885
135.61582355122982,106.89327499070525
135.42132938699197,108.00269043556807
134.90807165373693,107.04133198484787
135.09625233709525,106.70321481735336
137.15901545061377,106.62214576978216
139.31143967434653,107.35530804365938
140.44557645090532,108.03852791070878
141.23437563539846,109.34140532714366
142.0045645935479,111.11232682179863
141.51011227405561,110.51810541608738
141.00107765407333,109.07874908252955
139.05661143938585,106.73813853201261
138.975492442534,105.42842833634045
140.5743197431413,105.98319382388638
142.9517807268306,102.95779711563348
143.03286236688126,108.71916621964372
142.18432948199845,109.17707016768641
141.68336369406134,109.78949914770784
139.29625874044373,112.08239859319079
138.44528011241732,112.42623515261927
138.13620393076627,111.58911087478715
137.44135205039382,113.51122018811193
135.58546795334485,113.45186663451068
134.64653083702746,113.75399762042176
136.587212282586,114.25021366052343
137.80822772858477,113.68009455544393
138.90893989119465,113.70418055177764
137.22614923847166,115.09415187599537
135.3642240052234,117.0846748589521
136.27252542424202,113.40742878312142
133.05094568516245,112.96482151579015
131.88371125960245,112.12600165429372
132.8369219671595,112.00334977215732
133.1925769891524,112.19730516417393
132.8787851505483,111.59857425874026
133.53195319383843,111.19698103022841
132.61299999690743,110.57302135385271
133.2680532436068,109.55095502191972
134.01985146457733,109.92548507685107
132.09714609175572,112.00235958942383
132.13764327108137,112.39435576335885
132.93897379728475,111.47902651368058
132.8288523224992,112.81967069664387
133.68229313123564,112.63225248940418
135.0356358531717,109.97374267339337
134.55056211596448,113.46219101913873
135.08498794608855,113.52196260089433
135.49535101413235,115.79229743372919
134.2141791405133,114.35145683801801
132.52876960948498,115.23172876940798
133.4793098174588,115.28840869251373
132.52383651725944,117.47737424292123
132.34172749689873,115.85434960105981
132.16992344988003,115.44417919971332
132.78082874718987,115.78142623644564
135.2163558239145,114.3782412274048
135.46221259279193,117.51697195857358
136.61576728745362,118.70124405923485
135.51695003659978,119.65623366511453
136.18185190873845,120.04376808647712
135.71368932558508,118.92142188385651
137.63532095403198,119.09428121988421
138.68418488768083,120.1517520337765
137.92388771138582,119.32848016148358
138.12534527122344,120.5929621745466
136.58154923659328,121.6504993802828
134.31124109910962,122.90543748746387
134.86281270379013,124.96154442357013
133.65066875014747,124.13257474316326
132.69428861539643,123.51558954895445
134.31024434769597,124.9794528556827
134.47013554203386,125.06873626296135
135.4685927496854,124.14294825633353
137.9283497495657,122.63920148672713
140.82245678720713,121.3719297452771
140.31062559843258,119.2561223541558
138.71051988265313,118.87040200706853
139.4129430206046,118.78984801442901
137.13054089700702,120.89260595753848
137.00903495820376,119.88947915601118
137.45516233726673,117.95613633461048
136.21676049548566,115.84724792373945
133.99913881709728,115.78787263973331
134.31017026600708,114.65018694128514
133.50797380104478,115.29786544838996
133.39958924105008,117.10435280030642
133.84805015664304,116.1638028146394
132.90740310643756,113.83733174671686
134.6667240303201,112.65690701689515
138.25093898154321,111.01979284534004
139.71376477831726,111.78260591587926
137.66493158964795,112.65270280241127
138.09323379558475,112.61424366798865
138.26284783419976,114.09631994985092
139.01652174187188,113.69353644059164
138.55628037423725,117.75823182232378
138.5586389349704,117.00616765647841
140.19463028836842,117.14783473793929
140.41558291422305,118.36216827954637
136.7563585398785,117.53302007359325
137.204284297181,117.17167391130056
139.08653353287121,116.29870701808005
136.9414090416488,114.82324451717456
137.51029609211355,115.4118299117936
137.63533120215772,114.76165099980852
135.16387043543725,115.74196990197294
133.22269987679672,116.20574492375019
133.54093566529173,118.45057098881914
132.93766463777717,119.4535821332685
131.520066764444,119.47679956180517
131.2519445229124,119.50793572048242
131.4746131859376,118.4945962751169
131.2916453449387,116.71202819535107
129.81921762143236,116.863535545405
128.8023472621131,119.05405401932208
129.13853431835898,118.1839771633544
130.07113666529088,117.74903695588009
131.2578079424646,117.48468742042449
130.241515073108,117.495085915174
128.87173719255583,115.02000071069807
127.75631030427989,116.04569514054859
126.22951109043514,115.42795713307945
124.96865735191496,113.77491808215025
123.54925987487286,113.01672027759601
122.97098023097371,111.33790775053791
122.68062002514007,113.21578422078944
121.01902278958897,112.70367045566675
120.8737909345995,113.13253156692531
119.86925290236914,112.63527683199517
118.4637038362353,113.39429217200131
119.88947915601118,113.45824936871273
120.15095682249488,113.9302312780539
119.75967603378547,113.09445212082206
116.36349035518634,112.162414904327
115.95762635987542,112.82283683893219
114.23399785428408,112.97994803613885
114.01306898577495,112.94819711958567
112.68818171938285,113.12491555772137
108.98162872189937,112.0744812079297
110.88095954530841,113.33565385761315
110.60603454145081,111.89817580974368
110.44264659540924,110.60361011423137
110.89374302717054,109.65135352148783
111.54491682978282,108.89566760562248
112.59315960998397,108.29334296024462
111.31530608026544,110.07989023856628
109.06582918288655,107.7079711887313
108.25754444487231,106.38036125861014
111.07656066651086,107.08758872711526
112.34169268476279,109.24969428054922
110.48750449159313,108.3544533893768
109.23208231719794,103.9231968508642
110.37509115441105,102.07029736921848
109.07874908252955,101.91585844156702
109.49094339337704,97.5368635505865
109.12632653289425,97.05962201799434
105.52543303079308,100.10315304666406
106.90181452016662,100.1509382027869
104.73328884916822,103.04005117388199
106.19609799429405,106.46165721767028
104.36951102867506,103.72217672661057
106.44964944311732,104.07080750561593
109.12238149103823,101.87337781212435
110.91383326445929,101.33202562498913
111.7399784301954,97.61176035921874
112.237699495688,97.46092178528183
114.42648951665323,101.41222532048637
113.17704005520834,101.04539929758742
113.59406485168032,98.48320557968445
110.77754983400678,97.71802854563093
112.24737249166003,96.86227773815551
111.52811680999328,96.26362126867406
110.41288363249097,95.76746742208559
109.86634849964899,95.91782693024606
109.67913387192407,95.211597381129
112.10703706124714,95.22647537871255
112.19730516417393,94.11161177461496
108.21593826461462,94.64266237480084
112.0598098840417,95.84500119657403
111.17602830522095,95.67111946853407
110.24487853973088,95.38233680694972
110.90482396905593,96.28314724922616
112.863472727948,95.38150644237619
112.92828275517395,95.90097818950105
110.60361011423137,96.83975734744409
110.51810541608738,96.60878091582292
110.94730052559447,94.95770031510243
112.12600165429372,95.68615685806068
109.57318579177408,95.3506134017328
109.8563697177778,98.26154487908045
110.57944897255041,96.90608767957279
112.27967720480436,96.07606692666745
112.56351084771067,96.52688931311792
111.72565564726139,96.5437251618184
112.00466254175463,96.29588191905796
114.74667251258693,97.84782755193777
117.7093684462043,98.97044252094695
117.74903695588009,97.24948793011933
120.188529727371,101.21354985433722
117.98110034304578,99.53537779760408
116.4257587075369,100.11584284615152
116.18809555061455,97.74060360999586
118.08700011303189,97.7332938813419
116.863535545405,96.04867206881755
116.78584457928493,95.89861122424864
119.01063924655809,95.54677778800529
119.18281336763673,97.4928884643554
119.80826080451766,99.0423567466604
120.29882580478214,96.98779206082934
120.12588360061736,97.59709840015728
119.95428065211084,98.05339912882512
121.34073557856941,98.96016506792061
120.66108318763247,98.45786539166535
122.35065255402321,99.17633125460117
123.3699714360637,97.90221166582806
123.10956678870387,97.23319338608377
121.49068680374448,97.8759173210839
120.59298389149691,98.0238842567488
121.03186928913662,98.72437742309614
118.78984801442901,99.15450826849012
119.16654378816672,100.81117135614946
118.75257197739383,100.08667454110453
117.0846748589521,101.57095926224909
117.51697195857358,101.32177429414716
116.38367228038575,103.08647436758676
118.1839771633544,101.77267245689873
119.47525946958406,103.12982800231806
118.67556248902679,103.33367918278378
117.93316519020412,100.6240410956988
117.01563529999058,101.57365927402692
116.75904584076048,102.96198798443383
115.96436011998136,102.39989087138233
118.36216827954637,102.2684097998565
117.96677610098571,104.06698292390415
121.50456156880949,105.17357766755084
120.20601461393376,103.15569639076827
118.27717060722416,101.04144191545565
118.52530127869555,102.96594313882596
117.52321312849551,99.70848979760297
116.98576975967082,102.42862109359339
116.15138902302465,102.33014748891515
115.78787263973331,98.19021777443281
115.65431841794874,97.48452282648182
115.27787152014135,98.1650448134357
116.90655375104103,96.87441016011077
117.43237123682918,97.60996537160365
116.76728135166564,97.72581556729858
115.70423362019909,96.97212991727147
114.23947032690332,102.20452863485085
111.99830463438497,103.80240602397852
112.94819711958567,103.29561361084245
112.74861703091806,102.93466663317531
112.20268023232683,98.41856295348396
111.58616634166951,97.18390377863282
110.56440062594254,96.77140999542394
109.51896097222213,97.47381465592134
111.05267214987622,99.05840951859682
110.18848732036201,99.89817203122321
108.86972597734626,103.30796161511253
109.28880194818797,103.28654873798737
108.45010719691885,104.6368176968898
107.04229068428904,105.32836193416179
105.96694240469463,106.15383607282251
108.33240649004594,108.99851882759314
108.23107684230963,109.48568765128748
110.97887553451213,111.72565564726139
111.59835769008086,113.37819122561969
109.24969428054922,113.78953314840331
109.93921019756789,113.22912746092031
107.81084702883857,112.38747042300773
107.62881246819167,110.88095954530841
108.9820236681719,110.20430627283554
107.37571261517743,110.19517827846457
109.32619848527527,107.76715734609763
107.7022591249124,108.35958632948572
108.364735990866,108.96407661651621
107.33166641456219,108.98162872189937
104.9058379560168,106.66608094832327
103.35370727873143,105.78066353895531
103.72217672661057,106.01907110039504
100.42745499376205,106.61374013067788
102.09725071396167,106.69523261971649
102.5614469449732,105.52543303079308
100.07038776502415,106.76765856122684
100.6049681614747,107.14997340669446
99.00189620795739,108.55273542064089
99.27533801731408,109.26372692099459
98.62508486337342,109.96269775662093
98.97762143358742,108.30493382951654
98.31110873625683,110.39085506045915
96.43201150973918,111.97052474332625
95.27361383631842,111.08786827592827
98.02960952983122,112.0598098840417
98.75254939585633,110.98870687195212
99.02906124636253,111.95213521863843
95.21192261140757,110.44264659540924
96.46933693087946,110.34169944461652
95.49714175627567,112.09783709552916
94.2432488301248,112.20108065136564
96.413229828777,113.02436423327134
97.24948793011933,112.61544209535722
99.1488572569694,113.97156708159727
100.23600171105046,113.93548424026528
100.2195742198124,117.73910265402309
99.70713948804516,119.89253623949229
99.74366191693264,119.10277498552401
99.53537779760408,118.27645465973211
101.05096537347363,118.79616344419345
101.73997998788336,120.23006952727356
102.48889485573403,119.86982657713331
102.2684097998565,119.12375610194954
101.32177429414716,120.07325932390715
99.68626814543116,120.03653774363296
101.50677270925894,118.7911677793871
101.0103396807504,117.01563529999058
103.33965575108243,116.43339657279591
103.50541640186438,114.85660872128429
101.84948100353988,115.07965549060063
103.15569639076827,116.06788966742627
102.57621011984595,115.79482466210777
101.41222532048637,117.22275350727837
100.08095566102251,115.47800044363544
98.50155999676375,114.3807493307091
98.45786539166535,115.86219831133646
99.30018429078758,118.66449301695745
101.59849738850792,119.01244043070169
98.50886153893549,118.7328471955525
98.75477241794515,119.05381473557006
99.15450826849012,119.29608433943795
98.6173950648675,119.54746132465013
99.17634074659887,120.79416088263024
97.23407295873153,122.11101132567529
96.00885592825168,121.03706594679814
95.89861122424864,120.188529727371
95.80515602739183,120.18019481715496
97.45700314360708,120.66117331369753
99.02055454886131,119.92335574404822
96.79713041105829,120.62244774479376
96.97212991727147,119.64907895608063
98.40808185787294,119.58429392951543
98.52831001686322,118.87738823607471
97.21469876219128,119.2674533385214
98.80547031011632,119.81783987552407
100.2631300728968,121.10893230535052
100.28923757179555,122.69953489824823
103.41501494375531,121.5774375712912
103.6013526228077,123.3699714360637
103.45620557239259,123.64365732647396
101.93024239445536,123.25176349865987
101.26762682727302,121.71765617443882
101.40582549443333,122.12569869267124
101.33202562498913,120.83933173128814
100.1104485787973,120.87749985205271
100.81117135614946,122.62913932089371
100.27440882431247,124.98473131237539
98.54475866242423,124.8107651096811
99.23507896282368,125.04265281031935
98.42847074237145,125.0331408462897
97.61176035921874,124.07382229478571
99.36641655344023,126.937265970761
100.6464504531479,125.518512777515
102.98724579689475,125.54892547866034
100.88555798538475,124.25527603502874
99.32803274928185,125.08884450790038
100.51054119281592,124.96865735191496
99.13458138640858,125.39625710917295
99.47383829173485,124.90385468249322
99.20975991704393,123.86978509253743
97.87475605907309,124.15149274982411
96.5437251618184,124.94203712311776
95.68615685806068,124.83550810582989
95.09777511810358,124.88712864513029
97.47381465592134,125.191451153323
95.72039364076353,125.91010173664539
93.97876913387122,126.21635826269853
93.48247526863544,126.86169317235948
93.6174196466581,126.3393346058476
93.57057028715874,125.85428243169703
92.7229757247372,125.8900128520689
92.7970877136754,125.47788483816868
92.69753743986925,125.55140643988186
91.82221794601188,124.86185064667414
90.6497193296395,125.42742057222681
89.36413810599369,125.69429811088186
91.01609062768702,125.33014587808574
93.21328398403938,126.06333394523703
93.77142611937293,127.24408946390714
93.50475754337673,128.59173838835676
92.33307535212087,130.84745041893837
92.64621712371991,131.29504866088246
92.50964034657777,131.05932756299
91.06799219791586,131.95525828576575
89.52982112779291,130.84146676325832
88.75557913652979,130.51474084500785
87.32961139863174,128.4356190801906
88.71496780476396,125.85368902331686
90.466211670722,127.15473756364322
89.35278390241476,127.20351061593017
87.8913910117943,126.81658832110516
88.7212234215135,126.64055111890762
88.42660685847162,127.2310549584162
87.69308151999883,127.12215949529954
86.21240820298574,127.94665983711812
85.55550898598474,127.54623451649985
85.95703528475937,128.27524339133126
85.08798168758955,128.80251921203705
82.8497746079291,130.64637735079302
82.58675087004269,132.26705505533565
80.55973456829108,131.92809116572948
80.63460425095505,133.0869548151374
81.36489596365165,133.56780132535675
82.28168322458714,135.32022559816912
80.56984581091469,135.3642240052234
81.7407328416775,136.00577670243553
82.88827062265686,135.03523274610654
80.60531663081478,133.99913881709728
80.40896959793301,133.9998764412928
79.02239339882873,133.5264712462258
79.15965888313947,134.54319867550274
78.78995071157472,134.31017026600708
80.90520280224726,134.64653083702746
79.97170865364453,134.5242289939007
81.0988200218732,134.73000464981783
80.60079462359195,134.8230386402527
78.51415653756547,134.59062061924294
78.63234221018344,133.78929672653862
79.3466333995584,133.68229313123564
79.1395434115426,133.65066875014747
76.97641455497465,133.38471326856504
78.07127014322167,132.9747523671036
79.81860984094652,133.79863475599709
78.36142731784702,134.47820538612504
77.34403017654238,134.51973216970669
76.7646594051633,134.54552754716516
76.40025784062715,134.2316591860443
73.42258164240408,134.31024434769597
71.36076771646341,135.16917017347401
71.57164337744967,135.25426988945304
72.40071983598118,134.93694468552388
69.96715452285495,135.67300456644205
71.28569461846986,134.62906905982572
71.18002089175276,133.53503576567496
72.26241573270556,133.85715735612317
70.065001781845,133.52503260836772
71.08450645937191,134.176313264928
69.93064692531081,133.03288557014653
71.44586502434693,133.1252536468849
72.37765592758868,133.25072560097263
73.73650174542838,132.86429621041495
73.1718165103852,132.33237263321809
74.91440367639721,131.94676621364658
75.19457675573756,132.61299999690743
71.12334267446225,133.67174535506194
71.50554568948259,132.99272866459475
71.49292793201388,132.93897379728475
69.74936681597634,133.10336557519463
68.69309124012462,132.00012083367372
66.75294792223973,131.66406013912965
67.39981743788736,131.58975067617015
67.70727406245453,132.13764327108137
66.90550801237991,131.51519324172017
67.32065262408533,131.47089112940276
66.72505312113522,131.819522508066
69.05712177086819,131.60916457117543
69.82544287743853,132.34172749689873
70.2902930006368,132.41246260722866
69.49423528792627,133.94128530009013
68.96494016580156,133.3572792328902
68.21803058655918,133.50221748062023
71.24142909635195,132.69428861539643
72.96167270894844,133.30564224877756
70.7514503679012,133.64950145508828
69.88728475172907,133.39958924105008
65.52574867159404,134.37111018209106
68.08126613828443,133.02904178448614
65.80429464225087,134.5803678309433
65.9813253689001,132.25461758852927
64.66728069280757,132.79459106800834
64.37758031914836,132.8787851505483
67.0589879073398,132.89158866428573
67.79386265205832,133.91780854918474
66.33429410924089,134.86519668259098
66.17511720515085,134.59025101314597
66.56658609728865,134.6232291901468
67.6751313815302,134.0771197875606
68.67584140096282,135.08498794608855
69.51151493276788,134.36189415222813
72.76202062248007,133.40262517128488
70.80277367140359,133.71158769937657
69.50565866232616,133.4793098174588
70.18123490641958,132.78493765567308
69.78167165850145,133.49436406451687
68.76692735428766,132.58026019968247
67.88321299994081,132.3237231366643
68.34308286793373,131.14596283963465
65.77675459965049,130.3731393777627
63.94315545293914,130.97393761663216
64.2587481185413,131.66349489664248
64.04866054392434,132.51470393781565
62.97991549192212,132.10576400728473
63.4175903348277,132.38753102775866
62.6705793205985,133.0371664180041
61.54451928291535,132.78082874718987
57.40167427040165,133.16144176389577
58.82932884962945,133.61425632446782
58.489274060784226,133.88607563996163
59.510811113483335,134.15665549205286
59.8716799924986,133.88088912086658
59.8109784964303,134.84337287645093
59.088028959816384,134.2141791405133
60.4524367373505,134.40898469263212
61.21234055362207,135.02622085982668
58.54379858618037,135.12746807319039
60.76815094947404,135.11317847632364
61.767049923393365,135.16387043543725
59.60315181382225,135.568864356955
61.98519497091956,135.08790083823038
60.410978405174966,135.6124081015903
59.134246990400214,135.16005352815867
60.66678853277383,134.5816021328096
60.965974746901956,135.70246891310117
57.62356122842993,134.8340107877327
55.55409689282219,134.87371002629013
57.496060487795155,135.20108790943146
57.09113781565496,135.80737994293906
57.19489994204494,135.0356358531717
57.39874402449057,133.46257985856798
56.47004568901138,134.01985146457733
54.504815870456056,133.51365181040288
53.39733133311426,133.54093566529173
53.11098533329885,133.0163872367867
49.204626555031254,131.87178029425806
47.74139870305973,133.34937430429693
48.269467659193204,132.83034241614078
47.03513218727826,132.93766463777717
47.78147230958936,134.349377962463
48.173264193218124,134.90265576171439
47.22775297326474,133.31747065322304
44.21513053984291,133.50797380104478
45.20216570924654,132.73792470389523
44.60055048494974,132.75019437639432
43.32841625757839,132.9191373358414
45.139356027005476,132.74824294294552
46.35936673873722,132.90431370534634
44.012019767654515,132.9396072037514
46.3232569904781,131.65968176307416
46.505764405403156,130.94765094780158
45.50716818057485,131.63877764987276
45.58092607244976,132.52383651725944
44.440141949445824,131.82016443437112
43.918495650655444,131.95208755105492
42.857775174739935,131.1606549990312
41.84830626786731,130.68929974749085
41.316632602226136,130.69480555915985
38.778318828947434,130.09688336235465
40.20641479671973,128.8152624325876
40.75047032973939,128.7614769590124
38.31474439163208,126.22951109043514
37.32242032734305,126.01620758163084
35.521984719680184,125.78350708768828
34.63946832144432,125.3097768447215
32.56688278787303,125.25825914275912
33.07376593317857,123.96111864357712
31.79776431034666,122.58395232142058
31.332109780857063,122.41552666343125
32.653905591669556,122.84557937457521
33.22107948153324,123.64846407880412
32.662881394912915,123.79494036364277
30.89307938091565,122.53290363377195
28.715027621865133,123.10956678870387
30.561999192782,122.09151886429028
30.944262008958297,122.68062002514007
30.93003226075514,122.78262942346846
31.21285218998393,123.54796457991098
32.373430183698396,124.24611710198307
32.94000208398354,126.83235921075537
35.03822372339519,125.47175613754695
34.804761191792906,125.54876416268277
34.45185664978573,124.60679720904764
34.96343859777818,124.0575107754652
37.442715374961296,124.52322333392446
35.26739282939429,121.72715901737072
36.57302222670666,122.50787048189359
34.43559897980287,121.34073557856941
32.39536947688193,120.50119305023826
32.59717297191706,120.94701967282158
31.420172888324604,122.13223459986062
31.92015341943032,121.67372415151968
32.035509546865455,122.77284289645429
32.418255149667885,123.69471687465088
34.33476729420781,124.73150454184098
33.122283456478236,123.18439397988983
34.33553861868653,122.75171001379383
33.04821159956847,123.84718697184125
33.531807190968316,123.37410673289703
32.73862208248459,123.49019226750012
30.3940354682508,124.39698107668121
32.61418995871161,123.85693842382233
33.34359273547329,123.97540999472022
32.52094077382124,121.52737687393902
33.8203468977622,121.29399170905451
34.537342779030716,121.2950336959518
32.51305341567685,122.12834127659023
33.79391045282702,121.38730642589846
33.90752653186218,121.5619334389949
36.3627455856302,122.02033997448406
39.40923114704423,120.96294316574833
38.59706044189925,119.86925290236914
40.86864600994106,120.29473244710752
41.30438705173667,120.75501201440724
40.13249363744479,120.56559986584529
38.62787220889671,120.41994708956115
34.32612160941721,119.78526186764067
34.27561885313354,120.31819123057764
33.1799252770223,120.05771940396413
34.54616246845171,121.2751232152389
34.764746831662826,122.37784159113902
35.10586516306051,122.1597698998003
32.16574767509455,121.85075402416072
34.79125442817533,123.22610941500258
36.34084499181184,123.43592591484379
34.81313892937694,122.51414127289041
34.50549179197378,122.45713610413188
33.45327115803863,120.19458930762832
32.996267565896936,121.03476761588347
33.16801559125421,121.01902278958897
31.43502444419436,123.25589885663268
31.151899533333932,124.94074252886398
31.874667830878543,125.5240699035062
33.22179057633278,125.88308782149183
33.089211297146214,127.52955226227039
34.86840091668602,127.4455676452945
36.26087632605782,127.29397000837481
36.98426662200352,127.45269844462403
36.486933907817274,125.51961411667077
37.22330581380526,125.33495286748953
37.43124167500957,124.73784055829546
38.03395793290554,123.56063148837823
38.568634718527896,123.02811127439783
39.973585831028345,124.74005778379235
39.91724516550566,124.22542660426735
41.079340323402974,124.31274271008431
41.659517721135934,123.36496373764723
38.838960419600646,124.77187196066481
37.07834992970833,123.91465355129328
36.93143093209886,124.32275665943683
36.01447962936761,124.36236117404749
36.189051466495236,124.63975851621102
35.279373305596,123.78178395033817
32.18839402820258,123.88408656418555
31.406998795902176,123.65452863304694
31.463518219563706,123.39976213882751
33.807906858702765,122.1756316585614
33.2857030718016,121.50456156880949
32.118299377362206,121.05155412209305
33.25808469685862,120.73501574712583
34.19073948983715,122.5923301163298
30.82382855085533,121.25200758200755
31.841678839584834,121.31742207999969
31.962204795741712,120.12588360061736
31.408516990489932,119.19763494665483
33.993525501476974,119.44933459096475
34.78720116097343,118.19844031577544
34.572497542047536,118.59025711502649
36.50870371503148,118.20418814197792
37.86473595036051,119.03189131777896
41.08621057843564,117.49479780595514
39.72371782430615,119.81526533779906
41.37310098165504,119.42209254159317
41.03531660586204,119.0769309661137
40.309881879298075,118.66940510313185
38.79085438276178,119.71946158224898
40.730483231604744,121.24130089915813
39.79586357164156,123.01905279463476
38.94693641181501,122.65804121130648
40.33061681697768,123.28649804949897
38.30159867622142,122.77749640459486
38.42319822118547,122.26558113092703
37.487755048853,123.93100043511159
34.85704098881327,124.58356485297888
35.14891014883842,124.82510541955054
35.9611762562397,125.18233378725718
37.519186652831614,125.22742438215606
39.3450106892679,125.16294647848252
40.564817175535524,124.9304570993426
41.999558822491814,125.31963023634634
43.3292870892173,125.15434490691987
43.03119665101984,125.82245398725394
42.214090395134754,125.50553883332157
41.24644254359353,127.02206348917734
39.723047879782136,127.7893972440849
39.16569081133288,128.52020005801987
42.291649245356005,128.16527902889686
41.79302154431608,128.5033643419027
42.96947023574308,130.14951166456493
42.096454061923986,130.2184451994862
41.9937644727388,127.68493180504808
42.104219010198676,129.24447177050993
43.34242005474605,128.44755624951694
44.30918101445571,127.44359888344519
44.67682492624789,126.59720239670106
43.74916006623086,127.44910182777649
45.13599145947256,126.67617719046464
47.40018191172154,126.78216147968197
47.030327728739415,126.72000680837597
48.316307504242495,127.02358938376925
48.17435653244129,126.08853335715457
47.1260600579583,126.50298339930238
48.62550424923345,127.20484673315238
47.29373620893656,126.8761902577368
46.109936388404094,128.2385279647909
46.480347071477645,129.89245622249067
46.82957521132666,128.54573015361578
45.93466406212443,127.69106870294482
46.481509174827295,127.51239652266561
47.78836558899403,127.04046261815793
46.72899171128533,128.12642139395413
50.438468894125556,129.7979441282858
48.66004537206304,130.10886000261914
46.894478746241816,129.08414738644515
46.06126899306497,130.06969965939115
47.82855684280998,128.98476674998034
49.59117048599096,127.96809071740795
51.313243961017285,129.57827872800036
49.27478528992097,128.53523066257688
47.703647180335466,127.61577426842659
48.601026340881646,126.58412674384067
47.93860036295072,128.00262974014373
49.26876187654461,129.53334095702706
48.187661511161295,128.87173719255583
49.8720529380877,130.87020057322576
52.280210699542884,131.32774264965042
55.41006890725109,131.98756511001002
57.51528796939442,131.69459110913454
57.71228524445162,132.55208724643165
58.12731665991675,132.45283450984695
59.08542323143062,130.25904576716627
60.82126663227445,129.81921762143236
59.68900128353474,130.68179057354988
58.791283271914104,130.16957282446776
58.50426231689918,130.3197628219258
61.55268151817425,131.7610451897688
57.19253756166593,131.76124881618134
59.14787157771967,131.782377023903
60.19326901655615,131.95393390822125
61.251333554535705,131.2916453449387
60.16719162929896,131.6900801375999
60.07931679264814,131.78181467611134
58.99271762301434,132.0388203611113
61.0646951907584,131.520066764444
61.25424641055768,131.6403496187009
61.2514587741229,131.4332206010826
62.082138998522865,132.74328848048685
63.04112112458508,131.6528059844864
62.617391369111616,131.7253424044048
64.61898661926377,131.6160050915648
64.53693468603906,132.1719635525023
62.53689047201932,131.32309145115397
63.22308315481855,132.0414820699077
63.17578852661704,132.53047068419843
61.21385824516804,132.82298549544328
58.345276289264206,132.62048878748655
58.339923715410826,133.04580607595386
59.228140539518975,132.74530777480726
56.4785381465793,131.9808136119739
54.572391794261726,131.9247039716639
53.084647674252615,131.85354412444622
50.29036971163288,131.95582652054495
50.8392630249138,132.1454217589956
52.858765896528524,131.6649673041229
54.606578752366325,132.13811680274497
55.14959964104801,132.09714609175572
58.02227178280606,132.52876960948498
58.09080566778586,131.5904796105331
59.20867420353249,131.7393759506753
61.085993329543484,131.2828680234591
63.06519748818001,132.06016578317116
63.9585786211864,130.52006694273894
65.8223086602241,130.09296629212116
64.09405627692087,129.68544946386655
63.318152725410926,130.3020470563047
62.70191270392011,131.7643941763654
61.00874836560617,130.09787270986845
59.94598198769184,129.25352273033124
59.53870554509248,128.74873245811648
59.04083934984869,130.23917362010872
60.91116645615621,131.19005140518857
61.406219360168684,131.81649179306118
62.177357668609865,131.23218138543777
63.53914065678585,130.5124576927407
64.41363044368308,131.5509020334683
62.44708194103227,132.61980410218476
63.65495238810444,131.67244845539935
65.64627597914267,133.1222286092712
65.04949154764505,134.66325697267726
64.8447609684028,134.28955964279527
64.00440541003077,133.22269987679672
63.34371663588427,133.7445560037615
63.472584000465325,134.25587769098448
62.55236311918436,134.03718357811292
61.2748942122585,132.60551679685588
61.17757878258664,131.2332204467023
61.87518144375197,131.2216164939509
61.2741768446384,131.17028873391138
59.33295603190951,130.84927902398528
59.82724215513564,131.01458013612736
60.46155074366043,133.06270847238528
60.836595579411465,132.8369219671595
62.28779835865025,131.75704888281786
59.63339892972141,130.42219947718488
60.02984435814801,131.29063273403068
59.38749509929967,129.49344910597742
59.77971274131587,127.97530000372883
58.19254345218907,128.1367398381356
59.152967535925285,129.69227680483067
60.83741439622683,128.48140369598516
60.76251639166771,129.93115987929835
60.374339765538714,129.21905112817998
60.667348498331975,129.77523718479034
61.311828523398326,131.0795269713505
59.65662155574523,131.32407103410378
61.02647214115152,131.54478565810783
60.122174490600635,131.21210420262605
61.38434573445785,130.15513162259415
60.61519627691153,128.57216947832444
61.84111714139673,129.4041292407173
62.32255938010967,129.58345186504565
63.03860227547215,130.51782471626663
63.25107471903874,129.67304964975307
63.51521738956218,129.34341383599883
62.72055080758758,130.71718043235336
63.963591668206085,132.16992344988003
64.73099756473749,131.63605913494942
67.12346611214682,130.27543524331082
70.20352739462892,130.04307546391303
69.30475929485425,130.2451431865262
69.3639279138362,131.29199724474913
71.2691860831148,129.8967074358238
70.75760640171545,130.0364745138145
70.52750049777542,128.9096326966792
71.18466890982198,128.49340737704023
71.42364199526715,126.10666504854848
70.93861373429213,127.46213518077846
70.41219062032053,127.85954071661317
68.68540198280792,128.33491323783633
67.99572333195084,130.74486001964874
69.70154570158947,130.30665374449046
71.59238871068504,128.2201235091134
72.91000129873615,127.57454309142985
72.28787964017742,128.5652615966272
70.12337708964166,130.11986954838773
70.43988243957216,128.45654515587196
68.44798519003574,128.0832629376109
70.31431317852294,127.55050444823375
71.95977462246877,127.1837240973642
71.7374948995411,127.2532037581806
72.70529964283661,127.41878102270408
74.16461217537116,127.28050120247177
74.15745856155658,127.78363019121129
71.3512608789876,128.12563654374821
71.5535697537527,130.05369957532866
73.02337129249315,129.29682019391356
74.2645900126299,130.07113666529088
73.34812464603186,131.95604722134303
72.6124909270377,133.1925769891524
72.91011986692573,132.0451251182439
72.64227091548908,133.01405175209985
73.98479501967415,133.42403163223008
75.06421504434249,133.45463698533086
73.68024088638292,133.73316211012136
71.3604992630924,133.8586635801821
72.62328120224453,133.233797654315
73.6376945400929,132.48901321816066
76.10729539766267,133.05958528989672
75.53593599682983,132.59174857492482
74.06918679315363,131.91388416703228
73.1615670292631,133.41254692932762
71.65002345783327,132.42854680238267
70.14537512001249,132.1716555696774
71.9614657091088,131.29465435441298
72.91058702865087,129.78104007408518
69.82822309569531,128.94319130838906
71.71857073015057,128.91272744862954
70.92266480360996,127.76667269401777
71.3881138773845,129.90850422138115
72.03407402551044,130.7247995568919
70.55933935368587,131.9235589103852
71.69950498323672,132.25604312604708
70.63361775770377,131.87433120197207
69.58523011544531,132.9482867857243
70.95554801534682,132.61940517422386
70.15810172790171,133.03574143903444
69.63581577627771,134.2126492485615
68.5550622841188,134.2408021268464
68.7290404230401,134.54363384766285
67.7994866344931,135.52197318103447
67.70607113207467,135.96909312036405
64.52081288044005,136.0629854326225
68.48656421200673,135.95142072530777
68.42870456960479,136.07462761810075
69.64544702427398,137.68011963166532
70.18854944860271,136.194548485154
70.82340918170175,136.2479951694244
71.2632929882787,136.27252542424202
71.46767245347522,136.11929587925655
74.03451383536054,136.60949848599358
73.83030001292799,137.0044473558237
71.62184841782387,137.21754285747417
70.98544315217892,138.0602807136748
70.81552020698379,139.07844908859997
70.89976305833913,137.5098549180844
72.13563899547583,137.50345441928673
73.16609824173338,137.23253961018005
74.31226412387862,139.29625874044373
73.83000662862827,139.40014249903186
75.04425127158119,140.40581549160035
75.66411311446218,139.38220029392147
75.29923419123081,139.05661143938585
76.04931069004479,140.53966193135693
75.30196829985668,141.29986049286
72.98767782941562,141.11364568091895
70.66038961618432,141.71609055683533
71.17360609560285,141.68374270255472
72.8287167597561,141.96111922659318
73.3377963187254,142.59154186111928
71.76720326516046,143.9772725211812
75.14518479813322,145.36407520920076
73.525406339572,144.1660236378549
74.80168180647755,144.1680454674339
73.84021304642704,148.16585462724257
72.44154719015118,147.27519132096992
74.40874457542196,148.2089621564092
72.30049826845908,150.9236643390679
71.41762433825838,151.39977328121049
72.5663535571719,153.00828593958957
71.36830802659803,152.06267338083876
74.72829649443177,152.646652452992
76.3851366126411,152.5881008802012
77.51132969403666,151.32790834684937
79.1894898694237,152.24299236532545
77.31693033149779,152.59024210434404
80.08355515584365,153.45402275787382
81.88753631984922,155.42312707917782
82.13753502918073,154.59894926016895
84.19323875484375,154.63122561256017
85.46502137720344,154.4854224077717
86.356662616535,154.61274730309648
86.23435161994863,155.99720797677435
84.46138358976711,156.72258364967882
84.87350086744716,154.56316758115594
87.94775084081617,154.7345669980598
88.22664802728697,157.71413855636715
89.66395592354115,156.7925241042093
88.28691023432927,156.1859575159499
88.75227211263602,157.65876698028404
87.48239560248885,155.7713309292606
88.63116481230769,156.15272617472996
87.92120746641139,156.3826384908563
89.21372974012817,157.13330192981167
91.38745871531958,157.19625917170336
92.92052096869396,157.26968916164154
92.5650754839637,156.504068180674
92.52288981606043,155.9837215260234
94.37374668686189,156.2446878801042
94.82251703789822,156.16348888853705
94.95573199363304,157.81882153378376
97.29669324094752,158.59596529302496
98.05297942684639,158.43120106408827
100.1557515290076,157.86811884607357
101.7482860630251,159.15738638020574
101.29732739020886,158.485106222747
101.06610980623606,159.1267644161119
99.89817203122321,159.9880309386813
99.06720132065242,159.82261606865325
96.46049134442067,160.34388614203004
96.87441016011077,159.080550704532
99.76414993496611,157.75051137155202
99.23864146050995,157.9062753503258
98.17691092237708,158.5553874348611
97.47450071444997,158.21681148714933
100.08481306088466,158.58851365146015
99.73380228615335,161.42932318454362
99.47703325401454,161.7636657057733
98.91037474082869,162.52320530650934
100.51534236108435,161.96377055951427
100.82398575990254,159.4454980575918
101.09715993096061,159.28938399042624
102.64375850114345,157.50606421820387
103.38350205882621,155.83300300738648
104.69753532508307,157.3998239135144
106.70992331114701,159.86383530242256
106.9529946625677,158.73881098055978
109.38858849260566,158.60147413985675
109.25465872817468,158.78863251295982
107.6490476851388,158.25404874110947
106.72728132226446,158.8677166162336
108.5038695408829,158.7825692337524
106.66702715256358,160.68331685312046
105.49799476102741,159.9004243037532
103.61863081394249,160.20717843509718
103.08897798654172,159.03041376264827
103.50684280256442,160.79119434287446
102.35164120478656,161.31519850391487
101.28250250583193,160.65586688812905
101.90495481720838,161.33988546817025
101.57095926224909,161.9219790691672
101.49436931594572,160.4853629360593
103.11910165267031,156.86834459419208
103.46895711038074,156.7929092812706
103.91474660171143,157.1788141335823
103.39109133883912,155.69828283666985
103.07532083862598,155.98753352496942
101.09135941449382,156.85569832940837
101.67245489664313,157.22954932100208
103.15260835936674,157.31952741006776
103.04005117388199,156.35975317340936
102.32549841312691,157.73556490735274
102.57635225939576,157.36012888393296
100.73468644316222,157.8073240268958
102.63895256344301,157.47528109760984
102.93889964733832,155.82118057815595
104.07633028947564,154.97556086306525
106.67822652486397,155.75919065685903
104.02072290808638,155.70881451723963
104.6368176968898,154.0178097420393
104.69819998517616,153.95948048134713
102.97619224563401,153.68447683531812
103.08370290323754,153.2995686103854
104.54550114393295,153.07789108652682
106.98541174855085,154.581571206849
111.09286085403316,155.61151155789736
111.69285637436158,156.08285097415046
112.7790871200847,155.87267367387076
115.21951732321486,157.18204167388325
114.1213701964212,154.90557114226513
115.09415187599537,154.91042225319728
116.9448481332892,156.66470868973923
116.14459241223406,155.3581441992166
117.44018712506329,154.87610014302476
119.29608433943795,154.30925977738806
117.65292407728525,155.2131990497337
116.99041879947397,152.7473522928806
114.95065293354,152.5293184084252
112.61544209535722,152.66182107839265
114.96925332708783,154.27156883526442
116.04294362605737,153.90178295003432
116.92847003765124,155.08673450873118
117.63018490214795,156.0009612769964
118.57317056530206,155.34528881229406
118.57160612513026,155.2717807878549
119.31467633086041,156.44651459005738
119.78052956473545,156.4703173771834
120.29422864530223,154.91703649210157
120.18019481715496,156.63489652105994
119.0769309661137,155.80043784768
121.2774521070887,156.6696146523221
120.29473244710752,155.86847046873177
121.93703212365254,154.6036813434307
120.55216200599175,154.92179210290516
120.62244774479376,155.17849958284884
118.87040200706853,155.1400161972941
119.7321402161308,154.8237290078376
119.7173447750312,156.41350448992742
120.04959609177585,154.7824452351345
118.57273762216597,154.47247345509047
119.4535821332685,154.3192236654948
119.27590377931945,154.01898318301636
119.54746132465013,155.44131991708517
120.56512116865025,157.42484538663348
119.86982657713331,158.44383810348018
120.94701967282158,157.94990938371706
121.03476761588347,159.7312157999757
122.12411984808212,160.97056880094559
121.67372415151968,160.81577286728628
120.84798939748788,161.31622555617577
121.69243559681337,158.47455297025687
120.03653774363296,157.90905575540665
118.38812807728674,157.89113228496197
120.54110689393902,157.56033922451493
120.66117331369753,157.35979769955352
121.6645872504396,156.44465380719927
123.18439397988983,156.55751543052918
122.97848974113691,158.34809171131718
124.52322333392446,160.07926966229547
125.69429811088186,159.9924158911795
126.62292030314198,159.51647723385594
127.68493180504808,159.59977842883427
130.84927902398528,157.7618446344583
130.69480555915985,157.11417081513687
130.81533395757683,158.26407102141005
131.11161046402484,158.21730093120337
133.1873376470628,159.07769099793728
131.98756511001002,158.16247588896726
130.51782471626663,158.3234801214942
132.61940517422386,159.64300290553246
133.7418210849519,158.97305196126908
131.14596283963465,159.0035431005934
132.55208724643165,158.98007048718148
134.45717733204177,158.77295240934518
135.67300456644205,159.09016171188892
133.5455150931665,159.58122502240784
132.41771991928172,159.51133645948215
131.95582652054495,159.97827158277005
132.90539968611495,158.69510106410843
130.41490891295896,160.84355214161448
129.17739611258108,160.38459818691885
130.17985259821882,160.01309251120003
133.10336557519463,161.18997191501057
131.63386626040673,162.23632506948908
131.54478565810783,162.89297429200306
130.68179057354988,167.2219752584235
129.08414738644515,167.58478034075958
129.85711258204154,168.02569790288382
132.62048878748655,166.94127322566678
131.6160050915648,163.74143438909277
129.25041236638884,163.25983756589446
129.58345186504565,162.83665688964552
128.83543156306905,162.0778463416159
126.58412674384067,160.91442143640924
125.46275316931927,161.86307922187095
124.9794528556827,164.01617004064104
124.0575107754652,168.05835612113262
124.92231602687642,168.5631774696364
125.02099768248982,171.95700389253747
125.431980762109,170.1402785670182
124.94074252886398,169.3411713579943
125.04265281031935,172.7453735894641
126.14266300477342,171.7601171077307
126.26137817324012,174.8642136623798
123.93100043511159,173.57967438142683
125.54892547866034,169.69363127364997
127.61577426842659,170.76066508083687
128.49340737704023,172.7644900392194
129.38359800136894,173.0142579795584
131.42285217849818,173.00330737110517
131.7253424044048,173.04376669759787
130.04511615426946,171.10737746446748
129.04883308102075,172.58210047559263
128.1367398381356,171.80217768588716
128.00262974014373,171.8487217125724
127.00881950838388,171.48616361596902
128.16527902889686,172.95483857741397
128.09670895764455,170.77373644690903
127.45269844462403,169.0501633271097
127.71192298498434,169.79277181859746
127.94665983711812,168.98709053472967
126.80044709624913,168.85538239291887
126.68469648137886,164.77724245069567
126.36060036589343,163.19733508279128
127.53640811420725,160.722460239413
130.10886000261914,160.05499845344357
129.78104007408518,159.5921845576371
130.09296629212116,160.4590418293648
127.52955226227039,159.9808213924765
127.1837240973642,160.38702547816789
126.65722371978363,159.82142985700298
127.12215949529954,161.17375916874644
128.12642139395413,161.99538362422967
129.04027279068515,161.90941661533324
130.2451431865262,160.71279518732547
132.1454217589956,160.77949096768606
132.3237231366643,161.61706592355438
131.6649673041229,161.8278258803517
131.5509020334683,159.9777136225172
130.2354612819724,159.82588484765097
129.18579404397752,159.93834186265815
131.65968176307416,159.04910723559502
131.2216164939509,158.24982572218832
131.16247497657824,157.29162259317732
131.15799406150046,158.20435271260277
134.0771197875606,157.5490012426761
132.89158866428573,157.66522381907234
133.88088912086658,158.12934071160836
133.09534752716104,157.38279578066528
131.819522508066,157.865776244616
133.0869548151374,157.87410314265384
134.37111018209106,157.67228487477175
137.82167170184508,156.97586217237617
137.98331386478245,154.87762068585516
136.60949848599358,156.24775896597114
136.38495304846947,157.45865530554045
137.21265716604876,158.4250051903002
137.17978086273587,159.29543375654976
138.479365843583,158.89297938082586
140.40581549160035,159.6690475215518
139.24364287655288,159.7254337827942
141.05530276885477,159.19954550175657
141.1371077461839,160.71311762527532
142.01268432892812,159.61263132132373
140.14850277159945,162.5681805505008
142.14367976033415,160.8267468901746
141.4427119666448,162.2988216124452
139.38220029392147,163.97383891873798
140.82728423467725,162.50624898084328
139.66606112051613,163.50247754394735
137.26720057983562,161.37961761009592
137.70688515731055,160.80733259202066
138.03064395146896,161.24323742581026
136.88015846028037,159.72901100288993
140.09556024651295,161.6432263987472
141.91350429875106,161.55360342227834
141.71609055683533,161.41433737009973
141.39053947317814,161.64461005113463
141.27304219886605,161.9498454246674
140.46634889386948,161.22516939083607
140.82933139153025,161.14231096585004
138.92195440549366,163.02443052911985
140.53966193135693,162.83577840288882
141.21382284452898,166.67197757764023
141.07860071719682,168.6846452970759
139.1160785695344,169.27353433115434
138.9225976748129,170.1008846423539
136.06724115152693,170.87814226628686
138.51766255443926,169.62336253381022
141.24279588071144,169.76545291778652
140.8095673320271,172.16231909087603
144.2579642391727,172.670412551966
143.8248574731534,173.03011892789982
143.9004944080029,175.09118807710675
142.42479684022751,175.04212502244818
144.43111325324153,174.94631615964943
144.7982095539161,171.96255686320944
143.16166965670925,172.01226163902598
143.05438909066473,170.92677713910572
141.29767658715392,172.6013506702289
142.13633725429145,174.29370282511158
143.27229369993546,173.27957800321968
142.05303833415562,173.07771592824164
142.70467388778388,171.54113328368663
141.6230907646917,173.23703065210913
141.4032981819159,174.9396657731681
141.0297689692587,174.22117369231566
141.979398034153,175.2677691904391
145.22342641363036,175.3892575300532
142.86456661871486,176.54660903321457
141.1405706634674,177.07175862674987
143.16094863817142,176.89118054859992
143.11077560422493,178.31193316276062
144.71300148597703,177.7285448176617
146.93486908679105,177.83182855635127
147.5844471868433,179.05355086790206
149.41975735303507,180.15415657972054
151.22728802701513,186.42659935672222
149.29832162327074,188.366846883701
150.62352469412045,178.60765540332636
150.56940557496463,181.88269881609233
150.00107925682985,194.6134595043319
149.93672234837803,195.89736662334212
149.95145979788705,198.55471800261088
149.78647870103694,201.637948674337
150.70422053899094,201.21295204816963
149.8298369250528,202.27838520868332
151.75281447780333,206.52594450618645
152.29870912828844,207.0321806273338
151.80549499306204,206.96581002919345
150.8205354925054,205.9016535425744
152.1734087354487,202.44306935743782
150.59281539751095,206.24256029144345
151.5171610954242,207.42261567707538
150.26366715847215,205.33440325102976
151.5033785231335,202.62773230243207
150.54108043864375,202.57995890325273
151.46265251489135,204.6093392184681
150.38934324109965,207.72119382838778
150.7755587731273,207.48484032536143
150.66793911614172,207.96345829755467
150.85465660058745,210.8712366374621
150.53615951522244,211.96918955348028
152.646652452992,209.1951185252941
153.0073118400227,208.57349277190738
152.42882118497548,213.29233495421022
150.59184092914728,212.2895242975801
150.39846224935621,212.8454429347942
150.46282755141752,212.60198224950474
149.17590235957874,212.47963239302663
146.76907785566033,211.3236566340254
147.68155131288168,213.84546285837217
146.473617383588,213.78308396446258
145.22538569131225,213.52439126264406
146.394375739512,212.40144817972333
144.39889792963646,211.2602888681387
144.54390053284664,208.02394654799954
146.22315076914936,208.253398228692
148.64935647766893,206.56329024252267
146.60396757027382,207.20004428994181
148.0306524994301,207.42635368326881
147.0015483986739,204.71294918845496
146.92407523890307,203.54828586049092
146.41758248014796,203.20043920249034
146.95473813010935,203.58514776359954
145.03347181398655,204.22973851791704
146.16580781922144,204.8911439102659
145.05591527801812,202.9263207162768
145.91475161615668,202.31814784536405
144.91706290128172,202.54574678118638
142.22356117266494,203.75446323024042
144.35638508152695,202.70404661080968
144.01779381584535,203.5266110729567
142.95098664792857,203.7070745771081
142.23204679521146,205.1526497286859
141.94498955876477,206.05425140307915
141.4319787008527,206.16050151552994
141.7724893182956,206.11407457300186
143.32705368830128,207.16213992435587
144.39391680457751,205.2574585475202
142.50294381970906,203.52303119088054
142.99253650301404,204.68367738604474
142.24684911775532,207.71137287823316
141.0026850791693,208.16487911853608
140.13308645208258,207.82523708256713
141.18624210204578,206.26825658207323
139.69802257540152,205.08856855925308
139.07563279801278,206.07406456369384
139.04824295600167,207.2274605869082
140.6784216191005,206.3339442307291
140.3871996927714,204.45167924901526
139.21569779773498,205.96471121409414
139.51599401640829,206.0684261801058
140.67967893006406,207.91812096384018
142.78011948049726,207.1378805996118
142.92203260903526,205.3310360054182
143.8662742415262,202.74059621694616
143.24035165748992,201.57736614823048
142.0584534028287,200.8005082503753
140.19497816082293,198.82092446232306
139.50444029233012,192.42968823519155
136.34797164606672,196.67533335035245
135.63014708866316,196.0409633501687
135.08790083823038,195.48678470742857
135.63476426325866,198.32236962703956
135.39971715240785,189.84988268772227
133.37845386191972,190.42923256157601
131.69459110913454,188.30616187857672
130.71718043235336,184.41592062071888
131.29504866088246,185.21549591237275
132.0414820699077,181.31391502880805
131.82016443437112,180.01029900646097
131.5857401636206,178.02013691365926
132.26705505533565,178.5251206522901
131.21210420262605,177.7214778268983
130.3731393777627,177.25894930156045
129.6226239581009,178.0015337569035
130.16957282446776,178.4796473586767
131.2828680234591,178.43069409243384
129.66361062058064,178.38413627538333
129.31385804484248,177.31385209003645
128.7614769590124,178.2902819876496
128.87474475713714,178.992796295414
129.69227680483067,179.6741749012764
130.0364745138145,180.4124780574108
131.4332206010826,179.45212966352375
133.0371664180041,178.02284911437746
133.03574143903444,177.80420684020368
133.42403163223008,176.85903881876283
132.1716555696774,177.98878612442465
130.34243843763107,178.8995439165444
131.29199724474913,176.53925311167274
130.11986954838773,176.35330035275254
130.74428214058227,174.88783100686518
129.34341383599883,175.0316798741131
128.21103662111082,176.5182646229353
125.80106721321653,175.08127097193704
125.70560046068844,173.78712174375045
127.86325962233194,171.23843487778538
126.10666504854848,173.65350980264125
127.3739466142588,175.70121423876412
128.12563654374821,173.11525478605597
125.50553883332157,172.76778691234742
124.36236117404749,171.58636542454127
124.1502492208289,171.11602362191425
123.39107812350875,167.654369070199
120.73501574712583,167.02789706676586
118.9649806570281,166.81333611630862
120.04376808647712,165.84894922037762
116.77960078229243,168.36681553741474
116.72334532600365,172.19385021147113
117.3035718099918,173.1248473482342
116.69177598367403,175.09581162189684
117.03118205916847,176.47945460458752
117.80404617306384,176.84897601788464
117.8807861748693,176.9963167662912
119.28256459973552,175.66190276016326
118.79616344419345,175.4911334449658
117.28163481431967,174.93851592425577
116.12230467373611,175.9362606088669
113.70418055177764,174.6683594453103
112.97994803613885,175.19676589482125
114.26404290099,174.66656812446953
115.00456467783707,173.7261407071026
113.82084694530951,173.18275434651835
113.45824936871273,170.88704400119872
112.65270280241127,169.77255632712198
113.12491555772137,169.58955847944108
113.24447940959045,169.93837513377932
114.09631994985092,172.6896707341342
114.15244042984982,170.8426048722508
113.0327577995979,170.9763525619932
112.5562035221891,172.3043156241158
111.6669257450539,172.13616979442534
111.3414719034451,170.08305985153342
110.98870687195212,169.98875860347724
112.09783709552916,170.38129773822476
110.8426653979661,168.17158949749222
113.93315676937749,168.86547637588768
113.74319995133682,169.21541819317503
114.68083741740219,170.8415732750248
114.3782412274048,170.84001657540108
111.46204168880818,170.81851828118434
114.92444522521699,172.29057264220924
116.49262933073601,171.24587464197364
116.19133136045541,170.41104049714576
117.15105103389381,173.5944057351971
118.7911677793871,173.7076172168219
119.97676944093479,172.78769204083517
121.6504993802828,171.58124982530097
120.02876169319727,170.96356149784967
118.59025711502649,174.6811939938366
119.0338075298792,176.0960035576709
121.24130089915813,177.0935987000759
121.85075402416072,177.22500349077413
121.76808650536435,178.3531732809316
119.78906285651394,177.78959074258805
119.99617492346277,177.39822699072556
120.30384462130495,177.95036798966726
120.809317470978,178.40575374210528
121.15265716241949,179.6419238755664
121.29399170905451,179.8386949106808
119.73662705796224,182.17945764251567
120.23006952727356,182.6850477854775
118.3392964311697,181.34702556293522
119.42209254159317,186.684611470579
118.90204424050869,179.9528703013966
118.12137351856852,180.04848292315992
115.19725881302216,179.24632697493993
116.50625468083392,178.45514532913074
118.37235891569658,179.241493202248
118.66940510313185,182.501009470635
116.29870701808005,182.93980339776056
116.71202819535107,182.31889442502302
118.92732179584587,178.9698540285824
118.6977146287029,178.55562358402662
117.8609747817097,177.01211495046627
118.26912204032419,177.45115649796702
117.28756161484473,176.69757800788764
117.6492527303991,176.21579227362068
118.87738823607471,175.74066331709844
116.240312529305,174.69322901501965
115.43393880962604,173.40520279840518
119.81526533779906,172.3533677793049
119.05405401932208,173.66071296167235
120.15198688284293,170.31165800972914
119.32848016148358,171.4050838338265
118.5067404106207,171.38901532666688
118.04516390598086,173.04513695697298
118.20824256036032,173.09228664333668
117.75823182232378,171.57647329896156
117.49241327028676,171.27547374617552
117.35021520973777,174.47386713116907
115.84724792373945,174.99932186181178
113.85166677494811,174.82953821753006
111.93419936316019,174.41668101079708
112.89689083538416,175.46174537394586
114.4836017589777,176.43177518163708
115.2596983081531,175.0950436758579
116.29542859674662,173.1900674977592
116.93647265876585,172.89872357186115
115.58055115935291,170.98202654287746
113.96529637105009,170.45899281563928
111.16713428718062,169.63698698690763
113.18547279508357,168.89788958258848
112.00235958942383,166.2179592113245
112.4219507045418,164.72787138897561
113.7049090228846,163.09394482361063
111.89817580974368,164.2378390899074
109.98461177862828,167.7326770116978
109.04877951965045,165.8915503202062
107.64803038363813,166.28552029005303
109.68251462594979,164.56302431111095
111.31304643257131,164.19429212997974
109.65744282135337,164.53178945362896
107.56926120047538,166.87682147642764
106.76765856122684,166.26642485084363
104.68930514064115,165.91430996770123
104.81710616127951,169.41215449082932
104.82496516944185,167.12288408695025
105.60705976958029,166.97333848162353
106.05468052159178,164.78504559050745
106.50570221547369,165.37449028996465
107.70840632223461,168.24107672408792
109.44088198967141,164.53684469956053
109.50187392957874,163.36691796894854
109.55095502191972,164.61984078740775
109.01753113104964,165.44276739133096
108.71756401171841,164.64757095820903
109.94447332601473,165.66878833087506
107.12999618656927,166.79634023598555
107.04063465298587,167.25326424693404
107.48127831726592,167.28679085422843
106.99833612970932,166.75492900088372
106.1780768907569,164.78257587068586
107.14589878637257,163.9586058329697
104.56650071102904,163.0375004736597
102.93068670721851,164.21291545280968
102.3219580484231,162.53406136110922
100.6114908452996,162.99322771655847
101.33881629530273,163.60396831592044
101.77509743064851,162.6461723881327
102.86340098066307,163.72176206817164
101.85796173157927,162.3201219889199
99.07228227574502,161.93604984294748
98.64187970890971,161.78827006277174
96.90035362804917,162.1510232844103
97.0452507553875,161.85869337873285
98.43582578467652,162.54793524635554
96.3478574104839,162.3180318034385
96.19477078878417,162.1043641263309
97.76932646536095,162.37475286181518
97.52380673506435,163.97327853398255
97.56806692463249,162.83948840257335
99.05840951859682,162.29840879577347
102.20452863485085,162.0208836240341
104.11336214010286,160.3365143563144
105.75897751224772,160.84626582836162
106.70321481735336,159.08397288225856
108.21376506595276,161.4816171310457
107.89483750653378,162.65536855810936
109.82465019273035,162.21351179117588
110.15917093617999,161.30240917220277
111.93097203637376,162.5577077197008
114.21412422567914,164.09672372534465
113.43186278619852,164.2302986788785
114.75171377120984,164.80035755051648
112.53149699458415,164.95105061734847
112.74318070176922,164.02903992104845
113.42530447487361,162.75863876713993
114.55078641162474,164.2361237090102
113.45186663451068,165.00922810216613
113.02309248411316,165.78341874021902
118.19844031577544,163.5795837687935
119.12375610194954,164.17145812824225
120.12730534993727,164.27402891169797
121.0613372103535,165.4647078504288
122.1597698998003,165.32397885007842
120.56559986584529,168.6016981973849
118.73873363232,166.76437235438544
119.47679956180517,169.2901675910838
117.32053970056164,169.95847613696597
117.35828268317452,169.3109864974124
115.78079294850154,169.55499909480088
115.3177493771928,169.55151624718633
113.68009455544393,168.6191507342353
113.9302312780539,169.10971233420383
116.1851997913037,169.87864174360107
117.42078106474308,170.2303463891824
117.00616765647841,169.40036618641338
116.1638028146394,170.43658191732104
117.53302007359325,169.46204069122678
116.33148637868878,168.69245353446703
117.12912051782953,169.79630031019553
117.22275350727837,168.45868782823598
118.00428836969924,167.63678228504043
118.13488059327112,167.30910968609678
117.49479780595514,169.49757284361488
118.40379807905585,169.65531076705378
117.95613633461048,170.4266083845306
118.73732938819889,171.85700675656238
119.01244043070169,170.61822136027908
120.05771940396413,169.19640547543446
119.89253623949229,164.64454113662146
120.57084716201584,163.74562978347012
122.6318676676729,163.24532383976228
120.8696229244008,163.436917166537
120.5929621745466,162.98492653020753
121.33030246282293,164.46272140978874
122.97087044548323,163.807961901865
123.97540999472022,163.86957754617126
123.4121520115311,162.0177775781615
124.06182442514286,162.22500134535665
121.48218060590051,162.1137790133051
123.39976213882751,161.57454948964065
122.51582883520003,161.62424367633574
125.07423050968458,161.7336163118697
127.04046261815793,160.64499701804334
127.05655031233941,159.86943086775707
126.46456260398709,158.38763293517655
125.78350708768828,157.31283705259565
125.518512777515,156.53503683195038
126.61949865330509,157.25093109080922
125.8900128520689,157.16214196994284
124.75196846455424,156.37597481534488
127.3605494402152,154.5732174838469
126.46547688622904,153.20926408756708
125.18233378725718,152.49238654560816
121.77497762271096,152.02898127484252
123.51558954895445,151.45494709929548
123.36496373764723,151.5033785231335
124.32275665943683,150.64993683832458
125.93408824855508,150.8967223349621
127.51813199785143,150.1003107084033
126.64055111890762,150.37348616311135
126.9623578005981,149.59326525432812
126.81658832110516,150.66866278064523
127.57454309142985,150.73214539347939
129.540024871407,152.75531303990195
130.42219947718488,153.51699957828907
129.68544946386655,153.18089197224452
129.8967074358238,151.56901287928667
128.54573015361578,151.0813565131276
127.05499415161954,150.01845533003885
126.79173479043173,150.31098826599032
127.2720649519453,150.53615951522244
127.55307760222487,149.12138192565047
128.8573337630573,148.88787404178862
130.15513162259415,149.95713729939598
129.17655195492094,150.09791845544007
131.38412288903297,150.00107925682985
130.04307546391303,148.64737224827599
129.77384437171722,148.57390733180773
131.19005140518857,147.67892793304298
132.13811680274497,147.68911247282696
132.4594306570706,145.07567393749358
129.24447177050993,146.27920642880082
127.54623451649985,148.1337159950088
127.20103919999858,149.15699116805658
127.02358938376925,148.16077393017974
127.44910182777649,148.6749709135651
128.27606210294869,148.71143503836922
129.68079328334213,150.51225052356102
128.8152624325876,150.16482322798996
130.97393761663216,149.6749643235297
133.48874949019267,150.54108043864375
133.33738801499157,150.49715756467035
131.78181467611134,151.75281447780333
130.69542734532666,152.0344187056059
133.04580607595386,152.90603033715448
130.66904607252286,153.78575006503874
131.6528059844864,155.03930656258507
130.06372758207777,155.2940064802468
131.7610451897688,155.3883629596611
133.89636759444005,156.06946140746686
133.61425632446782,154.3912754544625
135.62183337538602,153.4016543638922
135.75186002584118,152.5032059814033
137.08242228234283,154.25544773604923
136.194548485154,155.57846641606395
135.64796051618765,155.57255759779136
136.27673840679375,156.24840652896515
135.32304692874771,156.57039693179198
138.42140369607543,157.80413222550217
137.22172318417205,157.70425427167697
136.67825348283642,157.64690505812874
136.02021214129257,159.00890344182676
135.44936460134383,160.7949867866693
135.25177298302074,161.27186628995912
135.10777582989957,162.98752627232233
137.49856115984286,164.49737322938483
136.60261296618978,162.06391853084597
136.32971046445223,165.9763712102063
137.06615639321043,164.52468858778752
138.46721309610646,164.33853607740278
136.10584055502363,162.2844673793625
135.31259357239006,161.34525139511996
135.568864356955,159.0539512069841
136.15415285821138,158.41201812561684
134.54319867550274,156.62497573435812
134.73000464981783,156.61404968113493
136.12688704423869,158.3771693416262
137.05468812025626,158.40288765155884
138.67501425613847,158.60734049343347
138.19718045845738,159.42947671945072
138.57971517863578,159.02751316292284
137.36772080818383,157.7359567081749
136.68853894300736,155.9724660455542
138.49297329920634,155.75599539867196
139.07844908859997,154.49767694950597
139.64393137539608,152.60678562979422
139.4411156936196,153.64868286055335
139.98834680821673,152.91860246685695
141.00493530266655,153.40436555228823
142.8624030516536,153.00807552664062
145.1030673957629,152.45401615799454
144.81374363378362,152.42882118497548
143.84601106211565,151.30484213619772
141.98255268605897,150.62939992083557
141.68374270255472,150.89692560133122
142.69658393320475,150.62352469412045
140.81406135270228,150.3963485342715
141.86569259427372,150.3625502599098
140.56688226349837,151.66411643447452
138.51098070953037,150.32051884079533
139.4289378859086,149.93672234837803
137.9844311738707,151.8467335028724
138.12887676612047,151.6388595810093
138.92887382055497,152.27170253679947
141.99844014469446,153.84248324719292
139.5315574802223,154.12310907051568
141.99722253093213,154.36221656004267
140.925515187468,154.2787466635107
140.17474649469767,153.52097950117277
138.0602807136748,152.98272661249683
137.77261565557382,152.12869826457396
137.65096974118023,152.14272961193245
138.99547194630412,152.13369445682144
137.91972662297195,150.76035526481894
138.50384857901494,150.71630198658613
137.50345441928673,149.638999204622
139.0249868299165,149.52930481224072
137.36027876065148,148.95205443217014
136.26658324288877,146.60396757027382
135.5738456894174,142.95420046171333
135.70343092364595,145.1466477855025
134.88143750851253,145.39770584938165
134.5816021328096,145.06132488897674
135.5959444009302,144.14748162745676
135.16005352815867,142.5883890824838
137.25399934717132,142.01268432892812
136.2479951694244,141.94679712849864
135.3491214602734,142.06422565627454
135.23709531165335,143.83336686487092
136.00577670243553,143.2908886667172
136.5851971863533,142.48466060139563
133.13327667856572,141.23503984642062
134.54363384766285,141.46500207662442
136.26114891557094,141.8679776275278
135.35852666570008,143.39854235695222
134.86519668259098,142.86612780672908
134.62906905982572,143.04623102874945
133.49436406451687,142.77521550618954
131.6403496187009,141.9903766434391
131.94676621364658,139.12309669857044
132.38567458015334,139.5538371385868
134.93597926074537,140.32588796917085
135.52197318103447,138.98158063705645
136.10031909964448,138.76998227848455
135.10306926207076,138.09323379558475
133.52503260836772,137.15901545061377
135.17245712511942,137.06963034880457
135.22056331120362,136.8713182645541
135.32022559816912,135.78326780338796
137.26992286083862,136.65512867474303
135.84826320599583,137.08786617867062
135.70449800545737,135.91343156981065
135.13381425299485,135.63476426325866
133.16144176389577,135.58546795334485
132.45919015169494,135.34951374515896
132.45283450984695,135.5949189263304
131.1606549990312,135.70449800545737
132.25461758852927,136.88015846028037
130.81337405279004,137.5029180403083
130.8261880177083,137.19951827007387
131.83151161595873,138.3815915126568
131.29465435441298,136.60261296618978
132.60551679685588,137.07564956060693
133.1252536468849,136.15029831262564
131.91388416703228,136.02021214129257
131.85354412444622,135.81133578717518
131.75613090783466,135.81610317571997
131.05932756299,135.97281915571224
131.17028873391138,136.15415285821138
133.53503576567496,136.404891091578
133.49102013255524,136.75689914566755
133.25072560097263,136.73608455662458
135.35493699266615,136.38495304846947
135.21119698582376,136.26655045940706
134.176313264928,137.21896590321802
131.66146346455338,137.91972662297195
132.36929855629242,138.66655468506588
131.23218138543777,139.46663581479123
133.43815555730885,140.19497816082293
134.5242289939007,141.53540340129075
133.5264712462258,141.16300815097475
133.9181965201711,142.5837347598964
132.99272866459475,143.92886140908627
134.451608614189,141.70540026970926
133.73848871325058,143.9644066334794
134.51973216970669,144.7982095539161
138.003921321115,143.6176875619026
136.42829455126008,142.18432948199845
137.02756653686046,144.46038195556298
137.86373457886032,143.11077560422493
137.43436018313213,145.5990642908009
136.33942216004712,145.5130909443603
137.1404182623271,146.4153902600641
138.76998227848455,146.9683895372593
138.82888227340447,145.64271355401382
139.19528970950768,144.47528820612797
138.96833213206517,143.3808660462954
141.10116130336598,143.14304755919295
140.11076723753152,144.4268490905581
140.02321327765813,144.7327653712091
139.58263825019083,143.23896868029553
138.72404001569643,142.24684911775532
137.9001830204018,142.42479684022751
138.40490916724463,141.4032981819159
141.22759051036329,140.3871996927714
142.70466054162713,140.09556024651295
143.83336686487092,140.44557645090532
143.95421267158594,140.80807452339192
143.09479804721894,141.04973219673408
142.57104618700615,140.34152588620125
142.06682543337104,140.92017634611895
138.1232140542515,141.00493530266655
139.97874876808575,142.56816149720927
141.16300815097475,144.2691264155654
142.79045338072123,144.35638508152695
142.5883890824838,144.13308383882207
142.06422565627454,143.46144321701425
142.5804570100805,142.9609525029589
140.0176144907193,144.49964131448925
140.5216895998452,145.03728602121888
140.10406637969677,143.3736416812857
135.13044974248263,144.39391680457751
136.25413295718494,147.50270664709117
137.87472827081186,148.0133177048245
139.42393047529902,148.66034738176222
138.73551068160924,148.4787469397836
137.44439883735333,149.10773752169527
140.74967484411474,148.0971050492507
141.59659622495047,149.49891833619975
143.06835026381881,148.887211668816
140.95396188483156,150.21179263598162
141.89326551889596,150.56940557496463
141.6590371859173,151.30849514895067
142.06928561927245,151.3448806673062
143.02839372910955,152.16973811275875
140.12574091850973,152.51349620180181
141.41382242291832,152.8977440240972
142.73811400756753,152.99621946567072
140.92017634611895,152.39653794027132
141.46380703424808,151.40690669736247
139.31027916801372,150.8205354925054
138.66655468506588,150.46282755141752
137.08786617867062,151.5340858844407
139.98668433128572,152.67517290910348
136.95603681285215,154.16877576467974
135.81133578717518,152.9123964405155
135.203740067102,153.39157305103444
135.48562029573444,154.7197716491176
136.07462761810075,155.73454703617358
136.71827433013146,156.98350182783977
136.73608455662458,157.7462489790192
134.59025101314597,158.08764087160765
133.78929672653862,157.4483737272314
132.38753102775866,158.18643771252886
131.75704888281786,157.49666872364597
133.97495575127374,158.73580340568873
133.233797654315,160.12608227955843
134.02859855464968,161.5610734066081
131.7643941763654,160.05210703057696
131.58975067617015,161.18697521741467
133.0163872367867,162.0280881010558
133.45463698533086,161.74783561073428
134.2126492485615,160.4231948885749
130.65061137753437,161.25164312708603
130.14447456545795,161.56313268773673
130.97493007521584,158.99047243937093
128.9096326966792,161.36838096467747
129.65110430996745,161.41191421672497
131.44346897401846,161.76669442620374
130.77492880748102,161.0879922713785
131.32774264965042,161.31614181504239
132.0388203611113,162.24017710382427
133.71158769937657,162.53669646005338
131.92809116572948,162.42852519286922
130.23917362010872,162.28588072082883
130.5124576927407,164.08407341064884
131.29063273403068,164.34593338648642
133.00709067929182,169.16213438815862
130.6810243138056,168.31833076155857
130.52006694273894,166.51606093359075
130.09787270986845,163.74723695036434
130.99693411698956,167.86744026669467
130.97796219999995,169.1000046114123
132.25604312604708,165.24219981035
131.76124881618134,168.43785153684462
132.51470393781565,169.73916167346647
132.13087223311203,170.5385225903211
133.12466425670297,172.03980955837753
134.00142247140238,173.57310844543738
134.50716980735388,172.4722787569762
133.79863475599709,172.29830203985588
133.57202044855657,170.91095126802765
133.08800410455365,171.75519892108528
133.04818847680582,172.12167737596
132.59174857492482,170.28843397396923
132.24123938529164,170.5862886861773
130.94765094780158,171.14882122983093
129.64115900534884,174.18874178315838
130.27543524331082,175.26136761048411
130.09688336235465,175.821311313167
128.44755624951694,176.06865149573437
129.4584291110383,176.0553237016285
130.2571592288169,176.9357678987995
130.97845639200617,178.9082757220122
130.1692910497602,182.10362637118635
128.4356190801906,182.89943602971766
128.53523066257688,180.95124780487603
125.42130046164812,186.58074655990933
124.8107651096811,178.68316351781223
124.90385468249322,193.3568071617499
123.01790728518179,193.19690823510462
123.54796457991098,192.92265606936712
125.31963023634634,191.42117205135952
124.73150454184098,188.25414916408192
124.4917277729925,192.37435016469638
123.86978509253743,190.7517691895606
122.45713610413188,194.02529974258425
120.41994708956115,194.00154168184272
117.12555752294864,187.27924231916145
115.4118299117936,194.03409603195144
115.1304725930784,191.6886175741615
114.34462323570841,193.51861230610317
112.91177846254256,192.03427263531924
113.52616995656122,193.8337185989355
108.89566760562248,191.31869275974697
109.84532315992398,183.8337059238534
110.84766377378112,184.95872480843946
108.69335975949777,177.71057309886967
108.834075561863,176.52857751185687
110.62720170009524,176.16711620067898
109.85829888206482,175.91328924843782
108.96407661651621,175.41343792812611
110.05234624498907,172.96866703923138
109.91242486948244,173.43552743567707
113.09445212082206,173.11756919008505
111.77443967395479,174.0931609608137
111.91114334209286,172.1556963092773
110.90132469456762,173.08413239494232
108.65180370228975,171.35677870899036
108.37336768670662,172.31630158240864
107.6749822415725,173.37527153899967
107.08758872711526,172.51352044311898
106.15383607282251,173.51926199412458
103.67192991911716,172.6657530905974
101.15288269023438,172.7223148487002
102.96198798443383,172.55624741573862
102.55378744924913,172.58680444723475
103.25002011038724,170.91065786040656
100.1184445486467,169.99589725459668
101.72752425122725,170.92605618574183
101.2420882439455,171.96104786215486
101.0301360436715,171.85176802426474
101.21354985433722,170.30432149877055
102.11671692772416,169.99483115434137
103.9231968508642,169.29209793771287
103.667445618247,168.35173524670097
104.33761367443333,169.6743082545652
104.5589172056721,170.19958749217193
103.28654873798737,168.67251270610018
101.04144191545565,164.73913568772042
101.13702832046071,163.82895089905153
101.57538073773884,164.4035663926216
100.79923587014356,166.72530475985417
102.1138191985658,163.82809390662226
105.39963442565657,164.83117912643803
104.63760645684184,168.3900884781943
105.7827564212237,163.54565627157663
104.18386824466114,162.52359047014943
104.96131811951213,161.95308353570857
108.6440912837807,160.58845317940373
108.96155136428199,160.56111432349948
106.38216833891407,160.5035806002901
108.28437015437036,159.96292755351536
107.81325916834962,160.2646109208419
107.46561181245086,158.9782551605497
106.38036125861014,158.08601073865128
106.60120417326199,158.02421042681334
104.49914196340677,157.61682547588623
103.08647436758676,156.87010682295545
103.92547204655085,158.2954190911281
104.90448076093469,157.43658958796394
102.96966232597501,160.25250241149254
101.93476922053053,159.5442874770911
102.16476721199975,159.49812694533927
103.81979739013,158.29574552433712
104.74476315871242,156.59799255731807
103.77559224404835,155.91249979438282
103.6906888737187,155.26953328114902
103.85646936546604,155.03983404252998
104.47650591718673,155.0389015437474
101.42864103464015,154.74066547899952
99.89324969278893,154.190659506756
97.55660083160531,153.49471035273348
98.41856295348396,152.29674882268702
98.73951999075418,151.4938932256622
98.45180055511535,150.08098344011486
98.33795003623892,151.78481951095623
100.48254863971616,152.00150011541191
102.06244266488491,151.74646160076395
106.29231442273773,152.63120769834646
107.10320313821131,150.49001803864735
105.06209282494302,150.49553691401948
102.4347043847684,149.93182342630737
101.93093618254565,150.34497938662966
102.12105396073319,151.80549499306204
102.14994630901134,152.63809034029256
103.47011430710647,150.38934324109965
102.34419312644737,150.44993470267704
103.81960612405932,149.7600005733494
105.45572849201548,147.9929909077676
105.84523532293832,149.7111876080278
105.42842833634045,149.25970576824915
104.61388705701023,149.54831490190557
105.21238195646106,148.43412535836913
106.7573251874257,147.2326244918123
107.04133198484787,144.93536563981888
108.12752876912361,142.9517807268306
107.02837304717379,143.58078869162605
108.25440437647934,141.80507025111572
110.86430193362366,145.05222989165387
108.94667373783071,146.79377827140308
108.93113953482383,147.58263013043901
110.11451205990588,147.67756460526795
109.48270011504864,146.47232559513319
110.20430627283554,145.24598941222428
112.55254499710315,142.74397194343246
108.19520923331427,144.67411016436407
106.21045844189064,146.53683917486777
107.76715734609763,144.34722253621945
107.52898283870297,142.94136879164805
106.62214576978216,142.289290037263
105.22639609257587,142.5702832502694
107.03273922619009,143.8092182765926
109.92548507685107,141.3979515876969
107.35530804365938,140.6784216191005
109.16815241822862,138.66028570919727
110.00507334652247,137.7430732253474
110.81383433105734,137.36027876065148
108.58112242371668,137.204284297181
109.30541525570732,137.06615639321043
111.14685315172903,136.26658324288877
110.57455265799744,137.17978086273587
109.02751011909463,137.01958836075
109.09539412611556,137.65096974118023
107.90659589364182,138.51766255443926
110.29346814989339,138.3889262251301
109.14222892766783,138.7420275679828
109.87246610559043,141.21042955056464
109.84319415150138,142.07319552926472
109.18814303364842,141.4427119666448
109.26372692099459,142.86456661871486
105.78754634276004,144.56762306564994
104.75624747569815,145.46296811413643
105.11237003898552,145.22538569131225
106.79411867048336,145.84176410907
109.5270319841389,143.16094863817142
110.69660823087804,145.23268838762448
109.8083437978555,146.60549424143787
109.49939947942973,145.11632448261338
108.8074610812931,146.41758248014796
108.54040259450434,146.0622834652274
108.65166467396898,146.76907785566033
107.5433450272562,146.18718267721894
108.31033270781644,146.04934152113742
108.82229334540426,146.29861845420277
111.30341671889052,146.0733991251279
111.6967540536243,145.49055718235778
108.14221637370959,145.55025001131654
105.51679290157438,144.32132254753145
105.68878236658043,145.35944225640804
106.69523261971649,141.979398034153
109.02839852085866,141.85422685243802
109.23095190263183,142.0034924126779
107.93090276884693,142.94567615659747
107.54907641573224,138.94957194164894
111.20357772701024,140.6956784675979
108.61596978811079,141.51717908561898
108.87190194938223,142.95098664792857
108.18450417745305,143.76481175753435
109.17875104479572,143.8989920946982
111.26933446137663,143.82033360249247
109.19752363654133,143.29574347967718
110.1092273499226,143.06835026381881
108.3544533893768,142.58091138083185
109.7021918754516,143.44946088411686
112.82409292687007,143.31373753349956
113.51122018811193,143.8248574731534
113.00649812395767,142.44447841076646
114.13680773477319,142.94843499497526
112.77347713871238,142.5783313281979
113.40159770044382,141.34845136408998
113.28069743532025,141.63099386348975
112.02990311513263,141.8495604483976
112.6371875206928,142.5804570100805
114.3807493307091,141.319978363246
114.76130411511045,141.18624210204578
114.81744392457999,141.53878409049196
116.5044926193756,142.06150852129082
114.98204118182845,142.11807257358734
117.08175317839786,141.6590371859173
118.2800671308611,142.03522490323508
118.72651680075965,142.00162342575416
119.06560789824952,142.07234812772734
118.17827791310481,142.22356117266494
116.93572309052485,142.1591223911489
115.23172876940798,143.12411205671285
116.11151016740396,142.70466054162713
117.61262950032895,141.68336369406134
118.50328657945865,140.93458003173657
119.81029452317833,140.11076723753152
117.5068086878398,141.89326551889596
119.92335574404822,141.58833222506897
117.9473742346766,141.91350429875106
118.92142188385651,141.6577355324712
120.11230098780625,142.57719886826322
120.26835227840213,141.7724893182956
120.86784212368336,141.29617272648363
123.01905279463476,141.58259622710636
121.56412033225138,142.31516191529244
120.1542788939232,143.58171235476303
119.50793572048242,142.9626716949217
119.7482769621484,142.69658393320475
118.07345530089296,142.54926749832927
119.58429392951543,143.6556773018449
118.70466171889751,141.68097856787978
121.06890333330617,141.28399221552306
120.12196821891251,139.57467021154974
121.89293293225722,139.98668433128572
121.19775357539537,139.39959197217058
122.17828107909472,140.67967893006406
123.44197874486663,138.49297329920634
123.1571299954659,140.54916136835516
123.91465355129328,139.01652174187188
123.33711217741866,138.96833213206517
122.75171001379383,141.0297689692587
123.71089257603944,142.05303833415562
124.60679720904764,142.92203260903526
124.73784055829546,142.06682543337104
127.2532037581806,141.17765701161056
127.54962976115362,141.03658425139372
127.95458477094304,140.55028070971852
126.8761902577368,138.73462256782074
127.01018041461282,138.49573228756623
127.55050444823375,139.4129430206046
128.43261091327878,141.0026850791693
127.72305108662582,139.71376477831726
128.33491323783633,139.97874876808575
127.649878789104,141.4132661628344
126.3393346058476,142.0531850523477
125.42742057222681,140.2720424085206
123.44670855136711,140.8095673320271
124.39698107668121,137.63472062324547
124.96154442357013,138.2232264288299
124.24611710198307,138.71051988265313
122.12834127659023,138.46721309610646
122.41552666343125,137.49856115984286
122.63920148672713,136.9414090416488
121.29269492761904,136.71827433013146
119.2674533385214,136.7215678317158
118.27645465973211,137.45516233726673
117.73910265402309,136.27673840679375
115.28840869251373,135.76265728476957
114.50103738782119,135.97791912792977
113.70800263567152,135.5738456894174
112.10648626935013,136.10031909964448
113.4105869299042,137.21265716604876
112.5108810463897,136.68853894300736
112.47171506857175,135.61582355122982
112.96542221890068,135.62183337538602
114.05135326023027,133.63289245558178
113.80223114789612,133.2680532436068
114.64045493989482,133.00709067929182
113.39429217200131,131.9529662207887
113.83733174671686,130.72121948576685
114.54044712622672,131.1672580322287
111.24825384995324,130.66904607252286
110.24293523282397,131.16247497657824
110.5749808935738,131.2578079424646
110.30919928879585,130.28186860654895
110.16033583038107,129.18579404397752
109.65135352148783,130.62643450662324
111.47902651368058,130.01125747426082
112.16519879679977,130.56829670721095
110.47305683389351,130.14447456545795
111.01274547312623,130.34243843763107
109.33804393447903,131.4746131859376
109.13530776369885,130.8261880177083
107.14997340669446,129.68079328334213
106.01907110039504,129.85711258204154
105.87658438571091,129.13853431835898
106.05512640208111,130.0290858766793
108.47002029931298,130.68706123705047
109.11410957430287,130.74428214058227
111.33790775053791,129.38530033838362
110.21792783913409,129.31385804484248
109.50903858054382,128.55447710786697
108.45320712116924,126.14266300477342
109.78949914770784,126.9623578005981
108.91816835863588,127.05655031233941
109.13121084794922,128.47096676157713
108.30493382951654,129.12294663401667
106.6713493036845,129.5444563832509
105.86076184537033,131.75613090783466
103.70438556661811,128.6093927096966
103.90588511365345,128.02617890639564
103.11755769835398,126.46865519335954
103.22187558394778,126.26137817324012
104.06277605344368,126.10394143346117
102.44496487833784,126.51933909222907
102.35568882658426,125.9385661543825
100.98873106412032,125.23637156735907
101.57365927402692,125.42130046164812
101.72206328892446,124.07087438183238
98.93712618337425,121.63248967431771
98.38669395766765,120.29882580478214
99.17633125460117,120.1542788939232
101.88275430769575,121.91461572219282
102.16065499294179,120.55216200599175
102.04988613438938,121.0613372103535
100.57924746523601,122.01091693925572
98.79108545748979,120.69770025767959
97.64856001334002,120.89570767662961
98.19021777443281,121.12173318999585
97.42864972194641,119.16654378816672
96.49136837040373,120.56512116865025
95.7305669634827,119.99617492346277
94.87782898507588,120.57084716201584
93.54649234361281,119.10033338243018
92.16119966247058,117.8807861748693
92.60872011937248,118.20824256036032
91.00368916058181,116.20997570661905
88.3064498425318,117.18911194794931
88.33828073721787,119.0338075298792
86.10316689677458,119.99496524583262
85.11506884080121,118.27717060722416
85.76643820222519,118.92522164936481
87.09201258457743,115.43393880962604
89.88944401076606,117.35021520973777
88.79255750186668,118.24086006575311
86.7519704128429,119.80826080451766
91.25823489824035,119.73662705796224
93.49136386052264,118.50328657945865
94.12095061177378,118.90204424050869
91.91998452849768,117.93316519020412
90.94981272274411,118.1549869941121
87.99428666430994,118.7387902629601
85.00121638973246,115.15931984387551
86.19256356476492,114.42648951665323
83.55977580372141,115.43375787641443
84.35324610897321,116.49262933073601
82.51034210627144,113.87675487922233
82.58849389686034,112.43238951666875
82.54953392027682,113.24447940959045
83.56041334008926,112.7790871200847
83.082561548976,113.43186278619852
83.13589619954095,110.24487853973088
81.33695864812091,111.05267214987622
81.00224007909368,111.58616634166951
81.08591683929271,111.15632857474026
81.76058484225823,109.30541525570732
81.84493969409384,109.19752363654133
78.95143864408702,109.71590245950512
78.82897381317704,110.90132469456762
81.20485838538053,111.94635714819694
82.16629969764811,111.90050796274444
83.43002406426794,109.93921019756789
85.27758835644491,111.77443967395479
85.7685024453186,112.27967720480436
86.46372114275755,112.5108810463897
87.18211655406962,111.424985098737
87.45368479374179,110.41288363249097
88.71477392047329,111.24393687933245
89.93679597711397,110.91383326445929
90.84091970439401,109.65744282135337
89.78565315699983,109.38858849260566
89.20525033026539,108.90239695662547
89.33471443406529,106.29231442273773
90.54679625768144,103.08370290323754
90.33815860701796,103.35370727873143
91.07941595604072,99.74695156007766
90.42178870126332,101.13498697116604
92.02572962297128,101.03060388164883
92.6804528743648,100.28923757179555
91.6558269762436,99.07228227574502
90.37988965857157,100.2195742198124
92.30103625700592,99.6988358104027
92.25349628855342,100.82398575990254
89.92285003609557,104.35548186694942
87.93283995461502,107.51268082231809
88.53132229698384,107.16632513376406
89.82480376106533,107.04063465298587
87.91968878120325,106.66702715256358
88.02361831974089,104.73169992718725
86.79230430240725,104.92649282953755
85.45913645651093,104.54550114393295
84.79049439842478,103.45620557239259
81.66252884611355,103.07632299243929
81.72592920531494,100.03909249171306
79.48813762943927,106.35974418056135
80.41295837550689,106.98541174855085
80.10286975159525,103.41501494375531
81.83145181174882,104.82496516944185
82.53457935081305,101.67245489664313
82.90000531038923,100.30976403901916
83.27860284086158,100.24018245660822
83.26456180948846,99.25818516476515
84.70576678304504,98.21150099457998
83.49692912038842,98.54475866242423
80.8690200133869,98.63173444431388
81.73846225026388,98.82574219711451
82.24185704440788,98.63543056079727
81.43954339541105,99.76414993496611
81.26716614919717,101.7482860630251
82.33205803870223,101.09648034803199
82.32540883547982,99.37777955791496
83.89837192595867,99.30018429078758
85.15701029255509,98.78872295468516
87.19338114709988,98.69424977947361
87.05208536083487,97.0452507553875
88.71188629519872,99.49442711428784
90.36116084773668,99.18426226830523
90.9625659392283,102.97619224563401
89.13336700918542,101.57538073773884
89.03606415591759,103.0899966063507
86.864579898269,104.72657301887341
87.6031760150506,106.78919208331266
90.03146224436752,105.96878450843245
89.25966496937083,106.75886646056222
88.48107760494624,106.6551330345648
88.54684142400077,109.18814303364842
89.96535218201002,109.68251462594979
86.58497431561133,111.01498024204912
88.35743084150235,110.30919928879585
88.68041298749296,109.14222892766783
91.13525878819063,109.01753113104964
92.36818107214269,107.63718550143922
91.14400284694666,106.70992331114701
91.34984275608299,109.54406998590372
91.56087751558373,111.24825384995324
92.45851530047437,111.39276616740207
93.42258124900437,113.2498071596995
93.90184108232214,114.36106750097585
92.33081248817679,112.77347713871238
91.96412071992135,112.10703706124714
91.07187664883145,110.57944897255041
91.8965757525634,110.69660823087804
91.81566163257679,110.64580916766239
93.11382671077536,106.64751478640763
93.24687937912942,107.3938845642815
92.78055449961619,107.37571261517743
91.81518309304722,107.93090276884693
90.2464984750241,109.85829888206482
91.2651883157901,110.60603454145081
92.09485247913766,111.59835769008086
92.63405052639398,111.6669257450539
91.17129165670288,108.58711357863953
92.38207697212107,105.351047704935
93.0189339459654,103.83377034629821
89.83972229117126,100.81671851813188
90.88080911661216,101.09715993096061
90.25423862743517,102.57363165626836
87.45809814882813,104.75624747569815
87.97765311719809,107.1341233739723
87.0096828431773,105.44070968229303
86.3627376711265,110.16033583038107
87.24861679820921,109.74875631035856
89.02524303826931,111.16713428718062
87.86613934995208,113.14737661487459
89.64000577093908,112.00466254175463
88.83684747190746,109.86634849964899
87.4722179509429,107.81084702883857
87.98510815643085,107.90659589364182
90.65939775844586,107.56926120047538
90.90989504780946,107.48127831726592
91.72977874968707,106.90181452016662
93.20909673687395,106.79411867048336
94.7900283422686,109.51896097222213
94.73134843729102,111.21197018522803
94.80419948039757,111.7349069500922
94.94505585835826,111.97984892713527
95.82931356091073,110.5749808935738
94.88777340655427,110.00507334652247
95.25475341005016,111.72842968680591
97.35888117872734,111.09286085403316
96.10722421971299,112.74318070176922
95.20064450044082,112.6371875206928
94.11161177461496,114.54044712622672
94.97915981186668,111.80017626576316
94.9767066318383,112.24737249166003
96.5635480301418,109.87246610559043
96.16854049049076,110.23149189424255
98.94502746019883,109.57318579177408
96.30003370155879,107.07895349773597
98.61958173403242,107.03273922619009
95.83909809430766,107.89483750653378
96.6139304453899,109.16815241822862
96.985922467287,108.8074610812931
96.99146629841586,107.04227827721662
96.69947633857721,110.20396019516035
97.61440829779332,109.91242486948244
97.18512962023165,110.84766377378112
96.26216980257726,109.0262954987617
96.28689736682693,109.49094339337704
98.10830734330273,110.97887553451213
96.34610828040663,112.5227157104058
95.21898511889772,111.93097203637376
94.42712756401528,113.59406485168032
92.18326211107797,112.26138479629785
92.30926557033654,113.74319995133682
92.49724493052453,113.11586467839689
91.9093969526082,111.31304643257131
91.24620386142071,106.1780768907569
89.80467202848375,103.04275553284081
89.97545784394208,98.52831001686322
90.47238453387642,99.77479069012621
87.94808145652499,102.35568882658426
87.40877232865357,106.3924729838596
87.96928150809912,104.5589172056721
88.30815281700454,103.50541640186438
91.41298791617594,102.77493940244347
91.4159595119568,99.5023023620584
91.09698490974424,102.11671692772416
91.52906928155576,101.72752425122725
91.46477552768698,102.10338234775654
90.8993214511456,102.64647504229876
89.71390392110739,99.20155346986373
89.39228311019403,99.02055454886131
88.47488009773106,97.8297550128402
86.81486286993614,98.61958173403242
86.38458959410521,97.61386369392154
82.02508538327558,97.96800660381655
82.08861313968625,98.75254939585633
82.05332163241334,101.33881629530273
84.88937248143209,99.7140859508291
85.55766253834986,101.88275430769575
84.35324391309065,102.05412555990674
82.93411335501365,101.45432996364947
83.00825781043763,100.21858984934029
84.36956859847226,102.15948155841971
83.42916465703894,103.85646936546604
82.32578963414788,103.33965575108243
82.30746858667567,102.44524281019136
83.38467756146385,105.90177513293112
83.77419515529552,108.37336768670662
82.97161529200311,105.78754634276004
85.41722559929009,108.25754444487231
86.14145227936002,105.53122398257949
86.19307036506311,102.95444387573053
84.59548462302949,101.93476922053053
86.0868642077303,100.22969781493859
84.44891000584187,99.92224724143173
84.08958362145222,100.73468644316222
85.86646121336564,99.97505800995765
85.18642456557122,98.61017032791588
84.84110654890128,97.55660083160531
87.81766946433684,97.73391615140737
87.80472311500802,96.34610828040663
85.93082127362693,94.87782898507588
84.89806559575942,95.42505563141843
87.16222138157863,95.38553740521792
88.2817779990921,94.91884302340712
87.26931366397129,94.84584456310887
85.65388103699703,93.57057028715874
84.39821987885712,93.97876913387122
82.15829696994808,92.9449307462852
81.74523645176836,94.14998556724433
81.48390359527457,94.14764009743203
81.35978462591969,94.82251703789822
81.25160685299775,94.26958756316789
83.07442056379243,94.12095061177378
84.96039724980592,93.8609460816241
85.63704967701344,93.2639646405041
84.68177412454331,92.55565721071922
85.24048221027927,91.19980290380995
83.91983468785844,91.40139871100581
82.30278291274394,91.56478903154523
83.95618953412671,90.67964741896593
84.37308798863127,91.07364761395485
85.21271311963525,90.7437970518006
84.22443738989125,88.17282212660432
83.06535085704795,88.7630283104195
82.03365921184793,88.72281945674105
79.73689723595743,87.7465563681027
79.05351218088352,88.69201910836992
80.1769351540041,90.02411264787499
78.81021577289376,88.71188629519872
78.65857666796495,89.62598096969053
78.60291092448938,88.88838702277268
78.59805195241672,89.33749899482622
77.8271129832124,89.36037749622498
78.77631050668221,87.20801752483813
79.45828227329288,86.15076468719876
78.86003509860585,86.96466806396154
80.20042858659619,88.67502347934162
82.92922555219883,89.04348920479907
85.8336664417337,89.16105681137327
85.33594941266361,88.087220556414
87.90631737608344,88.05434188127414
88.56108810730757,87.1077804815185
88.0100945664818,85.55550898598474
88.40991615087295,85.12477992768046
88.69201910836992,85.45913645651093
89.7127813764992,85.78553917604647
88.19678565195758,85.78860113970929
86.56246760002531,85.06030149411554
84.43092912016323,86.95749392505822
85.99561024369933,86.367525689908
83.64646746939066,87.22879422239262
84.73146441013408,87.48239560248885
84.54935806414011,87.26931366397129
86.52961741268909,87.72656668681826
86.11330797302833,87.95112061840102
87.82099606725974,88.71496780476396
87.55031858061317,87.6031760150506
87.55809990060186,86.24473207348639
85.1558324510745,85.80219152173383
84.76732651198137,86.44134757194043
84.69750737131707,86.63953565645353
87.24111013735825,86.3627376711265
85.1619376869209,85.53270305407132
85.37375866136875,84.58734178922744
84.13427815910292,84.19323875484375
83.0034677127849,84.02743814091951
83.97845703285253,84.47749404395066
82.53494777753177,85.45353550352768
84.21282307243246,85.99561024369933
83.31501446510649,85.53668496445023
85.29952198776093,86.52961741268909
86.22964504701781,87.92120746641139
86.51995806113639,88.12741950008603
86.43312143195047,86.9951890342409
84.0563217940196,88.06845472122656
82.54981847632004,87.32961139863174
82.78129080772963,86.97485864580823
83.35688076389876,85.28033167908458
84.13018802495318,83.44017731693343
84.5946731622538,81.86481789331151
84.85356016281222,81.02314143485306
85.12477992768046,80.9305815464027
86.18136076079516,80.79572507520126
84.55429822909159,81.43954339541105
84.13250320740185,80.37076830645483
84.21454425105819,81.6315031908984
83.94769069686643,81.8947347282966
82.95689377503413,81.18602216511378
82.518091030717,79.82368586145493
81.68507870190501,81.08365669907364
80.71619532453275,81.0048470050051
82.86567372778447,80.41196926332115
81.863339205271,79.15965888313947
82.77207298226499,79.6334794271198
83.02770114198661,79.45828227329288
81.85675806437952,77.77379255741292
82.14835362187756,76.98958185080495
79.51205946002895,78.15674771635608
79.51443404788425,78.83460988250354
80.73771366234821,79.48813762943927
80.7493804858432,79.81860984094652
82.23540408594035,78.44928956889484
83.56562691244326,79.00409275489231
82.72682907184767,79.28983343359971
84.04718936869547,76.83363380706953
84.80488755616256,78.87241455526606
86.93805141127324,79.28702396888669
87.95307336149475,78.2737326705856
87.02698348378269,78.55742967512317
86.34178067262002,78.65099122304065
85.59453195664169,78.65857666796495
86.00099811547669,80.2654395038719
85.78064835533685,78.60066226569663
85.41061193727353,78.10243557369435
85.38707599191417,76.98396121639604
85.90093692231859,77.69793616766144
82.75541325084203,75.97420895847716
85.95887130559983,75.98176745392564
86.91891777796418,74.69655158215133
87.33072804675929,77.55392120105132
85.38229583708008,77.59363519483189
87.49735273412062,77.78190641403613
87.41293122712896,76.70537724540512
85.2531735741155,76.80731385032392
83.66275237208666,77.55172094924977
82.76242236296402,78.2976286703514
81.29995674371682,78.36142731784702
81.66647140345167,77.89575035690812
83.62826035082551,79.91300938963933
82.02492403165836,79.09208628212467
82.06503673489205,80.10252706542786
80.70914120860544,79.3809453596423
82.53864562717993,78.57232089933976
82.15639427618775,79.03957709669531
82.80611280048386,79.59802386477968
81.03831009604978,80.09356078093053
81.82143059171356,81.00592887270109
81.95405042920733,82.65232173654084
81.56517024125739,81.67597268121646
83.23402965014618,79.60791453846944
83.04193956526471,79.20533107854865
83.3647142591754,78.06899739958229
82.36209214526525,75.20692805865855
82.80664297782057,75.68489162028459
83.67266578474545,76.2202775611891
86.57318709163518,76.11297512552427
86.87984789547505,76.12441139215368
87.37342204884398,78.38060052924644
86.65494510441579,78.81021577289376
85.24804522870677,80.41295837550689
87.55553680807263,80.47049238778108
87.1500226961022,80.82690455083652
85.04760957986916,81.0988200218732
83.67411193424354,81.61260501507171
83.10911367321681,79.61980944291408
83.55389263489961,78.45417759156132
82.1019674411501,76.2964904125257
82.52206060155147,76.8648193236662
81.55636767012079,76.26070622467923
79.28702396888669,76.94447603021855
82.05056855004368,77.20473878744109
83.28962902420304,75.35031847876517
81.40464144968584,75.21726005570277
81.77150309968358,75.20302222311656
79.73580345215387,74.55642155198638
77.25375039782735,75.64050265441364
75.54571134491745,75.93195181251656
76.80731385032392,75.70322049692392
76.43098431693139,74.3732065584247
74.9005549322662,75.29923419123081
71.26816997009846,76.04829563696772
72.39697667160432,75.67589730018713
74.000259518483,75.54235584022331
71.91422238877806,75.87298218271836
71.74435128321515,74.91440367639721
70.20895743766286,76.36194174809658
69.91543635468173,74.67037588954152
69.5449606077392,74.47186419777631
71.93873804193944,74.73156263227501
72.2333949946386,74.35918990207807
71.95093264816207,73.6376945400929
71.49217066782386,73.61266194616569
71.16172714439982,73.44872047352587
70.89265776246246,73.02337129249315
70.721124594465,72.32538649958438
69.67130390984275,73.29162515641616
66.4419342214651,74.09488074454205
67.38183940326648,74.45802220453871
67.20027326097822,74.34526780646615
66.02082878207416,74.14761364253411
66.80071277834485,74.41800904029267
67.87262250188594,74.08464525407177
66.99235479338512,74.46385630901825
67.51905077601492,73.19462558905232
67.8543108044734,74.000259518483
68.37788791472259,73.24621835569593
68.06642451644291,73.83106489161455
66.93805408512829,73.17394432893926
66.12159575183443,74.20456370844086
67.08989868609616,74.33051845079576
67.02463998088295,73.40447134509346
68.32513552308309,72.64336704315237
65.39087919154464,72.89581859896914
65.62117877657046,73.23048934464379
64.1592000751988,72.17404036881574
64.98643769060422,71.40856192590189
64.93072505229601,70.20354803246646
65.18388110175889,68.26662483285696
65.09582369825468,69.58500939527347
65.37754943702086,69.56641175106519
66.7499850310546,67.57231373854759
67.76807410004757,67.99545431580228
67.80638852643102,68.63016460762275
70.21031753597757,67.38183940326648
71.12600901355637,67.61054034452017
72.25756110074438,69.51151493276788
71.90534115769181,70.46331547949254
71.88118481943161,70.94732248223377
73.46089098055467,69.82784981100632
71.08457861488938,69.88985258809237
71.25755497713929,69.39568104271633
71.35382359625216,70.2902930006368
71.7909537442427,69.0666949868142
70.30722482499422,68.1648920890989
72.91557920442072,68.46659858297973
75.2822876199358,68.5554536336784
75.22080061754752,70.85389604171998
72.51741439768516,70.8552880292179
74.41964230669471,69.41575477345197
72.79937023178208,68.96494016580156
73.08999199698698,68.79246816136954
74.10059531979766,68.55244755576108
72.11487761444556,66.49772618122331
72.09819622721176,67.3135570495682
72.1696563585062,65.11423495005569
73.03124593817975,66.329970015206
73.9531357464198,66.53121094041991
75.62575766208704,66.108269695289
74.12718092920122,67.64696463734782
74.4569091213174,66.77478225588638
77.08060812462892,65.92907156454667
75.19851842565728,63.2820882033431
78.26724171880575,63.75222033765662
79.88823400350573,64.72773331707641
78.2027130617782,64.98643769060422
78.83762400313827,63.58059656390869
80.09356078093053,63.34371663588427
79.05279124791383,62.31588957352157
78.246858053662,62.55148829231139
77.26605437085782,63.200231652058974
76.81397497653106,63.12868185080059
75.74165610476827,63.761253906829765
77.55392120105132,63.52023030292965
76.61714767619254,65.51305624144953
77.52117159191924,64.67176954459768
77.54543618717338,63.472584000465325
80.05054233173556,63.40763462992398
82.69355564826078,65.53558150756142
80.93104031248198,63.65495238810444
83.3865495652104,63.259450967021024
82.17456903725017,62.86866205763158
83.71851428405198,62.712676613528906
84.27176971046777,63.60428788453493
85.18646631577062,63.38219329028603
83.25816223550578,63.62927199041131
83.46520266781032,62.848242985482095
85.24453670132915,64.44345508735783
88.34295216311557,65.03823875269474
86.61813850129708,63.26582011976547
86.87431543808853,62.80719649378156
87.43185209312648,63.583217186344264
88.51697510569643,63.75928920006018
87.79511771069608,66.52099444942074
88.04352248485613,67.49813392193599
89.62969682142149,65.30988883122403
89.43122920543502,63.53745145705826
90.16662752129568,65.01013487520426
90.05742799689388,63.63596568063276
89.04810442039489,63.32650679214768
87.52066859078425,63.136002066285634
88.92984345970042,64.43912737230174
86.10003870965681,64.42222864016283
85.88978777168462,63.51521738956218
84.00500885529183,65.3995893592375
82.15970137252849,66.38476990842999
85.55474124382417,64.74659934189442
85.3856723799577,66.02082878207416
85.37556736062692,66.71487605198429
87.3772272200809,62.980707945936985
88.79327933230789,63.44728429244859
89.52672855134878,63.41481371182733
90.48125335077013,63.17575313025255
89.33987143913922,61.83452889637183
88.46982443085847,62.67019231136794
86.10622411900904,61.21385824516804
86.367525689908,62.625632658765234
85.0419029469684,63.307912876847105
84.44452691640215,64.62639200325776
85.72467898901799,63.307999265306286
86.2627685066571,61.32984414728771
86.73578751911846,61.51778183670018
85.3095176991846,63.38108668599308
83.43078156673312,63.536300695561785
81.86481789331151,64.72629275921405
82.3112193386088,64.71373996503576
83.19420494981092,65.00435781641491
82.86520177891583,64.59184336173895
83.46473753077117,66.07620396242474
81.68101608069068,65.74109985821225
79.96392177744804,63.55712079457655
77.59214613423026,62.25779214728829
77.45619020411954,62.61227056002403
77.94585063472071,62.97202751614118
78.29448601643686,63.08152698786496
82.73869166042668,63.333431908831166
81.58502931786391,63.91087506109289
81.02305678342692,63.27351546008961
79.71454397721887,62.782492085310494
79.03737973965458,61.77743313994104
79.6334794271198,62.4916503633577
79.77690117020803,61.55268151817425
81.0498804914031,61.692128303594984
81.01907378765257,61.17757878258664
79.00185335983782,61.09646684114981
80.16206236255029,61.47321384962954
79.42465775521804,61.52265448601209
80.83462451333496,61.93311082554416
81.16301036083163,61.63398445940774
81.61522667090746,61.26897247273333
81.95022489777237,60.256013327826935
84.60045019146042,60.74927725713159
84.86304160044193,60.66678853277383
87.45931416343456,61.17600449070945
87.95112061840102,61.726782733187704
86.63953565645353,62.30896188583132
85.97769663928287,65.62863150098337
88.57638632997859,65.4747185927709
86.44134757194043,65.74295862911958
87.63417584556525,67.12129428265143
87.574959405261,66.4419342214651
87.56505531862167,66.66402463057146
87.50676852483151,67.34682688021053
87.50262120791069,68.22537107755474
89.31221126749918,68.6211790000465
90.63655766232954,68.20718811836977
91.53240335894431,69.48971643697553
90.68580631928516,69.0426740039969
91.5655638896402,70.8596512564371
91.51315671184005,70.15810172790171
92.73640329281616,70.53407118710574
94.84708221554999,69.0245773906948
94.0876948690685,66.7499850310546
94.0410433018866,66.81096427204508
94.12033962497839,67.32849481479582
93.38030633080498,70.08494714050563
96.1087847972847,70.67158787119571
95.08440190070613,69.86719700767122
95.98416523066219,69.50565866232616
98.28215504843061,69.30475929485425
97.4679479600994,69.83000302505872
96.97284442238933,69.70755169465582
94.65048520512596,69.93064692531081
94.08241874859364,70.25524332758687
92.30164322214448,69.64544702427398
93.77750568264017,68.6988314048616
91.0535127930952,67.32501725371871
92.65994753047002,69.58514710024889
91.31566517360837,67.70607113207467
91.48869794812161,68.12338665151017
91.37102802094697,67.40180416688268
89.53833229638172,65.89569410074706
87.63047479567805,68.05729194291364
86.9951890342409,65.71805220870138
87.2270209137519,68.00006747479341
86.62385975771507,69.43719731746633
85.64244227029931,67.98963240749177
83.71527161570359,66.57099998693066
83.7915993296451,65.54663850539913
81.76190274678824,66.91249156481982
82.16901083575429,66.20509867631489
83.58172001887897,66.1700743869223
83.98068412230815,66.52820460254054
80.63058206235448,65.52574867159404
80.99489664133421,62.831667418682194
80.71368420241365,63.53914065678585
81.21765208196439,64.76202974199151
81.23968962265045,63.083217697198556
80.07986031731602,63.54485861811901
81.99538713021016,64.22557348364029
82.57981834338236,65.09582369825468
85.27376060556095,63.594750200856716
81.61260501507171,64.31784540133107
79.4621994744513,63.76669731711651
77.35236939936821,64.75744339208686
79.13316160172371,63.77243375045072
78.79623130626267,64.28194290354608
80.16277200822407,67.11946624494252
79.46064936455645,66.80104943432235
78.09223636927732,67.40980345408391
75.97420895847716,67.537013018851
75.789381534155,69.88728475172907
72.42234740901128,67.92313930863406
72.62129340787763,67.67627151702648
74.14761364253411,67.7994866344931
75.20692805865855,67.70727406245453
77.20473878744109,70.89600395136303
74.58346810253245,69.41768312481885
77.16036005619608,70.57420169104421
77.93127461009418,71.95093264816207
78.04148069957944,72.19447270676307
78.03207044174196,72.40071983598118
76.75371584581481,72.6410217121742
76.45041648545975,71.42364199526715
75.08827595080149,71.97946070062359
77.76360912638074,71.16660040350405
80.38061745507972,70.87861823635338
80.61855251245795,71.88281399830973
81.20203016719734,70.30722482499422
81.93811356407002,70.75281606376336
80.15778184383282,71.03264000400755
81.21928638682367,71.54065640504471
80.17201173358261,72.89529639997514
81.04693469281756,74.73884027260178
82.24015783224547,73.8596664644148
83.25161156504171,75.19851842565728
80.87664158094616,75.64267936560594
82.25960850553236,74.74908934025608
81.92529385302649,74.74875979925064
81.18602216511378,75.54124409932103
80.37752477904654,77.2678103225541
79.27150633321092,76.20663083647948
77.77824848519145,75.90083694344767
77.0724963789899,74.6244583261968
77.81510627712507,77.35236939936821
79.68382079804339,77.88236953569809
80.09253289732851,78.07127014322167
81.23576650792164,77.52930919538245
81.57430484630804,77.05195559344801
84.59067777372769,74.62396756768855
84.06101159896113,74.80168180647755
82.94552865930993,73.84694775437578
79.69417212556296,74.16461217537116
78.83460988250354,74.64233550143231
77.8236006913779,74.04768127136403
79.03495629629732,74.90495066101772
78.80803898646273,73.84021304642704
79.14257907031879,74.63520075394229
78.17293364833596,75.55078270644778
78.04630845994134,75.12572501634571
77.26542982483815,76.1169029313406
74.00911931425493,75.53593599682983
75.68489162028459,74.55843514374273
76.49944841899614,74.41964230669471
76.41783855700922,77.72630637088038
77.09432954538717,77.45619020411954
74.69402626845026,76.77502449143587
76.08951582641114,77.83096176506056
75.0036464673905,76.72846323522484
74.8431656597364,76.97641455497465
74.45802220453871,76.3851366126411
75.28061937021315,77.84339628305688
73.75238791148124,77.66988922681603
74.04768127136403,80.57458418706234
73.55974377289552,81.44323668141102
73.42136119105089,83.42916465703894
71.97946070062359,83.60681196983028
73.84694775437578,84.29778516283372
75.4779589234917,85.27376060556095
73.98201227558768,86.23435161994863
75.53203322469075,84.73146441013408
74.73755497846368,84.68177412454331
74.64233550143231,85.59453195664169
75.70322049692392,83.64741200642503
75.28316133480945,84.22443738989125
76.35974603609613,84.56010915089924
74.67037588954152,82.17456903725017
74.90495066101772,83.28962902420304
72.62008670621589,82.80664297782057
72.6178771083242,84.08088892245236
75.3145525491035,85.11205599002211
75.04659575783015,83.95618953412671
71.54808732014492,84.24348672182334
69.39568104271633,83.45861279065107
67.49813392193599,83.22888143257086
69.15806605579554,83.39606308972412
70.96539057035925,84.85356016281222
70.80961063352777,84.18470772554038
69.97387652413884,86.95216539974595
72.02019872035831,87.26976361565652
75.00501036876842,87.20875791852025
75.64267936560594,85.93082127362693
77.10444931825336,86.14145227936002
77.74753034271308,86.00237350988431
77.9102236624305,84.91642583886618
77.99994645684579,84.59548462302949
77.92393673498866,83.84952470320098
78.81933585217617,83.56041334008926
78.80578930596333,83.08323387894238
78.57232089933976,83.46559944630856
77.05195559344801,79.84424312013155
80.56520657614656,80.16277200822407
82.41512668499233,81.95308956681974
81.95308956681974,83.22974556533379
82.40867019166869,83.60479661710121
82.31707615165976,81.76190274678824
83.53866607938716,81.23816331850075
83.70588936394073,81.08034270279335
84.17686688241518,80.50583210426463
83.31182650215219,80.87664158094616
81.84883590721388,79.0378236008422
80.57458418706234,78.70396238041012
79.00084291293716,80.2311256390855
77.08622104753776,80.15187936578475
77.64531516238787,81.21765208196439
75.15256276291564,80.7493804858432
75.92176456185075,79.51443404788425
75.79308321300915,82.3620223478419
75.64050265441364,82.33205803870223
73.18199542589917,83.8873743207039
73.15305650168011,85.22486357194423
72.98265153455543,85.90093692231859
73.18132946110008,85.19342253645016
69.28613277667343,84.52408923676636
68.0860347219815,84.44878606317494
70.64538157941256,88.14800738483584
69.26841197571302,89.25966496937083
69.35270715623464,89.21372974012817
69.62978644156136,88.71477392047329
69.06634992554083,87.574959405261
69.01172158698294,88.16553350923691
70.8596512564371,89.96400606155707
70.76954472027445,88.08836633141115
73.38779898461254,89.05658299244715
73.83106489161455,87.16344464010164
75.50115681103367,86.26895956330738
77.32877665373391,87.72548697102167
78.00830267652861,87.81766946433684
79.23460347114535,88.04352248485613
78.5583833841533,88.48296245642263
78.45549281938757,87.63417584556525
78.82140475028108,87.01372344073876
78.49578000873166,84.59067777372769
80.04530149163124,83.64646746939066
79.92947363530084,83.66275237208666
81.3284447234691,82.15829696994808
80.55731678971065,82.72682907184767
79.9189924059932,83.03096336378815
80.37076830645483,82.59735155077644
80.32571719799569,83.7500493971921
81.30541748823725,83.16842914788454
79.89408049102764,80.49231391978549
76.32243080655827,81.42429547795648
78.16616568319014,82.02853703930457
78.38060052924644,81.20203016719734
76.83961035258092,81.94855039292437
74.33502994315171,80.421669782446
76.42170073141618,82.518091030717
77.54652607395477,82.32540883547982
77.21815290391271,83.07442056379243
78.85532784488792,82.68613373908416
80.38310876629495,81.97392719576345
77.29503909881964,83.62258891350363
77.9247028425592,84.87350086744716
77.486183654064,85.55474124382417
76.8648193236662,84.21235449991366
76.10213260005699,82.49990068645926
78.3945991792903,82.54150415735907
76.98958185080495,80.37752477904654
77.18769176805299,81.88275813695165
77.83096176506056,80.14099949006238
76.36194174809658,78.63454004004402
75.21726005570277,78.80803898646273
75.90083694344767,80.55973456829108
76.73441849055838,78.09223636927732
75.97218295736663,79.03833681146529
72.83381255347757,77.50392518217521
73.78180944976091,79.3466333995584
75.0909063570521,80.23178502728642
74.6244583261968,80.60531663081478
74.04713149302296,79.56606567794196
74.23121066142969,81.84493969409384
74.12542636958369,82.97161529200311
73.39903382064145,81.62119796824093
70.91273221331974,81.08591683929271
70.08168985874738,80.93104031248198
71.78822174783852,82.73553091802589
70.89600395136303,82.33701833355444
70.1288596481668,82.13753502918073
69.56641175106519,82.82922515201578
69.49037231106564,81.93811356407002
70.72629585947652,80.91745412046389
71.73798306288148,82.75541325084203
71.58022792735078,83.15475258901667
72.75805654853126,84.41134708216968
71.67254284709675,84.43460870170429
72.12794778239116,83.25431493660362
72.57420182571356,79.97170865364453
76.06988363258701,79.85264960437652
76.70537724540512,80.4043868715559
75.80426236988905,81.72592920531494
76.51977671768593,84.04294617249933
75.92147975082841,84.20046269685167
78.90111087593786,86.10316689677458
78.5378469522052,84.88970081185066
77.52930919538245,86.46372114275755
78.79901727994368,87.80472311500802
77.7757488296669,87.2045747890043
76.2138434421663,86.57318709163518
76.5336625141985,87.65425036906312
78.63454004004402,87.26464457474798
78.44928956889484,88.88783621859098
79.03802621570762,89.29743629360843
80.40201154670548,89.86671528820125
81.5758983143756,89.24912775748658
82.77127388432889,88.50861361478007
81.97392719576345,89.03345695871965
84.39986680411816,88.54684142400077
85.62456314163958,90.70426052475688
84.04319043768578,91.04262618878073
84.03569715515593,91.0434358170406
85.6764991911398,91.72430755147045
86.74007620007974,91.16498702340718
85.92907454696137,90.18704642007592
88.73581249645858,89.97873944404341
86.15076468719876,91.01609062768702
88.79176643796333,90.68338247664528
88.2584165846102,91.19886545610154
87.5634174114672,91.13908851400069
87.88860544626608,91.49774056628232
87.78781944513194,91.56314971943189
89.36037749622498,90.81263184539235
88.49665882161942,91.14394033992549
87.0929817783434,92.12049416749996
84.325099502378,92.21518733922757
84.75797970371652,92.10971853156259
84.30865306589264,92.12611513501787
82.02853703930457,91.2052992931875
80.34460944694897,92.1799783801572
79.60791453846944,92.92000014468375
78.45054031523698,93.49543317624236
78.9459806774757,93.49136386052264
79.63880917359272,93.77142611937293
79.42010092193038,93.12928367174258
80.12938529437824,92.64621712371991
79.36257892097709,91.1960632203093
80.65995151142134,91.93917322772391
80.47049238778108,91.70701968212981
80.17125303707628,92.23360906811138
80.99007623349071,92.16119966247058
80.9305815464027,92.50790979292832
79.90393349278409,91.09965840071621
80.14099949006238,91.90115592757151
78.98870729373624,91.37102802094697
80.8085468561725,90.95757237112792
79.1193992939422,90.95467232243523
80.15128905487339,90.42598652357532
80.24842501014801,90.6497193296395
78.76002014090557,90.91711837972886
77.76641221183465,90.9317466101153
78.53305297171185,89.9676068516693
76.78493950653686,90.56359929131467
78.0532163619126,91.01330520553954
78.55586235483682,91.55217220067209
77.75958997130736,90.17334015525185
76.74011721165118,90.35596395384604
74.57657277649854,90.64537259929081
73.23048934464379,90.94981272274411
73.1781075849856,90.9311541473678
73.63378961246681,91.1382548727473
73.40447134509346,91.56087751558373
73.14897810567072,91.7844013952778
71.49097061866354,91.2435208497581
73.08561589569662,92.69244109435276
70.7737810349046,93.17692738615811
72.32831662831217,94.40553104842901
73.14102824871405,95.21192261140757
73.70091297901806,95.63742729832987
72.1040957225809,96.69947633857721
70.97666796513693,97.43628171565736
69.88985258809237,97.8933027364074
71.04706700114718,100.72186647951752
71.38903894693996,99.23507896282368
70.20354803246646,99.17634074659887
69.28707620809287,99.36641655344023
70.0355235205484,101.0103396807504
70.1278273071957,99.74366191693264
69.62376862208612,102.03165493641264
69.58500939527347,101.09135941449382
72.37644274041195,99.5747230111332
75.39341597049668,99.95709702200217
75.86462236201375,100.98873106412032
75.26409128972668,101.84948100353988
74.63520075394229,98.00957753946702
74.20456370844086,98.6173950648675
73.29162515641616,102.26490371621593
73.68716442405194,102.91595769702903
74.5793964232744,106.48251152011207
73.78873573485215,107.80371316425835
73.75304904839825,108.82234853368247
74.62396756768855,106.14691501486597
73.8596664644148,108.64812151385412
74.11153420847151,108.834075561863
73.57500145374746,109.11410957430287
72.92717059466212,108.33240649004594
69.58514710024889,107.02837304717379
68.45767915520203,110.55417494085366
65.68047007252805,111.17602830522095
65.78530489610549,111.16145475630275
64.69494412246787,111.46204168880818
64.94587904150742,109.50187392957874
65.42649658853931,108.96155136428199
66.8831038927623,108.23107684230963
66.91249156481982,108.77056529440489
67.56978450187363,109.85835895148222
66.65588371441491,110.21792783913409
66.77584740732004,109.20094143472075
67.35698339383464,109.5270319841389
69.33074198084599,109.57567419047105
69.15105206779783,111.76484361595719
65.79583795376506,115.01742574899106
67.12460755467373,116.84846217111968
68.20718811836977,115.21951732321486
67.11266544845311,114.1213701964212
69.1756366143358,116.92912500001219
67.8929143647643,117.15105103389381
69.42382622618659,118.43426137565923
69.24029488997566,118.48620314724666
67.06757617880149,117.93725327006906
66.82168011792048,118.5067404106207
67.28478662510751,118.40379807905585
67.1104642587666,117.92408300415829
69.35337806521198,116.38367228038575
72.85789109518653,116.78827008207557
72.57259998249936,117.80404617306384
73.26291420693641,118.70466171889751
77.3977221207993,116.76728135166564
80.33743676129424,118.00428836969924
79.51354272430282,118.93291890971915
77.51449622255683,120.11596159603309
78.76411262117679,121.29269492761904
77.75017232924208,121.76808650536435
78.31584295960519,123.81367112735519
77.83066900134808,124.01412359025221
77.1231755555422,125.25791352120488
78.44711926502266,125.70560046068844
79.38660266414082,126.4331722664701
77.97896771528517,125.93408824855508
79.15933037082583,124.92231602687642
78.75279064603883,124.96205334956981
80.28909154911729,123.71735953047833
83.78714451939528,124.7992015246891
83.13115905911374,123.10362820242736
85.69265880598655,123.33711217741866
86.24473207348639,123.96861510233964
86.84659041159607,123.46954307685759
86.56140919543309,121.93703212365254
84.83545046324647,120.67647347174805
85.45353550352768,122.50788550570152
87.21988256468825,122.58442007987414
85.53019276787597,121.89293293225722
86.334349371716,122.97098023097371
89.21305793022769,122.58972417867024
89.33068795496308,121.97204495828801
90.02700812858282,121.03186928913662
91.4443264600431,122.35065255402321
91.2944311872405,122.55209598942542
92.10534984341548,121.49068680374448
91.03860693412209,122.98071303170171
91.7124443068578,120.84798939748788
92.28079470406976,121.1842133809342
90.28175445515882,121.55466952465936
87.99485174652374,119.81029452317833
86.77659832079343,119.4631373330098
87.44389067793762,119.78906285651394
87.19073325187766,119.18281336763673
87.8329585108455,120.02876169319727
87.73531866039005,119.65883186262893
87.87291715883445,119.75967603378547
87.48211416122734,117.28940209957685
86.33147495145592,118.67556248902679
88.4063721409896,120.11230098780625
88.48238426993107,117.66299047761953
86.67252180597768,117.17700728294464
88.07805287304355,118.53799433276228
87.93967673039336,118.07345530089296
84.47749404395066,118.2800671308611
83.45191833709173,118.52530127869555
84.13149310397215,116.240312529305
88.92800366874756,115.07468699922593
89.84103657051887,117.85627292145703
87.97700441791794,117.31550083508634
87.65425036906312,116.74911234078304
89.54682756310136,115.65431841794874
88.41781465890743,114.76130411511045
89.62674887874903,115.03895831247792
88.50861361478007,116.39586363307237
89.16105681137327,114.25470878570621
91.97950547263017,113.67646720793431
94.61193250896739,113.93128111554647
91.83451822050309,113.64986897536915
89.97984566904641,112.39383139986948
90.09422563907472,110.48750449159313
91.07529924576241,111.56565088603593
89.59245030687919,112.70886353942375
90.92234310971727,111.20357772701024
90.99274334404272,111.3414719034451
90.10430859652608,110.29346814989339
90.11110909779707,111.62689993415671
89.88404370784794,112.02990311513263
89.96137010168599,110.90482396905593
90.25128584185077,113.00649812395767
91.79271191012772,113.26011878682621
90.91711837972886,116.5555937521079
90.38494680197853,115.45581208690632
92.04548624053294,116.54382641393376
90.83597056013727,117.71244133192025
89.92980534303459,114.55078641162474
87.69076876865236,114.86842664602676
89.94291131750751,113.7049090228846
91.13914065200203,112.10648626935013
92.89678039360697,114.30108169605676
93.26738792549303,113.52616995656122
95.47430443177593,113.18547279508357
95.5820393027068,114.84312202590111
95.5420688303526,113.82084694530951
95.84954788772423,112.11384068049759
95.33425882797857,113.02309248411316
96.76647662452767,113.40159770044382
96.57303303969076,113.85166677494811
95.69039316002792,115.00456467783707
94.88428406434873,115.12462345636911
93.59005569451976,118.15009788613992
94.04326379978342,119.4580606747686
93.7783654803186,118.6977146287029
95.783496282121,119.01063924655809
96.828625174621,119.40676758897634
98.94470120012818,118.57317056530206
101.56673498312126,118.57273762216597
101.01129339055825,116.9962590447817
102.03165493641264,116.69177598367403
103.90399957766611,117.36667216010248
104.07080750561593,116.98576975967082
100.60936040506698,116.36349035518634
101.48629198705747,116.93572309052485
99.7140859508291,114.57088194518938
100.57772671723976,114.15244042984982
99.01250763022783,115.36675834094595
100.00588200229404,113.75493376014373
99.49442711428784,112.47171506857175
99.11947597250567,112.5562035221891
97.06133484628062,112.53149699458415
95.90097818950105,112.10966347875444
92.88271714703491,109.28880194818797
90.9311541473678,110.22919341805196
90.38432099203932,109.98461177862828
89.97873944404341,110.45691954940965
92.13357520427249,110.72297468018016
91.56314971943189,110.62720170009524
93.7466427540089,108.39626142665252
92.80997919035133,107.81325916834962
94.47069069897347,106.06403132529884
93.87083850742567,108.94667373783071
93.17692738615811,109.72733899704873
91.94250704059641,111.33689853396959
90.44553342065817,112.23003133165031
89.92668336343098,112.34024075365694
87.98348561129826,110.89374302717054
87.68018157603089,106.72728132226446
88.48788063424652,108.58112242371668
89.89103502468808,105.7377488728691
89.89394504502556,103.90588511365345
90.31683951656481,102.09725071396167
91.0540642480363,100.96243585546935
90.33373791946337,102.60124083454625
89.99484880848584,99.18386488340131
90.28736246922163,98.0162870068093
89.09787737960957,97.11061338207156
87.45815105844275,96.43201150973918
87.78422044472202,95.82931356091073
88.27895845440665,95.25423786572972
89.04241142564152,95.21898511889772
89.0776663138538,96.76647662452767
88.17562272595491,96.74821411519244
87.35492674057046,96.3478574104839
86.61564548338019,95.63383276927155
88.06845472122656,96.6139304453899
91.16688591159459,96.76177569501378
92.59374335190181,98.33795003623892
92.10971853156259,102.70217064167697
91.49774056628232,101.77509743064851
91.55217220067209,102.98724579689475
92.21518733922757,106.63521785687497
91.74271394583847,104.27857595263124
91.71932888826983,107.7022591249124
91.20155339035345,107.8985990575415
93.2639646405041,111.04811166004717
96.24291800245845,111.37394737210595
94.40553104842901,111.99830463438497
92.99231471574309,114.00041629949226
95.87675478308842,115.39770042301421
96.74381629220723,113.70800263567152
98.69424977947361,112.91177846254256
99.25818516476515,113.52193274540689
99.69805176398043,116.13624572815512
99.97505800995765,116.92847003765124
100.37000894779541,115.78079294850154
102.70217064167697,116.97951872763494
102.72270302890838,119.95428065211084
102.60474940209018,121.00268188621214
104.48402385892224,121.06890333330617
104.03356609453796,122.22241251421434
105.20870329330442,122.12411984808212
104.61001057738915,121.99141254450825
101.13498697116604,122.72543475581942
104.27857595263124,123.39107812350875
103.83377034629821,122.97848974113691
102.00649737731662,123.44670855136711
101.33592142748354,123.65500548454857
100.81671851813188,123.7346221554124
100.24596548846675,124.1502492208289
103.48954137434511,124.09057114818084
104.42046029947775,126.41625715250842
105.44070968229303,126.65722371978363
104.24453041587276,127.86325962233194
103.07632299243929,127.14295540327669
102.95459911783985,127.92105185590155
104.92649282953755,131.63386626040673
105.71716813179222,132.38567458015334
106.46165721767028,132.80554306267152
106.61374013067788,132.57243341063773
107.06313865344725,131.6421691211462
105.86285510109643,132.8288523224992
103.33367918278378,133.0364476774072
102.60124083454625,133.01226602231625
103.1603094687225,133.08800410455365
101.13192273944964,131.88371125960245
101.91585844156702,131.7700854100729
104.01876047526991,132.45919015169494
103.29093014360187,132.69785988776977
104.6131134140924,133.12466425670297
102.07029736921848,132.13087223311203
101.20872503554303,131.44346897401846
103.1370200603403,130.81533395757683
101.48330318765359,130.241515073108
100.96243585546935,130.99693411698956
100.72253263312106,130.4368315783682
100.9312309729106,130.61022867340802
100.22969781493859,129.48646824835203
102.64647504229876,126.90844809385915
99.2541322744844,126.9911207264003
97.69204369258254,128.79899034475312
98.56348276027747,130.2571592288169
96.32074516644512,130.1692910497602
95.50120500354927,127.71192298498434
96.51736140344151,126.71831345563827
97.02514667915835,126.79173479043173
97.09413513342018,125.53647859211827
97.73391615140737,127.71182434107322
98.32223281554683,127.54962976115362
95.42505563141843,127.94319494685972
97.84782755193777,129.4584291110383
95.79925893239643,129.6226239581009
95.76299788634293,130.9080110231599
95.82926804884382,130.12189876271546
99.05067893807835,127.75631030427989
98.4204817230808,128.41088547237766
97.51253502525269,129.09020841069943
97.88474740279963,127.649878789104
97.57680060327061,128.3260222680935
96.05129425333118,128.73920203345213
96.20326805823395,129.38359800136894
96.37770370224573,130.6810243138056
98.04196323563578,131.50831389425488
97.14227242730391,133.37845386191972
97.89188817371613,133.84805015664304
95.91782693024606,133.95551539067606
95.33815347842545,134.11554750644035
95.74383297214257,134.20842063760523
96.77140999542394,133.33738801499157
96.31938512045905,134.45717733204177
95.72774889701562,134.62585878272836
96.6900893730434,135.203740067102
96.8211731567461,134.8044469662006
93.51826696025208,136.587212282586
90.17164277152584,136.33942216004712
89.9676068516693,135.4827362388065
90.56359929131467,136.6482576272841
91.0151513482,135.18059924027048
90.89449496673578,135.3491214602734
92.57952352248621,135.23709531165335
95.61987813380917,134.8141266659158
96.59631205213154,133.53195319383843
95.39888182630159,133.0019496849977
96.25983295599532,133.11893434344174
94.76285376797331,133.6041551503435
96.51802049156716,135.48752350510554
96.18081164334471,134.08158786896502
94.33179036375411,133.14563642641102
92.52052937105672,134.18671903077183
91.7167061002549,134.86281270379013
92.39379320767401,135.73910667863888
94.79187449749985,136.71893747090735
95.02573901184513,135.61366017662903
94.60479588970273,136.67825348283642
92.26553203202535,138.7481859558252
93.568702145114,138.35893759589823
91.1645480720176,137.9930165927765
90.59238757988105,137.22614923847166
90.91510724210816,138.25093898154321
90.72645288770448,137.00903495820376
91.72885614208988,137.05468812025626
93.55780020290167,135.83399638451033
96.33344655989423,137.08887109579913
95.84303328580224,137.0798472113713
97.95645494617428,137.26626701052422
97.13764322953648,137.02756653686046
96.60268545232424,138.87400056091354
96.08891690475403,138.64846846349394
94.95795513807427,138.003921321115
94.34999524175055,138.51098070953037
92.99038346296533,138.41993207143273
92.08268345548696,139.21569779773498
93.52834024859507,139.31027916801372
91.00404795678321,138.73551068160924
90.19780555563786,138.9459303535981
90.19588228703718,138.10635071506016
90.11068927965155,137.71044195853275
90.00241023875888,139.58263825019083
89.49425518886714,139.76373667567296
86.65372224120324,140.23835928520504
86.45300654867556,141.77107721620374
86.76701149655715,140.75286410943892
87.62997172441118,141.07860071719682
89.67627198200589,140.23270322924185
88.37338703814515,138.52806695484563
88.08259447260197,139.1160785695344
89.29743629360843,140.56688226349837
88.83881776536343,141.25088641252236
90.9030767549967,141.05530276885477
90.36029496513929,138.99547194630412
91.31704876982162,138.6037717293747
90.31260133537212,138.58128872457308
92.23419624020397,139.4289378859086
92.83018052815997,140.13238797810325
90.68338247664528,141.11080920929683
91.90542078298832,143.07967610690426
91.19980290380995,142.78011948049726
90.5964747950484,142.06928561927245
90.87648594570112,142.32837704823302
89.65158027927994,143.03286236688126
90.63927089616445,143.24454189573828
91.38059567288227,143.91588182474243
90.58668350703161,144.30502064669184
91.58707711736118,144.5147079395489
91.49892499001473,143.32705368830128
89.50744322503056,143.13382685543255
91.09965840071621,142.03635159000655
90.95467232243523,139.772302372428
91.93917322772391,140.47024038885075
90.70426052475688,139.73380737375166
89.58376830356151,139.34472684697363
90.02411264787499,139.4411156936196
90.27335218009434,138.5586389349704
90.3034068320833,137.38125766252546
88.59808008099152,136.98329885384769
88.50003031310267,136.58154923659328
89.5704708661398,136.4027396843367
89.49965876503781,136.26994038251803
90.35596395384604,137.08242228234283
89.83001852197668,137.140248161867
88.66896920549692,137.95214117747292
88.087220556414,136.400387342877
85.90370019329659,136.25413295718494
85.97468885550498,136.85289539401495
86.60575940482364,136.21676049548566
87.07099169276859,135.46221259279193
87.61176130638039,135.09919176660767
88.49512479436518,135.0858520822011
88.40010199221274,135.39971715240785
91.54881501033545,135.4685927496854
91.19886545610154,135.10306926207076
91.69822276018546,134.50716980735388
90.99663069965028,133.32511934477347
91.61671925480266,134.76825652104645
91.83775436969155,135.75186002584118
92.36408724946645,135.31259357239006
92.85338167410985,135.35852666570008
90.58936874902545,135.22056331120362
94.11850789343299,135.21119698582376
93.451332235057,135.5415026649208
93.4223033178208,136.5750210088083
93.86458110268579,136.1311957303562
94.06582868792579,135.95178014894242
94.05772824812725,136.61576728745362
92.3136096596875,136.12688704423869
93.40359066005448,136.5851971863533
93.44831852820785,138.12534527122344
94.50305911910449,138.16013153670184
94.03939181402181,139.31143967434653
94.83136463478014,138.13620393076627
93.13849362714426,139.24364287655288
94.64017388107867,140.2723816375815
94.4322957808039,139.08653353287121
95.84500119657403,138.26284783419976
95.6818646689069,138.1232140542515
97.26128740420612,139.1283588364094
97.15095261448737,138.975492442534
96.93848778391889,138.67501425613847
96.69464793339637,139.12402709614517
95.54677778800529,140.32068553726631
93.80478591894544,139.69802257540152
96.28314724922616,140.82933139153025
96.65177195093801,142.33285804652525
99.44802175662866,145.56109660739088
99.5023023620584,145.5643631458189
97.74060360999586,145.79093093554468
99.70848979760297,147.63490696017732
99.21186767716662,147.29709267761572
99.6988358104027,148.52579754121447
97.90221166582806,148.16662924465356
97.71802854563093,149.59931922088387
95.27163948178998,149.21400646430143
95.38150644237619,149.8298369250528
98.26154487908045,150.07201932955584
101.14112314418098,151.58491127636333
103.74438512070849,152.3624047265704
102.8611281391911,154.48254014196297
103.70552467251888,153.9494427828026
102.78675126505443,153.31496355208745
104.13287334635422,152.50280115708688
102.05412555990674,153.33481672098603
102.15948155841971,153.11007463392747
100.27116256817376,155.13342411161906
99.22803780374275,156.4724193353584
100.21858984934029,156.5422475919451
100.11584284615152,157.23709146552022
96.30865979628584,156.0778087273209
91.87837401261123,155.49106463371183
92.44627389704418,156.17919847067992
93.57451071447524,156.90073191697732
92.43170871682503,156.0834085297204
90.68545783444836,155.23534056298269
91.83414852999586,154.5905115731711
91.2709736416716,155.31590922518345
92.92000014468375,155.92419648463195
92.50743210743849,154.81579907275736
93.00267473395962,153.61176095466726
92.37935281178973,153.96103589413667
92.11150493617642,154.31803387125973
91.31105543830978,155.44293303375406
90.78983201875697,156.885443451247
93.158204629387,155.84727678252455
94.2760496007947,156.1874259881252
94.81103028460997,156.01461202526184
93.7957076759713,157.00712539974847
96.1109892894747,158.50876333389684
98.72437742309614,157.93013021100631
98.77037220504197,158.84124376110825
100.0139847173528,157.04350865101398
100.10315304666406,156.95587371631083
99.33857148516228,154.92020731061007
97.59709840015728,155.06040526245488
97.47659716471844,156.17078852750006
98.82574219711451,156.93099401655505
99.18386488340131,158.09573977812562
98.96016506792061,159.2843018906754
97.10645851205852,159.1058383313465
97.47087488578875,160.87832223135192
95.67111946853407,160.96164472015226
97.47423450431492,162.1308636612122
95.54813658391848,163.20324744495585
95.44290048606567,162.6956483576458
95.76938491886301,163.52716909262588
96.18070457524323,165.11616124439556
93.43022493033351,166.44674301175755
92.9449307462852,166.689365994472
93.70655001625809,166.3159979615884
91.24105068076356,166.32540237794169
91.2194029190969,171.03243944385582
89.24912775748658,172.91963175357265
88.7630283104195,174.50041247372542
89.03345695871965,173.43962419018848
87.26976361565652,172.37891150402925
88.92174255146826,169.9694328547412
90.17334015525185,165.1604521500629
90.84909909089396,165.4951928501081
90.9317466101153,164.83281486371246
92.98330383314595,164.17818528780126
94.72471472229876,163.45356505691768
93.08159681317878,162.11592479637534
92.3493458760961,160.26966943360338
93.12928367174258,160.92538162447005
93.45627331841959,159.16146437221443
95.19682135966255,160.02306935400335
96.43405926735113,160.50553560000748
96.98779206082934,162.57991000614413
96.76177569501378,163.65244870548614
95.18930749588812,164.1943146652944
91.94522235266805,163.62338415052906
92.42544775156894,162.91411181432923
91.58418611452447,161.49433700690994
92.72999673739933,161.79195893111455
90.68236442883882,160.84741981313107
92.53941909559776,160.53867163342957
91.24507468960991,160.16264539168188
90.67964741896593,159.98838829889235
90.95757237112792,160.08854460352276
88.42078884019932,160.4531444561176
89.50916720352885,162.25817525738353
88.83459936710436,162.44463693574477
85.99916052267184,163.9157431973268
86.91577380410324,163.50322984543098
87.41430074599434,162.70232668994822
88.8447944683341,162.4148523169158
88.82428702779866,163.0847785032611
88.63726179460654,164.46947571853983
88.08836633141115,165.3244479311359
87.43018629957086,166.60898893335943
89.20861348665495,165.81039969215624
87.85873770707046,168.2446267715611
88.399616099341,166.58091501687966
87.61996180651155,165.80761147027124
87.17156381421796,166.96284700213286
86.1726711804288,167.26694094597823
85.80219152173383,170.9275021082478
85.78860113970929,173.98584260668903
85.7450902902783,175.01863757702657
85.37871019354365,173.12583373788317
83.6042224320609,171.89131036237558
81.88034489472116,170.9342173432231
81.13130108685826,171.5796636968712
80.32850240274524,170.98201938343138
79.41128447245988,169.11920974328143
79.0378236008422,166.02870352378727
79.69033867754824,169.7292278001408
79.42690921322693,170.43074127850602
80.4746795184187,170.73446433403032
80.83356078221969,172.8240225225922
80.56122040652485,170.34802952248367
78.88326408014646,170.48941184444584
80.49231391978549,173.64598692471031
82.17164411148326,175.15758548559927
81.48482843278583,173.46987094215197
82.59014900070862,173.73378314267316
85.96757801584118,174.1588243698255
84.85530386239076,175.29619298331238
85.58960087506979,175.5020604316584
84.68065680857534,176.12434059702744
86.32070367999748,175.01447597157465
84.66095746292542,174.21897177673753
85.51426430456593,175.87009728413597
83.79315080136362,177.48120614548685
83.43475182070136,178.59130112963615
85.21503301960271,176.8813831193021
85.64368172838829,176.5942608592835
84.25556695555224,175.5584503170301
84.12236738345126,173.9434001794854
84.12980926423263,173.88814675837602
84.18470772554038,173.72078844529193
83.4145316851983,172.8745255396843
83.52790208438279,173.6673525731066
83.22974556533379,174.65033920483305
82.83385890468294,173.98350002529975
82.06967449503469,174.28222699346895
79.61980944291408,175.1101163451406
80.50583210426463,176.70671365357035
80.5921808473846,177.401588356891
81.18568993120286,178.2855989577795
83.17447048546552,177.31905982801018
84.19986246223127,174.7978532373
84.10763606680308,173.35462779320514
84.43460870170429,172.5157207787006
84.58587603919827,172.23703278382953
83.25431493660362,174.69747396668942
83.39606308972412,174.91136674323434
79.9673549528924,176.2153659705933
77.88216049631882,177.44044038758645
76.9033638132269,176.36841853055006
77.31112378991175,174.48537785266166
76.2202775611891,174.5419796896999
78.64012473857179,174.28431328328105
78.10552686693251,174.43415646722883
79.03957709669531,174.21759871202826
78.93550582546177,172.88572109350727
77.50817223483597,173.47207008211518
75.52458253281921,173.44543127710406
76.1665256469626,173.2963492844736
74.23743508780657,175.89169190975676
73.92349352857292,175.52029397644847
76.26070622467923,176.2548675184512
77.23603197781397,176.4374980607915
77.24091772730726,177.2248765014395
78.0505172004312,176.93580063217667
76.77502449143587,176.58162913024404
77.16313125271944,175.11128421229594
79.2827429340553,175.54611870615085
78.60066226569663,175.73732951619343
78.04350646215318,175.11654795210302
73.68461987421766,173.2956932999133
73.43759381103392,171.82098448959312
73.76592411873338,170.85086547178324
72.37557147426642,169.42667251784778
71.48908966147631,169.31932865520372
72.28511617726419,169.69448709634491
73.04745661156814,170.46759300405964
73.25004630600047,172.2013046800779
70.2598172797422,170.98161450019296
70.60790820169218,172.58456681211098
68.84559563186167,174.68992084456337
67.80644046753743,177.16245923762537
69.70088298541015,176.414243089211
68.45684701683112,177.72383963518388
68.40663875623187,176.32086449169788
67.46384031738341,177.22827046243503
68.67056033133102,177.04086517327573
68.00576098306625,177.1023219296893
66.34337776744998,179.1711269288437
62.55148829231139,177.5130949851185
63.06694818765933,179.29032704155395
65.63213992548367,181.1580851403253
64.54779213655429,182.42203807713412
65.99836267275664,180.43044785815698
63.38219329028603,180.05833127347614
64.55341399041524,180.1938004322302
65.26781755051412,183.86574606767425
65.43772542285322,182.27231659693558
65.71805220870138,188.3756235501698
65.74295862911958,184.32868863448823
65.81735410767325,181.46800960245474
64.71373996503576,181.52923738765986
63.38108668599308,182.93262012916017
61.67265763617995,182.65752176406536
62.96384012057041,183.02226106999493
62.669629365987376,182.9331067880058
63.63596568063276,185.91951914538015
62.598236576226434,181.41444668381797
62.712676613528906,179.62781759822926
64.02432636143014,179.34980869755793
64.03727377614382,180.82887106237558
62.8217844984462,180.8543725522013
63.26204630394034,179.4415031347539
64.8783771876345,181.11184803168038
64.05638649350568,179.08267967797704
62.57767399039495,179.2068585370205
63.307912876847105,177.94592212441844
64.93238019478397,177.2131460004671
64.72773331707641,175.78051353970287
65.35677564453191,176.70395259702673
65.7859143018298,176.54198026289444
66.09199006033566,175.7847993782994
67.05527757135356,174.09636888700936
66.69162912344021,173.17714879072355
65.86421734383221,171.3883290864879
63.17686126716446,172.53553052577607
60.995630953994706,172.42099203622533
59.2961479719779,170.67588109916102
59.49746691860648,169.8688030268392
58.38032677064041,164.93004033797888
57.26980285893127,165.50112192282455
55.09798319461431,164.97999250804048
52.56073967316558,166.8830583446257
53.47563586869023,166.79205388847373
51.497642886830356,167.59649189980306
50.58541950214402,168.6849885796327
47.80897394420588,166.29184833193634
47.55903758980966,167.32742862084572
47.25649812380778,165.62646705978582
48.02336162264753,164.87188606894256
43.58518370594992,163.4896918941144
42.11406261921887,164.41863725572765
41.83287659876461,162.910693462975
39.031590612303575,165.11578848751762
41.224708848353416,165.10111763596427
41.45730182964701,169.35461585611506
39.5595969653572,171.044500345784
40.70724845063097,172.56349906544546
42.39652540433523,171.8439593528517
43.5244297581078,172.93383646366206
42.200593302910946,171.26518151929534
41.73695707154405,165.5433090570784
39.93484967136015,165.48620576025994
38.55183168588337,165.0556691731735
40.60709034495359,164.20851759242717
40.04513194738848,169.51417299414084
37.79033690052721,170.38277968453397
39.67326398036772,169.30346523564043
36.38874748920659,170.97588204019718
35.11525371223293,170.42194919576292
34.80815865425158,170.11198280194262
33.635694480548665,170.44791413530513
34.49819894370731,170.15726183522344
33.04156327115551,170.65614190449804
30.841652730719293,171.31332168279982
30.535718403514977,171.65704494600124
29.281592892207325,172.33113512957934
27.672428932518855,172.32525026615704
28.304627510383913,172.28390870055108
30.915502123407485,172.72377302005722
30.689563616997454,171.21812045840232
29.228511100956723,171.62354745300235
29.83309786219628,171.14639507521719
27.5908630006053,171.5987308294931
29.21673609327512,171.65088005224504
30.95020622820335,172.04515272102972
30.15120805573473,174.41592181537837
30.868443670201682,173.95392909308083
30.997321832710373,171.1632796322886
32.46597356377119,170.97344236631344
30.191657894725832,171.31968927510138
30.5384714839447,170.3023722203347
30.811124567532374,170.18929932060098
30.127329348137398,166.9083860067678
32.0106077746472,163.84069405655072
34.57764735063836,163.95748018380732
34.20095156379368,164.72761269424194
32.865867840541966,166.7508605746543
31.85874517904979,165.43222983040886
30.73454113224026,166.1241578836654
28.74862461037456,164.55688602175724
26.353269493778193,164.36022098487047
26.289956982677268,164.88722189819347
27.69741381299225,165.01286106796593
25.810988755934915,165.48626244300655
21.831045178225615,166.59587198004414
23.088720284732325,165.54780343129963
21.117404682858602,165.86921775644933
21.937642628836414,165.26785987006087
21.404965702553646,165.47232023832987
21.922394506597545,169.926538647005
20.260895232527186,171.87962143077425
20.54396851794856,171.254185904174
21.18723483158428,170.79929147623173
21.0287557544171,171.75767869782783
20.134329476754854,173.93043228670408
19.27478170773217,173.2801117345041
21.172100155744438,174.46551712728927
21.38840724419614,173.93960269476952
23.11537645180443,173.27032105185836
22.4728961115663,173.1132055014841
23.45158977747042,174.900961909759
22.418730461814604,175.66589446949067
24.05519797510486,175.80148413829195
27.355572000518222,177.08580947213267
27.289473025202454,176.23400884706174
29.874074371195295,177.0331714504776
34.266728206020815,175.57044314490318
33.04192259804782,176.09614743920483
34.73822752654356,175.82715135856517
34.20368544967549,176.55883707944108
33.738905099711516,177.87959661069212
33.973956521623535,177.3566371373399
33.81416960415593,177.45332674822882
33.530807678220036,176.65744666268077
33.08341541265811,176.70697548642406
32.123403453397145,175.98451873312433
32.445630694161565,177.19357643540553
33.826156495349096,177.1655818773263
31.172621536086098,178.06508066316871
31.82864914028515,179.70980816978584
30.98669771111105,180.47260859216505
32.39469208377769,180.08705131319428
34.12856646179165,182.19490258485556
35.72270381207194,192.04533229131798
35.065363036900244,194.80590431462386
35.70727455115756,191.83836683302724
35.16520814276858,189.84721597849204
35.07993701606325,181.63747755726888
35.07733382343985,181.48554441790372
34.028780113476444,179.5518981965064
36.33171587619352,179.86746496986768
36.11992521017982,180.00476986294368
36.854943940829884,178.5267901178469
33.680600610262644,178.37775731871318
33.594770967015165,180.43837105801396
33.674028931727875,185.36386623324307
34.873603550958244,187.30695448426894
36.6858794075719,190.46498213987468
37.76349387911959,194.3706662608162
38.55839855980303,195.6435286988459
38.942729340386386,194.65594909542574
40.75014774782243,197.62145692311512
41.01105205234811,195.91592904713374
40.55813350740556,197.08095696856788
40.908202528481304,194.12319888768738
40.97169894465752,195.00116077260458
41.8141316516262,195.3795543536625
43.04206319923184,195.9441236411672
45.51365172633536,196.65615535665498
42.85701912552582,199.80036355534813
44.42721933594068,200.3557556893427
44.592635949117,199.5522945888084
45.78168027847124,199.99775235339686
45.43363167865013,197.11026385634818
46.76638752813055,198.53665240280264
47.001985625134054,193.2688049101123
47.85378103490342,190.51153624500773
47.75480131079434,189.71986394422777
49.87019330457922,195.01720358064347
52.34205259931211,195.05705037917744
53.226926852197984,199.3813510271984
54.48666841319701,198.29621196623108
53.213960590195235,197.1919683087727
53.01699537981852,199.39584041697717
54.26520291638649,201.67956975054577
53.923958712582234,200.6374933981222
56.7321992135835,200.21833948991326
58.53578862165055,198.8629999596353
56.030522556388426,201.88444103590942
60.53833319850976,199.52170928608024
61.031099825421016,198.14600609597105
59.44057534285674,195.8778653145221
59.71185142246947,195.57811656211575
60.805570045616236,193.70212943364115
59.91178212292937,181.27854685607602
56.90798714368489,179.1408403379882
55.289405882539704,177.71786940730587
55.29736458641792,176.9835579832928
54.78112461379446,177.23605786103002
53.42305206451309,179.94826307234274
54.38651999528395,187.15135593923537
53.1608071107771,191.90678370028746
52.65284009830399,179.45802706831705
54.58803168358249,179.49491405213868
56.76721307150568,191.62058772178335
55.144488031627354,190.10499182575114
55.841629899424085,194.34313956847163
55.01032772537272,194.82911036110974
55.16357134084989,194.07421544031413
53.38133198556732,191.2441299888028
52.435369438111955,178.33752204553693
50.72441824616518,176.03204376940155
50.81736278634982,183.51938461853067
53.02365645784187,176.41049808190382
50.960389938225106,175.30466841433227
51.59701505816892,174.6071435774395
49.32976226816975,173.08258639641065
47.85268900479171,173.88467901078099
47.908931028480474,174.54153318350336
46.480303652003336,174.27746012324195
44.726532082750715,173.40449609334817
45.57452935641488,174.0996461734285
45.54149361064401,174.9778021562443
43.20548767133498,173.3887020504504
43.027386602266034,173.5901129998874
41.4893794684413,173.2793157851594
43.1418184817464,174.17420734775754
45.53901717674449,173.23197263865853
45.09900004871164,170.91294859753958
47.050094292252744,169.51731129011688
48.787005906251586,169.18269270229493
50.341888528183915,164.60625481316112
51.87929020842755,163.08167702734198
52.56685085861977,163.81404167872367
52.38271691569433,164.23800788546234
49.28174570141792,163.05393600101752
50.10377653692694,162.91087402222075
53.7798012190359,162.37671252180724
54.49690060253896,164.53549757460183
55.29407738815171,163.40730489718317
55.37790699325685,163.07754385649517
55.60339362377388,162.70042254737373
55.033294986065606,162.99935978043925
54.126103533921416,162.90011023454224
54.64210570918406,164.00300570632763
55.08794297112593,164.2555292680847
55.98109778639822,164.58973581568688
56.36526254593648,166.73625443930734
57.52011740815231,164.7956290990852
58.35139896385088,164.00372799776787
57.620695979787136,164.13445822691045
59.041558911223014,163.483578745973
58.37766123043757,168.8272980162339
59.1087554477186,165.4528374606446
60.266880235200034,161.77129967538474
61.45268243600872,161.25064807564064
61.76012450408201,160.54207051209244
61.21860245520688,158.00864385337758
62.24694196800181,157.57694019689998
63.31879907425924,158.11918586285185
63.480567214801425,157.22338357142874
61.75968792105196,159.7437277016688
63.96249273781189,159.18930990349915
65.64806641184161,157.71182741628772
65.73542939084595,158.08694466996894
66.56013014102706,156.64394474694222
66.06826140328366,156.67725912007998
67.08802345987735,156.61581969466064
66.77478225588638,154.88069918707646
67.11946624494252,152.70024990158635
65.22329802099162,151.45732692453993
64.62639200325776,151.20845673768008
66.04139016449155,151.62582774536543
66.76034549817473,152.76246536014926
70.56770213645223,152.40366045426427
72.64018263140213,152.76728136034563
73.90193841252602,152.53848492233342
73.5064127504381,151.5171610954242
71.10190050127868,150.89424172963
71.09387522232596,150.86784899535917
72.04742584092484,151.22728802701513
71.79103145798582,151.37729296047192
72.89028408448749,150.68050152233036
73.19374194375055,150.90411179907684
73.17052433423692,150.58381169091382
74.18196919095764,151.13855730752417
73.01629304633938,151.66514900182705
73.40397152293828,149.83574902463153
73.57459295471459,147.14749359367534
73.65023753874961,147.09082579186153
72.31061501102305,147.61696378484282
72.15555062936276,148.6206297817397
72.75735692793076,150.33593559598066
71.85590666665058,148.6676818637782
70.79571466691053,149.58847912225437
71.68679841920157,149.53471849178987
71.03264000400755,150.06847674171894
70.651788995803,149.78647870103694
72.22868042101112,151.488738363923
71.97138644052117,152.3493960574637
72.89581859896914,150.5720874686636
73.77959512140683,149.70760202527
71.86541419881979,148.85118391226743
71.95580630070413,148.56110707299044
72.1916040509565,148.52346374565846
72.56994649317016,148.46938049875413
73.97430372029035,147.99770811773294
74.09488074454205,149.29832162327074
73.56967075731866,148.5872155233782
73.35125785385084,147.41303182918696
72.19121128367222,147.35828256281792
72.26063652143867,145.37619370318933
72.77220877946436,147.06492504157848
70.3489671448594,143.18395815360205
72.98130137978079,143.4183075868287
75.9632692941728,142.5916797196638
76.79050763012667,141.98255268605897
77.89575035690812,141.05348644608316
75.35031847876517,142.09578172093654
72.75065512631642,141.27517469985105
72.19353937854932,140.43882352357812
70.90803476171362,140.95396188483156
71.39053915693509,142.77886533746272
69.0245773906948,142.58222166779748
67.67100950841707,143.28804050697707
66.41202153882068,141.6230907646917
68.26662483285696,142.0045645935479
67.92313930863406,141.41923474561503
67.14444712300642,141.19422983813155
66.9643066385932,140.82728423467725
67.04979840790757,139.51599401640829
64.2625962546302,141.1371077461839
62.980707945936985,141.21382284452898
62.782492085310494,141.75213970103295
64.20423591236137,141.09418298104993
64.59184336173895,140.52854347183776
62.944586867654294,139.64686381578122
62.46530102397145,141.29767658715392
62.83030509305098,142.00101786673244
63.38084286489894,141.99844014469446
61.11975744863216,143.16166965670925
62.62215132743323,142.23204679521146
63.248858502230235,142.9409196078019
65.0858399193155,142.28742762104864
66.33181655602239,140.18131306762814
67.23551104958842,140.71928978471354
69.58059527653643,141.977801451137
68.94981168584933,141.51011227405561
69.48971643697553,141.00107765407333
69.55184378111696,140.94853574383953
68.63016460762275,139.9129443243957
68.6988314048616,140.02682513432018
67.56210959980943,139.39373368895866
67.88451623545458,139.49585494348676
69.86532175082336,139.5315574802223
72.1272179893862,138.46797094020485
70.94253993863673,137.13054089700702
69.17184584768516,136.95603681285215
67.1122356130235,137.2369649287955
66.35698040387312,136.22160713893098
66.09511670916109,137.70688515731055
64.37542731103171,138.57971517863578
65.74109985821225,138.55628037423725
65.22069148539495,139.24538687913252
63.60428788453493,139.06214468001002
64.73709829697158,138.37499800482323
67.09589339045493,137.9844311738707
66.90598274805295,138.8001036124671
67.16818881283818,139.60153309514916
71.54065640504471,140.92405073824642
72.45777067753467,139.80875978100966
73.45102607262966,140.19463028836842
73.37392191362635,140.43335034978222
74.40032506700916,139.47215086826444
73.8021001921932,140.89533256343637
72.50602870999253,141.27304219886605
71.73946202560514,140.20031700991734
68.66943302976708,142.57104618700615
67.9673596681353,142.35577658845855
65.49685163018508,141.10116130336598
64.00091893990695,141.61250501144647
63.088885017141095,142.30443001565365
61.35373919148378,143.94907347487714
58.72192090452679,144.2579642391727
60.57911921076864,144.73131953742018
60.74534813141558,149.58191354406432
59.98386557089077,150.53513014056102
61.479058165811736,150.74949639199892
61.32984414728771,151.85353781130334
63.49433648728365,153.6835332714107
63.27351546008961,153.5167665693284
62.8711165717584,152.0082508471486
60.88751833622585,151.0742673194551
61.972921510790414,150.71869558752573
60.24050540203858,150.80556233345493
60.2141351267441,150.69604932094765
60.77582082618367,151.39902143741674
61.095437755137084,150.68625247638803
61.004596458717515,151.59960750372946
60.894834530334336,150.73666261027478
61.39048165679117,149.5779749269534
61.30916290270482,150.35321328935416
60.00276090888484,149.58919816749804
59.99332565189905,148.86245058568144
60.84650722744446,148.28636781391754
60.73594931036205,148.97369814929985
60.66825333188448,147.58623394030147
60.541880159230715,149.18577805565283
59.35575995476593,149.6435135066354
56.496121251189955,148.7670492533535
54.675626224268996,147.63328247663807
54.48109936249516,147.99959564763597
55.59009913559084,147.82775203299164
54.88682946880653,147.68155131288168
58.267858289523794,145.8840882646469
59.68526570076948,145.0709521736147
59.467490073857526,145.44444116875687
58.5298150309633,145.41016012484957
59.03944567618235,147.03790107148174
58.68358024478572,148.92476319572484
57.08719389319412,147.49000740664962
57.92131424834865,148.311822589695
56.997598454078336,148.16839134510062
55.60080712383228,149.88047643246898
58.20489394514263,150.9769388873601
57.861912007857406,148.77149352930238
57.60265365250157,150.5868339373818
58.51608173260358,150.39846224935621
60.26170977225194,148.96233493154415
60.810990625289406,147.64788460651735
60.566769578475046,147.28174198565145
61.439677397507076,149.32035862854596
59.722778687477756,150.59184092914728
59.3564013634802,150.12872211989878
57.227814076556456,149.33235234764737
56.86932943690288,151.6709639278242
53.70065555089081,150.77953744422885
55.74744408770629,153.03791483195633
53.122142147088624,154.23091449004966
53.14730809978172,153.54701760060667
51.984339751276195,153.90197851413856
49.23765012475143,152.0644356846672
51.73072844693856,150.26366715847215
48.624171119772754,151.5592452612038
49.588601394244236,152.1734087354487
48.12237321700051,150.82369666853927
48.193609615266006,150.59281539751095
48.049508251635814,149.85599880950994
46.34439728261233,149.2009058376037
44.96930078143957,149.68572378728376
45.19534615955625,149.60712373497478
46.14532033410637,150.13076057217006
46.75381529338036,150.81526998396683
45.02976009330319,149.8626377153759
45.44225799135389,148.52490528044146
46.68692559992489,149.74307449555744
46.325812828362785,150.70422053899094
45.66425640993573,151.22947915328223
45.83985410761041,150.39373365981285
47.91941072035559,150.93307585328887
48.74008106365908,152.54340268901467
49.02902119429645,152.300024027208
50.42611544212592,151.89725391912845
49.9663511311519,148.98734811307003
50.42782983503927,149.41976041308138
49.5045524583478,147.76529656839077
51.40076762685454,144.93922607016341
51.61567182889758,143.49291574875517
48.86854957719312,143.97733075915266
49.608409841106685,144.0339273857156
48.41729264646661,144.01779381584535
46.501284159488264,142.36985055412168
42.88631563542161,142.61110562790464
42.62733820285051,144.84500416078453
41.92009905879939,146.56991622430945
40.61043750898138,146.80971289196145
39.80753354064457,146.58230239732555
40.16579887722239,147.06818861717184
39.521943805685424,146.69995542934558
38.86621586860309,147.51153493392846
40.66820318233477,148.47791052973653
41.49247733105618,148.70850265097968
43.465245331563146,149.8582365663527
45.17751367303448,150.66793911614172
45.20288697757281,152.41096810889263
46.18698278810653,152.65700434940217
44.96896890782128,153.55358803886534
44.153046192530425,154.43963354371
45.29265242002197,152.76950166709028
44.94891751737889,151.14702105498446
43.483280558736304,150.51629289209237
41.17718260626136,147.97598660148407
42.009368308955715,149.62345894230108
45.253545823269135,150.07164118707965
46.870105681998936,150.03812273864253
48.10326737132958,149.5882770324733
45.722753853083645,150.76298529436576
49.72731501742756,149.8843185340053
51.0926289172363,148.92844960107195
49.284024825084195,149.30354402829667
48.07187976659036,150.76979171300582
49.496580332009735,151.94423456196296
50.13035428444255,154.00199557307496
51.343328979458306,154.534735976837
51.8197608534515,154.99399138003008
54.07343478492612,154.2893892307838
55.223550171340825,152.6716008733653
54.14223354207339,153.35336645341442
55.91805461076372,153.1275319511787
60.196970930114844,152.73708665256325
58.19035475753275,153.0984889119553
60.0840867739711,153.0966461976754
59.05784307045143,153.68141948683353
58.85111791886634,155.57924032785448
60.01573358802005,157.6154142973883
62.14017988737986,156.92197371513626
60.999967033359184,157.39004502433957
61.22099401039096,156.45047562878167
61.37359899039884,156.73903133057686
59.962798986370466,157.05124263823814
60.66681754386068,155.05450369062996
59.848924525301015,155.15349454008583
59.09004534236243,155.8084550573998
59.626990112407704,156.39489358886772
60.427817356825095,157.8075717561584
60.66392866224378,157.7876059767689
59.97301596999217,157.0302065023377
57.600104730625546,159.1165521992109
56.31704179431808,160.17036905082358
53.987802034680776,160.38356580621416
54.78145299360136,161.87589204472775
57.046959432749844,162.58445230372462
56.08908670133684,162.57676275618297
54.40128817733502,161.43576693754207
52.174145173625774,160.9205710349512
52.183725081041935,159.83984698181348
52.128968359396296,160.34104223005713
53.53549007963223,161.31614660971204
52.312943886358646,161.2541976429683
51.297986409238,157.92102785140975
51.134290218405525,158.27680995667237
53.136009080636036,159.65479148480776
55.08196128986645,160.82391620209268
52.21172583058817,160.5671571952458
52.30109202001216,159.65778366396304
52.17315889938734,161.47359496216097
51.57476995221857,161.3064826324586
52.31443023328813,159.24624535426767
51.649644459870714,158.041238721237
51.165745304316324,158.31344675336985
52.011194994847145,158.80264696070222
55.4760179012673,159.30809431147833
53.49367982948232,160.07057342257377
51.64111559104361,156.9432675310253
51.649534172025646,157.51704587171525
52.359908141677984,156.08851947892404
50.31555069003346,155.04079455971865
49.82637962505204,157.12589267511265
51.53931875257519,157.27075680700707
49.55896687775984,157.51013536769545
49.468184907283664,158.46455675667687
48.456814624536975,159.17406726049867
49.628738574429555,159.56325506034798
49.83080824481964,159.95270906414288
48.70442389893597,160.1683282596294
49.256302982653786,159.25294973030003
49.98156718507212,159.20028518813
50.62082287062123,158.50760302540255
50.468923272057594,157.947985096558
47.23441989824155,158.3446889768951
46.41482637334751,158.58716425679626
44.16741903740115,157.82027873221548
47.31476327784319,158.46189879501682
46.43075692436269,158.70164501103406
44.41447090106748,158.16703735092506
43.32878061732021,156.68989990186762
42.431178547709784,157.1550618286159
44.18264081148703,158.04146781898444
43.65795390377765,158.13682138728674
44.71583935601728,156.88244367813053
45.38823034389682,157.71873564580065
46.803886400178094,159.14099652590215
45.22473667175396,157.6120259503739
43.8549853485326,159.0395020347532
44.01493507191669,160.0167641389973
42.63335106364941,158.31178748052304
44.09426703290623,157.5686326414709
42.15091053930465,156.9945111061789
42.669148548943554,156.8269439883686
43.51384220973728,156.65024029060152
42.6499237537766,157.47848824356916
42.42638234297743,158.65295021389875
43.34339059511997,159.03146424516027
41.29362226172669,158.68549169479627
38.90836306305734,159.35928122526656
40.19229805364538,159.64648153530547
42.19594533123708,159.0580899203757
41.9504583712365,160.88162070550268
39.98939402965107,159.5469103536587
39.14008447873395,160.3046639604446
38.450329964387336,161.82140803808952
37.40943244333505,160.7572430734345
37.64811461795592,159.01620785832293
37.07367844964735,158.60324541713237
36.91856884361468,156.85685367898444
36.2303514852992,157.2621229600464
35.32741845593223,156.315398983705
37.65765048193533,158.25060405300036
34.7859761808544,159.09456002267044
33.15176609912411,158.70567505024295
33.96600115958389,157.21114449562282
31.41050888097398,154.95482670235526
30.596586877156238,154.9800400551408
29.061582165693185,155.0132810962554
30.49999547158954,155.3806745781861
29.395318725821017,155.20158877225583
28.022668327352438,155.2874929010232
28.121478982581767,153.93173986601423
26.38435166434156,154.6775197778579
25.31228650185866,153.0019621405013
24.067070676445574,153.06643169562975
26.42536985045667,154.77262836162922
27.25667379274031,153.61030169715463
27.52460892545203,155.5435256528264
27.75157184947822,154.39436407580646
25.889281426375053,154.8880842057372
29.292588737324685,153.59578379512047
28.051810549731858,153.50633823732784
28.204832222603635,154.42502289910374
32.11211433197985,153.0295594448411
33.14543823725707,153.50853990804924
29.618718877392226,153.12643631562526
28.762268805316285,153.97973282369742
28.264661212527315,153.87785956621457
24.985524280529322,154.40667536353695
24.42622295202284,154.20828902188057
24.73046277214787,154.24072190767527
25.235233114457404,155.40192496521715
24.010712065728285,155.59846261667914
24.509585984191506,156.61612094156334
25.75305137534465,157.80879536348317
24.557636133459358,160.460908307751
24.76816475407058,159.6289757387315
25.604376750110738,158.76948998070935
28.558483860703035,157.8584037008835
28.21328700154941,157.45750706037444
28.444151366009006,157.12491230695107
27.553931714127582,154.98064352193757
30.747200167243097,154.24010599846648
28.151498383673577,154.95951991604088
28.346412733749556,154.7725798134698
28.576999894722157,155.45866308865507
28.631845927582106,154.3796436497261
29.339894599027886,154.26413532439776
25.7099302717059,155.29477415085262
23.998959434708066,156.0461177914941
24.287103391591028,157.56043723361734
23.979384409582007,158.62318475100045
25.050509095036453,159.64915623328753
25.86571800135247,159.1288039731815
24.95773785343229,160.26558844744724
27.39336247194905,161.1768479657935
28.74828482710134,162.11911612121386
26.315715758054353,161.92241997617268
26.018388089349376,159.90067425690845
27.395154966568484,159.870058854145
27.814084343853715,159.71652950927862
27.86434667361641,161.65964645520313
29.28994734736482,160.9728096825491
28.082695435011722,160.79964581537743
27.729283492842658,160.06157529117226
27.972205980491857,160.63032816689045
28.23884744593945,161.07739104599847
27.98774296847617,162.11328275385623
29.87813211152395,162.02123978667203
29.441425917759414,160.2899278997205
29.61094220097881,159.67089843880365
30.570362407476715,159.2645225038232
30.268671577316216,162.03361055109193
29.102384775080278,162.51871052577175
29.73731563885556,161.29824018723565
28.68997034268695,162.0711912680097
26.17098613860569,161.72837970393525
26.932777967129525,160.10612780670002
25.749035482082864,159.2416909410739
26.300013351664482,159.06160873833838
26.808241432689336,158.72211396252607
28.25526236293539,159.38437978702598
26.451181076564392,161.54128231172658
28.843395556077265,161.67362632474476
30.17929358318371,159.36883725241736
30.69386659600097,160.38303807053853
30.78484021262693,160.43245464142888
31.13366752174684,159.3807701126299
28.217611660045936,157.97496971236498
26.63852409884014,157.76744653242247
24.441187143711772,158.23227887783906
24.585943500580274,159.88576688664998
21.829270099898483,158.545906056946
21.416547008992104,159.6284606978112
21.75339176033428,161.57462176229063
21.599455806598588,161.2261103472964
20.97271971249519,161.1778250802646
22.579795507024663,161.42357826186688
22.591154997985495,160.52111949425796
23.030492225149143,161.2568030681475
22.95327504605551,160.32188529977878
21.184337513476454,161.2741641075223
21.828477490192984,160.00388234433808
20.512789790785714,159.40613529192666
22.726188840559807,160.02110084046603
20.105143646324613,160.44070133378986
23.36379371246289,161.23163201251216
26.15558078941433,158.57348452799624
25.990521952480734,159.24464555675715
24.83363643410253,160.0874861937335
24.378418566272373,159.39316025896704
24.712142393864802,160.13794634555128
25.986168040644788,159.54683065328572
26.569797097563317,160.43766905452478
26.168155427486226,160.41282674865067
26.724177160122043,159.7136271310897
27.579916676695426,160.4147502579661
24.9407642674192,162.17025349300818
24.08723832657382,161.4898367979959
21.25412309938182,162.8842376012294
22.48869320288934,161.94846950133288
22.10713286285125,162.32713546281525
21.128934204328132,162.43144140143787
20.223016450413116,162.3484433049692
21.555295689130798,162.07976362967656
21.6321199342249,161.4795925272837
22.898487511169268,159.52418322976376
24.601811651625454,160.5588072434634
21.897757664272365,160.85037037639236
23.59199407440856,160.7847732531813
25.834138629952832,158.58940610962696
25.38839527011408,158.2991104789022
24.061609132284918,156.38564533768687
25.911045333102756,157.14783502859888
24.177811949603345,157.73787364695445
23.7526222820442,157.9484486219094
24.254600869277116,157.07584520560388
24.930904539290857,157.14590266675953
25.62189510712878,156.4110301255072
22.918631571534927,155.99730767954594
23.000615051687543,155.10963136750547
22.51861916965856,155.37315135298786
22.21367667335067,155.4354711121978
22.688751542055815,156.29529959903343
24.807772817517996,156.89278602005413
23.29069911393042,157.31175764831923
24.370536873128184,159.59784453558473
25.66747513804571,158.5753570050733
25.675171764067557,158.68322368077006
27.084417912831203,159.66193411926554
23.50106603983825,159.24352403320162
22.97212313560916,159.12649083319164
21.834338330814447,161.15544060431495
21.771119860007712,162.19045271888825
21.271362195813243,161.4161563482694
20.54815426976852,163.33538018245403
17.600848365300543,163.3635076025803
16.248517800850767,164.2127808542197
20.068716531527482,165.8459708927783
20.29597025002398,170.18287654613567
21.22782126233034,171.10497884474373
21.0272327281127,168.66869913616495
18.92433881678534,170.16424863213604
18.738987078685152,169.90948570765957
22.00363966552844,168.67841346169624
22.909779896424084,171.8703485544744
22.904095511096376,170.6926119116429
23.6130769670757,172.23671213563054
24.08855243922785,173.94524669113125
26.578857602205115,175.71227753205397
25.021351292470815,173.61931542023902
25.266075535853986,174.01685091347042
25.50918175309866,175.63941302261995
26.733662216318375,177.45284345784913
27.011756650517277,177.16845054553377
28.595310339264856,176.2132666639464
28.38386700113818,175.9152271255766
27.25194732225618,177.14669587812858
27.60575674672462,179.11351666214992
27.262103146313045,178.2415352792613
26.255594508785105,178.9810149648697
26.134456755364827,182.12396846937085
25.73613200033184,192.97339280961384
28.6042765767756,193.58503315906069
29.884982461840075,195.77523273838528
32.17076923308396,194.576345227046
33.94533382541827,194.447285088579
33.22084577307462,190.34178677278314
32.748405043430026,193.12411991337237
32.0321720062994,189.71577382795255
30.778448721341462,183.81214626068987
29.18846875755541,181.23631564395166
28.82031823936467,178.12095663430293
28.24724561995785,177.0028936306619
26.801151695043913,175.52515922160717
27.58667858521182,175.94123893189425
26.93908595386781,175.677713528928
27.665141546865016,176.01944891626738
30.716039562119406,176.1717498536118
29.08426949423024,175.0665847743482
31.342801633344983,175.04240855767446
30.882333636011744,175.1187271918266
31.619067826735467,174.14437252028802
30.24534041777265,173.05945773566836
30.115017947736824,172.67438950403664
28.574999024962757,170.99474071500194
28.14030149928978,171.42477644538303
28.590890200781587,173.11843774917028
30.07216451755455,172.83840485315255
29.31377594844182,174.2034195760478
28.656031163972575,173.9876970568689
28.604413810212012,174.50364250546343
30.497250634410452,174.50626888414325
30.189859061364874,174.9314538059313
29.756013615896233,175.0064148493881
28.278543787268518,173.98195754127076
28.58577860487952,174.831370106652
29.444726574547218,174.96005816484097
28.84819556508639,174.636213448158
30.43004988830456,173.53031534328343
31.307912963451134,174.66101222309214
32.96876766363395,175.4815631949478
31.718805578923106,175.70452719665911
32.507019451733605,174.98969546457928
31.689937613046705,175.41805045522736
32.27275365306214,175.38352708972775
32.421800361086724,175.32729511252782
32.508338211144896,175.8750720670623
35.03160429371557,176.05999375473067
34.750738534776055,177.0217601554946
34.64126848209308,177.10570130791814
33.60796831690025,179.14776063385256
33.798395517172786,181.76505376322518
32.658737597027354,190.409103715939
33.45359270630985,193.24074494091053
31.91743692186811,192.9945841508243
31.9528551056437,187.7527145001152
31.882962929509386,190.03194067953328
33.24348329792287,193.1450688248122
34.31986107868931,189.6679340696895
34.496638189187294,179.8042349942943
34.50271958234571,186.4210601334199
33.877328037134276,185.19066844321142
33.435340789461996,192.00596692298967
31.73614991254153,191.7111910036028
32.91096491553168,185.52412004651316
33.021642909966914,181.02666293069532
33.52654702219506,186.66728289369632
33.013067291514474,178.2938558095679
32.97018267856553,176.84697660676997
32.802677968223385,176.86827940672546
33.74187028617304,176.77680426417336
32.03885059417121,177.76958576226968
33.284483950044816,176.50020725714904
30.266980782256564,177.31317813169508
29.406189067573738,175.91189863504812
28.313065137493435,177.59023240373128
29.329630729806055,178.45081583330978
29.97379558050955,178.30364429627588
27.89489471918203,180.8249231796088
28.332773916678587,182.00824615741865
28.18578367706316,186.97781280996304
27.933244808681373,177.04231156707755
28.780365303268578,178.22211103410436
29.120638124969297,176.93296362524984
29.923917790855338,177.9981120071659
31.274903248217267,178.10888418963083
30.792267972062746,179.16130625083937
30.66453192313884,181.73922566766973
27.877537959497626,183.8001143241412
27.15111531847738,189.26782700464597
26.50803731402997,182.63738472432703
26.311376386747817,184.2168861544752
26.707894260997982,181.01912235172074
28.117223222586595,190.19073747927206
27.80734170725651,181.50829570296898
26.157460335318678,191.57811888873846
24.187264235652986,181.29773634119758
23.452528837112247,182.39005291057674
22.821367394581202,181.62801518623172
23.112476050709247,184.66276681612436
21.592210543685017,184.2520492687283
20.12338956423343,190.08604434639665
19.09077131344062,189.71136924270826
17.845406545969126,194.33096526712458
21.449998450006987,195.3555665979921
22.790569591145264,192.768145391895
22.177131494644208,185.54894543770016
21.755202316031088,189.78997625205568
21.390562995426485,193.88127097383622
20.01015385629185,193.90688753666015
19.514894687893896,194.88454256861232
16.55633688910668,195.26017200482758
18.90137190816312,193.30646302597196
16.834107894368653,192.0434145151442
16.521698582208906,190.35102190604852
17.54259443944227,183.14362415501142
18.281215073961885,179.16483621867616
18.531747281294173,178.57183021603578
19.60384962562938,176.13737364099887
18.97662719628984,176.40000493606018
18.620552639654576,175.64687854439973
18.131584297500996,175.34804808490517
20.422047848498547,173.58764237608358
17.54898785815068,171.36393205134218
17.677936538818596,169.86055832941594
18.24027075770257,165.0931034590144
18.04266298062808,165.07328352802358
17.707852160926926,164.79759581194742
16.666625541345052,164.42454464661557
15.898518288844722,164.10915707315237
14.646236499696643,164.64338066727046
13.693421585803177,164.038201636798
13.82815754098673,164.21295721176506
13.064067300582108,163.82093863899988
10.962925678356621,163.8534890884353
9.443025045161795,162.87074668122722
10.537041414211263,164.71209631263756
10.395009750344522,163.5467605338354
10.678355535725837,162.2792535849284
10.216372815291358,163.0035834344668
9.86282268757007,162.6067080064248
12.371132702828062,162.73369489981908
12.01094888572097,160.90398636373655
12.740639545645054,161.0392242870854
14.665377407864318,161.6504025601015
14.152945318879453,161.04002454277256
14.301216519337869,159.3176562280016
14.231247050126678,160.01874576573198
14.250940414033488,159.16049493160028
13.952907733644896,160.66812883127227
12.897937340808111,161.03656027461213
13.590278031844617,160.60975386035707
13.682655406589571,161.8822396151464
15.259206467748466,162.71606496544823
16.770044223498477,162.43963360164904
17.985252529796835,160.49433229048208
18.108346799029857,159.7592304068107
15.830488005204689,159.69799185442164
15.417382449721217,160.53670783299083
15.07306419312721,159.63881977590566
17.267303746111207,159.69283556330072
16.85638927215577,159.7532024127738
17.02956688919487,159.94254981077196
16.351451446759636,159.4186375953221
16.719145760228773,161.32163441427022
17.510361359019086,162.0494158318371
16.343664683842242,162.108244968331
18.152488194384325,161.21885783860517
20.178959565515058,161.47965959684194
22.01337157913859,160.5687830835348
24.56747914605668,162.0285808950047
25.052011734822933,161.78590486468735
23.7606112418993,161.40854588800525
23.172452701845597,162.40442902232692
21.82461890965928,162.92999002262331
20.606729433624746,162.55161044679102
20.373883713079604,161.78874598261882
19.23048174897084,162.67504592352373
19.83733568893669,162.64062487327183
19.61761207252753,162.89950564770072
16.84101730897451,162.57898667084598
17.886793624713725,162.76063661200763
18.76174647053882,162.57872035555283
17.840010204374106,163.61893358569108
18.827758747642676,163.9983018230398
21.18741743829366,163.78034077012214
21.451914157364552,167.59204751556854
21.296314055235555,164.72462793515786
21.596434713105083,163.0369880501405
20.474944143769264,163.88241770502782
21.610373655924533,166.55532288708858
23.715856837038444,165.7974675693303
25.79661940301521,168.5590546792439
24.308150999240763,168.85813057596513
23.21158116666917,169.49166737125725
26.811804995192222,169.61681101914277
27.135268711033294,170.15077721488657
27.30615784679931,169.22926346281258
27.629864280521772,169.5164592891747
29.766200960805683,170.80505594762656
27.859553238335725,168.61660797109943
28.346604622728318,168.76358795750662
29.6541833507462,167.23915474669718
27.205272251310312,167.43127181450183
28.114574176742366,165.26742970610724
26.57974597519114,167.08835089077152
26.72522282938704,168.0749186168692
28.310356440127894,168.05681529935853
29.60809953532743,168.34803961926136
30.83370225644151,167.9460769830676
28.568241282770444,166.55132027094305
28.956498874777964,166.21209578198776
30.77559216424875,162.0614266843103
33.42039055298896,161.7253214032444
31.261167910434175,161.7510433707866
32.470330159224645,159.22526445632224
33.95297763657385,159.0847759972139
34.42860540015918,160.39672665173208
34.22807778890632,160.37215416999874
32.534221809576465,161.7770441238013
32.34248558952904,162.10627318567606
33.74055282928819,161.7597016123616
37.097685307077676,160.79342378430397
36.876768481776686,162.49410613960754
37.70178587874529,165.78225662751186
34.681784173984326,163.72716688218026
34.86098730237308,167.53218742093864
34.292043855702246,168.12739830409757
33.8599827135881,168.14806745266594
36.2905259812932,168.23914845484518
32.41743722216774,169.18839553793978
35.09832324124572,171.14146616931944
34.405135401466545,169.9101611539433
34.19081164319459,170.09751495104155
35.49559461210245,168.90559533809022
34.278840616999624,166.00891120719933
33.66316221459871,168.14656219394362
33.359994620480954,169.76232745846926
33.14622990236827,168.9766111698781
32.48498317152306,168.58769710514957
31.372730082202644,168.2097903799532
29.669392773683217,169.8533549029502
28.416189056190987,169.8448768737246
27.993112614385392,170.28179021204934
27.727642572573306,171.2877794430009
29.0348190721581,170.06373945306217
27.302955537055123,170.33084943856718
28.1583306055111,169.2933014620178
26.139887963116724,169.03573806240385
26.059414284707586,169.51641219620217
26.40600548228964,170.21588596952012
25.86398021558537,169.7593794039185
24.65080474667224,169.16089136668504
23.508710895982723,168.1508915630971
24.00184605695262,166.20513428665726
22.274461561860008,165.3742576475513
20.359299236881295,162.9793352858406
20.495930876177177,163.6803008557457
18.949276342620845,164.1561302818603
18.680233229833267,162.00555846510335
16.45100407548245,162.10327201631918
16.32579830868155,164.59447205777084
14.76361518805349,165.24053579325573
15.47630632997717,166.17805810109
14.06112936227497,164.88603519626122
14.290716895807494,165.98400699111144
14.503390710836648,170.59996735513914
13.83536027246598,168.52678322403509
13.323579461933498,163.2984121892565
12.536847280865075,163.41281879974156
11.048383122465271,165.42158757473786
10.51795762083938,169.19469103285493
6.622790027929409,169.83434508769443
6.858174409045935,172.8577628970793
8.38498147220517,172.14497606496084
7.935017763356654,170.3997803788266
7.4600354987538635,169.6334966065724
6.39491450231466,168.00897039266624
7.1670047425942025,168.4330374387633
7.234271944030448,168.77893431675272
7.494895267226412,169.01624417856758
7.503032867554546,171.13171303269885
6.239051597880005,171.5287422151021
6.175460331852929,173.56970384364058
3.6928931193535752,171.48439135545115
2.303489202119252,173.4044350501517
2.1548023475118554,172.7669666099714
4.875175618235888,175.32290046525037
8.262690369570457,174.9751385085558
8.230562306028943,169.48660704353864
8.42105718203515,170.77732560393508
8.134058564503933,170.3744240919442
8.870827945828545,170.10995788328947
7.682032562928148,173.87962486818486
8.164653925372903,177.13730584933637
8.757704024812277,174.09473435753776
10.34203860436326,170.64523775717367
12.152758219873657,172.2750906680156
11.772918795972565,173.1676802790877
11.562759561899703,173.1723966861048
13.299653509920292,171.52754075832362
12.047626259549551,169.27248716720172
11.636009824265404,171.56894464025962
11.720086370792224,168.758245185593
13.341876414476337,166.86848053945465
16.90704596083298,163.72127301346882
18.2278800869713,165.4163373923721
17.63621623813669,164.34160365657456
17.066700708862307,161.2192607659998
18.037923909870106,159.5628707705274
20.21031709864954,160.26261352521672
20.90366078509054,160.12470940408085
21.81065910696775,160.85965937390267
21.046018725933962,159.58917996332426
19.252894076345147,157.7457287598007
19.574122256056402,157.34365640579588
19.804118464804166,157.989310222524
20.08657649849288,156.5634553871866
21.202161974281953,155.80351045423075
21.652576770780865,156.30052379897035
22.70658711610597,154.1380053105042
23.200942104506314,153.08684701584886
22.243104177119367,152.3256785325132
20.990705999813557,151.79360945778336
20.8818591937943,152.12771336781177
19.9575495921457,152.2924043731274
18.41810532760907,150.3069169298486
19.759461560250017,150.46099089308228
17.976851292268712,150.23304711267002
16.958823602665568,149.57499030097028
16.344014248771366,149.09986418254553
15.628205257370086,148.86150017889238
15.11091151850491,147.91871489892463
14.913943896594722,148.10981132934975
14.445213691004835,147.507858643908
15.524528757568525,145.71531508141368
13.308649871236387,143.23625090475088
12.950882567915475,144.38283652451506
12.926115016932355,140.8804389400955
14.987486827487439,143.71919886217793
15.718348618492493,140.82245678720713
15.900061676164974,139.64393137539608
16.378255470178274,140.10406637969677
16.198279573205713,139.98834680821673
15.202407468876832,142.76471984017653
17.23423142573395,144.12522858616214
17.330154896358398,144.89790907589742
16.259226489283694,141.60680447805495
15.829578356151702,145.0803097709964
18.42691942442701,146.16580781922144
18.114295156403116,145.85420530175458
18.11489805997166,144.46780356731736
18.26186005930124,143.8613582277311
19.996016247538428,144.77661877043565
20.34715838667868,146.05410609358356
18.3408628150112,145.9657202876357
20.665834038826524,145.53936966007038
21.944815103285528,146.78417137263716
21.20230211822997,146.86431604335172
21.31603240402904,147.37048472162257
21.688458366241605,146.35326570570348
21.68630899373974,147.13842832613466
22.21679166136974,148.12674586715536
19.969332112149296,149.1536678881328
18.626982144593622,149.12654920845557
16.456406182090397,148.39531127875372
18.825111015043092,147.0015483986739
18.77223752564445,148.36072123618848
20.450262709242434,147.2748341219207
20.365926571461447,146.87823917662655
20.464878282419598,147.47245294085874
22.192457192051975,147.96027300848587
21.76241545540887,147.81855440783465
23.11262265138998,148.0905300519396
22.87487286617798,148.87894185595874
22.532894569309207,146.2841025363398
23.032354680926545,146.1109907221026
24.245974042251184,145.35727819767595
27.195801332615098,143.20821233281094
28.685932081602132,143.79046216938474
28.17650367707882,145.2493363200803
28.714960585717616,147.21142196374805
30.807042642924376,146.93323565873072
31.357073249098402,147.54371960704765
32.1731049569788,146.8907878464629
30.407224010838103,146.49869803315346
29.42210080496443,147.91874695308718
29.09102103127317,148.27425684644587
31.33711220675312,148.1565740112092
29.39983336736041,147.8786650128532
28.882071062563288,146.55305473756638
29.318467897303,147.3938720279753
26.631557280188353,148.2702765388738
26.53994365456442,148.1325667923499
23.261573738057024,146.52525527424652
23.42990316317567,146.22315076914936
21.473998388479767,147.08135344379113
21.17363591945985,147.74969906461337
19.143771524117202,146.87606749680563
18.543477684041143,148.43268337270845
19.947552622068233,147.87887352125327
20.862761890405707,148.62674050851453
20.378590342241456,147.7633637947013
20.982137242442462,146.95473813010935
21.46107510618508,144.79588441998592
20.742062042701306,145.34237171803352
20.412643046496864,144.5963519832328
20.531018971850973,143.71812575276434
23.627917313447234,140.13308645208258
23.799132881987052,138.35350443992246
24.337287883194282,139.19528970950768
24.392537166248836,140.00797283827762
23.826505131672906,138.6554836512612
21.996855429307605,137.36772080818383
20.79195073995347,137.86373457886032
20.325143496958795,137.63532095403198
20.303268993381295,137.92388771138582
20.111870878034864,136.97395378285444
19.041353565558914,137.44439883735333
18.796127098562902,136.80566080569054
18.757470618414594,139.07563279801278
18.947838313651975,138.90141174077286
18.583443977405437,138.90893989119465
18.15430059374027,140.06816467806397
21.53282498258029,143.1236146833379
19.803179819118515,143.9004944080029
21.516744839623207,142.13633725429145
21.70896750901287,141.94498955876477
20.752843578243894,141.1405706634674
22.2178876644208,142.44439770493557
21.157246702273444,144.54390053284664
19.697511302112314,145.7722655065964
21.186300331756208,144.91706290128172
21.208934508192556,145.83323856196188
19.892024743039023,146.40725232947898
21.512025377578137,145.95370810727155
21.561614046717427,146.030054842924
21.708015430300946,146.93486908679105
20.670083981475607,144.98262602838648
18.731150788096958,143.27229369993546
17.99596984931107,140.38390732332587
20.99025691859206,138.9225976748129
21.35484689109785,137.98331386478245
20.22643293040545,135.57863885914108
20.01357940954745,135.5544812774966
19.8349697240967,135.70343092364595
20.70441766790066,135.17245712511942
21.521642299999108,135.54270833060036
22.504755506018313,135.74057614331932
25.945433112940304,135.25177298302074
25.271090493129368,135.29299846742606
27.20099354274397,135.42132938699197
28.215851402111895,135.5374480478956
29.378069601782382,135.48562029573444
31.35449116680286,135.63014708866316
29.87950446089322,135.74967347565143
30.368383318689755,135.08614149477714
31.979971002326263,135.10777582989957
31.558768778396647,133.8234368373226
30.220631582618903,134.08622472073486
28.538570123602426,133.88186791145918
27.74183752824552,134.47013554203386
28.270041838702376,133.50744016671942
29.18641006124122,133.89590047799882
27.768468185261813,133.72563411429027
27.988113533537533,134.451608614189
28.399617245912687,132.41771991928172
25.636392454274038,132.86528031608935
25.996843439161307,132.4594306570706
25.6605706428123,133.73848871325058
25.01142305799722,133.48874949019267
23.80371182082691,133.3399191709
23.814412217934926,134.70912529933202
20.704991628693726,135.5959444009302
19.845415941385642,134.98168224706865
19.34963431633042,135.09625233709525
19.711991868824054,134.7235458592386
17.467900755670755,135.13044974248263
15.088501616778878,134.4608058360454
16.24246590765241,134.78148841575978
16.075182830899955,133.9181965201711
15.780037024092083,134.0895180009076
14.048611498526343,133.89636759444005
15.441204253913167,133.97495575127374
15.223671378590966,133.09534752716104
17.315447705170335,133.1873376470628
17.322861157938686,132.36929855629242
18.22438169395108,130.62878508001782
18.04919172876684,130.68775422456702
17.680918666020517,130.82396350189555
16.055320847686257,129.25041236638884
15.766239655559156,130.06372758207777
17.32261539168769,129.16737063543704
17.426481792219906,127.53640811420725
16.673254511681368,127.51813199785143
16.582752697733532,126.3073000372881
17.461828563300696,127.3605494402152
17.176256258080137,126.46456260398709
16.635652678705068,126.68469648137886
15.87070766815309,126.72944255176633
15.071432081973786,125.77661350560885
16.258265058985312,125.34303582837289
17.451202351479022,124.75196846455424
17.924799360066,124.37652448705069
18.120258095117826,123.3983056404497
19.139365656548986,124.67335350945864
20.20928746183556,125.28299137579951
21.276573778643453,124.4917277729925
21.22083741048512,123.44197874486663
21.19194981029302,120.86784212368336
20.56024840365083,120.2874224651202
22.318299435740855,120.30661623462129
21.986213467873192,121.56412033225138
22.367502674493913,121.69243559681337
24.706527946948277,121.2774521070887
25.479073373174145,122.04028978052858
25.907987637343318,120.59298389149691
27.306032884418,121.19775357539537
28.18422021658677,122.12746623100561
28.8527968156525,120.8737909345995
29.556885626957303,120.29422864530223
28.20059621924416,120.8696229244008
27.64655248648224,120.58732667218936
27.42019494837027,120.26835227840213
27.4849103855068,122.75704689930508
25.40566419363797,120.41658808794813
25.91667809463469,120.33081276830177
25.11970452196217,121.10571742426369
25.758086437867444,122.17828107909472
26.295078797123555,121.17628271446279
24.98677000673418,120.54110689393902
26.5048490751411,120.71010485873424
26.316474102691924,121.74089424386446
28.692593885736,121.54731743037527
26.96278676534595,122.0585185046009
28.59545656157699,120.35128734281639
29.404322675197072,120.68613174742472
28.739419400655372,121.48218060590051
29.407772933818347,121.19270943391578
30.840205867699524,121.18692837134536
30.52932501022308,123.78830817557962
27.855621925090077,124.14184829797692
27.199204679876235,121.77497762271096
28.236979387319106,123.29022304675003
27.159298483977913,120.95735788381586
27.82972531030304,120.809317470978
28.097503310961486,120.89242037517218
27.93811393634836,121.6645872504396
28.288595663030485,121.07606176973646
29.12628518740059,121.8196560014495
28.191649533694516,125.59500977356083
31.38633900269168,126.0567814988115
29.835789446905025,127.01018041461282
26.985282408618268,127.3739466142588
26.091704359026554,125.89337443487041
28.83443967641676,125.46275316931927
28.523326067944325,125.96395406460051
28.23891378785528,126.55061193935582
27.072164341418326,126.09501519142859
27.961113972228706,125.80106721321653
28.054676410861724,126.9143199599412
28.30002373145823,128.43261091327878
30.449906787567812,128.83543156306905
29.699614815938155,129.6958406320364
28.287506279804088,131.66146346455338
27.47311785509961,130.23880741792385
24.754428504601865,130.69542734532666
24.350856389174634,131.38412288903297
24.054815901493033,127.95458477094304
26.37889415697705,129.17739611258108
23.648930280541578,128.27606210294869
23.575582138507013,130.51448410853217
21.716652542180846,130.65061137753437
21.742011706360376,130.74510595017463
23.434745692374005,130.83144357986689
23.33284158001717,130.77492880748102
22.535253900046406,130.72076917052965
23.89519970148529,130.17985259821882
22.10545131742677,129.48851150808272
23.076174625034646,131.2519445229124
23.840374329180587,131.7495331479545
22.63934998734394,131.83151161595873
21.50151354496101,133.04818847680582
22.679312327798293,133.43815555730885
22.295847243046396,133.57202044855657
21.210416310505305,132.90539968611495
21.671026881564327,132.74611648748814
18.843956140647688,134.02859855464968
19.497760859911512,133.82575734494353
21.204161523738247,133.113221016568
19.34844729472517,133.13327667856572
19.97470507718536,133.20740588284883
20.263819038012016,134.63894735897287
16.667308848030686,135.81314726612922
15.225105171029861,135.31519038218178
14.282042913966254,135.38539332185778
17.25016442395249,135.44936460134383
18.478839283093027,135.2163558239145
19.78099619625825,135.93637393818963
19.59683602157039,136.51529581294395
20.127841468689706,136.5793026410483
20.227437100353868,137.26992286083862
18.405284922006917,136.4458247788963
18.490133719029714,136.10584055502363
18.21177287728366,135.64796051618765
20.89840326483446,136.82077922800931
22.955346467395408,136.34797164606672
22.867750922317104,137.37559650016973
22.49272170399597,137.04048551752152
22.04701035604239,138.12887676612047
22.41990918397973,137.63533120215772
21.28895756277769,137.19434824816588
20.793702693559744,136.17870799977769
19.713689598594872,137.1404182623271
22.078174157041172,137.44135205039382
22.115628163365393,135.92050455309985
21.69542204000058,136.20211209316696
22.05073483926177,137.27903651042786
24.1446364128266,138.81800945895117
24.470324658585316,139.20081252323945
23.789077710639553,138.77868751782316
24.956629646398245,138.68418488768083
25.691328115059804,139.04824295600167
25.55543743167468,140.30986853633908
25.958302192345062,140.42026899809366
28.047258656112483,141.03561794003193
28.103021863685413,140.49188230673033
28.757079819266032,141.40418566468912
28.70583159072052,142.71060111634253
28.062238102400297,142.79045338072123
28.296390024052325,143.8662742415262
28.939220072754605,144.40461477798237
26.47041364935766,145.7276993487469
27.130593705361342,146.3881336623337
26.40735917184172,146.9846457770405
26.113310737503284,144.71300148597703
24.545310522306494,144.70510296506507
23.517250852667406,145.17580558595353
24.44391256400648,142.64592173543477
24.633018808158,143.17852673484117
27.536817195416962,142.67509087853603
25.798759361342224,144.38838289776822
25.251250801795475,141.54281095253782
27.75450624885316,141.86569259427372
27.843778336563663,141.68189371009447
28.661406519973767,140.925515187468
28.10039331120949,139.50444029233012
29.832466790127185,138.72404001569643
31.96859333020114,138.52097899177778
33.513280760615274,138.4781424312686
34.41568575901587,138.40490916724463
34.9260863730733,139.4784804826786
34.51646339941853,139.66606112051613
30.923062073418514,140.14850277159945
30.243760900443927,141.14137276813696
31.148104322138057,141.06976352886846
32.3550726757528,140.5743197431413
29.852510303547216,140.46634889386948
29.069543192606925,141.46380703424808
27.338126943165655,142.0584534028287
27.784962226077113,140.5839213133817
27.832319206436054,139.5881007843546
27.494975290908563,139.31808079295882
29.8389080874239,138.92195440549366
29.033349146621795,138.92887382055497
27.31522614535138,137.87472827081186
26.373460476856646,136.06724115152693
26.473189011923907,137.9404341118372
27.888540946319804,137.1310390974922
27.164482493416454,138.50384857901494
27.426013687205792,137.43436018313213
25.00791495296253,136.18185190873845
24.225050428246224,135.32304692874771
24.546584510399885,136.26114891557094
23.132941854480542,136.55236876384683
20.646774990921294,138.03064395146896
22.746574211679214,138.44528011241732
21.527807439634522,137.82167170184508
23.21478751693361,139.24196657101626
25.87840948322039,138.27547020778763
26.367154025035298,137.25399934717132
26.60329210517423,136.18935297448186
28.251582023157194,137.39698660606456
29.385785308792332,138.19718045845738
27.1514924122406,137.1307197970962
27.77197101490096,137.66493158964795
27.379645216914724,136.7563585398785
26.25911984249184,137.80822772858477
24.444643591297943,137.48133426506777
22.35300120969194,139.08775373091456
23.907680597126642,139.07270717700803
23.936736299643034,140.31062559843258
24.612320119622904,140.17474649469767
24.91928813848112,140.53479785965703
21.52815404291318,140.53688321545042
18.12781440523062,139.45572494157767
19.139082795689138,140.75498492770808
16.785348013288413,141.03087409393942
15.200617332651541,142.73811400756753
16.42000098761039,143.7473232297216
17.96562660042339,143.77520847268275
15.851409930620475,143.8703413449077
16.831868995574737,147.10489964202418
15.74354067061812,147.7894689674508
15.0130357841704,145.01703582769045
12.068208876817145,145.0783363934521
12.99343422308482,146.55874646948044
11.659880024422081,147.93080996444863
10.37608436080558,147.40332997249374
9.001111112833867,146.39898476873668
8.461954652545616,146.7896279264386
8.399534853496018,146.6813624614336
7.9051112920073,146.58356619394254
8.500470523961933,145.03276131127484
10.045551785827096,146.5007585697667
9.91043804987286,145.92106884082963
9.90507904033469,145.04331056585823
10.539743991620178,144.81374363378362
11.285481597162725,143.1368881175654
9.738766861871225,145.1030673957629
7.398775770748205,145.7724394138855
7.3235141452493835,145.0731291360479
6.621829783497239,145.25154968524816
8.487756912966187,145.89744281748676
8.671888293447799,146.92407523890307
9.064372914126624,146.94727856729162
9.935439875932119,146.44173076949076
12.153906537882476,145.32650342779277
11.426612838949842,146.08341317534226
11.813259570098609,146.12765235368474
13.659712141281247,146.77072077063767
11.600076987930025,147.9079066089718
12.748268103998019,146.61237670919493
11.914763047927483,147.50548655399265
12.726755364879539,146.27028870075893
13.469775841288216,146.65844532740041
13.413888220559757,148.0306524994301
15.204945664718233,147.16402819569117
14.65018252865423,148.17438380298097
14.12980216582753,149.34075001028444
12.2218029855946,147.6148990006304
13.036645662782574,146.93677194820745
12.786964309772575,148.13673852037516
14.571535451599779,147.57715160724007
12.088087393360134,148.6845004725029
11.02811154116422,150.48236014659113
10.671508679545106,151.1190438329953
9.711219029427461,152.4444970209384
11.294044754471262,152.51398873968233
11.182645493305005,152.5086003218998
11.141890073055043,153.47410733721253
12.354768768829853,153.82272637302353
15.44420546510453,154.2425494518905
15.122669049974064,153.27265252986797
13.997903508693032,153.2635200077414
13.588583817891065,153.1896179774316
13.46636831747403,151.53539858833105
14.807717763109531,151.46265251489135
17.48748875326278,152.54039653392235
16.856334230726606,152.67552340540612
16.399845173301422,151.5469095844652
15.279738666343192,150.49173237081206
15.926646534221533,150.75451501880093
18.598673702365275,149.80535219563464
21.06276610378314,150.178341523581
19.609415402398593,150.59247945737903
20.569780191410572,150.87580233786122
22.5020339512233,152.93770254557109
23.2235836708362,151.6869263206484
24.331532738926114,152.93077852428698
25.59375747977407,153.42683109012995
25.829895786717195,153.80077874827833
27.046633684872212,153.87402429885944
24.69407062994771,153.09362064121126
28.445474282167226,153.84866807738535
28.02277118936881,152.2525997586842
27.25236349915346,151.6974237444675
28.013676614572578,151.66619058272633
27.047054165281565,150.58089962165585
27.414176368523126,149.35784665361297
28.692638924998796,147.96507634059355
28.204929792702107,148.1190710633431
29.152989964618442,147.89571600985735
31.372629571757553,146.7944904911084
32.11158890967743,145.6243600539352
32.40171870004819,146.201638863682
32.52840575655014,145.91475161615668
32.87412483413087,144.73342893796197
34.76985716530338,144.85483860446493
33.86984195033315,146.3036817768241
35.81513301270152,146.473617383588
36.90737985524017,145.98672526370393
35.88290283242853,143.9097492128733
35.02090149971736,142.83578796157687
31.15692163908449,142.14367976033415
26.76839526812646,142.99253650301404
27.636118104324215,145.42447473528884
29.565850660443722,147.13853362788805
30.68811363736543,145.9782267466608
28.005084734256624,143.94993151536323
28.697425067827357,146.99429011697083
28.48559232530752,146.12419025320227
27.65785206477416,145.05591527801812
25.373019750178084,144.46642442415688
27.34135271847072,143.09479804721894
28.506521949639765,142.80493745077268
29.276064070867207,141.2835850371612
31.44210615927237,139.42393047529902
33.05458656634065,141.10975157654053
34.092421637847245,140.12574091850973
32.16102159858279,140.74967484411474
31.20934252549516,139.4713999156868
33.63794067007018,141.30515128219352
34.93449256008604,139.90872719810855
35.70095847093575,139.5814669635506
35.31824655788979,140.02321327765813
33.94655444616612,140.41558291422305
36.0508655533965,141.7466494938065
36.6773116376491,140.0285445390605
37.96072965062338,139.0249868299165
40.56876029632476,141.41382242291832
41.61678937851602,140.81406135270228
41.12347714742507,143.05438909066473
43.66032772554318,141.91405299401222
43.128075164515856,143.02839372910955
43.19908029130221,147.24723425705452
40.89853082223321,149.17590235957874
41.54110135584916,148.75481835037613
41.37438168829549,149.16271094693894
44.07862157592917,149.5415930393422
43.06118057391848,150.39036591362787
44.68200491052842,152.29870912828844
42.27232827928966,151.3968464045442
41.781028961012126,154.08240315944738
42.669672182324135,154.72094164541832
43.81681886713795,153.4989450788612
45.4315340616986,152.86547799996487
43.789133716911465,152.44237313165127
44.14688744923264,152.93225544794825
43.85282665135062,152.22625643559124
44.13498720019383,151.43365176706857
42.84354189854511,154.14108228004014
41.7856474149613,154.41813877410704
38.670382695968286,153.7559306243295
39.66848869225838,152.22576459447615
39.57304755354189,151.77174157428712
39.88407231397863,151.08461815998294
38.35681258078126,150.7421065561864
37.35293468195785,151.28080307087544
35.631348067107155,153.7861707834632
36.925586831687106,153.16007395733016
38.058976643783886,153.22352866453417
39.82796981534947,155.5586031501771
38.62621802960012,155.6513404838278
36.02642991786845,155.76537416643063
34.87043633242613,155.51637629365592
33.81603219002737,156.02380321073704
34.27836044576566,156.353212784655
36.016651769616615,157.5913649828997
36.67745981993969,156.79178831399562
39.29571567602055,157.50096920367395
38.59300527078541,155.35756211055917
39.8242357354282,157.12927809652118
40.86121107626797,157.12369467365033
40.36027486499354,159.82229464431248
43.957373712243616,161.1549005812954
44.19079483591204,161.07520830179192
44.43714120771456,161.20601361058692
44.061227216838674,162.1266053885699
43.80429149443185,163.78745056942395
42.14108633726812,163.9447495247301
43.02351254790258,162.62091579474495
42.02374222489909,164.49986648940123
42.702848590837746,162.5367531743694
42.10759346896677,164.63723253343446
43.62860174449195,164.65416415401296
42.37787102531529,167.62784424550063
44.56292539707838,169.30795130631833
44.9876797407946,171.1725289894081
44.44972829996679,169.39293583014347
44.97303965552645,168.91354027979588
46.791298766870554,168.08911262269916
46.752921716911366,171.38255480414333
45.59149821048325,175.61658540738654
45.466911197910996,178.24730291519776
46.55475850117808,177.04346864125316
47.029767210546616,176.18638480656995
47.14507960881356,175.14419214116785
48.83581371440018,174.3154968033387
49.54667518307898,177.01346590472443
49.035219345857726,178.85574771769157
49.26307004959904,182.57032313547202
50.410475145549455,185.7559875367745
46.569815630801784,187.21320914090168
44.300403463077004,188.637828261332
43.38795858329112,188.67492736267678
41.4180988976546,189.4459077234266
41.13489392813052,189.02550950989348
39.83354475744408,189.0690113393139
41.291160205262344,190.32653422597585
40.99458588412256,191.93219609366537
42.87943906025446,190.7328365156403
43.19431651048205,190.8237500286565
42.112893338688956,190.15559175976674
41.1976053212737,189.3143079702393
42.51923909933446,187.21773451673573
43.4239741137115,189.99351829769037
44.55618869546245,192.84495434954653
44.94573100206326,192.82615002709719
44.988402556164985,192.29978367909405
45.409697910911596,189.14113037337833
45.1356633810168,190.32252375558252
45.221974577439326,191.00046181411082
45.40329130407254,189.5631742817435
46.27556105565667,190.83250781664057
47.25178147812841,189.31522133465177
47.02383842582016,189.56350284840863
47.54157947299531,188.72685635229345
45.64642201730995,187.07917712674663
44.763356575418484,187.00820348976214
45.63038343352727,187.1597947210269
46.399200512335895,190.32533016779277
46.02267714262174,192.68053631141854
45.95833983267583,194.24856800178117
46.466488400898136,195.83496328753074
46.6506686473537,194.94658270961796
46.682399366518425,196.94071524869636
44.01514007362391,197.81894189251716
45.93465651381895,199.27700781484518
46.37931137787619,196.99793058599906
47.2810760061192,197.83404781269
49.39206797915588,194.374654472143
50.71989404619668,194.796399821271
50.05228950141537,192.64684185888183
51.94609252149466,194.39990965250485
50.95710242924014,197.9562992434707
51.09310628084331,198.01181969935627
50.40250524690646,198.1646466858439
49.08986351391582,198.0929729024524
48.39228687045591,197.8327298634872
48.36076936265158,198.20462038613317
48.63803797103038,197.33322440888676
47.44742792177025,198.47426627930238
45.49668322262582,198.20052810177825
46.72966307063094,197.5027203185545
47.57738723108222,197.72787490528745
48.507112107825755,198.83692355050218
47.46393918266094,195.4750266350356
48.65799736532705,198.09803560611286
50.52899367981639,197.54285149899232
49.392371949612226,194.38085770268492
47.81324731357343,195.32122948978855
46.833439684736426,194.36416325904437
45.26082656197056,193.59605491525687
44.967090049146734,194.89589003254582
44.26366078808778,194.1654222120304
44.724390544850635,193.25439758998897
45.77497472395229,191.4332609965383
46.66448408765483,190.01775672040532
47.48129898749663,189.08025937860486
48.56451522908226,190.2158917662152
49.57941063537084,189.44620852587383
50.93502562857923,185.79570573967032
49.08825947408669,187.86709399482137
48.079112777094785,186.38838963113687
48.84372639878769,186.280377920813
48.66528460191355,180.98981332158976
52.15651150284292,174.57080519282812
51.80797667002971,174.56368181172326
50.72154139869334,174.7439540877782
48.354160585022974,175.21045827948728
48.6256407666299,176.0706678877677
48.73638309397088,176.71476133423369
47.28302452075304,181.18139119453787
44.934844685828544,182.19178522071508
44.919416412520356,189.68688732657378
42.87232254700199,187.6067432206326
42.61713989742556,190.3769290482941
43.68000553527968,192.04971000744874
41.99553575515275,193.5643664188326
41.17849489927244,191.1231526043998
40.267123411846704,193.57966561609683
41.96226080135433,192.1757725046924
43.694601742766004,192.51091254051985
44.05282575619884,192.40427632568296
43.77296693774972,190.87665745393264
41.86400555046987,189.90694190734013
39.66375973436223,191.1118206567337
40.6163293023812,192.56455753633225
40.25440498568811,194.20962042175415
39.98308539626805,192.68969820319526
39.96377149100573,193.38901683184847
43.24774296178013,193.24713157692472
43.99070718178687,191.2727714451551
45.11106810177569,194.0382637971049
47.512668809584085,194.37822692438786
46.98922306862521,194.07615819162464
46.90762884643696,194.45636805161445
46.300096178890335,194.57855107354527
44.53966073771083,199.16781961436735
43.427517190134076,198.5361711808771
43.68102664968545,201.47779797536725
45.1213280123414,200.5884432412321
43.4172577067081,201.09526761380633
43.728591461084804,201.12232215564683
41.94232215489361,203.1544178950725
44.29067874811941,210.34788137169198
43.37127334001432,206.88613331183382
42.97749507622221,205.69483356438462
41.27420250355377,202.53988505556032
41.14196052025936,204.09772872139823
40.91169560988215,201.52729619308468
40.02869655797777,201.1067577320965
38.3364428274326,199.72004687609612
37.31358686947248,199.1794135350372
37.12895540592042,201.54520499630974
36.27824800751669,202.2136812105369
35.922613334793105,203.43008794072625
36.627607684482285,204.16137319122947
37.33146620169585,200.69461795853326
37.635708123682406,200.4920467128902
36.35951818806987,200.32577119381313
36.90288483958289,201.05267104745053
37.91959640944433,200.94373861425896
37.83208941324471,201.71210093097352
37.214420073150315,199.88697699963672
37.45021577526604,200.94628693046096
36.94676834051423,201.58516114471513
36.53349555261201,210.56761455088022
36.63289741160128,202.2200708191388
37.56625352626081,201.78453849799013
35.328586836893315,201.907107596881
33.58392925314955,199.64150106323407
35.92281253595386,200.21820441626573
34.60009905680704,199.5160895686129
35.66978316917117,198.2656032466666
33.5446943061336,195.62318660354723
34.03597781700039,198.70342613528186
35.03109635533124,199.19602342944412
32.69539026519704,198.27324177312758
34.466480645417754,201.2209437525912
34.21411521446855,200.3604046330382
34.322090160684645,201.6589157597149
34.32937031669233,202.3719732566544
32.26953503533951,201.81503779651317
31.12156244190684,202.10533300554107
28.361218613140526,201.27434353880432
28.27049981786833,201.86202620134287
29.53405826032616,201.88923471675818
27.196563617774117,202.04636363562744
26.875149953572638,206.0332440681079
26.8069410397694,203.07397346631353
27.221110544942455,206.05214976508483
27.205588533240388,202.25125734514913
29.59355650410066,204.86556529402537
31.757314572269024,202.29460920085253
31.24320587332428,202.00856605429595
33.37441289204794,202.00198907389742
34.77150306018752,202.3370232039924
38.08723101642039,202.36712412841757
37.897958442723656,201.95825342914037
36.605014003156256,201.72555936549895
35.64077626199981,202.3382506444945
35.76704137242399,201.27715121637414
34.69010954029741,199.97094674867176
32.61910760102672,198.9799630600193
32.36465604402025,196.23108096317392
32.859760308185805,198.41254847089843
34.00810037355024,196.98164403177358
35.519205336000994,196.39063886728724
37.106262612063794,194.4872565533972
38.343935479975904,191.12032522436255
37.983850683802714,187.50898564754777
39.174085243986184,182.2047640262734
38.97595921081333,179.583188306431
40.51262752826109,178.63615240107612
38.961104576988305,179.7803361246076
40.113834380439116,178.47810980486636
40.734572884542146,179.399953859984
39.75716063692103,186.18054525816976
39.04158912857181,187.5043159650948
41.21892959024055,184.3479459753441
40.75399780042206,191.0068023922543
41.18960284554766,190.4300732680463
44.84319616422822,191.46076099934967
46.9854259446312,193.62152781260693
47.428064257614984,191.7406180472904
48.704486135294616,189.84636271545278
48.53368058002789,190.10692236190013
49.070559095720235,190.9274981877077
48.791443865311884,191.7875855150436
49.46233225527634,190.28253245313448
49.69173388091182,191.66851894665467
49.24952528009618,192.06610134241637
48.96564457923623,194.49516729520985
49.06089356190483,194.80336014505693
49.551794773535335,193.63413394756273
51.70418713755744,194.4669004142634
50.06955956312016,196.5166178403076
50.474012845629986,198.86241653259708
50.42135832651754,195.54367102338048
49.499467761999625,194.83304665161933
48.06534121408827,194.9492260216627
46.841908144670356,194.98656242419557
48.98827029593682,195.11999316180118
50.09825710230392,193.27293724656363
49.98110251614833,191.03473368418412
51.12835355931203,192.51836695435932
53.70350733411216,193.56683732545739
52.764079063300386,194.66220328408076
52.40293693119844,195.08652365668172
52.5360867383509,195.65229921737415
50.717982924114395,195.13674635719948
51.43800035083245,199.3860054240474
51.11662835328507,198.43044063469117
49.8979275454763,199.65728375323056
49.81083024836775,200.96812012304713
48.79536784925151,200.78733435012902
48.18670941035734,199.93153608071748
48.183020460087846,199.65805436012366
47.33774760489114,199.76130951739165
48.88189875445535,200.4251775163004
49.37085726432996,200.15926667720163
49.16185962021794,199.3256543917084
48.23608496167118,198.7591451052432
46.5655921689458,194.70861545094593
44.365961305222925,193.43380891170835
45.98274067927286,193.3755269948685
46.28947398740291,190.75560493366675
46.07627381070956,191.373204881401
46.149308705584566,189.7180893926213
47.219205745403315,188.87154814839025
48.05789661345372,187.0719579852487
49.29502283248381,184.04382516632091
49.43622412764395,188.0100313168211
51.44061863075284,184.25431346798533
52.49201535160911,176.96560942660616
54.29436491806667,176.19427755329392
53.96396266448712,185.88049279342735
51.70433166160791,186.87185608570582
54.896004952153774,180.03321147923876
54.78811485015339,183.66174294536316
54.243963070418474,185.03143532969062
53.499709639890746,188.36738167972618
51.688302585397075,184.98861168036342
54.01480133150024,188.30438263748923
55.53358069815809,187.24443848803358
56.83156582540617,189.58057754600247
57.5397440378702,189.81065403217
57.77774167695163,189.69987679151137
58.64309075676036,190.21117614737554
58.96535316083644,192.153691071303
57.488190300229085,189.80702363786028
57.56382420266629,188.20698556966937
58.2038726343502,180.96292194808788
58.45549860536822,182.34158427636697
57.76490813008538,177.41706707184147
57.78023825789131,175.72801083341858
56.87579424608686,176.054964971129
54.3332864277535,176.22179517680812
55.436828376551475,177.04528627653764
54.60802490983831,176.22631903267987
53.08810590620929,175.2983240251449
51.41787050995819,175.9579542124922
52.74467264340781,175.1010787812915
52.47029730955283,174.24680195039755
50.72292863060004,174.19367546596743
50.35148193358898,173.77505199540403
49.37866159755823,173.82428930430152
47.427441428583755,171.8584363126022
47.7347341040216,173.19097148882048
47.4145585486409,170.22262433045105
46.96224260234023,171.10884675899993
50.068352206203755,172.3545871672966
50.81053093675968,175.16370637522792
49.555870673407014,175.18455558885807
47.68103091082942,176.0418127232551
46.29504774862508,175.65394969267325
43.604089425815154,175.79441333489746
43.44528242916722,175.02671479938854
44.93476295752297,175.75736730858955
45.318530645745774,173.2838779260019
44.55849797341864,172.394488494419
45.38047308814336,171.6607801466165
45.89251648620286,169.52611076762582
46.3708761943306,169.67755415944134
44.20051494887499,165.89928398859024
44.600485851529385,166.0856453350216
43.273141219416935,167.3149722462726
40.480634689133865,170.491041964158
40.09597374779618,173.26084446578517
40.85864164536119,173.89123968274149
40.510516782333745,171.8751934822879
41.228628132244765,169.9285902809347
42.88096806690152,170.8661435218178
40.56574243034057,171.89053842858837
39.312111389406645,172.93480757814496
39.27010067318491,172.79770631872577
38.47031733141731,171.26644933245058
40.01755775833745,170.26474519492925
40.232827033223195,170.60905339060167
41.09694286303878,172.18246102802433
44.31915245320603,172.7722346262845
41.48663347115954,174.38480545343074
40.684224502741934,174.62514021323798
41.2299327356564,174.98165244592846
39.97556999058573,174.28133910690426
39.84667379579236,172.64610368739793
37.43507398121923,170.7880589818016
39.04550970163273,169.50890690774398
38.18690436832584,169.1855097093919
36.47999139807953,166.4104044440395
34.76621834918302,166.02226264588032
33.55799895720284,165.00105460946392
33.71195250907208,166.67484129632857
33.41644075843979,165.26724145167032
31.7351068177758,167.85723047686247
32.01675388129254,164.08714977212065
32.125877011714906,163.9535109222086
31.531666739948992,164.58852506762852
31.85317419982846,163.15948362440594
30.391275215569152,162.50976323112118
29.712342283083544,163.91247097649057
28.65482327538296,162.21206172407548
27.936831506867186,161.02635428457157
28.302837610718463,162.2430108107269
30.42820187351285,161.3464437280668
27.844452705104583,159.93215964584508
27.92320184033957,160.13549223434285
29.177871237807537,160.59215220985874
29.64650604661511,161.46833278525287
29.659143580326052,159.1225849708214
29.340308253406892,157.7970200100043
29.048813376766336,159.63372143386093
28.436883852508785,157.63314213848
29.38287227229396,157.8077035606589
30.354676612307586,157.55237738123583
28.178363504297856,157.73325531824108
29.030252346236573,158.4583568340381
27.83796133741326,159.1683401081381
28.272701412901657,158.2284978969074
27.03547990041097,159.6692828280578
26.835482388763918,158.65865753343854
27.675160452846598,157.2594035509604
26.662530013626778,156.85968459694215
26.263108358335316,153.9298124257293
25.24339858229727,153.0073118400227
25.766158914787542,152.46224016978778
26.93325052302381,152.98832974215497
28.0339848219297,154.09035123254665
26.08634447060904,154.70665782699612
27.892454016107155,154.3178538977836
30.06211606774432,153.39468368342415
29.004754530048153,152.35472982558858
28.158036774713946,151.1586501215528
27.39451377581887,150.55951161313558
26.504662754620885,150.68156716531627
25.53070484640864,149.50433644690793
26.064838755554515,148.78580404548316
25.05837317437045,147.3959548575058
26.64984297594903,146.87863719183323
26.94786256867482,148.64935647766893
27.51819787234809,148.6791926345044
26.76708363833996,146.19404879492242
25.976452950570295,145.40919737269476
28.565466046358903,144.9446590017521
28.315364620089632,145.03347181398655
27.79452873346167,143.95421267158594
27.815890479675456,142.31358936509008
25.973158480902857,141.82352544645255
25.583505652656807,142.50294381970906
26.17448349790521,146.74531216925507
28.19028479676502,146.38639386445004
27.635808184153845,145.22342641363036
25.594746815605966,144.9854193288974
25.813845001692844,145.5202299496585
24.158211740275163,146.164656989298
23.026518002358685,145.3638003271033
20.61141150137046,146.4397634663303
21.690990713452955,145.05025231613266
21.098143005540056,145.7529748703542
19.03327161491959,145.30059262753377
16.913529509222634,148.41397612094696
17.763341157262232,149.4595449240959
17.190911580550306,148.68451945469275
19.008147230636617,147.55006997862952
19.291455595006955,146.3419277706842
18.70393931307099,145.1977366555217
20.847416957316618,143.93958943676074
19.22652482776781,144.1985820905587
19.09222841852337,145.0624332460368
19.636974296059165,144.7272414329524
17.700030379245952,141.0724293041015
17.63679404734264,140.5216895998452
18.503446661732507,138.0751509283938
16.74499615746106,137.65010424706279
13.178884451926645,138.4511355012925
12.544468880874827,138.5884681109526
12.031060466663043,137.9001830204018
12.803248960603462,138.479365843583
12.443906883443802,139.0914298233072
13.849399167442758,137.77261565557382
12.61175569854992,138.82888227340447
12.208882887924407,137.9453133091902
13.602139360924925,141.99722253093213
12.784167739561042,141.8926971206528
13.271192006542272,141.22759051036329
13.398719882233943,141.23437563539846
16.00445347302601,141.39053947317814
18.49406876305229,141.4319787008527
17.975467457850726,142.70467388778388
18.7725718780099,142.995104070194
20.195958625413763,144.39889792963646
20.160876090835735,143.24035165748992
18.331344206265204,143.72143675959666
16.760742752754588,141.24279588071144
15.597840750148112,142.8624030516536
15.823013987545865,144.43442413383437
16.95383692489579,146.16079884738775
15.04390882563328,147.5423151383541
13.191419445007053,146.78387670119145
12.23374437470145,146.89189582194228
14.272656223555732,146.15178357921897
12.04827670084224,147.44720733913184
10.63823191508033,147.41150366903466
10.014361985786442,146.394375739512
11.492850404081794,147.40897122130838
10.786932276899057,148.60525642294277
10.768889089171477,149.06854059428824
10.951346833613945,148.4294558477514
11.684656177194285,148.66962662254934
12.454470610918131,147.8858797639074
11.051480002005427,147.7380177008088
11.139232185241195,147.0250656972791
11.6655999733975,146.1147772484665
11.714338888313149,147.06350605930055
10.488555460009657,149.28377653479112
9.28122706778225,148.37023841215643
9.366662766047336,149.95145979788705
10.083290015167055,149.7424130839385
10.8220416519617,150.25118298221648
11.773779763507312,150.31073486856135
12.899218654903436,150.85465660058745
11.230874881711472,149.07326523815638
9.660100571333317,148.75767809402484
10.786926242827484,149.1281731187545
10.52636421747992,148.3532338071229
7.304584207646114,149.41975735303507
7.462432616984403,147.93755275112088
8.444531869659858,148.46027822028043
10.378778359088106,147.93200692833807
9.409669627536541,147.61504516193327
10.606523375007182,147.5844471868433
9.965258874834518,148.9016689198399
11.370379179475947,149.70849795830617
10.674050657546937,149.5400177816795
8.633575227644535,150.7755587731273
8.845749734946542,150.49882607804312
8.121150168478872,148.90979637029847
4.437052884660687,148.38368638696969
7.837319848592905,147.93160224213653
8.839648274231763,147.57852945063672
9.112732623238076,146.4442204081329
8.268610363275464,144.437259686374
6.36548263837116,145.0075596126509
11.210040663422527,144.40918469059665
7.153650639667522,143.84601106211565
5.786624526292953,144.43111325324153
6.583561868048159,143.826309160246
6.8940353420931215,141.8261135203077
7.357590154528474,141.59659622495047
8.710850286693967,142.5035907276224
7.354492865347873,141.82902836199474
9.291664969015425,140.0176144907193
9.960694799703978,140.13997052175634
10.965340104141264,138.7592191542833
10.935907228760996,138.47065558986444
12.863724011860594,138.68405750393453
13.694611725571635,138.42140369607543
13.028521122936331,137.75957136745353
12.36321664295838,136.32971046445223
12.436889078729289,137.26720057983562
12.136393420202534,136.2931154325521
12.589519975068665,137.51029609211355
14.657822140521045,137.9283497495657
14.435421526272057,137.57360287339714
13.621862283065358,137.22172318417205
13.459464411577407,136.42829455126008
10.828445143469331,135.81784544579756
9.62217965280187,135.51695003659978
8.370913567833439,135.71368932558508
8.130126764051644,135.46380128569342
6.2023492395550885,135.22137928827786
7.6453884645793755,134.93597926074537
7.91939842930919,134.88143750851253
7.025945158503601,135.03489312317186
6.133389681816476,134.9311471202881
5.785194608400455,134.90807165373693
7.041782975293082,134.6667240303201
4.106430348338371,133.9037265953921
3.7846250800194596,134.5492140062842
1.075375048502858,133.5455150931665
2.4334120843379785,134.55056211596448
3.6243234201159504,135.01716365896152
4.656333771293292,134.995340428939
4.784625154478109,135.35493699266615
3.861453760931368,135.49535101413235
4.850152706889036,135.84826320599583
3.592484813063523,135.13381425299485
2.1633131048662797,135.13439162811738
2.165838040812607,133.66404400041043
3.5610118341031916,133.49102013255524
3.9768251747225247,134.00142247140238
3.536647820995988,134.0449465625705
5.395811810828532,134.71018887910958
6.420403944770952,134.31124109910962
6.520261140171792,134.16601049054782
6.30442137292677,133.7418210849519
5.206269979222867,133.05094568516245
3.728777890170602,132.90740310643756
3.938786966474606,131.64744848551942
2.831927518715288,130.97839063348556
3.0036852106993206,131.42285217849818
3.0847970799315823,132.24123938529164
3.1005717429604447,131.5857401636206
1.6938090107191386,130.58646223969444
2.766409594235225,130.2354612819724
1.979132570525762,129.23732643027793
1.5155980062150765,129.04027279068515
0.1258188826980169,129.3737138025775
-0.3062160211701184,129.540024871407
-0.9197330552430043,128.28165029005365
1.7366137369745709,127.9024204481109
0.8932389479253705,129.7415027708424
-0.3422125589506487,130.04511615426946
0.196036274573555,129.16916187524356
2.2495542684970546,130.97493007521584
2.4535887827633025,130.97845639200617
5.15643486661208,131.11161046402484
5.17936367517019,131.25817012278458
4.489835129183726,130.97796219999995
7.656330556145666,130.81337405279004
8.18192245401132,129.82933093578976
9.85730926001231,129.48219356479825
12.394334718270159,127.02225218057868
11.643689102864098,128.68564754045866
10.691258008532802,129.48192953625542
11.764977035760383,127.00881950838388
12.181716331738409,127.20103919999858
13.049149619147535,127.04658977188816
15.51553897913546,126.34074948062118
15.805579604896462,126.36060036589343
15.602002345983221,126.06944316172516
16.195915980283303,126.06762092181502
17.436691271344902,126.8792607523827
15.45796975632353,126.61949865330509
14.497234430693503,126.82589333490438
13.549668467023562,128.4995111514234
15.048123792512827,129.26696558882605
13.811547889450086,130.12499913725583
15.540939902936753,130.1066410106782
12.928083231655727,131.73643137397806
11.6600208675065,130.50342989350943
13.404416024100332,129.17655195492094
11.707210838727676,131.15799406150046
11.581187277947635,130.4586063627848
11.45918788775428,129.99202603888992
8.93840922012741,129.04883308102075
7.685418190682394,128.09670895764455
7.947878597799661,129.75719389968035
8.888155004444378,129.65110430996745
10.777461409743973,127.64321428670557
9.660140611706085,128.9604183885188
8.828642855989212,129.77384437171722
7.893192167936894,131.02900755729812
9.816754336913847,129.9941690050998
11.491861943419753,129.64115900534884
11.895858398393488,128.8023472621131
13.43225791434334,128.21103662111082
11.447533949030124,129.66361062058064
11.227808274713936,128.8573337630573
12.162424435546964,130.0234691792117
11.353198515354304,128.87474475713714
16.62166376510753,129.0472862652159
16.07010670469718,130.41490891295896
15.329039236077497,130.4014062751975
15.306510904827064,128.97328506957558
15.141318550779788,126.99225876628832
14.445932251592055,125.94005202841818
15.085605759009258,125.7061578952579
17.892455005123708,125.46599850559657
16.342157311002573,127.33930486128719
17.68774166822418,126.80044709624913
15.981902713651321,126.51101620970093
15.929299663962498,125.67703853870738
15.899309499073418,125.39761916547539
15.17046623191406,125.431980762109
13.611804604922535,127.05499415161954
14.299958517846642,126.35097633489616
15.30065855374923,125.02099768248982
17.205262340680363,124.441272823523
17.33806091790109,123.66278212995324
17.755811973812968,124.06182442514286
17.585431436409706,124.10723789700768
18.94336256870037,124.8368559113211
16.542535495471615,123.91813993184873
16.067732834330638,121.35933177717605
17.9470602049213,119.09090111601505
17.654034533443575,120.04959609177585
20.11718141514266,118.59719974234731
19.916895743773523,118.17827791310481
16.894396034488945,115.55740145666044
17.652021351640006,115.95762635987542
16.09166584450118,116.9448481332892
15.154848379746653,116.99041879947397
16.682401250005416,114.19097361545498
16.0362496712426,113.34850082845209
15.594317864126705,113.0327577995979
16.944877672790735,114.13680773477319
15.325430885060406,114.27208481727558
17.753836856737387,112.25158842040967
18.524836848948066,112.16519879679977
17.26751473754507,112.99351595173154
16.726700111964032,112.95572277061818
14.439183243918968,113.0365614933254
12.185656891249073,115.27290411495056
12.787386975094014,116.51941706381723
12.335207016229718,116.04294362605737
12.721889937636357,116.20625864994511
12.957126450738343,117.83726583659006
13.109944814477485,117.43237123682918
14.112411391247532,117.7093684462043
13.752866488948847,118.13488059327112
13.353993898335347,118.74598537907765
13.351462496203867,117.28756161484473
13.19844885248182,116.41887474889008
11.805183315740667,116.03598341517734
11.954521005670198,116.76383024313162
11.55324795140323,116.03814068482461
9.32965151139595,116.18809555061455
10.110217217651709,115.58055115935291
8.444417125267485,117.63018490214795
7.8351331474172525,117.12912051782953
9.226082661026956,116.69960818057118
7.272618291448898,115.96436011998136
6.828640404547325,113.77762247386319
5.246786407443923,114.81744392457999
6.668079363715076,116.06228897792109
7.226171026671091,117.65292407728525
9.238107845040666,113.33767387061035
7.869364278819661,111.83277465875486
7.825958665238112,111.32298564221954
7.376393437189923,111.14685315172903
7.06013374177299,109.87026117987897
8.72303953355882,109.9194754497788
8.033548170075537,108.94128985916971
6.082881896875052,109.72826299094645
4.656221221074631,110.11451205990588
4.091170678916689,110.75732789556203
4.854773540293181,110.06904020279994
7.025422217723413,110.24293523282397
9.978838512392134,110.64421311636863
7.962425108424673,109.33804393447903
5.717595628309726,109.40624886353393
5.511056588948543,109.49614042582232
4.2631973495730975,107.35829373353538
3.1663096902233243,109.13121084794922
-0.32496450353781503,109.7021918754516
-1.3162723976947681,108.61596978811079
-2.382017698665447,108.71756401171841
-1.9503129770075627,110.47305683389351
-1.6772949922271105,108.96394203181255
-1.5565056156962973,104.07633028947564
-5.039782849883057,106.9511147136558
-3.637876520174558,108.364735990866
-4.0786379561028125,108.86972597734626
-5.742687118150535,109.94447332601473
-2.9873560503418117,110.48485267045606
-2.563466057643776,110.39749037858212
-0.33264363184193924,109.91423970617808
-1.1816197569589209,108.83938369979812
-0.4352886571237018,106.88526698898112
0.6716118311345829,105.51679290157438
-1.4611798880631737,99.23864146050995
-1.725287291140529,97.88474740279963
-4.46121999935051,97.47450071444997
-6.418107507735267,95.85799814258081
-6.972795312736638,95.92680097037073
-7.741767276974294,96.32074516644512
-6.719282056538841,94.94505585835826
-7.909967956875056,95.09029099208698
-8.165052864211631,98.56348276027747
-8.507435706093961,98.0189085418456
-10.0019252496588,99.1488572569694
-9.012433259579371,98.14807018878196
-6.130908299423158,97.99571894364875
-7.262973963603891,100.50012915179575
-7.6740755555689235,99.60512910577413
-6.300431601334359,97.64856001334002
-4.402625504117464,100.42745499376205
-3.0900604565948093,100.99334107148957
-0.47635970554493,99.00189620795739
-0.6495056220775941,99.21186767716662
-4.946167596101402,103.91474660171143
-7.293082146575371,104.69753532508307
-6.868108741499582,105.14198119586061
-4.311553503134504,108.56949049894708
-3.86313899200398,109.06582918288655
-4.686077694502829,108.12752876912361
-3.949935721009653,109.13530776369885
-0.4057106280021894,109.39189272150163
2.248982864477439,110.27924600963593
0.8759586591169504,110.37509115441105
3.647133569921099,110.77754983400678
3.3427711874972985,111.54491682978282
1.950493624635135,114.92444522521699
2.2019434412222774,114.23399785428408
3.1390689384519614,114.96925332708783
2.058813287403365,113.9613390061757
-2.074758889327069,115.67546348789338
0.2276515625904172,116.18233311149746
-0.19052610521310293,118.11371759683661
-1.6524504942860776,120.22384455086026
-0.9957168839109357,120.4155255406582
-1.3288457080639953,119.81413986837428
-1.3359606703301785,121.15265716241949
2.776071483094205,122.06109489472165
0.1754257488621076,123.19984290249376
-1.4310833114031758,123.71089257603944
-2.2552144174708246,121.98240354240272
-1.9534196959639565,120.95208365670209
-1.146291809590625,121.59820012607601
-1.0530750470472339,120.58866001790433
-3.634723647471711,119.7321402161308
-3.4104015575958675,120.66108318763247
-3.6813730677729053,120.27672996373994
-4.80173796323827,119.7173447750312
-7.657037259835288,120.78494901989141
-11.14167182343994,123.1571299954659
-11.496695445701334,123.05161097220315
-12.932859732317608,123.75309389130705
-16.87604870160902,123.4121520115311
-16.131847974788467,123.76320418020973
-17.42247862530028,123.17286389469257
-16.296392540295336,122.47887117624569
-14.15832289486742,123.01790728518179
-12.973106560758893,123.61838825577144
-14.212351574419591,123.36825525468119
-15.2136655057926,122.54253178813768
-16.047934753033196,121.16159059410943
-17.354973741530216,120.66967343991998
-15.568167396688345,120.5104273304661
-16.674372931280125,120.12730534993727
-15.8374237462272,120.30384462130495
-15.746363010408015,120.12196821891251
-18.051345329863363,118.57160612513026
-18.587040734686234,118.12137351856852
-15.785936214623963,117.88269632709591
-17.750585296629822,118.37235891569658
-17.160976393956904,118.73873363232
-15.64782381805478,117.82695867026762
-17.841190384045408,115.31188054285757
-17.41844780208278,114.95065293354
-19.27394833616019,114.98204118182845
-19.337254001620305,116.27886164807624
-20.292930711111964,117.08102274432959
-20.919850526729352,116.35985684016723
-20.717116236440436,116.93647265876585
-23.309930455679392,117.42078106474308
-23.774975424316487,117.08175317839786
-26.51652592008619,117.61262950032895
-26.75350853861985,117.5068086878398
-25.42158715585155,117.35828268317452
-25.836060594139933,118.38812807728674
-24.96296624590325,118.3392964311697
-27.8668164922649,118.92732179584587
-26.77870585692427,118.4637038362353
-27.750874694280256,118.45638781132986
-29.18043459364995,117.96677610098571
-30.1442439829768,118.73732938819889
-28.642883928116746,118.9649806570281
-29.096178571289066,119.01210596422014
-26.909774490253675,118.675757552565
-28.005068503294137,118.08700011303189
-27.316465992899904,119.65769924807365
-26.94450109216001,119.97676944093479
-24.01630823666814,119.78052956473545
-19.47599194724205,119.06560789824952
-20.408057710841575,118.07060308867744
-19.03567401340005,116.78584457928493
-18.675973323812183,116.1851997913037
-20.20461184620708,115.44684588596334
-21.290519663370418,117.85696476962971
-22.062616228157207,118.49547243061983
-23.35278436525405,117.52321312849551
-21.77874067073292,116.19133136045541
-22.55604917533363,114.23947032690332
-21.108975536916212,112.59315960998397
-20.831451191424502,112.237699495688
-23.18689154538261,110.57455265799744
-26.622468814106693,111.6967540536243
-24.1577344781525,110.86430193362366
-22.08363366547674,111.46465031726069
-20.831611052460588,111.69285637436158
-20.71713102927717,112.863472727948
-18.298854695516415,112.92839499295317
-20.26723604916248,111.52811680999328
-19.655106486686833,112.46526270600674
-21.588922340893838,111.87607542889737
-21.59470879170361,113.4105869299042
-23.666206678701847,113.89875540265874
-23.12755580165365,111.30341671889052
-21.612612084195728,111.51794356487116
-20.998080179962837,110.05234624498907
-21.610232630963132,110.56440062594254
-23.10120383102247,111.26933446137663
-22.462584355540375,112.4219507045418
-24.386482272222956,112.19902535658237
-21.282989569160062,114.05135326023027
-23.386959215438534,116.72334532600365
-22.643655414710842,116.12230467373611
-24.408969218786197,116.77960078229243
-24.61639353142093,114.1315770008166
-24.847176391917092,113.38015818448974
-24.13958927614164,110.18848732036201
-24.972253872143327,108.28437015437036
-24.673445213910206,104.61388705701023
-24.737989131650732,106.67822652486397
-25.690211589599933,106.05468052159178
-27.779624122208606,105.70950509415638
-25.88595827983371,105.49799476102741
-28.537293936433578,100.08095566102251
-24.22604466875614,97.61440829779332
-23.990624046423548,99.47703325401454
-25.245303329678446,101.13192273944964
-26.095274578098994,99.32803274928185
-23.72491703355948,99.69805176398043
-22.47170559895825,100.03890528146063
-20.616645296198207,101.90495481720838
-22.260291197290005,100.50311038662858
-20.556658185338385,102.35164120478656
-21.626972011751583,102.06244266488491
-19.295002487066768,103.11910165267031
-21.18411919699753,100.6114908452996
-22.133065939968347,97.83507282074075
-21.235478195714403,97.13764322953648
-21.53086442634268,95.33425882797857
-20.364905681729763,94.06582868792579
-21.146758522316137,94.7900283422686
-21.64051625209257,94.12033962497839
-23.303326547404925,95.65195418497767
-25.644293782863755,95.91422002555126
-25.903027746004852,94.4510830650673
-26.286812198610246,92.68718958590219
-26.708528629207372,94.50886135670781
-24.880610951510874,92.92052096869396
-26.937090061302776,93.40359066005448
-27.417880329146012,92.99231471574309
-26.49815119242259,93.52834024859507
-25.309139806591233,92.57952352248621
-23.82315565586824,93.84561894657061
-27.026828190814708,93.6504530952732
-25.08380843945444,93.90184108232214
-24.73220253494209,93.48147753576556
-24.012655092821372,92.75692781470842
-22.630428142645524,92.26553203202535
-22.35853451334406,92.43170871682503
-21.738950946327428,91.95317738433815
-22.772649748834006,92.49724493052453
-21.77657872907032,92.37935281178973
-22.34464671455924,93.1387355856971
-23.65830830915225,92.53587446551923
-24.535844299478327,92.42731270479914
-25.356181670909,92.00511156106106
-23.480503972483792,92.12024819492348
-21.582538384116454,91.81566163257679
-23.05886884313819,92.7079441068839
-20.74915359429643,93.87314402707284
-17.573084579569546,93.27787307364858
-20.19173081756019,94.00509309047385
-21.57746726993804,94.51719606458771
-22.669584032909935,95.50120500354927
-22.275567947390094,95.6101561517893
-22.99582069521986,96.61565322840423
-22.246071051925988,96.60268545232424
-22.100113106552385,96.57096029855502
-19.970568128993186,97.47423450431492
-19.988451976500727,98.50155999676375
-21.256034968585684,97.92263843221536
-19.809772522918237,97.01577951409904
-18.06108181447698,96.92986835322208
-18.47026881193922,96.99163143898144
-18.50278468352448,96.8211731567461
-16.648446271525405,96.02892600280742
-14.656812957546952,96.26216980257726
-16.441863022790454,96.53473601084886
-19.07133782839105,95.72774889701562
-16.615858772451976,94.93404899026989
-16.766777298011096,95.33940505952272
-15.530498458407548,94.63460751306584
-14.773488189415144,94.11850789343299
-16.119268046433653,94.8824325234505
-17.72044616390523,95.69039316002792
-21.172214218601418,96.49136837040373
-20.266487328251117,95.19682135966255
-20.059625085969312,95.02573901184513
-19.748621042830074,96.33344655989423
-18.409503466170484,96.82211237288115
-17.41671555316465,97.47087488578875
-15.38108073333849,97.12378902977463
-15.390613729843425,97.09413513342018
-13.679422971457218,97.32108387065561
-15.057084611845,96.20326805823395
-14.645668703151165,95.39888182630159
-13.761827336239016,96.46049134442067
-11.775051229351686,96.6900893730434
-11.073160596504204,96.1109892894747
-7.901447237236508,94.88777340655427
-7.64921583931291,94.03139667237863
-7.413711480162187,94.09888768386345
-7.249116225382053,95.25475341005016
-4.471893325627812,95.6237805548277
-3.0441096343433784,95.98416523066219
-3.2262122500821464,96.01968771054548
-2.811814530890891,96.10722421971299
-2.2255623825757316,96.18070457524323
-2.9577091754170852,95.74668042887265
-1.380142255235552,95.23027421614307
-0.45475141843705347,96.08616343826984
-1.6946830696888489,96.10639639373481
2.4302847929893074,96.47382220300833
0.4508859259807534,95.8170176981302
2.6813773519983486,96.5343794941894
2.029571310811281,96.18081164334471
2.7654630597776566,96.99146629841586
-0.11201242885725904,97.09212622368347
-0.7142615135166736,96.37489008297162
-2.7364127920830166,97.14240624944117
-4.826032608350725,97.17346272803195
-3.0066582737947902,97.5396302703403
-2.2261437876669774,97.1563888357025
-3.804843538707161,97.85665840953219
-5.156533105748911,97.21279819301694
-3.380886930052844,96.79702621479257
-2.7172786066400962,97.06133484628062
-3.2786041346558017,97.98067873688967
-4.742905126649948,98.08856266948895
-0.20977072574858546,99.08409426821994
-0.5023735590805793,97.26128740420612
-1.3297856359029914,97.01842566739674
0.38938870127475145,96.79213464817872
0.40141294921407,96.74381629220723
1.810225117570675,95.27163948178998
3.20447201399993,94.11250391656333
4.995356534953252,91.9093969526082
5.68941388077459,92.06357719525121
5.9129539614812225,92.39379320767401
4.3976308371618025,91.97950547263017
3.6040415771364427,92.30926557033654
4.060187967638085,92.72999673739933
4.680021941752298,93.59005569451976
5.1066528148826364,93.16208700713499
5.405780685331901,91.94522235266805
8.388916894599046,91.57586539239078
7.613708398626748,90.3947088455676
6.635166787829971,90.67173140105089
7.545890485351595,91.94620686448282
6.416416957283094,92.11150493617642
6.375690908182075,91.43353914072023
3.929194049845748,91.07529924576241
2.434318002257025,90.7069844846099
2.5580639256612625,89.64000577093908
5.056409571330337,89.66395592354115
5.847843245196259,88.07805287304355
5.353142002423443,87.49735273412062
4.964174182738438,88.64529244020272
5.915814419011106,88.99167271517534
8.068997945471454,87.8329585108455
11.191405258698918,87.62041376992424
11.32143465005789,88.37338703814515
11.944555661299159,87.1500226961022
13.14864721552134,87.62997172441118
14.645076266375742,89.60701416699933
14.93816863942426,89.35278390241476
14.554434371344335,89.96276826325494
14.280338731576595,89.36413810599369
15.292889395302787,89.54332150324522
16.216951937648247,90.20665442573106
16.22456406899113,91.06799219791586
15.869320792526347,90.54679625768144
18.781414590860724,90.33815860701796
18.425836622537755,90.9688912795533
20.857365123141882,90.03146224436752
19.83336062146947,90.79939020505161
19.01185097212556,91.25798695290625
19.09893980202308,92.52288981606043
17.134408305710302,92.25349628855342
17.68185335085655,93.59344742077667
18.130060199791707,91.58707711736118
18.822271667810337,92.60872011937248
20.91409201165166,94.73979672776596
19.8359193447884,92.5650754839637
19.388288598501536,94.03939181402181
18.677634812815604,94.82180500461519
19.622034734776697,95.84303328580224
21.644858481910667,97.02514667915835
22.549142381204813,96.58051763141276
24.631376054911946,96.91782544859853
23.423273755566992,95.47430443177593
23.553360367911885,93.21328398403938
25.188655506517065,94.65048520512596
25.979212360337165,93.6174196466581
25.277135012241235,92.31335113226162
22.681393884229536,92.67631709097509
20.64989634204732,94.05772824812725
22.461388582898763,94.08241874859364
20.886466343697442,92.14147132682436
19.524099500632442,91.82221794601188
17.668440276360126,91.16688591159459
19.10802298830607,91.55786638547643
18.305689485738412,91.72977874968707
18.1703775872686,91.61671925480266
17.87088651412152,89.47133882707963
15.523083482736844,89.88404370784794
19.054761835397628,90.33373791946337
17.659131144001933,90.99469488676438
14.287452072814942,91.71145519828598
17.816175971754884,92.70571227721278
18.34047495423329,93.10462400806412
15.728430903295346,92.3493458760961
15.854681475056319,93.00267473395962
16.80454349802461,92.73640329281616
17.26035507721226,91.94250704059641
18.12318987041527,93.11382671077536
17.631699528915256,90.64713774429876
19.72962471017493,91.52699904550279
19.302392437073625,91.68633670142974
19.735342304271967,92.3136096596875
17.46300718050365,92.08268345548696
17.40212010469183,91.8060599731245
18.938385745997348,89.66910080477909
18.908039903051648,89.96137010168599
20.634284692815786,90.69008651551451
20.303950679174438,90.99274334404272
23.663063758397428,91.46477552768698
22.943024385813303,91.27901314099454
22.17909824497957,91.91998452849768
23.973302906416386,91.5651089827199
22.90064768370495,90.62844078124218
21.288809981067725,91.24620386142071
22.163049296609472,90.31260133537212
21.647224125139644,89.76683182696465
22.92389662028016,91.0540642480363
23.975595665891937,90.19588228703718
23.360227809168695,89.89394504502556
22.166087793387835,90.26000071558826
22.20592270354753,91.05020332098253
20.408034127817718,90.3034068320833
22.299767210962138,90.84091970439401
21.97141647683063,90.58668350703161
20.104097334957714,91.14400284694666
18.758233543367485,91.58418611452447
19.272733701730118,91.05714210563636
19.23483189708874,90.65939775844586
20.36757360008214,90.44553342065817
22.234639589935224,90.90989504780946
21.21925945684581,91.08285480802125
23.168848542181586,91.54881501033545
22.924049798970767,91.09215702756782
25.038309194954167,90.5964747950484
26.476012932684526,90.72645288770448
26.914357559926653,91.07941595604072
26.230274640865066,90.38432099203932
25.878631293580245,90.87648594570112
24.84698456269494,91.2944311872405
22.278846101840127,91.69822276018546
21.726110536246953,91.8965757525634
22.748149780406123,91.24507468960991
23.430737846204508,91.87837401261123
22.27172038087941,91.72885614208988
22.61306108971123,92.65994753047002
21.01994951011917,92.96963331789894
19.27776308197624,94.70793864838197
19.9279719207228,93.95551761154825
19.93737243219648,94.47069069897347
20.799091050218212,92.7563667523113
20.681498055572234,95.81443129513563
19.345325285386025,96.5635480301418
20.844901072244216,97.76932646536095
19.841580865333615,95.97427039332592
19.5923453865067,94.82436659035844
20.580385836304075,94.42712756401528
21.386434431089253,93.24687937912942
21.368346412777406,93.60634098599516
19.331383025142628,93.86458110268579
18.94071515308786,93.79470638230374
20.76534596662844,95.18144675083576
20.484250788587545,95.27361383631842
22.72601618511488,95.33851513969302
22.565666033493816,95.5553514310898
22.35339045084429,95.60795226701721
22.584517731487512,94.85662516342718
22.49788702731659,94.84777486581736
24.436297628795955,94.59020860566434
24.05873788491449,96.28689736682693
26.367724736190652,95.99623758089176
24.73524255578636,95.12647016991117
26.042661713168112,94.45125268635975
24.8549838529274,93.13849362714426
25.235577859780395,91.91458586917919
26.532255703795272,92.91993643789279
26.34109287356977,91.38059567288227
26.32911381999044,91.30097199233626
24.52624406842751,90.63655766232954
25.896185403818862,90.76100765596537
25.226744721308084,90.3379107969942
24.19401385705756,90.49638859461412
22.586657350999154,89.9094644630311
23.353936600028444,90.24090910004401
21.93836773434783,89.82480376106533
20.954412952722073,89.23313943023086
21.464882133892434,89.48439232621534
20.609764712223217,89.2846739963086
22.522900115465806,89.09787737960957
22.33275855625296,87.90631737608344
21.353916145730686,89.12346576471947
23.41705407421377,90.37988965857157
24.55553406251592,90.46236266441107
25.646294082263633,88.79255750186668
26.787527556043344,87.98348561129826
24.125587859117577,88.40874894183486
22.582277693201977,88.05903022782589
22.549542417155244,87.94886339930162
21.522867147198806,86.89446729925342
19.43617876021749,86.77659832079343
18.8125155414594,85.90370019329659
19.844741360278892,86.74777090568166
19.01448795353786,85.37556736062692
19.097523124664605,87.69308151999883
20.49569828168171,87.2217383457109
21.900111750068042,87.95307336149475
20.7283356415695,88.47488009773106
22.00758270802398,88.12634428923758
21.34459628055995,87.17386922784232
22.145266568293735,86.82475587849225
21.432845140029283,86.84659041159607
19.260682401001667,87.19338114709988
20.706180594811194,88.399616099341
20.116461204478146,87.86660591369987
17.9971624254247,88.53132229698384
20.201649344086217,88.28691023432927
22.345614113547438,88.89129545775683
23.119261122225126,88.73581249645858
24.911709879017316,89.96535218201002
24.02152412467576,89.33987143913922
25.029860789381917,89.80467202848375
23.99665572253033,88.83459936710436
22.850601586168974,89.13336700918542
23.739349780859705,89.39228311019403
22.765357778563292,88.78359213553485
23.41020363840481,87.0929817783434
23.30305186249416,85.78350637542263
21.929422153831375,86.60575940482364
20.176116261201518,85.97468885550498
22.498512266893975,85.417461565893
21.921837520962,85.08705196239445
21.503912215147828,84.51860353350907
21.499705140988507,85.38707599191417
20.962706812859274,86.7519704128429
21.56898746532408,87.12176619497653
23.444471593145156,88.02361831974089
25.337399648092774,87.94775084081617
26.47732188394862,87.33072804675929
25.741321677734582,88.99688595865558
26.05308641355092,89.71390392110739
26.032338266553623,88.31999374516046
25.822204907836696,88.58141847239317
25.37560255593081,89.25200767080712
25.67375269774713,90.84667657478587
27.379682186231268,90.91510724210816
27.33738611988339,90.65259216576665
25.285009401464144,90.68545783444836
27.28936005574403,92.23419624020397
27.472949347387253,92.18326211107797
25.48925176864218,91.5655638896402
27.587042177451057,92.02647787851234
27.45488939001035,91.2709736416716
29.40563832383501,90.52527823081556
31.073261609333745,90.68580631928516
31.351831666297247,90.28736246922163
29.897918095582472,89.7127813764992
30.357129411525783,89.03606415591759
30.280209225139902,88.85981649130204
29.457989615697347,87.56453812053402
30.78676419384384,85.12896353492452
29.632960765849287,84.54935806414011
29.89759355009344,85.60682696867514
28.85673049131609,86.11330797302833
30.88412997475645,87.24111013735825
30.859517425937824,88.48501143606717
30.91021890640469,87.50676852483151
30.139690972374016,87.07099169276859
28.21089747297646,88.57638632997859
29.347664668240093,90.17164277152584
30.480490946393132,90.04935688868652
28.172209674981943,90.25423862743517
28.828388736931263,89.62969682142149
27.961995097786303,89.95168746417502
27.560710397661538,91.0151513482
26.99831974589917,91.31704876982162
26.042771844560615,90.466211670722
27.7284726268921,91.31093340972694
25.790052304475672,91.90805931234
25.787590010026772,91.74271394583847
27.234680614588143,91.31566517360837
28.64435020711896,91.83451822050309
29.13472270491946,89.89592830112865
26.00375094722952,89.36755801810887
28.599982388278402,86.74007620007974
28.08775691431435,83.7915993296451
26.072135366295942,84.23520383028198
24.252906317021544,83.68862684027347
25.241945519190317,84.44891000584187
24.27571115497185,84.35324610897321
23.38050278703694,83.39832529877253
19.86667688948171,83.13651109855086
18.627795542585336,83.78496785407592
18.03916487515139,84.13018802495318
17.80316383765268,84.5946731622538
19.421019233749348,84.58488945035504
19.85974845491646,83.25955014564907
17.703107685044913,82.21524757142282
17.22234677044453,80.63058206235448
14.990409907579313,81.40528566837759
18.35692972780596,81.25160685299775
17.75833289362096,82.36209214526525
18.571134394792352,81.68507870190501
17.312132512635355,79.97849369538704
16.187405373855185,78.67654924546629
17.75126454497664,80.11229927086423
17.63703816886826,80.61855251245795
15.92338813570389,78.10552686693251
15.935767233103197,78.1788600571725
16.991707095194975,79.30218827526812
15.775905123837095,80.00603802360375
16.204852618278537,79.91012823788877
14.119273800197433,80.17201173358261
15.443351728623071,79.9189924059932
15.193223780095629,82.06967449503469
16.754452834355046,82.73595383635713
19.2658676288233,83.43475182070136
20.511727091032924,82.43844125275453
18.279838233494544,83.27860284086158
20.21574492061021,83.60768128488368
17.792702776582466,84.53386633619985
17.194937551228655,83.11995866588991
18.98728929277175,83.8355597218869
17.815078081859383,84.51438624217275
16.433380080045577,84.4800171620222
13.753857155123043,83.71527161570359
13.557164150286997,84.27978907052
12.217287435510293,82.74343837243454
11.996396993167052,83.06256452887773
13.515483993889578,83.72106897435467
16.746815562849804,84.96039724980592
14.633165318887857,85.55766253834986
16.62132293279934,85.69265880598655
19.124767064335565,85.3975683515874
19.537931176400434,86.19307036506311
20.175613898651186,86.00099811547669
21.574154079522373,84.10763606680308
21.617577066752993,85.67940095927715
20.286853709647033,85.01073468831254
19.393046095072087,86.18136076079516
21.06741095519646,86.45300654867556
21.21211202678389,88.53720858400527
20.845223075125904,88.8447944683341
21.799528149151016,88.08012259602603
22.74064568770817,86.2472725700562
24.31971603973384,85.6764991911398
24.063761233121586,87.33559457038004
24.66079312203178,86.99421134204971
23.688753125515625,86.82597835218861
25.595096922805645,86.42636498281861
23.553272596710855,87.17156381421796
23.950441011965506,89.67627198200589
23.169164987168248,90.89449496673578
22.69970623063471,91.12516696461866
23.75143497021574,92.30103625700592
25.151780302669152,92.50964034657777
24.718073309970745,91.96412071992135
23.995799202159066,93.0053452798326
23.54373232763554,93.88751368907627
22.022651384411187,93.72938476877937
22.32694918791103,93.25775989890342
21.38631255292299,92.78055449961619
19.847508743866776,94.4322957808039
20.301391582269993,95.09217514056802
21.657550047611217,94.95795513807427
20.821234636767063,95.92405448569131
18.80840705322502,96.6443572208987
19.011664592249165,96.92396579904647
20.356281070181378,97.23407295873153
20.40208817467538,98.31110873625683
20.056063834665967,97.35888117872734
21.44903013972786,96.79713041105829
21.02923444742559,97.58642635921815
22.822734738682982,96.42759615607889
20.590506141158485,96.61516642992619
20.096576150663285,98.32223281554683
19.39184781267855,99.47383829173485
19.060200404139263,99.47366809979277
21.15604397134591,100.24596548846675
21.01598177560959,99.66519763765767
22.33748319282265,98.43240318687957
21.039141976599335,98.79108545748979
20.38780065780466,97.21469876219128
19.141562164659856,97.4679479600994
17.252322806098242,97.7800150336449
15.705083922017682,98.02960952983122
16.034127773009022,98.42847074237145
15.239925815303298,98.43582578467652
14.991809834236923,99.20975991704393
16.329598004258873,100.51054119281592
16.487829871735865,101.13702832046071
17.469854599691416,100.84310481862293
16.984393509621313,98.50886153893549
16.637060586417697,98.97762143358742
18.57827585139243,99.06720132065242
19.019152431135115,98.4201549350575
19.487778692178978,99.27533801731408
18.63525555949666,103.39109133883912
16.780063791708983,101.59849738850792
16.145000132044288,101.73997998788336
14.831167480254814,102.78675126505443
14.858055448852326,99.45972439735812
14.988701503591534,103.16562663114796
14.30476325749542,104.56650071102904
13.51481012193147,104.11336214010286
13.805437486864971,105.21238195646106
15.22472193119514,104.36951102867506
15.779566833367358,105.1866178459411
17.125991165283427,102.1591156167857
15.393912924099624,102.52928300053779
15.424038619541145,101.59733270226401
14.765683544906482,102.60474940209018
15.095193094696043,103.1370200603403
14.366086785702066,103.26652727824842
18.68824075428131,105.60705976958029
18.24847749478745,108.31033270781644
19.33424660862217,109.02751011909463
18.652734852330664,109.32619848527527
19.8921103945351,106.55479333817478
20.788733262891604,108.69335975949777
20.853329071622046,106.5609350975055
18.6619231173386,107.14589878637257
16.172015805568194,107.6490476851388
14.637987237850645,106.31176795995698
13.846231086845599,103.90399957766611
12.990438703549055,105.28982447440636
13.072723297696351,104.26740610336952
13.992732523170737,103.92547204655085
14.09429364970302,104.90448076093469
11.790729479998296,104.73328884916822
10.109148385637639,105.45572849201548
9.905516231216799,108.65180370228975
10.257871452849,107.93356792411963
8.772500023650132,108.87190194938223
7.5782483818855155,109.8083437978555
9.828383163410091,108.84860855222921
10.752537973044339,109.84532315992398
10.737685007800264,106.69346224803309
9.773522857988679,107.64803038363813
10.950641359731248,107.52898283870297
12.105446871540321,107.62881246819167
11.217504053550853,106.37729757565215
10.75808661739314,107.6749822415725
12.307580142401688,107.70840632223461
11.575030708724775,106.76891059071028
9.65234982236285,107.26263765638805
8.62429555739102,106.50570221547369
10.569659584249305,109.23208231719794
7.953591859136999,107.15225848450154
9.023926598689606,107.8290338328604
10.484136620516423,107.11196458564098
10.98986795098722,106.7573251874257
11.760670296499145,104.24453041587276
11.338700026247471,107.41939272778113
12.278241495124742,106.47589386945164
12.549057078405427,105.53782059125334
10.663239269611386,104.49914196340677
10.244556378469731,103.38350205882621
8.338227989193154,103.11755769835398
9.67663211276352,103.4121728337156
11.095132238417978,103.08897798654172
9.943589804844613,104.63760645684184
11.974733524401536,106.05512640208111
10.044451784028851,104.96131811951213
10.132251504902484,103.48954137434511
10.736654009103876,104.9058379560168
10.831763634937944,104.13287334635422
10.685543858972574,105.75897751224772
12.912925168078786,105.24042104300318
12.665572362438269,104.74476315871242
10.936231521318422,106.37539549426414
12.267190720005814,103.50684280256442
13.828716034421996,101.97352943580323
16.102974402124566,101.29732739020886
17.98261029029702,102.16065499294179
18.231147580825947,100.45146192132309
14.92688806852097,99.33857148516228
11.685109281998752,96.985922467287
12.473970856746188,97.23298351305856
13.62025324428395,96.77891456819872
10.344321600679217,98.94470120012818
11.590404665874402,97.57680060327061
12.084220685606459,97.18512962023165
11.714144862761705,96.65177195093801
14.84119698942737,96.97284442238933
12.304529846353157,96.90732492765021
13.442827800440007,96.7084184762594
13.452763716650223,96.30865979628584
14.376739632482684,96.05129425333118
14.882352225109654,95.59402231789946
14.924553018107542,96.09714366995485
14.897709875371126,96.69464793339637
15.989292428956093,96.87954059410191
18.08325168911677,96.93848778391889
18.34917257565589,97.80946619897117
21.655199906640537,98.64187970890971
23.083448521886382,100.51534236108435
21.553527779719115,99.22803780374275
20.146320611624112,97.87409764699464
20.207511776954682,98.80547031011632
20.058660482843464,97.89188817371613
19.457920091823983,97.87475605907309
19.32327983531038,100.20787893578894
20.441557996587395,100.1104485787973
18.494032515377366,100.6464504531479
19.189314102169895,101.15288269023438
18.457698580711195,100.27116256817376
18.087083990166132,101.33592142748354
19.16193071029197,102.86340098066307
19.769003409230173,104.69819998517616
16.466664126596925,108.65166467396898
17.870122680419907,109.12632653289425
17.97743002196425,113.06428485443836
19.68616531838242,113.80223114789612
21.227114368081637,115.23001921567942
21.09644677292011,115.70423362019909
23.890747312340515,114.63500056329104
22.158088791744618,114.21412422567914
23.07140734431196,112.84105146914317
25.885174782048452,111.7399784301954
25.939839003984932,111.07656066651086
26.38203794727341,111.93419936316019
26.79720113505762,110.885476738356
27.676820065397575,110.93873851857724
27.90691919934139,111.7894601016509
28.838592933090645,112.4872083696057
31.128942302872243,113.39787156503178
30.85694506379297,114.4809002266836
32.11922591374496,114.5347802759116
33.072290005038425,113.96529637105009
33.22774937728504,114.31364843950573
33.93981956336449,116.14459241223406
36.570423310337915,114.81415200838595
34.712962246769585,114.50103738782119
33.813482931696,115.14682866538587
34.113233541914155,112.34169268476279
34.48742914328493,112.89689083538416
34.338142317240546,112.96542221890068
35.785651454502634,114.4836017589777
35.75224781567604,117.3035718099918
37.58606780651627,116.50625468083392
36.95085646336839,114.34462323570841
38.88206401059325,116.15138902302465
39.662930971926315,114.97548642600111
40.69795580078533,113.8011363397406
38.99340098840729,112.68818171938285
41.956529621710935,111.91114334209286
44.252086888998015,110.8426653979661
44.35644766423626,111.46711218783767
42.35714548041224,109.23095190263183
42.73977248181068,108.19520923331427
43.753058029387404,106.33608679782402
45.78822091463179,104.47650591718673
46.116295769263004,102.93889964733832
44.39420887055696,100.6049681614747
46.171531724224195,99.01250763022783
46.786556573458675,98.45180055511535
47.03646339141726,100.23600171105046
46.18399518786374,103.47011430710647
46.3800534286226,104.19947351794251
48.67598605596668,103.46895711038074
48.74917807618049,102.16476721199975
50.273519032063625,100.60936040506698
51.652194231378175,98.94502746019883
51.290373359364324,99.72283260959955
49.436775113286274,102.64375850114345
49.06829021867827,103.95732905123096
47.30035335369631,104.48584800756792
47.258138487834046,103.07532083862598
47.19043571976991,106.38216833891407
45.721599743394016,106.74561474319306
46.27149585873422,105.7827564212237
44.017220196200626,106.53179855246425
41.381277740955476,107.10320313821131
40.32694322005179,107.17915195414616
42.31801569074567,107.7576448236363
43.40726079614269,107.04229068428904
44.19916225032369,105.2332510408962
44.12163323012518,103.67192991911716
44.278770633737714,102.85231416038819
44.81042098223878,102.00649737731662
43.76581402073977,96.5334833389237
41.874881830099,97.07262368157959
43.64796288768073,96.00885592825168
43.78107852400259,95.54472323762555
43.0423436651692,95.76938491886301
45.21826161309502,95.61987813380917
44.41822759193255,95.72039364076353
45.61604220789487,95.84954788772423
46.351888069924335,95.08440190070613
42.633773918691055,94.17549311282733
41.505180970778284,94.7682294142174
39.50494163394731,93.92749059504202
37.812822005124204,92.4994785438821
38.50179997666296,93.79779901909639
40.55427614371617,92.36818107214269
39.845802878942905,92.65211617713227
41.614692096708396,92.46201640181354
42.366571180687274,92.10534984341548
39.997962022993796,91.80543354494927
41.44027565378931,91.71932888826983
38.72611155943588,91.32396413165006
39.74514897261002,91.13914065200203
39.177075965920835,90.93385081728273
38.54810087480485,90.73528041097899
38.91247514780766,90.12992247537615
40.39810513111891,88.19678565195758
40.882617909897334,87.50706231814911
39.09369262789303,86.56246760002531
38.20293585331097,87.82815415350751
39.33213233038628,88.51733828108156
38.28321135413998,87.57333341636124
39.526393306527005,88.49370260649569
36.66803353611975,88.30815281700454
37.80136962236564,86.23714285130775
35.090223092033305,85.08798168758955
34.29684100559781,87.55031858061317
35.11225937700627,87.2920733266274
35.59158031052852,87.3772272200809
36.08894208163544,86.68111298324155
36.34561821542406,87.97765311719809
36.3674452193301,87.73531866039005
34.144685944098015,87.52066859078425
32.80597648876255,88.53310324762788
32.56985775471864,87.61996180651155
33.575951815516405,88.42078884019932
32.35191651221031,87.74656547819575
32.05821614822962,87.41430074599434
31.51856807103461,87.61176130638039
31.584075851440577,86.91891777796418
30.634321033728703,87.72880296547005
32.04401444182646,88.49665882161942
33.585454670691256,89.92383810981576
33.96678111999345,88.92984345970042
33.16446903883825,89.53833229638172
31.86238475941053,89.63723084309675
32.54756494784253,90.01651334240199
33.25884980091745,91.13525878819063
35.84506635211765,90.26645965613683
34.081913969912875,89.97984566904641
32.629721589891496,89.31560926439312
31.352778689986334,89.78795572710666
31.07284519767644,89.83972229117126
29.339525048530795,90.02700812858282
29.215860733609865,90.2215119966529
27.999157830828945,90.26313204795909
29.31117928453235,89.25113863483479
29.405092367855563,89.43122920543502
27.14607601780352,90.73039662481578
27.62077102342649,90.89744776646502
28.168052414223684,91.48869794812161
27.838404544453624,91.20155339035345
29.36603780286763,91.36854215872631
31.27274963564071,92.61751727658373
33.321846201554386,93.77750568264017
32.11729961635984,94.04326379978342
31.922785266387603,93.42258124900437
35.065498840078455,93.29400242098357
38.19735609614371,94.61638911184059
38.16061370588124,93.0189339459654
38.87162449472352,93.28343110771102
38.44751918403207,93.45627331841959
40.32954171884772,92.45851530047437
40.217434453717956,91.7124443068578
41.16058217891152,91.31105543830978
42.13924560525564,91.51315671184005
42.734250868226276,90.09422563907472
42.83402712365762,89.78018539422543
44.31729311097668,90.11068927965155
42.91094622168957,90.31683951656481
41.593924468377296,90.9625659392283
42.02739829624644,91.03648707605329
41.01485012648024,91.00368916058181
39.592182775226945,88.92174255146826
39.34609298552531,89.83001852197668
39.80922915266805,90.41981852462837
40.67228996617057,89.5704708661398
38.532779690116435,88.75557913652979
39.373689448548426,89.92285003609557
37.12911233283304,89.92668336343098
35.41560683505556,90.25523773775193
33.40160907344174,89.54682756310136
31.65208830687804,89.62674887874903
36.522292305646864,90.10430859652608
39.333214512146135,89.02794911823284
40.749482096101595,88.69917677122939
38.69923907455016,90.27335218009434
38.99288293873999,89.58376830356151
37.230147861674574,90.58936874902545
36.7078989372475,91.03856785812236
36.812396398320885,91.49892499001473
37.11685922638819,90.60334243280408
36.98168841220145,90.28175445515882
38.167897581789525,90.93685888060318
37.586452943967934,90.575724720626
38.6716577325818,90.48125335077013
37.32845065900219,89.50916720352885
36.4166366884432,89.56961622710666
39.069950159860575,89.86761740532538
39.95611294379936,89.75604839909317
39.08195573009933,90.25128584185077
39.127450567612925,90.40000316855078
41.00452604859406,89.96171211146803
43.787833241771395,89.33471443406529
44.394823507450276,89.52672855134878
43.98030902877095,89.84103657051887
42.575344489746904,89.99484880848584
45.15485220750965,90.16662752129568
43.42133567289318,90.27561996171832
45.3720640332826,89.59245030687919
46.340871307880256,89.31220482661044
47.583806883997894,87.45815105844275
47.31099303710807,88.0100945664818
48.23481310738494,87.55709018229821
47.70279709032513,87.16161376208832
49.12185425388683,87.55809990060186
49.98220023576475,87.05208536083487
50.48542937807653,86.51995806113639
50.99203999399784,87.68018157603089
51.751339559134856,87.09201258457743
52.053277304185045,85.16733079869465
51.94191730582582,86.58497431561133
54.210142231369076,87.41293122712896
53.834574000161076,85.47847303269063
54.5633300204476,84.7409330946171
55.105672321345494,85.33081077134034
58.026021313695104,84.44066473860737
59.053542517778965,82.92922555219883
61.54452888055685,81.74523645176836
62.31588957352157,80.4746795184187
62.756042249424304,80.71172178277942
63.384862006245875,79.03802621570762
62.70065703518135,80.3606276837738
63.06607706620299,78.63872972161718
63.16272841079369,78.55586235483682
62.55655624513873,79.38660266414082
63.594750200856716,80.15128905487339
66.25181034166656,83.082561548976
66.39800535048673,82.96410172725346
67.66629714357632,81.40291495557476
66.6244188333084,83.15020433212585
67.22651076455901,84.20081017448183
67.44938836370503,84.06101159896113
66.9077599252355,83.31501446510649
67.14443131275145,82.98381470186446
66.48441213911273,83.22409854473861
66.50893178952775,84.49154329437681
65.98368405913224,84.12980926423263
65.4532671830446,86.37209207771008
63.02087736376209,87.32138875365276
66.45936874566858,88.42601709851739
64.42222864016283,88.42660685847162
64.9440153486972,85.95887130559983
66.92503909862008,85.97769663928287
66.65232772376326,86.79120958647135
67.64367788203039,84.88123475062646
68.22537107755474,83.91983468785844
66.59659884914029,83.62826035082551
67.09994597703486,83.26456180948846
67.7711817568737,85.38288637062281
68.52856140011923,86.43312143195047
68.43561441232391,85.53019276787597
66.42402063963527,84.74827651348063
67.2585723954268,82.76242236296402
67.27110348568394,85.46502137720344
68.84819269276299,84.75797970371652
67.537013018851,84.58587603919827
66.46295277732261,84.07725612690405
65.92907156454667,83.71851428405198
62.447744253263885,83.17941461217322
59.544732837484844,84.13427815910292
58.61885962997176,83.04102662252988
59.736142988624245,83.99538095569018
61.51778183670018,85.21503301960271
62.67019231136794,85.58960087506979
64.81049986343777,84.04319043768578
62.44183512380879,82.15970137252849
64.95154311271286,82.32578963414788
63.44728429244859,80.27975479359932
64.35104293771175,80.3569765423692
62.66146583456887,79.90624707309851
64.64646794636243,80.20042858659619
65.3632492053233,81.09019994624366
65.5063000084859,80.7207444812939
65.14049045402888,82.14834767066648
66.49772618122331,82.05332163241334
66.75373407561297,80.59838273745862
66.2333839012026,79.00185335983782
66.38383053405502,77.34403017654238
66.72519595428439,74.63564406799792
66.66402463057146,76.47965009144679
67.31531801495144,75.59608148290299
70.44943004592268,74.42179139393859
72.2180189556964,74.23743508780657
70.03753734094977,73.90310804766078
69.37291083559822,74.33502994315171
69.78614217750467,75.66411311446218
70.3893717154261,74.10059531979766
73.67378115445031,75.38789911488806
72.32538649958438,75.14518479813322
72.4269312753082,77.34554261832088
72.79689461879279,73.99765700502402
73.01048094820914,76.5336625141985
74.5605356853235,75.80619131869119
70.14345623685,75.41316419553596
72.01903932036734,77.93127461009418
72.17404036881574,77.79129973137478
72.5044191333285,78.99106821615591
72.7185571505592,77.9247028425592
71.7411855694127,77.10444931825336
70.01720474415917,78.45549281938757
70.94732248223377,78.5583833841533
69.35402713560704,81.03831009604978
66.02760824999281,80.83462451333496
66.04914155992024,82.37956187332226
66.108269695289,81.90304574966481
65.81133450250893,83.46520266781032
64.56884613130832,84.88937248143209
66.20143586810651,85.33007551759542
67.74543414733938,84.73649806569024
68.3865575988625,87.40649837680492
67.29199127792943,87.5634174114672
66.61185026354674,87.87291715883445
66.71487605198429,86.90006809913855
65.66919978683676,87.41017895342452
67.05062920759255,86.65494510441579
67.44456723190535,86.0231670103786
68.1356581426937,86.2627685066571
67.17252955359089,87.24048859323979
66.2583979278,87.25144632730048
67.21966480190116,86.61813850129708
66.57099998693066,85.33594941266361
68.77842583247705,84.60045019146042
68.44185322583745,84.37308798863127
70.40626670470913,83.23016414102975
70.65273129406312,81.56517024125739
69.04903714311408,83.79315080136362
67.40980345408391,85.20062799610925
68.61797627721565,85.05332886266092
67.78704741144486,86.334349371716
67.05965509952279,86.62385975771507
66.30407707374279,85.24453670132915
65.00435781641491,84.3456978545342
63.31180872292838,84.11427309493115
62.15275979335228,83.04898616946807
62.910354137781106,85.78064835533685
62.4131371065862,84.68798099139104
64.50731706608991,83.25161156504171
63.310903403111354,84.55873782679093
63.55712079457655,82.95711893485515
59.606668818711405,82.59014900070862
59.69118450355417,82.68157811404954
58.89426440708493,81.92529385302649
56.73587985934363,79.12709100812047
55.48636321451617,81.88034489472116
56.02510016861027,81.9540437070796
56.95938898780496,82.99218744380546
60.35180496297012,82.45767986681943
60.01311166555583,80.88099698237166
61.628129999228044,83.25528552422146
63.26582011976547,83.7047752619227
65.03823875269474,84.17438753059518
66.83202590580709,84.2534623810963
65.51305624144953,84.10196523550364
65.28656725521634,84.20446347800532
66.15719579877869,83.78714451939528
67.93073701795555,82.3718869689911
66.18351787903347,80.61777976957315
65.48530435876664,80.99692981424387
66.1877316956611,79.59692306076936
66.38146644742172,81.66252884611355
68.9455462295646,78.95143864408702
68.49915557553933,78.66337189748965
69.0666949868142,77.91499588410917
71.06823885823523,77.89517392303328
70.41214203357693,76.23625076511892
69.92391390433754,78.67423274034451
69.29385574655261,79.4621994744513
69.82784981100632,80.62472259228798
69.55639510253602,82.25548130959567
69.80709920186037,83.53866607938716
68.84055880963938,84.46138358976711
65.72243768535296,83.6800479766105
66.88925178362105,84.55429822909159
67.29390212875883,85.11506884080121
66.16667900548372,83.9098479410309
66.01949742317078,84.19986246223127
66.33638666329813,83.70881188641053
67.40180416688268,82.23540408594035
67.94437328505128,78.86003509860585
67.13238590184321,78.60291092448938
66.16638400762604,78.63622618155011
65.86019784939903,79.15933037082583
66.94643682666761,80.42880840656473
68.46659858297973,81.40464144968584
68.44846491438422,81.68101608069068
69.68272618361539,83.23402965014618
67.36067115477626,83.67411193424354
66.52099444942074,84.03096360053294
66.5994339378715,83.19420494981092
64.13677172133865,82.74081099966484
63.1162081687188,83.4094092152363
63.29649387152064,83.6042224320609
63.24757258719381,82.625478801191
63.40763462992398,81.39389633839406
63.307999265306286,80.73771366234821
61.424363392791456,79.42465775521804
63.03427097602382,77.84190967627944
62.033507175098165,78.9388892901399
63.33997716892219,78.17293364833596
62.70847764974469,77.64531516238787
60.15570726131443,77.90386620402973
58.658512528195146,74.35624117051663
58.604445266566024,74.32847058446845
57.74892323809837,74.31226412387862
57.490497694835135,74.23121066142969
56.00311305036387,73.19374194375055
56.937613694260804,72.31075608393482
59.6239815361347,71.7545187877379
62.31545435417955,72.70865320213466
62.100948288588974,73.25004630600047
60.19648830936763,72.45777067753467
61.417041834550716,73.47605764997269
62.80719649378156,73.68716442405194
65.24910960479336,73.4021639601007
63.06569935200969,72.98130137978079
63.0739554577081,71.85590666665058
63.32650679214768,73.0289080056913
63.58059656390869,73.29970433651249
64.5438246206609,73.18132946110008
64.90898486202464,73.46089098055467
62.056755613183846,73.43759381103392
62.19662569719339,73.85020768433942
61.89005050997339,72.61264284618493
59.60429178540033,72.25756110074438
57.967380380190455,72.68422038154014
59.19556728210848,72.0248320835269
57.723644632988645,72.62008670621589
55.52560178533763,71.99158494891749
54.46318533702092,71.3881138773845
51.88909313615773,71.26630640847982
51.2791272345751,72.35297704122966
50.05583665664613,71.36830802659803
52.29208193575906,70.93580128948877
53.839963937382166,69.85273663668997
53.594547941846436,67.95698276498747
54.306965913074634,67.79386265205832
53.05448238985938,67.04979840790757
52.54592190214773,66.69162912344021
52.47371505517973,68.1356581426937
53.14000245682238,66.80071277834485
53.043351664919435,65.33890839469167
54.14353943418695,62.96384012057041
56.4253361907503,65.9813253689001
58.50529610355109,62.97749959792401
58.813730611353,61.28675898948758
57.88941697970258,60.91116645615621
57.22959614333187,60.88751833622585
56.242293034650665,61.35373919148378
55.85521658430534,60.66392866224378
59.51638428348654,60.17379286403994
56.877282480979986,60.87166129435808
57.0073482605311,60.7353384531384
57.55864884351272,61.43157474348026
58.02833714407524,61.2741768446384
59.903931627355824,60.34196022333288
62.401364857207064,59.94598198769184
62.97749959792401,59.690550407555314
61.47321384962954,59.23389484790438
64.9833901018137,59.05784307045143
64.20780557693847,58.99271762301434
64.9511244484839,60.81495047253794
62.47484603450012,60.492243824277104
63.2431536373701,61.76012450408201
66.13857685654874,62.15275979335228
66.39857546122231,62.62215132743323
68.01211636417611,62.93238789064429
65.37206098331832,64.69576809194189
66.67692952656569,63.17686126716446
66.37470494172494,64.9833901018137
65.53558150756142,63.04392827581572
65.24644688087668,62.09830018667564
66.20509867631489,64.66728069280757
67.7035474613866,63.149416295280716
65.3995893592375,61.114419199504034
66.59694985365391,62.14017988737986
67.78173846318508,61.178448800625844
66.34217131377449,61.80750793985385
66.64827451726627,61.23008222665237
66.350041156408,61.51109455032848
63.50220731126918,62.25275588736349
63.680799968568024,61.22099401039096
62.86866205763158,61.628129999228044
60.1428558866997,62.1006515628982
60.72981294407589,61.16279690878511
61.44768873458115,62.05438915311948
61.652955768880645,62.15608818284112
63.41481371182733,61.81175336662592
65.11869871435022,61.98519497091956
64.64710081029163,61.44768873458115
63.052662029873495,63.22308315481855
64.67176954459768,62.640495438843956
62.88482268192922,64.3730798272319
62.93238789064429,66.74442876185347
61.9530030694977,66.90550801237991
60.81495047253794,67.22651076455901
60.42570295959423,66.63025204162707
62.05438915311948,66.51149880820545
63.08152698786496,64.52081288044005
64.76202974199151,64.1592000751988
67.2807173343591,63.17578852661704
67.22228626831267,62.55655624513873
65.92410112331797,63.245304376649564
70.41294285627296,64.10977607842507
72.20946376317156,63.310903403111354
71.50293694781416,62.71476317114065
72.0267793493454,61.54452888055685
70.72069290593176,61.4137002679655
72.49156771412154,61.031099825421016
71.09799225586586,60.26728472381835
73.12064338910982,60.374339765538714
70.94697547915331,60.93221671135347
71.07778252667288,59.55127415285903
71.03226173243709,59.35950307180154
71.7545187877379,58.604445266566024
72.84355077134998,58.53578862165055
72.72783210814772,59.62699517240865
72.96767103161118,59.2745759969795
71.30828226015814,59.1511779886378
69.46668156140838,58.867012900525005
68.87858756139693,55.29736458641792
69.74110313584322,55.18794036036481
69.86516498003735,53.40089317371306
71.19329049939884,55.92372737777313
70.63193730159153,57.413945009001246
71.30274453568627,58.506196029275735
71.94674101498165,58.72668702512395
71.09602944272594,58.535004492489065
72.24924717141211,58.05830163785209
68.92676026635559,57.967380380190455
69.82338771650696,57.1969345904999
72.01441804592284,55.01032772537272
75.11645226254566,55.91624233887648
73.10832142147433,55.436828376551475
72.30541346031485,54.14353943418695
69.86577432589092,53.020238167752964
70.21697977718796,53.71079240527935
69.41768312481885,52.58627310549505
68.79246816136954,55.144488031627354
68.45932344382703,54.13318147265831
68.70576685744348,52.71679890666193
67.98963240749177,53.49367982948232
67.75229268710312,54.664145723855135
67.13564681600106,53.987802034680776
65.75079738319657,53.353128241232795
64.39921186995097,54.65438144727685
66.05731885044378,55.29407738815171
66.51149880820545,54.572391794261726
67.35188503069617,53.001353065821974
67.8013136884913,54.18114421441427
66.02543825613913,54.49690060253896
66.07620396242474,56.207040128687254
66.3869828409338,55.55409689282219
65.62863150098337,58.33836997743283
65.77456231072337,57.247280322874445
68.00006747479341,57.496060487795155
66.89396829004568,57.00167817570591
67.32555667404958,57.18876045173735
63.22843573965372,56.7321992135835
63.29931541606225,54.92241643931341
62.66210044135757,55.39856448860766
63.36343917802939,55.25238120627384
64.51506343008487,56.979032775748756
67.01209552782375,53.47563586869023
66.98502144053133,54.675626224268996
67.81057119430044,51.290373359364324
67.7684679803725,51.88859773513036
66.00775506317926,50.53191324565608
66.53121094041991,51.40282915724665
65.38315215107863,51.138151221255754
65.68038555426581,50.72441824616518
66.30974698442886,50.58541950214402
63.39811627785078,50.13035428444255
63.11052837773254,50.158704499428374
62.15493148947531,49.37085726432996
59.88574112319247,48.68309849605138
60.11082099001388,47.23441989824155
58.007953057311724,47.054810543865756
58.368904836628836,46.81341004863492
57.338167996747785,45.11106810177569
60.2141896458716,44.79848105659501
61.93034740594378,44.726532082750715
63.54485861811901,43.728591461084804
61.63077480460145,43.39809613125044
59.52237310944622,43.38795858329112
57.77841263323621,43.273141219416935
55.92372737777313,43.414614019466896
55.86040628944695,41.405100348411615
57.01268694916044,39.40759372610914
55.822543049682935,40.72219733797538
57.93961622263722,40.590779522888745
59.09328937988559,41.381277740955476
59.29174987397206,42.83402712365762
58.31663935607247,41.16908209867636
59.177364352044,42.862558257492175
60.97936067933186,44.153046192530425
63.2820882033431,42.633773918691055
62.22067492658011,40.91359406836819
60.34441313740946,40.85768185795118
60.93826393929027,40.469385656052175
61.83452889637183,42.85701912552582
62.625632658765234,43.027386602266034
61.35612200711309,44.394823507450276
63.06032448297646,42.87943906025446
64.37240327669012,44.440141949445824
62.44494767445246,44.31729311097668
61.15282892462472,43.20548767133498
60.13114394363958,41.96226080135433
60.92287235198698,42.12631508695355
62.25275588736349,42.9346043237773
61.22245387174573,42.009368308955715
60.75448527096301,40.62020428209042
61.275978246498575,41.12005913730399
61.16279690878511,40.93503915131597
60.60811601556306,41.01105205234811
59.94695841732949,41.188578435852754
59.197165717268014,40.13249363744479
58.72668702512395,41.21892959024055
60.42725837151481,40.98210680017863
58.17282761611072,41.68616901897442
59.0437579255768,41.409582673069906
56.94977528847683,42.15091053930465
57.344555955645006,44.365961305222925
57.25116489817544,45.452572086554895
55.9305955607264,44.02662027719525
54.85362255728731,44.317332618885935
58.66699711477153,43.787833241771395
57.399750321792084,41.14607002809784
57.44872542820113,40.232827033223195
55.420308474537165,40.75047032973939
57.73615404842318,40.564817175535524
59.14339737428105,41.13846427029271
59.06404679725885,43.41072938723781
59.531505780662556,43.604089425815154
59.35950307180154,42.89781428919158
61.23008222665237,40.796951118415144
61.32486372966269,41.29362226172669
62.30896188583132,43.5244297581078
61.51109455032848,43.753058029387404
61.23173750168938,42.94349543409475
62.640495438843956,43.84887464867682
64.69576809194189,44.43941125146076
66.30286036091104,41.956529621710935
68.05435852114346,42.431178547709784
67.22673795390463,41.9504583712365
66.74442876185347,40.13680724122792
65.54663850539913,39.592182775226945
64.29640557190459,37.65765048193533
63.75928920006018,39.06208890376859
62.76680328516209,40.95200755751005
62.848242985482095,40.63602204453095
63.149416295280716,42.471729547792954
62.748923369367084,44.36640830879138
65.6947929366442,43.755171447602685
66.49023444113811,44.278770633737714
64.72430245556608,43.63244221954273
66.73579272309766,42.857775174739935
65.79675213372963,44.96930078143957
63.91087506109289,44.79677505020593
67.03043255850078,45.99267682748886
68.9243133816056,44.16741903740115
69.45680959211833,39.669303224878234
71.04068952313533,39.997962022993796
68.32697788456824,39.09369262789303
69.22118622043715,40.36027486499354
70.2540906185346,39.50494163394731
70.272583559443,37.35056821166451
70.54848303785957,37.11685922638819
69.62004895550938,37.12895540592042
69.75269095672157,38.38939320311065
69.54905941243979,37.91959640944433
69.0426740039969,39.44650052314075
65.97720382865975,39.27542674013183
67.85571314004963,40.91819931659583
66.50238932043447,39.39004572383904
66.63025204162707,39.86179893028351
61.90617046050482,37.983850683802714
62.37506400214867,38.99340098840729
60.87166129435808,38.64935888884771
59.58330860024545,39.04550970163273
58.4314461597492,40.22109482580643
56.48162838083099,40.04513194738848
55.38884730349354,41.37469352708815
54.22439666417821,41.92009905879939
56.317549001967066,41.49247733105618
55.700019838982726,41.224708848353416
53.441385871548576,38.47823955114975
54.6368044591541,40.25440498568811
54.31133330666038,41.33404456277468
56.5314926161426,43.44528242916722
54.518249708298946,43.51556605181284
55.598335251272474,44.84076342980941
55.8910157787351,45.722753853083645
55.50097407044972,46.084032922181244
53.46796830734746,46.116295769263004
54.46255428245181,44.49969500565793
51.93366491503557,43.344527994122956
50.13961268717711,44.16570673801228
51.30284227511589,44.988402556164985
50.49602669169771,46.006818741536875
48.07588955618271,45.409697910911596
47.614255685322085,44.977518505348044
48.0567677185066,46.171531724224195
45.915751760291194,43.55000112686793
47.48474377313788,40.734572884542146
46.05251303794276,41.1976053212737
44.93841554025066,41.18960284554766
46.22872979351392,42.94084254610427
46.3790741294605,42.832173437327626
46.43634217097109,42.75442038941722
44.37091217208927,45.139356027005476
46.220002994045124,43.06118057391848
48.23987118792972,41.83287659876461
47.20239093024152,41.82187577893701
46.77231869086521,39.069950159860575
46.84662469244709,38.62787220889671
47.64567383588356,38.6716577325818
47.45998446913691,39.08195573009933
46.782751191259436,40.91169560988215
47.2044381963433,40.61043750898138
45.96041589315318,39.72742092847186
45.38646586739581,38.63661938281938
45.18661077682607,37.905484482335915
46.75478395095537,39.66848869225838
46.520294323501496,40.684224502741934
45.898909919973065,39.6835206422125
47.06714028655702,37.43507398121923
48.20593797248327,39.91724516550566
46.672045462432806,38.40258175147019
43.95941073024368,40.15262515983313
43.38457107584142,40.317516919938704
44.39734775448995,39.045808639552384
42.775357379312375,40.34131042677128
41.16900453480396,40.75014774782243
40.507227774601354,39.98939402965107
38.46779778696586,39.46076836187847
36.30252121820003,39.38152869968199
36.96820671155842,41.079340323402974
36.152166298414905,42.214090395134754
36.60165374118902,41.52913545796465
39.44650052314075,42.81906523246165
40.15262515983313,44.25773389574101
42.19622747633419,45.4315340616986
41.68316377245412,45.727962235046995
41.92000833097793,44.28022087518549
40.980759869078256,42.13924560525564
40.28550606131273,42.78628951997713
41.49206996400393,41.12347714742507
41.17700500661455,41.4180988976546
42.89781428919158,41.316632602226136
44.30946491924074,40.93369826211843
46.513421415286665,39.184353093233526
46.84267140652918,40.28550606131273
48.54564335593305,41.271710559690554
50.02139054893029,41.03263512438707
49.74517028368324,39.95611294379936
46.52586220678585,40.685793458187135
46.081910673250704,40.55813350740556
44.80906447084425,41.19069368184183
44.038075292809864,41.66608583759947
43.09053468935147,42.145231104158796
42.471729547792954,43.217795316661295
43.414614019466896,44.45548479154834
46.38039838725563,45.104161894424834
47.6477732596546,44.19882411159207
49.60749769387394,41.61678937851602
50.035915510208866,43.06340829663495
47.89097947612965,42.401467978799786
49.050989095763754,42.291649245356005
48.692256336489955,43.767769923102854
49.14008462286893,43.957373712243616
50.15268763337606,44.47182028836207
52.05207630833402,43.722901557288125
52.87082180181239,44.31915245320603
52.607749269905,42.669672182324135
54.13918218574004,44.44972829996679
51.88859773513036,45.669880519726675
52.52302617575222,44.10879333663174
51.94571749707486,41.934936108073366
49.86447543354962,43.58518370594992
50.446550988783514,42.35714548041224
51.84203934631214,43.789133716911465
52.14429169048491,44.93841554025066
53.26089905580255,43.18197111973197
49.10365115480854,43.71024192583772
50.45097243748398,44.09994528726789
52.32389029904812,41.50954693016937
54.26480782985866,41.73695707154405
54.13318147265831,39.177075965920835
51.76280581980224,39.192714070790466
50.770975580147194,39.752813164565474
50.315694370084245,39.522804370829434
51.06381956803364,39.67326398036772
52.47562519447839,41.03531660586204
54.24884389684426,38.69956889593057
53.13281171693022,39.80922915266805
53.21425569655796,37.76349387911959
54.45013794045019,39.53602886864789
54.169439324699454,37.65363260952553
54.22093127115795,37.02081764080026
54.55984721657696,38.26535777665132
55.859996985192716,37.56625352626081
54.21446836394075,38.55183168588337
53.246376227857404,37.239151576361046
52.39945283249635,38.670382695968286
49.998456350714186,37.35293468195785
49.32465086981003,36.016651769616615
50.63796156232404,34.97849164557808
48.73867977798825,34.236251063552054
48.61639136359968,35.03109635533124
48.01419614149343,34.19073948983715
48.922689335575555,32.125877011714906
47.53864664090368,30.843479834040238
45.99267682748886,33.624417292813725
44.63126693894158,32.616893674186564
41.90749723195128,31.7351068177758
44.61194628891415,29.223549950971115
47.30528172638998,27.65785206477416
49.116537328856246,29.152989964618442
49.43503088820897,28.697425067827357
51.321908907778955,28.005084734256624
55.03181935102232,27.03547990041097
51.25363244902775,27.262103146313045
51.62853141200347,27.553931714127582
53.3326687631124,28.48559232530752
52.92588728421472,28.103021863685413
51.70144999346537,27.011756650517277
51.386379508328545,29.659143580326052
52.006230164268544,29.102384775080278
52.85887910883051,31.41050888097398
51.97454223491604,30.630955784466597
51.57872895589032,34.30875666920742
53.542650552810706,32.87412483413087
53.71079240527935,31.00136692510384
52.63350898834659,29.378069601782382
52.26176263342762,31.73614991254153
53.10065893378512,30.747200167243097
55.39856448860766,29.884982461840075
55.079756407212514,28.887959183990926
55.3783100227042,30.9926067644162
55.15086988287276,29.502367767589593
56.34943122261978,29.18641006124122
58.80407480529348,28.047258656112483
58.599647876945454,28.715027621865133
58.484358884643854,27.379645216914724
56.23574894091324,26.96278676534595
56.49456290071794,26.67796139254923
58.562746364422566,25.40566419363797
58.17459036064155,25.124984459333643
57.888322559916716,25.170342740327243
59.01487559748755,24.562971519106966
56.25894297374162,24.930904539290857
56.657256596975905,25.911045333102756
55.8149824288511,26.266459367565815
54.263566259775935,28.848346460143137
53.26637466095023,29.14981860972359
52.621707532330205,31.584075851440577
53.50360217705436,29.60809953532743
54.29598745597813,31.463518219563706
55.17766071273834,33.29799123160961
51.964272031393534,33.25884980091745
51.27952001669564,32.80597648876255
50.966592581003226,32.662881394912915
49.985926422464736,33.81416960415593
52.05299435090153,33.264350449909244
51.06265743355288,31.408516990489932
47.95941727137878,30.78484021262693
45.42298778414406,29.59994371232344
43.54271670881186,29.87813211152395
41.691148495267875,28.78527989887269
44.36640830879138,28.27049981786833
44.39779550876995,29.39983336736041
46.83939760435303,29.18846875755541
43.48746993611347,29.229106325173497
45.38494221725976,28.882071062563288
44.37899879351367,28.27696372913093
42.01459179756991,28.56826572488784
41.87269401201145,28.70583159072052
42.21649590814892,28.42044455867369
42.24185263134854,28.20059621924416
41.6364507078548,26.451181076564392
42.12631508695355,24.956629646398245
41.10283597565149,26.07343486331258
41.02600040582759,24.52390155768893
41.059409372986856,24.605537590965618
43.025339388078436,23.204332817023836
44.45548479154834,23.434745692374005
46.18118097288493,22.656394619716004
46.619419979805905,20.348824881032215
45.912995754263754,21.098143005540056
46.88926263121119,21.426825837520546
48.80308046349365,22.158088791744618
48.874572373518255,23.936736299643034
49.30336422048253,25.787590010026772
49.91946658511004,25.829895786717195
47.820903042575466,26.94786256867482
49.92662551326084,26.473189011923907
48.74167801375904,26.059414284707586
49.10557015085262,27.306032884418
48.92411633989955,26.857389759201034
49.18556000537129,27.25125438469962
48.1238404466834,25.79661940301521
51.19547349235792,24.911709879017316
48.73852366299466,25.266075535853986
45.90976366301085,26.40600548228964
47.054121775324944,27.2220668789797
48.39047949192382,28.051810549731858
48.38521362731874,27.64655248648224
50.02253667554285,27.772220699740643
51.53332111995879,28.287506279804088
53.24924113602377,27.775474201078264
53.45562205784357,28.17650367707882
54.50739515198222,27.4849103855068
53.8348942606994,27.046633684872212
55.21491212529472,27.221110544942455
53.07615629249117,27.546277516667665
54.12277512276435,28.097503310961486
52.19673778869171,27.45488939001035
51.72673231111248,27.050495001213676
52.41581969500075,26.480285231012754
52.96979220126372,25.990521952480734
53.94986845013566,25.871775452437642
55.25238120627384,28.506521949639765
53.82349034515073,26.329266391717017
51.64043359040156,27.159298483977913
50.19817897376314,24.90400506834734
50.71419875284567,25.691328115059804
50.66697170277562,26.73298633326148
49.39504189740078,25.823831598109813
48.68309849605138,25.945433112940304
48.16379838779446,27.00974959269919
49.387439083510756,26.88891687447925
48.7555421992807,26.569797097563317
47.5302979162729,32.11211433197985
46.91011170734856,28.601303156183338
43.344527994122956,27.961995097786303
46.405738583085316,27.961113972228706
47.41729252255618,26.8069410397694
47.17817149919,29.712342283083544
47.40208694719869,27.52460892545203
48.82103534980986,26.724177160122043
48.90214061450974,26.985282408618268
48.336739869268094,27.75157184947822
47.83869755335864,25.86398021558537
46.55761401129118,25.50918175309866
48.5644771443314,26.042661713168112
47.9034550527967,25.050509095036453
49.396240334284265,24.76816475407058
48.04703296276531,25.550652837724453
46.998823617250224,23.361525371079942
45.76133371653274,22.535253900046406
45.0670621093995,21.227114368081637
42.73552543690426,20.8818591937943
42.145231104158796,19.09222841852337
42.02623371069191,19.421019233749348
40.91359406836819,20.495930876177177
41.852893881701846,20.03754991332212
41.55197979406139,21.617577066752993
43.421499220236335,22.72601618511488
44.767899883326116,23.19245619151622
43.88107538873009,23.663063758397428
42.663681215768314,23.132941854480542
40.07194587347509,24.470924632264843
39.50422397421865,22.97212313560916
36.41178307385568,20.64989634204732
33.24162592308966,21.503912215147828
32.10355261825677,20.10079198487407
29.85787101785726,19.829452933870154
28.017252496825222,20.72471509468794
28.470140630855116,19.98181000594533
29.468416094765235,18.03916487515139
31.77011851401877,16.041879123549823
31.920476220086318,15.584206652899852
32.94939884793151,17.5619000478713
33.72156344349578,17.475807839634918
34.910471300889384,19.01185097212556
35.100683817197364,18.843956140647688
37.642691073979286,18.03239788740361
37.41026798442293,18.49406876305229
37.953373896020125,18.77223752564445
40.08132867180158,17.585891598137923
39.752813164565474,16.913529509222634
38.24386814617545,17.36902907585075
36.9338093867107,17.74670658326333
37.98159667324339,17.500302682653384
34.903687039006265,17.99596984931107
32.744457194842326,15.771210375455805
32.30618289057101,16.856334230726606
31.74648498834328,18.272991475163746
30.64603691196601,19.331581389872657
28.869637568619318,20.58309096975338
28.194064232532966,17.99895303202263
26.812624641818818,16.683345348484508
26.249464164183383,19.09893980202308
26.460748148964313,19.083263311213845
26.480285231012754,19.02833749478536
26.02338201944397,20.95631152929487
26.503374760955808,22.620602577593793
26.517216975459007,21.861942616931938
25.439242003034046,21.32795788555774
26.037248331592355,20.979259611410683
25.213637446099895,20.207511776954682
23.12688671924837,18.5006349458726
22.257028110337245,18.120258095117826
21.89608272713653,18.76437438704469
27.485666163683803,18.295909575555612
28.310989018823022,18.947838313651975
29.303264074366695,17.631699528915256
29.15634745372274,17.703107685044913
27.388100614987202,17.190911580550306
26.685954764904782,17.827090472810482
28.69571896282426,17.77481416376871
30.216219752196338,17.624923831865306
31.329874720228865,19.22652482776781
31.585121343537683,19.60384962562938
31.975469258344845,20.40208817467538
29.34285298542333,20.281971579445038
26.085775626787488,19.83336062146947
28.989026172917313,19.574122256056402
28.764896225090904,21.03282844131844
28.42044455867369,20.56024840365083
29.130910645367894,19.291455595006955
28.57965507279055,20.681498055572234
28.372494245325015,20.22643293040545
27.85748779693927,20.531018971850973
26.992919012473838,19.9456776744918
26.202825753652203,20.990705999813557
26.887862786271974,20.585820682881447
24.28138916558793,20.847416957316618
23.711283620192734,22.14334595325653
25.810582306494247,20.70441766790066
24.7468030078889,20.936768445113557
22.20623704977988,21.13934470901181
21.80840142010247,22.584517731487512
22.14334595325653,22.49788702731659
20.281971579445038,20.356281070181378
17.82527345976418,20.260895232527186
18.036617903750543,20.163968735701445
16.900050988995094,20.41064665208005
17.018032254414265,21.1452948340477
17.522054110832812,21.184337513476454
18.272991475163746,22.906499595083762
19.829452933870154,23.33284158001717
19.471729977525687,23.07140734431196
19.5800384131758,23.487989587072036
20.28025408944644,24.054815901493033
22.039250023669023,26.315715758054353
23.358789555209146,26.255594508785105
23.606266479307404,26.793719191646904
21.861942616931938,25.986168040644788
21.877622539867478,24.888299618726144
19.721370504796692,24.612320119622904
19.627144709694534,24.622506667856904
21.837840240723388,22.63934998734394
23.26588032828723,22.765357778563292
23.143997262364792,21.21925945684581
24.226748214588614,19.86667688948171
22.973911563291725,19.43617876021749
20.48773721643655,19.23483189708874
19.987485178797378,19.83733568893669
20.44286348968829,19.801135159454834
22.56205937497364,20.48773721643655
22.3939544855907,21.01598177560959
20.738188880095908,21.1723786258725
19.300371900204023,20.7283356415695
20.03754991332212,20.845223075125904
19.083263311213845,20.08657649849288
17.816667316568275,17.815078081859383
17.24939171177392,16.596618572814517
17.385189972530235,17.954505303923128
17.02440202477312,19.345325285386025
18.054243199495012,20.982137242442462
17.964555582735724,23.169164987168248
16.75602966238103,23.17155047871624
16.307741912026636,21.81065910696775
15.842933901033266,20.89840326483446
13.921602469602627,20.799091050218212
13.679364159880981,20.646774990921294
17.624923831865306,19.393046095072087
17.4038567628269,18.130060199791707
15.409426118623006,17.330154896358398
15.783416694454834,16.258265058985312
14.614659506445598,16.797398406125673
13.303220053290792,16.719145760228773
13.660254565285697,17.23423142573395
12.062662026222362,18.938385745997348
14.068765038229412,18.26186005930124
15.943119624315715,18.620552639654576
16.219941532866386,17.13148088144677
16.94021348867179,15.780037024092083
17.13148088144677,16.378255470178274
17.297602430143588,16.399845173301422
20.016552735368855,16.41852510007895
20.450574178361585,15.241022621095158
20.48208995342528,15.842933901033266
17.026639858542378,16.991707095194975
18.65975745817145,16.034127773009022
17.806987359495835,14.630221094397168
19.598731558521592,15.800660138917092
19.455902055937585,14.800880369421956
18.287131298707084,15.046003339358862
18.15176192103039,16.760742752754588
17.466598814354686,16.408015612191683
16.7758365886735,16.726700111964032
19.217036639155644,15.506245181527
18.70925720297854,14.501217901093858
18.964682806190513,13.921602469602627
19.710947828786388,14.32333499117441
17.952586252553676,13.840490433413537
18.258074045160985,14.25024854982051
19.020345113941236,14.41209587252638
20.57811932931331,13.828716034421996
19.44991001713974,14.33974359700194
17.31548510537936,14.3178886825285
18.194473294423215,14.032844252529568
15.234944075690652,14.068765038229412
15.425558467170601,14.765683544906482
16.55179765997023,15.187187476261013
14.730320960655575,13.408865783907649
13.320290195510475,14.34304885779413
11.472087211371285,14.287452072814942
11.579492117439237,13.549668467023562
10.076965262547063,12.17676364499869
9.74330759883618,11.8364622022019
10.702858118059545,12.084220685606459
10.056649657195159,11.38094798041523
10.281379048033024,12.43875221755059
11.5583842060249,12.312695185086879
12.446798314287431,11.413137099776572
11.164074306127109,11.230874881711472
9.678540625298867,11.089742047722888
9.156249602411544,10.567306028716661
8.68354905019306,9.08206601564996
8.025603405550761,9.004386891813576
9.25886980503563,9.805275685260515
8.982987481712321,10.362459763396057
9.444974989518279,11.484999577346073
7.885383730006355,10.525250028740679
9.608363951281794,8.425530934205566
11.8364622022019,10.036115664556545
13.852383195653502,5.847843245196259
13.736659172916042,8.146539102002654
12.299571953321463,8.388916894599046
14.492601315487134,7.5782483818855155
13.642076379956706,9.828383163410091
16.124611753308173,10.34203860436326
16.94007103977904,9.713192533996203
19.496303303266668,8.152085405606895
20.458359923858012,7.725538098785715
22.004604924572174,9.023926598689606
23.966520506101705,7.305654057711513
24.50166017692499,2.2495542684970546
26.85227723295572,1.4520103765227668
26.329266391717017,-0.3422125589506487
24.816840282940362,-1.3817186240252015
24.27456898119886,0.196036274573555
26.74498735396363,1.0131960689030064
26.078887821886074,0.1754257488621076
27.2220668789797,-1.889648751300332
26.748659873598406,-1.4676438344571223
27.382497537165314,-2.1445932210699703
29.056869942633938,-2.9818174371291093
29.950267011815274,-3.368362602863638
29.129648992690704,-4.360678900628678
29.188256401075005,-3.804843538707161
30.73989274664628,-7.6440299787468495
28.329741551947883,-10.510560108234014
27.28297748884059,-11.928185976779234
26.428635104351066,-13.844109995989237
26.33624099123416,-11.533269146764136
26.93422731686762,-12.285078400312216
25.40673222781391,-16.608538523128846
27.386272865703035,-17.393178685593032
28.76156332587765,-16.615858772451976
26.857389759201034,-20.266487328251117
26.345320535938054,-19.809772522918237
24.52398177789714,-21.538271647854355
23.23991449913593,-22.22426450744956
22.858842302648362,-22.060090323636445
22.63238352798553,-21.53086442634268
22.93685481648553,-21.64051625209257
24.314017138030078,-19.794232541259703
25.902968416360604,-18.385062895096677
24.04686201168528,-22.33368666394239
24.68238296490585,-19.94411037883212
24.13011662334857,-19.47599194724205
24.15486419761975,-18.990138864428324
25.872166436879194,-20.576575046416224
25.976034626141693,-19.126765392027817
28.676504753906364,-20.408057710841575
29.861659326201636,-20.69860369975933
29.592201585798087,-19.70139972439959
30.272506235694436,-13.679256805479998
32.39683792660728,-13.521022870273288
32.40432806488368,-17.41671555316465
33.15864293572833,-17.636195688229293
33.62408059119915,-15.972273330502816
32.76028233789105,-12.751564675732888
34.31097790908258,-15.058702093761962
32.73273753640418,-12.775918479000163
30.49111999642619,-13.483112920535458
28.23325935846866,-12.276677730321822
25.675360494808096,-16.512218992486275
26.294614524599467,-13.48972512201117
26.826644017252626,-16.119268046433653
26.80875941270998,-16.43116794169667
25.089898333684882,-15.390613729843425
23.19245619151622,-16.3461786393544
23.308920867731082,-15.73549758371772
21.747999432356146,-15.530498458407548
21.1723786258725,-14.645668703151165
21.128714515831167,-14.116783233662792
21.901305952112878,-13.638724347166702
20.473790990399976,-14.157401382099545
19.012519092555763,-9.193122340838414
18.323607740656666,-8.8403036314697
20.066554641528064,-9.852189535489535
20.59614252862601,-10.56289266381194
18.506790497574475,-9.34001253156004
17.236969276762586,-7.616613027635905
17.576008776252944,-4.845680443162989
18.150231418656467,-5.528166457220214
18.6004258312824,-3.584064166806237
19.23315077503975,-2.942700277691234
22.00102780971375,-1.3299908416170159
22.43022198571365,-1.6615664215806145
22.306047810777752,-2.5275994447451122
23.633830318421307,-0.7197370967283929
23.23273775790789,-2.2365866909967895
23.093033624272252,-2.3062387908576136
21.882545434259203,-3.9056160363986256
21.75508636871671,-5.130434129198083
20.901523484248756,-3.3617275974139442
21.66193986246236,-2.685622684175126
22.54976275816515,-3.454127308643985
21.19522670690784,-4.0639619323510345
21.077256617090324,-8.03796924644821
21.665569306451818,-7.594135363820601
19.999287981230882,-5.5789796142361485
20.164157765375908,-6.868108741499582
20.71557982718329,-8.81421982978495
22.48264647558795,-11.929725618823081
21.304115884041835,-13.482333997123453
21.936589314691535,-14.43134828674961
22.023633025768287,-10.85987349388742
24.806359378693628,-10.785085809096229
24.948130142869278,-10.933093400153668
26.41395112605117,-9.904829522872948
22.633343772666613,-10.539647690478017
23.67499867088618,-11.501961176186622
24.380904297903182,-11.42381031950975
24.458284685661116,-12.849349412039397
24.366410462848734,-18.599338680455897
26.740440422827206,-19.27394833616019
26.73298633326148,-21.649666831053096
28.308069783411053,-21.028887824305126
27.161292231136837,-19.66725499501816
27.880039841348786,-17.41844780208278
26.804190529749462,-17.150658541603615
27.087638961364146,-19.904747952042033
26.88447967186154,-20.149836558536972
25.889390739604156,-20.96190672191017
25.13370790007577,-22.08363366547674
22.215737753752826,-22.062616228157207
22.457555390790095,-20.831451191424502
22.742762790102162,-18.927044177629416
22.999454530563906,-18.62639487332548
23.459605040844703,-12.12038031131632
23.039103816933373,-15.512361000610873
23.487989587072036,-14.499868836655692
25.12332309260308,-18.031029156455727
26.128866664987704,-11.703581301333378
24.63143027909288,-9.928141835155843
24.51291447158122,-11.629061258312518
22.332101488761637,-10.068559343467953
22.71750704188898,-11.091501607629956
23.52482933335473,-18.587040734686234
24.52390155768893,-20.831611052460588
27.329677101245366,-20.556658185338385
26.145046205318277,-19.03567401340005
25.11260016283919,-19.337254001620305
23.04990452711612,-15.568167396688345
22.27547452952456,-12.417832235013345
19.9456776744918,-18.442859552141268
20.651042892954635,-19.704518136300837
19.226164126742212,-20.900556953167886
19.1979100298591,-20.717116236440436
18.86095126227214,-22.229900256815167
18.006863102137753,-21.582538384116454
16.091784767292683,-20.364905681729763
13.846714335771544,-23.927933907238586
13.892261065433015,-24.880610951510874
14.382109980375395,-29.98116599229543
13.625581101765123,-33.65803411105008
14.699252935254574,-32.55029564098885
15.005171158987766,-24.617349508460954
12.033404953667503,-24.12136942099051
13.140069113627401,-24.22604466875614
12.0646111654442,-23.990624046423548
12.090555896727084,-22.610531729340302
12.822451931289926,-23.480503972483792
11.413137099776572,-24.01630823666814
8.680966997618148,-24.61639353142093
6.858000800544003,-23.81064198257545
7.654837551208018,-26.348432465285182
5.388533801733736,-26.44328506343958
3.941278529057615,-29.082214719357765
3.635436531675469,-32.067686532270315
2.4049770925331355,-34.6544262194236
1.0446963057140926,-30.814926141035524
1.064015877246986,-32.05599556015602
-0.7984942314209544,-35.35065834069664
-0.7797296495141985,-36.56830742396372
-2.8531200172845885,-38.14198539600423
-2.9640648304192005,-35.41957330040028
-3.543010434707092,-35.018939378205985
-3.7611895728911473,-39.18680073220382
-3.2670640104903885,-37.01416727050177
-3.6438947872741236,-34.945570221083955
-2.471430959507667,-36.86613491131576
-3.3984712273151545,-37.04675299828185
-2.0070724666376494,-38.190382033622086
-1.402844760402009,-42.4323705083579
-0.19454301313406774,-45.68728267161411
0.4060990579258128,-45.80980084613375
-0.12497519345123842,-46.43358142354741
1.2896624569640103,-50.946385447476395
0.658766757769936,-50.50262450446923
0.05069412244089433,-53.83449194029621
-1.6615664215806145,-53.508898383096046
-1.4487154354358636,-53.833086519382796
-0.0009572060838149987,-51.986544831643975
-0.2502696442645258,-51.787995657117904
-1.5955211855400868,-53.472829860093384
-0.810596125211124,-46.50239884152789
0.556693316580742,-49.078875423668784
1.6982624874569572,-44.8451385722259
1.2937339695308163,-50.11090170981196
1.6471646100032906,-45.83342230068871
1.846008604338575,-46.35323904152798
-0.5281372889934155,-47.00949395159121
-2.9525955878488443,-43.28782708396285
-2.628432779997531,-46.014452556605946
-3.0852958534267554,-39.250833682617724
-4.498597721211094,-43.438619433370825
-4.188712593802302,-44.48445790729585
-5.563642453245194,-38.33465217022906
-6.368447509930585,-40.70110686498909
-4.5237208761019545,-37.84617411995532
-3.744492432329681,-35.209591688432404
-4.383055161938197,-31.80792160713384
-3.6593424612878116,-30.326742787341033
-5.085234244900323,-26.271415466007603
-4.962572954795736,-24.792060562514585
-4.724509687846435,-25.448191077005365
-3.301577787078466,-24.470239643855223
-6.183120762891844,-24.14458263204505
-6.7437505948559,-24.80261280402229
-5.657419276690085,-23.989024565199617
-4.945949087624468,-20.292930711111964
-4.382839098085689,-13.71176565840833
-3.845694623230517,-13.51657314809263
-3.779058626283777,-12.556290936901913
-4.0639619323510345,-10.609960507204
-2.685622684175126,-12.016571859096182
-2.4565808401075224,-10.85486399482421
-0.6160225062257652,-9.529615461384154
-0.7197370967283929,-10.563869956415445
0.8165688265239874,-11.2182772492747
4.0441520701989395,-8.614024245227304
2.4925792225651535,-7.2521987879682
1.4009009291509966,-7.831827237717407
-1.4337467593775712,-9.88433075421585
0.2605532023485986,-7.534603746947118
-0.49888763637129663,-6.531029881306754
0.056908573105946325,-5.1444191403482264
-0.6078634833636556,-5.593926595115442
-0.10216187720532455,-4.873532963109178
0.6752975439494592,-1.0254503300761049
-0.811392996743261,0.10095665512003427
-1.8840566631453912,0.20463885817596195
-0.14541998770994358,-0.8126763877543205
-3.3606231325226408,-0.12497519345123842
-4.234479593635557,-3.4176415482890565
-4.81557193968643,-4.133195587550625
-2.439803275697018,-4.588073484030444
-2.6071407036031444,-5.6042092865011055
-0.9851827866661458,-5.2834159392507445
0.26954806180391366,-6.36352891455886
0.6206062114681798,-5.709753265284602
0.9681624852212749,-5.102317687746756
0.7342585555516974,-2.7364127920830166
0.9390117528677394,-0.4900104754948985
0.5328467641416115,0.22341884285858568
-0.22298229826200777,3.1358681782604316
1.1773823729895023,3.207027073454009
-0.8799226566523262,1.950493624635135
0.5771512586910734,3.20447201399993
-0.9752452845271149,3.6005280094254637
-2.0565195127488005,5.1066528148826364
-1.221274169836327,3.728777890170602
-0.392465800769351,3.0847970799315823
-1.5412928990901813,4.1322654284854154
-2.73469896299354,1.078425657587411
-2.155724713902954,0.8165688265239874
-4.570759791578457,4.1046699844273595
-3.9768818175622753,4.20278347504515
-3.454127308643985,5.608299370393684
-2.5613076458745825,7.272618291448898
-4.479869381028816,6.817924449375799
-6.9097216080668895,4.656333771293292
-7.724497240768294,6.374308021276015
-7.600865082313749,5.511056588948543
-6.200942534844789,3.938786966474606
-5.2834159392507445,6.30442137292677
-7.066766997974277,-1.5412928990901813
-6.2722991474113154,-2.7172786066400962
-7.0416978385155815,-3.824283960935797
-6.43983479692763,-3.86313899200398
-8.08905308741386,-3.606471776456863
-6.779504489989161,-4.241499798693739
-7.195014489210059,-4.363961105239216
-7.921550319939639,-5.131621370426206
-7.813351020193139,-5.156533105748911
-5.253657769078494,-7.286712276998689
-4.229009002256115,-6.190164577385254
-5.131621370426206,-4.848044554104421
-2.9212850517206803,-3.0852958534267554
-4.798504277005522,-3.814258315680819
-3.8671038787082095,-2.1457409348381447
-6.154951627732447,-2.3824261237196467
-2.8346541677903567,-3.3984712273151545
-0.48731703588770436,-2.2552144174708246
0.328589010178182,-4.946167596101402
0.34150139651200717,-4.382839098085689
1.078425657587411,-4.435614479650028
-1.121104151563284,-5.068731335603772
-0.9003749201836576,-6.154951627732447
-1.889648751300332,-4.686077694502829
-1.3710295633203349,-5.103738183227767
-4.360678900628678,-7.0416978385155815
-4.851108297525457,-5.563642453245194
-4.220659353487587,-3.8848843638615547
-3.498404297381969,-3.7611895728911473
-5.88248040871526,-3.762056187366785
-5.313515110912468,-3.6438947872741236
-5.33147946489469,-3.761822614184504
-6.7261197181511045,-3.748560710479923
-5.691565589709557,-5.4835973024657285
-4.845680443162989,-4.95742350253526
-4.547426305639876,-5.85076359049054
-6.332964220140429,-5.72726648733411
-7.107497247320934,-5.065154757597325
-8.334970205887714,-4.057959775790684
-9.112842668128899,-2.6016657397307585
-11.199158528199547,-3.2258523487305246
-8.410729031625507,-2.6071407036031444
-7.855182224236186,-4.468145270253996
-5.731233430537668,-4.742905126649948
-5.854652501358006,-5.911833592645927
-5.219587005630784,-5.526363678001118
-4.520594955728672,-4.437075978445539
-3.606471776456863,-4.228262246413108
-5.093562610194036,-4.945949087624468
-6.298758416988772,-4.696391281839183
-8.022598456326955,-0.8720781273431257
-6.96147527611781,5.176591886178606
-7.184197787323867,3.189800852224932
-9.698588567658735,3.7764119646505416
-7.36460645696177,3.0036852106993206
-6.2973951972057804,1.4235587215665646
-5.428800887349076,1.979132570525762
-5.001079348167588,0.917160758993258
-4.051801053558404,0.7748243126412155
-3.953132687885946,-2.344640184531995
-4.472669238176966,-2.9873560503418117
-4.392602506524591,-2.8346541677903567
-1.0544910375530812,-3.62609265350381
-3.3592175886528928,-3.5440199333585154
-1.418357922209161,-4.498597721211094
-1.9537704541952294,-3.9564203840718903
-2.3985478336493995,-3.647348813769513
-2.9808142684451577,-4.479869381028816
-4.298046147874926,-5.218444654844685
-4.169227185766643,-5.608762659608282
-2.636796774985058,-5.4398059917379715
-1.5267966395812416,-6.130908299423158
-3.6650561772751233,-7.601674545753044
-2.671551649603116,-8.354922768049027
-2.678753751695491,-8.507435706093961
-1.273247516850862,-5.854652501358006
-1.6488578385771815,-6.183120762891844
-5.259852494248086,-4.430826541800915
-4.104239609623121,-7.035048344397196
-4.959763105256992,-7.249116225382053
-6.61194709208702,-5.24819385643448
-6.2331519588291835,-4.693683315635963
-7.21619785916457,-3.6593424612878116
-7.5642178205416055,-2.94750519727217
-6.44118264480978,-2.254932777392838
-5.9088424093292495,-2.3157025612158937
-8.03796924644821,-2.2888165617390905
-6.599259104003133,-2.66468912265924
-5.85076359049054,-3.181933485456393
-6.001622312919138,-3.9768818175622753
-7.663241517409941,-1.063043862096154
-5.285665095138928,0.6460187486878384
-4.744946546850361,1.0233284831925895
-3.9240154993552707,0.12249825324763408
-2.7185443679356767,-1.3162723976947681
-4.304380975958248,-1.3597659687349548
-2.639953653154694,-2.367873095845731
-1.9489205454142873,-4.402625504117464
-1.9530840415289752,-4.511205210405064
-2.540916052938403,-4.843708392091515
-4.063366418419541,-2.778877009710855
-4.862141222597695,-3.1491234094355134
-5.212110410800731,-2.6901780841538203
-5.473505595155475,-4.220659353487587
-4.421452322604849,-2.9640648304192005
-6.117942308106375,-3.637876520174558
-7.8767147282471495,-4.497980641102501
-6.700142233382948,-7.657037259835288
-5.594017634484264,-6.7261197181511045
-8.847922261437546,-5.370407320615865
-7.82184064215668,-3.543010434707092
-7.112523602929913,-3.3312671663937925
-5.691568762157582,-4.104239609623121
-8.129654642184857,-2.382017698665447
-9.256429723727862,-0.3583382932469887
-9.379418578042808,0.6838748318910928
-11.560887552998036,-0.2776968818952547
-10.809750973538126,-2.639953653154694
-8.278853476019513,-1.9530705589743043
-7.24892298451503,-1.9130447311290892
-6.176841571504247,-4.862141222597695
-5.010326991347867,-5.444906473600241
-2.9818174371291093,-6.496833750689056
-3.859669348646072,-9.763255651573605
-5.771325441423203,-8.334970205887714
-5.131408120871457,-10.385389914290695
-7.095738851885787,-9.368011906557786
-7.199191677362627,-5.010326991347867
-7.035048344397196,-3.8776052620263473
-8.614024245227304,-1.939687623281876
-5.103738183227767,0.6776956183762443
-4.842886622353434,0.8345734496055113
-4.4385330067130315,1.0283302501376919
-2.758743187443487,4.714855971297665
-1.1626673346505376,3.929194049845748
-1.9435741894816994,0.9309968879853172
-2.3062387908576136,0.047374746223127484
-1.7774293176055642,-2.3985478336493995
-1.4676438344571223,-2.4565808401075224
-0.17645874813046936,0.31913534254773057
-1.6688463710476,-0.6160225062257652
-1.0519791921767567,-1.4310833114031758
-0.5905015237612767,-2.451336880259871
0.8177266674946853,-2.0565195127488005
2.1580388190119626,-3.2262122500821464
2.779561427976317,-4.724509687846435
3.347993072973233,-4.70840517296971
4.268543392163934,-3.0066582737947902
2.1063956769578427,-4.5237208761019545
0.8165555684912238,-5.850341907842608
3.7103220976237745,-5.33147946489469
3.207027073454009,-7.419944340293677
4.1322654284854154,-6.96147527611781
3.489794337338811,-6.61194709208702
1.0966693175842508,-8.040610124973442
1.024189693414094,-9.226566481353506
0.9351482690829237,-9.960630278329544
0.5378516394920961,-6.9097216080668895
-0.07382414419896699,-5.609687178706642
-0.2776968818952547,-6.497470872630184
0.6838748318910928,-4.498374847160604
0.8414541036128458,-4.11650306957624
0.053286847800470216,-2.628432779997531
0.4114244110324377,-2.636796774985058
-1.3597659687349548,-1.9435741894816994
-0.3976854016730438,-2.074758889327069
-0.7037689087610888,-2.540916052938403
-2.2949872286180346,-2.079974869446734
-1.8797782326216022,-3.498404297381969
-3.4176415482890565,-3.813053388196576
-3.6698344431427303,-4.182382092621748
-3.2366907308299715,-5.161600211487445
-2.480167665214486,-3.9644171972294844
-2.358914143741691,-5.594017634484264
-2.0799769647350885,-4.304380975958248
-3.2055143188889463,-7.600865082313749
-3.3439964056883995,-5.219587005630784
-2.664343073500978,-4.851108297525457
-3.9324125148487807,-4.520594955728672
-7.813101499921913,-2.943724196689033
-6.502637765886636,-2.471430959507667
-6.096904918281037,-1.6524504942860776
-4.693683315635963,-1.3004368014539576
-1.4165279563337294,-2.9525955878488443
-2.945746649564633,-2.9212850517206803
-2.943988378415849,-3.9102921538537707
-3.193277744663917,-4.46121999935051
-2.66468912265924,-4.418867499083581
-2.4994046629833684,-4.051801053558404
-4.685976143785121,-2.122798434177161
-8.59157662559409,-2.2255623825757316
-9.7802341205142,-1.6488578385771815
-10.601706213601313,0.667735860552188
-10.539647690478017,3.581314944515324
-12.381975085761283,4.147769998771464
-10.541154976913454,5.68941388077459
-12.02196248310975,7.354492865347873
-11.321555156520514,7.226171026671091
-12.70088823995575,6.622790027929409
-10.935616893365246,0.8414541036128458
-11.096103710823435,-0.22034539512774032
-10.965565408656813,0.7095563740078036
-10.809904198484475,1.385365404932953
-11.629061258312518,2.2019434412222774
-12.228472605196703,6.757186359305871
-12.979240511940628,7.935017763356654
-13.483112920535458,8.251169492614212
-14.921837276092925,9.978838512392134
-14.056779695122849,9.637615171976073
-13.64241246110638,9.935439875932119
-11.150811764515801,7.654837551208018
-8.545832550522,2.1063956769578427
-7.712737001495104,-0.9003749201836576
-6.496833750689056,-0.4057106280021894
-4.497980641102501,0.40272870632848967
-3.756438076842691,-0.5023735590805793
-4.95742350253526,-0.8243953073579378
-3.857396585757481,0.8594368650380316
-4.70840517296971,0.8548760988424313
-5.608762659608282,5.056409571330337
-6.422930529664254,6.520261140171792
-3.023349976183781,7.947374599920576
-2.2888165617390905,8.287120207743298
-2.1288415674906944,10.257871452849
-0.7672483649134769,9.85730926001231
-2.344640184531995,8.936190315659625
-2.7668617190312492,7.613708398626748
-2.6016657397307585,2.630098756140903
-2.971651642325308,2.4049770925331355
-3.647348813769513,1.7109383192729277
-5.102317687746756,2.1548023475118554
-9.173658842872584,6.492693743508808
-7.697612314273553,7.025945158503601
-9.260236453538067,8.676590190882928
-9.904829522872948,9.367548706329472
-9.529615461384154,10.470452329694167
-8.941321167036946,10.950641359731248
-12.06145057040503,10.75808661739314
-12.985778266588383,10.395009750344522
-15.137220623197834,10.27921183873953
-14.700566067497332,10.02349890089579
-13.638402656024113,9.993710865090435
-15.73549758371772,10.266541729349496
-14.89919236049881,8.710850286693967
-13.826798396442085,7.1507237982257
-14.528495727662223,8.338227989193154
-14.272895429364894,10.484136620516423
-16.150337237268953,10.244556378469731
-15.512361000610873,9.582318712475093
-13.756723400464558,9.960694799703978
-15.69312534332428,10.053106327643277
-17.273481328084163,8.262690369570457
-19.66725499501816,9.862917211760648
-20.149836558536972,11.285481597162725
-21.315151782297235,11.349061908583707
-22.209624904152044,11.653754223934428
-22.982757677371996,12.253052951786023
-22.224997695351718,12.218936957167495
-22.22426450744956,10.768889089171477
-24.038749927054056,8.025603405550761
-24.14458263204505,1.4856893752553806
-23.19387298683338,0.658766757769936
-24.785161661029104,-0.2502696442645258
-24.4029231623388,0.2303757561066262
-24.011775170436117,-0.8035785540570282
-22.86161932004744,-2.3140794810153107
-22.33368666394239,-2.811814530890891
-22.773560649400526,-3.3592175886528928
-22.287703545251688,-2.563466057643776
-23.767936410397393,-2.306734854346383
-21.683937050885984,0.5713429696761417
-23.355982099417417,0.04953080019451117
-25.91201516623729,1.0450185019812306
-27.52930775806774,-0.8799226566523262
-26.913271766416564,-0.7142615135166736
-29.308675477990082,-0.3104167326114333
-27.13892404942387,-2.5328126232323145
-26.525828829131807,-0.5890095179956978
-25.96768706313007,-0.19454301313406774
-26.167377154794487,0.8483775691627612
-29.654612146571043,3.223367874318498
-31.048015903346027,3.8603800952230123
-29.69116439856412,7.572278138388661
-30.513374924963756,7.234271944030448
-32.298829857332194,0.9369845899371287
-31.303676262158874,0.5222818863962883
-33.10286721921656,1.608572147456628
-33.34062408222194,3.3535169287274846
-34.69848532656007,10.183665527954028
-36.59204389504839,9.943589804844613
-36.022288332353895,8.72303953355882
-35.50690115356325,8.772500023650132
-35.46319396954681,7.768245822374674
-34.75401910587226,9.071393503928519
-31.80873569149507,9.57300124876665
-33.27486615075267,9.935687649901345
-35.24696346334961,10.606523375007182
-33.64000072669445,10.73192943952991
-33.02317832601394,10.8220416519617
-33.380150240119,10.936231521318422
-33.82081791306029,10.671508679545106
-34.400626242696084,12.307580142401688
-33.609763988831304,11.924848342405971
-31.79046725181341,11.75284104386189
-31.80792160713384,11.714144862761705
-30.87115101636688,11.308798389099403
-33.49232310309297,12.068208876817145
-36.39421266834361,11.6600208675065
-37.87544286976547,11.426612838949842
-38.193578162397884,10.935907228760996
-40.53181391374838,10.344321600679217
-37.62493455237272,7.957400025732644
-39.59263042922995,9.40094218681368
-40.59786915405922,9.17163748666064
-40.48518424054558,8.444417125267485
-41.78240024151725,5.206269979222867
-40.60760536476917,10.110217217651709
-40.03633702686912,8.42105718203515
-40.32651398406476,6.895045350177833
-40.620101372605234,9.291664969015425
-41.229979717524174,11.20535987078298
-42.755101386646,10.083290015167055
-44.509794340369616,11.139232185241195
-43.320340729336976,10.354327906817076
-42.80979305942251,10.828445143469331
-42.82911834669206,8.130126764051644
-43.78957560779884,2.435612521472415
-42.374079308492135,3.6243234201159504
-44.58219840868566,3.635436531675469
-44.8548092734479,10.52636421747992
-47.13469092017927,11.447533949030124
-48.743320792753394,12.062662026222362
-50.11090170981196,8.475391966464677
-46.07330418445343,4.717865559591134
-47.812388333373754,8.38498147220517
-47.15830340443342,7.5282413782059505
-46.69461207868558,7.915771958434981
-45.80980084613375,10.678355535725837
-47.366626986884334,8.870827945828545
-47.87623940207323,8.405673201998717
-46.401813889188375,4.262789608470702
-46.49571531743349,0.9531649406146558
-47.58146166483261,-1.1905835375934126
-47.35841694618367,-0.47635970554493
-46.873589088749135,-1.2189561384928946
-44.21950749345843,1.528955084104613
-44.24997422854084,1.064015877246986
-43.87283543186372,-0.5276820758840104
-42.344697779072234,-1.1878393892081305
-45.31685456444432,-2.943988378415849
-46.92853307284013,-3.6529827468874565
-45.58010343764297,-5.054126505955323
-43.89937317355321,-5.404621269139358
-45.64683567720451,-7.491228277883501
-43.1319708376702,-7.259897293719012
-43.01229967859539,-7.36149356166553
-41.10522763154315,-7.618579315630484
-38.35462368613966,-8.941321167036946
-41.28207033216831,-7.339680536108464
-38.651068349724746,-6.700142233382948
-39.250833682617724,-6.418107507735267
-39.52754689345839,-6.363213067665537
-38.739947476782454,-4.817749714653062
-38.09051539712394,-4.234479593635557
-40.08114984891207,-6.7437505948559
-39.10979202510576,-7.7949424297425285
-37.04675299828185,-8.331120336517172
-34.73287521063933,-7.21619785916457
-35.1848994367331,-9.688912865753105
-34.90895186633299,-9.763765739705413
-35.457632769855685,-10.229354546972536
-36.654260575895464,-10.894259038384275
-36.56830742396372,-11.496786946679494
-37.72594596978721,-10.910173906195272
-36.03345717727089,-11.466038808757771
-37.85270038323482,-9.112842668128899
-39.504336210304075,-8.956140643975333
-39.249874683403,-8.545832550522
-38.6881287847035,-8.022598456326955
-37.518020127019994,-6.117942308106375
-36.99777960882602,-6.177667914766513
-37.638926053699485,-5.9088424093292495
-39.672584531800524,-4.421452322604849
-39.934100395050095,-3.857396585757481
-41.112734732317215,-3.513244982846828
-44.25010842197555,0.15052202338409915
-47.03439752256886,2.4956167684694783
-43.762785645257246,0.8177266674946853
-42.95400867815829,3.2992058087880296
-43.91823339470205,7.376393437189923
-42.50229995087989,8.798783057952622
-44.02906658014563,7.448549454699981
-43.34100565591667,7.304584207646114
-43.77532809034543,4.6408171077244775
-42.4323705083579,3.489794337338811
-43.733679310821465,0.8759586591169504
-42.11681512949638,-2.971651642325308
-38.82924790383214,-4.81557193968643
-38.441202104538924,-4.784994424158272
-38.69702811364395,-5.731233430537668
-39.05682636700867,-7.773523331445405
-39.6269704660286,-7.630703442358046
-39.48453016603985,-9.685470792196664
-40.72838230287104,-6.332964220140429
-39.7790305912189,-5.560140241810693
-40.71919345420433,-6.176841571504247
-39.579378039101066,-5.657419276690085
-38.12794459933803,-6.102316018433903
-36.88420860592997,-5.572583733079358
-34.4788468552756,-6.034384320649857
-36.739562650705516,-5.428800887349076
-36.779190503613066,-5.085234244900323
-36.68041195249461,-5.0323672070330225
-36.63373774329675,-5.6980292315490475
-35.35065834069664,-5.400721926259276
-34.53819082289294,-3.6447470587549575
-34.1774125875793,-3.2670640104903885
-33.24127983181783,-4.254380265632555
-31.346066095830242,-4.640329770740261
-30.10245774483976,-3.920980958171883
-31.10057601164834,-5.253657769078494
-29.286135208228984,-7.6740755555689235
-30.159972653004385,-7.066766997974277
-30.8366952635901,-4.472669238176966
-27.607673289412958,-3.301577787078466
-26.308355291822927,-4.383055161938197
-26.386665856870547,-3.8671038787082095
-27.12393130284803,-2.73469896299354
-25.623637355613486,-2.110718425930548
-27.630990383176897,-1.8797782326216022
-27.54654718342967,0.2763783236258981
-28.92237037054042,-1.9031079337247323
-28.880200615218126,-2.9577091754170852
-29.1573106981724,-3.0441096343433784
-28.994789484129697,-2.559790826580637
-27.65480579052973,-2.480167665214486
-27.06796336070981,-2.5909229413058243
-26.001166351084215,-2.0633226272528806
-27.956193819199243,-1.4487154354358636
-28.40855664014619,-1.5565056156962973
-28.771147390282554,-2.678753751695491
-26.27005691313563,-2.308570753162126
-24.470239643855223,-0.22298229826200777
-26.130956046411075,-0.33264363184193924
-24.12136942099051,-2.671551649603116
-23.407686028254254,0.6206062114681798
-22.941276145303952,-0.287485542782805
-24.71845715922409,-0.9197330552430043
-26.353535324599132,-0.0009572060838149987
-26.045934555433565,-1.8840566631453912
-24.825461896987647,2.0001128763432656
-24.005691201864487,-1.0530750470472339
-25.655468415067965,0.5328467641416115
-24.66075662813643,0.9340258590391328
-25.65203525272814,-1.6772949922271105
-25.686123740919985,3.7528286066025887
-25.764084943864848,7.136133785639313
-27.088156384225076,7.153650639667522
-25.633861382884724,8.8675508010672
-28.005015302525663,8.62429555739102
-27.2225412515473,8.68354905019306
-29.686677181082242,7.656330556145666
-29.186322624976267,6.583561868048159
-28.78353288691766,2.098799996653989
-27.610328068767465,0.556693316580742
-28.666100311919134,-2.8531200172845885
-27.9748562301348,-2.8016558415682233
-27.656602364196882,-1.380142255235552
-27.37977541738144,1.2809092445228323
-28.238544657703127,-0.6668265046756993
-28.813713370258135,-2.358914143741691
-28.517582393421694,-3.554779295468033
-29.513228513756633,-4.169227185766643
-30.033489153820586,-4.466471561977267
-32.677970909669114,-6.405475402279027
-34.323897844375715,-6.719282056538841
-35.018939378205985,-8.468334240949842
-35.53163496586317,-9.67234296013345
-35.41957330040028,-12.745393451896165
-37.18033976523711,-10.518142323470062
-36.5265769841239,-11.937492063365438
-37.17217124198551,-10.847377281020092
-37.522163355375156,-12.112089895493794
-39.29254838342755,-11.64288576145732
-37.30926873741823,-11.955201737934647
-40.060777428825595,-11.660060054398079
-39.85951127390769,-11.531536673592134
-40.269671861985934,-12.693050897071323
-38.44436988071961,-11.046784439192736
-38.928887924218365,-10.535878004449208
-42.27734932188426,-6.701777566275039
-43.7124388344579,-6.779504489989161
-43.438619433370825,-5.691568762157582
-42.90617300943222,-6.001622312919138
-41.214272356725424,-5.156007441371412
-41.030246237840124,-4.685976143785121
-40.0301437105418,-4.298046147874926
-38.24332864285305,-6.43983479692763
-38.94535074889851,-7.219889550012654
-39.2895014614991,-6.422930529664254
-38.48685694290623,-7.741767276974294
-39.69644765859901,-9.173658842872584
-39.54777877825531,-9.886948333454907
-38.33465217022906,-8.873151475552637
-39.466078957102845,-8.129654642184857
-40.25888933253129,-6.2973951972057804
-39.54798495607878,-6.502637765886636
-38.971979742724976,-6.537096344789845
-36.85576169508339,-7.712737001495104
-38.34131925000434,-6.300431601334359
-35.232020828904155,-4.8524941136153785
-34.73374618158994,-5.7043036331228905
-33.986716776566915,-4.589103110513977
-35.209591688432404,-5.315063485479015
-37.4139558670581,-6.368447509930585
-38.15537612772903,-7.813101499921913
-36.67165428444839,-6.748513073183094
-34.945570221083955,-7.36460645696177
-35.815613645999406,-6.612130694409765
-38.3523584816688,-8.98713560742115
-39.131792726051074,-9.256429723727862
-42.54392301886516,-8.360243941069736
-42.180191563806076,-7.186671272524522
-42.361687039989775,-5.810160625556289
-43.12056428677905,-6.44118264480978
-43.933755251377114,-7.724497240768294
-42.60621261639805,-10.739354411860637
-43.94683957746549,-12.151110669311525
-42.38202332239411,-12.982153155206412
-41.24871079302331,-14.272749511057475
-40.20567895160484,-16.817763505586527
-40.31799297526752,-19.156871834150486
-41.30569450001741,-21.49496966159508
-39.363082504069006,-22.218180527472963
-38.124631952397436,-22.260291197290005
-39.29460918177799,-16.840095024512546
-39.51685771178087,-14.163260771469705
-36.79759475952051,-13.756723400464558
-35.93922750394422,-13.202439393899798
-35.020641367544,-12.973106560758893
-36.187353042411694,-10.650663166109998
-37.134941856776784,-8.567001391682856
-37.82254007392366,-6.599259104003133
-35.688271404735,-7.293082146575371
-36.31829954197227,-7.901447237236508
-37.096078714651014,-9.575659130783611
-37.70295812427129,-8.520529552567542
-39.14979516278624,-9.201587632910888
-38.48652797041583,-12.25340452834301
-38.417956357589524,-12.554252034475414
-41.0669782780335,-13.98581562061377
-40.39490416382657,-13.64241246110638
-42.83134499898847,-11.522197070177695
-43.11195607744614,-12.381975085761283
-41.5723536002276,-11.809594628242388
-42.382656472338795,-11.775051229351686
-43.491968593762856,-11.616231003895034
-46.014452556605946,-12.052054178644537
-44.73090013231766,-12.09118850109484
-45.405419600377506,-10.462643268351634
-43.384983930951144,-9.698588567658735
-43.566584923725486,-9.351038041538384
-44.33134650865925,-9.808534030923104
-44.95458060534627,-7.601182285376874
-46.35323904152798,-8.673809845992714
-47.00949395159121,-9.838222123443998
-46.42235153413008,-10.399740471251246
-46.43358142354741,-10.243741144166652
-46.93023717791671,-10.309009139063193
-44.8397709813849,-10.241741213026733
-42.667996728140594,-11.02013910402387
-43.67310224445306,-11.013554034326672
-43.232021902093834,-11.11988751466415
-43.85717886535184,-12.326883353984538
-45.13765427446321,-13.86594446948463
-44.647398747706205,-13.459192000565855
-43.162944860850146,-13.638402656024113
-42.75535838565959,-11.941290895598332
-40.60311557648053,-11.496695445701334
-39.71496508924869,-11.057319145895466
-38.83568922576497,-9.439700031486009
-37.75445802396552,-10.911173433068512
-35.917138025203855,-10.446115250760077
-33.65803411105008,-11.073160596504204
-29.635379853443258,-11.613208319993825
-26.354959885879833,-10.498111660115457
-24.59512760685796,-10.309192556596635
-24.02861683517191,-11.12069164009763
-25.021453539858616,-10.920755610577805
-26.952184295969975,-11.173766500627194
-24.792060562514585,-11.321555156520514
-24.623220913659004,-11.61373608663207
-25.71841912701778,-10.930105979609442
-24.76396051534912,-9.34015075953007
-27.047260771940707,-11.51472227741395
-27.241222890019237,-10.763022753909635
-26.78074935887948,-11.14167182343994
-28.14350127295179,-10.515480375553324
-27.665598359054343,-7.5642178205416055
-27.900447947641727,-7.490517623423927
-29.40093135469666,-9.410294662788996
-26.580879497672036,-7.64921583931291
-25.60649672446071,-11.042090784673391
-26.59360536974781,-11.93626044674705
-26.223425415281707,-11.090723900235897
-24.730264612293883,-10.800716428470023
-24.89585225443358,-9.7802341205142
-22.438607533857866,-9.966991370166994
-22.275083486986457,-10.46285641613288
-22.208847942523217,-9.379418578042808
-22.229900256815167,-7.161888296364803
-23.062738946051287,-7.169790816730858
-24.085745678613854,-8.828705504062889
-25.207752319228142,-9.76582044408573
-23.954828141231314,-7.162826925609587
-24.27219131406294,-6.717356101388285
-25.17429061958178,-6.096904918281037
-23.80236262867536,-5.313515110912468
-24.057581346453276,-4.630284583666091
-23.1438278302703,-3.859669348646072
-23.441693972111292,-4.842886622353434
-23.14284985316108,-4.969705710166485
-22.113447535308822,-3.9324125148487807
-21.649666831053096,-3.9202252626212335
-23.179578441278963,-5.212110410800731
-24.950414533306873,-4.392602506524591
-26.44328506343958,-3.1624776632449665
-27.000121019169093,-2.945746649564633
-26.988096866459955,-1.6429840007153202
-26.6416043618072,-0.16318189474729078
-25.312393658034573,3.9580392421916653
-26.05125300261504,6.9399544124601835
-25.983704276044307,6.828107379856415
-22.728900867487646,7.949116252889849
-20.96190672191017,9.238107845040666
-20.69860369975933,9.738766861871225
-22.60308327172944,9.74330759883618
-22.610531729340302,10.044451784028851
-22.782083833839806,7.953591859136999
-20.895121966451924,7.545890485351595
-20.284960678194984,8.134058564503933
-19.94411037883212,3.7846250800194596
-20.352304922433003,2.303489202119252
-21.538271647854355,2.4302847929893074
-23.927933907238586,0.9351482690829237
-24.024684897065892,3.536647820995988
-23.588098963942386,2.4988700945130464
-23.942798322847707,2.051872011173212
-23.561066883276418,2.6041957884107245
-27.073470154726287,0.5547301957042297
-27.86681029886028,1.2231916493307857
-29.98116599229543,-1.7153561437503577
-27.825492433141743,0.6716118311345829
-29.036682946619568,-0.11201242885725904
-29.509264860718886,0.7743954167425333
-28.69620117354071,-0.9851827866661458
-27.825771671105137,-2.3366033560660577
-29.92381163789685,-0.8266391354991497
-28.959051957117076,-2.439803275697018
-31.299515747910096,-2.664343073500978
-30.772035891296415,-3.6650561772751233
-28.537039165615035,-3.3439964056883995
-28.153132511756095,-3.3409573040420764
-28.55251303784112,-2.567059734855805
-26.52942137711019,-2.0070724666376494
-26.018366277607484,-1.725287291140529
-25.873595346929793,-1.9503129770075627
-24.15407691345152,-2.5613076458745825
-24.356401306692224,0.04619429113017759
-25.448191077005365,1.5256245965821655
-25.387472115253647,7.408592256702633
-25.526798578468597,11.4856405577827
-26.18354322867409,12.017875905328482
-25.78017620746797,12.304529846353157
-26.467833182701913,12.536017187273188
-25.041721409122342,12.803248960603462
-27.053267273956017,12.371132702828062
-27.613972797671646,12.906694052990673
-26.08861373984586,13.04157128224508
-24.591857945222316,13.398782052381936
-23.708459303881387,13.693421585803177
-22.060090323636445,14.299958517846642
-19.232554955376617,15.246730987939237
-19.794232541259703,16.172015805568194
-19.156871834150486,17.668440276360126
-16.43116794169667,18.677634812815604
-15.800243932370071,19.054761835397628
-13.928839347533593,18.443361641681978
-11.331523476352464,19.9575495921457
-12.326883353984538,20.175613898651186
-11.42057109591737,20.20928746183556
-11.826498728514062,20.21574492061021
-10.386106942489869,20.422047848498547
-10.084842770613378,21.19522670690784
-10.847377281020092,20.93830746845528
-10.910173906195272,21.25412309938182
-11.93626044674705,19.766243032398375
-11.591074048975024,17.974953716419616
-12.25340452834301,17.102778910277426
-11.32299825197485,17.755811973812968
-12.751564675732888,17.312132512635355
-12.25402650570542,16.00445347302601
-13.207686963161589,17.916189450075137
-13.459192000565855,16.831868995574737
-11.809594628242388,17.680918666020517
-11.97177783249851,18.57827585139243
-10.082235558328657,20.176116261201518
-11.64288576145732,20.134329476754854
-11.259757556810582,18.738987078685152
-11.503849055411603,17.797865688599142
-8.8403036314697,17.236969276762586
-10.309192556596635,17.677936538818596
-12.494406080847213,17.413953576808286
-11.566601297419135,17.70396429859586
-9.99739005982182,16.198279573205713
-9.928141835155843,14.64594514975912
-9.966991370166994,14.938682295301739
-10.241741213026733,15.328750736361126
-9.047126794004736,13.679364159880981
-8.103823605092996,13.072723297696351
-7.817728205118724,12.866974993465114
-5.72726648733411,13.506114009881388
-7.219889550012654,13.602139360924925
-4.777385100934065,13.571485610972045
-5.572583733079358,15.130874563564584
-5.273216884069437,14.018213036523795
-6.701777566275039,14.645076266375742
-6.258102356644878,15.650308834101587
-7.162826925609587,15.382389964206443
-5.218444654844685,14.951049528987374
-4.70815032560626,14.444166684306495
-2.2365866909967895,16.248517800850767
-2.567059734855805,16.90704596083298
-4.437075978445539,16.329598004258873
-4.879198599179558,15.866297987549904
-4.588073484030444,16.259226489283694
-3.1491234094355134,15.45796975632353
-3.554779295468033,16.420540036798606
-5.156007441371412,18.1703775872686
-5.161600211487445,18.114295156403116
-6.102316018433903,19.139365656548986
-5.5789796142361485,19.124767064335565
-7.194402175013445,20.44286348968829
-6.927643864028723,21.555295689130798
-5.37789982133589,21.929422153831375
-4.995754511342876,22.023633025768287
-6.36352891455886,21.687219680271298
-8.520529552567542,23.021438339063565
-8.687393436265992,24.816840282940362
-10.068559343467953,25.6605706428123
-9.564820330314404,24.15486419761975
-9.968694717885937,25.181665080325338
-9.67234296013345,25.219517328794446
-11.02013910402387,22.65104562313006
-10.515480375553324,23.112476050709247
-11.856624716733473,23.41936547327375
-13.074904888325346,23.9867617783382
-13.638724347166702,24.125587859117577
-13.71176565840833,24.69407062994771
-13.87854101900403,24.980779631350096
-12.87012923917814,24.217477027938216
-13.125722864212719,23.643314077031103
-12.989549097018426,24.631376054911946
-13.69953422461472,25.976452950570295
-14.661133533642623,25.766158914787542
-14.50000319073827,24.39407789777435
-12.856673654013022,24.27456898119886
-13.795903029966864,23.979384409582007
-12.640093452827129,23.444471593145156
-12.414218639854933,24.05519797510486
-11.173766500627194,23.92314944021369
-8.828705504062889,24.63143027909288
-6.7874283509016795,24.07568118101437
-6.190164577385254,24.392537166248836
-4.133195587550625,23.308920867731082
-2.254932777392838,22.345614113547438
-1.5839746033693705,23.431501323956148
-1.2321479305998626,24.08855243922785
-2.3366033560660577,23.63541137780542
-1.3004368014539576,22.278846101840127
-4.435614479650028,21.63961939960327
-5.24819385643448,24.08723832657382
-5.400721926259276,24.43878032895879
-4.6163214112998565,24.254600869277116
-4.817749714653062,23.168848542181586
-4.241499798693739,21.716652542180846
-3.6318409618106196,23.173332400276937
-1.9130447311290892,24.268555132447844
-2.3140794810153107,24.64757291108666
-2.3824261237196467,26.34109287356977
-2.281203495031749,27.472949347387253
-4.113515913346214,30.517228947193907
-2.6901780841538203,29.469860904925223
-6.494400198439575,29.938133463970352
-4.9524238245539465,29.97379558050955
-3.4300010128819136,28.315364620089632
-2.94750519727217,28.346412733749556
-1.7655081651251288,30.5384714839447
-2.8351600713001455,29.852510303547216
-2.0368010899572,30.391275215569152
-3.700919591986378,28.236979387319106
-3.824283960935797,28.523326067944325
-4.466471561977267,28.685932081602132
-3.813053388196576,28.23891378785528
-2.5328126232323145,29.303264074366695
-2.308570753162126,28.576999894722157
-1.2214390801894748,27.993112614385392
0.9905537488562937,26.517216975459007
0.5520802409051977,26.53994365456442
2.2917268557871946,26.935417894957382
2.0001128763432656,26.875149953572638
-0.4852893870452748,27.161292231136837
-1.9031079337247323,25.150098328265756
-1.9530705589743043,25.11675723659383
-3.0621114213593046,24.44391256400648
-3.2613142826126875,24.618491184251482
-4.640329770740261,24.444643591297943
-3.3617275974139442,23.89519970148529
-1.3576974133188937,26.789538182092713
0.15052202338409915,26.128866664987704
1.0283302501376919,27.302955537055123
-0.22034539512774032,27.727642572573306
-2.1457409348381447,27.388772901881854
-1.7564462006234023,28.251582023157194
-0.5865932794057467,28.574999024962757
1.0233284831925895,28.85240572769697
0.8563363622321022,26.33624099123416
-0.6781467085721206,25.519053485116622
-1.939687623281876,27.936831506867186
-2.5275994447451122,27.89489471918203
-2.451336880259871,26.21254090047397
-3.2258523487305246,24.806359378693628
-3.9564203840718903,26.662530013626778
-4.696391281839183,26.813875372673323
-6.531029881306754,26.15132987615595
-7.618579315630484,25.834138629952832
-5.130434129198083,26.168155427486226
-4.741292150022308,27.33738611988339
-5.717001716533311,27.087638961364146
-9.960059002467347,26.42536985045667
-10.518142323470062,28.172209674981943
-10.054315110564163,29.441425917759414
-9.697265656199175,28.692129450587842
-9.983024594995033,31.874667830878543
-8.668188272952596,33.90752653186218
-6.812383518023905,34.292043855702246
-7.601182285376874,34.01843393480509
-8.040610124973442,35.89207102311079
-6.81266331093237,36.896005211162716
-10.933093400153668,37.32845065900219
-9.896015612847545,36.2303514852992
-11.2182772492747,36.51715867140548
-11.531536673592134,35.98590674019441
-11.696314931569294,34.93449256008604
-13.98581562061377,34.903687039006265
-13.659730952403256,34.51576748432635
-12.554252034475414,36.627607684482285
-13.670268095309432,36.27824800751669
-13.009884287356149,36.55381621458628
-11.193489128223623,35.64177993165455
-9.137159282163525,34.6019247892519
-7.935752899088378,33.745063747032276
-7.826754656260788,33.973956521623535
-8.468334240949842,32.30618289057101
-9.941486164294428,33.93108650657567
-11.291548483101186,35.14891014883842
-12.543379768196653,37.004795386793546
-14.43134828674961,37.72192046880282
-15.4347744278919,37.353419428178526
-12.823816276851332,38.47031733141731
-14.157401382099545,36.20646017100551
-13.077311314704389,37.61804625780787
-11.155888208304724,37.24713005065914
-12.745393451896165,38.96326922074728
-9.575659130783611,38.27327525672551
-9.76582044408573,40.09597374779618
-10.609960507204,42.112893338688956
-10.920755610577805,45.49668322262582
-10.46285641613288,45.78822091463179
-10.739354411860637,45.44225799135389
-12.418466152481749,45.9634720682039
-12.408693082778559,46.5655921689458
-13.521022870273288,46.34439728261233
-13.28860223400301,45.93466406212443
-13.844109995989237,46.388931609696435
-14.160624105642755,46.338747880285716
-13.736976468914245,47.03646339141726
-17.150658541603615,46.77231869086521
-16.02512871767323,46.870105681998936
-18.285360019401473,47.505209389023406
-18.442859552141268,47.614255685322085
-17.43594471761135,47.55903758980966
-17.201173294965123,46.98270949967109
-17.42331675632515,47.75480131079434
-19.126765392027817,46.945892215284424
-17.42707915923841,48.06534121408827
-16.87029346989057,49.282547225240464
-19.649624058923063,49.153607213754576
-16.512218992486275,48.7555421992807
-16.64639367032235,49.2113972096536
-17.281304767107617,50.58086850810943
-16.608538523128846,51.34535966071295
-18.117862688885193,50.32639817758354
-19.03648867286672,50.468923272057594
-19.70139972439959,49.59117048599096
-17.636195688229293,49.23765012475143
-16.51362300815302,48.264012442020366
-19.081343578039306,49.02902119429645
-18.19720747736041,52.23375356471783
-18.385062895096677,51.73783130470585
-19.280185564346528,51.90962705309988
-18.86686331603503,51.97711501265607
-18.031029156455727,50.717982924114395
-18.990138864428324,51.72673231111248
-19.604757409374503,51.40076762685454
-18.599338680455897,52.858765896528524
-20.857869700481437,51.73072844693856
-19.70898238152797,51.68658150110897
-20.7943383346557,51.2791272345751
-20.870239497561126,51.343328979458306
-20.238822321249934,50.67401593507675
-21.028887824305126,50.72292863060004
-21.535294613033255,51.59701505816892
-21.657986379222873,50.72154139869334
-22.780061215775955,51.91931389213561
-22.397530789094837,51.98230188133678
-21.18174363279884,49.9663511311519
-21.814574130685614,50.02435927183826
-22.867941747704013,50.05228950141537
-22.945875543570384,52.33857357023596
-23.112922993800957,52.56460751794182
-25.030635662465112,51.386379508328545
-23.933708751287913,51.991220428233326
-24.04722779197419,50.99740472056535
-24.325830930585635,50.410475145549455
-25.413362523547327,50.62082287062123
-25.076435997536027,51.782086371733115
-23.44410700986246,50.83559906097927
-24.48439122983614,52.91048297490934
-23.408268023149624,54.5633300204476
-21.793818199835925,54.50739515198222
-22.898042343338656,54.674029459693074
-22.218180527472963,56.10697074842937
-22.40295663892037,57.581917088389794
-23.579677158222434,58.92304424687176
-23.40759922057392,58.877258903924066
-23.03705909372571,60.02984435814801
-23.184957670469686,58.63130832583417
-22.34988573754285,58.189174050408546
-19.921712498154836,60.196970930114844
-18.62833648674798,60.566769578475046
-16.840095024512546,59.94695841732949
-16.536326914550006,61.72079219006669
-15.972273330502816,61.251333554535705
-16.817763505586527,61.21860245520688
-19.378071957342748,61.095437755137084
-21.04370639301384,61.544333306813286
-19.41118125967888,61.417041834550716
-18.927044177629416,61.424363392791456
-18.79314241544186,60.836595579411465
-20.920257571878203,60.798556313876425
-21.723935475146263,61.44654401528639
-24.617349508460954,61.02426764094179
-23.989024565199617,60.24050540203858
-23.88423202850712,60.61519627691153
-22.68044937085935,60.98917457081839
-23.38803355947204,61.33753493482231
-25.14440819386748,62.19662569719339
-24.45407311246507,62.76680328516209
-24.26715506072058,61.89715436635003
-23.84399800587326,61.652955768880645
-25.532275456677624,62.669629365987376
-24.776411440666305,63.06569935200969
-24.555673929218884,63.29931541606225
-26.94728111153963,65.32610907569865
-28.321179166072103,65.39615289057414
-24.66814929065046,65.86421734383221
-24.230167834912407,64.03727377614382
-25.207288947771996,64.59271749035919
-24.15679770887345,65.43772542285322
-22.240052969429644,64.39921186995097
-23.01746792108826,64.73099756473749
-25.55559542879621,66.2583979278
-26.02000046515187,67.14444712300642
-26.654774732081854,66.50893178952775
-25.458126629886834,66.24566912301076
-26.271415466007603,66.05731885044378
-24.764449476310944,65.11869871435022
-26.19141591610806,66.02543825613913
-26.23208835861993,67.44938836370503
-26.938324750866634,67.80638852643102
-26.165719794762087,65.4532671830446
-24.178025389854714,67.05062920759255
-23.00680038415985,66.02760824999281
-21.677664699738038,66.74377413982427
-21.793649614065753,65.70420171810981
-20.912000666822934,68.73062578329589
-20.754014019140993,69.30690083013106
-19.761210261305568,69.49423528792627
-18.62639487332548,69.05712177086819
-17.96147485681695,68.77026740171306
-18.20946157523207,67.51905077601492
-20.250871343339576,68.00576098306625
-17.934441477103487,67.80644046753743
-20.379754498671012,68.22937898408217
-21.14099571215431,69.06634992554083
-20.970011615612158,68.52856140011923
-20.466703836781676,68.08126613828443
-21.155436365784848,66.56616704998055
-22.792470830700726,67.85666216741119
-25.216674910227493,67.17252955359089
-24.43955226746429,66.65588371441491
-26.613722873992103,67.35698339383464
-24.508241678243476,68.77842583247705
-25.698969017985256,68.0860347219815
-23.55391282777524,67.5103445883109
-26.607258749009777,69.92391390433754
-27.759087495328437,69.29385574655261
-29.59045812701573,70.85327972515788
-32.71439365513881,70.99186843462847
-34.13182765444683,72.24023291037388
-34.79843710587173,71.43606015301376
-33.2819610305051,70.63193730159153
-34.68665695868205,70.63728734397912
-32.78130639585371,70.30497133429704
-32.24127170414013,70.49019103817392
-30.902271271637773,70.53241108589101
-30.04985647122697,70.90803476171362
-32.0915836158403,70.52524895513005
-31.653875507905322,70.15636261062997
-33.71249610952414,70.46228025384805
-31.557287725499556,70.81552020698379
-30.993484438381017,70.80358328040843
-31.828300368187076,70.21031753597757
-31.70593669409649,70.43988243957216
-32.067686532270315,69.70154570158947
-35.41686610481778,70.72629585947652
-34.29198350537277,67.91849868164996
-33.66194525923045,69.82144287929955
-35.02085390832902,70.72394760485975
-35.09278722226251,71.64700614655489
-34.220257656011775,71.30274453568627
-36.86613491131576,71.3467858798416
-36.643940341253106,71.2691860831148
-37.72402062556374,72.9933652727825
-37.21970859135614,72.45529067706322
-38.14198539600423,71.83187641202205
-39.39624194184357,71.88118481943161
-39.81325488416638,72.34522602228932
-37.34322696264867,72.42234740901128
-36.57330284510844,71.30828226015814
-36.47975390398505,72.4783307980195
-39.883364950977324,73.18199542589917
-42.443098344825934,73.68247770031024
-40.94431883680064,73.63378961246681
-38.46165920065017,73.92349352857292
-40.90402757998259,73.9013334126713
-42.202781104434266,74.40032506700916
-41.8352707472708,75.167900983926
-44.8451385722259,74.5605356853235
-46.39837037768322,74.03644819361524
-46.85742986726605,73.68461987421766
-45.9055738296213,71.94674101498165
-44.785842775404404,72.93544439110072
-42.47940575677238,73.2312198812009
-41.643082168871366,73.23926452549863
-39.85514643312669,72.75805654853126
-38.786075449136646,72.92734707538371
-38.47504409763575,71.57164337744967
-39.46658661626023,71.50824337573542
-39.680397730960465,70.66038961618432
-41.55673892260853,71.21900565271224
-40.97523525563095,71.4530917490064
-41.63776080612981,71.01881619377566
-40.70110686498909,70.70359960248919
-40.34215718273091,70.78132463636464
-40.09171645262369,72.13563899547583
-37.897049157900916,72.68664743501081
-39.21151562247514,71.9614657091088
-37.84617411995532,71.12902856574055
-36.84536286178886,70.93861373429213
-38.39878158236225,70.71537752789582
-40.78453752738792,70.46600673508802
-42.53601289383294,68.70576685744348
-40.42359006721517,69.50512592848409
-39.25915400606401,67.09589339045493
-37.08619921435529,67.39969995821698
-35.87599261579853,67.7035474613866
-35.601717052527555,68.13666450035714
-35.145483662968594,68.06642451644291
-35.22635712203453,67.35188503069617
-33.6483862773749,69.70088298541015
-33.97971913635762,70.1291354367417
-33.52071893850003,70.2598172797422
-32.880598304677214,68.7290404230401
-31.806276859026138,70.17856304479065
-32.08676836137877,70.5094749869174
-33.42175067742192,69.35270715623464
-32.60777382790409,67.3104877504245
-33.726903819233335,67.21966480190116
-33.88025115171696,67.23551104958842
-35.12362268387912,69.15806605579554
-34.6544262194236,67.73778692145603
-34.1494168939961,67.6751313815302
-33.24059738784378,66.41202153882068
-34.10649753355541,65.29050977328033
-30.77358776875834,65.62117877657046
-30.326742787341033,65.97720382865975
-30.314294645072657,67.67100950841707
-30.814926141035524,66.90653796887014
-30.993678815072577,66.2333839012026
-30.57358731313587,65.21392797065171
-28.528687074920484,66.79648029896677
-28.30639127157367,66.33429410924089
-26.892585732067868,63.1941722995489
-24.60756758434862,62.15493148947531
-26.049870197778656,62.70847764974469
-27.270873300954534,64.64646794636243
-27.110604913886213,62.07362343883474
-27.206824104338065,61.5859288873978
-28.537134551190583,61.09483993812119
-28.675118626428592,60.337390955999034
-31.57087329856885,59.45000702230517
-31.899501555114803,60.86257339117326
-31.45441140619578,59.918771198962865
-32.661334959898106,59.92686975100487
-31.819040694036094,59.501499174313125
-31.341335326179443,58.956090904866066
-28.888576442079632,58.84004161698766
-29.082214719357765,57.73574282597119
-30.575391661391038,57.34888954366881
-34.98018673999261,58.368904836628836
-32.97779082421449,59.49746691860648
-33.69139100308753,59.3564013634802
-32.6975166810054,59.053542517778965
-34.31513131673321,59.30136317968317
-33.36041437313965,59.29174987397206
-35.35627147829054,59.14787157771967
-37.86927147369047,58.98315774018581
-41.00820906639451,59.2961479719779
-40.97137809613015,57.253790178846195
-41.58096378601333,57.39874402449057
-40.646392826465885,56.4011488350555
-40.74395831595121,55.74744408770629
-42.58268107303354,55.223550171340825
-42.27152277263986,56.312557262912186
-44.95321734317085,54.54452418808993
-45.9668758000511,54.16694156753191
-47.785802274169825,54.38651999528395
-47.07606705061661,53.46796830734746
-50.19055259736224,54.60802490983831
-49.24696685461723,54.176662512608495
-50.72102193168662,54.40128817733502
-51.39471391514513,55.91805461076372
-50.713343832889684,54.00407071938278
-49.00663003278548,54.4024322264724
-53.833086519382796,55.8149824288511
-54.70316768727642,53.594547941846436
-55.67456114604336,53.07615629249117
-55.71845884445874,53.043351664919435
-56.52451508380183,52.66014845285812
-58.374825829412195,55.033294986065606
-60.3050304876394,55.8910157787351
-60.511810435470316,55.15086988287276
-58.263469594122355,54.85174896446286
-56.526667061341534,55.087744329933706
-56.971658737594936,55.956199990313664
-56.50947474781033,56.07971289861033
-56.04787307073178,54.66149480719084
-56.99905762269093,54.95815651167654
-55.91719439239427,54.7326199130524
-56.02546246688872,55.38884730349354
-58.64299731514447,56.41241095679918
-55.72449472718735,55.98109778639822
-55.18648365500114,55.822543049682935
-57.1324401340722,55.92706715306779
-58.23125857478667,56.09261124591092
-59.58174032261836,55.09667946336303
-59.80945616644461,55.39628604931036
-60.775533798630164,56.48162838083099
-62.8488404652187,55.105672321345494
-64.3781243310303,54.126103533921416
-63.45717104511064,55.187461400560686
-62.61665227229127,57.490497694835135
-63.89106131171532,57.18571592579997
-61.87133291433547,56.26150699157851
-61.65338339318866,56.08908670133684
-60.58528302168532,56.030522556388426
-61.32077674265277,54.93683408989394
-60.46308525004731,56.02510016861027
-58.83967817410535,56.026561343927966
-60.2872138449391,53.44637226980427
-61.582886957193395,52.91586249774886
-61.788165230010925,52.34205259931211
-61.54291413402624,51.545118451838555
-63.087875041927134,51.459646625979325
-64.07404426896564,53.10065893378512
-63.34212612623121,53.923958712582234
-66.5044913871487,51.688302585397075
-64.43255725130828,51.94609252149466
-66.4919821382576,52.404144616328416
-68.23746319656524,54.62751122704115
-71.00688604591605,54.48109936249516
-70.24127522053584,54.02961230727902
-71.44875562773093,53.542650552810706
-71.550685462919,53.48476021105217
-71.9853903922567,52.65284009830399
-70.44891332323007,52.38271691569433
-69.72969228850958,51.45049103633196
-70.26829214113214,52.05299435090153
-70.5686076610525,51.968886254657974
-71.3209598044794,50.697029591402206
-70.08963260482818,49.94826646499098
-71.14406993168117,51.6812475457474
-72.67191939891413,52.59889029397659
-72.85941066588876,54.14107065750521
-72.70250134830722,53.26637466095023
-71.63616487055295,52.18679392418747
-68.30418944571419,51.84203934631214
-67.0227890037285,52.687596324324296
-65.27280089661552,50.960389938225106
-66.2406038593328,50.95710242924014
-66.3726765656157,50.1133983812404
-63.60731743834507,49.256302982653786
-63.22466109766515,49.74517028368324
-63.352389104537174,49.69173388091182
-62.14349888739589,49.608409841106685
-62.31777485426477,49.285316781170216
-61.19729227274835,48.692256336489955
-60.49846003243028,48.6584861883113
-62.05629660789299,48.69440689956078
-62.37862141668537,48.38108270987219
-62.30955045529236,46.98922306862521
-64.19108165231931,47.28302452075304
-65.05420597604383,49.60749769387394
-64.52845305044423,48.74917807618049
-65.79291988562241,48.38191842557668
-66.5628976500805,48.18670941035734
-65.58780297001852,48.0567677185066
-67.94520484143335,48.92366837115192
-69.04031881484738,47.556455788354924
-67.7893129821286,48.10326737132958
-64.05665309699069,48.82103534980986
-64.71513907729451,49.67920121770938
-64.56209210870007,51.321908907778955
-65.54827929078826,51.94571749707486
-66.6933679470197,51.41787050995819
-67.99075509720943,54.26520291638649
-69.66719021091967,54.606578752366325
-70.75731159186068,53.94986845013566
-73.21150727112152,53.499709639890746
-73.5064403815195,53.38636206915547
-74.73928847870383,52.8791263985465
-76.15283656660537,53.72617386975244
-73.55880603247063,55.43053428469473
-77.13866508551716,55.53358069815809
-77.49362137985823,54.977190185322335
-76.03323277260934,54.29436491806667
-76.70054859283123,54.35146091395056
-76.97229515343369,55.825468959544736
-75.97901509994156,55.51010693156441
-77.0263512769631,54.95645750816926
-79.09634771202433,52.92758099048223
-76.99624952131872,52.31389626208769
-80.59918380334595,51.984339751276195
-80.66711502595072,50.4122983717948
-78.76592488479606,50.84971229660995
-80.98660842376032,50.8392630249138
-82.47787777392033,50.89396299237027
-82.71024358252494,50.81998484811521
-84.5809022442536,51.8202390736751
-84.53706053779986,50.19817897376314
-84.40678560644646,52.621707532330205
-83.49558142453361,51.652194231378175
-85.0101281059122,50.372963607876734
-86.39356257710767,49.468184907283664
-85.86251712150593,51.06381956803364
-82.876034164119,49.86447543354962
-81.35614248164681,50.446550988783514
-81.58641596826499,51.327492846293374
-81.33845390374303,51.57476995221857
-82.38384254528111,49.331012337423985
-80.39579824865368,48.02336162264753
-79.52438901299833,47.162811122378514
-76.41441784535596,48.193609615266006
-77.84042108485465,47.79455325240027
-79.39051345847722,46.43075692436269
-80.37286509755148,46.672045462432806
-79.0920304330993,46.782751191259436
-77.37900420327108,47.68103091082942
-77.02585264566133,46.8048784298331
-75.0358888997163,47.3112417214352
-75.55357752982187,47.54157947299531
-75.5974226890885,47.45998446913691
-75.94400799004295,47.92643769732724
-76.36392620193669,48.44340864975057
-77.90638134005849,48.317359328839856
-77.44075290327551,47.80897394420588
-79.35561170353616,47.68876741564204
-77.29102788123751,46.72966307063094
-79.63534578942432,46.66400908123817
-80.90827229554594,46.3708761943306
-80.0360282575939,47.20239093024152
-82.12931480193438,48.20593797248327
-81.35409396739405,47.67089780622186
-79.33487621824356,47.81324731357343
-79.31087873371207,47.237840863184665
-79.31273644139303,47.000735178222286
-79.24684560099517,46.921653736194486
-79.42063329454314,47.1872488113071
-78.87038560439045,46.22916661595499
-79.83337060801665,45.85231359143139
-81.4996927007678,43.73856547965186
-83.18248016279968,42.24687953236231
-83.39005208494227,43.51384220973728
-83.13898418827709,42.51923909933446
-84.43322328842181,42.801593139191986
-84.1812680177112,41.9937644727388
-84.83789360639796,42.0190123663828
-80.91453474061002,42.19594533123708
-82.55862226650902,44.29067874811941
-80.98522065842866,44.79742478756016
-81.07813002125876,45.5010928902001
-82.16568778035544,46.17824422130673
-83.113518066593,46.480303652003336
-81.3784110010188,46.152634932957056
-82.6313267789181,46.88926263121119
-81.65637900720611,47.219205745403315
-80.16912798859674,47.047364284096716
-80.74171440925636,46.513421415286665
-80.46758645936768,46.351888069924335
-78.8778292173243,46.520294323501496
-79.92498753102089,46.4541694924665
-79.49160334379731,46.770396864393284
-77.86861364789678,46.69174517592254
-77.64789572523782,46.340178708328935
-78.15613004407321,45.721143190608444
-76.7663835808926,45.466911197910996
-77.0191259950809,47.428064257614984
-77.45189110172103,46.26265080385824
-76.24317781701366,42.02623371069191
-78.49847389145489,42.65157984781085
-79.91753150437374,43.80914029179513
-80.53920869331519,41.69723223542076
-80.46383946325011,39.28416124075273
-81.08770885836846,36.54347787049767
-80.04434061543465,37.07367844964735
-79.29282044064942,36.70298938152025
-79.90645077744671,36.4166366884432
-82.23763541715208,36.57302222670666
-80.85116053428054,37.097685307077676
-79.60032912785533,36.13044990006762
-80.10704837186023,36.03268463855091
-78.21751194264814,37.00550060626745
-78.3548639853141,37.07834992970833
-76.92908817899827,36.34561821542406
-75.23287165780836,37.08216034859805
-74.10687592215018,38.72611155943588
-75.12163323818626,39.21087647319501
-76.52505072785938,40.31205396981996
-75.54956296849387,40.32954171884772
-74.51583823049637,37.98373297658072
-75.3555385383269,38.10751788777235
-73.083238346147,38.846834815261325
-73.05998265167501,38.1352190587957
-74.6881516268441,37.96072965062338
-72.97374152889005,37.47459220011811
-73.58731185280958,39.031590612303575
-76.662367115541,39.40923114704423
-75.50051266944196,40.01755775833745
-76.22667008711181,38.03395793290554
-75.72567570445933,38.50179997666296
-75.78250037454413,38.2093740585323
-72.95710535368242,39.38657492221198
-75.95359439985658,41.10283597565149
-74.39794628242919,42.37787102531529
-76.54533804643073,41.691148495267875
-75.33839863813662,41.43049844181388
-75.48205484011362,41.54110135584916
-76.02275905568227,39.845802878942905
-74.9224898095301,40.43821282820725
-76.18777994893479,40.3165993768832
-76.20560773534504,40.86864600994106
-73.56226529333624,42.91094622168957
-72.03998953448733,43.94835814076448
-72.26924765278915,44.284808176469966
-72.93831738390426,45.947140236939255
-74.18994688842714,46.218351701330704
-72.59813340558219,47.72112805689198
-71.09179732693622,48.04703296276531
-70.75906825839672,48.31818173251379
-70.26035406693633,48.0640756090633
-70.97146491623279,47.427441428583755
-69.81064150524256,46.480347071477645
-69.8299102864749,46.894478746241816
-67.98999803130529,46.92058820221636
-67.11617599427869,46.75381529338036
-66.59377259749122,46.833439684736426
-66.27361381348733,46.9144382119271
-68.14194141342358,47.25649812380778
-65.69835300151577,49.04678147364038
-65.23350628869298,47.78147230958936
-65.79964246578868,47.35067216845562
-63.22376974268502,45.21826161309502
-63.37537493586534,44.81494005593171
-62.68058412438311,46.84662469244709
-65.16546384342604,45.45730452035487
-64.00722744557092,44.44596743914311
-62.043814084626746,45.19892453978259
-61.96461894851856,45.20288697757281
-60.197455469606766,46.466488400898136
-59.297202285406655,46.82957521132666
-58.99789468672009,47.58899212589217
-59.62807720417547,47.684238298885916
-60.321377565979,47.70279709032513
-59.97544786088716,46.986530517531435
-57.27494668066419,47.57738723108222
-56.924129387837375,47.03895274202367
-59.28466652352543,47.5302979162729
-57.16839452397302,47.40018191172154
-58.144263051396265,47.62634711192851
-57.90321435760611,48.82490096143424
-55.85908677529179,48.316307504242495
-57.29977441855016,47.48474377313788
-56.08994753452837,46.6517316322879
-55.85865697776147,45.63038343352727
-55.68281643730487,45.93465651381895
-58.27802032657263,47.40208694719869
-59.45761577573156,46.403983880514716
-59.983893004122024,47.22775297326474
-58.97149897038828,46.081910673250704
-60.75270573519141,46.65550469907451
-62.43038290495224,46.66448408765483
-63.88968916767514,43.19483773348831
-64.38045249096794,45.157942884913275
-64.26003270089224,45.88597444166051
-65.31632242856658,45.026648711616765
-67.08680089055764,44.44956523181497
-68.13111013192407,41.969320710313646
-69.42457988344502,45.03849092482949
-67.81598524230444,46.27556105565667
-68.67813824897966,46.73741462161778
-68.4271543945239,46.99617775545143
-68.55850302158038,46.9854259446312
-67.82510671761257,46.501284159488264
-68.2932579460931,46.12246188522458
-68.49698420240532,45.4701594615399
-68.87038139733724,44.37899879351367
-67.0709275930228,45.915751760291194
-66.55222764951748,45.13599145947256
-67.33118114897384,45.64642201730995
-68.52078528475464,43.4172577067081
-68.30897697410313,41.29172233907959
-67.0386040137309,41.49206996400393
-64.83023077302178,42.14108633726812
-65.56308736300267,42.99577188384542
-67.46031221402556,42.01459179756991
-68.03461442873744,42.42419163897229
-67.51030531740993,42.878124964972265
-67.41229916786702,42.73552543690426
-68.67455172323747,46.90762884643696
-68.10869898219353,48.38037062719558
-66.94205095607293,48.66528460191355
-66.58270684650063,49.08986351391582
-66.93429837378584,48.26817211592455
-65.99329294727164,49.270034291962844
-65.6600468955991,48.99506375438084
-64.98142530049167,50.29036971163288
-62.73634135972209,49.10365115480854
-59.86895701735137,48.73638309397088
-57.63945694922363,48.62274211249463
-56.76859586777822,48.6256407666299
-56.837222834938395,48.855907393338605
-56.4361332541542,50.06955956312016
-58.062223181510994,48.6393308797239
-59.08954417424428,49.12185425388683
-57.34089246916064,50.71989404619668
-56.527117317223976,50.99891560576108
-56.49204994324044,50.80010091719536
-59.94041270861182,52.56685085861977
-59.064711720206596,54.30848485480526
-58.518931399291894,54.29598745597813
-57.11878663502084,53.86515908677547
-55.88228922402467,53.636864388602376
-55.54369763834239,53.90111963453603
-53.93002524691231,54.6368044591541
-55.47062035483226,54.368856741322595
-57.79468245418592,54.22093127115795
-58.557705260813435,55.21637110742019
-57.96354131129385,55.03181935102232
-57.485362415281614,54.47440394827637
-57.397767498634025,54.3332864277535
-60.50785723512768,57.14333376707239
-59.94305855179702,56.937613694260804
-59.59687115455407,54.78767624905457
-58.33772196702628,53.29373616397196
-60.6724241123262,51.397935696951066
-59.803177256025144,53.8348942606994
-58.116522820380794,54.34484688919125
-57.14158408160202,54.14360272661846
-61.50020683694797,52.59265338055714
-63.59167139674975,50.42782983503927
-62.4908427824408,50.59858791798848
-63.6098451101808,51.64111559104361
-62.10391581712216,52.21172583058817
-61.45118349433774,51.923628758739916
-63.73989880028782,53.10822193918881
-61.788214913388764,52.435369438111955
-60.74444007125185,52.764079063300386
-61.681268342209094,54.263566259775935
-63.51200256695073,55.08794297112593
-64.98052875136555,56.997598454078336
-64.39729439578501,56.430079422909856
-65.14033190761424,57.55864884351272
-64.22668752506131,55.48636321451617
-62.299734125324356,53.59158533162303
-61.103094287370865,50.329856562457365
-59.059435960185816,51.42290311854866
-59.15189843699349,51.37836973135782
-60.1019585535144,52.174145173625774
-58.25324204303391,51.37953910535792
-57.3945283935031,49.98156718507212
-54.9514103510844,49.90557821494824
-55.9118346368024,49.38904295870141
-57.523007898276944,50.438468894125556
-58.95700764547105,51.19547349235792
-57.10777070158421,49.29502283248381
-55.918251341633486,48.922689335575555
-57.03404331862784,48.38521362731874
-57.085446045452095,48.39047949192382
-57.023453131662166,47.92767861919813
-57.95985489614208,47.50297588598038
-59.65161773985773,47.820903042575466
-58.3047914539818,47.7059571581138
-56.288377394443195,47.511025854975045
-56.262333446775784,49.10557015085262
-57.72046261468905,48.364728832737136
-56.68088841201268,48.36076936265158
-58.426861981333055,47.756076818291
-58.1944986626899,46.72899171128533
-56.352131590198084,46.3790741294605
-56.45384459070746,47.703647180335466
-54.161309186255,47.06714028655702
-50.59220005683859,47.61545249392297
-50.79212703942065,47.2044381963433
-50.486347547208624,46.891753818542995
-48.1912559355285,46.96224260234023
-47.98581216631294,47.30035335369631
-48.240214984647906,48.66004537206304
-47.12666129659442,48.1238404466834
-45.72756483213553,50.69732770270318
-47.0569760734173,51.416755563060434
-45.058769844026074,52.545954718843404
-46.80189357460609,52.011194994847145
-48.477527169828264,52.31443023328813
-49.629387996451,54.46205687286426
-46.50239884152789,55.37790699325685
-46.33842615508092,56.945444550626306
-47.27676472504564,56.25894297374162
-47.88635985452724,55.92166163528078
-46.89982864907745,56.00311305036387
-47.07446396441466,55.90458720712467
-49.13063567209431,56.33033195663767
-51.74343569200158,56.86932943690288
-52.77118753685867,56.76223236226246
-53.71325702795706,56.877282480979986
-56.65243042575355,56.09258085180145
-57.04071649397851,56.90798714368489
-56.11700272899603,56.664216826396164
-58.39907975584932,57.96979246264117
-58.45971863996332,57.64763246820828
-55.87416935352977,57.91049733816809
-55.72277302887101,57.41998484343206
-55.30406118318911,56.67421757192891
-56.19561735829222,57.73615404842318
-53.83449194029621,57.20059587040013
-51.11425891709483,57.08719389319412
-49.735104858897,57.25116489817544
-47.19390862733275,57.92004919095879
-45.68728267161411,58.79680058928675
-45.700759506078526,59.60315181382225
-43.4108966565797,60.34776040936762
-41.99848714853987,60.00455049611039
-38.46072100741624,59.041558911223014
-38.834949953284145,58.232801490975255
-36.39744338609442,59.00215459024726
-35.7097751592604,59.45355013692262
-37.01416727050177,59.606668818711405
-39.9151291102951,59.393679108615316
-40.648464078982165,59.239457296994104
-39.674093165828914,59.595317185929524
-41.346425796775485,60.66825333188448
-42.97346536261227,60.13114394363958
-40.01358271985684,60.999967033359184
-38.68193625923095,61.02647214115152
-38.18495224017843,61.479058165811736
-39.18680073220382,61.085993329543484
-41.23495296956132,61.0646951907584
-43.15911749558492,59.68900128353474
-42.05033835695663,59.7956396263285
-42.09264397353022,60.46155074366043
-43.03452732088184,60.805570045616236
-43.46512829406141,60.871855525307105
-41.62103142462464,61.98939540042751
-43.28782708396285,63.36343917802939
-41.167309840875845,62.97991549192212
-44.175660773750785,62.18073941213777
-42.32370680093325,61.87518144375197
-40.94953735863718,62.50868249083758
-41.366561230824715,63.00358008433569
-40.90576043920712,63.32648480294683
-40.41020412592978,63.39811627785078
-39.93930080090881,64.2638583000304
-42.19712464874403,64.18143129804155
-42.99329650458448,64.00440541003077
-40.60116207579913,63.4175903348277
-41.59115165233204,64.2587481185413
-42.98936256694196,63.42044241621904
-43.514074851382055,62.32255938010967
-44.48445790729585,63.49433648728365
-43.50406439583701,62.756042249424304
-45.08189827652577,64.73709829697158
-46.32923333165137,65.8223086602241
-44.56559634701852,67.29390212875883
-46.04875609708594,66.1877316956611
-46.55380933853116,66.64827451726627
-46.115847040450845,66.15719579877869
-46.22245200207379,68.20372661650507
-43.63756368549587,69.82338771650696
-43.59292560838422,71.04706700114718
-45.013475326309376,71.13038727779973
-45.4715657860889,71.01427150571708
-47.735213344552285,71.47871031855955
-50.946385447476395,69.69615226773823
-49.078875423668784,69.86532175082336
-50.455895184515555,70.04087440621153
-52.38478469875056,70.37732162077171
-50.98061292386971,69.75107194377132
-50.29502023481918,71.17360609560285
-53.06673397195458,69.47814717086358
-53.472829860093384,69.74236125690837
-50.67062357350421,67.44456723190535
-51.177668707140135,67.06757617880149
-51.787995657117904,66.79577789416271
-53.508898383096046,64.53693468603906
-52.30152966939508,63.06519748818001
-51.46866341241603,66.9077599252355
-50.51529486464057,66.73571954408169
-51.16348352243906,65.52998950094239
-50.96344242245042,64.20088816405054
-51.06833035102029,65.3632492053233
-50.13842520386013,64.41363044368308
-51.986544831643975,61.25424641055768
-48.514389338790984,62.056755613183846
-49.56284244444303,61.30916290270482
-50.50262450446923,64.37542731103171
-52.08385404357459,64.93072505229601
-49.280486311198054,66.56658609728865
-49.04494564227607,66.70803975319699
-49.84819706356491,66.46295277732261
-48.57425298466589,66.04139016449155
-49.9566206654932,64.72430245556608
-50.61983607996085,66.13857685654874
-49.82161122727157,66.09511670916109
-48.45222356353369,66.41970200415892
-47.14752598246599,65.38224823589539
-46.01978919501006,68.6868765875355
-47.01540324295201,69.68548856799903
-46.63162540567301,70.0355235205484
-47.470699489051626,68.3865575988625
-44.43764644714968,67.22228626831267
-45.83342230068871,66.99235479338512
-44.86136556581317,65.39087919154464
-43.849117415361576,63.318152725410926
-42.08353742553003,63.680799968568024
-42.16788170214203,64.45362603324821
-41.84755639556369,66.72505312113522
-41.70914631748139,65.37206098331832
-40.44184057812863,65.68038555426581
-39.94933184155044,63.22843573965372
-36.30488306927628,62.19079723590513
-37.670038593863715,62.910354137781106
-38.190382033622086,62.317755516704
-38.46973080764762,64.37240327669012
-37.638051871829575,65.43414681359994
-34.83628714433193,66.06826140328366
-32.55029564098885,66.61185026354674
-31.16649173234386,67.08802345987735
-34.506542586307965,67.28128878341397
-35.865283513899065,66.45936874566858
-35.212758346451984,67.03043255850078
-34.95576038315925,67.8543108044734
-36.647084365054134,66.72519595428439
-35.5729085286629,66.42402063963527
-35.354065799142575,67.02463998088295
-35.94544632465316,69.62376862208612
-34.93625238328331,68.60439965315771
-35.16542737136545,70.272583559443
-34.90391096636392,70.5051638680068
-34.887557436353134,70.75206630887699
-32.190046125144946,71.18466890982198
-33.88532206690951,72.1040957225809
-31.268561044899048,72.33381881843043
-32.20761274291311,71.06823885823523
-31.679069272092057,71.83598851813854
-32.05599556015602,71.36724988426604
-31.819367447220475,70.76786834029612
-31.80549014061124,70.721124594465
-30.149183986756462,70.1278273071957
-29.228713520353942,70.41219062032053
-27.630777646765395,69.97678395866886
-27.25947364580648,69.82822309569531
-26.622909073573034,69.69558919968492
-24.80261280402229,69.5449606077392
-25.25873160564673,70.1288596481668
-26.348432465285182,70.60235958547919
-26.73707357797224,70.28416769922606
-23.81064198257545,70.7737810349046
-22.554182680695327,70.91996791902733
-21.45420868255217,70.60790820169218
-20.900556953167886,70.80784859092469
-19.971296149682697,69.80709920186037
-18.67294535568934,69.3477777795348
-20.576575046416224,70.3489671448594
-21.79620797724641,71.73798306288148
-20.590438209751223,72.62129340787763
-21.101950745916895,72.7389340266988
-19.904747952042033,71.91422238877806
-21.11077124395168,72.01313479103372
-21.49496966159508,72.79937023178208
-19.704518136300837,72.35092420029923
-17.967153814083403,73.29895253298679
-17.426928693306373,73.14300742034159
-17.393178685593032,73.11398545594854
-15.922050221719129,73.14897810567072
-15.183831049722023,73.01629304633938
-12.009895264082264,73.9531357464198
-10.636403093663322,73.65023753874961
-9.481147552933248,74.18196919095764
-11.090723900235897,74.46171759240995
-11.046784439192736,74.42474402952871
-11.533269146764136,74.40874457542196
-12.521701867879235,73.52602432983343
-13.545342046432937,73.2778012297425
-12.594367808342625,72.71035092645658
-13.283000449496765,72.0267793493454
-14.499868836655692,73.37819872617582
-15.73865994989849,71.86541419881979
-16.3461786393544,71.36076771646341
-13.99430332160229,71.76720326516046
-12.09118850109484,73.00129255605873
-12.849349412039397,74.61173263674272
-13.176959083488597,74.10392186887363
-12.443272284487712,75.3277386193832
-12.623204353212332,74.73755497846368
-13.48972512201117,75.18290818724468
-10.775022820149301,75.2822876199358
-10.785085809096229,75.88116664979525
-9.852189535489535,75.33910498516894
-9.886948333454907,73.5170468836268
-7.6440299787468495,73.57459295471459
-4.732820458972476,74.426495437241
-5.370407320615865,75.54571134491745
-5.593926595115442,78.14357890876437
-5.9386185722811184,79.1395434115426
-4.784994424158272,78.39362766323084
-5.7043036331228905,78.05422467972257
-6.497470872630184,78.16858329596778
-5.751082267512539,77.04173929534767
-5.709753265284602,77.34848132600051
-5.295718035301132,75.39344061988673
-6.96088789121831,75.50115681103367
-5.068731335603772,75.26409128972668
-8.056167971546898,75.9632692941728
-9.439700031486009,76.01691126382254
-10.535878004449208,76.68467711203543
-10.229354546972536,77.40201629689746
-11.660060054398079,77.9100011282637
-10.563869956415445,78.246858053662
-11.546005320022022,77.39578589666029
-12.163485472233218,76.93655782332381
-11.736591774868467,78.52044159874826
-12.383995378735557,79.37029746729038
-13.86594446948463,78.34808946668615
-14.534489906392322,80.63460425095505
-13.807001099255329,82.7144277870279
-11.062271334972428,82.28321904187996
-12.151110669311525,83.13115905911374
-12.982153155206412,82.82720082317253
-13.202439393899798,83.02770114198661
-11.806542791191342,79.3532773985851
-10.85987349388742,77.09128219712014
-11.42381031950975,76.04931069004479
-12.286615785265239,76.69428880271644
-11.509909895472612,78.04350646215318
-10.787643749989488,79.63880917359272
-12.504336286227634,81.863339205271
-12.12038031131632,82.94552865930993
-12.285078400312216,81.00224007909368
-13.679256805479998,80.56520657614656
-9.808534030923104,78.67228124006931
-10.446115250760077,79.2827429340553
-10.047979938273684,80.31926610564562
-9.201587632910888,81.23576650792164
-8.347942928458458,79.23594583133335
-10.85486399482421,80.86856646165329
-10.243741144166652,79.45837170507502
-10.399740471251246,80.23238514701218
-10.709511404718203,79.27378290687456
-9.688912865753105,79.1193992939422
-10.894259038384275,80.0798413685074
-9.34001253156004,79.42010092193038
-7.105700324658344,80.12938529437824
-7.630703442358046,79.14257907031879
-6.889737937290598,79.13316160172371
-6.537096344789845,79.83285003524797
-7.831827237717407,79.31457467212374
-7.773523331445405,80.0985406935218
-6.177667914766513,79.20862212750484
-3.8848843638615547,79.1383507926035
-5.810160625556289,79.69417212556296
-7.339680536108464,81.0498804914031
-6.717356101388285,79.73689723595743
-5.528166457220214,78.16616568319014
-6.034384320649857,78.64012473857179
-7.2521987879682,80.26130676393771
-6.525458482842133,80.65995151142134
-4.363961105239216,80.17531653614394
-5.958376914876845,81.51167385810074
-4.511205210405064,83.2246655587971
-4.182382092621748,81.51922663365065
-3.863669222754828,79.92947363530084
-2.7834649395626734,78.31584295960519
-3.3312671663937925,78.29984107032095
-0.7908033503816916,80.82468570894589
-2.0304004968172737,78.9459806774757
-2.36138528631753,77.51523015725303
-1.580675192500309,76.86347372263847
0.09666116023201576,75.3145525491035
-2.0633226272528806,76.06988363258701
-0.17548876379438405,74.50394654075991
2.262755156586154,75.56562159588307
3.4339363109642176,74.58027085896926
2.9976800330209077,73.8021001921932
3.581314944515324,71.95580630070413
3.3691911359752393,72.2180189556964
3.7528286066025887,72.51916578414799
5.55983613863953,73.37626400967042
4.784226253419253,73.66847579371422
2.7075402504427157,73.35125785385084
2.1109830897228608,76.79915538607602
3.8930565632272724,77.04071917900143
3.6005280094254637,78.05235307250284
4.147769998771464,75.85095855701695
7.738411753129503,73.98201227558768
5.584161437389264,72.24924717141211
7.408592256702633,72.5044191333285
10.329179634271336,72.04742584092484
11.04389498147716,72.1712395490636
11.292466621759784,71.09602944272594
9.727779288398645,70.76954472027445
11.896343981941413,70.72069290593176
11.653754223934428,70.651788995803
12.402374740470213,70.23503211559144
13.571485610972045,69.55184378111696
12.459650100790014,69.3639279138362
10.207849339812284,69.58523011544531
8.869211045619672,66.50238932043447
7.850864276955164,66.30974698442886
6.895045350177833,66.59694985365391
7.045775793014447,66.65232772376326
7.949116252889849,66.93805408512829
7.357826992910086,68.60079108115698
7.423213384109307,68.76692735428766
6.708008860442211,69.62978644156136
7.281232324060819,71.10359845260041
8.146539102002654,72.18846445354525
9.62575231261691,72.79689461879279
12.565798622659575,73.01048094820914
13.3180126442616,73.84159148317674
14.018213036523795,73.52418071257777
16.25844202288354,72.50602870999253
15.079737882247976,71.71807988369936
15.731741603383442,71.89489257831876
13.845511727901266,70.80277367140359
13.92474687932415,71.23348081017404
14.86010289479927,72.0691441152992
18.433517384784732,72.1916040509565
16.4479619989203,71.3173509379521
13.583029486582014,71.67254284709675
13.840490433413537,71.7411855694127
14.114450297104703,71.15475066036304
13.10148023152542,70.20620006570458
13.201398622543753,70.1425651706401
13.513832422208832,69.68272618361539
13.682743316085219,70.01720474415917
12.526894677145945,70.49454541632521
14.135700523933023,69.35337806521198
13.721340957529492,69.46668156140838
13.333678247623478,67.53169684296957
14.6791731266949,66.19748172931884
12.760726234436468,65.92410112331797
12.906694052990673,66.76034549817473
13.198607556701747,66.02896114335307
14.226840363613544,66.17511720515085
13.719920591518362,65.80429464225087
14.795168213841992,66.11571464007454
13.45074817921788,66.00775506317926
13.510092615899845,64.2625962546302
13.684457608345753,65.86019784939903
12.267654380509217,65.64627597914267
10.750520067655541,64.13677172133865
10.872872817127769,62.53689047201932
10.525250028740679,60.843429336684835
8.347094858535472,60.81491010971336
9.246745011243458,60.09187920106229
8.114683092079066,59.962798986370466
9.11448976287399,61.32486372966269
10.026924470090774,61.54451928291535
10.322681982406701,60.68891309177177
8.426111905648677,60.965974746901956
10.183665527954028,60.76251639166771
10.022168934706539,60.82126663227445
13.072789775832858,61.4385059719022
16.102303231070064,61.2514587741229
15.331866052414712,61.606461424348666
15.442021395878044,60.92287235198698
13.734677025408908,61.37359899039884
15.304373154716277,61.459123235150095
14.25024854982051,61.11975744863216
12.77271274613583,62.6705793205985
14.542627757946232,61.710435225120065
15.084783590675483,61.972921510790414
16.216319189914564,63.384862006245875
15.320750861560013,61.2748942122585
14.460017603352895,61.39048165679117
11.961281577888094,61.439677397507076
13.494151223923883,61.63946355091238
13.342116567154799,62.53957021859629
12.762301033834396,61.216639167284
12.735975896554482,60.74534813141558
14.336654370653873,62.24694196800181
15.477605970905563,62.79682141667193
16.252433341549306,65.79583795376506
14.75254659155745,65.6947929366442
15.04898005273746,64.97599874793819
15.765167777142128,65.22329802099162
16.56738135708055,65.98368405913224
15.328750736361126,66.48441213911273
14.256389594162332,65.69854686263163
14.491470164356738,66.33181655602239
18.150333721334324,66.34217131377449
17.69435171680125,66.8831038927623
18.53248770426263,67.27110348568394
20.154536569496003,67.79095390299453
19.982142474112948,69.46686022687955
20.846344980171196,70.43195353747431
21.32795788555774,69.62923355058403
20.185742382692847,69.79847617089969
18.6435468026942,70.85860955397581
17.928687794569694,71.86073432114678
16.555245086365638,70.98544315217892
17.606472544159114,71.41762433825838
17.446573706206088,70.79571466691053
17.77481416376871,71.31663186954961
19.800719147439885,70.44943004592268
18.1286020509175,72.2333949946386
16.1924695839483,72.32831662831217
14.03965807193562,71.03226173243709
10.73192943952991,71.49217066782386
9.036939323614932,72.24384783833744
10.755824534310205,71.76199793715764
10.362459763396057,72.50666272289375
9.946562758488382,72.91011986692573
10.739589293488319,72.76250796626644
11.34596121432013,73.0021967510379
12.0954288667695,73.63927974331642
11.84090049560069,72.7711831724825
13.835387300783921,73.04745661156814
13.408865783907649,72.23286122991556
13.426429581682335,73.67378115445031
11.667505891081415,72.82580357260551
11.611914621091216,72.25364110866477
11.639977585433664,71.26816997009846
12.397832605202058,72.37765592758868
11.963042843163693,71.87071497540683
10.689455609041495,70.63487401082841
11.031772327647458,71.12600901355637
12.175980277115839,71.28375213976092
11.308798389099403,72.98265153455543
11.484999577346073,73.68024088638292
12.046514642583833,73.13579758760439
11.308714632971398,72.23487659151598
8.798783057952622,73.37144050236225
9.391748843557695,73.68676701713714
10.819463542236836,73.37392191362635
11.924848342405971,73.35772241821581
12.624570500710007,73.11625151376602
14.3178886825285,72.62328120224453
12.8743159493446,75.10563333875807
12.888650264239013,76.80105891022748
13.856414123380537,76.75371584581481
14.345389563085835,77.16036005619608
12.511060463307377,77.70472959850363
11.442824394941017,77.75017232924208
11.310458692216551,74.04979428689857
11.09981393955365,73.83030001292799
10.266541729349496,73.10832142147433
14.229060653682257,76.36922238890186
15.800660138917092,76.52889264834727
12.017875905328482,77.4511340551201
12.462322199183912,76.73441849055838
11.877296287563567,78.17102662755218
11.740660084641389,77.76317218379772
9.204734544787513,76.49944841899614
8.082165415631831,77.1231755555422
8.289547761811916,76.43098431693139
7.802053018700787,76.72560430399143
7.5282413782059505,75.30196829985668
6.764268389057693,76.8850075514842
7.770106141795191,76.74011721165118
5.883375578119578,77.0724963789899
6.828553276201884,77.3977221207993
5.748462503011997,78.3945991792903
5.945463251430422,77.53606539474004
5.176591886178606,78.44711926502266
5.929018788899696,78.77631050668221
4.4693778588957995,79.7613736380324
6.491229033723549,79.27825173200144
6.793630614792984,79.110985223331
5.419750863539873,79.45480053835689
3.8812101508315537,77.65646050304706
3.2306884395591533,77.60319023595761
1.7183999000248533,77.99025123048648
2.435612521472415,77.81510627712507
2.4988700945130464,76.06153084330302
1.469287803106624,76.67252187202108
2.120439013357218,75.51604693262861
2.8649002032808175,73.22615712376316
3.223367874318498,73.56663212723481
3.232266589749639,72.36474410883832
4.731211205752958,73.24580627323978
4.944092571385139,71.73946202560514
1.7414639652654378,72.96167270894844
2.029373013149792,71.28569461846986
1.083220847355176,72.09819622721176
-0.8243953073579378,71.97721640938873
0.5670124392913432,73.08433204654659
1.0617987219468297,71.3604992630924
1.4856893752553806,72.62761547313889
2.565849190995879,70.91273221331974
1.2809092445228323,71.3512608789876
-3.3409573040420764,71.09387522232596
-2.367873095845731,70.6000849770184
-2.8016558415682233,69.54905941243979
-3.62609265350381,67.91614900547687
-4.589103110513977,69.15350275584909
-3.7301899678375445,68.45767915520203
-3.9056160363986256,67.09994597703486
-5.404621269139358,67.75229268710312
-5.4835973024657285,65.68047007252805
-7.534603746947118,65.99836267275664
-9.226566481353506,64.91117476889774
-10.650663166109998,65.97229626765737
-11.013554034326672,64.5438246206609
-11.057319145895466,62.544406312166494
-12.276677730321822,61.35612200711309
-11.851655147423662,62.28779835865025
-9.913137500136699,62.46480603962535
-8.673809845992714,62.04855215699782
-8.048625310611289,60.710283552137824
-8.380532177338575,60.60811601556306
-7.419944340293677,61.15282892462472
-9.492823456223702,62.033507175098165
-7.881523814670715,61.38434573445785
-10.309009139063193,59.82101605878633
-11.51472227741395,60.84981651072487
-8.360243941069736,60.667348498331975
-8.956140643975333,59.61996184307233
-8.354922768049027,59.196349437502846
-6.59794291902098,58.54379858618037
-5.571883138842328,58.520572384149894
-4.890909084236178,57.56309395529632
-1.7814450967150832,56.976605710988515
-0.3818406637952898,55.38274630718389
0.35834343409359826,54.611329042999955
-0.3324047409612506,55.88917446312214
0.8483775691627612,57.440227016645466
0.4211972123416149,57.488190300229085
1.528955084104613,57.94079212155666
-1.1878393892081305,57.79603257210173
-2.778877009710855,57.403704561453154
-1.1883868198301921,58.0358217980971
-1.6980965599093316,55.99775623007674
-0.11250866268265991,54.500604857440884
1.608572147456628,53.53549007963223
0.8594368650380316,55.598335251272474
0.5547301957042297,54.63646099618986
3.1824397948957914,52.76678048160295
1.9613527715482217,54.856589682362596
0.31913534254773057,54.45013794045019
0.047374746223127484,54.47204818523987
-1.1580408257270083,55.47572812851665
-0.40520489400039406,53.39733133311426
0.8548760988424313,50.191489315628594
1.7124730382579503,50.39769721056745
0.40272870632848967,49.26876187654461
0.9027847006027737,50.23099215545102
-0.010409698723591432,48.55830887640456
0.848604737243183,49.81527054765216
0.8585556023968507,49.637850995855466
0.46763998402656687,48.97534752615177
0.2763783236258981,49.73358065244969
0.12249825324763408,48.06953103632939
0.917160758993258,47.029767210546616
2.2722349510084188,46.846388346723245
2.3392051328277708,46.758158147575166
1.7109383192729277,46.68821673261756
1.7813335099772658,45.8740075985988
2.306779445776649,46.109936388404094
4.405044847711105,45.1213280123414
2.6860012955801773,44.55618869546245
3.189800852224932,44.14688744923264
1.2231916493307857,43.78107852400259
0.9621732490839734,44.80877141396255
0.17085756590959766,45.53901717674449
1.0026776168287013,43.94558387192958
0.6460187486878384,44.30918101445571
0.04953080019451117,45.60565725571825
-1.3299908416170159,44.92273255914287
-3.6529827468874565,45.52338544511704
-4.057959775790684,45.17751367303448
-3.974260602588302,43.427517190134076
-5.065154757597325,44.01514007362391
-4.468145270253996,43.12387024542092
-4.849749374491717,43.0423436651692
-2.399104684376611,40.882617909897334
-1.2962593021062858,40.961520279329775
0.9309968879853172,40.309881879298075
0.9757746924785823,40.16579887722239
0.9699708403059395,40.189003679980964
2.222992974692998,39.54506991078341
0.6153585329574871,38.205000471080396
2.098799996653989,38.87162449472352
1.4235587215665646,38.283045343437486
-2.0588939547697906,38.88206401059325
-1.947273727978466,39.373689448548426
-0.8035785540570282,41.14861420325617
-0.3583382932469887,44.19916225032369
-0.8126763877543205,43.77296693774972
0.6776956183762443,43.32878061732021
1.7389991231969804,43.816408661664696
4.625569308783625,44.39734775448995
3.402792211047945,44.22497293008788
4.6428772086196535,43.2528713639699
4.202407068680386,44.888236828689415
4.193747863451124,45.1356633810168
4.714855971297665,45.12734632925883
2.24818379402831,43.64796288768073
1.316521967328112,42.775357379312375
-0.5890095179956978,42.10759346896677
-1.063043862096154,44.300403463077004
-1.796685275718064,44.29167683939456
-1.6429840007153202,41.70779613307114
-2.297522316723221,40.7491308044954
0.20463885817596195,41.75521660738146
-0.5749387517818925,42.286747241090545
-3.1624776632449665,43.41872267510926
-4.228262246413108,41.781028961012126
-4.430826541800915,41.98971386335294
-3.748560710479923,41.17700500661455
-3.9366525148675415,39.333214512146135
-4.041138794030282,39.312111389406645
-5.1807278429439645,38.97381685937837
-3.929635197235626,38.167897581789525
-4.630284583666091,37.214420073150315
-4.873532963109178,38.12672969875275
-0.980414432538391,36.53349555261201
0.2303757561066262,36.93409362988639
0.5222818863962883,37.55610115368781
1.6232539190392323,36.87149076859285
3.2682699687052725,37.442715374961296
4.087857088610094,37.41375153655445
5.3884685571049955,37.61195358442388
4.2350258019803,37.2390230660868
4.748847463800155,39.04158912857181
2.3006515809355226,38.469401046790324
-0.34998755128900694,39.44211397535987
2.501782233561927,36.78556156611379
1.2370723176141116,35.785651454502634
0.7095563740078036,35.03160429371557
-0.4900104754948985,36.35300334837947
1.3565169304594424,37.03261244506348
0.39037162148222915,36.08894208163544
2.2296348346733885,36.7078989372475
-0.4252887927450546,36.3674452193301
-1.3817186240252015,34.33476729420781
-0.6679740360975682,32.73273753640418
-2.079974869446734,34.20368544967549
-0.8313997397598392,36.197431118566804
-0.8266391354991497,37.45021577526604
-1.2189561384928946,36.31603810255537
-3.513244982846828,35.726426053369906
-2.5331528283879634,36.40937372889089
-3.368362602863638,36.01741396644269
-2.5909229413058243,37.56382933625771
-4.761721031505122,37.47742708883293
-3.6447470587549575,38.42319822118547
-5.822842690091305,37.66859622170041
-7.186671272524522,37.12911233283304
-8.873151475552637,38.97595921081333
-11.93638237183606,37.77244794206047
-10.462643268351634,39.466901470523894
-11.496786946679494,38.66491403947284
-12.11995728875776,37.487755048853
-12.556290936901913,37.003942979986086
-12.721097660670653,37.10319109365248
-11.466038808757771,34.338142317240546
-9.685470792196664,32.66620508012961
-9.763255651573605,31.79648647055179
-7.7949424297425285,30.3940354682508
-4.848044554104421,32.45247834215182
-5.998024870544697,31.771721344011183
-3.8776052620263473,29.444726574547218
-6.049998744639332,28.18578367706316
-5.6980292315490475,28.313065137493435
-7.161888296364803,26.914357559926653
-7.169790816730858,28.38386700113818
-6.363213067665537,28.288595663030485
-7.491228277883501,27.414176368523126
-8.359404230590265,27.31522614535138
-10.385389914290695,27.988113533537533
-10.930105979609442,28.861649628555597
-11.042090784673391,28.656031163972575
-12.016571859096182,27.560710397661538
-12.880765677661678,28.23884744593945
-13.35651017873038,28.757079819266032
-14.272749511057475,28.191649533694516
-14.163260771469705,28.308069783411053
-12.91520582849714,29.056869942633938
-12.177650779587342,28.234657124959046
-11.684727715881582,29.09102103127317
-13.546696759960062,28.24724561995785
-15.148983975945226,26.812624641818818
-11.721571110337063,24.757638112145177
-12.417832235013345,24.187264235652986
-14.531559963830377,24.458284685661116
-13.245091865639303,24.1446364128266
-11.864929038764284,25.085493322392985
-9.434080087597481,25.958302192345062
-7.594135363820601,26.091704359026554
-6.984396266539363,25.741321677734582
-5.850341907842608,29.061582165693185
-7.863251854910079,31.85727168417447
-9.193122340838414,29.592201585798087
-7.601674545753044,31.35449116680286
-8.567001391682856,32.39536947688193
-9.838222123443998,34.788180766088416
-13.482333997123453,33.79391045282702
-12.340302699077842,33.2857030718016
-12.15379866223351,32.61910760102672
-9.960630278329544,31.661233393597172
-10.911173433068512,33.34359273547329
-12.112089895493794,32.06322384030237
-11.61373608663207,30.375586891922545
-12.672363504942009,28.204929792702107
-8.98713560742115,29.08426949423024
-10.800716428470023,30.189859061364874
-11.12069164009763,28.054676410861724
-12.132716420557756,30.59485404826259
-10.01903233216101,30.811124567532374
-9.351038041538384,29.835789446905025
-9.34015075953007,33.22107948153324
-10.498111660115457,32.653905591669556
-11.613208319993825,32.89741115493043
-11.243750778006001,33.71195250907208
-11.448824995189687,33.22179057633278
-11.318384205347186,33.15864293572833
-11.522197070177695,33.078358214062945
-14.952455925321603,35.32741845593223
-11.928185976779234,35.66978316917117
-12.775918479000163,34.278840616999624
-11.091501607629956,34.37251403905394
-12.052054178644537,34.27836044576566
-12.946761223733471,33.96674791967434
-13.51657314809263,33.64803225349524
-13.766455169399961,31.92015341943032
-14.116783233662792,34.29684100559781
-13.88631410574325,34.32937031669233
-14.564923765320453,36.07894579922222
-15.058702093761962,36.11836241098613
-12.693050897071323,36.189051466495236
-12.849446069142454,36.47999139807953
-11.941290895598332,38.10156706545518
-9.763765739705413,38.153366617756944
-9.201182789652146,37.40795450189741
-9.048829394277474,38.54811734860466
-11.11988751466415,36.62255945964507
-11.616231003895034,36.37911426071393
-10.56289266381194,37.44543830519358
-10.510560108234014,37.6984156807556
-11.75759431144448,39.11356260266358
-12.402361270109973,38.90836306305734
-11.937492063365438,37.897958442723656
-11.501961176186622,35.49559461210245
-10.57966915765602,35.596165382536725
-10.763022753909635,35.9611762562397
-11.710925557084128,34.766579036724224
-11.703581301333378,34.236789724561056
-11.929725618823081,34.60009905680704
-11.955201737934647,34.33553861868653
-10.073459323301318,34.81313892937694
-9.368011906557786,34.76985716530338
-9.591099156755487,34.73822752654356
-8.331120336517172,34.21411521446855
-8.189533456772537,33.62408059119915
-7.36149356166553,33.87256747593471
-7.616613027635905,34.74169838114203
-9.410294662788996,35.327701747605275
-7.259897293719012,33.99416482459557
-5.5436844719858,36.244109890679454
-6.612130694409765,36.876768481776686
-3.920980958171883,37.316793675519236
-5.315063485479015,36.33171587619352
-4.843708392091515,36.55405866018891
-4.254380265632555,35.96598769468236
-4.799616181303036,33.714126283565314
-1.3981289379116006,33.162044618336914
-1.3719717635867088,33.321846201554386
-2.943724196689033,33.013067291514474
-2.3157025612158937,33.07376593317857
2.6041957884107245,32.748405043430026
2.417912113324807,36.16834104838795
1.6477488441176042,35.61314338248257
2.634905609825278,35.51171456899725
2.009376963154093,35.96163218253879
0.9531649406146558,35.631348067107155
1.5256245965821655,33.360394798873685
1.0603884340137355,34.49349500530377
0.7743954167425333,33.08341541265811
0.10095665512003427,31.357073249098402
0.667735860552188,33.1799252770223
0.7748243126412155,32.450521034524385
0.2413920589525257,33.072290005038425
-1.9499070055835457,34.14584467017705
-2.559790826580637,33.48050569938183
-3.1337357231103757,32.72609553855837
-3.335360445330235,33.63794067007018
-1.1905835375934126,32.17076923308396
-1.4201310638641362,33.15176609912411
-3.4004424211280995,32.035509546865455
-6.013088516116026,31.261167910434175
-5.44865714964075,32.40432806488368
-5.054126505955323,33.45359270630985
-5.526363678001118,34.873603550958244
-6.405475402279027,36.35951818806987
-5.6042092865011055,35.798640587997625
-5.927998783739563,35.72273817857495
-5.731877276996382,35.10586516306051
-4.11650306957624,35.47558417822625
-3.7188083406722403,35.521984719680184
-4.418867499083581,34.847728498394616
-2.942700277691234,34.745296882076076
-1.7153561437503577,34.45185664978573
-2.122798434177161,35.400784019244455
-3.9102921538537707,37.422266984060215
-4.269303742038117,37.812822005124204
-3.9202252626212335,37.586452943967934
-2.1445932210699703,38.532779690116435
0.04619429113017759,35.92281253595386
0.3229725682453229,33.05458656634065
-0.16318189474729078,33.16801559125421
0.9340258590391328,31.85874517904979
0.4459423533508474,32.74097479669032
-2.306734854346383,31.912697586870664
-5.0323672070330225,33.8203468977622
-4.498374847160604,34.49819894370731
-6.197096595487265,35.06456552211005
-7.660008587483046,33.8599827135881
-5.560140241810693,34.405135401466545
-5.444906473600241,33.90851863641306
-5.4398059917379715,33.66316221459871
-4.8524941136153785,32.996267565896936
-5.609687178706642,33.435340789461996
-3.7495159220583876,34.64126848209308
-3.761822614184504,34.57764735063836
-3.8791477628750846,34.28700508722905
-1.0254503300761049,33.40160907344174
-0.8720781273431257,34.77865297038007
-0.38102795474027384,34.31139529112655
-0.287485542782805,33.738905099711516
-1.2464163011879337,32.97018267856553
1.0450185019812306,34.572497542047536
0.9369845899371287,34.681784173984326
-0.949508357659034,31.558768778396647
-3.167726696445621,31.9528551056437
-5.182002239278916,31.372730082202644
-6.471687979267739,29.36603780286763
-9.88433075421585,30.426259506675258
-9.884258482153133,29.004754530048153
-7.286712276998689,28.8527968156525
-5.644729179099336,29.41338374090546
-7.490517623423927,29.492135433653498
-8.81421982978495,29.832466790127185
-8.738380877229263,28.082695435011722
-7.768209757209633,28.304627510383913
-8.181156965201712,30.071598309181525
-5.674725520774949,28.838592933090645
-6.748513073183094,28.78213359814625
-4.969705710166485,31.838522616133496
-2.430845757790231,32.16102159858279
-4.756435585687806,31.307912963451134
-3.762056187366785,30.49111999642619
-5.1444191403482264,31.29288823086948
-5.911833592645927,32.61418995871161
-3.8184472669101015,33.24162592308966
-3.584064166806237,33.97039718418939
-0.6830508940389106,34.11986517121638
-0.6668265046756993,33.93134774142077
1.438342566094751,33.74055282928819
2.41023086644379,33.51070614416773
2.630098756140903,32.508343834445576
2.2631070842168612,31.20934252549516
2.4956167684694783,32.34248558952904
3.6811661361440597,30.561999192782
2.653832594475671,30.91021890640469
4.20278347504515,30.596586877156238
2.243473693184457,30.361669155890198
1.0131960689030064,30.988805971039543
1.0317390208095396,31.389481758565744
1.4010235941081537,32.0321720062994
2.6174478586990793,31.65503477854129
3.310397574306455,32.39469208377769
3.7764119646505416,32.40171870004819
4.629243143927075,32.96876766363395
6.550954387673638,31.372629571757553
7.957400025732644,32.05821614822962
9.071393503928519,32.1731049569788
8.936190315659625,32.91096491553168
9.805275685260515,31.667179649875564
10.567306028716661,32.71109977226895
12.299214303511278,31.62473591519208
11.551681232971813,32.76028233789105
13.29061989862757,31.128942302872243
12.729097159559714,31.148104322138057
12.160890816875577,32.0106077746472
11.501657894729808,31.689937613046705
9.54395162823791,29.375812763355288
10.005056827287767,27.98774296847617
9.582318712475093,31.07284519767644
7.269428469901396,31.24320587332428
8.676590190882928,31.619067826735467
10.031067413777578,30.139690972374016
11.490809444316499,30.06211606774432
10.474594396920878,28.0339848219297
8.886319675112404,29.281592892207325
10.064346511798014,31.33711220675312
10.469056209871718,29.287455978447035
10.017305766620924,29.28994734736482
14.119069387284622,30.115017947736824
14.872558990760247,28.1583306055111
15.416871509346434,27.92320184033957
16.420540036798606,27.386272865703035
15.690149881778607,27.382497537165314
15.659417719947928,27.289473025202454
15.046003339358862,27.230519640155038
15.85253967474346,26.315367735314194
16.025972532286854,26.064838755554515
16.897643972338592,23.950441011965506
15.623543721323625,22.306047810777752
17.99895303202263,21.28114076037572
15.15826135276085,22.532894569309207
13.506114009881388,24.807772817517996
14.761440520312085,27.130593705361342
14.678384051799963,27.880039841348786
13.986327555465172,26.503374760955808
15.468573570427738,27.15111531847738
17.70396429859586,27.196563617774117
16.711699840876623,27.329677101245366
19.536640348034926,25.594746815605966
17.827090472810482,25.59375747977407
17.24391698522766,23.161186328628194
18.170679350915343,23.998959434708066
18.335156196154855,24.55553406251592
18.509594230186032,24.285401319488187
19.37783656816909,23.670404397923292
17.479227682840182,24.337287883194282
18.614177289098148,23.973302906416386
18.60641930068797,24.436297628795955
19.059058714948453,25.644588164326997
17.56664967986084,26.99831974589917
17.74670658326333,28.10039331120949
15.498169763496213,27.135268711033294
13.339624990918296,27.205272251310312
14.501217901093858,26.001712442715622
15.374654209964719,26.25911984249184
17.931838761275365,25.479073373174145
19.22472658149082,26.63852409884014
17.245755779355513,25.7099302717059
18.443361641681978,24.546584510399885
17.500302682653384,23.255713778885596
17.98187796554863,26.072135366295942
16.596618572814517,25.551702659571806
13.32931902944741,21.52815404291318
14.139051443853322,22.90064768370495
13.449454588994533,22.704393638963015
12.944755311582087,23.633830318421307
12.03936050798038,25.754833092368237
12.536017187273188,26.230274640865066
11.95097770241395,24.968616815517706
12.056153494954476,25.86571800135247
12.15948608399383,24.470324658585316
12.499396966741823,24.83363643410253
10.604879695460795,25.373019750178084
11.55279553200096,24.21205922736204
12.405906183081921,24.308150999240763
12.7552808465085,25.222588074731547
11.293237650814447,23.673518891347886
12.866974993465114,23.43256717992791
13.713257898776037,23.7607305030938
14.879089765149187,21.449998450006987
13.35575604964626,22.70658711610597
13.53499777318953,22.586657350999154
13.229255837409614,21.897757664272365
11.980150019976186,21.570102769433632
11.060414255153999,22.581522715877078
10.497944124363036,23.517250852667406
8.957144201441196,23.995799202159066
10.27921183873953,22.163049296609472
8.802709296623172,22.93685481648553
10.053106327643277,24.36758044554379
9.935687649901345,23.10886263839084
12.650564038591282,23.21158116666917
14.34240599286334,21.202161974281953
15.256213653791459,21.56898746532408
14.684065991729941,19.920616455818738
16.996384488339775,20.325143496958795
14.647639600048294,20.29597025002398
15.037996063095463,20.143751566260622
14.951049528987374,17.952586252553676
14.768018080387225,16.56738135708055
14.832237185922763,15.037996063095463
14.567316110683473,16.667308848030686
15.049462531718829,15.820586224385163
14.627573335567043,16.55179765997023
14.64594514975912,16.97437141401667
17.5619000478713,16.635652678705068
16.13569392855999,16.711699840876623
15.382389964206443,16.07010670469718
17.36902907585075,14.09429364970302
15.771210375455805,15.74354067061812
15.3093345807106,14.256389594162332
13.521784231653433,14.484473686888144
12.855349953774587,15.766239655559156
9.88437018735892,17.54259443944227
12.62954432701021,16.637060586417697
10.470452329694167,15.325035831352018
11.740111572381299,15.779566833367358
13.152154716584585,17.141354450253694
14.43090967681151,18.94336256870037
13.791886466144957,19.8921103945351
13.534108509660781,20.549461885442625
14.755745279108313,19.33605360932917
13.320115231723394,19.987888232570597
12.253052951786023,20.54396851794856
13.184615599752293,19.33424660862217
10.917473247437105,18.442284979390095
9.57300124876665,19.892024743039023
9.17163748666064,20.104097334957714
9.272104545884744,20.738188880095908
6.374308021276015,20.38780065780466
6.748047222351476,20.160876090835735
6.980991882297419,20.07436308039895
6.994914063399934,19.9279719207228
4.713311562419669,20.289024926643297
7.796492873762355,22.418730461814604
9.653755133607076,21.499705140988507
8.405673201998717,21.172100155744438
5.2521182006869305,19.272733701730118
7.199835297842085,17.26654942038552
7.947374599920576,18.822271667810337
5.292476975126967,18.6004258312824
7.513742997903146,16.74693795557076
8.527869002351474,16.025972532286854
8.41400328996098,17.82527345976418
9.004386891813576,17.235590170671088
8.299112434538022,15.908195408597448
7.462784293579307,16.252433341549306
7.522541369377071,16.69183302907732
7.768245822374674,17.606472544159114
4.977315388112242,15.594317864126705
5.608299370393684,15.85253967474346
3.7521300616331468,14.460017603352895
3.266267584767868,14.844879027477953
3.8603800952230123,15.851409930620475
3.1358681782604316,16.187405373855185
3.6492119598052084,17.585431436409706
4.225103327956553,18.196918332462598
4.579910648040601,18.478839283093027
3.6679887996581755,17.84147238745936
2.5058021043985503,20.146320611624112
3.5513764607025857,19.800719147439885
2.8558597207289034,21.630304376731832
4.918430502575819,21.208934508192556
5.408206555974743,21.360515145302337
3.395342123004123,20.844901072244216
4.022817828564101,19.697511302112314
3.26060712762619,19.8349697240967
3.967874633971575,19.982142474112948
4.560285387062232,19.32327983531038
4.267596700264571,20.580385836304075
4.717865559591134,21.386434431089253
4.515594927016435,22.898487511169268
1.539433659385185,22.32694918791103
2.2382671668293734,21.644858481910667
2.051872011173212,21.0287557544171
2.553454195673381,20.412467742848897
2.4569741431375007,20.706180594811194
3.435277971240644,21.15604397134591
3.3535169287274846,21.271362195813243
4.1046699844273595,21.186300331756208
3.6913052349776505,21.901305952112878
-1.7268535635148359,21.799528149151016
2.0632124080743495,22.234639589935224
4.8207034323125395,23.07472300409381
3.9580392421916653,21.831045178225615
1.1624342655013518,22.35339045084429
3.2992058087880296,22.549542417155244
5.13398030221511,22.20623704977988
5.005182602415838,22.679312327798293
8.251169492614212,23.04990452711612
8.8675508010672,22.177131494644208
8.134663260036097,21.473998388479767
8.46736480189152,23.41020363840481
9.072256608367528,25.021351292470815
11.09935626249506,24.252906317021544
11.961838275833346,21.97141647683063
12.966178493993162,22.457555390790095
13.430094151625756,21.38631255292299
14.654674638922659,22.904095511096376
15.33532744003676,23.715856837038444
15.325035831352018,22.822734738682982
17.27186470497842,22.56205937497364
17.974953716419616,22.973417795348656
17.475807839634918,19.496303303266668
14.800880369421956,18.937035326331966
14.630221094397168,18.108346799029857
15.042431715945266,15.628205257370086
13.51552373021217,14.47298695474639
13.518805162953909,16.0362496712426
16.408015612191683,17.26035507721226
17.141354450253694,18.12318987041527
16.797398406125673,16.785348013288413
15.908195408597448,19.011664592249165
16.69183302907732,19.711991868824054
15.820586224385163,21.0272327281127
19.145359426751572,22.022651384411187
21.34997130431283,23.119261122225126
21.630304376731832,23.54373232763554
23.144716893581542,22.27060720135973
24.029022700736935,21.837840240723388
24.790257506520106,23.204895236133666
24.234781916885815,25.813845001692844
24.39407789777435,25.194090012748372
24.622506667856904,25.758086437867444
23.990614226767782,26.018388089349376
23.41936547327375,25.878631293580245
21.982264920808184,27.80734170725651
23.779067922191228,27.051614022254903
23.511103645077537,27.072164341418326
22.287600757981636,29.069543192606925
22.65104562313006,27.888540946319804
20.480879962075417,28.585984187270576
19.025662963316055,29.129648992690704
17.916189450075137,30.347778033986664
17.879807343412104,28.18422021658677
16.27923133161502,27.892454016107155
13.24585500132575,31.12156244190684
14.938764502508981,30.263225065542304
14.948683579313297,30.43004988830456
17.102778910277426,29.276064070867207
16.117183223631947,30.78153388655493
18.40875618499774,30.15120805573473
19.331581389872657,31.96859333020114
21.997053483292106,29.033349146621795
22.588123192254717,27.838404544453624
23.37794541084872,26.15558078941433
23.11125325946217,24.05873788491449
24.285401319488187,25.01142305799722
21.995970280268207,24.01877648437439
22.729847547168678,24.712142393864802
21.477346738104238,23.358789555209146
20.72471509468794,25.163185655620953
20.163968735701445,23.739349780859705
22.483836691821228,21.512025377578137
23.56142250805272,20.01015385629185
24.217477027938216,19.23315077503975
23.5556843252697,20.068716531527482
24.69110069307962,17.68185335085655
21.426825837520546,17.26751473754507
21.481049964979135,17.297745211481285
22.27060720135973,19.061220251281323
22.581522715877078,18.68824075428131
23.204895236133666,17.924799360066
22.973417795348656,15.929299663962498
23.040709469244366,13.713257898776037
20.95631152929487,14.730320960655575
20.68527118652725,15.202407468876832
22.62150275909988,14.678384051799963
22.636240106731027,12.957126450738343
24.602566490986934,12.599463271493294
24.58134067602544,13.351462496203867
24.268555132447844,13.442827800440007
25.443641202143702,13.997903508693032
25.823831598109813,13.952907733644896
26.575267997999003,13.660254565285697
25.194090012748372,13.521784231653433
23.355026712199688,13.046622681783877
23.173332400276937,13.353993898335347
23.640981162078777,12.944755311582087
23.77692026646654,13.064067300582108
24.265356887876173,12.650564038591282
25.25329570462207,12.806431189125343
25.762527818499525,12.95719861392141
24.813804352625098,12.99343422308482
27.388772901881854,12.64096589486961
29.229106325173497,11.974733524401536
31.85727168417447,10.750520067655541
33.96674791967434,9.072256608367528
34.97849164557808,11.353198515354304
35.22563435115364,11.501657894729808
35.339499836051054,12.185656891249073
38.401575851734044,11.02811154116422
42.257532121563166,10.689455609041495
43.70812155224051,4.854773540293181
43.953060017074044,2.779561427976317
42.82232532266867,1.0603884340137355
43.18197111973197,1.0617987219468297
45.60565725571825,-1.273247516850862
46.32284090576373,-1.9499070055835457
46.8048784298331,0.4060990579258128
43.65825493129167,0.35834343409359826
43.9293888133293,2.5580639256612625
45.03849092482949,4.748847463800155
45.5010928902001,1.742602037075178
46.09951284969249,3.266267584767868
46.27816175675625,2.306779445776649
47.35067216845562,1.3565169304594424
49.013676309882754,2.8649002032808175
48.496948200772295,3.9768251747225247
47.62634711192851,2.776071483094205
45.669880519726675,2.3392051328277708
46.25828557706472,1.810225117570675
45.38961962506555,2.501782233561927
45.918796841940015,2.3006515809355226
45.304210696380466,-0.4252887927450546
47.756076818291,-0.32496450353781503
48.38191842557668,-0.14541998770994358
46.317030848070445,0.2413920589525257
44.34980925398489,-1.3288457080639953
45.77277697993866,-1.5267966395812416
46.758158147575166,-1.221274169836327
47.684238298885916,0.46763998402656687
46.41843743195861,1.7414639652654378
45.128946534939665,1.7813335099772658
47.162811122378514,1.1773823729895023
45.026648711616765,2.120439013357218
45.960693040285875,2.5058021043985503
45.605190283997004,2.262755156586154
46.971337868652306,0.9027847006027737
48.672464536881975,0.4114244110324377
50.081108575190825,1.6471646100032906
52.23716068906776,0.4211972123416149
54.977190185322335,6.239051597880005
55.07681784936343,5.005182602415838
54.8042301106818,7.857882203559352
56.1181573310563,9.156249602411544
56.67421757192891,5.274653364798741
56.193318433968656,4.875175618235888
54.65438144727685,8.869211045619672
48.85511001716652,6.416416957283094
48.81383174566402,4.405044847711105
50.67401593507675,2.6813773519983486
50.133008753913984,7.770106141795191
47.983619004361685,7.281232324060819
47.500813655605924,6.828640404547325
46.9144382119271,8.500470523961933
47.5097749338673,12.15948608399383
47.350121031365376,13.682743316085219
48.341784501437154,13.846714335771544
46.799970791180506,15.257262518989242
46.26265080385824,14.684065991729941
44.34322642875678,14.491470164356738
43.08910169361696,15.87070766815309
42.480160744639086,16.44623266106594
42.991666836812875,17.27186470497842
43.16717151660542,16.804378114713483
42.621607072446196,17.32261539168769
41.85589015012843,17.24391698522766
43.15563295610302,17.80316383765268
43.97214946059611,18.12781440523062
40.647600137549226,19.141562164659856
39.522804370829434,20.996073347064865
38.2093740585323,21.300982303587183
37.25145011243892,21.368346412777406
37.2390230660868,21.06276610378314
36.634413079746736,22.0042984487062
38.53405515149069,19.48824441950293
37.205238231928746,19.097523124664605
34.96472399394512,18.35692972780596
33.51070614416773,19.23048174897084
32.254049354704506,20.088983192521894
34.097738928627614,20.303950679174438
32.0968244023408,19.844741360278892
31.29288823086948,20.704991628693726
32.8700221140914,21.70600458145134
33.31606403707671,20.670083981475607
34.49670133894898,20.951604904972605
36.27056407291996,21.596434713105083
35.95885754485808,21.416547008992104
36.661667570090295,21.66193986246236
37.55351402098103,21.755202316031088
38.83928828913454,21.522867147198806
39.6835206422125,21.20230211822997
37.835400691335344,21.997053483292106
35.92991323567492,23.12688671924837
35.963111748858296,21.915741590921584
37.03261244506348,23.77692026646654
36.2350855439011,23.74135937937346
35.95951236371042,23.200942104506314
37.491285737697694,23.975595665891937
34.37251403905394,23.23273775790789
36.193864386430796,21.834338330814447
34.11986517121638,21.6321199342249
31.455030624226662,19.020345113941236
27.002609700631968,18.583443977405437
27.60857699683767,19.10802298830607
28.12004540060142,21.89608272713653
27.34935288520646,22.582277693201977
25.57414536192386,22.5020339512233
27.051614022254903,22.85790687983424
23.88864114813693,25.675171764067557
25.801797848476067,24.68238296490585
26.001712442715622,22.35300120969194
23.547996425753436,21.76241545540887
24.64757291108666,21.18723483158428
25.150098328265756,20.11718141514266
23.361525371079942,19.33761781526216
23.76496725330775,18.627795542585336
23.075837127650413,18.53248770426263
21.300982303587183,17.707852160926926
21.360515145302337,17.315447705170335
20.289024926643297,17.245755779355513
20.996073347064865,19.514894687893896
21.117828026555117,20.01357940954745
22.212966314393583,19.892921555423914
23.165843063304564,18.543477684041143
23.673518891347886,17.436691271344902
23.7360068014704,18.34917257565589
24.474192968000573,19.217036639155644
24.880838640109346,18.503446661732507
26.21254090047397,18.331344206265204
26.082691771157545,18.680233229833267
23.82608652605993,18.490133719029714
22.46104459492609,17.35898915557696
20.79144603288907,16.45100407548245
22.369862468288556,17.479227682840182
22.269243726866392,15.981902713651321
21.844558280032253,16.62166376510753
22.096540856531245,17.461828563300696
22.343728215306502,17.469854599691416
21.1452948340477,18.949276342620845
19.94442027966562,19.42153742135745
18.365079013011197,19.710947828786388
18.442284979390095,20.511727091032924
18.63096793131203,21.117828026555117
17.121242050138378,22.00758270802398
16.44623266106594,21.82461890965928
16.942939154926414,21.844558280032253
16.96171410136603,21.93836773434783
18.295909575555612,21.655199906640537
19.63094042572589,21.75339176033428
20.21130748230109,21.53282498258029
18.937035326331966,20.99025691859206
19.70247144742506,21.70896750901287
22.0042984487062,22.2109306726356
21.36982445283604,22.675993765967434
23.43256717992791,22.591154997985495
20.751416524472567,22.48869320288934
20.951604904972605,23.50106603983825
21.430310629734844,22.369862468288556
19.987888232570597,21.68630899373974
19.98181000594533,23.032354680926545
21.28114076037572,25.188655506517065
20.33194556076201,24.42622295202284
18.20259482285759,25.05837317437045
19.33078060868642,23.45158977747042
17.713119534339345,23.830707183584167
17.585891598137923,25.66575685936
16.024642184621275,25.595096922805645
16.41852510007895,25.810582306494247
16.421261522938952,26.748659873598406
18.090057395109977,24.84698456269494
18.472000292724474,23.423273755566992
18.7962744681125,25.439242003034046
19.166934188285122,24.366410462848734
17.954505303923128,24.441187143711772
19.176511613346324,24.309548020838804
20.135798308382704,26.202825753652203
18.887889209880928,25.574178366611324
20.549461885442625,24.91928813848112
22.704393638963015,24.52624406842751
22.82951549881847,24.314017138030078
23.946262328950432,25.241945519190317
23.088841736493517,23.459605040844703
23.204332817023836,23.779067922191228
23.161186328628194,22.909779896424084
23.74135937937346,23.814412217934926
22.459355938247608,23.627917313447234
23.316164330002955,24.51291447158122
23.725162273252078,25.003934606595372
24.166285938721696,25.235233114457404
23.670404397923292,25.889281426375053
25.414471601175688,25.646294082263633
25.260796285654216,26.826644017252626
25.754833092368237,27.388100614987202
27.534913096120437,28.151498383673577
26.426743427610223,28.57965507279055
27.78625632137695,28.240345493855482
31.91677702851342,27.832319206436054
32.23431971113153,32.45966320123994
30.964533903541096,34.496638189187294
33.00792399243243,34.79125442817533
34.40958226324076,34.113233541914155
34.847728498394616,35.69899656485216
34.51576748432635,37.22330581380526
31.62473591519208,37.31358686947248
32.72609553855837,36.7772865530752
34.907936266876185,38.46779778696586
35.020087787102675,38.8337433369279
32.996167038568444,37.953373896020125
30.843479834040238,37.41026798442293
29.308171728155575,38.35681258078126
27.721967423606273,36.925586831687106
27.66363674603505,38.925933683101086
30.263225065542304,38.3364428274326
29.022649648166478,38.69923907455016
25.085493322392985,38.18690436832584
25.63805713550365,36.00925897260999
26.141383353724486,36.90737985524017
21.39469069976331,38.017300849381556
20.58309096975338,36.38874748920659
19.44653132070278,35.41895336128383
21.62301074434802,34.88587801777412
21.687219680271298,33.81603219002737
20.979259611410683,33.52781376741517
21.886938062056394,33.628467648490705
22.568420206698743,33.52654702219506
20.055719470645446,33.02444651043184
21.918086608537127,32.418255149667885
22.835304951124083,29.565850660443722
23.504176497672553,30.243760900443927
23.50702689552323,29.8389080874239
23.910481162891017,28.272701412901657
25.124984459333643,28.12004540060142
26.09351395516254,28.762268805316285
24.864398501597883,29.934599158032032
20.07436308039895,30.882333636011744
21.63961939960327,33.31435584552349
20.585820682881447,34.48742914328493
22.620602577593793,33.5446943061336
23.00000020197013,34.97359088616512
25.060289712810256,33.259794904261476
22.612526483990752,33.575951815516405
20.084098545942858,33.51456271932882
19.48824441950293,31.91677702851342
19.846221171210118,32.859760308185805
19.920616455818738,32.41984216095762
19.577298460717596,31.861963265330107
19.376737403674536,31.65208830687804
17.54212425583767,32.10355261825677
16.81098174026893,32.16574767509455
15.385269600813512,33.530807678220036
16.644155053177904,33.42039055298896
14.47298695474639,33.22084577307462
15.130874563564584,33.95297763657385
14.890229897592308,33.244052444263495
12.806431189125343,33.674028931727875
12.071069390568208,35.09832324124572
11.724486047440614,33.95278962146973
13.727352860624524,34.480887589718954
14.167767463736805,36.347726632823665
14.484473686888144,35.988204148250794
14.775087743996314,36.86080577671137
12.912474280367618,37.98159667324339
10.741249541109154,37.642691073979286
9.635570533770657,37.230147861674574
8.475391966464677,37.830803267140965
9.40094218681368,38.99288293873999
9.504441996313687,38.961104576988305
8.484404787902724,37.28394653763401
10.47625141810137,39.625154053865295
11.75284104386189,40.02869655797777
14.032844252529568,40.613761443283835
13.817748236949182,40.113834380439116
13.558522316062966,39.29571567602055
15.523137445880296,38.45071999109454
15.341895925317635,36.44341165535033
16.65742973868091,34.7859761808544
16.72468710723561,33.74187028617304
15.466972097496386,33.22774937728504
17.35898915557696,29.022649648166478
16.89154268330103,27.933244808681373
21.03282844131844,27.338126943165655
19.33605360932917,27.002609700631968
19.42153742135745,27.234680614588143
19.02833749478536,28.02277118936881
20.295959269903598,27.25667379274031
19.33761781526216,27.164482493416454
18.44826889486183,27.536817195416962
17.95826183015669,27.779640389046378
15.405425228923528,28.76156332587765
14.479666309460713,28.83443967641676
13.850613142898156,30.191657894725832
13.349260051811573,32.412442108158366
13.395420392503429,32.534221809576465
14.32333499117441,32.78042908972228
14.421591282217014,31.38792506485546
16.642179425182146,33.6587551243423
15.650308834101587,32.802677968223385
16.6443443152972,34.24890456611695
17.93985478489142,34.69243666399076
16.41898802010632,35.41560683505556
15.506245181527,35.090223092033305
14.692110363659465,34.910471300889384
12.733175223164682,35.328586836893315
11.778072856831846,33.94655444616612
14.564124129374271,32.744457194842326
13.935742838537042,32.996167038568444
14.465805435191571,33.531807190968316
16.274376013053676,33.284483950044816
15.36587739784192,31.352778689986334
17.02602302373434,30.89157243665904
17.994675195152922,29.21673609327512
19.061220251281323,28.280046083280673
20.088983192521894,29.31377594844182
20.944071123582198,32.09034539828529
20.41064665208005,30.535718403514977
20.17611970717923,28.168052414223684
19.164689004771223,27.74183752824552
20.765861945665755,29.83309786219628
21.570102769433632,31.311308355500334
21.915741590921584,30.807042642924376
23.17949731481668,28.436883852508785
25.202223890840422,28.843395556077265
25.550652837724453,30.69386659600097
26.362930581170406,28.91482370754795
24.618491184251482,27.85748779693927
23.90803000755831,27.34135271847072
23.66857365072051,27.675160452846598
23.439233059196365,26.72522282938704
23.10886263839084,27.187202863431235
23.7607305030938,23.504176497672553
24.36758044554379,23.11262265138998
24.90400506834734,22.332101488761637
25.22654892394463,23.990614226767782
26.960536623060893,23.74412386978605
27.35736452945077,22.243104177119367
27.00974959269919,23.66857365072051
27.25125438469962,22.87487286617798
26.813875372673323,20.569780191410572
26.363389344704814,20.59614252862601
23.846147482516905,20.252607427783506
24.562971519106966,19.759461560250017
23.804284741195925,18.036617903750543
22.27813206409888,16.723725089507234
24.650186502812954,16.958823602665568
23.233177597314917,17.652021351640006
21.13934470901181,17.56664967986084
19.983811143821953,17.98261029029702
17.297745211481285,18.598673702365275
16.078620092247213,16.894396034488945
14.609685943838972,16.3933551163695
13.831244085542538,15.705083922017682
13.386057472505705,15.079737882247976
11.440107945473633,15.409426118623006
13.398782052381936,14.465805435191571
11.874701187541298,13.059895607791548
13.721144851306933,11.636009824265404
16.97437141401667,11.71814160678682
16.777234044133895,10.739589293488319
17.46019315992413,10.872872817127769
20.143751566260622,10.005056827287767
17.84147238745936,9.246745011243458
20.047479709997166,8.40129612451765
22.04924043460099,6.858174409045935
21.823390839755636,7.91939842930919
21.2179875070561,4.251868991878168
21.70600458145134,3.6492119598052084
24.21205922736204,1.6477488441176042
25.003934606595372,0.8585556023968507
24.223474253403378,-0.6495056220775941
22.92977537373729,-0.810596125211124
23.3579489602705,0.39037162148222915
23.07472300409381,-0.9752452845271149
22.351735902058753,-1.2214390801894748
23.618325703964704,0.053286847800470216
25.11675723659383,-0.07382414419896699
24.888299618726144,-0.20977072574858546
24.93337519741302,1.075375048502858
26.495550205919944,2.2382671668293734
27.23553992409086,3.941278529057615
27.772220699740643,7.513742997903146
27.537880740751948,9.204734544787513
27.09273141102813,12.446798314287431
25.96931849192844,12.897937340808111
26.88891687447925,13.341876414476337
27.510604356596673,13.849399167442758
28.001939744903922,13.413888220559757
26.315367735314194,12.926115016932355
25.219517328794446,12.896280356150372
26.090289222938235,12.517169921263198
24.470924632264843,13.684457608345753
23.80232987304187,14.832237185922763
25.451471316798347,14.775087743996314
26.183247102157647,16.62132293279934
27.546277516667665,18.457698580711195
27.691722241784202,18.63096793131203
28.425048503164657,19.39184781267855
27.076859303815144,21.046018725933962
27.205945924623897,19.847508743866776
26.03663419733499,19.72962471017493
26.698508482249718,18.1286020509175
27.749347986308738,19.44653132070278
30.517228947193907,20.97271971249519
29.492135433653498,19.5923453865067
29.469860904925223,20.450574178361585
31.772744982968568,20.058660482843464
30.330982180187085,19.78099619625825
29.56497654362664,20.111870878034864
29.200877751418425,21.2179875070561
29.287455978447035,21.39469069976331
27.487004634678936,20.76534596662844
26.004692442801264,21.276573778643453
27.984287925163557,18.92433881678534
27.86181998131262,20.474944143769264
25.904302710725208,19.63094042572589
26.793223183873316,17.95826183015669
28.405712766374272,17.63679404734264
29.3781443114004,17.018032254414265
28.54694062868798,16.754452834355046
29.14981860972359,15.468573570427738
25.66575685936,16.307741912026636
26.073272732890572,17.33806091790109
27.013547005339085,18.087083990166132
28.365538102842834,17.964555582735724
30.361669155890198,16.770044223498477
30.071598309181525,16.74499615746106
30.59485404826259,18.152488194384325
27.987324188412824,17.522054110832812
29.41338374090546,17.75126454497664
28.168360910487827,16.351451446759636
30.180332938906048,17.48748875326278
28.78527989887269,17.576008776252944
29.502367767589593,17.806987359495835
28.8548573337492,18.506790497574475
30.804220381685436,18.34047495423329
32.616893674186564,18.305689485738412
33.52781376741517,18.757470618414594
33.55380710518878,15.441204253913167
32.282416311509394,16.27923133161502
33.078358214062945,16.456406182090397
34.825748754826314,17.845406545969126
33.40898432858894,18.98728929277175
33.48050569938183,19.34963431633042
34.66603998908743,20.301391582269993
33.99416482459557,20.899898188722013
31.771721344011183,19.1979100298591
29.785496683377264,18.281215073961885
30.609826034768552,18.3408628150112
30.079988884706538,16.780063791708983
31.75641623960703,16.85638927215577
29.512305480202084,15.477605970905563
31.008603369377102,15.659417719947928
30.07405350123204,15.524528757568525
32.43554760793873,17.02440202477312
32.89741115493043,18.04266298062808
30.426259506675258,18.194473294423215
30.988805971039543,18.170679350915343
32.06322384030237,18.04919172876684
33.6587551243423,18.827758747642676
35.71854653427708,20.04355584104656
37.98373297658072,18.231147580825947
37.47459220011811,18.531747281294173
37.35056821166451,18.908039903051648
38.54811734860466,18.964682806190513
38.96326922074728,17.97743002196425
39.045808639552384,19.969332112149296
39.06208890376859,19.804118464804166
41.20343692083741,20.886466343697442
40.40978368154715,22.943024385813303
39.904847209926324,22.10545131742677
40.040458101379215,19.37783656816909
40.58842621875214,21.574154079522373
42.45775458901905,22.565666033493816
41.78016579260085,22.71750704188898
41.03263512438707,22.115628163365393
40.129976283262955,23.50702689552323
40.89802869715856,23.119765432821886
40.201001233627416,25.122626271535065
39.27542674013183,24.19401385705756
40.59318396386706,22.742762790102162
39.796961467596965,20.853329071622046
39.54506991078341,20.512789790785714
42.067890141946805,19.455902055937585
40.95200755751005,18.8125155414594
39.362831072665216,18.287131298707084
38.45071999109454,18.70925720297854
38.469401046790324,17.279355756103666
40.28152528828674,18.509594230186032
40.06159589268644,19.536640348034926
40.543678829377136,21.31603240402904
41.533749032442756,22.924049798970767
40.870729975236934,23.5556843252697
41.13846427029271,23.26588032828723
41.01085151555247,22.74064568770817
39.76197116606445,22.21679166136974
39.88551172162021,22.62150275909988
42.06471194921983,20.227437100353868
41.854156507391735,18.20259482285759
43.94558387192958,20.164157765375908
44.22497293008788,19.846221171210118
46.338747880285716,19.059058714948453
47.054810543865756,20.378590342241456
44.54533217778246,21.432845140029283
44.436271707471484,23.564550054680538
43.88723227641231,23.00000020197013
42.94349543409475,19.457920091823983
43.61508729256262,20.127841468689706
46.1093220639352,21.671026881564327
45.43245148450475,20.75309342386226
43.951548111766144,21.527807439634522
44.86283409209577,20.79195073995347
42.9346043237773,20.450262709242434
43.944136095510906,19.03327161491959
46.036456438975875,18.425836622537755
47.000735178222286,19.97470507718536
46.770396864393284,21.900111750068042
48.364728832737136,22.568420206698743
50.259509352651015,22.096540856531245
48.93454505974914,23.36379371246289
49.409978926557585,23.511103645077537
48.87830535871314,25.235577859780395
49.98384642984655,27.42019494837027
50.260891387496365,28.437899622705004
54.229292213356146,27.844452705104583
55.51010693156441,28.6042765767756
56.83920427082762,29.228511100956723
56.09258085180145,28.789108059173454
55.79404085990262,29.42210080496443
57.1969345904999,31.975469258344845
58.823279524935536,32.282416311509394
58.48054364564881,30.944262008958297
56.870043790934616,31.43502444419436
57.15667207750801,32.373430183698396
56.922712489973364,35.020087787102675
55.956199990313664,35.07457154224697
56.732321840967806,35.970568109153525
58.30116263514344,37.42711508774378
59.8590522482088,36.55073659341095
60.256013327826935,36.90607238557438
59.13711793811902,34.40958226324076
59.854259017107246,35.065498840078455
57.60538941572553,34.49670133894898
56.979032775748756,35.31362653206067
54.34484688919125,35.71854653427708
50.963531170198884,35.47597005946511
50.02720221457407,35.68882294068372
47.896331856809844,35.392990257719454
47.36301355078747,36.53943794983271
47.511025854975045,37.36421222487225
46.95667826749524,38.79085438276178
44.92273255914287,37.25145011243892
44.44956523181497,39.95084813825564
45.104161894424834,39.98308539626805
45.49863995281839,39.521943805685424
45.76252386856112,39.177940287918666
45.99724390070031,39.52019791752022
48.666976445258264,40.63953856919501
49.58531422658285,38.94693641181501
50.4122983717948,37.64811461795592
52.28846601549392,38.450329964387336
52.91048297490934,37.86473595036051
53.400838380882874,37.24442430556136
56.34378259134911,40.32694322005179
57.92004919095879,41.30438705173667
56.31040559293991,42.200593302910946
55.92166163528078,41.90749723195128
56.41241095679918,44.017220196200626
56.664216826396164,42.11406261921887
56.19184564649441,44.34980925398489
56.430079422909856,46.04378393273632
57.348023703231725,46.25828557706472
57.86447829809028,46.317030848070445
57.210307358752004,44.98711436250144
57.28760278294424,45.81814613071979
56.65100703233494,45.15485220750965
56.88368257700937,44.94891751737889
56.10697074842937,43.32841625757839
58.25963452553431,44.061227216838674
59.239457296994104,44.63126693894158
57.269531004609355,46.68692559992489
55.16164099748719,45.43363167865013
53.2361470653498,41.674412158977276
51.37836973135782,43.066690650923135
51.46482313200319,43.48746993611347
51.807123429857874,43.128075164515856
51.923628758739916,44.472186853631115
52.687596324324296,42.480160744639086
52.10725710987083,44.30946491924074
49.92608983620582,42.02374222489909
48.80071852366262,41.644693562447394
50.56326763844024,40.28348835772421
49.94826646499098,40.624058993670296
50.23099215545102,41.83134388302263
50.318523505565665,40.711582719829345
49.46990532695676,41.21838652855979
49.153607213754576,40.456024283947954
50.89396299237027,40.58842621875214
52.18679392418747,40.948163445243495
54.18114421441427,39.526393306527005
54.32617116578204,39.910160355068506
55.27943096406998,39.76197116606445
55.90458720712467,39.57304755354189
57.01371212907452,37.683020723266516
58.33836997743283,37.09600861071246
59.82762850990634,36.73805154668801
58.915577795941246,36.69529324192184
58.175878717455156,36.27056407291996
55.37693528188545,34.997836711783954
57.49865234711664,35.00320611782072
55.99775623007674,34.85704098881327
54.63646099618986,34.03597781700039
54.95815651167654,35.11306823976133
53.40089317371306,35.76916506046437
50.81998484811521,36.692907361928256
49.64503787331094,38.08723101642039
49.53277101371713,40.08272122628868
48.503921670884274,39.52256204278076
47.68808128995205,40.040458101379215
46.743193154189555,41.4190400878448
49.5411173058172,42.72024435408396
51.273292796519414,41.874881830099
51.49644956425248,40.56876029632476
51.927630156421074,42.15028877068055
49.243346544856415,41.826827980155485
49.86812089865366,44.13498720019383
49.67920121770938,45.44878976682549
48.63933573632986,46.32284090576373
47.52813818805581,44.68200491052842
46.04933984105513,44.37091217208927
46.90462146883107,43.85282665135062
47.17633977163813,46.24892250215713
48.92366837115192,44.53966073771083
47.16946496491999,44.60055048494974
46.986530517531435,43.4239741137115
44.72474297741471,43.99070718178687
44.238810606043685,46.12572001180389
45.45730452035487,47.36301355078747
46.281939359268165,46.791298766870554
47.556455788354924,44.12163323012518
46.51596218654085,42.34148346987881
46.79585028274061,41.39507750540887
43.73216704659692,42.67394307841125
40.538171021310674,45.318530645745774
41.07697973979007,46.48271057415494
39.192714070790466,46.42528641459032
39.95084813825564,45.221974577439326
41.5990394528455,42.628725717199714
43.58345585590482,45.02451602803885
41.14861420325617,44.311516768788515
43.12697948232962,44.61194628891415
45.52338544511704,45.38961962506555
44.317332618885935,45.05916242060047
45.8740075985988,45.85129001134268
46.66400908123817,44.55337521640012
48.38108270987219,46.10259898710769
47.85827647129256,45.98862866526953
47.047364284096716,46.325812828362785
47.58899212589217,47.17817149919
48.317359328839856,46.41482637334751
48.16087998141481,46.414748014191034
49.13880563992918,46.998823617250224
49.90557821494824,47.89097947612965
46.98270949967109,47.983619004361685
44.750687456645,47.53864664090368
45.05557460028049,45.02976009330319
44.14655318634699,45.43100185385738
42.24687953236231,44.42721933594068
39.44211397535987,42.84354189854511
40.63602204453095,42.014776354219684
38.64935888884771,44.05718333272451
37.55610115368781,41.4893794684413
37.422266984060215,41.79302154431608
37.04544018323492,43.421499220236335
34.28700508722905,40.99458588412256
34.745296882076076,41.13489392813052
36.66193957358873,39.93484967136015
37.68614819246606,37.64882635832849
37.734013728299686,37.069554997601976
37.77244794206047,37.70840719077736
38.57582954207104,38.59300527078541
39.643940327510336,39.174085243986184
38.80482658453655,39.27010067318491
38.8337433369279,40.19229805364538
36.567527563856416,40.810348212806986
38.61343896734322,40.908202528481304
37.004795386793546,41.265070550681656
35.56775434562699,39.66375973436223
34.58885173739859,40.52110050380436
37.47742708883293,40.40978368154715
36.802494074209406,41.37438168829549
37.505473621928424,41.48663347115954
37.003942979986086,39.931116406
37.64882635832849,41.453170126922075
38.2261395195781,42.39089785450839
39.311896434435276,44.25975576238122
41.70779613307114,41.8141316516262
41.640567210792646,39.93565480428189
41.644693562447394,39.50360948511225
40.62175619131628,37.734013728299686
37.683020723266516,35.519205336000994
37.885943920484785,32.658737597027354
40.03500445025559,32.94939884793151
39.93565480428189,30.915502123407485
39.433294958851164,31.342801633344983
37.239151576361046,30.778448721341462
36.37911426071393,33.82301385694052
37.36421222487225,34.67223867617447
38.1352190587957,34.804761191792906
37.63506561469297,34.028780113476444
38.54009035713632,33.021642909966914
39.46076836187847,31.33294095889246
37.6984156807556,28.869637568619318
38.36613667142894,27.77225204117904
38.967208894331975,26.300013351664482
40.78185728255413,26.41395112605117
40.72219733797538,26.02338201944397
39.28416124075273,26.141383353724486
38.67394231986063,26.09351395516254
40.424788638882845,27.672428932518855
40.796951118415144,27.39336247194905
40.93503915131597,28.329741551947883
40.13680724122792,26.004692442801264
41.69723223542076,25.226744721308084
40.7491308044954,23.648930280541578
41.50954693016937,23.76496725330775
42.890903184494796,24.350856389174634
41.674412158977276,25.96931849192844
44.76617091074043,26.811804995192222
44.43941125146076,26.289956982677268
43.84713382825323,25.31228650185866
44.29167683939456,22.858842302648362
45.578470545885004,22.51861916965856
46.04378393273632,20.61141150137046
45.727962235046995,19.260682401001667
45.71782664187083,18.433517384784732
45.380890862332855,17.994675195152922
42.628725717199714,15.274094239944608
42.7848130853375,13.191419445007053
44.28022087518549,12.8743159493446
43.06340829663495,12.0954288667695
43.2528713639699,12.721889937636357
41.43049844181388,13.125153854385838
40.08272122628868,14.126910606395548
39.669303224878234,11.436602417561188
40.63953856919501,10.369088626047056
39.37598066423004,11.07303550161793
40.524310424486295,12.162424435546964
39.40759372610914,11.940371352450471
37.72192046880282,6.550954387673638
39.78359625196575,4.4061781453185525
41.29172233907959,6.39491450231466
41.826913530883196,5.3884685571049955
41.265070550681656,5.915814419011106
41.78923804469508,5.353142002423443
40.78274734786688,8.484404787902724
42.75966926114676,7.462784293579307
42.15028877068055,8.982987481712321
42.878124964972265,4.680021941752298
42.39293361532036,4.964174182738438
43.19483773348831,9.004768961948235
41.95279672436912,12.207650971139273
41.142513874085324,9.409669627536541
41.83134388302263,9.28122706778225
42.58628763798674,12.511060463307377
41.934936108073366,11.839666656790195
42.014776354219684,11.813259570098609
43.712287406853605,13.198607556701747
44.72810608988844,13.82815754098673
46.15219223369721,15.320750861560013
44.64845918584065,16.342157311002573
43.63244221954273,17.4038567628269
42.72344465532107,17.840010204374106
43.39809613125044,19.497760859911512
42.81906523246165,20.135798308382704
43.95401709377668,19.041353565558914
44.283730729235735,17.297602430143588
42.64666052795861,19.59683602157039
44.09994528726789,19.721370504796692
45.947140236939255,20.066554641528064
45.36955366882616,21.34459628055995
45.46564234398929,21.304115884041835
47.237840863184665,20.954412952722073
48.99506375438084,21.69542204000058
49.516951497502305,20.365926571461447
50.39086297997535,18.365079013011197
52.41932113257107,15.92338813570389
51.97711501265607,14.167767463736805
54.080112453539265,13.753857155123043
52.873239980157614,15.200617332651541
51.814810136223606,16.834107894368653
50.83559906097927,17.46300718050365
50.33674551706117,19.22472658149082
50.99891560576108,20.752843578243894
50.346796253397976,22.215737753752826
48.49519531074539,22.726188840559807
47.250863610053266,23.711283620192734
48.13775200631549,24.97187128834598
47.92767861919813,26.367724736190652
49.282547225240464,27.749347986308738
48.55830887640456,28.538570123602426
49.285316781170216,26.927615254042028
50.24912163083719,26.835482388763918
52.735029812444004,26.57974597519114
51.75346947567659,26.733662216318375
51.68658150110897,27.355572000518222
51.37712747724591,28.23325935846866
51.71260565815481,31.00841108638468
50.58086850810943,32.865867840541966
50.02435927183826,32.04401444182646
51.58636649243458,29.200877751418425
50.932774791171894,27.855621925090077
52.69844079308339,27.69741381299225
51.097887844229696,27.23262346060508
53.23948652409744,28.217611660045936
52.16314552303509,28.001939744903922
52.32347227216076,30.07216451755455
49.73358065244969,28.270041838702376
48.855907393338605,28.372494245325015
48.945552699786326,28.64435020711896
48.38037062719558,29.178688339355503
45.9634720682039,29.632960765849287
48.091186287083076,31.941573168444222
51.78632674028023,31.82864914028515
50.93397527876737,31.585121343537683
52.33857357023596,30.64603691196601
51.382273863340316,32.26953503533951
50.089496714558344,33.585454670691256
49.597167707167785,35.59158031052852
48.44340864975057,37.885943920484785
48.84924635996195,39.26715771051059
48.46194062563027,40.20641479671973
48.26817211592455,40.424788638882845
45.67282846317511,42.609208453126804
45.12734632925883,42.72926462152558
46.56106248481965,42.21649590814892
47.96515016127303,43.29472238994155
49.43666302809345,43.03119665101984
49.76240965771743,41.92000833097793
49.331012337423985,39.973585831028345
48.548143025853925,39.80753354064457
47.787349295481995,41.5990394528455
47.72112805689198,41.78923804469508
47.76661829045814,41.07697973979007
47.655684998557675,41.659517721135934
51.757777255195315,43.62606124611694
52.553108824854846,43.84713382825323
50.661353055086025,43.694601742766004
49.97140370710245,43.40726079614269
52.985705624408894,44.26366078808778
50.69732770270318,42.7848130853375
50.49601131940127,42.45775458901905
49.914912486584115,43.65795390377765
53.533037401907784,43.73216704659692
52.38101891217191,44.72474297741471
51.459646625979325,44.34322642875678
48.6584861883113,43.24774296178013
49.06217992729437,43.13167330400459
47.68876741564204,40.26838252617337
49.11683635490684,41.20343692083741
51.936779924923044,41.00452604859406
52.56460751794182,39.311896434435276
52.5277506861299,38.942729340386386
52.05214287211387,37.69310776245479
52.65641477730327,38.778318828947434
54.16694156753191,39.37598066423004
54.4024322264724,38.134009185147974
54.95645750816926,37.83208941324471
51.397935696951066,36.9986053251655
51.42290311854866,36.92233847905239
52.012968819694294,36.67745981993969
50.372963607876734,36.3627455856302
49.7606512715286,36.6773116376491
50.02342724043341,37.32242032734305
50.84971229660995,36.26087632605782
51.48608355485178,35.11225937700627
51.34535966071295,34.80815865425158
50.51162941539535,33.04192259804782
48.31818173251379,33.57515309639481
49.112886552777645,31.922785266387603
49.38904295870141,33.513280760615274
49.270034291962844,33.47249803830474
48.82490096143424,33.594770967015165
49.35200103953583,34.00810037355024
50.13453230159362,33.14622990236827
50.329856562457365,34.466480645417754
51.65904000616663,35.11525371223293
51.138151221255754,34.42860540015918
50.26979075097839,34.76621834918302
48.7413179196799,33.96600115958389
46.99617775545143,32.73862208248459
47.03895274202367,31.882962929509386
46.218351701330704,31.91743692186811
44.7765575549253,32.52094077382124
43.71024192583772,32.41743722216774
44.79746384707318,29.950267011815274
45.00293886300221,28.59545656157699
45.59829850241092,30.68391345776616
44.808836562842686,29.924604217189156
46.268319714146386,28.595310339264856
46.24892250215713,30.357129411525783
46.945892215284424,30.17929358318371
46.388931609696435,29.03592205110125
46.88686787085855,28.062238102400297
47.00315940580598,28.310356440127894
47.92036985009966,27.721967423606273
45.47844069350398,27.762003380695276
43.71672069927823,27.809151758425035
42.94084254610427,27.587042177451057
44.4394711894007,27.1514924122406
43.755171447602685,28.147497570606262
43.087005109796976,28.661406519973767
42.72926462152558,28.692638924998796
44.595486853675425,30.127329348137398
45.44878976682549,29.861659326201636
45.43100185385738,29.339525048530795
46.891753818542995,29.3781443114004
47.1630548008013,30.368383318689755
46.80474155383934,28.332773916678587
48.93211304893403,28.84819556508639
47.48116620332138,30.42820187351285
48.6393308797239,30.93003226075514
48.181684025038045,28.956498874777964
47.71957918331067,29.405092367855563
45.85129001134268,29.130910645367894
44.284808176469966,29.38287227229396
44.132729997378746,29.404322675197072
43.767769923102854,31.351831666297247
43.72606981107074,29.61094220097881
45.02451602803885,29.699614815938155
42.12848947469753,28.399617245912687
41.14607002809784,27.77197101490096
41.68616901897442,27.14607601780352
41.19069368184183,27.25236349915346
39.625154053865295,26.804190529749462
40.78970600715873,25.24339858229727
41.188578435852754,24.177811949603345
41.940039359018506,22.63238352798553
42.609208453126804,23.430737846204508
40.10985564183102,22.735145490966314
40.624058993670296,23.725162273252078
40.22109482580643,23.907680597126642
40.840551494917285,24.061609132284918
41.969320710313646,22.955346467395408
42.42419163897229,23.80371182082691
44.78592155361964,24.69110069307962
44.16570673801228,23.67499867088618
42.49246719260724,24.223474253403378
41.98971386335294,24.13011662334857
40.7735447715601,24.760614350899196
39.50360948511225,25.202223890840422
38.134009185147974,24.226748214588614
38.10751788777235,22.636240106731027
36.40937372889089,21.823390839755636
37.02081764080026,22.145266568293735
37.8594219444655,22.92977537373729
36.01741396644269,23.17949731481668
35.41687455879425,23.11537645180443
35.47597005946511,22.004604924572174
36.11836241098613,22.61306108971123
36.02745807379391,23.37794541084872
36.537274524580525,22.999454530563906
35.05295515181504,22.633343772666613
35.726426053369906,24.02152412467576
36.86080577671137,25.801797848476067
36.55381621458628,26.03663419733499
37.326526562190416,24.790257506520106
36.93409362988639,25.277135012241235
38.27327525672551,25.22654892394463
38.97381685937837,25.73613200033184
36.347726632823665,26.93422731686762
35.06456552211005,27.494975290908563
35.680214887265784,26.740440422827206
36.35300334837947,25.996843439161307
36.2394848531529,26.426743427610223
36.101532233344905,26.50803731402997
36.20646017100551,24.813804352625098
36.16834104838795,24.370536873128184
37.61804625780787,23.7360068014704
38.283045343437486,24.029022700736935
38.258919599648415,22.790569591145264
38.63661938281938,23.6130769670757
38.32702365346566,22.3939544855907
35.63115369742802,22.41990918397973
37.069554997601976,22.588123192254717
40.5023305926753,23.553360367911885
38.153366617756944,23.7606112418993
36.21253413172147,24.8549838529274
35.96505871446903,23.52482933335473
35.96598769468236,22.01337157913859
35.653675094132744,22.579795507024663
33.05252975540872,23.144716893581542
32.412442108158366,22.00363966552844
32.450521034524385,22.299767210962138
34.31139529112655,23.11125325946217
33.624417292813725,22.49272170399597
33.51456271932882,22.257028110337245
35.14579164107174,22.21367667335067
34.74169838114203,22.351735902058753
34.24890456611695,21.918086608537127
31.65503477854129,23.439233059196365
30.347778033986664,23.039103816933373
31.881672986838176,23.688753125515625
31.628690329821183,23.946262328950432
31.661233393597172,21.34997130431283
32.09034539828529,22.4728961115663
32.71109977226895,20.742062042701306
35.19067664187749,20.373883713079604
33.264350449909244,21.22083741048512
33.08410721410264,20.846344980171196
33.31435584552349,20.962706812859274
36.03268463855091,19.2658676288233
36.2928461281145,18.405284922006917
37.24442430556136,17.348320201784347
38.38939320311065,16.7758365886735
41.271710559690554,15.329039236077497
40.469385656052175,15.523083482736844
40.25440140866527,14.152945318879453
39.466901470523894,14.06112936227497
38.79988629460258,13.24585500132575
41.4190400878448,13.659712141281247
43.069221604865575,13.625581101765123
45.85231359143139,13.791886466144957
47.09248293748526,14.692110363659465
48.264012442020366,15.009627024225011
50.32639817758354,16.22456406899113
49.59956338269134,14.913943896594722
48.62274211249463,15.926646534221533
47.50297588598038,14.948683579313297
49.34238411005724,15.466972097496386
50.27303035280535,13.856414123380537
49.87842491325799,11.778072856831846
50.80010091719536,12.861563720881595
52.23375356471783,13.201398622543753
51.42820270760981,12.808535466409733
52.66014845285812,11.790729479998296
54.435574112137296,10.98986795098722
54.00407071938278,12.462322199183912
55.38274630718389,11.09981393955365
54.836138344210205,11.227808274713936
53.66379169639953,10.951586995589423
54.83818158788808,7.494895267226412
57.27123176021254,3.6085762361414595
56.07971289861033,4.8207034323125395
54.94685904951178,6.2023492395550885
55.187461400560686,7.3235141452493835
55.358474473650695,11.442824394941017
57.04939179220932,12.549057078405427
53.97526922734909,11.051480002005427
55.3363295136419,5.9129539614812225
55.230322305453015,6.858000800544003
56.44754086805782,5.830457252061821
58.376999115221935,10.374147958202025
58.79822367403295,7.685418190682394
59.633797227700924,5.915493316767643
59.624139243478986,8.299112434538022
58.59086536177732,10.685543858972574
58.24211821926071,11.09935626249506
58.84824954371352,11.685109281998752
58.544068622909165,11.234540305021302
59.393679108615316,11.844453624104696
60.2398453585424,12.586357184442912
57.413945009001246,13.518805162953909
58.98315774018581,13.513832422208832
59.205751237494525,12.966178493993162
59.694664432897426,13.072789775832858
58.867012900525005,13.510092615899845
59.05822385402185,14.135700523933023
60.337390955999034,13.590278031844617
61.633865885921544,15.07306419312721
61.02517269456145,15.540939902936753
60.871855525307105,16.673254511681368
60.843429336684835,14.990409907579313
61.43157474348026,14.119069387284622
62.99650012135683,13.811547889450086
62.04855215699782,14.541394811768761
62.97202751614118,13.426429581682335
63.72859241805508,14.443417577814811
65.33890839469167,13.459464411577407
64.7605743298752,13.51552373021217
62.50381959272442,13.719920591518362
62.831667418682194,13.449454588994533
61.44654401528639,14.445213691004835
59.597577317640734,15.223671378590966
59.75495330410657,14.646236499696643
59.503836195729896,14.872558990760247
56.34232660302374,14.86010289479927
55.76533763617223,15.005171158987766
52.594437375107844,14.84119698942737
53.621395928047896,12.912925168078786
53.636864388602376,13.583029486582014
53.043035885891875,14.564124129374271
53.69289692971053,14.609685943838972
53.001353065821974,13.92474687932415
51.90962705309988,13.831244085542538
54.47204818523987,13.850613142898156
54.092299818110334,15.331866052414712
56.025155978108714,14.94444382455099
57.79603257210173,13.621862283065358
57.96411575056957,13.935742838537042
60.83237467700882,14.768018080387225
59.60832785967878,14.687178988056155
59.51304162151837,14.435421526272057
63.14119437207344,13.611804604922535
64.11773572440207,14.12980216582753
63.52023030292965,15.11091151850491
63.88699137842785,16.65742973868091
62.933864779703974,14.807717763109531
61.606461424348666,16.055320847686257
60.710283552137824,16.117183223631947
60.5463519410883,13.19844885248182
58.43243097747295,14.139051443853322
56.83990390664628,13.53499777318953
57.73574282597119,14.571535451599779
56.26150699157851,15.049462531718829
57.247280322874445,15.085605759009258
58.34306055134318,15.442021395878044
60.09187920106229,17.9971624254247
57.04464669079506,18.00843678246589
57.728863451004436,18.781414590860724
58.956090904866066,19.145359426751572
59.2745759969795,20.201649344086217
59.86632608785907,21.708015430300946
58.84004161698766,21.464882133892434
60.09588674168674,21.477346738104238
57.98357601470362,21.95361282834985
58.53848017526642,21.690990713452955
56.847180164951205,21.039141976599335
57.65899825513979,20.21031709864954
56.32267442809814,19.008147230636617
55.238813365079324,20.458359923858012
52.32043639157861,20.590506141158485
54.135762113892575,20.43423627299162
51.416568817179474,20.48208995342528
51.91931389213561,21.771119860007712
53.48476021105217,21.451914157364552
51.569375827470274,23.143997262364792
50.522922146479125,21.36982445283604
51.45049103633196,19.27478170773217
49.71897172977619,18.84845745745426
46.12246188522458,18.21177287728366
45.4701594615399,16.984393509621313
44.49969500565793,16.55633688910668
47.31616853516847,16.216951937648247
48.109664674969274,15.869320792526347
46.89638381754693,16.666625541345052
45.53562241080359,17.24939171177392
45.943595459814595,15.898518288844722
46.10259898710769,15.154848379746653
44.25975576238122,14.795168213841992
45.90153446929713,16.900050988995094
44.93939892705101,15.425558467170601
46.17824422130673,13.835387300783921
46.68821673261756,13.398719882233943
46.057023124228024,14.497234430693503
48.06116835837519,14.290716895807494
47.3112417214352,13.588583817891065
46.252971368956885,13.32931902944741
46.90799685293461,13.452763716650223
47.050405249542784,15.292889395302787
48.42528859365573,15.899309499073418
48.71899750200092,16.195915980283303
46.7605297990547,16.067732834330638
46.48271057415494,15.416871509346434
46.22916661595499,16.96171410136603
47.14977712343419,15.989292428956093
46.036060590575175,15.204945664718233
45.80303240304776,15.597840750148112
45.96110352250677,14.858055448852326
45.81814613071979,15.325430885060406
44.7811050264502,14.556588333140503
44.80877141396255,14.119273800197433
44.70631813652265,13.46636831747403
44.801188430097554,15.042431715945266
45.57085791401366,15.498169763496213
43.62606124611694,14.479666309460713
41.37469352708815,14.831167480254814
42.13578371708356,14.510388598534838
42.81739592536198,12.855349953774587
43.41072938723781,10.076965262547063
41.401219759937206,10.777461409743973
38.925933683101086,11.740111572381299
36.84878816745714,11.996396993167052
35.61108929343925,10.378778359088106
35.96163218253879,7.869364278819661
33.745063747032276,3.7103220976237745
33.94587524888939,2.6860012955801773
37.09600861071246,4.713311562419669
36.87149076859285,2.831927518715288
35.392990257719454,4.368299727686515
36.692907361928256,3.395342123004123
37.96117964894275,6.708008860442211
38.205000471080396,4.150970550303946
40.590779522888745,5.405780685331901
42.286747241090545,4.784226253419253
39.38657492221198,6.379007354613001
40.317516919938704,8.426111905648677
42.67394307841125,8.268610363275464
41.52913545796465,8.308663921572789
41.39507750540887,8.190903515564685
42.75442038941722,8.487756912966187
41.21838652855979,8.444531869659858
43.12387024542092,7.962425108424673
43.49195800415048,11.566175942778393
44.98711436250144,14.382109980375395
44.55337521640012,13.109944814477485
47.488428854427184,14.30476325749542
48.278716832585225,13.036645662782574
47.39319651749557,13.852383195653502
49.362780544917314,13.51481012193147
49.2113972096536,13.721144851306933
49.01006711825644,13.349260051811573
48.97534752615177,13.386057472505705
51.38972896439634,12.928083231655727
50.191489315628594,12.454470610918131
48.69440689956078,11.5583842060249
50.04778333465217,11.45918788775428
51.6812475457474,6.420403944770952
49.81527054765216,5.388533801733736
48.27125290041614,9.25886980503563
50.73899939716064,8.845749734946542
50.4189348989509,5.2521182006869305
51.96567126386167,4.106430348338371
52.58078807097894,3.6913052349776505
52.420765173993395,2.7075402504427157
53.83356957914737,2.417912113324807
54.29075476184021,3.7773119887309328
54.24035069760598,4.060187967638085
55.42481811480476,2.553454195673381
53.00790513934145,8.347094858535472
52.71679890666193,9.444974989518279
52.8791263985465,6.793630614792984
55.47895695690776,6.8940353420931215
59.52347189079385,1.539433659385185
59.01739187443713,0.9390117528677394
58.5522965059043,1.316521967328112
58.877258903924066,-0.949508357659034
60.43553564078705,-1.6946830696888489
59.30136317968317,-0.7672483649134769
59.7956396263285,-1.3441782028285947
61.28675898948758,-2.0304004968172737
58.98449802298619,0.4459423533508474
59.82101605878633,-1.6688463710476
59.35793704355203,-0.5749387517818925
61.98939540042751,-2.281203495031749
62.25779214728829,-3.7301899678375445
62.59011591220019,-3.756438076842691
63.567246816744486,-1.2962593021062858
63.32648480294683,-2.430845757790231
63.259450967021024,-3.7188083406722403
61.93311082554416,-3.949935721009653
61.77743313994104,-3.929635197235626
61.68018004341951,-4.732820458972476
62.50868249083758,-4.741292150022308
61.09483993812119,-3.2786041346558017
60.42120369273161,-2.2949872286180346
61.33753493482231,-1.7268535635148359
61.265792300897296,-0.5281372889934155
59.91323845236405,-2.399104684376611
57.904653535179996,-0.7984942314209544
60.74927725713159,-1.146291809590625
60.171032354757585,0.1258188826980169
60.84981651072487,1.9613527715482217
60.93221671135347,1.2937339695308163
61.52265448601209,3.2306884395591533
61.80750793985385,3.9587214769886314
62.19079723590513,0.1306355560444351
61.019733143985846,3.1496869616838103
61.26897247273333,-0.3818406637952898
61.11687811430808,-0.17645874813046936
63.00358008433569,0.40141294921407
64.2638583000304,1.082453926288773
63.39640027990379,3.1390689384519614
64.98832593543202,1.7183999000248533
66.10208643826341,1.981583436417834
65.11423495005569,-1.3297856359029914
63.42044241621904,-1.4201310638641362
63.77243375045072,-3.634723647471711
65.27822281643049,-1.7564462006234023
63.76669731711651,1.0317390208095396
64.97599874793819,3.347993072973233
63.1941722995489,3.6040415771364427
65.72251929813939,4.0441520701989395
65.4747185927709,3.6679887996581755
64.45362603324821,2.009376963154093
63.868948874713524,6.994914063399934
63.583217186344264,2.2631070842168612
63.333431908831166,7.366614239742851
61.692128303594984,7.462432616984403
61.726782733187704,4.2350258019803
60.19579999538803,4.977315388112242
59.16313441870224,4.202407068680386
58.32233725079106,2.24818379402831
61.63946355091238,4.515594927016435
61.89715436635003,9.036939323614932
62.46480603962535,9.819966475592361
62.79682141667193,10.014361985786442
61.115174099839564,10.698315151102344
60.88580370688751,11.34596121432013
61.459123235150095,10.654658977397762
62.07362343883474,11.440107945473633
60.155488824916596,11.405035078702005
57.95692377826973,10.728212951828857
57.18571592579997,11.707210838727676
54.58892257091543,12.217287435510293
55.0105451691423,12.04827670084224
56.945444550626306,11.294044754471262
57.38104631901301,11.772918795972565
58.787677895513546,12.950882567915475
57.18883830054015,14.114450297104703
58.39598298865677,15.36587739784192
58.541600962897604,15.304373154716277
59.918771198962865,14.048436046772931
58.0053493014814,14.554434371344335
57.1497212384418,14.048611498526343
59.11694302665808,14.938764502508981
61.78516655837364,14.890229897592308
62.655091947577766,13.558522316062966
62.3120737956581,12.735975896554482
61.710435225120065,10.663239269611386
61.72079219006669,4.850152706889036
62.190460934089224,2.4334120843379785
61.216639167284,2.2917268557871946
61.20988082960443,1.9825600850543
62.15608818284112,2.565849190995879
63.84054225075335,3.402792211047945
65.22750252773008,3.647133569921099
66.19748172931884,5.395811810828532
64.74659934189442,4.995356534953252
66.1700743869223,4.560285387062232
66.41970200415892,4.579910648040601
65.07743705023587,7.975067343272109
61.02426764094179,5.408206555974743
61.63398445940774,4.784625154478109
59.51201672034396,7.682032562928148
55.39628604931036,10.064346511798014
56.3281051375388,9.62575231261691
55.825468959544736,12.863467484097713
56.840513156254545,12.62954432701021
59.10260957419788,13.845511727901266
60.0095872471224,14.301216519337869
57.60379251531795,12.990438703549055
57.260872260854775,14.492601315487134
57.955133539987415,14.633165318887857
58.12008344998757,13.339624990918296
59.28551570103607,15.51553897913546
57.853589640901546,14.882352225109654
57.46609451064733,13.892261065433015
57.1188463407924,15.443351728623071
55.99371970959498,13.736659172916042
56.791204704655556,12.31928355951666
57.54782936974741,11.491861943419753
57.64763246820828,11.562759561899703
56.857970759940564,11.724486047440614
55.98847153558427,13.557164150286997
57.28491340914791,13.846231086845599
58.6218301556886,13.734677025408908
57.91049733816809,13.35575604964626
57.5287005390014,12.208882887924407
58.90410559610574,8.527869002351474
58.60683648620974,10.985923243336948
58.232801490975255,7.522541369377071
58.41100091832539,5.419750863539873
56.31095395232146,4.4693778588957995
53.896938260074975,2.8558597207289034
55.88917446312214,5.725969745812466
57.41998484343206,5.748462503011997
59.875661538671025,5.211518375527408
60.619055265135195,5.785194608400455
59.74743784279911,5.786624526292953
61.09646684114981,4.731211205752958
60.918691355986475,2.6846567093591167
62.48775969396725,1.7389991231969804
62.276579207567195,2.4569741431375007
62.18073941213777,1.1624342655013518
63.078841859237656,0.5771512586910734
64.59271749035919,-0.17548876379438405
63.136002066285634,-0.3062160211701184
62.4916503633577,-1.1816197569589209
60.24798960296639,1.7124730382579503
60.56252248683348,3.26060712762619
59.50426254363939,4.944092571385139
60.68891309177177,5.929018788899696
59.61996184307233,10.132251504902484
59.65182720249227,12.544468880874827
60.86257339117326,10.702858118059545
62.43010822198353,11.600076987930025
62.61227056002403,12.473970856746188
64.20088816405054,13.43935056988488
63.245304376649564,13.817748236949182
61.17600449070945,14.336654370653873
60.34196022333288,13.308856514538416
59.501499174313125,14.03965807193562
58.276046874838364,13.763664554421082
58.40105466251628,13.342116567154799
57.40369267244901,13.229255837409614
60.17379286403994,12.665572362438269
60.46408146908096,12.280240155314258
58.42980413541397,11.963042843163693
58.16096794203491,12.278241495124742
60.34776040936762,12.164319509916941
60.798556313876425,10.951346833613945
60.82800156971581,8.121150168478872
60.00281058619363,11.141890073055043
61.4385059719022,11.031772327647458
60.5098216124085,11.136051582736421
60.98917457081839,11.805183315740667
60.00455049611039,10.917473247437105
58.92304424687176,11.048383122465271
58.506196029275735,12.364850934518518
59.45000702230517,12.565798622659575
59.23389484790438,11.764977035760383
58.79680058928675,12.563422831283685
60.81491010971336,12.175980277115839
60.88692518012853,12.2218029855946
60.92421383516552,12.888650264239013
60.65692531462895,12.829099037594895
59.1511779886378,12.090555896727084
59.23011614202818,11.92614337503011
56.78208710290936,12.088087393360134
57.35378633511174,12.714584348701345
57.558416794096466,12.882834178572628
56.976605710988515,13.515483993889578
56.76223236226246,12.899218654903436
56.832868889133316,13.140069113627401
58.05830163785209,13.83536027246598
58.5706762377777,14.657822140521045
55.85621986053141,15.04898005273746
55.47976750209178,15.225105171029861
56.86764009413835,16.282478061358784
58.041806967185714,16.49839358218991
57.035643478134276,17.066700708862307
56.14519760848441,17.700030379245952
55.18794036036481,16.84101730897451
56.69547546613268,16.521698582208906
57.34888954366881,15.900061676164974
57.20059587040013,17.026639858542378
55.437150602820005,18.2278800869713
56.85873000187009,20.263819038012016
57.253790178846195,19.302392437073625
57.92781268677404,20.68527118652725
57.46639157773226,21.210416310505305
54.46205687286426,19.537931176400434
54.368856741322595,19.44991001713974
54.85174896446286,19.524099500632442
54.08596249096411,18.524836848948066
55.767345634959945,19.060200404139263
57.024410590397416,20.621057219614123
57.23564216236733,21.688458366241605
57.10772416536608,21.921837520962
58.520572384149894,23.575582138507013
57.581917088389794,23.618325703964704
54.07903811785251,21.296314055235555
54.4140092339778,22.04924043460099
54.97149085656152,22.269243726866392
57.44665870974023,22.05073483926177
58.535004492489065,22.639303934849927
59.40573398725441,23.640981162078777
59.62699517240865,22.33748319282265
58.233066526957934,22.27547452952456
57.823731852351465,21.599455806598588
56.026561343927966,21.06741095519646
55.21637110742019,20.71557982718329
55.43053428469473,21.21211202678389
55.071901611556505,22.367502674493913
54.54452418808993,22.43022198571365
53.566414963509686,22.746574211679214
54.674029459693074,22.498512266893975
54.84091187073636,23.030492225149143
55.01454042575218,23.59199407440856
54.92241643931341,23.093033624272252
54.93683408989394,22.681393884229536
55.97232882852346,22.078174157041172
56.7370150157735,22.287600757981636
57.816237617530305,22.166087793387835
56.83382840290899,24.52398177789714
55.47572812851665,24.50166017692499
55.64597685266409,25.414471601175688
53.353128241232795,26.17448349790521
54.330118468138956,26.808241432689336
52.91586249774886,27.205945924623897
56.312557262912186,27.09273141102813
58.24453665745664,28.259493029186373
58.48625524325464,27.78625632137695
59.26181505409336,26.428635104351066
61.4137002679655,26.139887963116724
61.5859288873978,26.887862786271974
59.196349437502846,25.939839003984932
61.907969795273104,23.452528837112247
60.90703833577906,23.7526222820442
62.1006515628982,24.063761233121586
61.178448800625844,24.234781916885815
61.114419199504034,25.12332309260308
62.09830018667564,26.363389344704814
62.206753263816424,26.532255703795272
64.43912737230174,26.157460335318678
64.31784540133107,25.810988755934915
64.51112546967978,28.30002373145823
66.15539661521191,27.28297748884059
66.00180937161028,25.151780302669152
64.09706417145783,24.985524280529322
61.544333306813286,25.13370790007577
64.3730798272319,25.060289712810256
65.18900724077912,25.604376750110738
65.89444466339236,26.085775626787488
67.32501725371871,25.62189510712878
65.66536828672082,25.66747513804571
66.00288013323903,24.27571115497185
66.70803975319699,23.553272596710855
68.35400821626736,25.443641202143702
69.74236125690837,25.089898333684882
70.5051638680068,24.650186502812954
71.80476187398891,24.73524255578636
71.43606015301376,24.633018808158
71.21900565271224,27.084417912831203
71.15475066036304,27.676820065397575
74.11535019044257,27.877537959497626
73.53185474280883,26.85227723295572
74.10957625495337,26.38435166434156
73.0289080056913,28.365538102842834
73.25723183772104,28.117223222586595
71.72923967474541,30.079988884706538
72.7389340266988,29.215860733609865
71.86476225960536,29.756013615896233
71.50824337573542,32.76096481562464
71.01427150571708,33.069092372966985
70.1965224861162,30.49999547158954
70.23503211559144,31.979971002326263
71.76199793715764,33.24348329792287
72.37853572424766,33.487427797245914
71.99158494891749,34.9260863730733
74.4248174417574,34.87043633242613
73.37819872617582,33.72156344349578
71.17610840798434,30.964533903541096
73.07139942145547,30.923062073418514
70.71537752789582,32.36465604402025
72.0168807639265,29.308171728155575
73.73625679245333,28.604413810212012
73.40438760458028,28.989026172917313
74.5922364457656,29.874074371195295
75.33910498516894,28.953075542350337
75.43754058315895,28.445474282167226
73.37626400967042,27.487004634678936
73.99765700502402,26.032338266553623
73.29895253298679,28.013676614572578
73.4021639601007,28.204832222603635
75.25497783634425,29.0348190721581
74.42921010641908,28.838481060800866
72.99505086700908,29.339894599027886
76.12441139215368,31.13366752174684
77.1754156201683,32.18839402820258
78.22448913959278,33.67256319984536
76.82726833264381,34.66603998908743
77.53606539474004,35.26779655918976
78.38272074886092,36.522292305646864
79.48721776721415,34.825748754826314
79.10823958691637,34.32612160941721
81.30868844781115,34.70235318525343
82.82414015664912,34.6055396104063
82.87984949161866,33.55799895720284
84.46014181419999,34.51646339941853
84.52408923676636,35.2101606971121
84.2848006307987,34.58885173739859
83.84952470320098,35.07733382343985
85.53668496445023,35.05295515181504
83.06256452887773,33.017363574033155
81.44323668141102,29.34285298542333
81.36354541466456,32.54756494784253
80.55507487316301,32.01675388129254
79.7613736380324,32.91475223132332
78.67654924546629,33.089211297146214
77.76317218379772,33.94533382541827
74.89972175917998,32.8700221140914
76.65838666224877,32.507019451733605
77.77379255741292,31.151899533333932
78.55525145931189,31.329874720228865
81.03330220519712,32.421800361086724
81.74224882485638,31.85317419982846
80.38018860612821,32.3483348588219
80.31926610564562,30.272506235694436
81.16850653126052,27.691722241784202
80.6725517710115,27.7284726268921
81.64981854032371,26.477767562996423
83.65964990656062,24.474192968000573
82.52185461562127,24.880838640109346
82.54320723607512,25.790052304475672
82.625478801191,26.345320535938054
84.51438624217275,26.367154025035298
82.91232226198427,26.787527556043344
83.4094092152363,27.90691919934139
85.2334475571223,26.88447967186154
85.04820981158139,26.575267997999003
83.06081868453069,27.076859303815144
84.17244267483726,28.346604622728318
84.27978907052,28.65482327538296
84.69130485111239,29.64650604661511
84.56316356736453,30.82382855085533
82.68157811404954,30.997321832710373
85.92007190526898,31.38633900269168
85.04092496765004,29.547783471316272
82.56724995590203,28.54694062868798
84.03096360053294,29.73731563885556
82.73553091802589,28.68997034268695
83.26130576157948,29.188256401075005
82.86441230382817,28.568241282770444
84.2534623810963,28.22304826114321
84.55873782679093,28.215851402111895
82.92165539983388,28.780365303268578
81.23816331850075,28.631845927582106
83.26179304272567,28.565466046358903
84.24348672182334,31.073261609333745
82.57649850478825,30.73454113224026
80.72342703516868,32.11729961635984
79.3809453596423,33.14543823725707
78.32974126154821,33.635694480548665
78.74751890721352,33.93767958125589
79.45480053835689,31.406998795902176
80.79572507520126,31.951928588084563
80.0798413685074,31.971994170022125
81.9540437070796,32.508338211144896
81.7302000983741,34.092421637847245
80.27736130999003,35.65130654051181
80.3606276837738,34.266728206020815
79.3532773985851,34.016501853457136
80.4877072308051,35.02090149971736
77.59078570796716,35.52077985125367
77.71081688388868,36.60165374118902
79.29705495061476,34.98621654519355
79.79015921604966,35.61108929343925
80.9875282912328,34.15812921960684
81.88275813695165,34.98880495247594
81.42429547795648,36.14019941614584
82.14834767066648,37.64510717718376
81.63015080674151,37.491285737697694
81.81590656093451,39.82796981534947
84.68798099139104,40.78274734786688
82.64513869462886,39.5595969653572
80.4043868715559,40.63336656442131
78.2737326705856,40.07194587347509
77.51523015725303,39.723047879782136
78.66337189748965,38.20293585331097
78.4038838170512,39.72371782430615
79.23594583133335,37.47047120012098
77.79129973137478,36.2350855439011
80.25223982658314,36.94676834051423
80.18990458522454,36.30252121820003
82.68613373908416,34.907936266876185
81.27029443960289,32.445630694161565
80.72863918131615,30.804220381685436
79.31457467212374,32.3550726757528
80.95466067625924,33.37441289204794
83.6800479766105,32.27275365306214
85.27967923067561,31.86238475941053
85.5915902782187,32.0968244023408
84.3456978545342,31.332109780857063
83.62258891350363,28.81686471272442
84.09229898842173,28.022668327352438
87.1077804815185,30.07405350123204
86.16982401932722,29.53405826032616
91.16498702340718,26.5048490751411
89.98868144734918,24.718073309970745
90.81263184539235,25.927013176492867
91.70701968212981,25.271090493129368
93.70469424520483,23.547996425753436
94.48083350518827,23.799132881987052
95.58921786083728,24.380904297903182
93.84561894657061,26.116176786425477
93.43231216177912,26.492603847277348
91.9993946402267,24.754428504601865
92.83086104201927,24.98677000673418
94.47065467842434,24.331532738926114
93.98088924617795,26.32911381999044
90.93385081728273,25.872166436879194
89.96171211146803,25.00791495296253
91.81915064230026,25.337399648092774
89.25113863483479,25.979212360337165
87.03445162178691,26.078887821886074
86.96466806396154,26.79720113505762
84.53386633619985,26.932777967129525
85.85410870548907,27.195801332615098
86.82597835218861,26.353269493778193
89.51518343171955,27.987324188412824
88.03208139647624,29.56497654362664
89.02794911823284,27.665141546865016
88.12741950008603,26.460748148964313
89.47133882707963,26.64984297594903
89.48439232621534,25.636392454274038
90.3947088455676,23.035353041446985
89.75604839909317,21.01994951011917
91.27901314099454,20.084098545942858
91.11627064297213,19.8359193447884
92.14147132682436,19.487778692178978
92.92458355309665,17.451202351479022
93.8609460816241,18.258074045160985
97.72139770697785,17.659131144001933
96.7469579645026,19.01448795353786
96.70205220314769,19.143771524117202
96.91035098605215,19.16193071029197
96.77891456819872,18.796127098562902
97.09212622368347,18.97662719628984
99.63248779786132,19.471729977525687
97.7800150336449,19.916895743773523
99.23359183516538,22.212966314393583
98.87381214478762,21.982264920808184
97.61386369392154,21.996855429307605
97.09195682853765,21.828477490192984
95.5553514310898,22.039250023669023
95.46773443207293,21.62301074434802
94.59020860566434,22.918631571534927
94.77506127545111,22.04701035604239
94.29116446875621,21.521642299999108
93.95551761154825,20.105143646324613
95.5113758158728,21.38840724419614
93.8745636217159,21.44903013972786
93.1387355856971,21.882545434259203
93.84061258744498,20.54815426976852
92.23360906811138,19.166934188285122
91.40139871100581,18.41810532760907
91.32396413165006,17.467900755670755
89.95168746417502,15.805579604896462
91.10312466762463,15.393912924099624
94.11250391656333,16.644155053177904
95.09029099208698,15.828005747920086
94.64266237480084,14.6791731266949
95.23027421614307,14.991809834236923
96.62585101417162,15.084783590675483
97.31206500833848,13.744890271266827
98.3782569142649,13.45074817921788
100.24018245660822,13.694611725571635
100.66981514728559,13.986327555465172
101.01582195068876,13.642076379956706
103.68447538593263,15.034961421066384
106.30581274966272,15.690149881778607
107.35829373353538,15.783416694454834
109.87026117987897,15.699246051369034
110.34169944461652,16.642179425182146
109.34140532714366,16.810928706661542
109.40624886353393,15.602002345983221
109.74875631035856,16.145000132044288
111.62689993415671,14.924553018107542
111.51794356487116,15.94683859386108
113.14737661487459,15.775905123837095
114.4809002266836,16.937729835488867
115.61344560942982,17.125991165283427
113.33767387061035,17.975467457850726
113.46219101913873,16.94021348867179
114.82985893585884,17.654034533443575
117.495085915174,17.886793624713725
119.09090111601505,18.150333721334324
118.53799433276228,18.15430059374027
117.85696476962971,16.942939154926414
116.51941706381723,16.343664683842242
116.76383024313162,17.02956688919487
119.81413986837428,15.47630632997717
120.20624426346447,16.89154268330103
121.34915350473024,18.131584297500996
120.58866001790433,17.9470602049213
123.28649804949897,17.87088651412152
123.91813993184873,17.763341157262232
122.50787048189359,18.037923909870106
121.54731743037527,18.090057395109977
123.37410673289703,17.928687794569694
120.69770025767959,17.892455005123708
120.33081276830177,17.176256258080137
116.7104555840276,16.41898802010632
116.43339657279591,14.325094841684455
116.27886164807624,14.503390710836648
116.5555937521079,14.439183243918968
116.78827008207557,15.088501616778878
114.82324451717456,14.282822965355592
116.18233311149746,14.046646381299531
118.92522164936481,14.250940414033488
117.40799855953136,13.573772209622028
117.28940209957685,13.323579461933498
117.14783473793929,11.611914621091216
117.93725327006906,12.36321664295838
115.34623270185593,10.539743991620178
114.86842664602676,11.490809444316499
113.93548424026528,10.674050657546937
113.69353644059164,10.947341645799908
113.33565385761315,11.222149145271699
112.4872083696057,10.752537973044339
112.24168838709576,8.399534853496018
112.10966347875444,0.6752975439494592
111.80017626576316,-0.5865932794057467
112.11384068049759,-1.2464163011879337
115.07965549060063,-0.3324047409612506
113.40742878312142,0.05069412244089433
116.9962590447817,1.7366137369745709
116.20997570661905,0.9905537488562937
115.78142623644564,-0.40520489400039406
116.69960818057118,2.634905609825278
116.59597976256842,3.4339363109642176
115.31188054285757,4.2631973495730975
116.97951872763494,2.4535887827633025
115.39770042301421,3.232266589749639
116.53579160201366,7.357590154528474
117.36667216010248,3.861453760931368
119.78526186764067,8.289547761811916
121.10893230535052,8.633575227644535
121.10571742426369,5.662414878817763
121.5619334389949,4.193747863451124
123.61838825577144,2.7654630597776566
123.81367112735519,0.38938870127475145
122.01091693925572,-0.4352886571237018
121.05155412209305,1.0446963057140926
122.0585185046009,1.5155980062150765
120.78494901989141,0.8563363622321022
122.53290363377195,1.083220847355176
126.8792607523827,0.9712445997187487
125.9385661543825,3.1824397948957914
126.59720239670106,2.243473693184457
126.9143199599412,0.3229725682453229
129.26696558882605,0.7342585555516974
130.12189876271546,-1.0544910375530812
130.50342989350943,-0.8313997397598392
129.29682019391356,-0.2384399842600955
129.48646824835203,-1.4611798880631737
129.93115987929835,-1.0519791921767567
128.74873245811648,6.133389681816476
127.69106870294482,7.025422217723413
128.2385279647909,2.165838040812607
127.02206348917734,1.4009009291509966
127.76667269401777,3.7521300616331468
125.47788483816868,2.9976800330209077
127.20484673315238,3.1005717429604447
128.79899034475312,1.438342566094751
129.48219356479825,-2.297522316723221
129.09020841069943,-3.2055143188889463
128.6093927096966,-1.3719717635867088
128.98476674998034,1.469287803106624
124.94203712311776,2.653832594475671
124.86185064667414,2.2296348346733885
123.85693842382233,4.489835129183726
123.64365732647396,3.3691911359752393
122.37784159113902,2.222992974692998
123.78830817557962,8.033548170075537
124.14294825633353,10.045551785827096
124.77187196066481,9.62217965280187
124.88712864513029,8.757704024812277
126.72944255176633,9.946562758488382
125.89337443487041,10.51795762083938
126.82589333490438,11.944555661299159
126.99225876628832,12.394334718270159
126.01620758163084,12.729097159559714
127.96809071740795,12.589519975068665
128.94319130838906,11.352022297759747
130.06969965939115,12.033404953667503
131.25817012278458,12.805112064745725
128.57216947832444,13.152154716584585
126.06762092181502,11.877296287563567
125.08884450790038,11.060414255153999
126.10394143346117,11.308714632971398
125.3097768447215,12.43267891246409
122.58395232142058,12.354768768829853
122.77749640459486,11.961281577888094
124.15149274982411,12.031060466663043
120.96294316574833,12.152758219873657
120.68613174742472,12.740639545645054
122.22241251421434,12.03936050798038
123.43592591484379,11.338700026247471
120.89242037517218,11.551681232971813
121.00268188621214,9.391748843557695
121.63248967431771,8.18192245401132
120.27672996373994,4.918430502575819
119.4580606747686,3.967874633971575
119.19763494665483,1.846008604338575
117.10435280030642,3.5513764607025857
116.39586363307237,7.423213384109307
117.47737424292123,9.226082661026956
118.24086006575311,10.306749475449239
118.07060308867744,9.86282268757007
115.47800044363544,9.272104545884744
115.12462345636911,8.370913567833439
114.25470878570621,9.653755133607076
112.99351595173154,9.064372914126624
111.65151495940914,8.374264192301453
111.15632857474026,10.47625141810137
111.53527583518962,10.469056209871718
111.01979284534004,10.755824534310205
109.0262954987617,10.819463542236836
106.62927759928102,9.65234982236285
107.75414977507428,8.230562306028943
108.58711357863953,7.885383730006355
111.83277465875486,9.608363951281794
111.76484361595719,8.9801026836358
113.8011363397406,7.825958665238112
112.00334977215732,10.056649657195159
109.96269775662093,9.32965151139595
110.20396019516035,10.73550514447979
111.97984892713527,10.329179634271336
111.59857425874026,10.525654420935751
112.91907134722395,9.226952756054581
113.67646720793431,10.022168934706539
111.56565088603593,9.504441996313687
111.33689853396959,8.791847882840656
109.57567419047105,7.357826992910086
108.57495243629901,5.15643486661208
106.9511147136558,2.1580388190119626
105.351047704935,-0.9957168839109357
105.7377488728691,1.9920921369686226
103.78841662596909,1.2896624569640103
106.69346224803309,-0.4852893870452748
106.47589386945164,-2.1288415674906944
108.64812151385412,-0.11250866268265991
110.07989023856628,-1.2321479305998626
110.64421311636863,-2.0799769647350885
111.7894601016509,-1.9534196959639565
116.54382641393376,-0.5905015237612767
118.7328471955525,-0.34998755128900694
119.05381473557006,-1.3981289379116006
116.92912500001219,-1.580675192500309
117.08102274432959,-2.7834649395626734
117.82695867026762,-1.9537704541952294
114.83442256277449,-0.392465800769351
116.20574492375019,0.848604737243183
115.43375787641443,1.0026776168287013
116.41887474889008,0.6153585329574871
115.27290411495056,2.2722349510084188
113.01672027759601,7.802053018700787
111.95213521863843,7.837319848592905
112.38747042300773,4.625569308783625
111.21197018522803,4.6428772086196535
111.97052474332625,10.474594396920878
112.162414904327,9.88437018735892
113.77762247386319,3.6928931193535752
112.08239859319079,3.592484813063523
112.70367045566675,10.736654009103876
113.52111968527075,12.160890816875577
112.96482151579015,12.027676708580444
112.46526270600674,12.305176938071757
112.26138479629785,11.898022850288607
112.0744812079297,11.740660084641389
113.39787156503178,11.643689102864098
111.94635714819694,12.70804299875752
112.23003133165031,12.267654380509217
112.95572277061818,11.896343981941413
113.52196260089433,11.182645493305005
112.82283683893219,10.916959559057654
111.58911087478715,9.660140611706085
110.48485267045606,10.569659584249305
113.60096487248629,10.488555460009657
115.14682866538587,10.63823191508033
114.8350632016596,9.696996155535635
115.42795713307945,9.443025045161795
115.44417919971332,7.398775770748205
112.68782799955072,9.660100571333317
109.71590245950512,8.680966997618148
111.52098282097232,8.828642855989212
112.43238951666875,9.711219029427461
114.30108169605676,8.68986225866458
113.38015818448974,8.778362827397462
116.06228897792109,8.671888293447799
115.01742574899106,10.237603166845185
115.71759227852283,10.277953264846317
113.93128111554647,10.604879695460795
113.78953314840331,12.047626259549551
114.27208481727558,11.04389498147716
114.36106750097585,12.299214303511278
113.13253156692531,12.160524600991238
111.90050796274444,11.954521005670198
113.22912746092031,12.361163320685844
115.45581208690632,12.299571953321463
116.13624572815512,11.674193259235567
118.45638781132986,12.01094888572097
118.49547243061983,11.55279553200096
118.4945962751169,11.720086370792224
119.64907895608063,11.914763047927483
117.92408300415829,10.741249541109154
117.63164493742993,11.293237650814447
118.59719974234731,11.310458692216551
117.48468742042449,11.84090049560069
116.06788966742627,11.684656177194285
116.81486870214458,8.175856329908521
115.86219831133646,6.668079363715076
115.03895831247792,6.828553276201884
115.02000071069807,6.764268389057693
112.81967069664387,3.2682699687052725
110.45691954940965,4.267596700264571
108.71916621964372,6.636704847467458
107.45564209082312,7.850864276955164
108.90239695662547,10.537041414211263
107.22930456234059,8.63409589015778
107.61752595298763,7.917023052826827
106.99391950777186,0.056908573105946325
107.3938845642815,-2.2261437876669774
107.8290338328604,-0.49888763637129663
109.72733899704873,-1.3359606703301785
108.57346060746946,0.328589010178182
110.19517827846457,-0.980414432538391
108.94128985916971,2.0632124080743495
108.77056529440489,2.029571310811281
109.17707016768641,-0.6078634833636556
110.39085506045915,-0.48731703588770436
108.96394203181255,-0.45475141843705347
109.54406998590372,0.9681624852212749
108.00269043556807,-0.010409698723591432
106.06403132529884,-1.1883868198301921
105.90177513293112,-0.10216187720532455
105.53122398257949,-1.1580408257270083
104.17996303165273,-2.0368010899572
106.33450225811453,-3.6230398623048843
105.66444765503746,-3.4004424211280995
103.95732905123096,-6.59794291902098
103.74066805550851,-11.448824995189687
104.46143616998486,-14.89919236049881
105.53782059125334,-18.19720747736041
107.41939272778113,-18.67294535568934
108.99851882759314,-14.921837276092925
109.49614042582232,-11.710925557084128
110.06904020279994,-11.546005320022022
113.2498071596995,-9.941486164294428
113.87675487922233,-11.684727715881582
114.84150632591232,-11.503849055411603
112.63225248940418,-13.283000449496765
111.16145475630275,-15.38108073333849
113.34850082845209,-17.201173294965123
113.64986897536915,-15.73865994989849
112.5227157104058,-13.659730952403256
112.61424366798865,-11.826498728514062
112.39383139986948,-12.25402650570542
111.01498024204912,-10.709511404718203
110.27924600963593,-9.137159282163525
110.75732789556203,-8.347942928458458
112.34024075365694,-4.570759791578457
112.19902535658237,-2.9808142684451577
111.19698103022841,-3.0621114213593046
108.55273542064089,-3.7495159220583876
108.39626142665252,-3.863669222754828
108.52650861121973,-4.4385330067130315
109.20094143472075,-5.691565589709557
108.84860855222921,-3.4104015575958675
107.8985990575415,-0.811392996743261
108.35958632948572,0.2605532023485986
107.93356792411963,0.9699708403059395
107.3343355886065,0.8932389479253705
107.26263765638805,0.9757746924785823
106.66608094832327,3.310397574306455
106.73813853201261,7.672764332634554
106.33608679782402,7.8351331474172525
106.35974418056135,11.164074306127109
107.07895349773597,9.658551686762756
106.3924729838596,9.775151346388203
105.96878450843245,7.658054043897899
106.48251152011207,8.886319675112404
104.26740610336952,7.6453884645793755
102.1591156167857,3.1663096902233243
101.21209011346191,8.082165415631831
100.67130951453558,1.024189693414094
100.56543245459912,1.2370723176141116
101.97352943580323,-0.19052610521310293
105.24042104300318,0.1112137434301484
102.82582675711888,-1.3576974133188937
101.56470967418323,0.09666116023201576
100.50311038662858,-0.7908033503816916
101.42997132152293,-1.4337467593775712
101.87337781212435,-1.121104151563284
101.64467200840298,-1.947273727978466
102.52928300053779,-1.6980965599093316
102.77493940244347,0.2276515625904172
102.43000234966469,-2.4994046629833684
102.2606337294728,-4.471893325627812
102.39989087138233,-3.2366907308299715
102.513062737811,-1.7814450967150832
104.18407935406454,-0.6679740360975682
104.06698292390415,6.980991882297419
102.26490371621593,7.680149201507955
102.95444387573053,6.175460331852929
102.95779711563348,7.199835297842085
103.29561361084245,6.375690908182075
103.16801987730547,8.068997945471454
102.10338234775654,8.802709296623172
101.85560375842168,9.773522857988679
100.72186647951752,9.905516231216799
103.12982800231806,10.017305766620924
104.73169992718725,10.216372815291358
106.2212263853731,9.54395162823791
107.15225848450154,8.114683092079066
106.88526698898112,0.9621732490839734
107.16632513376406,-1.418357922209161
104.07690758064224,-2.7185443679356767
101.77267245689873,-3.023349976183781
103.26652727824842,-4.798504277005522
106.24825456739278,-6.298758416988772
104.43654924397694,-10.775022820149301
106.53179855246425,-17.96147485681695
104.35548186694942,-15.057084611845
104.72657301887341,-17.72044616390523
103.30796161511253,-15.746363010408015
105.98319382388638,-12.91520582849714
106.76891059071028,-12.414218639854933
105.14198119586061,-19.295002487066768
106.5609350975055,-19.921712498154836
106.6551330345648,-20.919850526729352
105.72515652792723,-23.184957670469686
106.64751478640763,-21.14099571215431
108.82234853368247,-21.59470879170361
106.74561474319306,-21.108975536916212
106.55479333817478,-22.60308327172944
105.17357766755084,-22.397530789094837
108.29334296024462,-23.05886884313819
106.37539549426414,-22.86161932004744
106.14691501486597,-20.71713102927717
107.1341233739723,-22.133065939968347
106.3246395866017,-22.643655414710842
106.63521785687497,-23.00680038415985
105.78066353895531,-24.76396051534912
105.40531966044769,-27.630777646765395
106.31651261894697,-32.677970909669114
105.1866178459411,-26.607258749009777
105.89596752840356,-31.048015903346027
107.7079711887313,-25.764084943864848
108.03852791070878,-25.309139806591233
106.89327499070525,-24.386482272222956
107.28720732516821,-23.35278436525405
108.75847115302884,-23.561066883276418
105.95216566817335,-23.55391282777524
107.02089259642437,-23.112922993800957
109.9194754497788,-22.55604917533363
107.51268082231809,-23.355982099417417
109.91423970617808,-22.275567947390094
109.39189272150163,-21.677664699738038
110.39749037858212,-22.275083486986457
111.46711218783767,-19.07133782839105
109.97374267339337,-20.74915359429643
108.83938369979812,-22.630428142645524
106.75886646056222,-22.100113106552385
106.37729757565215,-20.284960678194984
105.2332510408962,-21.11077124395168
103.4121728337156,-22.782083833839806
99.66519763765767,-23.12755580165365
97.32108387065561,-24.13958927614164
97.01277971420986,-24.776411440666305
98.63173444431388,-24.950414533306873
99.18426226830523,-22.287703545251688
99.77479069012621,-22.898042343338656
98.93049124330413,-22.246071051925988
101.06148389396834,-18.675973323812183
99.37777955791496,-13.245091865639303
97.8297550128402,-15.785936214623963
96.90732492765021,-20.870239497561126
94.51719606458771,-21.290519663370418
93.59907920648423,-22.780061215775955
93.84400442499346,-21.612612084195728
94.73725356081616,-22.792470830700726
93.88751368907627,-23.588098963942386
92.53587446551923,-25.216674910227493
93.60642580598392,-25.041721409122342
93.58558580324963,-26.94728111153963
92.55565721071922,-25.903027746004852
90.52527823081556,-26.613722873992103
89.25190205521793,-26.525828829131807
87.56453812053402,-31.57087329856885
86.57933567390393,-31.346066095830242
86.37209207771008,-34.98018673999261
85.60682696867514,-36.654260575895464
86.68111298324155,-28.537293936433578
86.71846039546801,-35.917138025203855
89.33749899482622,-40.42359006721517
89.1265951521007,-39.54777877825531
86.89446729925342,-41.62103142462464
85.417461565893,-44.21950749345843
83.41397758419504,-42.443098344825934
82.49773479696601,-41.214272356725424
82.61409217278796,-39.883364950977324
82.95711893485515,-38.3523584816688
83.68862684027347,-38.35462368613966
84.76565038624733,-40.60311557648053
83.11995866588991,-39.7790305912189
83.6435462602952,-39.29254838342755
83.44017731693343,-40.32651398406476
84.41134708216968,-39.85514643312669
84.88123475062646,-38.44436988071961
85.28033167908458,-38.441202104538924
84.20446347800532,-36.5265769841239
83.64741200642503,-29.286135208228984
83.16842914788454,-27.665598359054343
82.57984549476993,-27.270873300954534
83.04102662252988,-30.1442439829768
83.54604427892446,-27.047260771940707
82.70075052771304,-33.64000072669445
84.54174818190013,-37.82254007392366
84.75629466255704,-38.34131925000434
86.80593959926254,-37.70295812427129
84.74333339743548,-36.59204389504839
85.33007551759542,-34.13182765444683
87.32138875365276,-26.354959885879833
87.45569732585749,-25.55559542879621
87.33559457038004,-24.15679770887345
87.20801752483813,-24.27219131406294
87.30214485885702,-21.77874067073292
90.73752075882334,-17.43594471761135
89.62598096969053,-16.047934753033196
89.93898989217507,-16.674372931280125
88.16553350923691,-16.87604870160902
86.69916110117853,-17.750585296629822
85.84766637238232,-23.407686028254254
84.48601606611142,-23.666206678701847
85.01073468831254,-23.18689154538261
84.17438753059518,-23.579677158222434
84.91642583886618,-24.356401306692224
85.45655825827833,-23.708459303881387
83.70881188641053,-21.77657872907032
84.46386857821437,-21.172214218601418
86.19192684212825,-22.772649748834006
87.50706231814911,-23.19387298683338
87.62837293288038,-18.20946157523207
87.16344464010164,-16.51362300815302
86.99421134204971,-21.155436365784848
88.84264021440266,-15.800243932370071
90.48489270212468,-13.546696759960062
91.64973889868986,-14.564923765320453
92.06902276321765,-18.051345329863363
90.89744776646502,-18.298854695516415
91.34215899722298,-14.534489906392322
91.5651089827199,-16.150337237268953
91.08285480802125,-13.35651017873038
92.58389754116565,-12.418466152481749
92.24936427947021,-13.009884287356149
93.70762400485361,-13.679422971457218
92.75692781470842,-12.989549097018426
92.2542569042704,-10.601706213601313
91.91906318754728,-11.291548483101186
91.8060599731245,-14.773488189415144
92.00511156106106,-15.183831049722023
89.2846739963086,-21.814574130685614
89.0684045864084,-24.005691201864487
89.15747706816524,-26.467833182701913
87.81490509806866,-25.08380843945444
87.7465563681027,-26.622468814106693
86.00237350988431,-26.988096866459955
85.50581950504497,-27.825771671105137
84.58488945035504,-28.55251303784112
82.67912550665885,-35.87599261579853
81.0048470050051,-37.17217124198551
78.50166105916443,-33.88025115171696
79.20533107854865,-29.69116439856412
79.72153995299162,-35.93922750394422
81.40528566837759,-32.298829857332194
80.26819020832758,-35.865283513899065
81.10850408178521,-35.53163496586317
80.61777976957315,-36.647084365054134
81.57088330353385,-38.46072100741624
82.41876819171021,-42.38202332239411
82.32126622096054,-41.63776080612981
84.23520383028198,-46.115847040450845
84.05626209615059,-46.04875609708594
88.99688595865558,-43.50406439583701
87.72880296547005,-41.23495296956132
87.80061899562888,-39.85951127390769
91.03387105196364,-38.971979742724976
90.33979707846974,-38.193578162397884
90.575724720626,-40.269671861985934
90.24090910004401,-45.64683567720451
89.78018539422543,-44.95458060534627
89.99003844044692,-47.12666129659442
90.84667657478587,-51.11425891709483
92.67057738276516,-51.16348352243906
93.10462400806412,-47.98581216631294
92.81205325718368,-47.27676472504564
92.61751727658373,-47.13469092017927
93.24952621226883,-44.33134650865925
93.72938476877937,-42.382656472338795
94.09888768386345,-41.00820906639451
90.65737641323595,-40.97137809613015
89.60701416699933,-43.232021902093834
89.5318324164687,-40.060777428825595
91.95317738433815,-37.134941856776784
92.50790979292832,-40.0301437105418
94.14211625307796,-42.202781104434266
95.97427039332592,-42.32370680093325
96.87954059410191,-39.29460918177799
97.1563888357025,-40.71919345420433
97.85665840953219,-42.374079308492135
99.08409426821994,-36.88420860592997
98.0162870068093,-31.819367447220475
99.20155346986373,-26.78074935887948
98.1731182132593,-25.91201516623729
97.99571894364875,-26.59360536974781
97.08099813324777,-26.952184295969975
97.05962201799434,-27.37977541738144
97.72581556729858,-29.036682946619568
99.84314674593554,-27.073470154726287
99.60512910577413,-28.888576442079632
98.28018911443013,-39.21151562247514
95.98830705732217,-32.190046125144946
95.74668042887265,-37.34322696264867
95.90654744803028,-40.31799297526752
96.51238019873342,-40.646392826465885
98.20517485699378,-40.72838230287104
96.3722039732183,-39.59263042922995
94.26958756316789,-39.131792726051074
94.9062790608237,-43.7124388344579
92.38077472042986,-42.50229995087989
92.4994785438821,-45.08189827652577
93.2477935486902,-49.9566206654932
93.28343110771102,-50.98061292386971
91.90805931234,-50.79212703942065
92.25642019308802,-52.38478469875056
92.65211617713227,-55.30406118318911
92.82191826297492,-55.47062035483226
92.63824306036791,-55.67456114604336
92.02647787851234,-55.88228922402467
90.13403224139563,-55.9118346368024
90.4540143511749,-56.45384459070746
90.26645965613683,-56.76859586777822
89.04348920479907,-57.11878663502084
88.51733828108156,-57.34089246916064
89.57359392629766,-57.72046261468905
88.12634428923758,-57.63945694922363
88.14800738483584,-57.085446045452095
86.97485864580823,-58.263469594122355
86.06214776355341,-59.15189843699349
85.8732682200003,-57.29977441855016
84.73649806569024,-58.33772196702628
86.0231670103786,-57.96354131129385
84.20046269685167,-58.1944986626899
82.42650477559522,-61.50020683694797
83.46559944630856,-63.34212612623121
84.79036043003853,-63.89106131171532
85.58556274127824,-66.55222764951748
86.06313602843554,-66.93429837378584
85.63000607818218,-67.82510671761257
87.118747884742,-72.70250134830722
87.24048859323979,-74.73928847870383
87.404382381165,-75.97901509994156
91.04262618878073,-77.0191259950809
91.13908851400069,-77.02585264566133
89.78795572710666,-79.29282044064942
90.44058571340416,-79.83337060801665
92.42731270479914,-79.33487621824356
94.70793864838197,-79.09634771202433
96.42759615607889,-78.87038560439045
96.29588191905796,-76.92908817899827
99.0423567466604,-76.52505072785938
100.6240410956988,-74.18994688842714
100.99334107148957,-74.10687592215018
101.52787480115272,-67.0386040137309
102.57363165626836,-62.4908427824408
102.73758695010302,-65.31632242856658
99.95709702200217,-63.51200256695073
99.47366809979277,-59.983893004122024
98.48320557968445,-63.37537493586534
95.63742729832987,-60.58528302168532
96.90608767957279,-63.45717104511064
94.95770031510243,-64.26003270089224
95.02731231292812,-62.043814084626746
94.64367707097692,-58.426861981333055
93.47370417102958,-59.45761577573156
93.77958966929808,-62.61665227229127
91.1960632203093,-62.14349888739589
90.27561996171832,-64.19108165231931
90.60334243280408,-69.81064150524256
90.46236266441107,-71.9853903922567
88.00567924342623,-71.3209598044794
85.12896353492452,-66.94205095607293
85.7558229774495,-65.16546384342604
85.3975683515874,-64.22668752506131
87.22879422239262,-67.94520484143335
83.8873743207039,-61.788214913388764
85.3632255606074,-60.321377565979
83.02653346386158,-58.25324204303391
83.097915778194,-58.83967817410535
84.21235449991366,-59.94041270861182
84.02743814091951,-62.10391581712216
79.68468049689227,-62.31777485426477
79.03833681146529,-61.45118349433774
77.59363519483189,-62.37862141668537
78.910632227811,-61.96461894851856
79.56606567794196,-58.99789468672009
79.27686769670964,-58.116522820380794
77.34554261832088,-56.68088841201268
78.88002661763316,-57.16839452397302
77.87835592271526,-57.14158408160202
80.2654395038719,-57.79468245418592
79.82368586145493,-58.97149897038828
79.28983343359971,-59.08954417424428
78.87771532376192,-61.788165230010925
78.29984107032095,-61.582886957193395
80.22423419351743,-61.87133291433547
80.41550355829051,-61.103094287370865
80.17531653614394,-62.30955045529236
79.00409275489231,-65.14033190761424
81.62119796824093,-64.52845305044423
81.90304574966481,-61.54291413402624
81.42116959287553,-63.22376974268502
82.59735155077644,-68.4271543945239
83.90652628612487,-72.67191939891413
82.15836282098286,-72.59813340558219
82.52347355683283,-66.3726765656157
81.51167385810074,-70.75731159186068
78.55459870517825,-74.9224898095301
80.62472259228798,-75.3555385383269
78.49533428730591,-75.5974226890885
81.17657187244879,-76.22667008711181
80.82690455083652,-73.083238346147
79.30256453606574,-75.50051266944196
80.23178502728642,-78.15613004407321
79.66559243071511,-79.63534578942432
78.52044159874826,-79.91753150437374
77.78190641403613,-77.45189110172103
78.28675104742408,-76.662367115541
78.79632999386602,-77.37900420327108
79.58200070784528,-80.66711502595072
79.57874481588783,-80.46758645936768
80.97776969005209,-79.39051345847722
79.27825173200144,-79.42063329454314
80.421669782446,-69.04031881484738
82.49990068645926,-68.30418944571419
82.89536259231241,-68.67455172323747
83.99538095569018,-67.51030531740993
81.65924945523638,-68.87038139733724
81.8947347282966,-70.08963260482818
84.29778516283372,-72.03998953448733
81.83974245415628,-70.75906825839672
80.99643880172438,-66.6933679470197
81.32111857504997,-65.27280089661552
81.08034270279335,-65.23350628869298
79.88610062552144,-65.58780297001852
80.71172178277942,-65.99329294727164
80.23214323479986,-68.2932579460931
79.36410755786162,-71.63616487055295
74.156747074523,-70.26829214113214
73.39041847807972,-67.0709275930228
73.56663212723481,-65.79964246578868
72.1712395490636,-64.83023077302178
73.67845430433383,-65.79291988562241
72.13436565737811,-68.55850302158038
73.2778012297425,-68.03461442873744
72.41442919195333,-68.30897697410313
73.99195318342518,-67.08680089055764
75.56354162649285,-64.43255725130828
77.91499588410917,-60.74444007125185
77.69793616766144,-60.50785723512768
77.6527610439207,-60.6724241123262
77.8230180912382,-60.511810435470316
76.68467711203543,-62.05629660789299
73.9013334126713,-60.75270573519141
75.48536336086067,-61.681268342209094
75.93195181251656,-60.775533798630164
77.63822457531788,-62.43038290495224
80.43653108980916,-62.68058412438311
83.17690748509231,-64.07404426896564
80.7207444812939,-63.73989880028782
80.29442304949747,-63.22466109766515
76.60079468483733,-62.8488404652187
78.65099122304065,-63.59167139674975
80.08377644076677,-63.6098451101808
77.39578589666029,-66.59377259749122
78.50834554112403,-68.52078528475464
77.62036066859757,-68.14194141342358
77.60366331826086,-68.67813824897966
78.09719850605684,-73.55880603247063
77.70472959850363,-73.58731185280958
77.99025123048648,-71.44875562773093
77.28598000356341,-77.64789572523782
78.45417759156132,-77.49362137985823
78.99106821615591,-80.10704837186023
82.30867617095193,-78.8778292173243
81.50791359340792,-80.16912798859674
78.14204273806666,-80.04434061543465
75.81383715054467,-80.85116053428054
77.71380322330745,-81.07813002125876
78.06899739958229,-80.90827229554594
77.55172094924977,-81.65637900720611
74.50394654075991,-81.3784110010188
77.04071917900143,-83.18248016279968
76.80105891022748,-83.39005208494227
77.60319023595761,-84.53706053779986
80.15187936578475,-84.40678560644646
80.0541462306987,-84.43322328842181
81.1971841980511,-83.49558142453361
82.82720082317253,-84.5809022442536
79.59692306076936,-84.1812680177112
76.5585902072831,-85.86251712150593
76.92687668008736,-85.0101281059122
80.86856646165329,-86.39356257710767
82.82922515201578,-84.83789360639796
81.49212882327522,-82.38384254528111
82.33701833355444,-82.12931480193438
83.25528552422146,-82.47787777392033
83.15475258901667,-82.876034164119
84.56010915089924,-82.55862226650902
82.74343837243454,-83.13898418827709
83.45861279065107,-83.113518066593
84.39136053148368,-82.23763541715208
84.07725612690405,-82.16568778035544
83.60681196983028,-82.71024358252494
84.51860353350907,-81.4996927007678
88.05434188127414,-81.58641596826499
88.56985642060855,-82.6313267789181
90.40000316855078,-81.35409396739405
90.64537259929081,-81.35614248164681
90.73528041097899,-81.33845390374303
92.46201640181354,-80.74171440925636
92.64851651539757,-81.08770885836846
93.2374599643559,-80.98660842376032
93.60634098599516,-80.0360282575939
91.8299228776295,-80.91453474061002
91.05714210563636,-80.39579824865368
92.67631709097509,-79.60032912785533
94.84584456310887,-79.52438901299833
95.22647537871255,-77.90638134005849
94.80577875701202,-79.92498753102089
93.79470638230374,-80.46383946325011
97.39812695743754,-80.98522065842866
97.83507282074075,-79.90645077744671
95.49288196623432,-80.53920869331519
96.89986789966756,-80.37286509755148
97.55560194620365,-80.59918380334595
96.57096029855502,-79.49160334379731
95.85799814258081,-79.31087873371207
94.8824325234505,-79.35561170353616
95.65195418497767,-76.20560773534504
95.76746742208559,-76.02275905568227
96.99163143898144,-74.39794628242919
98.0238842567488,-74.6881516268441
97.7332938813419,-77.13866508551716
98.38416676604244,-76.24317781701366
99.8725425326437,-76.54533804643073
98.15287612960134,-75.78250037454413
97.17346272803195,-76.03323277260934
95.33851513969302,-75.0358888997163
94.7682294142174,-75.95359439985658
94.76864169094492,-79.24684560099517
95.24310335955563,-75.54956296849387
94.4510830650673,-77.44075290327551
95.91422002555126,-76.18777994893479
96.63360090626408,-75.72567570445933
95.12647016991117,-74.51583823049637
93.92630038261471,-65.69835300151577
93.71128800836338,-64.98052875136555
94.57547878251783,-67.7893129821286
96.09714366995485,-70.44891332323007
95.33940505952272,-70.24127522053584
95.81443129513563,-75.94400799004295
94.59633137683863,-69.72969228850958
94.82436659035844,-75.48205484011362
94.14764009743203,-75.23287165780836
95.3506134017328,-67.81598524230444
96.80810758155027,-67.41229916786702
97.21279819301694,-69.42457988344502
96.82211237288115,-67.98999803130529
96.57567730795844,-68.23746319656524
95.25423786572972,-73.05998265167501
95.07308066940384,-77.29102788123751
96.04867206881755,-78.49847389145489
94.94719518181422,-72.95710535368242
97.14240624944117,-78.76592488479606
96.7136843766948,-78.21751194264814
97.23319338608377,-75.12163323818626
95.6237805548277,-75.33839863813662
96.21487969792561,-70.97146491623279
97.5396302703403,-66.58270684650063
100.08667454110453,-67.0227890037285
97.8933027364074,-66.5044913871487
97.67086236262413,-64.3781243310303
98.78872295468516,-63.087875041927134
97.60996537160365,-63.352389104537174
97.92263843221536,-64.00722744557092
99.72283260959955,-64.38045249096794
97.43628171565736,-67.33118114897384
97.98067873688967,-65.54827929078826
99.45972439735812,-63.88968916767514
102.05956978106035,-66.27361381348733
101.11954391190945,-65.05420597604383
102.42862109359339,-66.4919821382576
102.85231416038819,-66.2406038593328
100.1509382027869,-67.46031221402556
100.45146192132309,-71.550685462919
102.33014748891515,-77.0263512769631
102.93466663317531,-79.31273644139303
100.03890528146063,-77.86861364789678
100.20787893578894,-71.14406993168117
96.46527554196813,-71.09179732693622
94.82180500461519,-67.11617599427869
95.93377050761299,-68.49698420240532
95.74745097597777,-76.15283656660537
95.63383276927155,-72.97374152889005
95.29638832747509,-76.41441784535596
96.10639639373481,-77.84042108485465
92.06357719525121,-76.97229515343369
89.16773961112509,-76.36392620193669
89.76683182696465,-75.55357752982187
89.96400606155707,-76.99624952131872
88.67502347934162,-76.7663835808926
87.70654359878372,-76.70054859283123
89.46912899443417,-73.21150727112152
91.7844013952778,-79.0920304330993
91.1382548727473,-78.3548639853141
93.9503355055082,-73.56226529333624
90.26313204795909,-73.5064403815195
89.86671528820125,-71.00688604591605
88.69917677122939,-70.5686076610525
87.8870439909273,-72.93831738390426
85.59257005240796,-72.26924765278915
85.04448060899576,-67.99075509720943
81.86262107984122,-68.13111013192407
84.08088892245236,-69.8299102864749
85.03887091492003,-65.6600468955991
85.16733079869465,-65.56308736300267
84.77228737512395,-66.5628976500805
83.17941461217322,-63.60731743834507
82.3620223478419,-64.98142530049167
85.19342253645016,-68.10869898219353
83.03096336378815,-70.26035406693633
81.6315031908984,-72.85941066588876
82.80060696439057,-69.66719021091967
84.4800171620222,-64.56209210870007
85.0230928992343,-64.39729439578501
83.04120460037522,-62.73634135972209
83.07515896029011,-64.71513907729451
82.7144277870279,-64.05665309699069
79.85264960437652,-61.65338339318866
79.81833942407044,-60.2872138449391
83.22409854473861,-59.28466652352543
81.94855039292437,-58.557705260813435
83.58670998521728,-59.297202285406655
83.78496785407592,-58.64299731514447
85.53270305407132,-59.65161773985773
85.86941132294461,-58.27802032657263
85.33081077134034,-57.523007898276944
85.88902569920961,-58.45971863996332
87.25144632730048,-57.397767498634025
88.66610844525842,-57.90321435760611
89.36755801810887,-57.27494668066419
88.17282212660432,-57.3945283935031
87.72656668681826,-58.518931399291894
89.8672494882206,-58.374825829412195
89.57824418559012,-59.059435960185816
89.25200767080712,-56.99905762269093
88.88838702277268,-58.144263051396265
90.26000071558826,-58.39907975584932
90.3379107969942,-59.86895701735137
90.7437970518006,-60.1019585535144
91.07364761395485,-60.46308525004731
91.03856785812236,-58.95700764547105
92.72770758426634,-59.94305855179702
93.28137393428707,-60.49846003243028
94.03139667237863,-59.58174032261836
92.96963331789894,-59.803177256025144
91.3001234591213,-59.064711720206596
89.92383810981576,-61.19729227274835
90.10784533193353,-62.299734125324356
90.20665442573106,-59.80945616644461
91.67570924103197,-58.3047914539818
91.03648707605329,-57.1324401340722
89.9094644630311,-58.062223181510994
90.41777428933023,-59.62807720417547
90.12992247537615,-59.59687115455407
88.35613986957392,-61.32077674265277
85.07748754905698,-60.3050304876394
86.42636498281861,-59.97544786088716
85.65820332695488,-60.197455469606766
87.57333341636124,-57.95985489614208
88.48501143606717,-57.023453131662166
91.2052992931875,-56.50947474781033
93.49543317624236,-56.971658737594936
93.59344742077667,-58.23125857478667
94.50886135670781,-57.10777070158421
93.25775989890342,-57.485362415281614
94.17549311282733,-57.04071649397851
96.52688931311792,-56.837222834938395
94.93404899026989,-56.02546246688872
93.80237262717534,-55.54369763834239
94.47912597309175,-53.93002524691231
94.00385081384375,-52.77118753685867
92.70571227721278,-54.70316768727642
91.80543354494927,-52.08385404357459
92.12049416749996,-54.9514103510844
93.026471524739,-56.04787307073178
91.59126303414516,-56.527117317223976
91.09215702756782,-56.49204994324044
88.31999374516046,-57.03404331862784
87.55764833917995,-56.65243042575355
87.13079915563067,-56.352131590198084
86.82475587849225,-55.85865697776147
86.05729864158774,-55.85908677529179
85.47847303269063,-56.4361332541542
84.7409330946171,-56.924129387837375
85.22486357194423,-56.526667061341534
84.26756934614404,-56.52451508380183
84.59120237053398,-56.19561735829222
84.88970081185066,-55.87416935352977
83.08667823060117,-55.72277302887101
83.60768128488368,-56.262333446775784
82.73595383635713,-55.72449472718735
82.74081099966484,-55.918251341633486
84.49154329437681,-56.11700272899603
84.03503901488104,-55.71845884445874
82.90581882092661,-56.08994753452837
84.10196523550364,-56.288377394443195
83.25955014564907,-55.91719439239427
82.37956187332226,-55.68281643730487
83.7047752619227,-52.30152966939508
82.95183869645729,-50.72102193168662
82.43844125275453,-51.177668707140135
81.51922663365065,-50.67062357350421
82.97193656766984,-43.94683957746549
81.38600937325036,-45.4715657860889
82.5204441329149,-48.240214984647906
82.96410172725346,-49.24696685461723
81.37849135313424,-51.46866341241603
81.55964911284464,-54.161309186255
78.63622618155011,-53.06673397195458
77.47906851513957,-55.18648365500114
77.31499832791027,-51.39471391514513
77.83228361718095,-49.13063567209431
77.53686331363193,-46.69461207868558
79.91012823788877,-47.366626986884334
80.11229927086423,-44.25010842197555
81.21070074273068,-41.8352707472708
79.15709603550596,-40.78453752738792
80.80490976338196,-47.03439752256886
80.86948199606559,-45.72756483213553
81.59791202833904,-46.873589088749135
80.2311256390855,-44.647398747706205
79.02689327140048,-39.2895014614991
80.59838273745862,-36.187353042411694
80.3569765423692,-34.323897844375715
79.59802386477968,-34.83628714433193
77.88236953569809,-41.229979717524174
78.17102662755218,-42.53601289383294
78.04815166077906,-40.08114984891207
80.36047657114615,-38.24332864285305
80.08014673444998,-41.346425796775485
80.10252706542786,-46.07330418445343
79.12709100812047,-43.4108966565797
78.67228124006931,-39.14979516278624
78.5224579589238,-36.67165428444839
76.92676367375084,-35.7097751592604
77.42254432958916,-42.58268107303354
77.9100011282637,-40.53181391374838
76.69428880271644,-41.0669782780335
75.46759176395956,-44.24997422854084
72.35297704122966,-45.9668758000511
70.49454541632521,-44.56559634701852
70.28416769922606,-40.648464078982165
70.63487401082841,-42.54392301886516
69.37585955337478,-43.91823339470205
71.3173509379521,-43.89937317355321
71.71510823005529,-46.63162540567301
70.6000849770184,-46.01978919501006
72.55430917726103,-37.21970859135614
71.88281399830973,-33.986716776566915
71.87071497540683,-33.10286721921656
70.90290534816319,-31.268561044899048
71.16660040350405,-30.902271271637773
70.11635490705325,-29.308675477990082
72.0248320835269,-31.16649173234386
72.58651185067795,-30.10245774483976
70.832157155948,-30.159972653004385
70.19166149282789,-31.299515747910096
70.20620006570458,-34.93625238328331
69.8667764397784,-32.24127170414013
69.85273663668997,-29.228713520353942
69.82144287929955,-33.2819610305051
73.80468125054047,-28.537039165615035
74.32847058446845,-28.005015302525663
72.12139126805934,-31.303676262158874
71.91946383468249,-31.80873569149507
72.86847193606116,-33.49232310309297
71.83598851813854,-35.212758346451984
71.76711899249898,-29.635379853443258
72.14393798161724,-29.513228513756633
69.15350275584909,-30.04985647122697
70.37579742851993,-28.675118626428592
71.83111783590226,-27.86681029886028
74.74908934025608,-29.18043459364995
75.17337978511884,-27.2225412515473
73.03975592440348,-27.9748562301348
72.56258035628643,-26.223425415281707
72.91320652772475,-27.25947364580648
74.74875979925064,-26.77870585692427
74.06415549293204,-27.316465992899904
73.52602432983343,-27.417880329146012
73.52418071257777,-28.537134551190583
75.18290818724468,-28.005068503294137
74.73156263227501,-26.386665856870547
75.80619131869119,-26.23208835861993
76.03638790249543,-26.654774732081854
73.17394432893926,-28.153132511756095
74.89787004786437,-31.806276859026138
74.93593490298187,-35.688271404735
75.67589730018713,-40.60760536476917
75.2007943868935,-40.03633702686912
73.23033226531115,-43.162944860850146
70.43195353747431,-43.77532809034543
70.46379231219021,-40.74395831595121
71.64583662066264,-41.10522763154315
74.46171759240995,-44.8548092734479
72.95911747207967,-43.491968593762856
73.35772241821581,-38.48652797041583
72.64336704315237,-36.68041195249461
71.97721640938873,-36.03345717727089
71.47871031855955,-35.232020828904155
70.70359960248919,-36.79759475952051
71.26630640847982,-42.361687039989775
70.70852881028398,-44.58219840868566
70.49019103817392,-49.280486311198054
71.4530917490064,-51.06833035102029
71.83187641202205,-50.96344242245042
73.24621835569593,-45.700759506078526
73.60869287533266,-43.933755251377114
74.33051845079576,-44.86136556581317
75.51604693262861,-46.55380933853116
76.30842708974318,-47.88635985452724
76.83363380706953,-43.78957560779884
76.23625076511892,-42.90617300943222
75.12572501634571,-43.87283543186372
74.426495437241,-47.15830340443342
77.24985102249498,-48.57425298466589
78.34555874984439,-47.470699489051626
79.27378290687456,-39.674093165828914
78.76752513367381,-38.82924790383214
80.35633973654018,-36.022288332353895
81.02314143485306,-35.02085390832902
80.15074937435563,-37.87544286976547
76.94447603021855,-37.18033976523711
76.04829563696772,-41.30569450001741
76.06153084330302,-42.60621261639805
75.32737900690242,-44.02906658014563
75.70919866933775,-43.59292560838422
78.15674771635608,-45.13765427446321
75.5146278647112,-42.667996728140594
78.27169163486919,-40.09171645262369
78.10243557369435,-41.643082168871366
75.88116664979525,-41.84755639556369
77.06152251453234,-43.15911749558492
79.45837170507502,-37.897049157900916
78.70396238041012,-41.70914631748139
78.39362766323084,-47.07446396441466
77.84339628305688,-42.95400867815829
78.05377360099068,-38.48685694290623
77.65646050304706,-38.69702811364395
75.85867822273387,-39.6269704660286
76.11297512552427,-41.28207033216831
75.96025545873614,-41.112734732317215
76.1246262373345,-39.48453016603985
76.20663083647948,-38.83568922576497
76.09926002106802,-37.85270038323482
76.65818061818455,-37.72594596978721
75.59608148290299,-37.096078714651014
77.53033808476815,-33.97971913635762
78.63872972161718,-32.0915836158403
77.05102894292166,-33.88532206690951
79.110985223331,-31.899501555114803
79.30218827526812,-30.993678815072577
79.08336077067943,-35.35627147829054
78.43382300308507,-37.08619921435529
76.01691126382254,-39.71496508924869
77.54399225090307,-35.50690115356325
76.67252187202108,-35.46319396954681
75.41316419553596,-35.22635712203453
75.56562159588307,-31.828300368187076
74.62524715740821,-35.94544632465316
73.29970433651249,-35.457632769855685
71.31663186954961,-31.819040694036094
70.63728734397912,-34.53819082289294
73.63927974331642,-37.86927147369047
73.14300742034159,-38.834949953284145
72.89529639997514,-44.8397709813849
73.14300197422166,-45.058769844026074
73.85020768433942,-43.762785645257246
73.08433204654659,-43.566584923725486
72.86149917067686,-47.35841694618367
69.52594474263478,-43.01229967859539
69.4124969354609,-47.19390862733275
69.794000036767,-50.61983607996085
72.82580357260551,-48.514389338790984
72.24023291037388,-47.14752598246599
73.93349733676862,-48.743320792753394
72.92734707538371,-48.1912559355285
71.86073432114678,-41.366561230824715
73.16208646351814,-38.46973080764762
72.24384783833744,-38.47504409763575
71.1167725925773,-36.779190503613066
70.56004690664189,-33.71249610952414
71.9509788510244,-29.654612146571043
70.6811109237176,-28.78353288691766
69.37436827323562,-27.759087495328437
69.47511906163561,-26.353535324599132
68.86410642815837,-24.26715506072058
70.78132463636464,-24.230167834912407
70.46048755402623,-24.038749927054056
69.70755169465582,-23.44410700986246
67.39969995821698,-23.954828141231314
68.22937898408217,-24.785161661029104
67.5103445883109,-21.79620797724641
68.47846074439784,-21.315151782297235
70.59833903133475,-25.698969017985256
70.57267054309527,-25.030635662465112
70.80784859092469,-24.825461896987647
72.46712831286726,-20.616645296198207
74.47186419777631,-22.728900867487646
75.46702384079796,-21.18411919699753
77.98897634888533,-20.998080179962837
77.42503922255929,-19.655106486686833
76.72846323522484,-18.50278468352448
74.58027085896926,-21.256034968585684
73.24580627323978,-19.761210261305568
73.11625151376602,-14.952455925321603
72.31075608393482,-13.87854101900403
75.66414738487892,-14.056779695122849
76.83203618848347,-12.504336286227634
72.86769211576484,-12.543379768196653
72.41275533939786,-12.15379866223351
72.84585671479721,-12.06145057040503
74.0721964852778,-11.155888208304724
74.09046932640416,-9.968694717885937
75.4987215252881,-8.687393436265992
75.07246160471755,-8.59157662559409
75.32663954439366,-10.57966915765602
72.33381881843043,-10.809904198484475
72.66185649458659,-11.566601297419135
72.0691441152992,-9.913137500136699
72.33152198753984,-9.492823456223702
69.46686022687955,-6.2722991474113154
67.99545431580228,-6.200942534844789
68.07801185745444,-5.742687118150535
66.89451952796506,-6.7874283509016795
66.06275515127429,-4.761721031505122
63.09379967409263,-4.9524238245539465
63.12868185080059,-4.311553503134504
65.01013487520426,-4.80173796323827
64.10977607842507,-4.849749374491717
63.200231652058974,-4.890909084236178
63.17575313025255,-3.6698344431427303
62.62341809863554,-3.8184472669101015
63.53745145705826,-2.758743187443487
64.91117476889774,-4.547426305639876
65.29050977328033,-7.697612314273553
64.44345508735783,-7.8767147282471495
61.81175336662592,-7.413711480162187
64.72629275921405,-6.049998744639332
63.04392827581572,-4.995754511342876
64.22557348364029,-7.112523602929913
62.41015898194104,-7.262973963603891
61.75741552334817,-7.184197787323867
60.37403146599377,-7.768209757209633
56.427765928611294,-5.771325441423203
56.752543466726294,-5.285665095138928
56.02758272160607,-5.273216884069437
57.210367918331585,-4.959763105256992
60.26728472381835,-5.259852494248086
60.2024551351884,-5.5436844719858
58.20245370211447,-4.0786379561028125
58.75618457228808,-5.182002239278916
58.97795878228934,-6.984396266539363
61.05721101532455,-3.700919591986378
58.98004894928357,-5.295718035301132
57.24337590632763,-8.181156965201712
57.08608140159402,-5.9386185722811184
57.18876045173735,-3.0900604565948093
57.35448378466452,-3.744492432329681
55.68635784483697,-2.8351600713001455
56.16429738478981,-5.1807278429439645
55.783716447582165,-7.199191677362627
54.500604857440884,-8.847922261437546
54.176662512608495,-7.826754656260788
54.62070584691624,-9.260236453538067
54.00347852173722,-8.048625310611289
51.37953910535792,-9.960059002467347
52.58627310549505,-9.047126794004736
50.59858791798848,-7.935752899088378
51.23370433215663,-6.2331519588291835
53.32537771280258,-5.88248040871526
54.4589499626761,-4.962572954795736
54.851359595847185,-3.4300010128819136
56.207040128687254,-5.751082267512539
55.90489511882665,-4.113515913346214
56.98834728502919,-5.958376914876845
55.39271524591649,-5.731877276996382
53.89492307073789,-5.998024870544697
52.43983357129055,-4.188712593802302
49.98621205566545,-3.9240154993552707
48.602631573717616,-3.9366525148675415
49.04678147364038,-2.7668617190312492
47.771852732087694,-3.953132687885946
44.25773389574101,-4.756435585687806
44.79742478756016,-4.799616181303036
43.13167330400459,-5.473505595155475
44.977518505348044,-4.269303742038117
44.15956733167181,-3.6813730677729053
46.73741462161778,-3.3606231325226408
46.38431825103152,-1.5955211855400868
44.9953426809258,-2.155724713902954
47.67089780622186,-4.879198599179558
48.363876687711034,-7.660008587483046
46.12572001180389,-7.921550319939639
44.02662027719525,-7.881523814670715
41.16908209867636,-10.082235558328657
39.39004572383904,-12.02196248310975
41.409582673069906,-12.443272284487712
41.453170126922075,-12.494406080847213
40.31205396981996,-16.766777298011096
40.810348212806986,-18.79314241544186
39.11241124448191,-22.945875543570384
36.53943794983271,-21.683937050885984
37.743687001270885,-22.669584032909935
37.42711508774378,-19.971296149682697
37.28756625447705,-21.738950946327428
36.54347787049767,-23.72491703355948
35.798640587997625,-24.02861683517191
34.01843393480509,-22.773560649400526
32.3483348588219,-21.282989569160062
32.41984216095762,-14.272895429364894
35.009926096659576,-13.761827336239016
37.08216034859805,-12.11995728875776
38.14195760074903,-11.062271334972428
38.12672969875275,-11.806542791191342
38.34121507544505,-10.809750973538126
37.41375153655445,-8.056167971546898
39.21087647319501,-11.509909895472612
40.78834881068132,-12.132716420557756
41.75521660738146,-8.165052864211631
41.03527781217607,-9.012433259579371
42.14008679430321,-7.813351020193139
40.456024283947954,-8.380532177338575
42.333100655835494,-10.054315110564163
40.685793458187135,-7.817728205118724
40.001064854107085,-7.195014489210059
41.405100348411615,-8.189533456772537
44.958780180287526,-10.01903233216101
44.472186853631115,-11.193489128223623
44.05718333272451,-12.849446069142454
44.946796164611264,-11.97177783249851
46.65550469907451,-13.077311314704389
47.1872488113071,-12.979240511940628
46.63550748160512,-13.99430332160229
47.78048420578583,-13.826798396442085
46.10314157194382,-12.163485472233218
47.61545249392297,-12.721097660670653
47.7059571581138,-11.93638237183606
46.6517316322879,-12.286615785265239
45.641539151089844,-11.75759431144448
44.19882411159207,-11.591074048975024
45.96931019071066,-10.935616893365246
45.721143190608444,-11.259757556810582
46.921653736194486,-8.738380877229263
46.81341004863492,-7.863251854910079
47.15795790577381,-6.494400198439575
47.505209389023406,-5.093562610194036
46.340178708328935,-7.663241517409941
48.09979871183095,-6.972795312736638
49.96410353916897,-6.013088516116026
48.37097696180777,-5.717001716533311
46.006818741536875,-5.822842690091305
44.10879333663174,-7.909967956875056
44.79677505020593,-11.721571110337063
44.79848105659501,-13.176959083488597
46.05628196995477,-14.528495727662223
46.846388346723245,-14.656812957546952
45.749640407050514,-20.238822321249934
42.99577188384542,-15.8374237462272
42.18649895462628,-21.657986379222873
40.961520279329775,-21.146758522316137
38.6615725406526,-19.748621042830074
38.04968680161075,-20.250871343339576
37.69310776245479,-20.970011615612158
36.90607238557438,-20.7943383346557
36.70298938152025,-22.35853451334406
38.26535777665132,-24.43955226746429
34.70235318525343,-26.18354322867409
34.82112478181898,-32.661334959898106
33.64803225349524,-26.913271766416564
33.90851863641306,-33.66194525923045
32.74097479669032,-26.937090061302776
32.508343834445576,-26.130956046411075
33.244052444263495,-25.312393658034573
33.57515309639481,-26.49815119242259
33.360394798873685,-33.36041437313965
32.12284678153312,-36.31829954197227
33.450594666392334,-34.90391096636392
33.82301385694052,-35.1848994367331
33.37541027688144,-31.80549014061124
33.80328088474904,-26.6416043618072
32.45247834215182,-26.02000046515187
31.967211575624308,-26.308355291822927
30.68391345776616,-26.52942137711019
26.961377270942496,-26.94450109216001
29.375812763355288,-35.41686610481778
29.59994371232344,-27.206824104338065
29.75266804866856,-26.580879497672036
30.630955784466597,-24.48439122983614
31.912697586870664,-24.4029231623388
35.99521975456537,-26.08861373984586
35.60880407931206,-24.89585225443358
35.2101606971121,-24.011775170436117
34.480887589718954,-23.933708751287913
34.15812921960684,-24.555673929218884
34.016501853457136,-26.049870197778656
32.55041021835019,-25.207752319228142
33.02444651043184,-24.178025389854714
32.78042908972228,-26.095274578098994
33.236788916457705,-27.613972797671646
31.951928588084563,-31.79046725181341
33.93767958125589,-35.16542737136545
31.971994170022125,-38.68193625923095
28.56826572488784,-39.9151291102951
28.147497570606262,-39.51685771178087
28.601303156183338,-39.680397730960465
30.77015545732704,-40.34215718273091
31.941573168444222,-41.030246237840124
29.547783471316272,-40.20567895160484
28.234657124959046,-40.59786915405922
30.746814914667805,-40.60116207579913
28.85240572769697,-38.417956357589524
28.789108059173454,-38.15537612772903
28.27696372913093,-29.1573106981724
29.178688339355503,-27.900447947641727
28.585984187270576,-35.354065799142575
29.965139569566116,-34.400626242696084
28.22304826114321,-27.06796336070981
26.492603847277348,-26.73707357797224
24.760614350899196,-27.656602364196882
24.309548020838804,-27.088156384225076
25.285145686165034,-35.12362268387912
26.05078323748821,-37.670038593863715
24.968616815517706,-39.249874683403
27.230519640155038,-37.522163355375156
28.549117469891097,-37.30926873741823
26.67796139254923,-41.78240024151725
24.97187128834598,-39.69644765859901
23.830707183584167,-39.579378039101066
23.92314944021369,-40.94953735863718
24.547107692013302,-41.99848714853987
25.551702659571806,-41.59115165233204
26.15132987615595,-42.11681512949638
25.519053485116622,-47.812388333373754
23.55162150004273,-46.22245200207379
25.122626271535065,-44.43764644714968
24.757638112145177,-38.46165920065017
23.643314077031103,-40.48518424054558
24.43878032895879,-43.03452732088184
24.918271101110225,-43.12056428677905
26.169389902181393,-42.99329650458448
25.846985082220016,-43.85717886535184
25.871775452437642,-43.733679310821465
25.878464520039866,-43.1319708376702
23.74412386978605,-42.98936256694196
23.71768479934565,-42.27152277263986
25.044793947342665,-39.934100395050095
23.84078351525099,-40.44184057812863
21.6840913868404,-37.75445802396552
20.252607427783506,-29.686677181082242
18.76437438704469,-36.739562650705516
19.766243032398375,-30.149183986756462
23.185587229493922,-27.8668164922649
23.021438339063565,-27.241222890019237
20.75309342386226,-25.71841912701778
19.892921555423914,-25.65203525272814
20.621057219614123,-25.17429061958178
21.136326338475772,-24.085745678613854
20.287344608651697,-24.1577344781525
20.027488409364572,-26.018366277607484
18.236325670942712,-25.245303329678446
16.810928706661542,-27.12393130284803
16.683345348484508,-26.75350853861985
16.041879123549823,-25.690211589599933
16.3933551163695,-20.912000666822934
15.257262518989242,-22.438607533857866
15.034961421066384,-23.441693972111292
14.443417577814811,-20.754014019140993
13.43935056988488,-21.18174363279884
15.009627024225011,-21.793818199835925
14.046646381299531,-22.68044937085935
14.687438171087013,-20.059625085969312
15.307488420955123,-22.47170559895825
16.583223543809822,-26.286812198610246
19.511480062064592,-27.13892404942387
18.196918332462598,-27.110604913886213
15.699246051369034,-28.813713370258135
17.79390181367944,-39.81325488416638
19.012167904885477,-40.01358271985684
17.26654942038552,-43.46512829406141
17.48883990162414,-44.509794340369616
16.723725089507234,-42.755101386646
15.552317765758648,-43.514074851382055
14.33974359700194,-43.34100565591667
14.444166684306495,-42.16788170214203
11.844453624104696,-43.63756368549587
14.844879027477953,-44.73090013231766
14.41209587252638,-47.0569760734173
11.92614337503011,-47.01540324295201
11.387888470603835,-46.42235153413008
13.431166967424513,-46.93023717791671
12.027676708580444,-42.97346536261227
9.896697546283788,-46.401813889188375
10.654658977397762,-49.82161122727157
10.698315151102344,-49.735104858897
12.207650971139273,-49.04494564227607
11.96821973695857,-45.405419600377506
12.462080316883974,-45.31685456444432
11.932693701656378,-40.25888933253129
14.325094841684455,-30.993484438381017
12.882834178572628,-34.68665695868205
11.07303550161793,-28.92237037054042
12.17676364499869,-26.708528629207372
13.046622681783877,-28.40855664014619
13.04157128224508,-30.772035891296415
9.713192533996203,-26.938324750866634
10.947341645799908,-26.165719794762087
12.861563720881595,-25.873595346929793
13.44142392527187,-26.19141591610806
12.038118099175993,-24.737989131650732
12.896280356150372,-23.386959215438534
12.451734461759997,-23.82315565586824
9.658551686762756,-25.88595827983371
10.985923243336948,-26.001166351084215
14.34304885779413,-26.622909073573034
12.805112064745725,-27.52930775806774
13.125153854385838,-27.54654718342967
13.744890271266827,-27.65480579052973
13.12809761901911,-28.69620117354071
12.850245101870719,-35.09278722226251
14.048436046772931,-38.6881287847035
12.592559403744756,-37.638926053699485
12.70804299875752,-34.220257656011775
12.361163320685844,-34.90895186633299
12.863467484097713,-28.528687074920484
12.563422831283685,-28.959051957117076
12.364850934518518,-27.825492433141743
13.645849363549472,-29.509264860718886
10.951586995589423,-30.575391661391038
10.369088626047056,-36.39744338609442
8.374264192301453,-39.10979202510576
7.857882203559352,-39.52754689345839
8.175856329908521,-39.54798495607878
10.354327906817076,-42.09264397353022
10.290832542868891,-42.180191563806076
10.277953264846317,-39.39624194184357
9.637615171976073,-38.124631952397436
9.004768961948235,-39.363082504069006
7.915771958434981,-42.19712464874403
7.1507237982257,-40.90576043920712
8.287120207743298,-38.18495224017843
7.672764332634554,-31.70593669409649
7.725538098785715,-29.186322624976267
6.0483072384839955,-36.643940341253106
7.975067343272109,-39.05682636700867
6.636704847467458,-38.94535074889851
6.817924449375799,-42.83134499898847
7.448549454699981,-43.849117415361576
6.828107379856415,-47.07606705061661
6.9399544124601835,-49.629387996451
6.757186359305871,-50.455895184515555
4.368299727686515,-50.29502023481918
3.9587214769886314,-50.713343832889684
4.251868991878168,-50.59220005683859
4.6408171077244775,-50.13842520386013
4.339691476990181,-47.785802274169825
4.323552382251726,-41.24871079302331
4.189703109407806,-39.94933184155044
3.1496869616838103,-35.24696346334961
4.150970550303946,-36.85576169508339
5.662414878817763,-39.25915400606401
7.305654057711513,-42.75535838565959
7.658054043897899,-40.97523525563095
8.425530934205566,-36.63373774329675
10.615288136050486,-34.1774125875793
12.306936039632868,-34.95576038315925
12.280240155314258,-32.20761274291311
12.586357184442912,-28.880200615218126
11.349061908583707,-27.956193819199243
11.898022850288607,-33.726903819233335
14.260382310444383,-34.31513131673321
14.938682295301739,-32.08676836137877
15.866297987549904,-33.52071893850003
15.534626966840994,-37.638051871829575
16.282478061358784,-42.05033835695663
15.246730987939237,-42.344697779072234
14.556588333140503,-44.95321734317085
17.779583639757714,-49.00663003278548
18.5006349458726,-47.58146166483261
16.413393804200275,-50.19055259736224
16.937729835488867,-50.51529486464057
16.1138052585671,-53.71325702795706
14.94444382455099,-51.74343569200158
15.274094239944608,-46.89982864907745
14.126910606395548,-46.39837037768322
13.763664554421082,-46.33842615508092
13.980341087596159,-46.32923333165137
15.187187476261013,-44.785842775404404
15.241022621095158,-46.80189357460609
13.308856514538416,-45.58010343764297
14.510388598534838,-42.82911834669206
14.282822965355592,-41.58096378601333
12.829099037594895,-39.93930080090881
12.864655920976563,-40.90402757998259
12.599463271493294,-41.167309840875845
12.497888576318054,-39.46658661626023
11.674193259235567,-38.651068349724746
11.234540305021302,-38.39878158236225
11.803367794526686,-43.384983930951144
11.519287745069537,-43.320340729336976
9.819966475592361,-38.786075449136646
9.928840579155702,-35.601717052527555
9.696996155535635,-37.4139558670581
5.830457252061821,-27.779624122208606
5.632740311864031,-25.78017620746797
6.492693743508808,-25.655468415067965
5.725969745812466,-25.458126629886834
7.366614239742851,-27.053267273956017
11.222149145271699,-26.05125300261504
8.63409589015778,-25.532275456677624
8.791847882840656,-24.764449476310944
9.3121305216788,-24.591857945222316
10.237603166845185,-24.012655092821372
10.02349890089579,-25.14440819386748
10.463876487802617,-24.04722779197419
11.464590203170593,-24.15407691345152
11.71814160678682,-23.767936410397393
12.714584348701345,-23.01746792108826
10.728212951828857,-24.408969218786197
7.816497788228826,-24.057581346453276
9.08206601564996,-23.1438278302703
8.308663921572789,-24.45407311246507
7.136133785639313,-25.96768706313007
11.352022297759747,-24.535844299478327
13.213549418146531,-20.379754498671012
12.402049233722705,-18.117862688885193
13.059895607791548,-15.148983975945226
13.996769209197693,-15.137220623197834
12.517169921263198,-19.41118125967888
12.863699318349415,-18.47026881193922
13.573772209622028,-14.212351574419591
12.31928355951666,-13.28860223400301
11.136051582736421,-12.383995378735557
11.436602417561188,-11.318384205347186
12.64096589486961,-12.932859732317608
12.218936957167495,-12.880765677661678
11.839666656790195,-10.541154976913454
12.164319509916941,-12.228472605196703
12.497838745905781,-12.009895264082264
12.43875221755059,-11.096103710823435
14.687178988056155,-10.0019252496588
16.49839358218991,-11.560887552998036
16.804378114713483,-12.177650779587342
15.94683859386108,-11.32299825197485
18.215510035031524,-11.331523476352464
20.04355584104656,-10.073459323301318
19.833796273386277,-11.243750778006001
19.621839405094722,-12.672363504942009
21.267837180976464,-11.199158528199547
20.43423627299162,-10.084842770613378
20.348824881032215,-12.340302699077842
20.412467742848897,-11.851655147423662
23.119765432821886,-11.736591774868467
25.07778270483093,-11.856624716733473
24.261796543145753,-12.856673654013022
24.42597306620635,-9.983024594995033
28.240345493855482,-12.623204353212332
30.62561810124682,-13.928839347533593
27.187202863431235,-12.594367808342625
27.138075586205627,-10.636403093663322
27.050495001213676,-9.481147552933248
25.574178366611324,-10.965565408656813
24.610025130971323,-9.99739005982182
25.181665080325338,-8.103823605092996
26.111420843112974,-10.047979938273684
26.793719191646904,-13.545342046432937
25.644588164326997,-13.125722864212719
27.77225204117904,-14.661133533642623
28.953075542350337,-16.131847974788467
28.65920331179977,-12.985778266588383
29.938133463970352,-17.426928693306373
28.838481060800866,-17.42707915923841
27.775474201078264,-15.2136655057926
27.23262346060508,-17.841190384045408
23.293776330534484,-16.648446271525405
25.170342740327243,-16.441863022790454
26.52388186216156,-12.946761223733471
23.564550054680538,-12.521701867879235
21.95361282834985,-12.70088823995575
22.735145490966314,-13.736976468914245
22.85790687983424,-14.700566067497332
22.675993765967434,-13.670268095309432
20.669217554263383,-12.402361270109973
18.87481045181488,-13.88631410574325
21.114858739337038,-16.64639367032235
22.2109306726356,-14.160624105642755
22.639303934849927,-18.62833648674798
24.01877648437439,-16.536326914550006
23.255713778885596,-21.723935475146263
23.83613933517868,-24.508241678243476
24.032962991824782,-23.84399800587326
24.07568118101437,-23.942798322847707
23.17155047871624,-21.793649614065753
25.696982537170044,-23.774975424316487
25.256232575359054,-25.207288947771996
25.805566798720577,-24.673445213910206
26.116176786425477,-23.408268023149624
25.26248548379666,-20.857869700481437
26.935417894957382,-23.179578441278963
28.91482370754795,-24.59512760685796
29.934599158032032,-24.730264612293883
29.571613309203546,-24.60756758434862
30.375586891922545,-23.38803355947204
28.887959183990926,-23.062738946051287
29.845112227104607,-22.982757677371996
29.03592205110125,-17.42331675632515
27.779640389046378,-13.795903029966864
27.762003380695276,-13.807001099255329
27.809151758425035,-14.15832289486742
25.222588074731547,-13.207686963161589
24.605537590965618,-14.50000319073827
23.9867617783382,-15.4347744278919
24.485573952917754,-19.988451976500727
25.163185655620953,-22.40295663892037
25.927013176492867,-21.235478195714403
25.893581153060584,-18.409503466170484
26.789538182092713,-21.610232630963132
28.437899622705004,-23.14284985316108
28.78213359814625,-23.65830830915225
29.223549950971115,-22.554182680695327
30.51900498876846,-23.40759922057392
30.89157243665904,-23.309930455679392
32.45966320123994,-21.626972011751583
31.667179649875564,-20.19173081756019
31.70747756932393,-19.03648867286672
29.97607827152129,-16.87029346989057
30.78153388655493,-19.081343578039306
31.79648647055179,-19.604757409374503
32.66620508012961,-19.70898238152797
34.98621654519355,-18.06108181447698
35.72273817857495,-13.69953422461472
37.20176307239174,-12.408693082778559
39.11356260266358,-10.787643749989488
39.257369710208465,-8.08905308741386
39.98560821835762,-7.107497247320934
39.52256204278076,-5.001079348167588
38.017300849381556,-6.471687979267739
36.197431118566804,-7.855182224236186
34.88587801777412,-6.81266331093237
36.023318030704615,-6.525458482842133
34.98880495247594,-6.258102356644878
33.88062844756244,-5.927998783739563
35.43059711430982,-3.2613142826126875
36.00925897260999,-0.6830508940389106
35.957148762172835,2.058813287403365
33.93134774142077,3.5610118341031916
37.10319109365248,4.656221221074631
36.67849017392692,5.584161437389264
37.545350955465494,5.55983613863953
39.81703752960808,5.883375578119578
37.66859622170041,2.766409594235225
35.3027637993687,4.339691476990181
34.97359088616512,4.189703109407806
34.24643716883833,3.8812101508315537
33.67256319984536,4.225103327956553
34.236251063552054,6.635166787829971
34.597968520733474,7.738411753129503
35.69899656485216,7.4600354987538635
35.26779655918976,7.9051112920073
34.56838082344315,7.1670047425942025
36.47716521972205,6.621829783497239
37.40795450189741,3.3427711874972985
36.689308296422574,-1.796685275718064
38.074311466150554,-1.7655081651251288
36.92233847905239,-1.402844760402009
37.24713005065914,-0.3976854016730438
35.47558417822625,2.4925792225651535
35.31203021924768,4.437052884660687
35.61314338248257,6.491229033723549
35.835755318409575,5.246786407443923
35.52077985125367,4.3976308371618025
38.646630743426456,6.36548263837116
39.86179893028351,6.082881896875052
40.93369826211843,4.022817828564101
42.64384557902618,7.141329676192061
43.722901557288125,6.0483072384839955
44.746863991553845,4.323552382251726
43.41872267510926,2.248982864477439
42.0190123663828,0.0
40.98210680017863,1.5702893976946146
42.289516155605526,1.6232539190392323
42.801593139191986,0.5520802409051977
41.13778154311596,0.17085756590959766
41.637496469343496,-1.7774293176055642
40.49838630889892,-4.826032608350725
38.69956889593057,-3.845694623230517
36.51715867140548,-2.5331528283879634
38.577482039906776,-2.36138528631753
37.56382933625771,-1.5839746033693705
38.40258175147019,-3.974260602588302
39.72742092847186,-3.380886930052844
38.10156706545518,-3.193277744663917
36.896005211162716,0.5378516394920961
34.93825423212346,0.8165555684912238
35.76916506046437,-1.4165279563337294
34.788180766088416,4.091170678916689
35.64177993165455,2.41023086644379
37.00550060626745,4.629243143927075
35.41895336128383,6.748047222351476
36.55405866018891,5.632740311864031
36.62255945964507,4.087857088610094
35.92750015639035,7.796492873762355
36.69529324192184,7.816497788228826
39.184353093233526,5.13398030221511
38.49959736738124,1.4750433047369305
39.34110737371416,0.4508859259807534
38.846834815261325,-1.9530840415289752
40.23570626603056,-1.3710295633203349
41.66608583759947,-0.7797296495141985
40.63336656442131,2.1109830897228608
41.14199152125062,7.041782975293082
41.33404456277468,7.06013374177299
40.26838252617337,8.134663260036097
40.65816040621403,9.112732623238076
43.816408661664696,7.503032867554546
44.027201753021544,7.269428469901396
43.31509368500732,7.893192167936894
43.58629424637666,8.41400328996098
44.33825552972571,9.366662766047336
45.157942884913275,10.207849339812284
46.42528641459032,9.928840579155702
47.21347198642971,10.031067413777578
47.989665940641,9.247919055518313
46.414748014191034,10.463876487802617
46.30587928112987,11.292466621759784
45.33111630133087,12.850245101870719
44.47182028836207,13.049149619147535
44.75629531765942,12.402049233722705
43.55000112686793,13.320290195510475
42.85780634808063,13.303220053290792
44.84076342980941,13.805437486864971
46.69174517592254,15.193223780095629
48.93935807456227,14.541311560906063
48.876661172746054,13.178884451926645
49.65909291962261,13.320115231723394
48.906999138955975,13.3180126442616
50.1133983812404,13.14864721552134
49.48933979481755,12.784167739561042
54.087549853902644,12.497888576318054
54.93641878890131,11.961838275833346
55.20263394987265,11.370379179475947
58.43477825070091,10.615288136050486
58.40226733408523,10.575175075211389
57.517563728471174,12.046514642583833
57.18134042015498,10.691258008532802
56.646632336285776,11.464590203170593
57.469447860036716,12.153906537882476
57.786375483386486,14.229060653682257
57.56309395529632,13.494151223923883
57.689079759743514,13.308649871236387
59.26559781490794,11.95097770241395
56.744042843592815,11.773779763507312
56.09261124591092,12.786964309772575
56.36613317471433,11.667505891081415
54.30848485480526,12.497838745905781
53.38636206915547,11.874701187541298
52.444334204242885,11.590404665874402
52.87072717285512,11.210040663422527
54.23143146460038,11.659880024422081
51.518496587037184,11.895858398393488
52.14194466182333,11.575030708724775
52.31389626208769,12.136393420202534
53.30495475889766,12.0646111654442
52.615847654241456,12.267190720005814
52.86562000379382,12.863699318349415
53.38771440448176,13.299653509920292
51.107674379271764,13.395420392503429
52.76678048160295,13.184615599752293
51.777181764636296,14.445932251592055
53.83624635048273,16.24246590765241
52.487024683191024,14.879089765149187
51.991220428233326,14.567316110683473
53.85296432553376,15.141318550779788
52.7591536223211,15.728430903295346
54.02961230727902,14.637987237850645
55.92706715306779,14.260382310444383
57.3437102041627,13.44142392527187
58.99203514658795,11.639977585433664
57.30985635311518,10.962925678356621
59.901165046851055,12.443906883443802
60.66477927497925,12.61175569854992
62.317755516704,11.492850404081794
62.544406312166494,12.105446871540321
62.993604838007215,11.714338888313149
63.536300695561785,12.23374437470145
65.89569410074706,12.459650100790014
66.230975269402,12.397832605202058
68.54263728987952,11.932693701656378
70.06308692141614,12.787386975094014
68.6211790000465,11.96821973695857
68.94528429334694,12.864655920976563
67.46624491613147,13.028521122936331
69.41575477345197,11.519287745069537
67.9608872308951,11.760670296499145
68.12338665151017,11.990477083264144
70.57420169104421,12.822451931289926
70.37732162077171,12.451734461759997
71.55182121245197,13.431166967424513
72.85035810483102,14.366086785702066
74.73884027260178,15.830488005204689
72.34522602228932,16.075182830899955
70.73683890937387,16.078620092247213
69.84332160303465,16.1924695839483
69.02163423101823,16.102303231070064
67.7899889321327,15.424038619541145
66.90653796887014,15.417382449721217
67.57231373854759,13.645849363549472
68.18537561540221,13.29061989862757
69.43719731746633,13.752866488948847
69.17861343428623,15.823013987545865
69.16500065613526,16.555245086365638
68.6868765875355,17.252322806098242
70.84540640158076,17.466598814354686
69.56574123555143,17.385189972530235
67.67627151702648,16.674474379026552
65.8499267864958,17.54212425583767
67.73778692145603,16.542535495471615
67.95698276498747,14.987486827487439
68.1648920890989,15.341895925317635
67.83323498637954,15.0130357841704
69.38962001423032,15.374654209964719
70.52359728583897,15.048123792512827
70.93580128948877,13.721340957529492
70.53407118710574,14.647639600048294
71.84338514646043,14.376739632482684
73.11398545594854,14.421591282217014
74.95818311692945,13.980341087596159
74.63564406799792,14.282042913966254
75.54124409932103,13.534108509660781
75.3277386193832,13.62025324428395
73.80315781230965,13.996769209197693
72.84641723856518,13.10148023152542
72.19447270676307,13.12809761901911
72.71035092645658,12.912474280367618
71.25245900228794,12.335207016229718
69.43744464116281,12.499396966741823
71.40856192590189,12.071069390568208
71.49054986926653,11.803367794526686
71.4097430382121,12.77271274613583
71.73960065893199,13.333678247623478
70.30497133429704,14.43090967681151
70.67158787119571,16.09166584450118
70.75281606376336,15.943119624315715
72.70865320213466,13.404416024100332
74.10392186887363,14.231247050126678
73.00129255605873,12.762301033834396
70.8552880292179,12.526894677145945
70.15636261062997,12.536847280865075
69.18703503801923,12.306936039632868
70.75206630887699,12.760726234436468
73.5170468836268,11.472087211371285
74.18022845927673,11.55324795140323
73.27116412747677,11.217504053550853
73.61266194616569,10.290832542868891
74.34526780646615,10.367131742977236
72.36474410883832,9.635570533770657
71.01881619377566,3.435277971240644
70.76786834029612,9.896697546283788
71.15712735065797,10.786932276899057
69.27375792115426,9.90507904033469
71.13038727779973,9.727779288398645
72.05244228376229,10.026924470090774
72.61533909246718,9.001111112833867
73.29448086005169,10.322681982406701
74.35624117051663,10.497944124363036
74.52376594384809,10.109148385637639
76.93655782332381,9.67663211276352
75.38789911488806,10.965340104141264
77.16744595138312,11.191405258698918
77.49928732410032,11.6655999733975
75.06377720614127,12.038118099175993
75.10563333875807,12.726755364879539
74.69655158215133,12.624570500710007
74.35918990207807,12.462080316883974
74.18362994564129,12.436889078729289
74.46385630901825,12.697025657206348
71.64700614655489,14.112411391247532
70.85327972515788,14.280338731576595
72.09620613947584,15.15826135276085
69.50512592848409,14.226840363613544
69.36394941883499,13.992732523170737
70.87861823635338,14.75254659155745
73.13579758760439,16.25844202288354
71.99288889088791,16.746815562849804
72.76250796626644,18.15176192103039
71.92415514077267,17.446573706206088
72.50666272289375,18.236325670942712
73.3966482544227,17.753836856737387
73.92317155544438,18.215510035031524
73.2312198812009,19.996016247538428
73.0021967510379,18.614177289098148
74.41800904029267,17.931838761275365
74.3083382766769,17.870122680419907
74.27901783826839,19.5800384131758
76.51749207558294,19.577298460717596
75.167900983926,19.68616531838242
77.84190967627944,19.598731558521592
76.2964904125257,19.33078060868642
74.30904195953984,18.44826889486183
76.52621150893566,18.08325168911677
77.2678103225541,18.76174647053882
76.48579543291025,17.757154196713625
77.66988922681603,16.413393804200275
75.54235584022331,15.306510904827064
75.20302222311656,15.22472193119514
76.82838799966144,14.761440520312085
76.58346116466096,15.122669049974064
78.16858329596778,17.600848365300543
77.90386620402973,17.54898785815068
78.14357890876437,17.63621623813669
77.28369328005147,18.70393931307099
79.37029746729038,20.154536569496003
81.1992527153687,17.25016442395249
80.77137173989719,18.006863102137753
80.99692981424387,17.879807343412104
79.20862212750484,17.68774166822418
78.05422467972257,17.02602302373434
77.41531028261294,17.779583639757714
78.22963521366768,16.091784767292683
76.79915538607602,16.487829871735865
77.31478667419327,17.976851292268712
76.72560430399143,19.947552622068233
76.75970422887185,20.17611970717923
75.39344061988673,21.288809981067725
75.38267521629594,19.735342304271967
75.29348102968268,17.96562660042339
77.31149090875793,18.279838233494544
78.77492408373763,16.94007103977904
77.29927531329105,19.189314102169895
76.04430971220725,20.862761890405707
76.88235240908301,20.096576150663285
78.67423274034451,18.494032515377366
78.2976286703514,17.267303746111207
77.40201629689746,17.322861157938686
78.8940396612224,17.63703816886826
75.93181395685964,18.6435468026942
76.1169029313406,18.87481045181488
76.8850075514842,17.121242050138378
75.85152134644197,18.97691559967132
77.07244772144857,19.845415941385642
78.1054080083356,19.012519092555763
78.1788600571725,18.802804584430184
82.25548130959567,17.713119534339345
83.09421965985115,16.42000098761039
82.28321904187996,18.323607740656666
82.65777439545191,17.22234677044453
80.06990168209049,17.134408305710302
81.10546444832192,16.1138052585671
79.83285003524797,16.024642184621275
80.77710809490159,17.31548510537936
79.90624707309851,16.466664126596925
80.0985406935218,16.944877672790735
78.92160293567332,16.102974402124566
78.00104160442164,15.071432081973786
78.55121361366324,14.92688806852097
79.97849369538704,15.234944075690652
80.41196926332115,15.623543721323625
80.00603802360375,15.731741603383442
81.09019994624366,14.76361518805349
83.7500493971921,16.80454349802461
81.08365669907364,16.897643972338592
82.56934889057807,15.854681475056319
82.54150415735907,16.72468710723561
84.02889252267106,17.985252529796835
85.62800721515939,19.769003409230173
86.68093058679887,19.983811143821953
88.08012259602603,22.867750922317104
85.98509727238249,23.30305186249416
88.61691490425433,24.032962991824782
89.02074492229711,23.840374329180587
87.49183295512125,25.038309194954167
85.66575543973329,23.80232987304187
86.26895956330738,21.922394506597545
87.86660591369987,23.3579489602705
87.01372344073876,22.192457192051975
86.95749392505822,22.835304951124083
87.41017895342452,22.46104459492609
88.45766219969903,20.473790990399976
88.05903022782589,20.408034127817718
86.2472725700562,18.6619231173386
85.05332886266092,19.61761207252753
85.08705196239445,18.7725718780099
86.12855560118433,19.012167904885477
87.70886726986133,18.626982144593622
88.40874894183486,20.303268993381295
88.02891948308532,21.35484689109785
87.10204103260914,20.606729433624746
88.89129545775683,21.22782126233034
89.96276826325494,19.376737403674536
88.87146826724555,21.204161523738247
87.82815415350751,20.669217554263383
88.99167271517534,20.412643046496864
90.7069844846099,20.12338956423343
91.05197658993065,18.731150788096958
91.71145519828598,18.94071515308786
90.64713774429876,18.63525555949666
88.85279639367408,18.571134394792352
88.81323190797424,19.176511613346324
90.79939020505161,19.252894076345147
89.86761740532538,18.335156196154855
90.60344755886089,20.464878282419598
89.3472014654982,21.077256617090324
91.57586539239078,20.901523484248756
91.52699904550279,22.00102780971375
90.67173140105089,19.987485178797378
88.95974055142966,21.657550047611217
89.05658299244715,23.38050278703694
91.01389537419314,23.316164330002955
91.18083548948779,24.287103391591028
91.4691118920603,23.826505131672906
91.09817624931395,26.145046205318277
90.25523773775193,24.66079312203178
90.2215119966529,25.40673222781391
90.04935688868652,26.17098613860569
87.20875791852025,25.07778270483093
84.44066473860737,24.378418566272373
83.15020433212585,26.316474102691924
80.96250977880588,25.904302710725208
82.45767986681943,27.635808184153845
82.43365031385804,28.676504753906364
80.88099698237166,28.549117469891097
82.3718869689911,29.923917790855338
83.38522792355703,27.814084343853715
83.39832529877253,27.013547005339085
84.92275384448536,24.31971603973384
84.70110454371276,24.73046277214787
83.08323387894238,25.583505652656807
79.84424312013155,23.076174625034646
81.06309998421912,23.000615051687543
80.85771776264605,25.37560255593081
80.82468570894589,27.93811393634836
80.32345834778222,26.76839526812646
78.55742967512317,25.762527818499525
78.97526946257365,25.675360494808096
76.64010812263174,24.225050428246224
76.97648772778703,25.213637446099895
79.1383507926035,25.896185403818862
81.00592887270109,24.864398501597883
82.67599253588558,23.55162150004273
82.8530991815775,24.585943500580274
82.23831611683028,22.69970623063471
80.54506366033074,21.610373655924533
79.19501592167259,20.634284692815786
77.72630637088038,19.93737243219648
76.47965009144679,19.803179819118515
73.90310804766078,18.11489805997166
72.23286122991556,16.583223543809822
71.89489257831876,16.682401250005416
68.5497632901861,16.95383692489579
71.25288439607243,16.996384488339775
70.52524895513005,18.054243199495012
71.37396388042815,21.117404682858602
71.94402353726862,19.622034734776697
70.99186843462847,20.441557996587395
71.00041975332185,20.90366078509054
69.69558919968492,19.139082795689138
68.13666450035714,19.300371900204023
67.3104877504245,21.46107510618508
67.12129428265143,20.36757360008214
66.2408680041987,19.85974845491646
68.20372661650507,19.999287981230882
70.36870394905098,22.82951549881847
69.69615226773823,21.430310629734844
69.53520324570079,21.647224125139644
68.77026740171306,22.821367394581202
70.1075416622695,23.84078351525099
68.5554536336784,23.29069911393042
67.91849868164996,21.937642628836414
66.87857646474907,22.27172038087941
67.19968728828934,23.508710895982723
67.28128878341397,24.9407642674192
66.61512596536384,25.285145686165034
67.91614900547687,22.850601586168974
67.37614045726929,22.92389662028016
67.64696463734782,22.54976275816515
66.73571954408169,22.2178876644208
68.55244755576108,23.680124314665242
69.79847617089969,25.749035482082864
72.23487659151598,26.037248331592355
73.22615712376316,26.37889415697705
73.18190580088185,25.53070484640864
72.40339741670154,25.48925176864218
72.96369633887207,25.38839527011408
71.28375213976092,23.606266479307404
72.03859922695773,24.166285938721696
71.2183601421752,24.245974042251184
71.67232884419637,24.56747914605668
71.67265567451756,25.696982537170044
70.91996791902733,25.044793947342665
72.22174960822943,24.00184605695262
70.60235958547919,25.57414536192386
72.40816271395192,26.961377270942496
72.68422038154014,26.295078797123555
72.62761547313889,26.93325052302381
74.29821537424472,25.893581153060584
73.21811316915762,25.67375269774713
74.03644819361524,25.907987637343318
72.3938980382829,26.113310737503284
71.49484417875625,27.784962226077113
72.56812997283497,28.21328700154941
74.07354765413494,28.278543787268518
73.80085594216908,27.199204679876235
73.17140217309645,25.029860789381917
71.36724988426604,25.26248548379666
70.80358328040843,25.805566798720577
69.80383228084149,25.75305137534465
71.02953019562534,26.249464164183383
73.75914867664619,27.395154966568484
74.55642155198638,28.65920331179977
74.95125540675194,30.266980782256564
75.98176745392564,32.11158890967743
74.37305265145862,30.687836466770758
72.93544439110072,32.56688278787303
72.01829345881255,33.359994620480954
74.00798453374037,31.455030624226662
72.68664743501081,30.78676419384384
72.46846942857837,30.83370225644151
71.71807988369936,30.354676612307586
74.08464525407177,30.98669771111105
73.68676701713714,30.62561810124682
73.96654982036459,31.967211575624308
71.70802999391456,32.46597356377119
74.42474402952871,33.31606403707671
72.7711831724825,35.009926096659576
73.13562466732158,37.40943244333505
72.9326449256607,38.44751918403207
74.1083703871721,37.21598915814309
72.18846445354525,36.2394848531529
73.76927926374734,37.43124167500957
73.20855269187186,36.812396398320885
73.23926452549863,36.83224702762456
73.44872047352587,36.101532233344905
73.84159148317674,36.567527563856416
73.19462558905232,37.28756625447705
74.04979428689857,35.75224781567604
75.80074399552943,36.802494074209406
74.3732065584247,37.19542879624716
76.1755351424287,36.91856884361468
75.00269677461311,35.474430668407706
73.47605764997269,35.3027637993687
73.52286675011516,34.20095156379368
73.66847579371422,33.709972919560585
75.55078270644778,32.56985775471864
73.68247770031024,33.41644075843979
72.01313479103372,35.56775434562699
72.68242947945156,35.07993701606325
70.52679410265019,35.065363036900244
71.28929226668882,34.17703897159806
70.39585694810366,33.40898432858894
71.3467858798416,34.96472399394512
72.25364110866477,35.14579164107174
74.42179139393859,33.993525501476974
75.08230981525469,35.653675094132744
74.33245118973902,35.680214887265784
74.61173263674272,36.537274524580525
