file,tau,m,mD,mL,mEN,mTT
mg1_j123931+0443_lc_liner.csv,12,6,0.7351527929972334,5.997585450350428,1.8337985804597925,8.201580112045752
