file,tau,m,mD,mL,mEN,mTT,mLAM
s4_1030+61_lc_liner.csv,5,4,0.8113149424322694,5.881005675790718,1.9948050129556143,7.634879792888365,0.8108857250850448
