file,tau,m,mD,mL,mEN,mTT
3c279_lc_liner.csv,3,6,0.8172480034614236,7.432177758382332,1.5172083362747382,10.640443601696013
