file,tau,m_use,mD,mL,mEN
b2_1846+32a_lc_liner.csv,11,5,0.9613412018397625,12.691567516077304,2.8279329115578298
