file,tau,m,mD,mL,mEN,mTT,mLAM
ox169_lc_liner.csv,2,4,0.5142349614604003,5.221077207076135,2.1194990826087716,4.946239890181085,0.6067576791808874
