file,tau,m,mD,mL,mEN,mTT
cta102_lc_liner.csv,10,5,0.9122575567052783,9.555209713398185,2.426955675276478,14.603821151977929
