file,tau,m,mD,mL,mEN,mTT
4c+21.35_lc_liner.csv,13,8,0.8478913660343471,7.28562933644047,2.0413473290094033,10.531119664586317
