file,tau,m,mD,mL,mEN,mTT,mLAM
pks0528+134_lc_liner.csv,4,4,0.9510356494908768,16.640240064187854,2.820189022016319,17.41249964390271,0.9877529286474973
