file,tau,m_use,mD,mL,mEN
3c273_lc_liner.csv,8,5,0.813030493281737,6.851768961124653,1.8935843955788427
