file,tau,m,mD,mL,mEN,mTT,mLAM
pks0208-512_lc_liner.csv,29,5,0.4736887134510964,2.886634327815659,1.123707159708088,3.83593014743369,0.4686208192408869
