file,tau,m,mD,mL,mEN,mTT,mLAM
s5_2007+77_lc_liner.csv,6,5,0.9205335306537281,9.494035593917229,2.4908763697030247,11.042548081660343,0.9396052631578947
