file,tau,m,mD,mL,mEN,mTT
pks1346-112_lc_liner.csv,9,3,0.968427728414391,17.85849618297859,3.3360961842007377,17.809331380325677
