file,tau,m,mD,mL,mEN,mTT
b2_1846+32B_lc_liner.csv,34,4,0.8877991921452623,5.544972175871304,2.170906729533128,7.6124031430492165
