rate,pattern,MSE
rate_10,pattern_1,0.2014371161101006
rate_30,pattern_1,0.2078658372099313
rate_50,pattern_1,0.2055889694899163
rate_70,pattern_1,0.2031912780478229
rate_10,pattern_2,0.2003008456252546
rate_30,pattern_2,0.1938299781204735
rate_50,pattern_2,0.1932431525867147
rate_70,pattern_2,0.1921505688229424
rate_10,pattern_3,0.2338981417030333
rate_30,pattern_3,0.2190061513621947
rate_50,pattern_3,0.2235062121611833
rate_70,pattern_3,0.2273470639367873
