rate,pattern,MSE
rate_10,pattern_1,1.7408381129902637
rate_30,pattern_1,1.6887488573709646
rate_50,pattern_1,1.707496713610158
rate_70,pattern_1,1.6866753560152723
rate_10,pattern_2,1.8688672228049563
rate_30,pattern_2,1.7793007282110616
rate_50,pattern_2,1.7503217335157246
rate_70,pattern_2,1.681205426998862
rate_10,pattern_3,1.593841695506211
rate_30,pattern_3,1.624793650559133
rate_50,pattern_3,1.660458918446405
rate_70,pattern_3,1.713379843892808
