file,tau,m,mD,mL,mEN,mTT
pks2149-306_lc_liner.csv,4,4,0.8910056670744213,9.000201561438542,2.361498453072494,11.997437820882013
