file,tau,m,mD,mL,mEN,mTT,mLAM
pks1004-217_lc_liner.csv,20,5,0.9634673398064212,12.649178280930688,2.739557747287903,16.837279539290844,0.9540921919096895
