file,tau,m_use,mD,mL,mEN
lorenz.csv,5,2,0.9961678121785962,33.651807698282,3.7900867189265646
