rate,pattern,MSE
rate_10,pattern_1,3.8721421782839363
rate_10,pattern_2,4.224526204862571
rate_10,pattern_3,3.669474335924895
rate_30,pattern_1,4.126555875217347
rate_30,pattern_2,4.58365942151421
rate_30,pattern_3,3.932848034127778
rate_50,pattern_1,4.3361247861190195
rate_50,pattern_2,4.937861773961762
rate_50,pattern_3,4.0845720192664565
rate_70,pattern_1,5.133521531479741
rate_70,pattern_2,5.482379372255578
rate_70,pattern_3,4.893918130278227
