rate,pattern,MSE
rate_10,pattern_1,0.2014371161101006
rate_10,pattern_2,0.20030084562525463
rate_10,pattern_3,0.23389814170303333
rate_30,pattern_1,0.20786583720993138
rate_30,pattern_2,0.19382997812047353
rate_30,pattern_3,0.21900615136219476
rate_50,pattern_1,0.2055889694899163
rate_50,pattern_2,0.19324315258671473
rate_50,pattern_3,0.2235062121611833
rate_70,pattern_1,0.2031912780478229
rate_70,pattern_2,0.1921505688229424
rate_70,pattern_3,0.22734706393678736
