file,tau,m,mD,mL,mEN,mTT
mrc_1036-529_lc_liner.csv,11,4,0.977550029991445,32.08964084649069,3.3390195009579977,39.005894755415184
