file,tau,m,mD,mL,mEN,mTT,mLAM
1ES2322-409_lc_liner.csv,11,4,0.9391168527801226,10.186522941611688,2.6612187977674786,12.508098397248627,0.9030569160614761
