file,tau,m,mD,mL,mEN,mTT
pks0514-459_lc_liner.csv,11,4,0.9193991666880162,9.284419759384551,2.7507988041141114,9.857428901310186
