file,tau,m,mD,mL,mEN,mTT
pks0537-286_lc_liner.csv,7,5,0.9250034671307379,6.426170729174049,2.2842766693708043,8.476820297432194
