file,tau,m,mD,mL,mEN,mTT
s4_0954+65_lc_liner.csv,3,5,0.8740785290158464,6.948405525155948,1.8145083054164437,9.724512282304355
