file,tau,m,mD,mL,mEN,mTT,mLAM
pks2123-463_lc_liner.csv,5,4,0.9878790657501131,32.54304748923597,3.4004232393146943,34.98639009554078,0.9897492625368731
