file,tau,m,mD,mL,mEN,mTT,mLAM
s4_1144+40_lc_liner.csv,16,5,0.6781100553823156,4.181960016703858,1.7824692455378088,5.492441921793873,0.7776637842591235
