file,tau,m,mD,mL,mEN,mTT,mLAM
pks_b1622-297_lc_liner.csv,7,4,0.9198299489604664,9.882346957070297,2.571790308489569,11.685623285759103,0.9334039548022599
