file,tau,m,mD,mL,mEN,mTT,mLAM
b3_0650+453_lc_liner.csv,6,4,0.9911400052330863,27.000069420790616,3.3932371105213184,37.35065282557333,0.9872909698996656
