input,iaaft
0.0,-24.356401306692224
1.385365404932953,-25.461981953059432
3.7773119887309328,-24.764449476310944
4.262789608470702,-24.66814929065046
5.211518375527408,-24.15679770887345
4.4061781453185525,-21.315151782297235
7.572278138388661,-22.462584355540375
7.680149201507955,-23.062738946051287
9.862917211760648,-22.68044937085935
7.141329676192061,-21.814574130685614
8.778362827397462,-22.34988573754285
8.190903515564685,-18.298854695516415
6.379007354613001,-15.8374237462272
5.274653364798741,-21.77874067073292
3.6085762361414595,-21.793649614065753
1.981583436417834,-22.47170559895825
1.4750433047369305,-24.27219131406294
1.1141456859470449,-24.776411440666305
-0.3104167326114333,-26.18354322867409
1.4520103765227668,-27.073470154726287
0.8345734496055113,-26.165719794762087
1.082453926288773,-26.708528629207372
-0.5276820758840104,-25.309139806591233
-3.814258315680819,-25.78017620746797
-3.9644171972294844,-26.44328506343958
-3.181933485456393,-25.836060594139933
-3.6230398623048843,-27.241222890019237
-2.110718425930548,-25.207752319228142
-3.5440199333585154,-25.690211589599933
-1.3441782028285947,-26.6416043618072
-0.2384399842600955,-26.78074935887948
0.1306355560444351,-26.19141591610806
0.22341884285858568,-26.049870197778656
0.1112137434301484,-26.52942137711019
0.5713429696761417,-26.59360536974781
0.9712445997187487,-28.92237037054042
1.9920921369686226,-29.654612146571043
1.5702893976946146,-32.78130639585371
1.742602037075178,-29.082214719357765
1.9825600850543,-26.354959885879833
2.6846567093591167,-29.69116439856412
4.44187299928095,-29.40093135469666
5.915493316767643,-29.1573106981724
7.917023052826827,-28.40855664014619
8.40129612451765,-27.417880329146012
10.036115664556545,-26.353535324599132
10.916959559057654,-27.316465992899904
11.089742047722888,-27.630777646765395
12.305176938071757,-26.02000046515187
11.990477083264144,-24.057581346453276
9.247919055518313,-23.774975424316487
9.775151346388203,-24.178025389854714
8.9801026836358,-24.825461896987647
10.373180204108293,-25.458126629886834
10.575175075211389,-27.9748562301348
9.993710865090435,-27.779624122208606
9.226952756054581,-27.053267273956017
8.152085405606895,-25.245303329678446
9.782491312202513,-25.17429061958178
12.312695185086879,-25.25873160564673
12.95719861392141,-26.130956046411075
14.541311560906063,-30.149183986756462
15.584206652899852,-29.096178571289066
12.697025657206348,-28.994789484129697
11.566175942778393,-31.10057601164834
10.00910562850186,-31.828300368187076
10.525654420935751,-32.298829857332194
10.73550514447979,-34.75401910587226
8.68986225866458,-36.187353042411694
9.367548706329472,-35.723226623045484
11.4856405577827,-37.04675299828185
11.405035078702005,-36.10149026351527
12.160524600991238,-33.2819610305051
11.38094798041523,-29.18043459364995
11.940371352450471,-29.228713520353942
11.20535987078298,-28.005068503294137
10.374147958202025,-32.0915836158403
12.43267891246409,-31.048015903346027
12.808535466409733,-28.55251303784112
10.367131742977236,-27.665598359054343
10.306749475449239,-27.65480579052973
12.167239490075131,-27.613972797671646
14.541394811768761,-26.77870585692427
15.828005747920086,-29.186322624976267
17.235590170671088,-32.08676836137877
16.74693795557076,-31.80549014061124
17.413953576808286,-30.902271271637773
18.03239788740361,-28.153132511756095
16.674474379026552,-26.580879497672036
17.757154196713625,-25.532275456677624
17.348320201784347,-24.230167834912407
18.207717973602172,-22.945875543570384
17.279355756103666,-24.508241678243476
18.169503245432335,-23.29000427412596
18.00843678246589,-24.76396051534912
18.802804584430184,-25.387472115253647
17.797865688599142,-28.321179166072103
18.84845745745426,-28.675118626428592
20.00753395090217,-33.88025115171696
20.899898188722013,-35.7097751592604
18.97691559967132,-34.6544262194236
20.10079198487407,-32.67922718421973
20.93830746845528,-33.27486615075267
22.02452892485715,-34.29198350537277
23.035353041446985,-33.24127983181783
20.936768445113557,-30.8366952635901
22.656394619716004,-28.537293936433578
23.680124314665242,-26.467833182701913
23.431501323956148,-27.047260771940707
23.846539054015988,-27.86681029886028
22.906499595083762,-27.610328068767465
21.521834040665457,-26.095274578098994
19.801135159454834,-27.088156384225076
22.39881438034274,-25.873595346929793
23.63541137780542,-26.167377154794487
24.980779631350096,-27.06796336070981
25.314580076376043,-26.622468814106693
25.464600372308947,-28.537134551190583
26.266459367565815,-34.53819082289294
26.477767562996423,-35.46319396954681
26.927615254042028,-37.897049157900916
26.07343486331258,-39.249874683403
27.582472399091,-38.44436988071961
28.259493029186373,-38.834949953284145
28.882545321056824,-39.52754689345839
29.505597612927275,-38.651068349724746
30.128649904797726,-38.3523584816688
30.751702196668177,-36.47975390398505
31.374754488538628,-36.03345717727089
31.99780678040908,-39.14979516278624
32.62085907227953,-36.88420860592997
33.24391136414998,-36.022288332353895
33.86696365602043,-36.85576169508339
34.49001594789088,-36.84536286178886
35.11306823976133,-38.6881287847035
37.64510717718376,-39.29460918177799
37.65883459147431,-36.59204389504839
37.61195358442388,-35.020641367544
38.05806381720249,-32.661334959898106
39.177940287918666,-32.01779267661994
37.37510899673358,-32.05599556015602
34.09819195185448,-30.513374924963756
32.91475223132332,-24.756586751324377
34.997836711783954,-25.42158715585155
35.26216832728868,-24.22604466875614
35.5264999427934,-24.325830930585635
35.79083155829812,-25.030635662465112
36.055163173802846,-24.555673929218884
36.31949478930757,-25.076435997536027
36.5838264048123,-25.207288947771996
36.84815802031702,-24.15407691345152
37.112489635821746,-23.12755580165365
37.37682125132647,-23.01746792108826
37.64115286683119,-24.024684897065892
37.905484482335915,-23.408268023149624
37.65363260952553,-24.051191549589323
37.70840719077736,-24.59512760685796
35.400784019244455,-23.82315565586824
36.83224702762456,-22.669584032909935
36.9986053251655,-21.793818199835925
37.606339474151504,-18.62639487332548
38.41697319094081,-15.746363010408015
40.28348835772421,-17.201173294965123
39.53602886864789,-15.972273330502816
36.00572006422812,-13.736976468914245
35.90942496050263,-14.50000319073827
35.31362653206067,-16.536326914550006
36.13044990006762,-14.645668703151165
36.07894579922222,-13.853245150682715
36.78556156611379,-12.556290936901913
36.7772865530752,-11.864929038764284
36.31603810255537,-11.61373608663207
35.327701747605275,-11.856624716733473
35.791255302271686,-11.93626044674705
35.368639280499956,-12.827004516888135
34.6055396104063,-12.823816276851332
31.947727643447607,-12.721097660670653
33.709972919560585,-12.06145057040503
32.83471198203554,-11.64288576145732
32.76096481562464,-10.43899742630817
33.487427797245914,-11.459016719062246
33.02372876449502,-12.504336286227634
34.916183526919184,-13.245091865639303
34.49349500530377,-13.283000449496765
35.00320611782072,-12.775918479000163
33.714126283565314,-12.979240511940628
34.30875666920742,-12.672363504942009
28.861649628555597,-12.946761223733471
31.389481758565744,-12.91520582849714
33.162044618336914,-13.638402656024113
32.97621795137132,-13.638724347166702
33.017363574033155,-17.150658541603615
34.09387769368062,-17.750585296629822
35.68882294068372,-18.587040734686234
35.970568109153525,-22.397530789094837
34.79962603115854,-19.288944454185174
33.95278962146973,-20.408057710841575
34.69243666399076,-15.512361000610873
34.65395783200144,-16.556204269535414
35.596165382536725,-21.101950745916895
35.42316145929156,-20.857869700481437
36.244109890679454,-22.772649748834006
35.574734195832505,-23.55391282777524
36.062275007030905,-23.38803355947204
37.28394653763401,-23.70371423341875
37.47047120012098,-26.27005691313563
35.65130654051181,-32.60777382790409
35.99611989589586,-28.517582393421694
33.52042811888191,-29.92381163789685
33.18522693525326,-26.018366277607484
33.29799123160961,-27.54654718342967
36.55073659341095,-26.223425415281707
36.44341165535033,-24.43955226746429
35.70309449843563,-23.65830830915225
34.67223867617447,-24.591857945222316
35.89207102311079,-23.666206678701847
33.87256747593471,-25.356181670909
36.14019941614584,-25.983704276044307
35.51171456899725,-26.937090061302776
34.14584467017705,-24.12136942099051
33.77090061769436,-24.531134152004334
32.86550572808536,-24.32427917235794
32.21777602605062,-23.40759922057392
33.76640022207636,-23.72491703355948
34.17703897159806,-22.982757677371996
33.092461850075104,-22.275567947390094
33.93108650657567,-21.64051625209257
34.77865297038007,-22.792470830700726
33.259794904261476,-24.04722779197419
33.73953836650711,-23.990624046423548
33.47249803830474,-23.309930455679392
34.236789724561056,-21.04370639301384
35.988204148250794,-22.898042343338656
34.6019247892519,-22.240052969429644
33.628467648490705,-22.34464671455924
33.97039718418939,-21.723935475146263
34.883892274993286,-21.657986379222873
35.07457154224697,-21.57746726993804
35.474430668407706,-23.112922993800957
34.863938323557335,-23.81064198257545
34.766579036724224,-23.10120383102247
32.596236664074844,-22.630428142645524
31.311308355500334,-22.246071051925988
31.33294095889246,-23.1438278302703
29.462798388968018,-24.535844299478327
28.280645047394632,-22.209624904152044
27.830696045110255,-20.717116236440436
28.280046083280673,-20.556658185338385
29.95722092839653,-21.535294613033255
30.687836466770758,-19.904747952042033
31.38792506485546,-18.927044177629416
30.36679924075186,-20.149836558536972
31.838522616133496,-19.03648867286672
30.9926067644162,-21.11077124395168
31.861963265330107,-22.86161932004744
33.069092372966985,-21.45420868255217
33.479514480238116,-20.831611052460588
35.98590674019441,-22.100113106552385
37.316793675519236,-22.133065939968347
37.44543830519358,-22.060090323636445
37.21598915814309,-22.08363366547674
37.19542879624716,-21.612612084195728
39.26715771051059,-21.256034968585684
38.6481138094377,-19.748621042830074
40.52110050380436,-19.649624058923063
40.613761443283835,-19.921712498154836
39.4038618267651,-17.934441477103487
39.13110967227991,-19.66725499501816
39.52019791752022,-16.441863022790454
36.92761702310914,-13.074904888325346
36.17204827164616,-11.150811764515801
39.38152869968199,-11.448824995189687
41.34728648262358,-10.775022820149301
40.189003679980964,-11.613208319993825
41.672406153807444,-12.25340452834301
44.15211800627792,-11.468888505699095
43.788120650405624,-11.466038808757771
40.932083840953375,-12.693050897071323
41.12005913730399,-12.745393451896165
40.91819931659583,-14.43134828674961
42.862558257492175,-17.273481328084163
43.24218694980911,-16.43116794169667
43.41590503662917,-19.604757409374503
43.217795316661295,-20.284960678194984
43.29472238994155,-19.94411037883212
41.966411607616266,-20.7943383346557
40.948163445243495,-18.031029156455727
42.39089785450839,-17.841190384045408
40.34131042677128,-14.952455925321603
41.20716368429108,-13.482333997123453
40.62020428209042,-11.591074048975024
43.066690650923135,-11.128266127844292
44.112192391451664,-13.459192000565855
42.867940937622365,-10.739354411860637
43.51556605181284,-9.941486164294428
42.413144107169956,-10.229354546972536
42.832173437327626,-9.966991370166994
43.92784579088664,-9.904829522872948
42.34148346987881,-10.46285641613288
42.65157984781085,-9.698588567658735
44.76153140393958,-7.921550319939639
41.85044841306081,-9.410294662788996
40.43821282820725,-9.688912865753105
43.65347851675962,-9.7802341205142
40.85768185795118,-9.960630278329544
41.38264915567384,-11.522197070177695
41.82187577893701,-11.710925557084128
42.78628951997713,-10.243741144166652
41.826827980155485,-9.808534030923104
43.73856547965186,-10.01903233216101
42.92845552219568,-9.137159282163525
42.682286406246654,-10.535878004449208
44.901066559833296,-11.02013910402387
46.403983880514716,-10.539647690478017
45.98862866526953,-10.800716428470023
45.44491864061549,-9.852189535489535
45.626015500067446,-9.256429723727862
47.207638633800634,-9.368011906557786
45.19892453978259,-9.529615461384154
43.80914029179513,-9.351038041538384
44.888236828689415,-8.347942928458458
46.14211188585972,-7.618579315630484
45.88597444166051,-7.087169295530587
45.702322043908225,-7.0416978385155815
44.81494005593171,-6.102316018433903
46.400483929084025,-6.7437505948559
45.452572086554895,-6.61194709208702
46.1703249935805,-6.90735349996835
42.71589451547009,-7.199191677362627
44.88744557695281,-7.194402175013445
46.152634932957056,-7.162826925609587
44.405751336245814,-7.6740755555689235
43.94835814076448,-8.668188272952596
45.05916242060047,-9.763255651573605
45.76159922985865,-10.399740471251246
46.4541694924665,-10.446115250760077
45.94464165311092,-11.11988751466415
46.39079091518432,-11.2182772492747
44.311516768788515,-13.521022870273288
40.3165993768832,-17.160976393956904
40.711582719829345,-18.19720747736041
42.65697463903101,-19.655106486686833
44.08921218751914,-20.912000666822934
44.44596743914311,-22.55604917533363
43.43473014868075,-23.35278436525405
43.84887464867682,-22.773560649400526
42.2328326987927,-22.876294314833167
42.9719195613529,-21.582538384116454
42.401467978799786,-22.610531729340302
45.026060108628364,-22.229900256815167
45.932383393664836,-19.971296149682697
47.92643769732724,-20.26723604916248
45.382270996420054,-20.919850526729352
46.07465520022749,-21.14099571215431
45.07736691569504,-20.238822321249934
42.72024435408396,-18.86686331603503
43.3189732550283,-20.71713102927717
44.420609367991446,-18.599338680455897
44.306026724865454,-21.53086442634268
46.04584693047727,-20.74915359429643
47.28294624266768,-20.895121966451924
47.02071295130606,-18.051345329863363
46.883292589612985,-19.70139972439959
48.02279142334045,-18.20946157523207
48.06953103632939,-20.266487328251117
47.807113473817665,-21.588922340893838
47.79455325240027,-22.60308327172944
46.084032922181244,-22.554182680695327
46.040367194918105,-21.649666831053096
46.92058820221636,-20.870239497561126
48.0640756090633,-22.208847942523217
49.857050374834415,-21.626972011751583
51.782086371733115,-22.275083486986457
51.94200728774618,-22.113447535308822
52.59265338055714,-22.260291197290005
51.59707528264523,-22.35853451334406
51.545118451838555,-23.03705909372571
52.364156797068944,-23.708459303881387
51.416755563060434,-24.085745678613854
50.697029591402206,-22.33368666394239
51.268501872349844,-22.438607533857866
52.496656498412456,-24.038749927054056
54.23610465860272,-24.005691201864487
53.27595220967748,-23.184957670469686
53.020238167752964,-23.561066883276418
53.2264878302763,-22.669439335186773
54.61432318099559,-21.155436365784848
54.66149480719084,-22.40295663892037
56.4011488350555,-22.993098746986742
57.20553565892162,-23.933708751287913
54.78767624905457,-23.88423202850712
54.0012780822879,-25.14440819386748
56.68925029315031,-28.238544657703127
55.66344213969214,-25.644293782863755
57.14333376707239,-27.956193819199243
58.189174050408546,-24.80261280402229
58.30776074128019,-26.73707357797224
57.403704561453154,-29.98116599229543
57.74312900173002,-31.557287725499556
57.719877788078065,-26.938324750866634
57.440227016645466,-26.892585732067868
57.96979246264117,-24.02861683517191
60.84390727329838,-24.45407311246507
60.17606529628806,-24.71845715922409
60.492243824277104,-25.623637355613486
59.45355013692262,-31.79046725181341
58.06718189137869,-30.04985647122697
58.63130832583417,-25.312393658034573
59.690550407555314,-28.537039165615035
59.509159211154035,-27.8668164922649
58.183038568936425,-27.759087495328437
56.857024874412424,-27.25947364580648
54.611329042999955,-29.635379853443258
55.23863251013114,-30.575391661391038
53.32823283954208,-30.159972653004385
53.27535362308155,-31.16649173234386
53.29373616397196,-32.24127170414013
54.25633919000088,-33.88532206690951
56.33033195663767,-33.82081791306029
56.25161086511401,-31.846022502165688
54.366671696502976,-34.90895186633299
54.14107065750521,-35.47105086273229
55.34814815697386,-33.986716776566915
55.087744329933706,-33.726903819233335
55.02378720387745,-31.819040694036094
55.99537347849643,-27.37977541738144
55.89017985318892,-25.71841912701778
55.08142763858285,-24.737989131650732
52.404144616328416,-23.496859253772357
52.251349195841065,-23.441693972111292
52.09855377535371,-26.05125300261504
51.945758354866356,-29.513228513756633
51.792962934379005,-26.622909073573034
51.64016751389165,-32.55029564098885
51.487372093404296,-34.31513131673321
51.33457667291694,-33.380150240119
51.18178125242959,-27.2225412515473
51.02898583194224,-25.60649672446071
50.87619041145488,-24.96296624590325
50.72339499096753,-23.579677158222434
52.87578390613708,-21.028887824305126
53.56255028979235,-19.809772522918237
55.585871191352346,-22.640401146119213
53.38128370042794,-23.44410700986246
52.83587201891481,-25.216674910227493
52.51231400983525,-27.656602364196882
51.73783130470585,-31.356358169020158
51.98230188133678,-34.564145581453005
51.67420990558673,-32.880598304677214
52.59889029397659,-33.02317832601394
55.0324271250175,-31.341335326179443
53.05799766843576,-29.509264860718886
53.44637226980427,-32.190046125144946
55.09667946336303,-24.89585225443358
52.694340162478284,-24.011775170436117
54.78868296555352,-24.4029231623388
55.36133577278296,-24.14458263204505
54.664145723855135,-25.448191077005365
52.245878437587,-25.041721409122342
53.58293357236019,-24.792060562514585
53.72617386975244,-26.49815119242259
54.33637269875872,-30.993484438381017
54.62751122704115,-24.73220253494209
52.40830611464713,-23.588098963942386
50.158704499428374,-23.14284985316108
51.646129018638305,-23.19387298683338
50.39769721056745,-25.08380843945444
51.44541810978883,-31.506257117254776
51.968886254657974,-26.286812198610246
52.20420037384126,-27.630990383176897
51.82019413312866,-31.268561044899048
54.57099094411547,-27.110604913886213
54.09231799077584,-27.270873300954534
54.14360272661846,-29.036682946619568
53.67379112102867,-31.899501555114803
52.545954718843404,-32.20761274291311
51.505609882560535,-31.819367447220475
50.15692843096869,-31.299515747910096
51.40282915724665,-31.80873569149507
53.97235393774284,-31.70593669409649
54.57968600527565,-33.69139100308753
53.59158533162303,-33.66194525923045
51.8202390736751,-36.68041195249461
53.90111963453603,-36.99777960882602
50.683758963186925,-37.08619921435529
52.92758099048223,-37.134941856776784
54.81404406304481,-36.654260575895464
53.10822193918881,-38.190382033622086
54.47440394827637,-37.096078714651014
52.89322117088276,-38.971979742724976
53.86515908677547,-38.69702811364395
54.35146091395056,-38.417956357589524
52.994691748029936,-38.193578162397884
53.67810389662949,-39.250833682617724
55.718615589368056,-40.78453752738792
55.35617565459095,-40.08698905853745
57.24259516736481,-42.4323705083579
56.067492279453276,-43.1319708376702
55.43169691706778,-42.667996728140594
57.7173110089549,-42.82911834669206
57.00167817570591,-42.90617300943222
54.856589682362596,-41.229979717524174
54.7326199130524,-40.760744186610786
57.04572872119468,-41.167309840875845
56.64696616329186,-41.28207033216831
56.75321192668666,-41.30569450001741
57.62755675360138,-41.8352707472708
57.94079212155666,-43.03452732088184
59.65880330643629,-42.443098344825934
58.0358217980971,-41.214272356725424
58.2626206078883,-38.739947476782454
59.100852007705626,-40.53181391374838
59.93908340752295,-38.48652797041583
60.777314807340275,-39.81748700730812
61.6155462071576,-40.646392826465885
62.453777606974924,-39.6269704660286
63.29200900679225,-39.363082504069006
64.13024040660957,-40.620101372605234
64.96847180642689,-41.20156323630752
65.80670320624422,-40.060777428825595
66.64493460606155,-40.03633702686912
67.48316600587887,-39.71496508924869
68.05729194291364,-37.87544286976547
67.85666216741119,-39.883364950977324
67.53169684296957,-40.895495212225455
69.65301958321194,-41.10522763154315
70.04177815997679,-42.54392301886516
70.08044764508637,-40.71919345420433
68.73314380724912,-40.31799297526752
68.60056266949022,-40.32651398406476
67.34735670688222,-41.112734732317215
68.73062578329589,-42.72903330678612
68.60079108115698,-43.59292560838422
67.79095390299453,-43.34100565591667
68.87990598837447,-43.11195607744614
65.97229626765737,-42.11804527859468
65.21392797065171,-41.81255126449896
66.04543621254905,-40.60760536476917
66.43323437472799,-40.42359006721517
64.18143129804155,-41.0669782780335
64.28194290354608,-41.030246237840124
64.75744339208686,-39.68273598169345
61.535522043970275,-40.8960692222118
60.546381129623555,-40.72838230287104
59.595317185929524,-40.59786915405922
59.00215459024726,-42.382656472338795
58.14469635728469,-42.27734932188426
59.07420965238558,-41.00820906639451
59.55127415285903,-43.18969281467217
59.54549072650495,-43.438619433370825
58.39999804594248,-43.12056428677905
60.19536636324844,-43.733679310821465
62.63610835202624,-43.77532809034543
63.62927199041131,-46.50239884152789
62.71476317114065,-47.0569760734173
64.07358906975054,-57.085446045452095
66.38476990842999,-58.116522820380794
65.23657734086844,-58.1944986626899
65.69854686263163,-58.23125857478667
66.52820460254054,-59.93975075089702
64.3509379902054,-59.367638798975754
65.32610907569865,-60.197455469606766
65.90334058392365,-60.74444007125185
66.79577789416271,-64.38045249096794
66.80104943432235,-64.98052875136555
66.81096427204508,-68.03461442873744
69.15888147486369,-73.5064403815195
71.12902856574055,-75.95359439985658
67.97206502695194,-75.78250037454413
69.86719700767122,-74.51583823049637
72.45529067706322,-74.73928847870383
71.80082759764738,-73.58731185280958
72.4783307980195,-75.72567570445933
69.30690083013106,-70.26829214113214
68.48226185468795,-71.63616487055295
67.37884552366685,-75.50051266944196
68.97009072565179,-75.12163323818626
70.1425651706401,-75.54956296849387
71.11708645584508,-68.55850302158038
70.85860955397581,-68.67455172323747
71.43836262255465,-67.46031221402556
71.94556523336959,-66.55222764951748
70.62772746816786,-65.27280089661552
70.70737680669502,-64.22668752506131
70.68518941331298,-61.788214913388764
70.66300201993093,-58.39907975584932
70.64081462654889,-59.45761577573156
70.61862723316685,-60.49846003243028
70.59643983978481,-61.19729227274835
70.57425244640275,-62.14349888739589
70.55206505302071,-61.788165230010925
70.52987765963867,-62.43038290495224
70.50769026625663,-59.89559942384616
70.48550287287458,-59.54362567393255
70.46331547949254,-61.35574077555342
72.30439327973313,-58.426861981333055
72.0566712744432,-56.527117317223976
71.24645716092314,-57.79468245418592
71.10359845260041,-57.95985489614208
69.21375778028832,-59.58174032261836
69.3477777795348,-59.86895701735137
68.60439965315771,-59.94041270861182
67.91319681531215,-60.2872138449391
65.39615289057414,-57.63945694922363
65.52998950094239,-56.49204994324044
67.32849481479582,-57.1324401340722
67.3135570495682,-55.87416935352977
66.31343851292081,-47.07446396441466
66.329970015206,-49.35632882570898
63.125862024078835,-50.946385447476395
65.20846625429935,-45.68728267161411
66.79648029896677,-45.13765427446321
66.57763899817994,-45.42138292286154
70.27608753743867,-44.175660773750785
70.08494714050563,-43.384983930951144
71.10683020096847,-44.73090013231766
70.65503961152628,-45.517590827485705
71.24708932205381,-50.713343832889684
73.83246325773327,-46.405119398573405
72.96833359087377,-50.67062357350421
72.6410217121742,-49.24696685461723
71.98830002968387,-56.11700272899603
72.04197466332378,-47.88635985452724
70.95353087600543,-57.03404331862784
72.9933652727825,-57.90321435760611
71.86331974855933,-57.10777070158421
72.61264284618493,-51.74343569200158
71.10627411573472,-58.05176405135514
70.72394760485975,-59.297202285406655
70.85389604171998,-62.10391581712216
71.08770857055174,-59.65161773985773
70.46600673508802,-58.83967817410535
71.34823432244649,-59.59687115455407
70.46228025384805,-58.52376072624061
73.37144050236225,-58.99575740112608
73.73451592819421,-58.97149897038828
73.48292057404522,-59.803177256025144
70.48644936322009,-65.14033190761424
70.25524332758687,-65.6600468955991
69.62923355058403,-66.93429837378584
71.69264986120766,-67.0227890037285
70.84811713291884,-65.54827929078826
71.15328590994174,-67.7893129821286
71.23348081017404,-68.10869898219353
70.21501464444145,-70.24127522053584
70.53241108589101,-72.59813340558219
69.55571171387481,-67.99075509720943
68.90331386836196,-74.6881516268441
66.74377413982427,-73.05998265167501
66.24566912301076,-72.26924765278915
66.56616704998055,-67.94520484143335
64.36269202503503,-66.94205095607293
64.09616340814495,-64.98142530049167
63.75222033765662,-72.93831738390426
63.761253906829765,-74.10687592215018
63.06896110288132,-70.75906825839672
64.66893280540641,-74.39794628242919
65.30988883122403,-72.67191939891413
66.31405508788899,-72.70250134830722
65.70420171810981,-69.72969228850958
67.61054034452017,-74.18994688842714
67.7002370123011,-69.04031881484738
66.86192806206657,-69.66719021091967
67.04906259898401,-68.2932579460931
67.34682688021053,-71.44875562773093
65.43414681359994,-69.81064150524256
65.58585378581523,-63.22376974268502
64.73535541019886,-64.19108165231931
66.02896114335307,-63.22466109766515
65.92750618562266,-66.4919821382576
66.11571464007454,-69.8299102864749
67.97142307942099,-73.21150727112152
69.68548856799903,-75.23287165780836
70.1291354367417,-71.550685462919
70.03360268828185,-73.56226529333624
70.17856304479065,-73.55880603247063
70.11157495181843,-73.083238346147
69.83000302505872,-72.95710535368242
70.04087440621153,-75.5974226890885
72.35092420029923,-75.97901509994156
74.55843514374273,-75.94400799004295
72.51916578414799,-75.48205484011362
73.90062311177967,-74.9224898095301
75.63890633951951,-75.3555385383269
75.97289168779781,-75.55357752982187
76.36442469741613,-75.33839863813662
76.75595770703445,-75.0358888997163
77.14749071665277,-72.97374152889005
77.53902372627108,-71.9853903922567
77.93055673588941,-68.13111013192407
78.32208974550772,-71.3209598044794
78.71362275512605,-70.75731159186068
79.10515576474437,-66.27361381348733
79.49668877436268,-70.08963260482818
79.88822178398101,-67.33118114897384
80.27975479359932,-66.5044913871487
80.91745412046389,-63.34212612623121
80.27626247457813,-61.54291413402624
81.6747357970693,-60.41174742578249
82.02701120570015,-60.6724241123262
81.82547390683506,-60.50785723512768
82.98381470186446,-62.30955045529236
83.3653191660757,-62.043814084626746
83.5497942837336,-63.352389104537174
84.04294617249933,-61.82773745043889
85.42417832801135,-60.883744100667954
86.91583736548617,-60.321377565979
87.61170943733288,-61.50020683694797
87.72548697102167,-61.582886957193395
88.72281945674105,-63.51200256695073
88.42601709851739,-65.58780297001852
88.53310324762788,-63.59167139674975
91.12516696461866,-58.99789468672009
91.55786638547643,-59.08954417424428
91.47636288706222,-50.98061292386971
90.76100765596537,-46.80189357460609
91.38804418569117,-46.37894804144252
90.41981852462837,-46.39837037768322
90.73039662481578,-55.7907263164353
94.73979672776596,-50.59220005683859
94.46535612520644,-52.08385404357459
95.4961525459771,-55.68281643730487
96.61516642992619,-46.67840631356866
98.14807018878196,-47.03439752256886
99.01200958158705,-50.13842520386013
99.5747230111332,-45.58010343764297
96.79213464817872,-46.32923333165137
96.61565322840423,-46.33842615508092
97.07262368157959,-46.401813889188375
94.93029814439933,-46.35323904152798
94.34340070905745,-46.93023717791671
94.447349085381,-56.288377394443195
94.00509309047385,-55.85865697776147
93.5897105541673,-50.50262450446923
92.68718958590219,-50.72102193168662
91.31093340972694,-51.06833035102029
91.94620686448282,-49.078875423668784
89.66910080477909,-47.576781129947086
87.2920733266274,-50.29502023481918
89.54332150324522,-46.873589088749135
90.5068902027042,-45.91325116071747
89.75438411722487,-44.8397709813849
88.64529244020272,-45.013475326309376
88.58141847239317,-46.42235153413008
89.31220482661044,-46.9778645856948
91.98201636092084,-50.96344242245042
90.49638859461412,-49.04494564227607
89.6883322461051,-54.70316768727642
89.91675661898175,-57.29977441855016
88.85981649130204,-51.16348352243906
93.02410728653099,-61.45118349433774
95.60795226701721,-63.087875041927134
94.4038570939152,-60.599546923673365
93.0053452798326,-57.96354131129385
92.31335113226162,-56.68088841201268
91.30097199233626,-59.71961254888936
92.02297850535174,-58.062223181510994
89.56961622710666,-59.97544786088716
92.7563667523113,-60.07158629880296
92.3286499932977,-59.983893004122024
93.69333106136996,-64.00722744557092
93.47616618176056,-65.23350628869298
94.61638911184059,-62.05629660789299
93.79779901909639,-64.83023077302178
96.92396579904647,-64.05665309699069
94.97281498543752,-65.05420597604383
95.58332120737856,-67.0709275930228
94.84500856210991,-70.5686076610525
95.09217514056802,-67.81598524230444
96.5334833389237,-68.52078528475464
97.58642635921815,-72.85941066588876
96.83651447079653,-65.79291988562241
96.0866025823749,-64.43255725130828
95.33669069395327,-67.82510671761257
94.58677880553164,-67.0386040137309
93.83686691711002,-63.88968916767514
93.08695502868838,-65.16546384342604
92.33704314026676,-62.299734125324356
91.58713125184512,-62.37862141668537
90.8372193634235,-62.31777485426477
90.08730747500186,-59.28466652352543
89.33739558658024,-58.27802032657263
87.16161376208832,-51.787995657117904
85.38288637062281,-59.467754076011545
87.62041376992424,-59.62807720417547
87.2217383457109,-59.94305855179702
85.48643171407407,-59.064711720206596
84.74827651348063,-58.45971863996332
86.90006809913855,-60.24757317375976
87.63194198675266,-63.37537493586534
89.9601129559455,-67.98999803130529
88.85357472097157,-65.56308736300267
89.31560926439312,-68.49698420240532
89.11419525187968,-68.23746319656524
87.2045747890043,-64.39729439578501
87.12176619497653,-68.4271543945239
86.23714285130775,-70.97146491623279
87.74656547819575,-66.5628976500805
87.55709018229821,-68.14194141342358
87.26464457474798,-67.41229916786702
87.6224534891601,-68.30418944571419
90.93685888060318,-69.42457988344502
90.9688912795533,-68.87038139733724
92.12611513501787,-70.26035406693633
94.85662516342718,-65.69835300151577
92.38107898755905,-61.681268342209094
90.42598652357532,-60.75270573519141
90.04952490481594,-62.68058412438311
92.61213161296394,-64.71513907729451
95.211597381129,-61.96461894851856
97.01842566739674,-63.6098451101808
96.5343794941894,-64.07404426896564
96.18524926351127,-63.73989880028782
96.02892600280742,-64.52845305044423
93.16208700713499,-65.99329294727164
96.4668424121654,-66.6933679470197
97.4928884643554,-66.58270684650063
97.5368635505865,-65.79964246578868
99.18359954706595,-65.31632242856658
102.5014562468445,-62.73634135972209
99.86796184986834,-62.4908427824408
98.47508602892829,-64.26003270089224
97.8759173210839,-59.80945616644461
97.4660488669443,-53.83449194029621
97.18390377863282,-50.79212703942065
97.48452282648182,-47.88072411214119
96.37489008297162,-47.27732285782095
97.46092178528183,-47.38885587428526
97.11061338207156,-47.12666129659442
95.38553740521792,-48.514389338790984
95.53640134573412,-49.84819706356491
94.85812293175728,-51.177668707140135
92.69244109435276,-57.397767498634025
90.72370489845645,-57.34089246916064
91.72430755147045,-56.76859586777822
91.0434358170406,-57.72046261468905
92.7079441068839,-47.735213344552285
91.2435208497581,-48.477527169828264
91.43353914072023,-57.11878663502084
92.16887851041537,-57.04071649397851
91.10898551086447,-56.837222834938395
91.36854215872631,-58.557705260813435
92.22851012001719,-47.98581216631294
91.25798695290625,-51.11425891709483
90.18704642007592,-58.3047914539818
88.9794195056123,-60.42356004871656
88.30104833080264,-66.2406038593328
88.35680825439819,-66.3726765656157
88.38134910362767,-67.08680089055764
89.23313943023086,-66.59377259749122
88.73363258336907,-67.11617599427869
89.0928000391454,-68.30897697410313
88.78359213553485,-71.14406993168117
88.25487928817132,-72.03998953448733
86.95216539974595,-71.09179732693622
87.40649837680492,-68.67813824897966
85.43929094213973,-70.44891332323007
85.11205599002211,-76.20560773534504
82.99218744380546,-76.18777994893479
87.17386922784232,-76.24317781701366
87.27933858250194,-76.54533804643073
88.49370260649569,-76.7663835808926
89.55788353873805,-76.41441784535596
90.62844078124218,-76.70054859283123
91.14394033992549,-77.44075290327551
92.1799783801572,-77.13866508551716
91.87024301286708,-77.64789572523782
91.56050764557695,-77.0263512769631
91.25077227828683,-79.49160334379731
90.94103691099671,-78.49847389145489
90.63130154370658,-80.59918380334595
90.32156617641647,-79.35561170353616
90.01183080912634,-77.86861364789678
89.70209544183622,-79.39051345847722
89.3923600745461,-79.52438901299833
89.08262470725597,-79.42063329454314
88.77288933996586,-79.63534578942432
87.48758400782178,-79.60032912785533
83.13651109855086,-80.85116053428054
84.93441775364477,-80.39579824865368
85.20062799610925,-83.13898418827709
85.95562087785174,-83.18248016279968
84.83772181517116,-83.49558142453361
83.8355597218869,-80.98660842376032
83.9478016784029,-81.3784110010188
83.04898616946807,-80.74171440925636
83.36272729715796,-81.65637900720611
85.78553917604647,-82.6313267789181
85.2224024786137,-82.71024358252494
86.79120958647135,-82.876034164119
85.78350637542263,-84.43322328842181
86.09896290751735,-86.39356257710767
85.67940095927715,-85.86251712150593
85.06030149411554,-85.0101281059122
84.18652705964385,-84.83789360639796
83.72106897435467,-84.40678560644646
83.60479661710121,-84.1812680177112
83.21683469565644,-84.53706053779986
83.82014531082866,-83.113518066593
82.90556817141267,-80.90827229554594
82.21524757142282,-81.08770885836846
83.9098479410309,-81.4996927007678
81.80501545477699,-80.66711502595072
82.82372513843269,-81.35409396739405
84.20081017448183,-82.55862226650902
84.44878606317494,-82.12931480193438
84.16287667732462,-79.31273644139303
82.33044576502621,-77.90638134005849
84.01407040047313,-79.0920304330993
81.47951252822855,-78.76592488479606
82.65232173654084,-76.97229515343369
84.11427309493115,-76.52505072785938
82.88190100146622,-76.15283656660537
83.23016414102975,-77.45189110172103
81.67597268121646,-78.15613004407321
83.22888143257086,-76.03323277260934
81.37919461369825,-76.02275905568227
81.39389633839406,-76.92908817899827
80.82900625020865,-77.29102788123751
80.26411616202326,-79.24684560099517
79.69922607383785,-78.87038560439045
79.13433598565244,-79.83337060801665
78.56944589746705,-80.16912798859674
78.00455580928164,-82.47787777392033
77.43966572109625,-82.16568778035544
76.87477563291084,-84.5809022442536
76.30988554472543,-82.23763541715208
75.74499545654004,-80.46383946325011
75.18010536835463,-80.0360282575939
76.62628110504048,-79.29282044064942
77.04959549507424,-79.92498753102089
76.86347372263847,-81.07813002125876
75.87298218271836,-79.90645077744671
76.98396121639604,-77.02585264566133
77.4511340551201,-77.0191259950809
78.9388892901399,-77.84042108485465
79.8038781506012,-76.99624952131872
80.42880840656473,-78.21751194264814
80.26130676393771,-77.37900420327108
79.69137710323061,-79.31087873371207
78.05235307250284,-80.04434061543465
77.34848132600051,-80.10704837186023
79.11489705240743,-81.33845390374303
77.65046421894121,-80.91453474061002
77.89517392303328,-82.38384254528111
77.80777365986586,-80.46758645936768
78.87241455526606,-79.09634771202433
81.40291495557476,-78.8778292173243
83.2246655587971,-77.49362137985823
83.67300388959048,-78.3548639853141
84.58734178922744,-79.91753150437374
86.74777090568166,-80.53920869331519
88.5955349102098,-80.37286509755148
86.94069416270337,-81.35614248164681
88.61282681549284,-81.58641596826499
90.69008651551451,-83.39005208494227
89.63723084309675,-80.98522065842866
90.01651334240199,-79.33487621824356
91.68633670142974,-76.662367115541
90.65259216576665,-76.22667008711181
91.90115592757151,-76.36392620193669
91.91458586917919,-71.00688604591605
92.12024819492348,-67.51030531740993
93.09171141779551,-64.56209210870007
95.18144675083576,-60.775533798630164
94.63460751306584,-63.60731743834507
94.6319879977885,-58.144263051396265
93.24759105689486,-58.33772196702628
94.14998556724433,-59.191651924018956
94.91884302340712,-58.64299731514447
98.05339912882512,-53.93002524691231
96.79702621479257,-56.352131590198084
98.00957753946702,-53.06673397195458
96.01968771054548,-54.161309186255
95.92680097037073,-57.16839452397302
95.8170176981302,-57.485362415281614
95.59402231789946,-52.38478469875056
93.34395021189395,-49.735104858897
94.45125268635975,-51.46866341241603
92.96135995625525,-49.56284244444303
94.21840065696851,-48.240214984647906
94.44658956598899,-49.13063567209431
93.29400242098357,-49.629387996451
93.31704077637194,-49.280486311198054
91.68628423556551,-47.785802274169825
91.56478903154523,-47.35841694618367
92.91993643789279,-47.19390862733275
93.97608339871431,-47.27676472504564
93.27787307364858,-47.07606705061661
91.81955617070874,-45.9668758000511
93.92749059504202,-45.72756483213553
96.26362126867406,-46.079489769316375
96.3789110565745,-46.115847040450845
95.60226151068365,-45.181114952937946
94.41971024909203,-44.88165668081181
96.08616343826984,-44.95321734317085
96.83852284317584,-43.959970190694634
98.08856266948895,-44.06781548222271
99.74695156007766,-44.929514685005614
101.50464090136235,-46.43358142354741
102.347144237835,-46.55380933853116
100.790314047718,-46.014452556605946
101.59733270226401,-46.49571531743349
100.03909249171306,-46.22245200207379
100.06602372960823,-45.12960782535012
101.33358392349051,-43.94683957746549
102.44524281019136,-43.85717886535184
103.0899966063507,-43.52858902458234
102.96594313882596,-43.67310224445306
105.70950509415638,-43.7124388344579
107.24128896479161,-43.491968593762856
107.11196458564098,-43.57767581680776
104.43988052453469,-43.514074851382055
102.85012631484231,-43.849117415361576
103.00828550882022,-44.509794340369616
102.78745219084098,-44.95458060534627
101.03060388164883,-46.04875609708594
100.84310481862293,-45.08189827652577
100.30976403901916,-44.35364182107894
100.14296232699705,-43.965658818943346
95.57611074267697,-43.63643431611041
96.68594264426332,-42.374079308492135
95.18437445484813,-42.80979305942251
96.47382220300833,-42.60621261639805
96.58051763141276,-43.89937317355321
95.38233680694972,-43.4108966565797
94.57425423446283,-43.762785645257246
96.60878091582292,-43.87283543186372
98.4201549350575,-44.48445790729585
98.1650448134357,-43.933755251377114
97.04900859680797,-45.058769844026074
96.7084184762594,-45.78003149719024
97.12378902977463,-44.25010842197555
98.30392090535922,-46.92853307284013
101.51828303678106,-44.58219840868566
99.92224724143173,-44.86136556581317
98.61017032791588,-43.91823339470205
98.0189085418456,-43.78957560779884
95.30996098880857,-43.63756368549587
95.99623758089176,-43.232021902093834
95.6101561517893,-42.180191563806076
94.92085523747552,-42.11681512949638
96.74821411519244,-42.83134499898847
96.83975734744409,-43.42074373305426
97.96800660381655,-43.205053149998115
97.87409764699464,-42.95400867815829
96.9019387993215,-43.162944860850146
94.552344012708,-43.28782708396285
97.01577951409904,-42.50229995087989
98.21150099457998,-43.50406439583701
95.02552056082865,-41.84755639556369
93.6504530952732,-39.579378039101066
94.84777486581736,-39.94933184155044
96.6443572208987,-38.46973080764762
96.86227773815551,-38.35462368613966
97.23298351305856,-37.84617411995532
96.92986835322208,-38.46165920065017
98.63543056079727,-39.05682636700867
99.10998229362654,-38.83568922576497
98.97044252094695,-39.9151291102951
99.62874521392284,-39.674093165828914
96.07606692666745,-41.24871079302331
95.40242471383198,-40.356491109766786
95.92405448569131,-40.648464078982165
97.80946619897117,-40.625993160996124
98.43240318687957,-39.979587179924636
101.04539929758742,-41.78240024151725
103.04275553284081,-39.95223803292278
100.78607298770547,-40.39490416382657
100.50012915179575,-40.59057520811608
101.45432996364947,-41.63776080612981
101.09648034803199,-42.41372681040099
103.16562663114796,-40.60311557648053
103.19531605468099,-40.491242135381455
102.91595769702903,-40.44184057812863
103.80240602397852,-40.09171645262369
106.23531531311556,-39.672584531800524
103.62709694394763,-39.21151562247514
104.19947351794251,-39.54798495607878
105.32836193416179,-38.82924790383214
104.48584800756792,-38.09051539712394
105.28982447440636,-36.35366602382845
107.17915195414616,-35.917138025203855
106.31176795995698,-37.4139558670581
107.63718550143922,-37.30926873741823
111.37394737210595,-36.30488306927628
107.80371316425835,-35.84931450320207
107.3533774086033,-35.93922750394422
106.78919208331266,-33.54484942672026
107.7576448236363,-33.884614811631174
111.424985098737,-35.50690115356325
112.70886353942375,-35.12362268387912
111.08786827592827,-35.97540238335867
111.59512062833859,-35.218875102419105
110.885476738356,-34.83628714433193
110.93873851857724,-37.638051871829575
109.83677958139833,-36.56830742396372
110.57302135385271,-34.887557436353134
110.3861161714768,-35.145483662968594
111.11232682179863,-34.4788468552756
109.85835895148222,-34.13182765444683
111.7349069500922,-33.49232310309297
111.39276616740207,-32.1857878870766
113.53992201659739,-33.52071893850003
112.84105146914317,-35.09278722226251
114.57760175996758,-35.02085390832902
113.20150171305345,-35.1848994367331
115.79482466210777,-36.31829954197227
117.63151708093542,-36.64783422981844
115.79229743372919,-37.638926053699485
115.44222535451323,-37.01416727050177
116.6871640137192,-37.70295812427129
116.84846217111968,-36.67165428444839
118.1549869941121,-35.35627147829054
119.83751497171046,-35.22635712203453
122.7088282744489,-34.73374618158994
124.14184829797692,-34.68665695868205
121.52737687393902,-36.39744338609442
122.69953489824823,-38.39878158236225
122.77284289645429,-39.85951127390769
125.22742438215606,-40.48518424054558
125.28441147756888,-42.202781104434266
125.34139857298169,-42.361687039989775
125.39838566839451,-43.74427960763849
125.45537276380732,-43.46512829406141
125.51235985922014,-44.74162482321453
125.56934695463295,-44.56559634701852
125.62633405004577,-49.00663003278548
125.68332114545858,-45.9055738296213
125.7403082408714,-55.54369763834239
125.79729533628421,-47.00949395159121
125.85428243169703,-47.87623940207323
125.5240699035062,-51.39471391514513
125.94005202841818,-55.67456114604336
126.21635826269853,-55.84492692041771
124.82510541955054,-56.65243042575355
125.67703853870738,-55.88228922402467
126.71831345563827,-55.91719439239427
128.5652615966272,-57.27494668066419
129.75719389968035,-56.19561735829222
132.41246260722866,-55.899127524400136
132.9396072037514,-55.72277302887101
132.33237263321809,-55.71845884445874
133.02904178448614,-45.48057322506409
133.1222286092712,-45.4715657860889
134.93694468552388,-44.24997422854084
135.09919176660767,-42.27152277263986
134.54552754716516,-42.38202332239411
132.82298549544328,-42.58268107303354
131.9235589103852,-43.01229967859539
130.3020470563047,-43.85212489916656
133.64950145508828,-43.097207858470036
133.91780854918474,-42.4235392926904
136.98329885384769,-42.75535838565959
136.85289539401495,-43.566584923725486
135.78326780338796,-44.647398747706205
135.20108790943146,-45.405419600377506
134.70912529933202,-53.71325702795706
135.54270833060036,-55.72449472718735
135.91343156981065,-56.924129387837375
135.5374480478956,-55.18648365500114
136.97395378285444,-55.88106065640599
138.98158063705645,-55.918251341633486
137.5098549180844,-55.80879318442943
137.0044473558237,-46.89982864907745
138.46797094020485,-53.472829860093384
138.87400056091354,-50.455895184515555
135.93637393818963,-46.85742986726605
137.0798472113713,-44.33134650865925
134.349377962463,-44.8451385722259
134.8230386402527,-50.486347547208624
136.71893747090735,-48.37259234999712
138.10635071506016,-53.833086519382796
139.76373667567296,-53.508898383096046
139.1283588364094,-50.51529486464057
140.13238797810325,-47.58146166483261
142.07319552926472,-55.82686005242358
141.68189371009447,-55.85908677529179
141.11080920929683,-45.83342230068871
138.9459303535981,-44.02906658014563
143.13382685543255,-45.64683567720451
143.24454189573828,-51.986544831643975
143.29574347967718,-55.862993788411856
145.1466477855025,-55.75459258044702
146.58356619394254,-57.023453131662166
147.14749359367534,-57.14158408160202
146.69995542934558,-56.262333446775784
145.05025231613266,-59.01566504906215
145.92106884082963,-58.518931399291894
146.87863719183323,-57.579767376469675
146.53683917486777,-56.02546246688872
147.44720733913184,-46.89698763642933
146.19404879492242,-45.700759506078526
144.4268490905581,-48.1912559355285
145.5990642908009,-50.19055259736224
144.40918469059665,-56.08994753452837
145.30059262753377,-56.4361332541542
143.18395815360205,-55.30406118318911
144.47528820612797,-55.77265944844115
146.47232559513319,-56.45384459070746
146.78387670119145,-55.736525712452874
145.0731291360479,-55.47062035483226
147.16402819569117,-52.77118753685867
149.50433644690793,-52.30152966939508
148.13673852037516,-48.86446058785305
149.28377653479112,-44.43764644714968
148.88787404178862,-45.31685456444432
150.21179263598162,-44.21950749345843
150.8967223349621,-42.755101386646
150.33593559598066,-40.34215718273091
151.58491127636333,-39.131792726051074
150.46099089308228,-36.779190503613066
149.1281731187545,-37.62493455237272
148.6206297817397,-36.63373774329675
149.10773752169527,-36.739562650705516
151.39902143741674,-38.124631952397436
150.35321328935416,-37.518020127019994
152.66182107839265,-38.34131925000434
156.0834085297204,-39.48453016603985
154.88069918707646,-39.504336210304075
155.76537416643063,-38.12794459933803
154.42502289910374,-40.22174008415212
155.75919065685903,-41.58096378601333
156.16348888853705,-42.98936256694196
157.27075680700707,-42.16788170214203
159.71652950927862,-39.7790305912189
160.49433229048208,-41.507057250403236
162.10627318567606,-42.344697779072234
162.43144140143787,-42.53601289383294
161.7770441238013,-42.0257438082654
164.08407341064884,-41.70914631748139
163.9157431973268,-43.31289844152619
161.86307922187095,-42.80170981253658
162.57872035555283,-43.320340729336976
162.75863876713993,-42.08353742553003
161.99538362422967,-41.99848714853987
159.7312157999757,-40.94431883680064
158.89297938082586,-40.269671861985934
157.76744653242247,-41.5723536002276
158.25404874110947,-38.928887924218365
159.24352403320162,-39.59263042922995
157.5913649828997,-39.934100395050095
159.2843018906754,-40.28508119402036
157.45865530554045,-41.62103142462464
157.989310222524,-40.90402757998259
158.23227887783906,-40.70110686498909
158.65295021389875,-40.20567895160484
160.56111432349948,-39.10979202510576
161.6504025601015,-39.51685771178087
162.6461723881327,-37.670038593863715
164.2302986788785,-35.344962982575694
164.2361237090102,-37.82254007392366
165.01286106796593,-38.15537612772903
163.78745056942395,-38.46072100741624
162.87074668122722,-37.72594596978721
166.55532288708858,-34.79843710587173
164.23800788546234,-35.59713874288889
164.00372799776787,-34.663530707019085
162.99935978043925,-33.609763988831304
163.45356505691768,-33.10286721921656
162.0177775781615,-31.653875507905322
163.82895089905153,-33.34062408222194
163.72176206817164,-32.86531865689843
161.94846950133288,-32.71439365513881
161.3464437280668,-33.36041437313965
160.4231948885749,-33.20508404180934
161.2568030681475,-34.400626242696084
161.37952169889996,-34.73287521063933
161.50224032965247,-32.97779082421449
161.62495896040494,-31.80792160713384
161.7476775911574,-32.52555327198752
161.8703962219099,-30.772035891296415
161.9931148526624,-30.87115101636688
162.1158334834149,-30.694923661420372
162.23855211416736,-30.77358776875834
162.36127074491984,-28.30639127157367
162.48398937567234,-28.666100311919134
162.6067080064248,-26.386665856870547
164.49737322938483,-28.880200615218126
164.17695836149068,-28.642883928116746
163.85654349359652,-25.021453539858616
163.53612862570236,-24.60756758434862
163.2157137578082,-25.65203525272814
162.89529888991405,-23.480503972483792
162.5748840220199,-24.66075662813643
162.25446915412573,-25.764084943864848
161.93405428623157,-26.94450109216001
161.6136394183374,-28.78353288691766
161.29322455044326,-30.033489153820586
160.9728096825491,-28.959051957117076
162.54793524635554,-27.026828190814708
163.9447495247301,-26.952184295969975
164.97999250804048,-26.51652592008619
164.59447205777084,-25.686123740919985
162.57991000614413,-23.989024565199617
164.21295721176506,-22.867941747704013
162.76063661200763,-23.698493948721797
162.42852519286922,-24.617349508460954
165.43222983040886,-23.345796347854268
165.0931034590144,-22.062616228157207
163.9535109222086,-22.782083833839806
161.5610734066081,-22.22426450744956
161.3064826324586,-20.831451191424502
160.5035806002901,-21.538271647854355
159.83984698181348,-22.218180527472963
159.59784453558473,-22.224997695351718
159.2645225038232,-20.754014019140993
158.5753570050733,-20.69860369975933
157.23709146552022,-20.19173081756019
158.38763293517655,-19.27394833616019
160.3046639604446,-20.19985784906843
159.20028518813,-19.07133782839105
160.53867163342957,-17.72044616390523
161.31614660971204,-15.38108073333849
159.59977842883427,-12.521701867879235
158.8677166162336,-12.11995728875776
159.7592304068107,-12.751564675732888
160.12470940408085,-11.42057109591737
161.76669442620374,-11.687014685366561
162.0208836240341,-11.928185976779234
163.9983018230398,-10.763022753909635
164.13445822691045,-10.809750973538126
163.0847785032611,-10.910173906195272
163.41281879974156,-10.847377281020092
165.62646705978582,-9.99739005982182
166.73625443930734,-12.494406080847213
167.08835089077152,-10.462643268351634
164.42454464661557,-9.763765739705413
165.4647078504288,-7.817728205118724
167.26694094597823,-8.941321167036946
167.7326770116978,-9.591099156755487
169.6743082545652,-9.173658842872584
169.11920974328143,-7.601674545753044
166.51606093359075,-7.060185247040537
166.2179592113245,-7.7949424297425285
165.1604521500629,-8.98713560742115
164.58973581568688,-9.012433259579371
163.97327853398255,-8.468334240949842
164.33853607740278,-8.022598456326955
163.25983756589446,-8.847922261437546
162.57676275618297,-8.278853476019513
161.25064807564064,-7.663241517409941
163.60396831592044,-7.293082146575371
166.1241578836654,-7.600865082313749
167.30910968609678,-7.773523331445405
165.42158757473786,-8.040610124973442
164.17818528780126,-7.6440299787468495
162.89297429200306,-7.491228277883501
162.23632506948908,-7.594135363820601
161.7253214032444,-7.035048344397196
159.9808213924765,-7.5678973030709376
160.2899278997205,-9.34015075953007
157.57694019689998,-9.201587632910888
157.87410314265384,-9.379418578042808
157.35979769955352,-9.564820330314404
159.63881977590566,-9.59429438149126
160.07926966229547,-9.76582044408573
158.73580340568873,-9.34001253156004
156.37597481534488,-7.630703442358046
156.17078852750006,-8.828705504062889
156.08285097415046,-7.64921583931291
156.1859575159499,-9.67234296013345
155.7713309292606,-10.0019252496588
157.31952741006776,-9.685470792196664
157.1550618286159,-9.960059002467347
157.31175764831923,-11.003020786453616
156.885443451247,-10.498111660115457
155.75599539867196,-9.968694717885937
156.5634553871866,-10.385389914290695
157.43658958796394,-9.112842668128899
158.5553874348611,-9.575659130783611
157.61682547588623,-10.386106942489869
157.5490012426761,-11.915012651670875
159.15738638020574,-10.510560108234014
158.13682138728674,-11.090723900235897
156.44651459005738,-12.70088823995575
155.91249979438282,-12.640093452827129
156.79178831399562,-13.483112920535458
154.98064352193757,-14.116783233662792
154.190659506756,-12.554252034475414
154.39436407580646,-14.89919236049881
154.40667536353695,-15.645290874652162
153.18089197224452,-15.4347744278919
152.93770254557109,-12.285078400312216
153.4016543638922,-10.911173433068512
153.47410733721253,-10.054315110564163
154.9800400551408,-10.241741213026733
157.8077035606589,-8.410729031625507
158.08694466996894,-9.896015612847545
158.40288765155884,-10.047979938273684
157.86811884607357,-10.073459323301318
158.25060405300036,-9.201182789652146
159.6289757387315,-7.9048882918574455
158.57348452799624,-7.935752899088378
160.79119434287446,-7.831827237717407
162.10327201631918,-8.03796924644821
160.71279518732547,-8.048625310611289
162.21206172407548,-6.846805291760411
160.17036905082358,-7.419944340293677
159.61263132132373,-7.195014489210059
159.08397288225856,-6.525458482842133
159.5442874770911,-6.422930529664254
159.3321835696849,-5.7993579922214495
159.1200796622787,-6.034384320649857
158.90797575487247,-5.751082267512539
158.69587184746626,-5.1444191403482264
158.48376794006006,-4.945949087624468
158.27166403265386,-4.311553503134504
158.05956012524766,-4.5237208761019545
157.84745621784145,-4.11650306957624
157.63535231043522,-3.6447470587549575
157.42324840302902,-3.762056187366785
157.21114449562282,-4.057959775790684
157.18204167388325,-3.744492432329681
157.0302065023377,-3.6593424612878116
156.73903133057686,-2.628432779997531
157.42484538663348,-1.6980965599093316
158.73881098055978,-2.36138528631753
159.72901100288993,-2.5613076458745825
156.8269439883686,-1.9499070055835457
156.4110301255072,-2.358914143741691
156.06946140746686,-2.223894731000484
156.89278602005413,-1.6688463710476
159.9880309386813,-2.3062387908576136
157.26968916164154,-2.480167665214486
156.55751543052918,-1.939687623281876
155.17849958284884,-1.5412928990901813
154.7725798134698,-1.4611798880631737
153.61176095466726,-2.439803275697018
153.84248324719292,-2.2365866909967895
155.44293303375406,-1.1905835375934126
155.13342411161906,-0.11354960002030046
153.22352866453417,-0.34998755128900694
154.95482670235526,-1.3299908416170159
154.3178538977836,-0.5865932794057467
153.9494427828026,-0.7037689087610888
155.9837215260234,0.2763783236258981
154.49767694950597,0.4459423533508474
154.20828902188057,-0.16318189474729078
154.5732174838469,-0.4900104754948985
154.43963354371,-0.22034539512774032
155.44131991708517,0.12249825324763408
155.70881451723963,-0.6495056220775941
154.77262836162922,-0.5882967310582273
154.36221656004267,-1.1816197569589209
153.7861707834632,-1.6429840007153202
152.93077852428698,-1.3597659687349548
153.12643631562526,-2.2255623825757316
153.40436555228823,-1.4337467593775712
153.78575006503874,-1.6488578385771815
156.45047562878167,-0.8799226566523262
157.8584037008835,-0.22298229826200777
157.5686326414709,0.15137045098419377
158.97305196126908,-0.33264363184193924
158.98007048718148,0.20294848733831738
159.4186375953221,0.9531649406146558
156.72258364967882,2.2631070842168612
157.97496971236498,2.00605038784787
158.60734049343347,3.2682699687052725
159.17406726049867,0.5520802409051977
157.80413222550217,0.8548760988424313
159.56325506034798,1.438342566094751
161.4795925272837,1.6982624874569572
164.038201636798,0.5223064383569289
164.58852506762852,2.262755156586154
162.8842376012294,0.8932424257296643
161.4816171310457,3.1824397948957914
159.04910723559502,2.3006515809355226
159.36883725241736,2.7654630597776566
160.722460239413,2.565849190995879
162.32713546281525,2.4334120843379785
161.36838096467747,3.7764119646505416
163.82809390662226,5.274653364798741
164.08714977212065,3.6492119598052084
165.4951928501081,2.4049770925331355
166.97333848162353,3.929194049845748
169.87864174360107,3.6928931193535752
168.55742784075497,5.92035359023313
167.23621393790887,8.347094858535472
165.9150000350628,4.20278347504515
164.5937861322167,1.837686559744701
163.2725722293706,0.667735860552188
161.9513583265245,0.5771512586910734
160.63014442367842,0.20463885817596195
159.30893052083232,0.932963054656502
157.98771661798625,1.1773823729895023
156.66650271514015,2.434318002257025
155.34528881229406,2.6041957884107245
155.26953328114902,2.7424100648329
155.2940064802468,5.2521182006869305
155.0132810962554,4.995356534953252
155.3581441992166,4.189703109407806
155.3883629596611,2.7075402504427157
154.59894926016895,5.206269979222867
154.95951991604088,5.056409571330337
154.91703649210157,8.757704024812277
152.51349620180181,8.802709296623172
154.31803387125973,8.425530934205566
155.80043784768,7.949116252889849
153.1275319511787,10.02349890089579
154.30925977738806,11.96821973695857
155.45866308865507,13.29061989862757
155.49106463371183,12.462322199183912
154.61274730309648,14.541311560906063
152.12869826457396,14.92688806852097
154.08240315944738,14.646236499696643
153.42683109012995,16.32579830868155
154.7824452351345,16.258265058985312
156.61404968113493,16.637060586417697
158.00864385337758,16.024642184621275
161.82140803808952,16.25844202288354
161.92241997617268,14.3178886825285
160.8267468901746,14.93816863942426
157.7457287598007,13.867623811564355
158.545906056946,14.503390710836648
157.31283705259565,14.64594514975912
158.69510106410843,17.330154896358398
156.02380321073704,17.288122659686078
155.2131990497337,18.781414590860724
155.35756211055917,18.152488194384325
155.57255759779136,19.097523124664605
157.865776244616,20.33194556076201
157.45750706037444,21.046018725933962
158.34809171131718,21.69542204000058
157.8073240268958,21.0272327281127
159.67089843880365,20.899898188722013
160.84626582836162,21.799528149151016
160.02110084046603,22.215737753752826
160.06157529117226,22.461388582898763
162.11328275385623,22.742762790102162
161.2541976429683,22.39881438034274
160.2646109208419,21.18741743829366
160.71311762527532,22.49272170399597
158.47455297025687,23.627917313447234
158.70567505024295,23.439233059196365
159.12649083319164,22.971212571041885
160.1683282596294,21.877622539867478
161.20601361058692,19.766243032398375
164.1561302818603,17.753836856737387
163.02443052911985,17.121242050138378
161.62424367633574,15.800660138917092
161.4898367979959,13.852383195653502
159.1165521992109,13.921602469602627
158.7825692337524,13.828716034421996
157.73325531824108,14.280338731576595
157.22954932100208,14.139051443853322
156.7929092812706,13.980341087596159
156.76377383164223,12.912593527245432
156.73463838201383,13.693421585803177
156.70550293238546,13.752866488948847
156.6763674827571,14.501217901093858
156.6472320331287,13.642076379956706
156.61809658350032,13.494151223923883
156.58896113387192,15.705083922017682
156.55982568424355,13.213549418146531
156.53069023461518,12.071069390568208
156.50155478498678,14.366086785702066
156.4724193353584,13.849399167442758
157.9062753503258,16.216319189914564
160.92538162447005,15.034961421066384
161.79195893111455,15.779566833367358
161.78874598261882,12.284548669099555
161.03656027461213,12.599463271493294
162.3180318034385,11.636009824265404
163.5467605338354,7.962425108424673
161.74783561073428,9.88437018735892
158.50760302540255,8.230562306028943
157.12369467365033,10.488555460009657
157.56043723361734,9.928840579155702
156.62497573435812,11.04389498147716
155.6513404838278,11.353198515354304
156.08851947892404,12.084220685606459
156.66470868973923,13.426429581682335
154.27156883526442,15.15826135276085
155.57924032785448,13.679364159880981
155.99720797677435,11.877296287563567
156.38564533768687,11.764977035760383
157.38279578066528,12.592559403744756
157.19625917170336,13.682743316085219
156.353212784655,13.638244797736002
159.97827158277005,14.060985077155205
160.50553560000748,12.7552808465085
160.54207051209244,13.430094151625756
161.67362632474476,12.544468880874827
161.31614181504239,11.5583842060249
160.460908307751,12.0646111654442
160.5687830835348,9.62217965280187
162.62091579474495,7.816497788228826
164.65416415401296,8.665884587497636
164.63723253343446,7.91939842930919
163.3635076025803,8.7986379722773
162.73369489981908,8.742853497492332
164.19429212997974,9.637615171976073
163.82093863899988,11.292466621759784
163.81404167872367,12.526894677145945
164.4035663926216,12.443906883443802
165.80761147027124,11.234540305021302
165.07328352802358,12.541456027555597
166.87682147642764,12.402049233722705
167.53218742093864,11.6655999733975
169.18839553793978,11.338700026247471
169.46204069122678,11.940371352450471
172.18246102802433,12.160524600991238
174.99932186181178,12.306936039632868
176.70395259702673,13.14864721552134
174.50626888414325,14.32333499117441
175.70121423876412,13.982313318478532
175.09581162189684,14.497234430693503
175.16370637522792,13.408865783907649
175.09118807710675,15.653148342388615
172.96866703923138,14.761440520312085
173.7261407071026,15.794005231527983
174.66101222309214,14.485658666282749
174.29370282511158,14.443417577814811
173.08413239494232,14.393719727306403
173.61931542023902,14.542627757946232
174.46551712728927,12.64096589486961
175.01863757702657,12.697025657206348
173.82428930430152,12.517169921263198
173.87962486818486,12.866974993465114
175.30466841433227,12.784167739561042
175.71227753205397,12.721889937636357
175.57044314490318,13.431166967424513
175.54611870615085,12.499396966741823
176.21579227362068,11.980150019976186
176.50020725714904,14.265686505064755
177.04346864125316,14.872558990760247
178.9082757220122,15.740859543193915
178.06508066316871,15.22472193119514
176.9835579832928,17.467900755670755
174.5419796896999,16.927151921731323
174.57080519282812,16.583223543809822
173.73378314267316,16.041879123549823
174.66656812446953,15.898518288844722
172.7722346262845,17.763341157262232
171.2877794430009,17.31548510537936
173.04513695697298,17.23423142573395
172.4025218890851,19.176511613346324
171.75990682119723,19.844741360278892
171.11729175330933,19.33424660862217
170.47467668542146,19.059058714948453
169.83206161753358,19.9456776744918
169.1894465496457,20.665834038826524
168.54683148175783,21.1723786258725
167.90421641386996,21.296314055235555
167.26160134598206,20.90366078509054
166.61898627809418,20.847416957316618
165.9763712102063,19.43617876021749
165.5433090570784,18.036617903750543
163.62338415052906,17.35898915557696
164.27402891169797,17.469854599691416
164.09672372534465,17.867561933329707
163.6803008557457,18.80840705322502
163.36691796894854,19.85974845491646
162.4148523169158,21.06741095519646
164.80035755051648,22.10545131742677
165.4528374606446,22.46104459492609
163.50247754394735,22.639303934849927
162.9793352858406,22.973911563291725
162.5577077197008,22.10713286285125
162.52359047014943,22.681393884229536
161.18997191501057,22.48264647558795
159.64648153530547,22.35300120969194
158.24982572218832,22.27813206409888
158.60324541713237,24.618491184251482
156.0778087273209,26.134456755364827
155.73454703617358,26.113310737503284
156.44465380719927,25.691328115059804
155.61151155789736,27.62077102342649
157.25093109080922,29.8389080874239
157.94990938371706,30.778448721341462
157.73556490735274,34.43559897980287
157.65876698028404,36.78556156611379
157.11417081513687,38.79988629460258
157.07584520560388,40.6163293023812
156.0009612769964,38.87162449472352
154.0178097420393,37.37510899673358
156.57039693179198,35.31203021924768
156.30052379897035,34.236789724561056
158.4583568340381,33.96600115958389
156.86834459419208,30.407224010838103
157.51013536769545,31.757314572269024
155.3806745781861,31.342801633344983
154.3912754544625,30.06211606774432
153.68447683531812,28.568241282770444
152.35472982558858,31.406998795902176
154.23091449004966,31.838522616133496
155.40192496521715,32.09034539828529
156.53503683195038,33.74055282928819
157.1788141335823,32.34248558952904
157.20771000540628,34.49001594789088
157.23660587723023,32.51305341567685
157.2655017490542,30.63728081681092
157.2943976208782,28.405712766374272
157.32329349270216,27.59845330892623
157.3521893645261,28.85240572769697
157.3810852363501,26.96278676534595
157.40998110817407,25.958302192345062
157.43887697999804,26.740440422827206
157.467772851822,25.07778270483093
157.49666872364597,24.64753944768283
156.4703173771834,25.038309194954167
154.7197716491176,26.93422731686762
153.9298124257293,27.7284726268921
156.68989990186762,29.347664668240093
157.22338357142874,29.59355650410066
158.27680995667237,27.205272251310312
157.56033922451493,28.54177130928848
159.0847759972139,27.379682186231268
159.5469103536587,26.38435166434156
160.80733259202066,28.68997034268695
160.37215416999874,30.497250634410452
160.05210703057696,32.82551550899226
160.38356580621416,33.585454670691256
159.69799185442164,33.42039055298896
159.98838829889235,33.00097378216797
161.93604984294748,32.0321720062994
162.3201219889199,35.81513301270152
158.21730093120337,36.53943794983271
158.50876333389684,36.50870371503148
158.84124376110825,36.101532233344905
161.07739104599847,40.06365033940382
160.26558844744724,40.08272122628868
159.82142985700298,36.41178307385568
159.96292755351536,34.51576748432635
159.1288039731815,33.15176609912411
160.13549223434285,30.49999547158954
158.29574552433712,29.852510303547216
159.0395020347532,28.34693334991778
159.93215964584508,29.34285298542333
159.94254981077196,29.884982461840075
159.1267644161119,28.773577987245872
159.54683065328572,28.757469230588924
159.77692298858847,29.468416094765235
160.0070153238912,27.859553238335725
160.23710765919395,27.195801332615098
160.4671999944967,28.296390024052325
160.69729232979944,26.875149953572638
160.92738466510218,28.828388736931263
161.15747700040492,29.404322675197072
161.38756933570767,29.102384775080278
161.6176616710104,30.43004988830456
161.84775400631315,29.223549950971115
162.0778463416159,28.661406519973767
161.54128231172658,27.798425867765687
161.04002454277256,27.665141546865016
161.18697521741467,27.933244808681373
160.38459818691885,28.302837610718463
160.43245464142888,29.061582165693185
162.37475286181518,28.005084734256624
160.64499701804334,27.784962226077113
161.55360342227834,25.604376750110738
161.8278258803517,24.620405051992652
159.58122502240784,25.085493322392985
160.58845317940373,24.7468030078889
160.90398636373655,24.91928813848112
161.42932318454362,23.725162273252078
159.86383530242256,23.663063758397428
162.0280881010558,25.22654892394463
158.04146781898444,24.309548020838804
160.34388614203004,24.948130142869278
162.11592479637534,23.82608652605993
162.37671252180724,24.612320119622904
161.57454948964065,24.254600869277116
161.30240917220277,23.711283620192734
162.43963360164904,22.56205937497364
161.31622555617577,24.032962991824782
158.21681148714933,23.21158116666917
155.1400161972941,23.026518002358685
155.80351045423075,21.78044634627525
157.47528109760984,22.7751629224512
157.89113228496197,22.51861916965856
159.5628707705274,22.636240106731027
161.2261103472964,22.332101488761637
161.7597016123616,23.50106603983825
162.70042254737373,25.251250801795475
161.7636657057733,26.042771844560615
160.84355214161448,25.63805713550365
162.55161044679102,26.428635104351066
160.5588072434634,26.832131295018563
159.88576688664998,26.08634447060904
157.47848824356916,27.877537959497626
157.7618446344583,28.25526236293539
155.84727678252455,29.03592205110125
155.23534056298269,27.23553992409086
153.09362064121126,28.838481060800866
153.84866807738535,27.93811393634836
153.93173986601423,28.022803027524354
153.7559306243295,28.062238102400297
150.64993683832458,28.70583159072052
149.5415930393422,29.571613309203546
150.178341523581,29.756013615896233
149.5400177816795,32.0106077746472
148.96233493154415,31.967211575624308
147.67892793304298,33.264350449909244
145.98672526370393,31.408516990489932
146.74531216925507,30.5384714839447
144.7327653712091,28.48559232530752
143.2908886667172,28.47810795265159
141.30515128219352,28.956498874777964
139.12402709614517,29.934599158032032
140.54916136835516,29.457989615697347
140.2723816375815,32.21777602605062
140.32068553726631,33.31606403707671
139.39959197217058,30.812318544811507
139.20081252323945,30.42820187351285
138.90141174077286,29.95722092839653
139.9129443243957,30.841652730719293
138.7420275679828,33.93981956336449
137.5029180403083,33.96395430754769
137.27903651042786,35.66978316917117
134.08622472073486,37.47742708883293
133.30564224877756,35.72273817857495
134.11554750644035,38.36613667142894
135.95142072530777,39.069950159860575
139.47215086826444,38.42319822118547
136.82077922800931,39.67326398036772
137.01958836075,40.01755775833745
133.94128530009013,40.78834881068132
133.88607563996163,40.28152528828674
134.7235458592386,39.127450567612925
136.51529581294395,38.35681258078126
135.5544812774966,38.017300849381556
138.58128872457308,39.4038618267651
141.53878409049196,40.624058993670296
143.71919886217793,42.214090395134754
144.43442413383437,42.64666052795861
143.8092182765926,39.38657492221198
142.44439770493557,39.522804370829434
141.60680447805495,37.43350245458481
141.03658425139372,37.04544018323492
142.59154186111928,38.30159867622142
141.82352544645255,39.37598066423004
144.85483860446493,35.521984719680184
145.7276993487469,36.91856884361468
145.05222989165387,37.03261244506348
143.97733075915266,37.422266984060215
145.35944225640804,36.55073659341095
146.86431604335172,35.05295515181504
147.99770811773294,37.69310776245479
147.82775203299164,37.28394653763401
146.4442204081329,34.77865297038007
148.16077393017974,35.59158031052852
146.18718267721894,33.5446943061336
146.38639386445004,33.76640022207636
146.27920642880082,32.0968244023408
149.83574902463153,30.596586877156238
150.08098344011486,31.962204795741712
149.7600005733494,31.922785266387603
150.37348616311135,34.113233541914155
150.75451501880093,29.87813211152395
150.9236643390679,29.276064070867207
149.60712373497478,29.339894599027886
148.70850265097968,31.274903248217267
149.35784665361297,31.951928588084563
150.31073486856135,30.49111999642619
151.74646160076395,33.48050569938183
152.76950166709028,33.973956521623535
153.45608199733468,35.065363036900244
154.1426623275791,32.18839402820258
154.8292426578235,34.24890456611695
155.51582298806792,34.12658842162704
156.20240331831232,36.347726632823665
156.88898364855675,37.40795450189741
157.57556397880114,36.95085646336839
158.26214430904557,35.020087787102675
158.94872463928996,34.278840616999624
159.6353049695344,31.875897106958178
160.32188529977878,30.997321832710373
161.78827006277174,30.243760900443927
162.0285808950047,29.923917790855338
161.49433700690994,29.845112227104607
162.1043641263309,28.84819556508639
161.1778250802646,28.280645047394632
161.0392242870854,29.40563832383501
161.07520830179192,30.391275215569152
162.57898667084598,29.874074371195295
162.19045271888825,32.12284678153312
163.5795837687935,33.74187028617304
162.40442902232692,30.868443670201682
164.1943146652944,34.19073948983715
162.49410613960754,33.77090061769436
161.95308353570857,30.78153388655493
162.29840879577347,31.008603369377102
160.91442143640924,32.52840575655014
161.24323742581026,33.81603219002737
160.05499845344357,33.530807678220036
159.0580899203757,33.807906858702765
160.01874576573198,31.975469258344845
160.63032816689045,30.77559216424875
162.1510232844103,30.792267972062746
160.96164472015226,31.389481758565744
161.7336163118697,31.41050888097398
160.00388234433808,29.303264074366695
160.85965937390267,28.834028248344534
161.85869337873285,29.659143580326052
159.0035431005934,30.56726572561069
159.00890344182676,33.615314601310224
157.00712539974847,36.26087632605782
156.59799255731807,34.87043633242613
155.5586031501771,34.50549179197378
153.59578379512047,33.826156495349096
149.93182342630737,33.10575730195035
148.28636781391754,33.16446903883825
151.3968464045442,31.15692163908449
151.5469095844652,30.266980782256564
151.56901287928667,31.35449116680286
152.12771336781177,31.882962929509386
153.87402429885944,30.859517425937824
155.0389015437474,32.76096481562464
154.48254014196297,34.27561885313354
154.91042225319728,32.27275365306214
155.06040526245488,33.90851863641306
154.87610014302476,32.45966320123994
154.3796436497261,33.94655444616612
152.44237313165127,35.957148762172835
151.45494709929548,33.45359270630985
150.59247945737903,34.78720116097343
151.89725391912845,37.42711508774378
152.0644356846672,37.6984156807556
152.76246536014926,37.37682125132647
155.08673450873118,37.07834992970833
154.4854224077717,38.04968680161075
156.29529959903343,41.29172233907959
153.5167665693284,37.642691073979286
150.1003107084033,39.433294958851164
149.68572378728376,39.81703752960808
150.49173237081206,41.45730182964701
150.76298529436576,41.98971386335294
153.33481672098603,42.480160744639086
152.51398873968233,43.44528242916722
152.86547799996487,41.8141316516262
152.59024210434404,40.040458101379215
151.37729296047192,37.86473595036051
151.78481951095623,38.69923907455016
151.20845673768008,37.897958442723656
151.5592452612038,37.826814625504284
148.57390733180773,38.47031733141731
146.16079884738775,36.197431118566804
143.8613582277311,33.18522693525326
144.84500416078453,36.07894579922222
145.0624332460368,35.065498840078455
146.61237670919493,36.67849017392692
146.99429011697083,35.26779655918976
144.70510296506507,32.45247834215182
144.40461477798237,30.88412997475645
142.5916797196638,30.3940354682508
142.32837704823302,29.120638124969297
141.58259622710636,28.595310339264856
141.8926971206528,28.789108059173454
138.7481859558252,29.6541833507462
136.7215678317158,29.89759355009344
137.71044195853275,31.38792506485546
141.4132661628344,32.80597648876255
141.8495604483976,34.30875666920742
142.80493745077268,34.82112478181898
142.0531850523477,34.997836711783954
143.46144321701425,37.097685307077676
144.79588441998592,36.2928461281145
144.32132254753145,36.67745981993969
145.01703582769045,36.7078989372475
141.29986049286,37.905484482335915
142.95420046171333,37.45021577526604
144.77661877043565,37.519186652831614
142.83578796157687,37.83208941324471
142.57719886826322,37.61804625780787
140.34152588620125,39.57304755354189
141.53540340129075,38.670382695968286
139.24196657101626,38.50179997666296
139.31808079295882,40.480634689133865
137.63472062324547,37.35293468195785
137.23253961018005,36.34084499181184
139.5538371385868,35.90942496050263
138.3889262251301,35.99611989589586
139.40014249903186,36.3674452193301
135.80737994293906,37.44543830519358
135.57863885914108,37.91959640944433
136.75689914566755,37.12895540592042
135.38539332185778,37.56625352626081
135.81784544579756,35.76916506046437
137.140248161867,35.47597005946511
138.4781424312686,35.07733382343985
138.0751509283938,34.6055396104063
137.08887109579913,35.02090149971736
137.38125766252546,32.658737597027354
133.56780132535675,32.04401444182646
135.08614149477714,34.6019247892519
135.96909312036405,33.97039718418939
139.57467021154974,33.55799895720284
138.6554836512612,30.98669771111105
137.9453133091902,30.847326090411627
139.07270717700803,29.97379558050955
136.400387342877,28.882545321056824
134.8141266659158,29.069543192606925
136.20211209316696,28.739419400655372
134.59062061924294,27.888540946319804
134.40898469263212,28.601303156183338
134.66325697267726,27.993112614385392
134.8340107877327,28.57965507279055
136.404891091578,29.308171728155575
136.4458247788963,29.60809953532743
137.9930165927765,28.121478982581767
138.5884681109526,28.409275276615197
140.53688321545042,28.882071062563288
140.13997052175634,29.669392773683217
138.94957194164894,32.123403453397145
140.71928978471354,31.971994170022125
141.46500207662442,31.20934252549516
142.44447841076646,32.56985775471864
142.71060111634253,34.750738534776055
142.31358936509008,34.79962603115854
142.76471984017653,33.87256747593471
142.54926749832927,33.16801559125421
144.5147079395489,33.41644075843979
146.55305473756638,33.674028931727875
145.1977366555217,33.624417292813725
143.8703413449077,33.04821159956847
145.39770584938165,35.009926096659576
144.56762306564994,37.11685922638819
143.58171235476303,37.72192046880282
142.9409196078019,36.38874748920659
143.3808660462954,34.825748754826314
141.28399221552306,35.11306823976133
138.3815915126568,34.292043855702246
137.57360287339714,33.162044618336914
138.68405750393453,34.51646339941853
139.80875978100966,36.6773116376491
140.8804389400955,36.2905259812932
142.0034924126779,37.64510717718376
142.56816149720927,38.08723101642039
141.09418298104993,37.12911233283304
141.03561794003193,37.835400691335344
140.55028070971852,37.10319109365248
141.04973219673408,35.100683817197364
144.0339273857156,34.33476729420781
142.07234812772734,35.2101606971121
143.92886140908627,34.69243666399076
142.67509087853603,33.24162592308966
141.27517469985105,32.125877011714906
142.61110562790464,31.463518219563706
143.94907347487714,33.66316221459871
143.31373753349956,32.26953503533951
142.31516191529244,32.46597356377119
142.33285804652525,31.771721344011183
142.36985055412168,29.444726574547218
140.5839213133817,28.117223222586595
141.41923474561503,27.338126943165655
140.94853574383953,27.388772901881854
141.17765701161056,28.42044455867369
141.19422983813155,26.811804995192222
141.8261135203077,26.495550205919944
143.23896868029553,26.60199319546478
142.5837347598964,28.27049981786833
143.826309160246,26.230274640865066
146.12765235368474,28.736609268659183
148.52490528044146,29.950267011815274
148.7670492533535,29.699614815938155
149.1536678881328,29.178688339355503
147.9079066089718,28.361218613140526
148.86245058568144,29.469860904925223
148.9016689198399,29.406189067573738
147.58263013043901,28.565466046358903
147.7894689674508,27.79452873346167
146.52525527424652,27.78625632137695
150.9769388873601,25.907987637343318
152.45401615799454,27.205588533240388
150.58381169091382,28.869637568619318
151.94423456196296,28.288595663030485
153.07789108652682,28.346412733749556
151.08461815998294,29.565850660443722
152.27170253679947,28.50133983302356
150.89424172963,28.374858938597
152.5293184084252,26.92080372292749
151.45732692453993,23.995799202159066
151.13855730752417,23.818155009398726
150.81526998396683,23.92314944021369
150.68050152233036,24.31971603973384
152.99621946567072,26.477767562996423
153.87785956621457,28.047258656112483
150.73214539347939,26.480285231012754
152.76728136034563,25.231780410437704
153.2635200077414,26.914357559926653
153.61030169715463,28.332773916678587
151.39977328121049,30.071661416119095
152.4444970209384,29.87950446089322
149.25970576824915,32.73862208248459
146.89189582194228,33.29799123160961
145.07567393749358,32.01675388129254
143.39854235695222,33.40898432858894
145.0075596126509,32.87412483413087
150.25118298221648,36.40937372889089
148.98734811307003,36.66803353611975
150.76035526481894,37.65765048193533
150.41275678149063,38.6716577325818
150.06515829816232,40.36027486499354
149.71755981483398,42.104219010198676
149.36996133150566,41.41927510259714
149.02236284817735,43.069221604865575
148.67476436484904,41.672406153807444
148.32716588152073,44.05732900788329
147.97956739819242,43.04206319923184
147.63196891486407,42.01459179756991
147.28437043153576,42.02374222489909
146.93677194820745,41.96226080135433
147.29709267761572,44.16570673801228
148.0905300519396,44.92273255914287
148.4294558477514,46.92058820221636
147.24723425705452,46.81341004863492
146.79377827140308,46.12572001180389
148.36072123618848,44.96930078143957
147.2326244918123,46.399200512335895
145.9782267466608,44.72810608988844
145.49055718235778,45.641539151089844
144.73131953742018,48.264012442020366
143.7473232297216,46.1093220639352
144.93922607016341,47.31099303710807
144.46780356731736,47.974161770613776
142.35577658845855,47.207638633800634
143.1368881175654,47.74139870305973
143.12411205671285,48.10326737132958
142.48466060139563,46.870105681998936
141.70540026970926,46.786556573458675
141.68097856787978,47.31476327784319
142.09578172093654,47.15795790577381
143.49291574875517,44.96896890782128
143.93958943676074,44.472186853631115
144.89790907589742,43.34242005474605
143.71812575276434,41.13846427029271
142.9609525029589,39.177940287918666
145.0709521736147,37.885943920484785
146.2841025363398,39.6835206422125
147.47245294085874,40.267123411846704
147.09082579186153,36.90737985524017
147.03790107148174,38.59300527078541
150.07164118707965,41.12347714742507
152.22576459447615,38.38939320311065
153.52097950117277,37.58606780651627
154.87762068585516,40.113834380439116
154.8880842057372,38.40258175147019
153.51699957828907,37.31358686947248
152.13369445682144,36.62255945964507
152.5086003218998,35.8074478943371
149.52930481224072,35.01807763050483
145.24598941222428,37.003942979986086
145.44444116875687,36.0508655533965
143.20821233281094,37.32845065900219
144.46642442415688,40.66820318233477
143.94993151536323,41.4190400878448
143.77520847268275,42.413144107169956
146.15178357921897,42.953822202162485
146.60549424143787,43.31591435614006
146.030054842924,43.49151165117986
145.56109660739088,44.20051494887499
148.37023841215643,43.72606981107074
146.4153902600641,41.49206996400393
146.44173076949076,41.37469352708815
146.3036817768241,42.81739592536198
147.507858643908,43.03119665101984
147.40897122130838,44.21513053984291
149.16271094693894,44.25974330923592
147.63328247663807,44.888236828689415
146.40725232947898,45.77277697993866
148.60525642294277,46.481509174827295
149.12138192565047,46.036060590575175
148.77149352930238,47.57738723108222
150.89692560133122,46.04933984105513
148.75481835037613,45.4315340616986
147.87887352125327,45.960693040285875
149.58847912225437,48.049508251635814
147.93200692833807,47.70279709032513
149.58919816749804,48.677706605584234
147.6148990006304,49.08986351391582
148.16839134510062,49.409978926557585
150.3625502599098,48.56451522908226
149.7424130839385,48.62550424923345
151.8467335028724,50.26979075097839
151.66514900182705,50.27303035280535
148.85118391226743,49.87842491325799
147.97598660148407,51.37953910535792
149.95713729939598,51.64016751389165
148.66962662254934,51.382273863340316
149.57499030097028,49.94826646499098
148.92844960107195,48.316307504242495
148.6676818637782,49.01095597050548
146.58230239732555,48.38108270987219
145.7724394138855,48.341784501437154
148.27425684644587,48.66528460191355
147.50548655399265,47.556455788354924
146.55874646948044,45.53901717674449
148.16585462724257,45.452572086554895
148.311822589695,44.41447090106748
147.58623394030147,45.45730452035487
147.93755275112088,45.93465651381895
148.12674586715536,45.36955366882616
146.9683895372593,45.57085791401366
147.5423151383541,46.6506686473537
147.49000740664962,46.26265080385824
147.13842832613466,45.918796841940015
149.8843185340053,44.14655318634699
149.80535219563464,44.29067874811941
151.77174157428712,43.58518370594992
153.45402275787382,42.7848130853375
153.55358803886534,42.867940937622365
153.80077874827833,43.025339388078436
152.00150011541191,41.16058217891152
152.67517290910348,42.06471194921983
153.39468368342415,41.52913545796465
152.75531303990195,40.796951118415144
154.7345669980598,39.845802878942905
152.3256785325132,41.453170126922075
150.5868339373818,42.42638234297743
151.5340858844407,44.311516768788515
153.31496355208745,44.46899690295483
153.54701760060667,45.669880519726675
152.60678562979422,45.026648711616765
152.0082508471486,44.903613546533464
153.4989450788612,44.28022087518549
154.56316758115594,42.88096806690152
153.27265252986797,43.027386602266034
154.72094164541832,42.64384557902618
154.26413532439776,43.787833241771395
153.0295594448411,44.30946491924074
153.35336645341442,44.43941125146076
153.49471035273348,46.149308705584566
151.1190438329953,46.07465520022749
147.55006997862952,45.12734632925883
146.77072077063767,46.986530517531435
146.4397634663303,46.95667826749524
146.29861845420277,47.02383842582016
144.38838289776822,47.001985625134054
145.34237171803352,46.42528641459032
148.52346374565846,45.98274067927286
148.47791052973653,47.25178147812841
148.39531127875372,48.354160585022974
147.7633637947013,47.68808128995205
146.9846457770405,49.26876187654461
149.88047643246898,50.273519032063625
150.93307585328887,50.49601131940127
151.0742673194551,51.43542083493442
150.90411179907684,51.88909313615773
150.51225052356102,51.41787050995819
149.5779749269534,51.5288796579014
150.16482322798996,52.47562519447839
151.40690669736247,51.64111559104361
151.43365176706857,51.30284227511589
150.51629289209237,51.18178125242959
150.73666261027478,51.06381956803364
151.1586501215528,49.28174570141792
150.68625247638803,49.243346544856415
148.78580404548316,48.80071852366262
148.887211668816,48.692256336489955
148.92476319572484,50.697029591402206
146.80971289196145,49.284024825084195
145.11632448261338,48.59500316919389
142.995104070194,48.36076936265158
143.44946088411686,47.76661829045814
142.58222166779748,47.90719124308953
141.54281095253782,49.34238411005724
140.92405073824642,49.93709622215417
140.30986853633908,49.857050374834415
140.18131306762814,50.33674551706117
138.27547020778763,50.35148193358898
139.12309669857044,50.8392630249138
138.37499800482323,48.90214061450974
138.16013153670184,49.58531422658285
136.22160713893098,50.42135832651754
137.48133426506777,50.05583665664613
138.8001036124671,51.44061863075284
137.19434824816588,51.09310628084331
137.04048551752152,48.92366837115192
138.35350443992246,50.02720221457407
139.49585494348676,50.58086850810943
138.66028570919727,51.569375827470274
137.19951827007387,51.37712747724591
139.73380737375166,50.87619041145488
140.23270322924185,51.545118451838555
141.06976352886846,51.688302585397075
142.03522490323508,51.25363244902775
139.5881007843546,51.53931875257519
139.5814669635506,52.14194466182333
140.43882352357812,52.56460751794182
138.47065558986444,52.18679392418747
137.75957136745353,53.62850172220502
137.65010424706279,53.499709639890746
136.8713182645541,53.59158533162303
135.18059924027048,54.18114421441427
133.85715735612317,53.94986845013566
133.67174535506194,54.092299818110334
132.74611648748814,54.47440394827637
132.1719635525023,55.01032772537272
131.95604722134303,56.840513156254545
131.7495331479545,56.67421757192891
132.9482867857243,56.7370150157735
133.0310483124932,58.183038568936425
133.11380983926207,57.581917088389794
133.19657136603098,59.690550407555314
133.27933289279986,60.35180496297012
133.36209441956876,62.66146583456887
133.44485594633764,61.87518144375197
133.52761747310655,61.2300338036376
133.61037899987542,60.81848050789585
133.69314052664433,59.82724215513564
133.7759020534132,60.19579999538803
133.8586635801821,60.34196022333288
132.58026019968247,61.75968792105196
132.78493765567308,62.4131371065862
134.5492140062842,64.04866054392434
134.2408021268464,62.15493148947531
135.29299846742606,62.96384012057041
134.48602198425172,62.617391369111616
133.6790455010774,64.93072505229601
132.87206901790307,62.8217844984462
132.06509253472873,60.42570295959423
131.2581160515544,60.81967064062334
130.45113956838009,60.122174490600635
129.64416308520575,59.177364352044
128.8371866020314,58.813730611353
128.03021011885707,58.787677895513546
127.22323363568276,58.59086536177732
126.41625715250842,59.510811113483335
123.64846407880412,57.96979246264117
122.72543475581942,57.723644632988645
121.25200758200755,58.16096794203491
119.81783987552407,59.35575995476593
120.50119305023826,60.09187920106229
123.29022304675003,59.088028959816384
122.13223459986062,60.14114473174168
120.67647347174805,60.566769578475046
119.4631373330098,61.37548579169892
119.10277498552401,60.90703833577906
118.66449301695745,60.61519627691153
119.10033338243018,61.90617046050482
121.03706594679814,62.15275979335228
120.31819123057764,64.36269202503503
120.22384455086026,64.64646794636243
120.2874224651202,63.567246816744486
120.41658808794813,64.31784540133107
119.09428121988421,67.7002370123011
119.01210596422014,67.3135570495682
118.43426137565923,66.75294792223973
115.55740145666044,67.05527757135356
118.11371759683661,67.85666216741119
119.03189131777896,69.35402713560704
119.6011753499508,66.38383053405502
121.19270943391578,67.04906259898401
122.58442007987414,66.50274081247412
123.71735953047833,67.70607113207467
124.25527603502874,68.1356581426937
125.33495286748953,65.98368405913224
126.78216147968197,66.00288013323903
126.3073000372881,65.29050977328033
126.0567814988115,64.98832593543202
123.78178395033817,65.22750252773008
123.49019226750012,63.32648480294683
125.25825914275912,64.02432636143014
127.41878102270408,63.38084286489894
128.52020005801987,61.98519497091956
129.23732643027793,61.54451928291535
129.77523718479034,61.544333306813286
131.63877764987276,61.265792300897296
131.95208755105492,63.17578852661704
133.01405175209985,63.24757258719381
133.34937430429693,62.933864779703974
132.9191373358414,62.71476317114065
135.01716365896152,66.9643066385932
133.51365181040288,67.20027326097822
135.97791912792977,66.90653796887014
135.22137928827786,69.58059527653643
135.25426988945304,70.82958803031164
137.37559650016973,70.60790820169218
138.73462256782074,70.60235958547919
136.17870799977769,70.20620006570458
135.81314726612922,70.30722482499422
134.90265576171439,70.6000849770184
135.5949189263304,69.69615226773823
133.8234368373226,68.69309124012462
133.14563642641102,67.29044954626288
133.72563411429027,67.537013018851
134.62585878272836,68.0860347219815
133.82575734494353,66.12159575183443
133.40262517128488,65.79675213372963
130.97839063348556,65.0858399193155
131.73643137397806,66.02263665161664
130.82396350189555,66.90550801237991
131.63605913494942,63.307999265306286
131.1672580322287,62.6705793205985
132.73792470389523,65.39087919154464
134.16601049054782,64.5438246206609
133.9998764412928,64.72629275921405
134.03718357811292,65.5063000084859
131.7700854100729,66.04914155992024
130.72121948576685,65.75079738319657
132.79459106800834,65.73542939084595
134.78148841575978,63.75222033765662
133.66404400041043,64.00727250991146
133.88186791145918,64.03727377614382
134.36189415222813,63.078841859237656
132.74824294294552,66.69162912344021
131.95393390822125,67.79095390299453
132.86429621041495,67.81057119430044
131.9247039716639,66.80104943432235
132.61980410218476,66.52820460254054
130.25904576716627,66.56013014102706
130.12499913725583,66.06275515127429
131.9808136119739,68.48656421200673
130.84146676325832,66.20509867631489
131.50831389425488,66.34337776744998
131.02900755729812,62.62215132743323
129.3737138025775,62.18073941213777
128.9604183885188,63.77243375045072
126.06333394523703,64.81049986343777
124.10723789700768,63.22308315481855
124.31274271008431,65.72251929813939
123.96861510233964,64.6590586563975
124.22542660426735,63.076535184149044
122.62913932089371,65.6947929366442
123.88408656418555,67.13564681600106
125.33014587808574,67.27787318390693
127.15473756364322,68.72926370149703
124.96205334956981,68.67584140096282
124.37652448705069,66.70803975319699
125.39625710917295,62.55148829231139
124.01412359025221,64.96847180642689
121.91461572219282,64.3227468447028
121.17628271446279,64.10977607842507
121.6956311217717,63.472584000465325
121.31742207999969,63.17686126716446
121.36964866028235,63.963591668206085
121.2950336959518,63.94315545293914
122.02033997448406,64.41363044368308
122.04028978052858,64.95154311271286
122.12746623100561,64.64710081029163
123.65452863304694,63.08152698786496
125.54876416268277,61.50279570224867
126.38651844994682,61.424363392791456
125.59500977356083,60.42120369273161
126.09501519142859,60.60811601556306
125.23637156735907,61.6155462071576
123.46954307685759,61.30916290270482
123.66278212995324,63.868948874713524
124.07087438183238,62.63610835202624
125.51961411667077,62.76680328516209
124.98473131237539,60.87166129435808
125.28299137579951,58.99445423140805
124.63975851621102,59.509159211154035
126.9911207264003,60.337390955999034
128.41088547237766,60.19648830936763
125.39761916547539,61.23173750168938
129.16737063543704,61.907969795273104
129.21905112817998,62.944586867654294
128.28165029005365,63.14119437207344
128.68564754045866,63.65012322131341
126.50298339930238,62.66210044135757
128.97328506957558,62.756042249424304
128.70102858324498,60.46155074366043
128.42877209691434,60.19326901655615
128.15651561058374,59.65880330643629
127.88425912425312,59.2961479719779
127.61200263792252,60.88692518012853
127.3397461515919,63.245304376649564
127.06748966526128,63.39640027990379
126.79523317893067,63.2820882033431
126.52297669260005,64.71373996503576
126.25072020626943,62.447744253263885
125.97846371993883,60.918691355986475
125.70620723360821,62.544406312166494
125.43395074727759,61.21860245520688
125.16169426094699,61.4137002679655
124.88943777461637,61.114419199504034
124.61718128828575,61.17600449070945
124.34492480195514,60.34776040936762
124.07266831562453,61.55268151817425
123.8004118292939,62.53689047201932
123.5281553429633,61.31183083642405
123.25589885663268,60.12659018750481
122.58972417867024,60.816100242440854
121.12173318999585,59.531505780662556
120.07325932390715,56.34378259134911
120.79416088263024,55.90489511882665
123.56063148837823,55.39628604931036
124.13257474316326,55.99537347849643
124.07382229478571,55.08449351761772
123.25176349865987,55.676978658632706
120.83933173128814,55.585871191352346
121.48617515833327,54.84091187073636
121.8196560014495,55.767345634959945
123.05161097220315,55.66344213969214
124.441272823523,55.15086988287276
125.85368902331686,55.35617565459095
126.08853335715457,55.85521658430534
125.191451153323,56.067492279453276
124.8368559113211,55.07681784936343
123.7346221554124,54.263566259775935
126.46865519335954,56.49456290071794
126.04083630363566,56.00311305036387
126.4331722664701,55.42481811480476
125.43077951201333,56.47004568901138
127.2310549584162,56.4785381465793
127.7893972440849,55.956199990313664
127.4455676452945,54.45013794045019
127.97530000372883,55.841629899424085
129.12294663401667,54.48109936249516
129.0472862652159,55.47976750209178
130.56829670721095,55.47895695690776
129.49344910597742,54.243963070418474
128.4995111514234,53.97526922734909
127.56794450163896,53.85611027069699
129.5444563832509,54.23143146460038
127.46213518077846,53.400838380882874
127.31207115392624,53.84042596412993
127.71182434107322,52.65284009830399
129.57827872800036,53.043351664919435
130.0290858766793,55.29736458641792
130.01125747426082,54.34484688919125
133.3399191709,53.5949469181229
132.75019437639432,53.54767045560155
131.2332204467023,53.1608071107771
130.74510595017463,51.42290311854866
133.0019496849977,51.80797667002971
135.03489312317186,50.99203999399784
136.4027396843367,49.64503787331094
137.06963034880457,49.92608983620582
137.2369649287955,49.30336422048253
136.55236876384683,49.387439083510756
136.11929587925655,49.72731501742756
135.5415026649208,49.60749769387394
135.83399638451033,50.49602669169771
134.995340428939,49.12185425388683
136.15029831262564,49.73358065244969
136.65512867474303,51.343328979458306
135.92050455309985,50.93502562857923
134.8044469662006,51.88859773513036
134.2316591860443,51.94200728774618
135.74057614331932,50.72154139869334
133.95551539067606,50.1133983812404
133.50221748062023,51.34535966071295
131.66349489664248,52.31443023328813
132.74328848048685,53.53549007963223
131.51519324172017,53.839963937382166
130.58646223969444,56.94977528847683
130.64637735079302,55.437150602820005
130.87020057322576,56.857024874412424
130.83144357986689,58.19254345218907
129.67304964975307,58.4314461597492
130.28186860654895,60.2398453585424
130.61022867340802,61.767049923393365
129.99202603888992,63.51521738956218
130.23880741792385,62.910354137781106
128.91272744862954,61.93311082554416
129.89245622249067,63.52023030292965
131.32309145115397,63.680799968568024
134.63894735897287,61.32486372966269
134.6232291901468,61.25424641055768
134.0895180009076,60.1428558866997
136.26994038251803,59.68526570076948
136.80566080569054,58.823279524935536
137.1307197970962,57.816237617530305
136.26655045940706,56.979032775748756
138.35893759589823,57.40167427040165
140.2720424085206,59.60832785967878
140.02682513432018,58.339923715410826
137.95214117747292,58.95248509208051
140.0285445390605,58.40226733408523
139.34472684697363,57.046959432749844
139.46663581479123,54.76654446466485
140.53479785965703,54.07903811785251
140.42026899809366,52.02157214293443
140.49188230673033,51.2791272345751
140.6956784675979,50.438468894125556
141.63099386348975,49.98384642984655
139.08775373091456,49.76240965771743
137.39698660606456,50.260891387496365
138.77868751782316,49.57941063537084
138.6037717293747,47.79455325240027
140.75498492770808,47.50297588598038
142.00101786673244,46.672045462432806
142.03635159000655,46.80474155383934
142.77521550618954,47.33774760489114
142.28742762104864,47.219205745403315
141.58833222506897,49.06089356190483
141.14137276813696,50.158704499428374
141.9903766434391,51.313243961017285
144.1660236378549,52.05214287211387
145.03728602121888,51.923628758739916
145.17580558595353,51.82019413312866
146.7944904911084,53.3326687631124
146.87606749680563,52.33857357023596
146.04934152113742,52.006230164268544
146.08341317534226,52.92588728421472
147.50270664709117,54.22093127115795
146.164656989298,53.38636206915547
145.83323856196188,52.49201535160911
146.1147772484665,53.246376227857404
144.98262602838648,55.3783100227042
145.55025001131654,55.79404085990262
145.79093093554468,53.97235393774284
144.14748162745676,53.00790513934145
145.7722655065964,52.994691748029936
147.13853362788805,53.38287053168256
147.81855440783465,53.26637466095023
147.93080996444863,54.57968600527565
147.96507634059355,53.98680371839412
148.64737224827599,54.572391794261726
148.41397612094696,56.857970759940564
147.74969906461337,56.193318433968656
147.8786650128532,55.6708795282851
149.4595449240959,54.804560234178076
150.66866278064523,56.317549001967066
148.6845004725029,56.877282480979986
146.0622834652274,55.221761561648776
147.0250656972791,56.68925029315031
146.8907878464629,56.664216826396164
145.40919737269476,56.599158410489395
145.37619370318933,55.27943096406998
149.6435135066354,56.07845765264883
149.70849795830617,56.44754086805782
149.2009058376037,56.09261124591092
150.49001803864735,56.6958857144673
150.39373365981285,55.08794297112593
150.53513014056102,53.712666708752515
151.32790834684937,54.49690060253896
152.22625643559124,54.64210570918406
152.54039653392235,55.25589569951073
151.4938932256622,57.30985635311518
151.6709639278242,57.70485003880412
150.48236014659113,57.10772416536608
153.64868286055335,57.56309395529632
153.00807552664062,55.9305955607264
151.30849514895067,56.36613317471433
152.67552340540612,55.25501171104311
153.39157305103444,55.105672321345494
152.6716008733653,54.851359595847185
153.1896179774316,54.664145723855135
153.06643169562975,54.67795706579366
151.488738363923,54.14360272661846
150.3963485342715,55.55409689282219
150.12872211989878,55.16357134084989
149.85599880950994,54.31133330666038
149.62345894230108,53.56255028979235
152.02898127484252,53.10853719280898
151.0813565131276,52.76678048160295
150.82369666853927,53.67810389662949
149.34075001028444,55.08196128986645
148.38368638696969,53.923958712582234
147.37048472162257,53.39733133311426
147.91871489892463,54.896004952153774
148.75767809402484,55.033294986065606
147.89571600985735,57.44872542820113
148.0971050492507,57.00167817570591
148.66034738176222,56.02510016861027
149.41976041308138,57.25116489817544
148.52579754121447,57.91049733816809
148.56110707299044,57.04939179220932
148.1565740112092,55.4760179012673
147.41303182918696,57.00133242006849
145.8840882646469,58.61885962997176
145.23268838762448,59.40573398725441
146.27028870075893,60.17379286403994
146.56991622430945,59.54549072650495
148.62674050851453,59.38789257105924
147.06492504157848,58.5706762377777
148.1190710633431,56.08908670133684
148.6791926345044,55.59009913559084
150.31098826599032,56.41241095679918
148.6749709135651,55.92708506076625
146.65844532740041,55.51010693156441
148.46027822028043,57.399750321792084
146.39898476873668,57.42158785089437
145.64271355401382,56.5314926161426
145.06132488897674,56.207040128687254
144.34722253621945,56.69547546613268
141.85422685243802,57.502199331081265
141.05348644608316,57.496060487795155
141.23503984642062,57.51528796939442
142.9626716949217,59.1087554477186
146.6813624614336,58.99203514658795
144.38283652451506,58.96535316083644
146.7896279264386,60.75448527096301
147.2748341219207,59.44057534285674
147.61696378484282,59.01739187443713
150.06847674171894,59.69118450355417
149.54831490190557,61.4391407469738
150.77953744422885,61.268394259672235
150.76979171300582,62.177357668609865
152.24299236532545,59.85447210665828
152.91860246685695,63.16272841079369
152.29674882268702,65.91654552794607
151.59960750372946,67.22651076455901
151.2661524799483,69.52594474263478
150.93269745616712,69.3477777795348
150.59924243238592,70.07516621975265
150.26578740860475,71.58883208123814
149.93233238482358,70.63193730159153
149.5988773610424,69.68272618361539
149.26542233726124,70.62772746816786
148.93196731348007,69.53520324570079
148.59851228969887,69.10264544785275
148.2650572659177,69.37291083559822
147.93160224213653,68.44185322583745
146.12419025320227,68.5497632901861
146.87823917662655,67.7711817568737
147.96027300848587,67.32501725371871
144.73342893796197,67.7035474613866
142.5035907276224,67.56210959980943
143.07967610690426,68.41835584887308
141.82902836199474,69.55571171387481
143.14304755919295,70.12337708964166
141.8679776275278,69.80383228084149
143.6556773018449,67.70727406245453
141.977801451137,66.30311478438567
142.94136879164805,63.91087506109289
142.00162342575416,62.8711165717584
141.2835850371612,61.17757878258664
140.47024038885075,60.73594931036205
141.6577355324712,60.2141351267441
140.80807452339192,58.98315774018581
141.0724293041015,58.39598298865677
142.5702832502694,57.600104730625546
142.1591223911489,56.85873000187009
143.9772725211812,56.10697074842937
145.5202299496585,57.18876045173735
147.57852945063672,57.269531004609355
148.3532338071229,55.436828376551475
147.61504516193327,54.500604857440884
148.90979637029847,54.13918218574004
149.59931922088387,54.14353943418695
149.06854059428824,54.14223354207339
147.99959564763597,54.5633300204476
149.59326525432812,54.12277512276435
150.01845533003885,53.58293357236019
151.22947915328223,52.58627310549505
150.34497938662966,51.94191730582582
150.49715756467035,52.364156797068944
151.66411643447452,52.735029812444004
150.62939992083557,52.63515754781691
148.1325667923499,53.69404820986574
145.7529748703542,52.8791263985465
145.5130909443603,55.09798319461431
147.9929909077676,55.18794036036481
147.91874695308718,55.17766071273834
148.95205443217014,53.40089317371306
147.64788460651735,53.621395928047896
147.41150366903466,54.32617116578204
146.3419277706842,52.62077318332696
146.78417137263716,54.57099094411547
147.3938720279753,54.01480133150024
148.10981132934975,54.61432318099559
148.43268337270845,52.87082180181239
148.87894185595874,52.251349195841065
150.71630198658613,54.07343478492612
150.23304711267002,54.78145299360136
148.43412535836913,54.65438144727685
149.21400646430143,54.95645750816926
150.55951161313558,56.09258085180145
149.49891833619975,56.83156582540617
147.10489964202418,57.19489994204494
145.53936966007038,56.9158310146082
146.94727856729162,57.392845108192276
147.06818861717184,59.14787157771967
146.0733991251279,58.450724956716954
146.93323565873072,58.2626206078883
144.13308383882207,57.14333376707239
145.04331056585823,57.558416794096466
144.1680454674339,57.403704561453154
146.5007585697667,57.15667207750801
147.7380177008088,56.83920427082762
149.30354402829667,55.8149824288511
147.40332997249374,54.58803168358249
149.70760202527,53.83624635048273
148.16662924465356,53.21425569655796
147.76529656839077,52.28846601549392
148.4787469397836,52.553108824854846
149.15699116805658,49.43666302809345
149.5882770324733,48.091186287083076
150.69604932094765,47.65035278892462
152.3493960574637,47.488428854427184
150.13076057217006,47.53864664090368
149.18577805565283,46.73404534543243
151.14702105498446,47.050405249542784
153.16007395733016,46.340178708328935
152.98272661249683,47.250863610053266
152.2924043731274,48.5644771443314
152.16973811275875,49.153607213754576
151.66619058272633,48.71899750200092
150.68156716531627,50.02342724043341
150.49882607804312,48.82490096143424
151.53539858833105,48.83581371440018
151.3448806673062,46.90762884643696
151.6869263206484,46.96224260234023
152.06267338083876,46.9854259446312
153.0966461976754,45.9634720682039
152.73708665256325,46.3790741294605
152.40366045426427,45.721143190608444
155.8084550573998,45.40329130407254
154.581571206849,45.81814613071979
154.99399138003008,45.33111630133087
153.68141948683353,44.16741903740115
154.74066547899952,45.10487259900495
155.04079455971865,44.306026724865454
154.6036813434307,44.94891751737889
155.9724660455542,45.51365172633536
158.46189879501682,46.480347071477645
161.41433737009973,45.59149821048325
162.02123978667203,44.19724591102124
161.14231096585004,45.59829850241092
160.82391620209268,44.84319616422822
162.44463693574477,45.38823034389682
160.97056880094559,45.61604220789487
159.09016171188892,43.789133716911465
157.70425427167697,43.51556605181284
158.62318475100045,42.51923909933446
156.90073191697732,41.34728648262358
154.00199557307496,43.07318174763449
152.8977440240972,40.538171021310674
152.63120769834646,40.882617909897334
151.6974237444675,41.49247733105618
151.28080307087544,43.19483773348831
149.7111876080278,42.878124964972265
148.5872155233782,41.86400555046987
150.3069169298486,40.7491308044954
149.12654920845557,38.2093740585323
149.09986418254553,39.521943805685424
150.80556233345493,41.19069368184183
152.0344187056059,42.24185263134854
152.90603033715448,42.96947023574308
153.82272637302353,43.33307753206988
151.6388595810093,44.76153140393958
152.14272961193245,44.19916225032369
152.93225544794825,43.728591461084804
153.50633823732784,41.21892959024055
151.85353781130334,39.904847209926324
152.65700434940217,40.78185728255413
154.25544773604923,40.7735447715601
153.03791483195633,38.54810087480485
153.0984889119553,38.2261395195781
154.24010599846648,38.27327525672551
155.99730767954594,37.635708123682406
156.24775896597114,40.948163445243495
154.2425494518905,39.592182775226945
154.1380053105042,34.144685944098015
152.41096810889263,35.51171456899725
153.96103589413667,35.11525371223293
153.11007463392747,36.27824800751669
155.15349454008583,39.09369262789303
155.98753352496942,38.79085438276178
154.90557114226513,39.177075965920835
154.01898318301636,38.55183168588337
156.315398983705,39.39004572383904
156.1874259881252,42.39089785450839
154.92179210290516,42.91094622168957
155.10963136750547,43.81681886713795
159.1683401081381,40.28550606131273
158.31178748052304,37.106262612063794
158.58940610962696,36.661667570090295
160.16264539168188,37.02081764080026
159.86943086775707,38.26535777665132
158.09573977812562,36.93409362988639
157.50606421820387,38.05806381720249
156.3826384908563,35.95885754485808
155.2874929010232,35.61108929343925
156.85685367898444,38.28321135413998
156.41350448992742,37.606339474151504
156.39489358886772,38.62787220889671
157.8075717561584,37.28756625447705
156.7925241042093,41.20343692083741
156.17919847067992,41.69723223542076
157.2594035509604,39.91724516550566
157.67228487477175,38.18690436832584
158.4250051903002,38.10156706545518
159.7254337827942,37.743687001270885
162.58445230372462,36.13044990006762
161.72837970393525,37.230147861674574
162.1137790133051,36.6858794075719
163.50322984543098,36.57302222670666
160.79964581537743,35.31362653206067
158.08601073865128,34.33561749694251
159.1225849708214,33.37441289204794
159.2416909410739,34.016501853457136
160.4590418293648,37.08216034859805
160.32442485947251,40.78970600715873
160.18980788958024,38.72611155943588
160.05519091968796,37.43507398121923
159.92057394979568,40.07194587347509
159.7859569799034,40.20641479671973
159.6513400100111,36.33171587619352
159.51672304011882,37.487755048853
159.38210607022654,38.961104576988305
159.24748910033426,41.966411607616266
159.11287213044199,43.5244297581078
158.9782551605497,44.750687456645
157.63314213848,44.600485851529385
157.4483737272314,44.98711436250144
157.71182741628772,44.436271707471484
154.12310907051568,44.39734775448995
152.5881008802012,44.49969500565793
154.2787466635107,46.27556105565667
152.49238654560816,47.35067216845562
152.39653794027132,47.40208694719869
152.300024027208,46.99617775545143
151.62582774536543,48.193609615266006
149.32035862854596,48.855907393338605
147.54371960704765,48.363876687711034
147.63490696017732,49.608409841106685
146.201638863682,50.72441824616518
145.85420530175458,52.17315889938734
146.35326570570348,50.468923272057594
145.32650342779277,49.597167707167785
144.49964131448925,48.38191842557668
143.76481175753435,48.18670941035734
143.1236146833379,47.756076818291
143.6176875619026,47.5097749338673
145.28171406256303,46.30587928112987
146.94574056322344,46.66448408765483
148.60976706388388,45.78168027847124
150.2737935645443,43.8549853485326
151.9378200652047,43.1746434129599
153.60184656586512,43.88107538873009
155.26587306652553,41.99553575515275
156.92989956718594,45.026060108628364
158.59392606784638,43.414614019466896
160.2579525685068,41.02600040582759
161.9219790691672,39.34609298552531
160.39672665173208,41.533749032442756
161.27186628995912,40.810348212806986
160.34104223005713,41.24644254359353
157.2621229600464,39.13110967227991
157.50096920367395,41.969320710313646
157.71873564580065,43.76581402073977
161.1549005812954,41.68316377245412
162.22500134535665,43.43473014868075
160.85037037639236,44.017220196200626
161.43576693754207,43.427517190134076
160.25250241149254,39.466901470523894
160.0874861937335,43.196736693677714
160.44070133378986,42.45775458901905
157.7359567081749,42.431178547709784
160.4147502579661,44.31729311097668
159.16146437221443,43.75420580326321
157.34365640579588,41.03531660586204
159.49812694533927,39.46076836187847
159.0539512069841,36.94676834051423
158.78863251295982,37.70178587874529
159.39316025896704,36.69529324192184
159.18930990349915,39.54506991078341
159.90067425690845,37.004795386793546
162.21351179117588,37.25145011243892
161.34525139511996,38.20293585331097
159.93834186265815,37.70840719077736
156.24840652896515,37.8594219444655
154.14108228004014,40.13680724122792
154.21191182827377,37.76349387911959
154.2827413765074,36.189051466495236
154.35357092474104,36.11992521017982
154.42440047297467,35.56775434562699
154.4952300212083,37.64882635832849
154.5660595694419,40.33061681697768
154.63688911767554,41.79302154431608
154.70771866590917,42.734250868226276
154.7785482141428,44.153046192530425
154.84937776237643,44.82316283574861
154.92020731061007,44.988402556164985
153.2995686103854,45.49863995281839
152.46224016978778,46.921653736194486
154.2893892307838,46.48271057415494
154.70665782699612,46.5655921689458
153.97973282369742,46.18118097288493
154.534735976837,45.47844069350398
154.97556086306525,46.52733637831253
155.83300300738648,45.05916242060047
157.12491230695107,45.386582362261294
158.77295240934518,46.99269454484358
158.68322368077006,47.512668809584085
159.9004243037532,49.39206797915588
160.07057342257377,50.39769721056745
158.3446889768951,51.646129018638305
159.1058383313465,51.67420990558673
160.02306935400335,51.097887844229696
161.2192607659998,51.416755563060434
157.947985096558,49.24952528009618
157.7970200100043,48.84372639878769
159.080550704532,48.6584861883113
159.5921845576371,49.118750031132464
160.52111949425796,49.116537328856246
160.38303807053853,49.035219345857726
162.2430108107269,49.67920121770938
161.61706592355438,48.420868151419334
160.12608227955843,46.7605297990547
159.6690475215518,46.268319714146386
158.2991104789022,46.93900427338408
155.2717807878549,46.88686787085855
156.6696146523221,46.76638752813055
158.08764087160765,45.98862866526953
158.041238721237,45.409697910911596
158.43120106408827,46.252971368956885
159.02751316292284,46.084032922181244
158.485106222747,45.00293886300221
159.12156981706636,44.13498720019383
159.7580334113857,44.420609367991446
160.39449700570506,44.993325973985215
161.03096060002443,45.80303240304776
161.6674241943438,45.19892453978259
162.30388778866313,46.43634217097109
162.9403513829825,46.90799685293461
163.57681497730186,46.22916661595499
164.21327857162123,46.41843743195861
164.84974216594057,45.85129001134268
165.48620576025994,46.43075692436269
164.49986648940123,47.41729252255618
166.58091501687966,46.949900326287896
164.95105061734847,46.752921716911366
165.89928398859024,46.55761401129118
165.66878833087506,46.29504774862508
164.83117912643803,45.96110352250677
164.78257587068586,47.09248293748526
165.24053579325573,46.1703249935805
167.9460769830676,46.220002994045124
169.6334966065724,46.75381529338036
169.2901675910838,45.99267682748886
169.49166737125725,43.712287406853605
169.99483115434137,44.84076342980941
171.21812045840232,45.1356633810168
170.1008846423539,46.04584693047727
168.6849885796327,45.51375747949979
165.78225662751186,46.36616051810011
166.29184833193634,47.350121031365376
166.4104044440395,47.25649812380778
170.77732560393508,46.894478746241816
168.8272980162339,47.1872488113071
170.22262433045105,47.31616853516847
169.1855097093919,47.78048420578583
169.18269270229493,48.46194062563027
168.0749186168692,48.87830535871314
168.52678322403509,48.63933573632986
168.6846452970759,49.2113972096536
171.10497884474373,49.496580332009735
169.99589725459668,49.5045524583478
170.3997803788266,49.59956338269134
168.67841346169624,49.63313544410957
170.48941184444584,49.37085726432996
168.91354027979588,48.84924635996195
166.72530475985417,48.20593797248327
164.01617004064104,49.34509260705028
164.55688602175724,49.555870673407014
163.61893358569108,49.070559095720235
163.15948362440594,51.57476995221857
162.53669646005338,51.48608355485178
161.02635428457157,51.777181764636296
160.38702547816789,52.32043639157861
160.43766905452478,51.87929020842755
160.20717843509718,54.306965913074634
160.87832223135192,55.25238120627384
161.77129967538474,55.825468959544736
160.10612780670002,55.68692139013048
160.60975386035707,55.48636321451617
161.1768479657935,54.97149085656152
161.6432263987472,54.6368044591541
162.51871052577175,53.85296432553376
161.23163201251216,55.01454042575218
159.29543375654976,56.34943122261978
160.77949096768606,56.847180164951205
160.84741981313107,57.79603257210173
159.22526445632224,58.40105466251628
160.26966943360338,56.88368257700937
161.78590486468735,56.085863357059466
162.99322771655847,57.28491340914791
163.78034077012214,57.74579867215694
165.3742576475513,58.84824954371352
166.76437235438544,59.51201672034396
165.8915503202062,60.02984435814801
165.98400699111144,61.26637051395839
164.71209631263756,60.46408146908096
163.52716909262588,61.216639167284
163.24532383976228,63.910464682841926
162.3484433049692,63.28195379653969
162.2844673793625,63.42044241621904
164.17145812824225,63.692791021320986
162.06391853084597,66.89396829004568
162.92999002262331,68.18537561540221
160.0167641389973,69.84332160303465
162.03361055109193,68.20372661650507
161.9498454246674,69.49423528792627
163.97383891873798,67.95698276498747
165.3244479311359,69.53538809435999
165.91430996770123,69.62004895550938
165.81039969215624,71.10683020096847
166.26642485084363,69.50512592848409
164.73913568772042,70.50769026625663
165.48626244300655,69.65301958321194
163.74723695036434,67.11795615166288
164.64757095820903,67.61054034452017
165.86921775644933,67.34925340758993
167.25326424693404,65.27822281643049
167.02789706676586,65.00435781641491
168.1508915630971,63.89820963371163
168.35173524670097,66.108269695289
165.4163373923721,66.93805408512829
166.79205388847373,66.3869828409338
166.94127322566678,66.9077599252355
166.7508605746543,67.07914739715517
166.0856453350216,65.81133450250893
167.59649189980306,66.06826140328366
167.23915474669718,64.62639200325776
166.81333611630862,64.59271749035919
168.66869913616495,65.52998950094239
169.79277181859746,67.93073701795555
168.86547637588768,67.14444712300642
169.76232745846926,67.2585723954268
170.08305985153342,67.97142307942099
168.6016981973849,69.58514710024889
169.21541819317503,68.74763888621729
167.2219752584235,69.70755169465582
166.59587198004414,69.75269095672157
168.23914845484518,69.05712177086819
168.08911262269916,69.74936681597634
168.14806745266594,67.38183940326648
169.39293583014347,68.48320276759334
167.654369070199,70.36870394905098
166.8830583446257,69.63581577627771
167.12288408695025,68.6868765875355
164.83281486371246,67.46384031738341
166.60898893335943,69.01172158698294
166.32540237794169,68.79246816136954
165.47232023832987,69.86516498003735
166.96284700213286,69.82784981100632
168.61660797109943,70.15810172790171
168.45868782823598,70.66300201993093
170.43658191732104,69.37436827323562
168.05681529935853,70.8596512564371
170.4266083845306,70.93861373429213
171.58636542454127,70.76954472027445
173.1723966861048,71.15497833785156
173.23703065210913,71.13038727779973
171.10737746446748,71.38903894693996
173.6673525731066,72.03407402551044
173.2838779260019,72.37853572424766
173.94524669113125,72.84641723856518
173.4044350501517,74.35624117051663
175.1010787812915,73.25723183772104
173.78712174375045,76.65818061818455
175.0665847743482,77.45619020411954
177.13730584933637,77.26605437085782
175.18455558885807,78.32208974550772
176.0553237016285,76.83961035258092
175.89169190975676,77.26542982483815
176.01944891626738,75.88116664979525
176.054964971129,77.87835592271526
178.38413627538333,77.88236953569809
178.45081583330978,77.72630637088038
181.41444668381797,78.2737326705856
180.04848292315992,76.93655782332381
180.03321147923876,77.42254432958916
178.4796473586767,79.15709603550596
178.5251206522901,79.69033867754824
179.9528703013966,79.15933037082583
180.47260859216505,80.71368420241365
184.66276681612436,79.57548489615047
184.95872480843946,80.31926610564562
184.2520492687283,81.08365669907364
183.08268254672274,81.68507870190501
181.91331582471713,80.41295837550689
180.74394910271155,80.83462451333496
179.57458238070598,82.3112193386088
178.4052156587004,85.2531735741155
177.2358489366948,86.44134757194043
176.06648221468922,87.22879422239262
174.89711549268364,88.12741950008603
173.72774877067806,91.4159595119568
172.55838204867246,92.71623819925165
171.38901532666688,91.5655638896402
168.6191507342353,91.4459022458287
168.90559533809022,92.28079470406976
171.62354745300235,96.04187139756044
170.28179021204934,96.83168698340704
168.58769710514957,94.81103028460997
168.85813057596513,95.211597381129
169.30346523564043,97.01577951409904
169.25578060665063,96.76177569501378
169.20809597766086,97.14227242730391
169.16041134867106,96.47382220300833
169.11272671968126,97.68265462356776
169.06504209069146,97.4928884643554
169.0173574617017,98.43240318687957
168.9696728327119,98.28215504843061
168.9219882037221,101.21354985433722
168.8743035747323,102.06244266488491
168.82661894574252,105.7377488728691
168.77893431675272,107.37571261517743
168.89788958258848,109.1785599978991
170.65614190449804,112.08239859319079
169.16213438815862,110.23149189424255
169.19469103285493,108.58711357863953
169.65531076705378,102.35568882658426
166.55132027094305,102.16065499294179
166.689365994472,103.1370200603403
167.3149722462726,103.48954137434511
163.88241770502782,103.85646936546604
162.83948840257335,103.9231968508642
159.07769099793728,103.70552467251888
159.9777136225172,103.6906888737187
157.6120259503739,103.95732905123096
160.7572430734345,102.85231416038819
158.3771693416262,103.22187558394778
156.64394474694222,106.3924729838596
156.2446878801042,109.94447332601473
157.29162259317732,111.7349069500922
157.36012888393296,113.26011878682621
156.35975317340936,115.03895831247792
159.82261606865325,113.45186663451068
158.80264696070222,114.92444522521699
158.58851365146015,115.40579305236942
158.65865753343854,113.28069743532025
157.05124263823814,113.70800263567152
155.42312707917782,116.04294362605737
155.03930656258507,117.6492527303991
153.90197851413856,119.05381473557006
152.50280115708688,120.2874224651202
153.0019621405013,121.24130089915813
155.92419648463195,121.15769328269688
157.92102785140975,118.49547243061983
158.70164501103406,120.58866001790433
159.66193411926554,120.809317470978
160.26261352521672,119.27590377931945
159.25294973030003,119.78906285651394
160.88162070550268,122.0585185046009
162.83577840288882,124.63975851621102
164.52468858778752,123.75309389130705
166.00891120719933,125.431980762109
169.90948570765957,125.33495286748953
170.46759300405964,124.94203712311776
169.9285902809347,126.01620758163084
172.88572109350727,128.02617890639564
175.75736730858955,130.45113956838009
176.93296362524984,129.48851150808272
175.4911334449658,127.75631030427989
177.08580947213267,125.67703853870738
178.2855989577795,125.75382417778327
180.08705131319428,125.23637156735907
179.63460267973485,128.20957766819944
179.18215404627543,128.74873245811648
178.729705412816,127.54730834757096
178.27725677935658,128.52020005801987
177.82480814589715,128.72269638054962
177.37235951243773,128.3987974740933
176.9199108789783,128.41088547237766
176.46746224551887,129.57827872800036
176.01501361205945,127.3739466142588
175.56256497860002,127.41878102270408
175.1101163451406,126.8792607523827
175.52515922160717,127.64321428670557
177.23605786103002,126.50298339930238
177.7285448176617,124.88712864513029
176.77680426417336,124.10723789700768
175.63941302261995,125.85368902331686
176.0706678877677,123.4121520115311
175.94123893189425,127.92105185590155
176.41049808190382,128.9604183885188
175.80148413829195,130.23917362010872
177.45332674822882,128.83543156306905
177.59023240373128,131.95208755105492
181.27854685607602,130.15513162259415
181.1580851403253,130.07113666529088
177.83182855635127,129.77523718479034
174.900961909759,130.72076917052965
176.0960035576709,128.55447710786697
175.4815631949478,130.72121948576685
174.19367546596743,130.87020057322576
172.6013506702289,127.95458477094304
172.31630158240864,126.65722371978363
171.8439593528517,127.54623451649985
172.12167737596,129.65110430996745
171.13171303269885,131.5904796105331
171.48439135545115,131.819522508066
171.5287422151021,132.61299999690743
170.6926119116429,132.59174857492482
171.52754075832362,132.49964110258807
171.36393205134218,133.09534752716104
170.5862886861773,133.82575734494353
170.18287654613567,134.31024434769597
172.14497606496084,131.66406013912965
173.65350980264125,131.17724239756777
173.00330737110517,130.74510595017463
172.29057264220924,130.09296629212116
173.2963492844736,126.51101620970093
175.11654795210302,130.06372758207777
175.821311313167,128.8573337630573
176.2153659705933,127.68493180504808
177.0331714504776,125.43395074727759
177.01211495046627,125.02099768248982
177.22827046243503,125.43077951201333
178.2902819876496,126.34074948062118
178.22211103410436,124.88943777461637
177.0028936306619,123.71735953047833
176.1717498536118,125.39761916547539
176.54660903321457,122.50788550570152
174.6811939938366,117.10435280030642
175.66190276016326,118.20824256036032
176.16711620067898,120.03653774363296
177.401588356891,119.05405401932208
176.32086449169788,119.75967603378547
176.12434059702744,119.4535821332685
177.7214778268983,118.17827791310481
177.72383963518388,120.89242037517218
178.3531732809316,122.97098023097371
178.9810149648697,121.99141254450825
181.34702556293522,123.51558954895445
180.43044785815698,121.54731743037527
181.18139119453787,121.05155412209305
178.2415352792613,123.3983056404497
179.34980869755793,124.06182442514286
179.14776063385256,120.96552628427071
180.05833127347614,120.69113251376282
179.1408403379882,120.31819123057764
178.60765540332636,123.22610941500258
178.85574771769157,122.53290363377195
176.9357678987995,121.19775357539537
177.3566371373399,118.27645465973211
177.45284345784913,119.2674533385214
176.52857751185687,119.16654378816672
179.8386949106808,116.92912500001219
176.23400884706174,115.4118299117936
175.677713528928,114.24602001884175
175.5020604316584,113.21578422078944
176.06865149573437,111.52811680999328
173.11756919008505,113.83733174671686
173.1676802790877,116.90655375104103
173.19097148882048,116.97951872763494
174.18874178315838,118.07345530089296
173.9434001794854,119.78052956473545
171.82098448959312,120.4155255406582
171.56894464025962,120.94701967282158
173.05945773566836,120.15095682249488
172.4722787569762,120.27672996373994
171.26644933245058,122.97087044548323
171.8703485544744,121.97204495828801
170.99474071500194,121.50761385939742
170.98201938343138,123.25589885663268
171.95700389253747,123.65452863304694
171.044500345784,120.5929621745466
173.27032105185836,120.68613174742472
172.3043156241158,120.66117331369753
171.254185904174,120.95735788381586
169.7593794039185,119.19763494665483
168.9766111698781,121.00268188621214
168.85538239291887,121.6956311217717
168.67251270610018,121.03706594679814
169.30795130631833,119.89253623949229
170.06373945306217,121.10571742426369
170.91065786040656,121.25200758200755
170.43074127850602,121.16159059410943
170.16424863213604,122.68062002514007
169.51417299414084,124.24611710198307
170.10995788328947,126.46456260398709
170.9275021082478,128.03021011885707
169.51641219620217,127.97530000372883
170.91294859753958,130.50342989350943
174.09636888700936,131.63877764987276
175.26136761048411,132.74824294294552
173.2801117345041,134.66325697267726
173.37527153899967,133.85715735612317
173.17714879072355,133.11380983926207
174.28431328328105,133.48874949019267
171.35677870899036,132.8787851505483
169.79630031019553,133.12466425670297
170.41104049714576,132.55208724643165
169.9101611539433,135.15039686894622
172.42099203622533,135.9270326684771
173.26084446578517,134.93694468552388
175.38352708972775,135.10777582989957
176.89118054859992,136.58154923659328
178.59130112963615,137.48225651485646
177.71786940730587,134.8230386402527
176.4374980607915,135.20108790943146
173.40449609334817,132.01625036299419
172.51352044311898,129.68079328334213
173.11843774917028,129.6226239581009
173.5901129998874,127.20351061593017
173.93960269476952,128.94319130838906
171.6607801466165,130.09688336235465
172.32525026615704,127.1837240973642
172.3545871672966,125.518512777515
173.23197263865853,122.5923301163298
172.79770631872577,121.31742207999969
173.98350002529975,122.1756316585614
173.47207008211518,122.69953489824823
172.33113512957934,123.8004118292939
171.5796636968712,125.42742057222681
171.8751934822879,123.4552817254436
170.38277968453397,124.83550810582989
170.33084943856718,126.06762092181502
170.61822136027908,125.7403082408714
171.1725289894081,126.25072020626943
169.10971233420383,128.27606210294869
166.86848053945465,124.07087438183238
168.02569790288382,122.7088282744489
168.36681553741474,120.8696229244008
169.48660704353864,116.43339657279591
170.64523775717367,117.17167391130056
171.65088005224504,117.28756161484473
170.96356149784967,117.35828268317452
169.42667251784778,116.06788966742627
168.5631774696364,116.51941706381723
171.5987308294931,115.19725881302216
170.7880589818016,114.26261143989659
171.89053842858837,115.01742574899106
171.65704494600124,115.23001921567942
174.22117369231566,116.15138902302465
173.2793157851594,117.44018712506329
172.3533677793049,117.31550083508634
170.28843397396923,119.0338075298792
170.1402785670182,116.18233311149746
171.54113328368663,116.9962590447817
171.8487217125724,117.82695867026762
170.5385225903211,119.47525946958406
167.86744026669467,121.01902278958897
169.76545291778652,119.4631373330098
170.9342173432231,119.71946158224898
172.78769204083517,118.40379807905585
171.10884675899993,117.65292407728525
168.24107672408792,115.79229743372919
169.27353433115434,112.55926167585848
169.8533549029502,114.25470878570621
171.14146616931944,114.27208481727558
172.67438950403664,114.34462323570841
172.58456681211098,114.01306898577495
173.51926199412458,115.43375787641443
173.44543127710406,112.70367045566675
174.93851592425577,113.40159770044382
176.53925311167274,114.55078641162474
175.0064148493881,115.1304725930784
177.87959661069212,117.49479780595514
179.29032704155395,118.73873363232
179.94826307234274,121.6645872504396
180.43837105801396,121.34073557856941
182.31889442502302,121.56412033225138
184.32868863448823,120.59298389149691
184.41592062071888,121.34915350473024
182.6850477854775,121.19270943391578
181.01912235172074,122.01091693925572
181.88269881609233,123.44670855136711
181.23631564395166,123.97540999472022
182.42203807713412,121.98240354240272
179.5518981965064,121.39097366716392
179.11351666214992,123.49019226750012
178.24730291519776,122.02033997448406
177.2248765014395,123.93100043511159
177.1655818773263,126.10666504854848
178.47810980486636,124.14184829797692
181.48554441790372,125.89337443487041
180.01029900646097,125.19194908492021
178.37775731871318,122.75704689930508
176.03204376940155,119.83751497171046
176.84897601788464,121.38730642589846
175.34804808490517,118.92732179584587
175.64687854439973,120.1517520337765
173.98584260668903,119.84309424108784
172.55624741573862,118.75257197739383
172.7453735894641,119.7482769621484
172.2013046800779,116.78584457928493
172.670412551966,115.54984161617764
172.01226163902598,112.46424273068762
174.0996461734285,110.20430627283554
173.27957800321968,108.65180370228975
174.62514021323798,109.85835895148222
177.39822699072556,110.86430193362366
174.21759871202826,108.33622486464233
173.88814675837602,106.73813853201261
175.41343792812611,104.48584800756792
174.24680195039755,102.64647504229876
175.70452719665911,104.74476315871242
175.61658540738654,102.8611281391911
176.84697660676997,102.07029736921848
177.76958576226968,101.77267245689873
178.992796295414,102.16476721199975
178.5267901178469,103.30796161511253
179.4415031347539,105.7827564212237
178.02013691365926,104.75624747569815
175.72801083341858,104.18407935406454
175.29619298331238,103.12982800231806
174.91136674323434,102.93889964733832
175.2677691904391,102.60474940209018
173.3887020504504,99.89817203122321
173.7076172168219,98.43582578467652
174.69322901501965,97.32108387065561
174.831370106652,96.79713041105829
173.35462779320514,98.05339912882512
171.87962143077425,97.51997235074744
173.9876970568689,97.5728761024376
176.8813831193021,97.21279819301694
175.32729511252782,96.83975734744409
177.04231156707755,93.87083850742567
177.10570130791814,92.96963331789894
178.40575374210528,94.03939181402181
177.04086517327573,94.29007915225279
176.43177518163708,91.37102802094697
176.09614743920483,90.67964741896593
177.5130949851185,91.58418611452447
178.45514532913074,92.64621712371991
180.00476986294368,91.2709736416716
180.8543725522013,92.2542569042704
179.399953859984,90.84091970439401
177.16845054553377,90.97509118398861
175.91189863504812,91.31704876982162
177.07175862674987,91.10898551086447
176.96560942660616,91.09965840071621
176.85903881876283,90.6574404323864
175.78051353970287,88.88838702277268
173.93043228670408,87.73531866039005
172.23703278382953,87.57333341636124
173.09228664333668,88.00567924342623
173.89123968274149,87.2920733266274
173.95392909308083,84.89806559575942
174.7439540877782,85.28033167908458
172.76778691234742,85.78553917604647
174.88783100686518,84.88123475062646
174.56368181172326,84.54174818190013
171.24587464197364,83.31501446510649
170.67588109916102,83.67300388959048
172.2750906680156,83.84952470320098
174.50364250546343,84.76732651198137
172.8240225225922,84.8239575462195
172.29830203985588,86.0231670103786
169.22926346281258,87.49735273412062
167.58478034075958,87.12582687944608
167.9762830699974,89.99003844044692
168.3677857992352,89.3923600745461
168.75928852847304,87.95307336149475
169.15079125771086,89.11419525187968
169.54229398694866,89.89394504502556
169.9337967161865,89.36413810599369
170.3252994454243,90.76100765596537
170.71680217466212,90.13403224139563
171.10830490389995,91.52906928155576
171.49980763313775,90.3379107969942
171.89131036237558,89.13185235673073
172.93383646366206,90.03146224436752
173.72078844529193,90.49638859461412
173.40520279840518,88.73363258336907
173.56970384364058,87.8329585108455
175.0950436758579,89.08262470725597
175.19676589482125,89.92383810981576
173.11525478605597,90.31683951656481
174.38480545343074,90.66349452653616
174.41592181537837,91.72775159283215
174.43415646722883,93.63422489179477
172.89872357186115,92.80997919035133
173.04376669759787,92.25005067486507
173.18275434651835,92.44627389704418
172.394488494419,96.21487969792561
171.85176802426474,96.92986835322208
169.83434508769443,98.52831001686322
170.15726183522344,96.90732492765021
168.98709053472967,98.8335490351834
169.63698698690763,99.23359183516538
170.3023722203347,100.51534236108435
170.97344236631344,101.33592142748354
168.43785153684462,99.23864146050995
168.3900884781943,97.61440829779332
166.44674301175755,97.24948793011933
165.26742970610724,97.18390377863282
165.0556691731735,97.24354053904713
163.20324744495585,97.08099813324777
164.2127808542197,97.55560194620365
165.84894922037762,97.90221166582806
163.8534890884353,96.91420497565667
162.98492653020753,96.43405926735113
164.36022098487047,94.64266237480084
165.7974675693303,96.02892600280742
164.93004033797888,95.60795226701721
163.08167702734198,96.6443572208987
161.8822396151464,96.76647662452767
159.58917996332426,97.8933027364074
159.82229464431248,97.5396302703403
159.64915623328753,98.33795003623892
161.40854588800525,97.39812695743754
161.22516939083607,96.93848778391889
159.63372143386093,98.1731182132593
159.95270906414288,97.23298351305856
159.40613529192666,97.26128740420612
159.7136271310897,97.8759173210839
159.4454980575918,96.89986789966756
160.08854460352276,97.06133484628062
157.3998239135144,94.85662516342718
158.16247588896726,95.38553740521792
158.72211396252607,94.82251703789822
157.55237738123583,93.98088924617795
159.3807701126299,94.34340070905745
162.50976323112118,97.61176035921874
162.90011023454224,97.7332938813419
162.25817525738353,98.21150099457998
162.28588072082883,97.60996537160365
164.53549757460183,97.13764322953648
164.72761269424194,97.02398349678683
164.46947571853983,92.75692781470842
161.90941661533324,92.81205325718368
162.70232668994822,94.97915981186668
162.24017710382427,96.6900893730434
162.07976362967656,95.09777511810358
162.83665688964552,97.23319338608377
162.108244968331,97.11061338207156
162.65536855810936,98.14807018878196
164.2378390899074,95.63383276927155
164.87188606894256,96.1087847972847
162.2988216124452,94.95573199363304
161.15544060431495,95.8170176981302
163.4896918941144,92.46201640181354
164.20851759242717,92.11150493617642
163.807961901865,92.12611513501787
164.02903992104845,91.08285480802125
165.11616124439556,89.91675661898175
165.50112192282455,91.0540642480363
165.00105460946392,91.38059567288227
165.11578848751762,89.33471443406529
166.21209578198776,89.59245030687919
163.91247097649057,87.94808145652499
164.53684469956053,86.26895956330738
161.64461005113463,84.59120237053398
160.7847732531813,83.27860284086158
159.870058854145,84.13427815910292
159.24464555675715,82.87984949161866
159.19954550175657,82.24015783224547
161.25164312708603,80.41196926332115
161.33988546817025,80.37076830645483
161.17375916874644,81.65726220688855
160.4853629360593,79.2827429340553
161.56313268773673,78.88002661763316
163.84069405655072,78.82140475028108
164.34160365657456,77.84339628305688
164.00300570632763,75.32663954439366
164.88603519626122,75.59608148290299
163.19733508279128,75.64267936560594
163.05393600101752,76.92676367375084
163.0375004736597,74.90495066101772
163.72127301346882,75.81383715054467
164.21291545280968,73.76592411873338
166.75492900088372,73.70091297901806
166.02870352378727,71.97138644052117
166.3159979615884,72.91000129873615
169.8688030268392,73.23926452549863
170.42194919576292,72.12794778239116
170.85086547178324,72.49156771412154
171.4050838338265,72.30541346031485
170.76066508083687,72.1040957225809
172.56349906544546,72.39697667160432
174.7978532373,71.99288889088791
177.44044038758645,71.95580630070413
176.22631903267987,72.57259998249936
175.1187271918266,71.3173509379521
177.45115649796702,71.12902856574055
175.79441333489746,70.28416769922606
175.8750720670623,71.86541419881979
177.16245923762537,72.04197466332378
179.08267967797704,70.27608753743867
179.241493202248,68.5554536336784
179.7803361246076,67.36067115477626
180.1938004322302,67.15930633332631
180.15415657972054,67.82125455045983
179.49491405213868,64.94587904150742
179.583188306431,63.32961772042471
178.63615240107612,63.72859241805508
177.14669587812858,63.55712079457655
177.31905982801018,64.7605743298752
174.8642136623798,64.74659934189442
173.2956932999133,64.44345508735783
172.53553052577607,65.28656725521634
170.98202654287746,66.07211625427294
169.77255632712198,67.08893609700216
169.41215449082932,66.8831038927623
170.60905339060167,66.350041156408
169.95847613696597,64.3730798272319
172.6657530905974,64.75744339208686
171.58124982530097,64.55341399041524
170.98161450019296,63.333431908831166
172.7669666099714,62.712676613528906
172.58680444723475,63.81365685577239
171.7601171077307,65.90334058392365
171.23843487778538,65.52574867159404
171.31968927510138,66.57099998693066
171.8584363126022,68.00576098306625
171.26518151929534,70.52750049777542
173.53031534328343,70.31431317852294
172.6896707341342,67.92313930863406
174.65033920483305,68.87990598837447
175.11128421229594,68.22937898408217
175.73732951619343,69.16500065613526
177.25894930156045,67.83323498637954
174.98165244592846,66.09199006033566
172.7644900392194,66.75373407561297
169.5164592891747,63.4175903348277
172.72377302005722,63.761253906829765
173.0142579795584,64.73099756473749
173.88467901078099,63.200231652058974
173.1900674977592,62.55655624513873
175.02671479938854,63.26582011976547
174.9396657731681,67.14443131275145
174.41668101079708,67.91849868164996
172.58210047559263,66.76034549817473
171.96104786215486,65.26781755051412
170.8661435218178,67.73406624989339
171.80217768588716,66.7499850310546
172.5157207787006,66.82833222475955
172.8745255396843,67.57231373854759
173.57310844543738,69.93064692531081
174.98969546457928,70.75760640171545
177.1023219296893,70.80961063352777
177.95036798966726,70.89976305833913
178.12095663430293,72.05244228376229
177.31385209003645,72.58651185067795
179.6741749012764,73.29448086005169
179.45802706831705,73.08561589569662
178.8995439165444,72.9933652727825
177.98878612442465,72.96767103161118
180.82887106237558,72.41442919195333
182.34158427636697,72.40816271395192
182.93980339776056,71.62184841782387
180.96292194808788,71.65002345783327
182.12396846937085,69.92391390433754
179.8042349942943,70.2598172797422
179.2068585370205,68.73314380724912
178.68316351781223,66.74442876185347
177.22500349077413,68.1648920890989
176.0418127232551,67.99545431580228
176.5182646229353,69.97387652413884
175.9362606088669,67.80644046753743
174.82953821753006,67.92435599358599
174.28222699346895,67.32849481479582
172.7223148487002,65.81735410767325
174.21897177673753,65.04949154764505
174.96005816484097,66.43323437472799
175.14419214116785,67.88321299994081
178.0015337569035,66.00775506317926
177.9981120071659,66.2583979278
179.05355086790206,67.52537683530149
181.29773634119758,69.0666949868142
181.63747755726888,67.49813392193599
182.2047640262734,67.96216278288662
183.81214626068987,67.37884552366685
185.36386623324307,65.22329802099162
185.88049279342735,64.98643769060422
185.21549591237275,63.125862024078835
185.91951914538015,62.25779214728829
187.86709399482137,62.3120737956581
187.21320914090168,61.84111714139673
187.21773451673573,59.9560053628076
187.6067432206326,59.30136317968317
188.637828261332,58.40296241579848
191.46076099934967,58.53848017526642
189.90694190734013,59.51304162151837
189.0690113393139,60.01311166555583
187.7527145001152,59.467490073857526
190.4300732680463,61.120865970599425
190.15559175976674,61.26694872701949
191.0068023922543,60.37282272632
191.66851894665467,62.19662569719339
191.03473368418412,61.275978246498575
188.30616187857672,61.2748942122585
190.32533016779277,59.597577317640734
191.2441299888028,60.826811436988315
190.10499182575114,59.854259017107246
190.32252375558252,58.84004161698766
192.768145391895,58.64309075676036
193.1450688248122,59.624139243478986
193.57966561609683,61.0646951907584
193.88127097383622,61.566450657523546
194.34313956847163,61.267526940080586
195.00116077260458,60.82800156971581
191.7111910036028,59.94598198769184
190.83250781664057,59.71113579411657
190.21117614737554,59.1511779886378
189.4459077234266,60.427817356825095
186.684611470579,63.53745145705826
186.18054525816976,62.640495438843956
187.50898564754777,63.536300695561785
187.5043159650948,63.594750200856716
187.24443848803358,67.49028044189306
188.25414916408192,66.90598274805295
187.1597947210269,66.45936874566858
190.3769290482941,64.37240327669012
190.51153624500773,65.92750618562266
190.8237500286565,66.52099444942074
190.01775672040532,65.77675459965049
191.31869275974697,63.58059656390869
189.5631742817435,62.83030509305098
189.78997625205568,64.9440153486972
188.36738167972618,62.37506400214867
189.80702363786028,62.993604838007215
187.15135593923537,63.06694818765933
187.0719579852487,62.669629365987376
187.30695448426894,61.628129999228044
186.58074655990933,62.59011591220019
189.68688732657378,60.805570045616236
189.44620852587383,59.880357648689625
190.34178677278314,60.43553564078705
192.0434145151442,59.196349437502846
191.1231526043998,59.05784307045143
189.26782700464597,57.35378633511174
190.35102190604852,58.43243097747295
189.99351829769037,58.31663935607247
189.08025937860486,58.489274060784226
189.81065403217,59.49746691860648
193.12411991337237,59.23011614202818
194.98656242419557,58.895427493428855
194.70861545094593,60.53833319850976
195.32122948978855,59.60315181382225
195.57811656211575,59.94695841732949
197.11026385634818,59.68900128353474
198.83692355050218,60.65692531462895
198.7591451052432,59.26559781490794
199.39584041697717,60.4524367373505
199.52170928608024,61.184520925874295
199.3256543917084,59.8716799924986
199.76130951739165,60.28448104428339
198.5361711808771,60.9595256335347
199.3860054240474,62.46480603962535
199.5160895686129,64.43912737230174
197.8327298634872,63.44728429244859
198.29621196623108,63.71684902870285
199.65805436012366,64.1592000751988
195.8778653145221,64.05638649350568
197.08095696856788,63.48737240893034
196.39063886728724,65.7859143018298
195.26017200482758,65.86421734383221
196.67533335035245,67.2807173343591
196.4236564581986,68.47846074439784
196.17197956604477,67.47973295335419
195.92030267389092,66.77584740732004
195.66862578173706,65.80670320624422
195.4169488895832,67.56978450187363
195.1652719974294,67.8013136884913
194.91359510527553,67.32065262408533
194.66191821312168,69.0426740039969
194.41024132096783,67.98963240749177
194.158564428814,67.71305384447828
193.90688753666015,66.99235479338512
194.88454256861232,64.09706417145783
195.11999316180118,63.06896110288132
194.57855107354527,63.63596568063276
193.51861230610317,61.76012450408201
194.9492260216627,60.66678853277383
195.13674635719948,61.51778183670018
195.05705037917744,60.49409435349635
194.1654222120304,59.6239815361347
191.7875855150436,59.74743784279911
189.14113037337833,60.19536636324844
190.32653422597585,59.88574112319247
186.97781280996304,61.535522043970275
185.52412004651316,62.22067492658011
185.19066844321142,63.31879907425924
183.66174294536316,62.62341809863554
185.03143532969062,64.104080336981
183.02226106999493,64.69494412246787
182.89943602971766,62.276579207567195
182.39005291057674,63.480567214801425
182.65752176406536,63.26204630394034
182.57032313547202,63.310903403111354
185.54894543770016,63.62927199041131
186.87185608570582,61.633865885921544
186.66728289369632,62.44708194103227
187.07917712674663,60.81495047253794
185.79570573967032,61.78516655837364
184.04382516632091,59.903931627355824
183.14362415501142,60.66825333188448
183.8337059238534,62.46530102397145
181.31391502880805,63.38219329028603
179.1711269288437,62.206753263816424
179.86746496986768,61.28675898948758
179.62781759822926,60.82205090607833
177.94592212441844,60.26170977225194
178.9698540285824,60.76815094947404
177.78959074258805,59.19556728210848
176.70697548642406,57.74892323809837
178.30364429627588,57.413945009001246
175.52029397644847,57.0073482605311
173.08258639641065,57.469447860036716
173.58764237608358,56.976605710988515
173.66071296167235,56.76223236226246
174.28133910690426,56.500847185833834
174.1588243698255,56.73587985934363
173.43962419018848,56.32267442809814
173.12583373788317,55.21491212529472
173.57967438142683,55.087744329933706
174.69747396668942,56.732321840967806
175.74066331709844,57.73574282597119
177.31317813169508,56.791204704655556
178.57183021603578,54.856589682362596
176.2548675184512,55.98109778639822
175.3892575300532,55.38884730349354
175.0316798741131,56.312557262912186
174.94631615964943,58.26209871254613
174.01685091347042,59.05822385402185
173.1248473482342,60.256013327826935
173.07771592824164,59.77971274131587
173.64598692471031,60.871855525307105
175.41805045522736,60.374339765538714
173.98195754127076,61.21234055362207
173.43552743567707,61.38434573445785
174.9778021562443,62.190460934089224
176.36841853055006,61.43157474348026
177.04528627653764,59.55127415285903
178.02284911437746,59.239457296994104
177.19357643540553,57.65899825513979
176.414243089211,56.030522556388426
175.65394969267325,56.95938898780496
176.58162913024404,58.0358217980971
175.98451873312433,57.52011740815231
175.82715135856517,58.658512528195146
176.35330035275254,60.546381129623555
178.55562358402662,60.92421383516552
177.80420684020368,61.54452888055685
178.31193316276062,60.798556313876425
179.16483621867616,60.81729037516835
181.46800960245474,62.655091947577766
182.00824615741865,63.75928920006018
181.11184803168038,64.00091893990695
181.73922566766973,64.2587481185413
183.8001143241412,65.20846625429935
185.7559875367745,64.52081288044005
184.98861168036342,64.35104293771175
186.4210601334199,63.06607706620299
186.42659935672222,63.03427097602382
190.409103715939,61.02426764094179
189.3143079702393,60.492243824277104
188.30438263748923,59.501499174313125
189.31522133465177,59.63339892972141
191.12032522436255,59.454245227444055
190.2158917662152,58.45549860536822
189.69987679151137,58.89248185878494
190.28253245313448,61.178448800625844
188.67492736267678,60.410978405174966
189.6679340696895,59.06404679725885
190.03194067953328,58.956090904866066
194.0382637971049,58.24211821926071
193.73984026406507,60.0840867739711
193.4414167310252,58.98004894928357
193.1429931979854,59.544732837484844
192.84456966494557,58.472226427959065
192.54614613190574,58.38032677064041
192.2477225988659,58.42980413541397
191.94929906582607,57.40369267244901
191.65087553278624,58.30776074128019
191.35245199974642,57.76490813008538
191.05402846670657,57.04572872119468
190.75560493366675,55.37790699325685
193.24713157692472,54.93641878890131
191.93219609366537,54.92241643931341
190.87665745393264,54.24884389684426
192.04533229131798,53.043035885891875
192.03427263531924,53.10065893378512
193.62152781260693,52.615847654241456
194.02529974258425,53.90111963453603
193.5643664188326,53.47563586869023
194.796399821271,52.59265338055714
196.0409633501687,51.98230188133678
195.6435286988459,49.48933979481755
194.89589003254582,49.46233225527634
196.99793058599906,49.43503088820897
198.55471800261088,48.079112777094785
198.01181969935627,47.92643769732724
198.9799630600193,48.31818173251379
198.09803560611286,47.7059571581138
196.5166178403076,47.03513218727826
197.9562992434707,47.29373620893656
198.82092446232306,47.85268900479171
199.88697699963672,46.22872979351392
201.21295204816963,46.351888069924335
201.88444103590942,44.93476295752297
201.05267104745053,42.112893338688956
202.04636363562744,41.03527781217607
203.20043920249034,40.543678829377136
203.52303119088054,40.016224882525606
204.68367738604474,40.98210680017863
205.33440325102976,44.30918101445571
206.52594450618645,44.934844685828544
206.0684261801058,45.253545823269135
206.26825658207323,46.127348904834896
206.05425140307915,46.841908144670356
207.42261567707538,47.511025854975045
208.253398228692,48.65799736532705
206.3339442307291,49.362780544917314
208.57349277190738,49.98220023576475
209.1951185252941,48.86854957719312
207.91812096384018,50.089496714558344
208.02394654799954,51.40076762685454
207.96345829755467,51.72673231111248
206.24256029144345,52.26176263342762
207.16213992435587,51.70144999346537
207.1378805996118,54.0012780822879
207.71137287823316,52.83587201891481
207.72119382838778,51.991220428233326
207.2274605869082,51.38972896439634
206.07406456369384,50.932774791171894
204.6093392184681,49.65772033426738
205.96471121409414,50.081108575190825
204.16137319122947,48.922689335575555
206.16050151552994,48.85511001716652
207.48484032536143,49.16185962021794
210.8712366374621,47.39319651749557
213.78308396446258,48.109664674969274
211.2602888681387,48.07439462653721
211.96918955348028,49.392371949612226
212.60198224950474,48.496948200772295
212.40144817972333,49.893917955872816
211.3236566340254,49.588601394244236
213.29233495421022,49.39504189740078
212.47963239302663,49.92662551326084
212.8454429347942,51.505609882560535
213.84546285837217,51.91531552008741
213.52439126264406,51.138151221255754
212.2895242975801,52.10725710987083
210.56761455088022,52.38271691569433
210.34788137169198,52.435369438111955
208.16487911853608,53.11505223296991
207.20004428994181,51.49644956425248
206.96581002919345,49.551794773535335
204.22973851791704,50.56326763844024
205.2574585475202,50.89396299237027
203.5266110729567,50.05228950141537
204.86556529402537,51.59707528264523
206.88613331183382,50.72339499096753
206.56329024252267,49.270034291962844
207.42635368326881,48.93935807456227
205.9016535425744,48.10084716286126
201.637948674337,48.507112107825755
202.74059621694616,48.06998587048321
202.57995890325273,48.55830887640456
202.29460920085253,47.39351433475972
202.9263207162768,48.1238404466834
201.2209437525912,46.281939359268165
202.44306935743782,46.569815630801784
204.45167924901526,46.18399518786374
203.75446323024042,46.69174517592254
203.07397346631353,45.318530645745774
203.7070745771081,46.520294323501496
205.3310360054182,46.3800534286226
204.71294918845496,47.820903042575466
203.1544178950725,47.908931028480474
201.86202620134287,49.54667518307898
202.3382506444945,49.98156718507212
200.94373861425896,49.22654409175945
201.1067577320965,47.655684998557675
201.71210093097352,49.33433815238643
201.27434353880432,48.74167801375904
202.62773230243207,47.78147230958936
201.12232215564683,49.499467761999625
199.5522945888084,48.63803797103038
198.20462038613317,48.269467659193204
197.1919683087727,47.703647180335466
195.77523273838528,47.68876741564204
194.3706662608162,47.06714028655702
194.83304665161933,47.67978014993105
194.6134595043319,48.16379838779446
192.82615002709719,48.46489538349888
192.00596692298967,48.73638309397088
192.84495434954653,50.10377653692694
194.94658270961796,50.13035428444255
194.07421544031413,49.76551439489437
193.58503315906069,50.315694370084245
194.65594909542574,51.78632674028023
197.83404781269,54.25633919000088
199.1794135350372,52.56685085861977
197.81894189251716,52.7591536223211
198.27324177312758,52.91048297490934
201.54520499630974,51.497642886830356
202.00856605429595,52.05299435090153
202.2200708191388,51.75346947567659
201.58516114471513,52.687596324324296
201.47779797536725,52.594437375107844
200.3604046330382,54.66149480719084
201.27715121637414,54.8042301106818
202.2136812105369,53.72617386975244
202.3370232039924,54.4140092339778
200.8005082503753,54.00347852173722
201.57736614823048,54.22439666417821
201.51999531025143,53.67379112102867
201.46262447227238,52.31389626208769
201.40525363429333,51.70418713755744
201.34788279631428,51.649644459870714
201.29051195833523,49.13880563992918
201.2331411203562,47.72112805689198
201.17577028237716,48.278716832585225
201.1183994443981,47.684238298885916
201.06102860641906,48.503921670884274
201.00365776844,48.945552699786326
200.94628693046096,47.050094292252744
201.09526761380633,48.02336162264753
200.4920467128902,48.16402969725443
199.65728375323056,48.181684025038045
200.15926667720163,49.628738574429555
202.00198907389742,51.57872895589032
202.25125734514913,51.93366491503557
201.67956975054577,52.38101891217191
201.95825342914037,51.71260565815481
201.81503779651317,50.52899367981639
200.6374933981222,50.372963607876734
199.16781961436735,51.62853141200347
198.70342613528186,53.29373616397196
200.4251775163004,51.37836973135782
199.99775235339686,50.72292863060004
198.1646466858439,51.70433166160791
198.14600609597105,52.053277304185045
200.32577119381313,51.97454223491604
198.0929729024524,52.545954718843404
197.72787490528745,52.245878437587
199.72004687609612,52.444334204242885
199.19602342944412,53.32823283954208
198.8629999596353,52.660028417120024
196.94071524869636,53.27535362308155
196.98164403177358,52.69844079308339
195.4750266350356,53.07615629249117
193.8337185989355,52.694340162478284
193.2688049101123,52.65641477730327
194.576345227046,51.33457667291694
193.3755269948685,50.522922146479125
191.1118206567337,50.770975580147194
192.51836695435932,51.6812475457474
191.62058772178335,51.94609252149466
195.3795543536625,52.621707532330205
195.89736662334212,51.297986409238
194.49516729520985,50.963531170198884
194.24856800178117,49.468184907283664
195.62318660354723,50.15692843096869
197.33322440888676,51.8197608534515
198.2656032466666,52.71679890666193
198.47426627930238,53.72319512886959
199.64150106323407,53.08810590620929
201.6589157597149,54.611329042999955
202.10533300554107,54.3332864277535
202.70404661080968,53.25491494707317
201.72555936549895,53.66899274145685
200.21820441626573,52.29208193575906
199.93153608071748,50.48542937807653
202.36712412841757,51.02898583194224
203.58514776359954,50.966592581003226
205.69483356438462,49.65909291962261
204.8911439102659,50.346796253397976
204.09772872139823,51.76280581980224
205.1526497286859,50.84971229660995
203.54828586049092,50.09825710230392
202.3719732566544,49.97140370710245
201.907107596881,50.04778333465217
202.54574678118638,51.65904000616663
201.78453849799013,51.792962934379005
200.21833948991326,52.63350898834659
202.31814784536405,52.496656498412456
199.27700781484518,51.757777255195315
198.53665240280264,53.136009080636036
199.97094674867176,54.85174896446286
199.80036355534813,54.366671696502976
198.41254847089843,53.11098533329885
198.86241653259708,53.10822193918881
199.3813510271984,53.38771440448176
200.96812012304713,53.96396266448712
200.5884432412321,54.60802490983831
200.3557556893427,54.063519726056626
202.27838520868332,55.98847153558427
200.69461795853326,54.33637269875872
201.52729619308468,54.40384432324366
198.43044063469117,54.38651999528395
198.20052810177825,53.44637226980427
198.32236962703956,53.987802034680776
197.54285149899232,55.23863251013114
197.5027203185545,54.606578752366325
195.08652365668172,55.289405882539704
194.66220328408076,55.34814815697386
193.3568071617499,54.518249708298946
193.27293724656363,54.23610465860272
193.30646302597196,55.230322305453015
193.59605491525687,55.03181935102232
190.10692236190013,54.46318533702092
191.00046181411082,54.08371881918895
192.42968823519155,54.35146091395056
194.39990965250485,54.08596249096411
194.37822692438786,55.34251820250758
192.68053631141854,56.19184564649441
192.37435016469638,54.94685904951178
191.90678370028746,54.16694156753191
190.7517691895606,54.93683408989394
189.02550950989348,54.46255428245181
189.71577382795255,56.64696616329186
188.87154814839025,55.91805461076372
186.38838963113687,54.30848485480526
188.20698556966937,54.99415301315681
187.00820348976214,56.7321992135835
187.27924231916145,57.19253756166593
188.366846883701,57.024410590397416
188.3756235501698,55.8910157787351
188.72685635229345,56.75321192668666
188.0100313168211,57.620695979787136
190.7328365156403,57.689079759743514
192.04971000744874,57.66623066541475
191.57811888873846,57.62356122842993
191.4332609965383,59.03944567618235
189.7180893926213,60.07931679264814
189.84721597849204,59.736142988624245
191.42117205135952,61.09483993812119
192.51091254051985,60.72981294407589
193.25439758998897,60.76251639166771
192.64684185888183,61.2514587741229
191.83836683302724,61.266659620488944
195.01720358064347,63.052662029873495
195.3555665979921,62.93238789064429
195.91592904713374,65.62863150098337
194.80336014505693,65.89444466339236
195.65229921737415,64.66893280540641
195.83496328753074,65.03823875269474
196.65615535665498,63.96249273781189
194.33096526712458,63.11052837773254
194.12319888768738,64.09616340814495
194.4872565533972,62.86866205763158
195.9441236411672,63.232809893355174
197.62145692311512,66.1700743869223
194.4669004142634,66.48441213911273
194.20962042175415,63.06569935200969
192.68969820319526,66.71053546802428
190.19073747927206,68.66943302976708
190.46498213987468,69.74236125690837
189.56350284840863,67.50175169537059
191.6886175741615,69.62923355058403
193.63413394756273,69.29385574655261
195.48678470742857,68.44798519003574
195.54367102338048,69.26841197571302
193.70212943364115,70.39585694810366
193.19690823510462,70.5051638680068
192.29978367909405,70.72394760485975
192.92265606936712,70.49019103817392
193.43380891170835,70.21031753597757
192.1757725046924,68.6988314048616
192.40427632568296,69.4761250932936
192.153691071303,67.5103445883109
189.71986394422777,67.91319681531215
189.71136924270826,67.76807410004757
190.08604434639665,66.59659884914029
190.42923256157601,65.71805220870138
192.06610134241637,65.77456231072337
191.20894528622642,66.30286036091104
190.3517892300365,66.11194395612209
189.49463317384655,66.38146644742172
188.6374771176566,66.16638400762604
187.78032106146668,67.66629714357632
186.92316500527673,67.8543108044734
186.0660089490868,66.64493460606155
185.20885289289686,66.56616704998055
184.3516968367069,68.43561441232391
183.49454078051699,69.4124969354609
182.63738472432703,69.82144287929955
181.52923738765986,70.04177815997679
181.76505376322518,69.5624802534945
182.501009470635,68.67056033133102
184.2168861544752,68.40663875623187
182.19178522071508,66.80071277834485
179.45212966352375,66.67692952656569
178.10888418963083,66.18351787903347
177.01346590472443,66.31343851292081
180.4124780574108,66.50238932043447
178.2938558095679,66.1877316956611
175.87009728413597,66.15719579877869
176.70671365357035,66.329970015206
177.0935987000759,65.38315215107863
176.54198026289444,64.93238019478397
174.09473435753776,62.401364857207064
172.16231909087603,63.17575313025255
174.636213448158,63.149416295280716
176.13737364099887,63.50220731126918
175.46174537394586,64.91117476889774
176.19427755329392,62.97382587795372
176.71476133423369,62.848242985482095
176.2132666639464,63.03860227547215
177.2131460004671,66.00430590317629
178.43069409243384,60.965974746901956
176.93580063217667,60.09588674168674
176.22179517680812,61.05721101532455
176.47945460458752,62.09830018667564
178.33752204553693,60.42725837151481
177.48120614548685,61.09646684114981
176.69757800788764,64.00440541003077
174.27746012324195,64.67176954459768
175.2983240251449,65.68038555426581
175.32290046525037,61.406219360168684
173.77505199540403,62.30896188583132
174.6071435774395,61.39048165679117
174.48537785266166,60.810990625289406
174.3154968033387,59.134246990400214
172.28390870055108,57.92781268677404
172.37891150402925,58.5522965059043
169.73916167346647,59.503836195729896
169.01624417856758,59.228140539518975
170.92677713910572,61.20988082960443
170.09751495104155,61.26781604661114
169.69448709634491,60.541880159230715
170.84001657540108,59.99332565189905
170.91095126802765,61.02647214115152
169.16089136668504,61.311828523398326
170.88704400119872,62.44494767445246
170.38129773822476,65.37754943702086
170.87814226628686,63.136002066285634
172.23671213563054,62.48775969396725
172.40000653248103,63.04112112458508
172.56330092933152,60.81491010971336
172.72659532618198,59.08542323143062
172.88988972303247,58.24453665745664
173.05318411988296,58.99075015848004
173.21647851673345,61.26868336620278
173.3797729135839,62.67019231136794
173.5430673104344,60.93826393929027
173.70636170728488,62.97202751614118
173.86965610413537,64.20088816405054
174.03295050098583,62.05438915311948
174.19624489783632,65.11423495005569
174.3595392946868,62.97749959792401
174.5228336915373,65.42649658853931
174.68612808838776,65.18900724077912
174.84942248523825,65.43414681359994
175.01271688208874,65.18388110175889
175.17601127893923,65.24910960479336
175.3393056757897,64.8783771876345
175.50260007264018,66.41970200415892
175.66589446949067,66.34217131377449
174.2034195760478,64.39921186995097
174.54153318350336,65.43354767761446
173.46987094215197,66.72519595428439
172.1556963092773,67.73778692145603
170.44791413530513,68.32513552308309
169.7292278001408,68.42870456960479
169.03573806240385,66.79577789416271
169.51731129011688,67.21966480190116
168.14656219394362,67.6751313815302
169.93837513377932,66.2333839012026
170.26474519492925,67.67627151702648
169.9694328547412,66.39800535048673
171.42477644538303,69.41768312481885
170.8415732750248,69.55639510253602
169.2933014620178,70.76786834029612
168.5590546792439,70.99186843462847
169.98875860347724,70.23503211559144
169.55499909480088,69.18703503801923
170.31165800972914,69.58500939527347
171.27547374617552,70.55206505302071
171.96255686320944,68.52856140011923
172.13616979442534,69.68548856799903
168.76358795750662,69.1550595698559
167.43127181450183,70.20352739462892
168.31833076155857,70.14345623685
168.2446267715611,70.55933935368587
169.52611076762582,70.72629585947652
173.03011892789982,71.42364199526715
172.64610368739793,71.35382359625216
173.1132055014841,71.17360609560285
172.04515272102972,71.04706700114718
169.19640547543446,70.7514503679012
168.69245353446703,69.9699009371331
168.2097903799532,69.17861343428623
169.49757284361488,68.19025931587984
170.18929932060098,65.54663850539913
169.3109864974124,62.70847764974469
170.15077721488657,62.056755613183846
170.491041964158,61.67265763617995
170.34802952248367,62.70065703518135
169.67755415944134,63.62004120163332
169.31932865520372,61.46128576889825
170.92605618574183,59.7581549033551
170.80505594762656,58.05830163785209
169.926538647005,56.4253361907503
170.59996735513914,57.26980285893127
169.69363127364997,56.87579424608686
166.67484129632857,57.77558488830374
167.85723047686247,57.23564216236733
167.63678228504043,57.54782936974741
166.20513428665726,57.33081484338257
167.28679085422843,57.94896482135341
168.758245185593,58.28627600307259
171.38255480414333,57.94079212155666
174.47386713116907,59.11694302665808
176.86827940672546,57.841843281720244
177.41706707184147,55.079756407212514
179.6419238755664,53.86515908677547
180.95124780487603,54.14107065750521
181.02666293069532,52.607749269905
182.10362637118635,52.280210699542884
179.70980816978584,52.85887910883051
179.24632697493993,54.087549853902644
176.9963167662912,54.62751122704115
175.04240855767446,54.21446836394075
174.9314538059313,55.144488031627354
175.01447597157465,56.33033195663767
172.93480757814496,56.34232660302374
172.8577628970793,57.62755675360138
170.9763525619932,55.89645375960363
169.86055832941594,55.02378720387745
169.62336253381022,57.348023703231725
169.55151624718633,56.90798714368489
169.27248716720172,58.37766123043757
169.61681101914277,57.74312900173002
169.40036618641338,58.544068622909165
168.17158949749222,58.35139896385088
169.3411713579943,58.867012900525005
168.12739830409757,58.85111791886634
169.1000046114123,57.86447829809028
167.59204751556854,55.92706715306779
166.17805810109,55.08142763858285
165.37449028996465,54.675626224268996
164.79759581194742,53.27595220967748
165.44276739133096,54.29436491806667
164.7956290990852,53.594547941846436
164.41863725572765,52.66940393001641
164.45123772799747,54.09231799077584
164.4838382002673,54.31132736768092
164.5164386725371,54.4024322264724
164.54903914480693,55.60080712383228
164.58163961707675,56.997598454078336
164.61424008934657,57.20553565892162
164.6468405616164,54.81404406304481
164.6794410338862,55.358474473650695
164.71204150615603,55.420308474537165
164.74464197842585,56.1181573310563
164.77724245069567,54.78868296555352
163.436917166537,52.41581969500075
164.2555292680847,52.96215943854479
165.00922810216613,53.30495475889766
163.9586058329697,52.39945283249635
165.24219981035,52.487024683191024
162.91087402222075,52.36189674012146
160.65586688812905,53.001353065821974
162.52320530650934,53.69289692971053
163.40730489718317,53.14000245682238
164.10915707315237,52.404144616328416
162.11911612121386,51.807123429857874
162.50624898084328,50.642099768446386
164.53178945362896,50.318523505565665
166.02226264588032,50.31555069003346
165.54780343129963,52.012968819694294
163.95748018380732,53.542650552810706
164.64338066727046,55.16164099748719
163.65244870548614,56.16429738478981
163.72716688218026,57.344555955645006
164.61984078740775,57.447522219636774
165.32397885007842,58.562746364422566
165.26724145167032,58.53578862165055
166.28552029005303,61.00874836560617
169.0501633271097,60.24050540203858
170.2303463891824,59.86632608785907
170.30432149877055,60.83741439622683
169.35461585611506,59.60429178540033
169.29209793771287,61.33753493482231
167.32742862084572,61.963045904261804
164.88722189819347,60.92287235198698
163.0369880501405,60.97936067933186
161.47965959684194,59.35793704355203
159.64300290553246,58.541600962897604
160.7949867866693,58.57576632970567
159.6284606978112,58.06718189137869
156.92197371513626,56.922712489973364
155.5435256528264,57.786375483386486
157.13330192981167,57.55864884351272
157.51704587171525,57.21146013548143
157.7876059767689,57.490497694835135
158.12934071160836,57.253790178846195
158.60147413985675,59.53870554509248
156.67725912007998,58.535004492489065
156.87010682295545,57.92131424834865
155.37315135298786,58.43477825070091
157.7462489790192,57.61155355397025
158.41201812561684,55.598335251272474
159.51647723385594,56.14519760848441
160.68331685312046,56.26150699157851
161.57462176229063,55.85621986053141
162.0711912680097,55.47572812851665
161.65964645520313,56.48162838083099
161.7510433707866,57.1969345904999
162.00555846510335,55.41006890725109
162.67504592352373,59.14166003224405
162.0494158318371,58.02833714407524
159.52418322976376,57.08719389319412
159.65778366396304,57.210307358752004
159.65479148480776,57.98357601470362
159.82588484765097,57.517563728471174
159.16049493160028,58.34306055134318
159.24624535426767,57.83026199974823
159.03041376264827,58.376999115221935
158.2284978969074,59.16313441870224
159.7532024127738,59.041558911223014
157.66522381907234,58.2038726343502
157.16214196994284,59.053542517778965
155.4354711121978,59.567799481574866
156.15272617472996,60.77582082618367
155.69828283666985,60.82562130426082
155.86847046873177,60.710283552137824
158.18643771252886,61.02517269456145
156.95587371631083,61.417041834550716
157.75051137155202,62.50868249083758
158.58716425679626,61.11687811430808
156.9432675310253,60.196970930114844
158.26407102141005,58.48054364564881
157.73787364695445,58.25963452553431
156.5422475919451,57.71228524445162
157.14590266675953,57.38104631901301
156.65024029060152,57.20059587040013
155.31590922518345,55.50097407044972
157.04350865101398,56.83990390664628
155.29477415085262,57.04464669079506
154.8237290078376,55.89017985318892
155.51637629365592,56.4011488350555
156.0461177914941,55.859996985192716
156.504068180674,55.20263394987265
154.3192236654948,57.728863451004436
153.95948048134713,57.27123176021254
154.16877576467974,57.18134042015498
150.86784899535917,58.19035475753275
150.74949639199892,58.72668702512395
150.49553691401948,57.3437102041627
152.70024990158635,57.88493911119273
151.30484213619772,57.035643478134276
152.3624047265704,59.38749509929967
154.24072190767527,58.5298150309633
152.98832974215497,57.338167996747785
155.87267367387076,57.77774167695163
156.85569832940837,55.238813365079324
158.99047243937093,55.29407738815171
159.30809431147833,56.76721307150568
160.4531444561176,55.76533763617223
159.69283556330072,54.504815870456056
158.16703735092506,54.135762113892575
157.90905575540665,55.187461400560686
159.01620785832293,54.85362255728731
161.31519850391487,55.0324271250175
159.3176562280016,56.744042843592815
156.61581969466064,54.88682946880653
157.9484486219094,53.353128241232795
157.80879536348317,55.92166163528078
158.02421042681334,56.81439710279008
157.81882153378376,56.242293034650665
154.6775197778579,55.52560178533763
155.20158877225583,57.24337590632763
152.9123964405155,58.160782500931305
153.08684701584886,58.156729876983285
150.7421065561864,58.48625524325464
148.97369814929985,58.17282761611072
148.71143503836922,58.189174050408546
150.09791845544007,58.51608173260358
148.17438380298097,59.51638428348654
148.1337159950088,58.30116263514344
144.93536563981888,57.488190300229085
142.94843499497526,57.5397440378702
141.21042955056464,57.92004919095879
143.28804050697707,58.32233725079106
142.11807257358734,58.267858289523794
143.9097492128733,57.93961622263722
142.58091138083185,59.7956396263285
139.06214468001002,59.022215453213846
137.21754285747417,58.12731665991675
135.70246891310117,58.604445266566024
136.6482576272841,58.484358884643854
137.07564956060693,58.007953057311724
134.9311471202881,56.31704179431808
135.02622085982668,56.36526254593648
133.32511934477347,56.98834728502919
134.28955964279527,57.08608140159402
132.90431370534634,57.247280322874445
133.63289245558178,56.3281051375388
132.10576400728473,56.23574894091324
132.74530777480726,56.83382840290899
132.57243341063773,56.832868889133316
133.3572792328902,57.22959614333187
135.4827362388065,57.46639157773226
135.6124081015903,57.39874402449057
135.73910667863888,57.550336552931334
135.74967347565143,56.937613694260804
134.15665549205286,56.31040559293991
134.20842063760523,55.43169691706778
134.0449465625705,56.430079422909856
133.50744016671942,55.60339362377388
135.03523274610654,56.25894297374162
135.97281915571224,55.700019838982726
135.13439162811738,57.64763246820828
135.95178014894242,57.55687644252576
136.18935297448186,57.1497212384418
138.81800945895117,58.026021313695104
137.21896590321802,58.345276289264206
139.24538687913252,59.07420965238558
138.4511355012925,58.68358024478572
139.39373368895866,59.393679108615316
138.64846846349394,59.29174987397206
138.2232264288299,59.997808419199984
137.68011963166532,59.97301596999217
138.7592191542833,60.66392866224378
140.20031700991734,60.88751833622585
140.32588796917085,62.28779835865025
141.91405299401222,64.29640557190459
143.04623102874945,64.73709829697158
143.3736416812857,66.04139016449155
143.58078869162605,63.384862006245875
145.89744281748676,66.91249156481982
145.2493363200803,67.12129428265143
144.9446590017521,66.82168011792048
147.21142196374805,65.99836267275664
147.3959548575058,67.85571314004963
147.06350605930055,68.9243133816056
145.35727819767595,68.37788791472259
146.3881336623337,68.6464523818663
146.1109907221026,67.51905077601492
145.0783363934521,67.31531801495144
142.94567615659747,68.77842583247705
142.86612780672908,70.46331547949254
144.46038195556298,70.65273129406312
144.7272414329524,70.6811109237176
143.91588182474243,71.2632929882787
143.9644066334794,72.24023291037388
145.25154968524816,72.64018263140213
144.12522858616214,72.6410217121742
145.42447473528884,73.1781075849856
147.67756460526795,73.42258164240408
145.95370810727155,75.74165610476827
145.41016012484957,75.39341597049668
144.9854193288974,73.61266194616569
144.5963519832328,73.5170468836268
146.05410609358356,74.41800904029267
145.0803097709964,74.29821537424472
145.71531508141368,75.67589730018713
147.27519132096992,75.74499545654004
145.03276131127484,74.00911931425493
145.36407520920076,75.54571134491745
145.84176410907,75.789381534155
144.30502064669184,76.51749207558294
145.3638003271033,77.66988922681603
145.5643631458189,75.68489162028459
147.08135344379113,75.08230981525469
145.6243600539352,74.62396756768855
147.8858797639074,75.43754058315895
147.57715160724007,75.29348102968268
148.46938049875413,74.23121066142969
149.58191354406432,74.11535019044257
148.68451945469275,73.00129255605873
148.0133177048245,72.32831662831217
149.638999204622,72.0168807639265
149.74307449555744,71.36076771646341
147.35828256281792,71.1167725925773
144.1985820905587,71.37396388042815
141.03087409393942,70.19166149282789
139.64686381578122,71.37190520954485
142.289290037263,71.0064586985322
142.77886533746272,70.1965224861162
143.17852673484117,70.53407118710574
145.46296811413643,70.89600395136303
143.72143675959666,71.09799225586586
143.79046216938474,70.65503961152628
143.23625090475088,71.12600901355637
143.8989920946982,70.78132463636464
140.89533256343637,71.09602944272594
141.25088641252236,71.04068952313533
141.34845136408998,70.44943004592268
139.4784804826786,70.46379231219021
139.90872719810855,70.0355235205484
138.52806695484563,70.67158787119571
140.23835928520504,70.53241108589101
138.52097899177778,70.7737810349046
140.52854347183776,70.52524895513005
140.00797283827762,71.54808732014492
141.80507025111572,70.98544315217892
139.4713999156868,71.18466890982198
139.772302372428,71.25755497713929
141.51717908561898,71.15328590994174
139.60153309514916,71.28375213976092
138.49573228756623,70.71537752789582
139.45572494157767,70.065001781845
138.41993207143273,69.3639279138362
139.0914298233072,68.84559563186167
140.43335034978222,69.15350275584909
142.30443001565365,68.61797627721565
144.437259686374,69.55184378111696
141.7466494938065,70.08168985874738
141.75213970103295,70.2540906185346
141.61250501144647,70.57425244640275
141.11364568091895,70.3893717154261
141.10975157654053,70.54081245914242
141.77107721620374,71.01881619377566
140.93458003173657,70.94732248223377
141.40418566468912,71.2634417736982
140.75286410943892,70.63361775770377
142.5783313281979,70.56770213645223
142.64592173543477,71.00041975332185
142.74397194343246,71.10190050127868
141.29617272648363,70.56004690664189
141.319978363246,70.1288596481668
142.06150852129082,70.08494714050563
143.4183075868287,70.11157495181843
143.82033360249247,70.17856304479065
144.67411016436407,70.91273221331974
144.2691264155654,70.01720474415917
141.96111922659318,70.61862723316685
140.06816467806397,69.794000036767
141.3979515876969,68.34308286793373
141.94679712849864,69.30475929485425
140.38390732332587,69.14515098472685
137.9404341118372,69.48971643697553
137.7430732253474,69.46686022687955
137.26626701052422,68.84819269276299
134.5803678309433,69.56574123555143
135.11317847632364,67.80638852643102
133.0364476774072,69.14387374097309
133.05958528989672,69.78167165850145
134.84337287645093,69.60951998036286
135.76265728476957,70.272583559443
136.5793026410483,71.5535697537527
135.16917017347401,71.34823432244649
133.20740588284883,71.57164337744967
133.6041551503435,71.67232884419637
133.89590047799882,71.19329049939884
133.73316211012136,71.15475066036304
135.61366017662903,70.97666796513693
133.11893434344174,71.47871031855955
133.31747065322304,71.7374948995411
131.47089112940276,70.72069290593176
130.68775422456702,71.2183601421752
127.20351061593017,71.3512608789876
126.90844809385915,71.40856192590189
129.48851150808272,71.10627411573472
132.42854680238267,71.17610840798434
135.0858520822011,71.06823885823523
136.2931154325521,70.59833903133475
135.46380128569342,71.4097430382121
134.98168224706865,70.37732162077171
134.76825652104645,69.43719731746633
135.48752350510554,69.49037231106564
133.06270847238528,70.11635490705325
132.53047068419843,70.37579742851993
130.84745041893837,70.1075416622695
130.9080110231599,69.74110313584322
133.41254692932762,70.18854944860271
132.48901321816066,70.03360268828185
132.06016578317116,69.02163423101823
136.1311957303562,68.44846491438422
134.08158786896502,67.32555667404958
133.38471326856504,69.15806605579554
132.83034241614078,68.34021820257868
132.86528031608935,69.35270715623464
135.31519038218178,68.9455462295646
135.81610317571997,67.01209552782375
135.34951374515896,67.04979840790757
136.5750210088083,66.49023444113811
136.0629854326225,64.97599874793819
133.7445560037615,65.72114709977006
134.4608058360454,65.8499267864958
134.87371002629013,66.59694985365391
131.95525828576575,65.62117877657046
131.01458013612736,66.79648029896677
127.9024204481109,69.46668156140838
125.82245398725394,69.80709920186037
124.83550810582989,70.43988243957216
123.17286389469257,70.30497133429704
125.25791352120488,70.73683890937387
127.21534501299867,69.38962001423032
125.88308782149183,70.1278273071957
125.06873626296135,70.2902930006368
123.3983056404497,69.21375778028832
121.72715901737072,69.58523011544531
124.58356485297888,68.45767915520203
125.16294647848252,69.67130390984275
123.76320418020973,67.7899889321327
122.54253178813768,68.94981168584933
122.26558113092703,70.25524332758687
121.98240354240272,70.85389604171998
121.38730642589846,71.02953019562534
123.79698901677472,71.08770857055174
122.65804121130648,71.69950498323672
121.16159059410943,73.39903382064145
121.59820012607601,71.46767245347522
119.44933459096475,71.14763688008593
117.17700728294464,72.0566712744432
118.20418814197792,73.38779898461254
115.15931984387551,73.5064127504381
116.20625864994511,72.91011986692573
114.25021366052343,74.04768127136403
114.1315770008166,77.2738628003807
115.44684588596334,79.03802621570762
115.67546348789338,79.88610062552144
117.18911194794931,80.32571719799569
117.85627292145703,81.51167385810074
117.71244133192025,84.46014181419999
114.75244976575357,84.27978907052
115.29786544838996,85.27376060556095
114.85660872128429,89.43122920543502
113.26011878682621,89.20525033026539
113.21578422078944,88.75557913652979
114.5347802759116,89.46912899443417
114.84312202590111,90.89744776646502
111.78260591587926,90.12992247537615
110.55417494085366,91.18083548948779
111.32298564221954,88.54684142400077
112.25158842040967,90.58936874902545
110.64580916766239,93.00267473395962
111.46465031726069,94.2760496007947
109.05376192899888,94.4038570939152
108.56949049894708,95.53640134573412
107.04227827721662,96.52688931311792
108.11046797278433,95.02552056082865
110.22919341805196,92.61751727658373
113.37819122561969,91.00404795678321
112.65690701689515,91.79271191012772
114.26261143989659,93.9503355055082
113.52193274540689,92.9449307462852
111.87607542889737,92.53941909559776
112.20108065136564,93.86458110268579
113.11586467839689,94.57425423446283
114.63500056329104,94.73134843729102
113.89875540265874,94.40553104842901
113.02436423327134,92.60872011937248
114.35145683801801,91.71145519828598
112.92839499295317,93.92749059504202
114.81415200838595,94.7682294142174
116.04569514054859,95.72774889701562
114.65018694128514,96.19477078878417
114.31364843950573,97.10645851205852
115.23001921567942,98.61017032791588
113.75399762042176,95.98416523066219
114.09649992175923,95.72039364076353
115.54984161617764,95.89861122424864
116.74911234078304,97.00375832524213
116.11355971650751,100.03909249171306
116.02385138601322,96.97212991727147
117.17167391130056,96.00885592825168
115.32452035580546,95.54813658391848
114.05250808458679,97.46092178528183
113.06428485443836,96.97284442238933
112.63527683199517,100.00588200229404
112.616273042961,98.94470120012818
112.59726925392683,101.2420882439455
112.57826546489265,104.61388705701023
112.55926167585848,106.21045844189064
112.5402578868243,107.75414977507428
112.52125409779013,108.94667373783071
112.50225030875596,110.3861161714768
112.48324651972179,108.21593826461462
112.46424273068762,104.90448076093469
112.44523894165344,102.85012631484231
112.42623515261927,103.667445618247
111.04811166004717,104.17996303165273
109.1785599978991,100.98873106412032
109.48568765128748,102.26490371621593
111.24393687933245,100.6049681614747
109.72826299094645,97.45700314360708
110.72297468018016,95.33669069395327
110.23149189424255,94.84500856210991
111.72842968680591,95.18144675083576
111.29287095921276,94.21840065696851
112.39435576335885,96.24291800245845
113.34735117742015,93.84061258744498
114.76165099980852,90.99274334404272
113.97156708159727,90.38432099203932
116.03814068482461,88.45766219969903
117.45469595656658,89.51518343171955
118.70124405923485,88.47488009773106
118.45057098881914,90.65737641323595
118.675757552565,88.64529244020272
115.85434960105981,90.04935688868652
115.36675834094595,89.86671528820125
115.05862442776306,89.05658299244715
116.03598341517734,89.80467202848375
115.74196990197294,89.66395592354115
117.31550083508634,87.12176619497653
118.15009788613992,88.49370260649569
116.35985684016723,89.96276826325494
117.83726583659006,88.69201910836992
120.5104273304661,87.1077804815185
119.71946158224898,85.7558229774495
120.1517520337765,84.7243939171029
121.55466952465936,85.96757801584118
120.71010485873424,86.79120958647135
121.07606176973646,86.77659832079343
121.99141254450825,89.78018539422543
122.75704689930508,87.90631737608344
121.97204495828801,86.31068880270347
120.11596159603309,87.72548697102167
119.65883186262893,90.19588228703718
120.78804030322853,90.01183080912634
120.45785212929579,89.32432701319952
120.5744923215293,87.6031760150506
120.69113251376282,86.81486286993614
120.80777270599633,86.10622411900904
120.92441289822985,86.82597835218861
121.04105309046336,84.03569715515593
121.15769328269688,86.14145227936002
121.2743334749304,85.58960087506979
121.39097366716392,86.91891777796418
121.50761385939742,88.35680825439819
121.62425405163094,88.99167271517534
121.74089424386446,89.25113863483479
122.55209598942542,89.20861348665495
121.71765617443882,90.49368288397952
122.1756316585614,92.50964034657777
125.46599850559657,91.67570924103197
126.35097633489616,91.61671925480266
125.34303582837289,91.94522235266805
125.96395406460051,93.1387355856971
127.85954071661317,93.38030633080498
125.7061578952579,93.90184108232214
127.02225218057868,92.82191826297492
127.51239652266561,94.08241874859364
126.51101620970093,93.79779901909639
127.94319494685972,92.37935281178973
128.2201235091134,94.80577875701202
127.92105185590155,93.87700287609367
126.937265970761,93.69333106136996
126.95920821879247,94.82180500461519
125.53647859211827,92.91993643789279
126.34074948062118,93.13849362714426
123.19984290249376,91.06799219791586
122.98071303170171,89.92980534303459
120.51353994029871,89.96171211146803
120.66967343991998,91.46477552768698
120.4155255406582,90.64537259929081
120.13606040900055,90.11068927965155
121.1842133809342,91.3001234591213
123.10362820242736,93.08695502868838
122.90543748746387,93.70469424520483
122.78262942346846,93.05419910390141
122.5923301163298,92.69753743986925
123.4552817254436,91.87837401261123
122.84557937457521,92.10534984341548
123.96111864357712,93.57057028715874
125.47175613754695,91.2194029190969
122.51414127289041,90.26313204795909
120.58732667218936,89.47520238043272
121.18692837134536,88.48107760494624
122.22720419548332,90.08428901296232
119.99496524583262,89.70927632613713
120.30661623462129,90.41777428933023
119.65623366511453,90.36029496513929
119.40676758897634,90.90989504780946
119.65769924807365,93.57451071447524
121.3719297452771,93.72938476877937
122.50788550570152,93.70762400485361
123.69471687465088,92.7970877136754
124.09057114818084,90.82119798079327
123.75309389130705,92.57952352248621
118.48620314724666,93.97608339871431
117.66299047761953,94.03139667237863
120.87749985205271,94.91884302340712
122.11101132567529,95.84500119657403
123.22610941500258,95.5820393027068
122.12569869267124,95.46773443207293
117.88269632709591,96.04867206881755
118.80953634887514,95.49714175627567
119.2561223541558,96.29588191905796
120.95735788381586,95.60226151068365
121.2751232152389,95.76299788634293
122.06109489472165,95.6101561517893
121.5774375712912,95.74745097597777
123.02811127439783,96.33344655989423
120.95208365670209,96.61565322840423
120.89260595753848,97.71802854563093
122.47887117624569,98.42847074237145
123.79494036364277,97.22640093080854
123.77190663413101,98.75254939585633
123.65500548454857,101.13192273944964
123.36825525468119,102.1138191985658
124.13317541551953,101.50464090136235
124.89809557635787,98.72437742309614
125.66301573719623,101.56673498312126
126.42793589803458,100.07038776502415
127.19285605887292,96.68594264426332
127.95777621971126,97.4660488669443
128.72269638054962,98.97044252094695
129.48761654138795,101.05096537347363
130.2525367022263,102.14994630901134
131.01745686306464,103.74066805550851
131.782377023903,104.5589172056721
131.6900801375999,107.02089259642437
132.00012083367372,108.84860855222921
131.66406013912965,108.5038695408829
130.68929974749085,108.12752876912361
130.51448410853217,108.82229334540426
129.53334095702706,108.11046797278433
128.73920203345213,110.27924600963593
127.64321428670557,110.37509115441105
126.08718036354543,109.11410957430287
125.91010173664539,109.93921019756789
128.02617890639564,112.91177846254256
128.45654515587196,112.863472727948
127.24408946390714,114.48575870109241
128.27524339133126,113.8011363397406
127.44359888344519,114.98204118182845
126.06944316172516,116.03598341517734
130.0234691792117,116.49262933073601
130.4586063627848,116.93572309052485
128.55447710786697,119.06560789824952
131.67244845539935,121.48617515833327
134.18671903077183,120.41994708956115
131.5904796105331,118.07060308867744
129.9941690050998,117.63151708093542
130.2184451994862,118.04516390598086
128.48140369598516,117.75823182232378
128.59173838835676,116.19133136045541
127.04658977188816,117.45469595656658
125.15434490691987,117.71244133192025
125.75382417778327,119.80826080451766
124.9304570993426,120.8737909345995
124.74005778379235,120.86784212368336
127.33930486128719,120.66108318763247
129.38530033838362,119.58429392951543
130.4368315783682,118.66940510313185
128.80251921203705,117.80404617306384
127.28050120247177,118.45638781132986
128.0832629376109,114.23399785428408
130.62878508001782,112.39435576335885
130.72076917052965,111.04811166004717
131.6421691211462,111.69285637436158
133.03288557014653,113.77762247386319
134.71018887910958,111.90050796274444
135.61582355122982,112.16519879679977
135.42132938699197,111.97984892713527
134.90807165373693,113.89875540265874
135.09625233709525,113.52196260089433
137.15901545061377,113.51122018811193
139.31143967434653,112.88198179185645
140.44557645090532,111.08786827592827
141.23437563539846,110.8426653979661
142.0045645935479,112.48324651972179
141.51011227405561,112.43238951666875
141.00107765407333,110.94730052559447
139.05661143938585,110.11451205990588
138.975492442534,112.7790871200847
140.5743197431413,114.25021366052343
142.9517807268306,113.52616995656122
143.03286236688126,112.81967069664387
142.18432948199845,112.6371875206928
141.68336369406134,112.39383139986948
139.29625874044373,110.90132469456762
138.44528011241732,109.96269775662093
138.13620393076627,109.32619848527527
137.44135205039382,111.97052474332625
135.58546795334485,114.09649992175923
135.36793241114555,117.92408300415829
135.15039686894622,119.54746132465013
134.93286132674692,117.73910265402309
134.7153257845476,116.50625468083392
134.4977902423483,115.29786544838996
134.28025470014896,115.84724792373945
134.06271915794966,113.82084694530951
133.84518361575033,112.52125409779013
133.62764807355103,114.65018694128514
133.4101125313517,115.65431841794874
133.1925769891524,116.35985684016723
132.8787851505483,116.5044926193756
133.53195319383843,116.03814068482461
132.61299999690743,116.76885059330127
133.2680532436068,115.74410271070575
134.01985146457733,116.06473765482212
132.09714609175572,117.40799855953136
132.13764327108137,114.13680773477319
132.93897379728475,114.82324451717456
132.8288523224992,118.21906042856152
133.68229313123564,118.00428836969924
135.0356358531717,120.57084716201584
134.55056211596448,120.29422864530223
135.08498794608855,119.50793572048242
135.49535101413235,123.54925987487286
134.2141791405133,125.28299137579951
132.52876960948498,125.88308782149183
133.4793098174588,126.3393346058476
132.52383651725944,127.12215949529954
132.34172749689873,126.8761902577368
132.16992344988003,125.78350708768828
132.78082874718987,123.66278212995324
135.2163558239145,122.6318676676729
135.46221259279193,121.06890333330617
136.61576728745362,120.11596159603309
135.51695003659978,121.10893230535052
136.18185190873845,121.03476761588347
135.71368932558508,120.29473244710752
137.63532095403198,121.6504993802828
138.68418488768083,124.73150454184098
137.92388771138582,126.61949865330509
138.12534527122344,127.44910182777649
136.58154923659328,127.44115674114236
134.31124109910962,127.51239652266561
134.86281270379013,128.9096326966792
133.65066875014747,131.4332206010826
132.69428861539643,132.09714609175572
134.31024434769597,134.16601049054782
134.47013554203386,135.13540095665888
135.4685927496854,139.08653353287121
137.9283497495657,139.98834680821673
140.82245678720713,142.28742762104864
140.31062559843258,139.19528970950768
138.71051988265313,136.80566080569054
139.4129430206046,138.46797094020485
137.13054089700702,140.18131306762814
137.00903495820376,140.74967484411474
137.45516233726673,139.97874876808575
136.21676049548566,141.94498955876477
133.99913881709728,140.12574091850973
134.31017026600708,138.94957194164894
133.50797380104478,135.5949189263304
133.39958924105008,136.17870799977769
133.84805015664304,137.21754285747417
132.90740310643756,137.02756653686046
134.6667240303201,135.16005352815867
138.25093898154321,131.2332204467023
139.71376477831726,127.46213518077846
137.66493158964795,129.5939789739313
138.09323379558475,128.21103662111082
138.26284783419976,130.38561068574955
139.01652174187188,130.28186860654895
138.55628037423725,129.69227680483067
138.5586389349704,133.53195319383843
140.19463028836842,129.38530033838362
140.41558291422305,127.57454309142985
136.7563585398785,128.8152624325876
137.204284297181,128.30418757114637
139.08653353287121,129.0472862652159
136.9414090416488,127.56794450163896
137.51029609211355,127.55307760222487
136.71866438029534,125.9385661543825
135.9270326684771,126.08853335715457
135.13540095665888,122.77749640459486
134.34376924484067,120.33081276830177
133.55213753302243,121.3719297452771
132.76050582120422,121.29399170905451
131.96887410938598,122.04028978052858
131.17724239756777,125.08884450790038
130.38561068574955,124.15149274982411
129.5939789739313,122.90543748746387
128.8023472621131,124.9304570993426
129.13853431835898,122.79650352141016
130.07113666529088,119.32848016148358
131.2578079424646,117.15105103389381
130.241515073108,114.70069942783684
128.87173719255583,116.27886164807624
127.75631030427989,117.51697195857358
126.22951109043514,118.6977146287029
124.96865735191496,119.88947915601118
123.54925987487286,118.36216827954637
122.97098023097371,119.86982657713331
122.68062002514007,119.28256459973552
121.01902278958897,118.5067404106207
120.8737909345995,117.85627292145703
119.86925290236914,116.59597976256842
118.4637038362353,118.57317056530206
119.88947915601118,117.66299047761953
120.15095682249488,118.15009788613992
119.75967603378547,116.99041879947397
116.36349035518634,116.5555937521079
115.95762635987542,115.86581022800792
114.23399785428408,118.30597241719455
114.01306898577495,116.240312529305
112.68818171938285,115.79482466210777
108.98162872189937,115.86219831133646
110.88095954530841,117.48468742042449
110.60603454145081,116.39586363307237
110.44264659540924,113.60096487248629
110.89374302717054,110.90482396905593
111.54491682978282,113.12491555772137
112.59315960998397,113.59406485168032
111.31530608026544,112.00334977215732
109.06582918288655,113.02436423327134
108.25754444487231,110.5749808935738
111.07656066651086,112.70886353942375
112.34169268476279,112.96482151579015
110.48750449159313,113.93548424026528
109.23208231719794,112.56351084771067
110.37509115441105,114.36106750097585
109.07874908252955,115.00456467783707
109.49094339337704,115.55740145666044
109.12632653289425,115.44684588596334
105.52543303079308,116.81486870214458
106.22103366937628,116.29870701808005
106.9166343079595,117.36667216010248
107.6122349465427,118.4945962751169
108.3078355851259,116.20625864994511
109.0034362237091,118.80953634887514
109.69903686229232,115.42795713307945
110.39463750087552,113.93315676937749
111.09023813945872,114.3807493307091
111.78583877804192,114.86842664602676
112.48143941662514,117.00616765647841
113.17704005520834,114.76165099980852
113.59406485168032,113.53992201659739
110.77754983400678,112.55254499710315
112.24737249166003,109.57567419047105
111.52811680999328,109.85829888206482
110.41288363249097,109.13530776369885
109.86634849964899,111.24825384995324
109.67913387192407,110.07989023856628
112.10703706124714,109.16815241822862
112.19730516417393,109.19752363654133
108.21593826461462,109.8563697177778
112.0598098840417,108.9820236681719
111.17602830522095,109.38858849260566
110.24487853973088,111.53527583518962
110.90482396905593,111.72842968680591
112.863472727948,112.63527683199517
112.92828275517395,113.43186278619852
110.60361011423137,115.05862442776306
110.51810541608738,115.70423362019909
110.94730052559447,112.616273042961
112.12600165429372,114.1315770008166
109.57318579177408,116.71202819535107
109.8563697177778,117.28163481431967
110.57944897255041,116.76728135166564
112.27967720480436,115.14682866538587
112.56351084771067,115.28840869251373
111.72565564726139,114.84312202590111
112.18567282289989,113.40742878312142
112.6456899985384,113.79134060984664
113.1057071741769,114.84150632591232
113.5657243498154,109.07874908252955
114.02574152545391,105.49799476102741
114.48575870109241,106.74561474319306
114.94577587673092,106.66702715256358
115.40579305236942,101.73997998788336
115.86581022800792,99.01250763022783
116.32582740364643,97.46309758130745
116.78584457928493,101.59733270226401
119.01063924655809,98.40808185787294
119.18281336763673,96.68419467574921
119.80826080451766,96.90015921710743
120.29882580478214,96.86227773815551
120.12588360061736,96.82211237288115
119.95428065211084,98.30392090535922
121.34073557856941,100.72253263312106
120.66108318763247,98.05297942684639
122.35065255402321,97.92263843221536
123.3699714360637,96.92396579904647
123.10956678870387,98.26154487908045
121.49068680374448,97.01842566739674
120.59298389149691,97.09195682853765
121.03186928913662,98.38669395766765
118.78984801442901,95.76746742208559
119.16654378816672,95.6237805548277
118.75257197739383,94.4322957808039
117.0846748589521,92.99038346296533
117.51697195857358,89.25200767080712
116.38367228038575,90.68580631928516
118.1839771633544,91.55786638547643
119.47525946958406,93.7957076759713
118.67556248902679,91.71932888826983
117.93316519020412,93.158204629387
117.01563529999058,91.98201636092084
116.75904584076048,91.01609062768702
115.96436011998136,91.2944311872405
118.36216827954637,92.99231471574309
117.96677610098571,91.96412071992135
121.50456156880949,90.46236266441107
120.20601461393376,90.02700812858282
118.27717060722416,89.60701416699933
118.52530127869555,89.92668336343098
117.52321312849551,87.93283995461502
116.98576975967082,87.2217383457109
116.15138902302465,86.58497431561133
115.78787263973331,85.63000607818218
115.65431841794874,88.22664802728697
115.27787152014135,88.38134910362767
116.90655375104103,87.37342204884398
117.43237123682918,87.12337899872598
116.76728135166564,86.9951890342409
115.70423362019909,87.61996180651155
114.23947032690332,86.68093058679887
111.99830463438497,86.16378496607675
112.94819711958567,83.56041334008926
112.74861703091806,83.13115905911374
112.20268023232683,84.2848006307987
111.58616634166951,84.04718936869547
110.56440062594254,85.11205599002211
109.51896097222213,81.39389633839406
111.05267214987622,80.66691083691273
110.18848732036201,81.01968553429253
108.86972597734626,82.15970137252849
109.28880194818797,80.12303744337775
108.45010719691885,79.66559243071511
107.04229068428904,81.60200702750986
105.96694240469463,81.46800957974993
108.33240649004594,81.7921214960693
108.23107684230963,81.16850653126052
110.97887553451213,81.1971841980511
111.59835769008086,81.62042542063608
109.24969428054922,80.17125303707628
109.93921019756789,80.11229927086423
107.81084702883857,80.7493804858432
107.62881246819167,78.50166105916443
108.9820236681719,76.72560430399143
107.37571261517743,75.97420895847716
109.32619848527527,76.20663083647948
107.7022591249124,75.18290818724468
108.364735990866,75.90083694344767
107.33166641456219,76.67252187202108
104.9058379560168,76.85290209765165
103.35370727873143,77.46686895440838
103.72217672661057,77.53902372627108
100.42745499376205,77.14749071665277
102.09725071396167,77.28369328005147
102.5614469449732,73.68247770031024
100.07038776502415,74.03451383536054
100.6049681614747,74.5605356853235
99.00189620795739,77.47906851513957
99.27533801731408,77.49928732410032
98.62508486337342,77.76641221183465
98.97762143358742,77.00639381184084
98.31110873625683,77.34554261832088
96.43201150973918,75.9632692941728
95.27361383631842,74.14761364253411
98.02960952983122,74.10059531979766
98.75254939585633,72.79689461879279
99.02906124636253,74.12542636958369
95.21192261140757,75.92176456185075
96.46933693087946,77.71081688388868
95.49714175627567,77.29927531329105
94.2432488301248,76.92687668008736
96.413229828777,77.70472959850363
97.24948793011933,78.26724171880575
99.1488572569694,77.16036005619608
100.23600171105046,78.1054080083356
100.2195742198124,78.00830267652861
99.70713948804516,78.95143864408702
99.74366191693264,79.85264960437652
99.53537779760408,80.88099698237166
101.05096537347363,80.56520657614656
101.73997998788336,79.6899106444465
102.48889485573403,81.68101608069068
102.2684097998565,81.64981854032371
102.06955033268977,82.05056855004368
101.87069086552304,80.82900625020865
101.67183139835632,81.65924945523638
101.47297193118959,81.08034270279335
101.27411246402286,82.33701833355444
101.07525299685615,82.90000531038923
100.87639352968942,83.26130576157948
100.6775340625227,82.32540883547982
100.47867459535597,81.7407328416775
100.27981512818924,80.37972186712062
100.08095566102251,81.77150309968358
98.50155999676375,83.23402965014618
98.45786539166535,82.518091030717
99.30018429078758,80.79572507520126
101.59849738850792,80.54506366033074
98.50886153893549,79.12709100812047
98.75477241794515,77.34403017654238
99.15450826849012,78.79901727994368
98.6173950648675,78.80578930596333
99.17634074659887,80.15187936578475
97.23407295873153,80.56122040652485
96.00885592825168,78.4038838170512
95.89861122424864,79.65402843771018
95.80515602739183,80.77137173989719
97.45700314360708,80.26130676393771
99.02055454886131,80.26819020832758
96.79713041105829,77.8236006913779
96.97212991727147,77.7757488296669
98.40808185787294,78.92160293567332
98.52831001686322,78.22448913959278
97.21469876219128,78.00104160442164
98.80547031011632,78.1788600571725
100.2631300728968,78.04630845994134
100.28923757179555,76.94447603021855
103.41501494375531,79.19501592167259
103.6013526228077,78.63622618155011
103.45620557239259,78.67423274034451
101.93024239445536,76.83203618848347
101.26762682727302,77.55392120105132
101.40582549443333,77.60812217918861
101.33202562498913,75.28316133480945
100.1104485787973,74.2645900126299
100.81117135614946,76.88235240908301
100.27440882431247,77.44099248978466
98.54475866242423,74.73884027260178
99.23507896282368,77.24091772730726
98.42847074237145,78.06899739958229
97.61176035921874,77.40201629689746
99.36641655344023,76.32243080655827
100.6464504531479,75.33910498516894
102.98724579689475,75.98176745392564
100.88555798538475,76.10729539766267
99.32803274928185,77.32957269684869
100.51054119281592,79.1395434115426
99.13458138640858,79.45837170507502
99.47383829173485,78.75279064603883
99.20975991704393,77.84190967627944
97.87475605907309,78.45054031523698
96.5437251618184,78.910632227811
95.68615685806068,79.03833681146529
95.09777511810358,78.07127014322167
97.47381465592134,78.09719850605684
95.72039364076353,79.90393349278409
93.97876913387122,78.86003509860585
93.48247526863544,78.55586235483682
93.6174196466581,79.20862212750484
93.57057028715874,78.67228124006931
92.7229757247372,79.28983343359971
92.7970877136754,78.22963521366768
92.69753743986925,78.82897381317704
91.82221794601188,80.16206236255029
90.6497193296395,80.71172178277942
89.36413810599369,80.2311256390855
91.01609062768702,79.59802386477968
93.21328398403938,80.33743676129424
93.77142611937293,80.24842501014801
93.50475754337673,81.59279783094674
92.33307535212087,80.55973456829108
92.64621712371991,81.51922663365065
92.50964034657777,81.90304574966481
91.06799219791586,81.80501545477699
89.52982112779291,82.25548130959567
88.75557913652979,83.22974556533379
87.32961139863174,83.23016414102975
87.12582687944608,82.52206060155147
86.92204236026043,80.93104031248198
86.71825784107477,81.16301036083163
86.51447332188913,78.76752513367381
86.31068880270347,80.03318788933461
86.10690428351782,79.36410755786162
85.90311976433216,78.65857666796495
85.69933524514651,78.14357890876437
85.49555072596085,78.28675104742408
85.29176620677521,76.61714767619254
85.08798168758955,77.59214613423026
82.8497746079291,77.99025123048648
82.58675087004269,78.17293364833596
80.55973456829108,77.51449622255683
80.63460425095505,77.16744595138312
81.36489596365165,78.64012473857179
82.28168322458714,79.67471339792037
80.56984581091469,78.52044159874826
81.7407328416775,79.88822178398101
82.88827062265686,79.59692306076936
80.60531663081478,79.57874481588783
80.49089088251876,79.27825173200144
80.37646513422271,79.13316160172371
80.26203938592668,80.63058206235448
80.14761363763064,81.40291495557476
80.03318788933461,80.27736130999003
79.91876214103857,81.63015080674151
79.80433639274254,81.1992527153687
79.6899106444465,80.14761363763064
79.57548489615047,79.37029746729038
79.46105914785443,80.15778184383282
79.3466333995584,80.80490976338196
79.1395434115426,81.21928638682367
76.97641455497465,80.3606276837738
78.07127014322167,81.38600937325036
79.81860984094652,81.84493969409384
78.36142731784702,79.1383507926035
77.34403017654238,78.0532163619126
76.7646594051633,74.73156263227501
76.40025784062715,75.0036464673905
73.42258164240408,75.38789911488806
71.36076771646341,77.05102894292166
71.57164337744967,75.46759176395956
72.40071983598118,73.37392191362635
69.96715452285495,73.18132946110008
71.28569461846986,73.1615670292631
71.18002089175276,73.92317155544438
72.26241573270556,73.40447134509346
70.065001781845,74.18196919095764
71.08450645937191,76.97641455497465
69.93064692531081,77.53686331363193
71.44586502434693,75.3277386193832
72.37765592758868,75.80426236988905
73.73650174542838,76.51977671768593
73.1718165103852,74.62524715740821
74.91440367639721,74.11153420847151
75.19457675573756,75.38267521629594
71.12334267446225,73.80315781230965
71.50554568948259,74.72829649443177
71.49292793201388,74.73755497846368
69.74936681597634,75.04659575783015
68.69309124012462,73.66847579371422
66.75294792223973,72.90557871498831
67.39981743788736,72.72783210814772
67.70727406245453,72.68242947945156
66.90550801237991,72.95911747207967
67.32065262408533,72.40862458075574
66.72505312113522,72.6178771083242
69.05712177086819,72.30439327973313
69.82544287743853,72.8159816866511
70.2902930006368,73.73650174542838
69.49423528792627,72.62761547313889
68.96494016580156,74.24887600180176
68.21803058655918,73.03124593817975
71.24142909635195,73.13562466732158
72.96167270894844,75.04425127158119
70.7514503679012,77.21815290391271
69.88728475172907,77.78190641403613
65.52574867159404,78.74751890721352
65.72114709977006,80.38018860612821
65.91654552794607,82.1019674411501
66.11194395612209,81.43954339541105
66.30734238429811,82.51034210627144
66.50274081247412,83.65964990656062
66.69813924065014,85.0230928992343
66.89353766882614,86.95216539974595
67.08893609700216,87.0929817783434
67.28433452517818,87.69076876865236
67.47973295335419,87.40649837680492
67.6751313815302,86.57933567390393
68.67584140096282,87.68018157603089
69.51151493276788,87.20801752483813
72.76202062248007,88.48501143606717
70.80277367140359,86.90006809913855
69.50565866232616,86.2627685066571
70.18123490641958,85.55474124382417
69.78167165850145,86.06313602843554
68.76692735428766,86.91583736548617
67.88321299994081,86.18136076079516
68.34308286793373,84.41134708216968
65.77675459965049,87.4722179509429
63.94315545293914,86.2472725700562
64.2587481185413,86.15076468719876
64.04866054392434,89.0928000391454
62.97991549192212,89.93898989217507
63.4175903348277,90.69008651551451
62.6705793205985,91.0535127930952
61.54451928291535,91.2435208497581
57.40167427040165,91.1382548727473
58.82932884962945,89.99484880848584
58.489274060784226,91.13914065200203
59.510811113483335,90.88080911661216
59.8716799924986,90.38494680197853
59.8109784964303,91.31093340972694
59.088028959816384,91.81955617070874
60.4524367373505,91.14394033992549
61.21234055362207,90.27561996171832
58.54379858618037,87.78422044472202
60.76815094947404,88.28691023432927
61.767049923393365,88.46982443085847
59.60315181382225,88.9794195056123
61.98519497091956,88.55442838732434
60.410978405174966,90.56359929131467
59.134246990400214,92.53587446551923
60.66678853277383,92.21518733922757
60.965974746901956,91.05197658993065
57.62356122842993,91.19980290380995
55.55409689282219,90.68545783444836
57.496060487795155,91.03856785812236
57.09113781565496,91.24620386142071
57.19489994204494,92.67631709097509
57.39874402449057,94.83136463478014
56.47004568901138,93.24759105689486
54.504815870456056,95.21192261140757
53.39733133311426,94.6319879977885
53.11098533329885,95.75824004153066
49.204626555031254,96.30003370155879
47.74139870305973,97.29669324094752
48.269467659193204,98.38416676604244
47.03513218727826,98.62508486337342
47.78147230958936,98.02960952983122
48.173264193218124,100.1509382027869
47.22775297326474,103.77559224404835
44.21513053984291,102.44496487833784
45.20216570924654,104.27857595263124
44.60055048494974,104.6368176968898
44.44211636583976,101.87069086552304
44.283682246729775,101.01129339055825
44.1252481276198,99.97505800995765
43.966814008509814,97.1563888357025
43.80837988939983,96.413229828777
43.64994577028985,97.21469876219128
43.49151165117986,97.47087488578875
43.33307753206988,98.61673485620142
43.1746434129599,101.26762682727302
43.01620929384992,102.05412555990674
42.857775174739935,102.60124083454625
41.84830626786731,102.95444387573053
41.316632602226136,104.02072290808638
38.778318828947434,106.31651261894697
40.20641479671973,103.80240602397852
40.75047032973939,102.3219580484231
38.31474439163208,101.06148389396834
37.32242032734305,101.45303363542146
35.521984719680184,100.11584284615152
34.63946832144432,102.32549841312691
32.56688278787303,104.72657301887341
33.07376593317857,109.14222892766783
31.79776431034666,107.6122349465427
31.332109780857063,108.98162872189937
32.653905591669556,111.6669257450539
33.22107948153324,112.57826546489265
32.662881394912915,111.46711218783767
32.82551550899226,113.06428485443836
32.98814962307161,111.83277465875486
33.15078373715096,109.33804393447903
33.313417851230305,108.65166467396898
33.47605196530965,109.49094339337704
33.638686079389,108.87190194938223
33.80132019346834,110.75732789556203
33.96395430754769,109.74875631035856
34.12658842162704,111.15632857474026
34.28922253570639,112.34024075365694
34.45185664978573,111.29287095921276
34.96343859777818,109.28880194818797
37.442715374961296,108.8074610812931
35.26739282939429,110.34169944461652
36.57302222670666,112.4872083696057
34.43559897980287,113.64986897536915
32.39536947688193,112.162414904327
32.59717297191706,111.93419936316019
31.420172888324604,110.55417494085366
31.92015341943032,108.86972597734626
32.035509546865455,108.96407661651621
32.418255149667885,109.84532315992398
34.33476729420781,109.71590245950512
33.122283456478236,109.83677958139833
34.33553861868653,112.61424366798865
33.04821159956847,112.46526270600674
33.531807190968316,112.42623515261927
32.73862208248459,111.11232682179863
30.3940354682508,112.0598098840417
32.61418995871161,112.59315960998397
33.34359273547329,113.9302312780539
32.52094077382124,112.10648626935013
33.8203468977622,110.81383433105734
34.537342779030716,112.34169268476279
32.51305341567685,111.58616634166951
33.79391045282702,111.59835769008086
33.90752653186218,109.98461177862828
36.3627455856302,110.44264659540924
39.40923114704423,109.72826299094645
38.59706044189925,107.54907641573224
40.86864600994106,104.46143616998486
41.30438705173667,103.81979739013
40.13249363744479,99.25818516476515
38.62787220889671,101.45432996364947
34.32612160941721,103.67192991911716
34.27561885313354,106.7573251874257
33.1799252770223,104.82496516944185
34.54616246845171,107.04229068428904
34.764746831662826,108.89566760562248
35.10586516306051,107.3533774086033
32.16574767509455,103.90399957766611
34.79125442817533,103.07532083862598
36.34084499181184,103.08897798654172
34.81313892937694,105.96694240469463
34.50549179197378,109.24969428054922
33.45327115803863,109.50903858054382
32.996267565896936,111.46465031726069
33.16801559125421,111.97262297386625
31.43502444419436,111.59512062833859
31.151899533333932,115.61005824582703
31.874667830878543,116.1638028146394
33.22179057633278,115.23172876940798
33.089211297146214,115.3177493771928
34.86840091668602,115.12462345636911
36.26087632605782,114.94577587673092
36.98426662200352,118.26912204032419
36.486933907817274,117.42078106474308
37.22330581380526,118.19844031577544
37.43124167500957,118.66449301695745
38.03395793290554,119.01210596422014
38.568634718527896,120.20601461393376
39.973585831028345,118.48620314724666
39.91724516550566,118.20418814197792
41.079340323402974,120.54110689393902
41.659517721135934,118.67556248902679
38.838960419600646,119.6011753499508
37.07834992970833,120.15198688284293
36.93143093209886,124.62748075854961
36.01447962936761,123.96111864357712
36.189051466495236,121.74089424386446
35.279373305596,125.79729533628421
32.18839402820258,127.04046261815793
31.406998795902176,127.94319494685972
31.463518219563706,130.12189876271546
33.807906858702765,131.63605913494942
33.2857030718016,131.29063273403068
32.118299377362206,130.68929974749085
33.25808469685862,132.26705505533565
34.19073948983715,132.5600649450373
30.82382855085533,131.67244845539935
31.841678839584834,133.88607563996163
31.962204795741712,134.06271915794966
31.408516990489932,133.03288557014653
33.993525501476974,134.59025101314597
34.78720116097343,135.58546795334485
34.572497542047536,137.05468812025626
36.50870371503148,137.06963034880457
37.86473595036051,135.52197318103447
41.08621057843564,133.61425632446782
39.72371782430615,133.0364476774072
41.37310098165504,135.92050455309985
41.03531660586204,137.63532095403198
40.309881879298075,138.37499800482323
38.79085438276178,134.28025470014896
40.730483231604744,133.78929672653862
39.79586357164156,135.02622085982668
38.94693641181501,140.00797283827762
40.33061681697768,140.17474649469767
38.30159867622142,136.98329885384769
38.42319822118547,138.3815915126568
37.487755048853,138.5586389349704
34.85704098881327,136.404891091578
35.14891014883842,137.65010424706279
35.9611762562397,134.54363384766285
37.519186652831614,130.77492880748102
39.3450106892679,132.90740310643756
40.564817175535524,132.13709804789266
41.999558822491814,132.73829819219858
43.3292870892173,132.16992344988003
43.03119665101984,132.10576400728473
42.214090395134754,131.6649673041229
41.24644254359353,130.97493007521584
39.723047879782136,130.01125747426082
39.16569081133288,127.88425912425312
42.291649245356005,125.39838566839451
41.79302154431608,126.42793589803458
42.96947023574308,126.38651844994682
42.096454061923986,126.69142085573498
41.9937644727388,130.04307546391303
42.104219010198676,128.97328506957558
43.34242005474605,129.9941690050998
44.30918101445571,129.26696558882605
44.67682492624789,129.89245622249067
43.74916006623086,128.8023472621131
45.13599145947256,127.4455676452945
47.40018191172154,125.46599850559657
47.030327728739415,125.51961411667077
48.316307504242495,127.53640811420725
48.17435653244129,125.28441147756888
47.1260600579583,121.33030246282293
48.62550424923345,118.73732938819889
47.29373620893656,119.2561223541558
46.109936388404094,118.52530127869555
46.480347071477645,116.53579160201366
46.82957521132666,113.45824936871273
45.93466406212443,112.18567282289989
46.481509174827295,112.96542221890068
47.78836558899403,110.77754983400678
46.72899171128533,110.56440062594254
50.438468894125556,113.39429217200131
48.66004537206304,111.80017626576316
46.894478746241816,113.7049090228846
46.06126899306497,115.85434960105981
47.82855684280998,117.93316519020412
49.59117048599096,116.93647265876585
51.313243961017285,117.93725327006906
49.27478528992097,118.7328471955525
47.703647180335466,120.5104273304661
48.601026340881646,120.89260595753848
47.93860036295072,119.01244043070169
49.26876187654461,120.07325932390715
48.187661511161295,120.95208365670209
49.8720529380877,119.29608433943795
52.280210699542884,117.28940209957685
55.41006890725109,117.95613633461048
57.51528796939442,116.20574492375019
57.71228524445162,114.85660872128429
58.12731665991675,115.15931984387551
59.08542323143062,116.36349035518634
60.82126663227445,116.12230467373611
59.68900128353474,114.81744392457999
58.791283271914104,113.68009455544393
58.50426231689918,109.91423970617808
61.55268151817425,109.23095190263183
57.19253756166593,107.63718550143922
59.14787157771967,106.5609350975055
60.19326901655615,103.16562663114796
61.251333554535705,102.1591156167857
60.16719162929896,103.39109133883912
60.07931679264814,103.4121728337156
58.99271762301434,102.64375850114345
61.0646951907584,99.69805176398043
61.25424641055768,99.18359954706595
61.2514587741229,98.08856266948895
62.082138998522865,101.13498697116604
63.04112112458508,101.14112314418098
62.617391369111616,102.72270302890838
64.61898661926377,100.27440882431247
64.53693468603906,97.8297550128402
62.53689047201932,97.15095261448737
63.22308315481855,95.92405448569131
63.17578852661704,94.8824325234505
61.21385824516804,93.97876913387122
58.345276289264206,92.96135995625525
58.339923715410826,94.11850789343299
59.228140539518975,95.26885307843804
56.4785381465793,94.94505585835826
54.572391794261726,94.51719606458771
53.084647674252615,96.65961564157193
50.29036971163288,97.04900859680797
50.8392630249138,96.26362126867406
52.858765896528524,94.97281498543752
54.606578752366325,96.6139304453899
55.34251820250758,97.18512962023165
56.07845765264883,99.23507896282368
56.81439710279008,97.59709840015728
57.550336552931334,97.3533190601773
58.28627600307259,98.17691092237708
59.022215453213846,102.35164120478656
59.7581549033551,106.38036125861014
60.49409435349635,109.03178193084553
61.2300338036376,109.13121084794922
61.965973253778856,106.72728132226446
62.70191270392011,104.07690758064224
61.00874836560617,104.63760645684184
59.94598198769184,100.28923757179555
59.53870554509248,102.96198798443383
59.04083934984869,103.08647436758676
60.91116645615621,103.92547204655085
61.406219360168684,104.49914196340677
62.177357668609865,106.78919208331266
63.53914065678585,107.04227827721662
64.41363044368308,108.3544533893768
62.44708194103227,107.46561181245086
63.65495238810444,109.97374267339337
65.64627597914267,112.10966347875444
65.04949154764505,111.59857425874026
64.8447609684028,108.75847115302884
64.00440541003077,111.09023813945872
63.34371663588427,108.64812151385412
63.472584000465325,107.7079711887313
62.55236311918436,106.37539549426414
61.2748942122585,106.75886646056222
61.17757878258664,106.9529946625677
61.87518144375197,107.41939272778113
61.2741768446384,108.58112242371668
59.33295603190951,109.86634849964899
59.82724215513564,107.93090276884693
60.46155074366043,109.06582918288655
60.836595579411465,110.62122973625472
62.28779835865025,112.25158842040967
59.63339892972141,109.31148743613569
60.02984435814801,109.69903686229232
59.38749509929967,112.5562035221891
59.77971274131587,110.47305683389351
58.19254345218907,113.02309248411316
59.152967535925285,115.71759227852283
60.83741439622683,118.87040200706853
60.76251639166771,117.47737424292123
60.374339765538714,116.33148637868878
60.667348498331975,119.40676758897634
61.311828523398326,120.12196821891251
59.65662155574523,119.7173447750312
61.02647214115152,118.675757552565
60.122174490600635,118.11371759683661
61.38434573445785,115.96436011998136
60.61519627691153,113.93128111554647
61.84111714139673,113.17704005520834
62.32255938010967,109.48270011504864
63.03860227547215,109.0262954987617
63.25107471903874,108.30493382951654
63.51521738956218,107.15225848450154
62.72055080758758,108.25754444487231
63.963591668206085,106.50570221547369
64.73099756473749,102.95459911783985
67.12346611214682,101.29732739020886
70.20352739462892,101.67245489664313
69.30475929485425,99.08409426821994
69.3639279138362,96.98779206082934
71.2691860831148,97.61386369392154
70.75760640171545,101.49436931594572
70.52750049777542,102.96594313882596
71.18466890982198,106.9166343079595
71.42364199526715,106.35974418056135
70.93861373429213,103.74438512070849
70.41219062032053,105.28982447440636
68.68540198280792,102.12105396073319
67.99572333195084,101.59849738850792
69.70154570158947,100.20787893578894
71.59238871068504,101.1915983148424
72.91000129873615,101.09135941449382
72.28787964017742,99.02906124636253
70.12337708964166,102.10338234775654
70.43988243957216,100.50311038662858
68.44798519003574,101.57365927402692
70.31431317852294,102.55378744924913
71.95977462246877,100.81671851813188
71.7374948995411,101.27411246402286
72.70529964283661,96.87954059410191
74.16461217537116,96.74381629220723
74.15745856155658,99.10998229362654
71.3512608789876,100.30976403901916
71.5535697537527,99.22803780374275
73.02337129249315,99.76414993496611
74.2645900126299,97.48452282648182
73.34812464603186,97.01277971420986
72.6124909270377,95.93377050761299
72.91011986692573,97.23407295873153
72.64227091548908,94.32529575846647
73.98479501967415,94.14764009743203
75.06421504434249,92.1799783801572
73.68024088638292,93.31704077637194
71.3604992630924,92.85338167410985
72.62328120224453,94.12033962497839
73.6376945400929,91.56087751558373
76.10729539766267,90.09422563907472
75.53593599682983,93.0189339459654
74.06918679315363,91.25764059958789
73.1615670292631,92.38207697212107
71.65002345783327,91.52699904550279
70.14537512001249,90.00241023875888
71.9614657091088,90.65259216576665
72.91058702865087,89.0684045864084
69.82822309569531,89.55788353873805
71.71857073015057,88.88105630738099
70.92266480360996,88.79255750186668
71.3881138773845,87.63417584556525
72.03407402551044,86.84659041159607
70.55933935368587,87.3772272200809
71.69950498323672,87.574959405261
70.63361775770377,88.31999374516046
69.58523011544531,86.37209207771008
70.95554801534682,88.40010199221274
70.15810172790171,84.03503901488104
69.63581577627771,86.34178067262002
68.5550622841188,85.60682696867514
68.7290404230401,87.50262120791069
67.7994866344931,84.13250320740185
67.70607113207467,82.17456903725017
64.52081288044005,81.50791359340792
68.48656421200673,80.38061745507972
68.42870456960479,80.17531653614394
69.64544702427398,78.17102662755218
70.18854944860271,75.80074399552943
70.82340918170175,74.55642155198638
71.2632929882787,73.9013334126713
71.46767245347522,73.2778012297425
74.03451383536054,72.83381255347757
73.83030001292799,72.03859922695773
71.62184841782387,71.88281399830973
70.98544315217892,70.84811713291884
70.81552020698379,71.28929226668882
70.89976305833913,70.87861823635338
72.13563899547583,70.85860955397581
73.16609824173338,70.20354803246646
74.31226412387862,70.57267054309527
73.83000662862827,70.18123490641958
75.04425127158119,70.75206630887699
75.66411311446218,71.08450645937191
75.29923419123081,71.43836262255465
76.04931069004479,71.97721640938873
75.30196829985668,71.7545187877379
72.98767782941562,71.10359845260041
70.66038961618432,69.88985258809237
71.17360609560285,69.47511906163561
72.8287167597561,69.86577432589092
73.3377963187254,69.83000302505872
71.76720326516046,70.41294285627296
75.14518479813322,70.64081462654889
73.525406339572,69.62978644156136
74.80168180647755,67.78173846318508
73.84021304642704,67.11946624494252
72.44154719015118,68.90331386836196
74.40874457542196,69.28613277667343
72.30049826845908,70.41214203357693
71.41762433825838,72.25756110074438
72.5663535571719,72.70865320213466
71.36830802659803,71.83187641202205
74.72829649443177,71.78822174783852
76.3851366126411,72.17404036881574
77.51132969403666,72.40071983598118
79.1894898694237,72.66185649458659
77.31693033149779,72.04742584092484
80.08355515584365,73.6376945400929
81.88753631984922,73.99765700502402
82.13753502918073,73.23048934464379
84.19323875484375,73.52286675011516
85.46502137720344,77.16313125271944
86.356662616535,77.08622104753776
86.23435161994863,77.31478667419327
84.46138358976711,76.83363380706953
84.87350086744716,76.06988363258701
87.94775084081617,77.20473878744109
88.22664802728697,76.82838799966144
89.66395592354115,76.77502449143587
88.28691023432927,76.45041648545975
88.88105630738099,77.24985102249498
89.47520238043272,76.2202775611891
90.06934845348444,78.05422467972257
90.66349452653616,77.42503922255929
91.25764059958789,76.74011721165118
91.8517866726396,75.66411311446218
92.44593274569134,75.32737900690242
93.04007881874305,74.74908934025608
93.63422489179477,74.47186419777631
94.2283709648465,74.0721964852778
94.82251703789822,73.16609824173338
94.95573199363304,74.93463331875017
97.29669324094752,73.90193841252602
98.05297942684639,73.44872047352587
100.1557515290076,72.36474410883832
101.7482860630251,72.64227091548908
101.29732739020886,72.89581859896914
101.06610980623606,72.20946376317156
99.89817203122321,71.94556523336959
99.06720132065242,71.50554568948259
96.46049134442067,70.59643983978481
96.87441016011077,70.21697977718796
99.76414993496611,70.84540640158076
99.23864146050995,71.09387522232596
98.17691092237708,70.15636261062997
97.47450071444997,69.54905941243979
100.08481306088466,68.49915557553933
99.73380228615335,67.50596971690017
99.47703325401454,66.98502144053133
98.91037474082869,65.11869871435022
100.51534236108435,65.86019784939903
100.82398575990254,66.34061771487099
101.09715993096061,67.08989868609616
102.64375850114345,68.21258126219352
103.38350205882621,70.08044764508637
104.69753532508307,70.63728734397912
106.70992331114701,71.25288439607243
106.9529946625677,69.30690083013106
109.38858849260566,68.7290404230401
109.25465872817468,67.93279751894009
107.6490476851388,67.7994866344931
106.72728132226446,66.87857646474907
108.5038695408829,64.2638583000304
106.66702715256358,67.02463998088295
105.49799476102741,66.07620396242474
103.61863081394249,66.31405508788899
103.08897798654172,63.29200900679225
103.50684280256442,63.33997716892219
102.35164120478656,63.41481371182733
101.28250250583193,61.710435225120065
101.90495481720838,61.692128303594984
101.57095926224909,61.63398445940774
101.49436931594572,63.53914065678585
103.11910165267031,63.36343917802939
103.46895711038074,63.29649387152064
103.91474660171143,63.60428788453493
103.39109133883912,62.598236576226434
103.07532083862598,62.57767399039495
101.09135941449382,66.37470494172494
101.67245489664313,67.34682688021053
103.15260835936674,66.02082878207416
103.04005117388199,66.74377413982427
102.32549841312691,66.44524094983204
102.57635225939576,64.13677172133865
100.73468644316222,63.40763462992398
102.63895256344301,63.32650679214768
102.93889964733832,65.39615289057414
104.07633028947564,63.31381140961871
106.67822652486397,64.69576809194189
104.02072290808638,63.39811627785078
104.6368176968898,64.72430245556608
104.69819998517616,61.251333554535705
102.97619224563401,60.16719162929896
103.08370290323754,59.901165046851055
104.54550114393295,61.26608140742785
106.98541174855085,60.17606529628806
111.09286085403316,61.89005050997339
111.69285637436158,64.18143129804155
112.7790871200847,64.11773572440207
115.21951732321486,65.68047007252805
114.1213701964212,65.43772542285322
115.09415187599537,65.97229626765737
116.9448481332892,62.70191270392011
116.14459241223406,61.2741768446384
117.44018712506329,61.26810515314168
119.29608433943795,61.004596458717515
117.65292407728525,61.22245387174573
116.99041879947397,60.995630953994706
114.95065293354,60.82086077335084
112.61544209535722,60.843429336684835
114.96925332708783,63.12868185080059
116.04294362605737,63.06032448297646
116.92847003765124,64.61898661926377
117.63018490214795,64.99537046809219
118.57317056530206,63.09379967409263
118.57160612513026,65.33890839469167
119.31467633086041,63.31180872292838
119.78052956473545,65.64806641184161
120.29422864530223,65.64627597914267
120.18019481715496,64.20423591236137
119.0769309661137,66.51149880820545
121.2774521070887,66.86784524804746
120.29473244710752,68.48226185468795
121.93703212365254,69.04903714311408
120.55216200599175,70.1291354367417
120.62244774479376,69.35337806521198
118.87040200706853,67.17252955359089
119.7321402161308,67.34735670688222
119.7173447750312,67.9673596681353
120.04959609177585,69.33074198084599
118.57273762216597,66.86192806206657
119.4535821332685,66.28497244649245
119.27590377931945,66.83202590580709
119.54746132465013,67.04977665091371
120.56512116865025,67.3104877504245
119.86982657713331,66.15539661521191
120.94701967282158,67.03043255850078
121.03476761588347,65.89569410074706
122.12411984808212,65.58585378581523
121.67372415151968,65.49685163018508
120.84798939748788,65.48530435876664
121.69243559681337,65.69854686263163
120.03653774363296,63.02087736376209
118.38812807728674,62.44183512380879
120.54110689393902,61.15282892462472
120.66117331369753,61.26897247273333
121.6645872504396,61.24817588114917
123.18439397988983,59.45355013692262
122.97848974113691,59.93908340752295
124.52322333392446,60.15570726131443
125.69429811088186,60.5463519410883
126.62292030314198,59.722778687477756
127.68493180504808,59.42446316903316
130.84927902398528,58.791283271914104
130.69480555915985,58.17459036064155
130.81533395757683,58.599647876945454
131.11161046402484,57.60538941572553
133.1873376470628,56.86764009413835
131.98756511001002,57.24259516736481
130.51782471626663,55.97232882852346
132.61940517422386,56.870043790934616
133.7418210849519,57.09113781565496
131.14596283963465,57.78023825789131
132.55208724643165,58.041806967185714
134.45717733204177,57.72090777685924
135.67300456644205,59.13711793811902
133.5455150931665,59.606668818711405
132.41771991928172,58.14469635728469
131.95582652054495,56.657256596975905
132.01625036299419,55.3363295136419
132.07667420544342,54.53893591617288
132.13709804789266,54.55984721657696
132.1975218903419,54.176662512608495
132.25794573279114,52.23716068906776
132.31836957524035,52.5277506861299
132.3787934176896,52.86562000379382
132.43921726013883,54.48666841319701
132.49964110258807,54.26520291638649
132.5600649450373,54.40128817733502
132.62048878748655,55.718615589368056
131.6160050915648,55.36133577278296
129.25041236638884,53.23879166187369
129.58345186504565,51.968886254657974
128.83543156306905,51.459646625979325
126.58412674384067,50.81736278634982
125.46275316931927,49.549926273640395
124.9794528556827,48.39228687045591
124.0575107754652,48.23987118792972
124.92231602687642,48.26817211592455
125.02099768248982,48.666976445258264
125.431980762109,48.82103534980986
124.94074252886398,48.876661172746054
125.04265281031935,46.98922306862521
126.14266300477342,47.16946496491999
126.26137817324012,45.20288697757281
123.93100043511159,44.37091217208927
125.54892547866034,44.394823507450276
127.61577426842659,42.75966926114676
128.49340737704023,41.50873627078315
128.3987974740933,42.890903184494796
128.30418757114637,41.147464787938326
128.20957766819944,39.40759372610914
128.11496776525252,41.291160205262344
128.0203578623056,39.184353093233526
127.92574795935867,37.24713005065914
127.83113805641175,36.14019941614584
127.73652815346482,34.79125442817533
127.64191825051789,36.016651769616615
127.54730834757096,36.64687811274587
127.45269844462403,34.681784173984326
127.71192298498434,38.59706044189925
127.94665983711812,39.50494163394731
126.80044709624913,37.09600861071246
126.68469648137886,41.142513874085324
126.36060036589343,43.01620929384992
127.53640811420725,42.401467978799786
130.10886000261914,42.89781428919158
129.78104007408518,41.405100348411615
130.09296629212116,38.6481138094377
127.52955226227039,36.4166366884432
127.1837240973642,37.65363260952553
126.65722371978363,32.629721589891496
127.12215949529954,31.979971002326263
128.12642139395413,33.738905099711516
129.04027279068515,34.883892274993286
130.2451431865262,34.70235318525343
132.1454217589956,35.631348067107155
132.3237231366643,32.43554760793873
131.6649673041229,33.6587551243423
131.5509020334683,35.06456552211005
130.2354612819724,36.90607238557438
129.18579404397752,35.988204148250794
131.65968176307416,33.95278962146973
131.2216164939509,34.28922253570639
131.16247497657824,34.597968520733474
131.15799406150046,34.64126848209308
134.0771197875606,32.802677968223385
132.89158866428573,33.08410721410264
133.88088912086658,33.236788916457705
133.09534752716104,29.505597612927275
131.819522508066,27.844452705104583
133.0869548151374,24.66079312203178
134.37111018209106,25.779865524448535
137.82167170184508,24.53675625694459
137.98331386478245,24.605537590965618
136.60949848599358,23.89519970148529
136.38495304846947,23.76496725330775
137.21265716604876,24.380904297903182
137.17978086273587,23.261573738057024
138.479365843583,23.7360068014704
140.40581549160035,22.93685481648553
139.24364287655288,23.990614226767782
141.05530276885477,23.67499867088618
141.1371077461839,23.606266479307404
142.01268432892812,24.337287883194282
140.14850277159945,24.39407789777435
142.14367976033415,24.08855243922785
141.4427119666448,24.05873788491449
139.38220029392147,22.65104562313006
140.82728423467725,22.918631571534927
140.79447193096746,22.039250023669023
140.76165962725764,22.549542417155244
140.72884732354785,20.982137242442462
140.69603501983806,21.671026881564327
140.66322271612827,21.34997130431283
140.63041041241846,20.75309342386226
140.59759810870867,21.76241545540887
140.56478580499888,21.655199906640537
140.5319735012891,20.64989634204732
140.49916119757927,21.172100155744438
140.46634889386948,21.360515145302337
140.82933139153025,21.570102769433632
138.92195440549366,22.369862468288556
140.53966193135693,22.17909824497957
141.21382284452898,22.92977537373729
141.07860071719682,23.30305186249416
139.1160785695344,23.715856837038444
138.9225976748129,22.97212313560916
136.06724115152693,23.093033624272252
138.51766255443926,23.7607305030938
141.24279588071144,23.361525371079942
140.8095673320271,23.185587229493922
144.2579642391727,22.867750922317104
143.8248574731534,23.112476050709247
143.9004944080029,23.7526222820442
142.42479684022751,23.739349780859705
144.43111325324153,23.5556843252697
144.7982095539161,24.067070676445574
143.16166965670925,22.973417795348656
143.05438909066473,23.12688671924837
141.29767658715392,23.088720284732325
142.13633725429145,22.74064568770817
143.27229369993546,23.035353041446985
142.05303833415562,23.088841736493517
142.70467388778388,24.968616815517706
141.6230907646917,26.361849255329794
141.4032981819159,25.996843439161307
141.0297689692587,23.564550054680538
141.979398034153,24.52390155768893
145.22342641363036,25.202223890840422
142.86456661871486,24.979889019897552
143.5650065238285,26.090289222938235
144.26544642894208,24.73524255578636
144.9658863340557,25.213637446099895
145.66632623916934,25.885174782048452
146.36676614428293,23.29069911393042
147.06720604939656,22.287462758095394
147.76764595451016,22.522900115465806
148.46808585962378,23.168848542181586
149.1685257647374,23.10886263839084
149.868965669851,24.04686201168528
150.56940557496463,23.618325703964704
150.00107925682985,25.443641202143702
149.93672234837803,26.33624099123416
149.95145979788705,26.473189011923907
149.78647870103694,28.270041838702376
150.70422053899094,29.64650604661511
149.8298369250528,29.42210080496443
151.75281447780333,27.74183752824552
152.29870912828844,29.339525048530795
151.80549499306204,31.799663371036093
150.8205354925054,33.2857030718016
152.1734087354487,32.23431971113153
150.59281539751095,31.33294095889246
151.5171610954242,29.36603780286763
150.26366715847215,28.78213359814625
151.5033785231335,28.38386700113818
150.54108043864375,28.168052414223684
151.46265251489135,29.129648992690704
150.38934324109965,28.780365303268578
150.7755587731273,31.558768778396647
150.66793911614172,32.06322384030237
150.85465660058745,29.965139569566116
150.53615951522244,30.915502123407485
152.646652452992,32.035509546865455
153.0073118400227,28.445474282167226
152.42882118497548,27.830696045110255
150.59184092914728,28.013676614572578
150.39846224935621,28.24724561995785
150.46282755141752,31.128942302872243
149.17590235957874,28.6042765767756
146.76907785566033,28.204929792702107
147.68155131288168,27.636118104324215
146.473617383588,28.558483860703035
145.22538569131225,28.308069783411053
146.394375739512,29.73731563885556
144.39889792963646,27.77197101490096
144.54390053284664,27.472949347387253
146.22315076914936,27.536817195416962
148.64935647766893,25.50582296744312
146.60396757027382,26.037248331592355
148.0306524994301,25.59375747977407
147.0015483986739,25.973158480902857
146.92407523890307,26.932777967129525
146.41758248014796,25.312238592112276
146.95473813010935,27.69741381299225
145.03347181398655,31.12156244190684
146.16580781922144,28.21089747297646
145.05591527801812,28.631845927582106
145.91475161615668,29.3781443114004
144.91706290128172,29.492135433653498
142.22356117266494,27.03547990041097
144.35638508152695,26.05308641355092
144.01779381584535,26.41395112605117
142.95098664792857,28.23325935846866
142.23204679521146,30.357129411525783
141.94498955876477,31.151899533333932
141.4319787008527,29.53405826032616
141.7724893182956,26.76708363833996
143.32705368830128,24.95773785343229
144.39391680457751,23.173332400276937
142.50294381970906,22.688751542055815
142.99253650301404,23.165843063304564
142.24684911775532,24.55553406251592
141.0026850791693,26.575267997999003
140.13308645208258,26.42536985045667
141.18624210204578,25.787590010026772
139.69802257540152,24.261796543145753
139.07563279801278,25.373019750178084
139.04824295600167,25.636392454274038
140.6784216191005,25.741321677734582
140.3871996927714,24.754428504601865
139.21569779773498,24.162711045849715
139.51599401640829,23.6130769670757
140.67967893006406,24.458284685661116
142.78011948049726,23.41020363840481
142.92203260903526,22.2109306726356
143.8662742415262,22.278846101840127
143.24035165748992,21.85287726224956
142.0584534028287,22.904095511096376
140.19497816082293,21.68630899373974
139.50444029233012,20.878791743832075
136.34797164606672,21.561614046717427
135.63014708866316,21.114751299893353
135.08790083823038,21.617577066752993
135.63476426325866,21.982264920808184
135.39971715240785,20.78988784560282
133.37845386191972,21.38631255292299
131.69459110913454,22.023633025768287
130.71718043235336,22.078174157041172
131.29504866088246,21.996855429307605
132.0414820699077,21.915741590921584
131.82016443437112,23.075837127650413
131.5857401636206,22.878114677445392
132.26705505533565,21.657550047611217
131.21210420262605,22.20623704977988
130.3731393777627,21.186300331756208
129.6226239581009,20.72471509468794
130.16957282446776,21.599455806598588
131.2828680234591,21.288809981067725
129.66361062058064,20.41064665208005
129.31385804484248,21.19522670690784
128.7614769590124,22.858842302648362
128.87474475713714,22.20592270354753
129.69227680483067,23.07472300409381
130.0364745138145,21.986213467873192
131.4332206010826,25.889390739604156
133.0371664180041,27.130593705361342
133.03574143903444,26.39259793724993
133.42403163223008,28.18578367706316
132.1716555696774,27.582472399091
130.34243843763107,30.707295908011158
131.29199724474913,31.351831666297247
130.11986954838773,30.811124567532374
130.74428214058227,31.584075851440577
129.34341383599883,31.91743692186811
128.21103662111082,33.479514480238116
125.80106721321653,30.77015545732704
125.70560046068844,28.697425067827357
127.86325962233194,27.28813682445978
126.10666504854848,28.151498383673577
127.3739466142588,33.513280760615274
126.45845799568907,33.58392925314955
125.54296937711935,31.62473591519208
124.62748075854961,30.216219752196338
123.71199213997988,32.865867840541966
122.79650352141016,30.630955784466597
121.88101490284043,26.255594508785105
120.96552628427071,25.73613200033184
120.05003766570098,22.532894569309207
119.13454904713124,22.35239214732571
118.21906042856152,21.596434713105083
117.3035718099918,22.138138956477423
116.69177598367403,24.827673842190414
117.03118205916847,26.787527556043344
117.80404617306384,27.45488939001035
117.8807861748693,28.10039331120949
119.28256459973552,27.485666163683803
118.79616344419345,26.06531468962277
117.28163481431967,24.01877648437439
116.12230467373611,23.38050278703694
113.70418055177764,24.265356887876173
112.97994803613885,27.772220699740643
114.26404290099,25.551702659571806
115.00456467783707,23.431501323956148
113.82084694530951,22.856481141681428
113.45824936871273,22.675993765967434
112.65270280241127,21.937642628836414
113.12491555772137,21.416547008992104
113.24447940959045,21.81065910696775
114.09631994985092,21.202161974281953
114.15244042984982,21.91754389912024
113.0327577995979,21.80840142010247
112.5562035221891,22.13131749721415
111.6669257450539,22.92389662028016
111.3414719034451,24.42597306620635
110.98870687195212,25.646294082263633
112.09783709552916,27.161292231136837
110.8426653979661,27.23262346060508
113.93315676937749,26.79720113505762
113.74319995133682,25.13111167648409
114.68083741740219,24.470324658585316
114.3782412274048,25.37560255593081
111.46204168880818,25.644588164326997
114.92444522521699,24.8549838529274
116.49262933073601,26.15132987615595
116.19133136045541,27.159298483977913
117.15105103389381,28.149882850394622
118.7911677793871,26.40735917184172
119.97676944093479,26.451181076564392
121.6504993802828,27.084417912831203
120.02876169319727,28.114574176742366
118.59025711502649,28.236979387319106
119.0338075298792,28.18422021658677
121.24130089915813,27.302955537055123
121.85075402416072,26.266459367565815
121.76808650536435,25.749035482082864
119.78906285651394,24.98677000673418
119.99617492346277,25.53070484640864
120.30384462130495,25.976034626141693
120.809317470978,27.92320184033957
121.15265716241949,26.249464164183383
121.29399170905451,27.832319206436054
119.73662705796224,27.494975290908563
120.23006952727356,27.69816342348644
118.3392964311697,28.58577860487952
119.42209254159317,29.378795064003917
118.90204424050869,29.462798388968018
118.12137351856852,31.33711220675312
115.19725881302216,34.63946832144432
116.50625468083392,34.496638189187294
118.37235891569658,33.82301385694052
118.66940510313185,33.67256319984536
116.29870701808005,32.91096491553168
116.71202819535107,30.73989274664628
118.92732179584587,29.056869942633938
118.6977146287029,32.94939884793151
117.8609747817097,32.41743722216774
118.26912204032419,33.01009752455218
117.28756161484473,33.1799252770223
117.6492527303991,33.72156344349578
118.87738823607471,32.73273753640418
116.240312529305,31.329874720228865
115.43393880962604,28.372494245325015
119.81526533779906,29.188256401075005
119.05405401932208,33.79391045282702
120.15198688284293,34.56838082344315
119.32848016148358,33.720687399446426
118.5067404106207,32.66620508012961
118.04516390598086,33.22774937728504
118.20824256036032,33.321846201554386
117.75823182232378,31.947727643447607
117.49241327028676,33.80132019346834
117.35021520973777,30.634321033728703
115.84724792373945,29.395318725821017
113.85166677494811,29.861659326201636
111.93419936316019,29.512305480202084
112.89689083538416,32.17076923308396
114.4836017589777,28.436883852508785
115.2596983081531,28.861649628555597
116.29542859674662,28.310989018823022
116.93647265876585,28.65920331179977
115.58055115935291,26.748659873598406
113.96529637105009,24.813804352625098
111.16713428718062,25.050509095036453
113.18547279508357,23.789077710639553
112.00235958942383,25.226744721308084
112.4219507045418,24.226748214588614
113.7049090228846,25.25329570462207
111.89817580974368,26.76839526812646
109.98461177862828,25.285145686165034
109.04877951965045,26.373460476856646
107.64803038363813,28.280046083280673
109.68251462594979,25.595096922805645
111.31304643257131,26.57974597519114
109.65744282135337,26.426743427610223
107.56926120047538,24.56747914605668
106.76765856122684,26.662530013626778
104.68930514064115,26.826644017252626
104.81710616127951,27.843778336563663
104.82496516944185,25.33822698936312
105.60705976958029,27.25194732225618
106.05468052159178,27.98774296847617
106.50570221547369,27.046633684872212
107.70840632223461,26.53994365456442
109.44088198967141,25.24339858229727
109.50187392957874,25.908827787773944
109.55095502191972,26.25911984249184
109.01753113104964,25.533804973588758
108.71756401171841,25.021351292470815
109.94447332601473,23.56142250805272
107.12999618656927,24.44391256400648
107.04063465298587,25.810582306494247
107.48127831726592,25.150098328265756
106.99833612970932,27.047054165281565
106.1780768907569,28.287506279804088
107.14589878637257,29.98401214076196
104.56650071102904,33.813482931696
102.93068670721851,32.54756494784253
102.3219580484231,35.970568109153525
100.6114908452996,37.491285737697694
101.33881629530273,35.70727455115756
101.77509743064851,36.92233847905239
102.86340098066307,37.35056821166451
101.85796173157927,40.59318396386706
99.07228227574502,41.874881830099
98.64187970890971,41.2299327356564
96.90035362804917,41.674412158977276
97.0452507553875,43.3189732550283
98.43582578467652,42.801593139191986
96.3478574104839,43.49195800415048
96.19477078878417,44.061227216838674
97.76932646536095,43.99714406755254
97.52380673506435,44.29346961356714
98.8335490351834,45.96931019071066
100.14329133530242,46.405738583085316
101.45303363542146,46.011227319073384
102.7627759355405,46.23171165203032
104.07251823565954,45.52049370618829
105.38226053577857,45.55022034306953
106.69200283589761,44.946796164611264
108.00174513601665,44.44956523181497
109.31148743613569,45.07736691569504
110.62122973625472,42.85780634808063
111.93097203637376,43.32878061732021
114.21412422567914,44.283730729235735
113.43186278619852,44.436431604900896
114.75171377120984,44.977518505348044
112.53149699458415,44.595486853675425
112.74318070176922,45.18661077682607
113.42530447487361,42.49246719260724
114.55078641162474,42.72926462152558
113.45186663451068,41.65195975947931
113.02309248411316,42.76574849764795
118.19844031577544,41.09694286303878
119.12375610194954,38.61343896734322
120.12730534993727,40.217434453717956
121.0613372103535,40.129976283262955
122.1597698998003,40.56574243034057
120.56559986584529,41.14607002809784
118.73873363232,39.44211397535987
119.47679956180517,40.13249363744479
117.32053970056164,38.22012679642375
117.35828268317452,37.65883459147431
115.78079294850154,36.98426662200352
115.3177493771928,39.28416124075273
113.68009455544393,41.271710559690554
113.9302312780539,43.344527994122956
116.1851997913037,44.64845918584065
117.42078106474308,44.81494005593171
117.00616765647841,43.788120650405624
116.1638028146394,43.55000112686793
117.53302007359325,43.273141219416935
116.33148637868878,44.79848105659501
117.12912051782953,45.02976009330319
117.22275350727837,46.403983880514716
118.00428836969924,46.27149585873422
118.13488059327112,46.91011170734856
117.49479780595514,47.054810543865756
118.40379807905585,46.791298766870554
117.95613633461048,46.82957521132666
118.73732938819889,46.501960931958486
119.01244043070169,47.258138487834046
120.05771940396413,46.388931609696435
119.89253623949229,47.30035335369631
120.57084716201584,47.28302452075304
122.6318676676729,46.891753818542995
120.8696229244008,47.55903758980966
120.5929621745466,47.162811122378514
121.33030246282293,48.09202965075325
122.97087044548323,48.187661511161295
123.97540999472022,49.436775113286274
123.4121520115311,49.8720529380877
124.06182442514286,50.13961268717711
121.48218060590051,50.19817897376314
123.39976213882751,49.7606512715286
122.51582883520003,48.98827029593682
125.07423050968458,47.583806883997894
127.04046261815793,48.704486135294616
127.05655031233941,48.93454505974914
126.46456260398709,48.25319908162472
125.78350708768828,47.00315940580598
125.518512777515,48.81383174566402
126.61949865330509,49.06829021867827
125.8900128520689,48.6393308797239
124.75196846455424,49.32976226816975
127.3605494402152,49.112886552777645
126.46547688622904,48.08321213864523
125.18233378725718,49.013676309882754
121.77497762271096,47.787349295481995
123.51558954895445,46.28947398740291
123.36496373764723,47.23441989824155
124.32275665943683,47.03646339141726
125.93408824855508,47.5302979162729
127.51813199785143,46.466488400898136
126.64055111890762,46.513421415286665
126.9623578005981,46.65550469907451
126.81658832110516,47.428064257614984
127.57454309142985,47.505209389023406
129.540024871407,48.42528859365573
130.42219947718488,47.77245174774089
129.68544946386655,49.46990532695676
129.8967074358238,48.183020460087846
128.54573015361578,47.030327728739415
127.05499415161954,46.799970791180506
126.79173479043173,46.84662469244709
127.2720649519453,45.85231359143139
127.55307760222487,44.02662027719525
128.8573337630573,44.45548479154834
130.15513162259415,43.69632378272324
129.17655195492094,41.87269401201145
131.38412288903297,41.27420250355377
130.04307546391303,42.73977248181068
129.77384437171722,43.233993217740206
131.19005140518857,42.23127923647282
132.13811680274497,42.42419163897229
132.4594306570706,43.421499220236335
129.24447177050993,43.42133567289318
127.54623451649985,44.22497293008788
127.20103919999858,45.05557460028049
127.02358938376925,46.18698278810653
127.44910182777649,45.605190283997004
128.27606210294869,46.07627381070956
129.68079328334213,46.38431825103152
128.8152624325876,46.300096178890335
130.97393761663216,46.833439684736426
133.48874949019267,46.56106248481965
133.33738801499157,47.6477732596546
131.78181467611134,47.17817149919
130.69542734532666,46.39079091518432
133.04580607595386,47.48342815772868
130.66904607252286,49.90557821494824
131.6528059844864,49.98110251614833
130.06372758207777,48.41729264646661
131.7610451897688,48.7413179196799
133.89636759444005,48.70442389893597
133.61425632446782,48.12237321700051
135.62183337538602,48.02279142334045
135.75186002584118,47.17633977163813
137.08242228234283,47.029767210546616
136.194548485154,45.912995754263754
135.64796051618765,46.15219223369721
136.27673840679375,46.41482637334751
135.32304692874771,48.06534121408827
138.42140369607543,48.12260771111941
137.22172318417205,50.02435927183826
136.67825348283642,49.998456350714186
136.02021214129257,51.46482313200319
135.44936460134383,52.312943886358646
135.25177298302074,51.936779924923044
135.10777582989957,49.38904295870141
137.49856115984286,50.329856562457365
136.60261296618978,50.40250524690646
136.32971046445223,49.11683635490684
137.06615639321043,46.501284159488264
138.46721309610646,45.1213280123414
136.10584055502363,45.99724390070031
135.31259357239006,46.152634932957056
135.568864356955,43.753058029387404
136.15415285821138,44.9876797407946
134.54319867550274,45.221974577439326
134.73000464981783,45.19534615955625
136.12688704423869,44.14688744923264
137.05468812025626,42.333100655835494
138.67501425613847,42.02739829624644
138.19718045845738,42.21649590814892
138.57971517863578,40.424921822248656
137.36772080818383,40.711582719829345
136.68853894300736,38.96326922074728
138.49297329920634,37.41375153655445
139.07844908859997,39.174085243986184
139.64393137539608,41.87000775362799
139.4411156936196,39.045808639552384
139.98834680821673,36.54347787049767
141.00493530266655,34.9260863730733
142.8624030516536,37.66859622170041
145.1030673957629,38.646630743426456
144.81374363378362,40.91169560988215
143.84601106211565,42.34148346987881
141.98255268605897,42.97749507622221
141.68374270255472,42.24687953236231
142.69658393320475,44.300403463077004
140.81406135270228,44.78592155361964
141.86569259427372,45.20216570924654
140.56688226349837,46.77231869086521
138.51098070953037,47.85827647129256
139.4289378859086,47.85378103490342
137.9844311738707,46.846388346723245
138.12887676612047,45.22473667175396
138.92887382055497,44.26366078808778
141.99844014469446,44.365961305222925
139.5315574802223,42.46303781466817
141.99722253093213,43.566366611639005
140.925515187468,41.01485012648024
140.17474649469767,43.50375354776427
138.0602807136748,43.465245331563146
137.77261565557382,42.200593302910946
137.65096974118023,41.68616901897442
138.99547194630412,41.30438705173667
137.91972662297195,39.21087647319501
138.50384857901494,36.876768481776686
137.50345441928673,36.03268463855091
139.0249868299165,35.88290283242853
137.36027876065148,33.99416482459557
136.26658324288877,33.02372876449502
135.5738456894174,35.92991323567492
135.70343092364595,36.692907361928256
134.88143750851253,37.22330581380526
134.5816021328096,39.669303224878234
135.5959444009302,43.0423436651692
135.16005352815867,44.967090049146734
137.25399934717132,44.34980925398489
136.2479951694244,44.9953426809258
135.3491214602734,45.02451602803885
135.23709531165335,46.171531724224195
136.00577670243553,47.1630548008013
136.5851971863533,48.173264193218124
133.13327667856572,47.36301355078747
134.54363384766285,48.456814624536975
136.26114891557094,47.983619004361685
135.35852666570008,46.79585028274061
134.86519668259098,47.62634711192851
134.62906905982572,49.14008462286893
133.49436406451687,49.35200103953583
131.6403496187009,48.56543527230776
131.94676621364658,47.82855684280998
132.38567458015334,48.07588955618271
134.93597926074537,49.44636260926907
135.52197318103447,50.341888528183915
136.10031909964448,52.15526286266391
135.10306926207076,51.89464496242741
133.52503260836772,50.81998484811521
135.17245712511942,50.32639817758354
135.22056331120362,50.035915510208866
135.32022559816912,51.59701505816892
137.26992286083862,54.02961230727902
135.84826320599583,53.13281171693022
135.70449800545737,53.3549995755464
135.13381425299485,53.48476021105217
133.16144176389577,54.368856741322595
132.45919015169494,53.71079240527935
132.45283450984695,55.223550171340825
131.1606549990312,56.496121251189955
132.25461758852927,58.20489394514263
130.81337405279004,57.44665870974023
130.8261880177083,56.78208710290936
131.83151161595873,56.025155978108714
131.29465435441298,55.68635784483697
132.60551679685588,57.7173110089549
133.1252536468849,56.07971289861033
131.91388416703228,57.888322559916716
131.85354412444622,57.719877788078065
131.75613090783466,57.35448378466452
131.05932756299,58.05197099713319
131.17028873391138,59.2745759969795
133.53503576567496,59.152967535925285
133.49102013255524,58.520572384149894
133.25072560097263,57.28760278294424
135.35493699266615,59.918771198962865
135.21119698582376,60.91116645615621
134.176313264928,62.31545435417955
131.66146346455338,63.38466310273501
132.36929855629242,63.52323337456378
132.73829819219858,65.3632492053233
133.10729782810472,65.01013487520426
133.47629746401088,64.42222864016283
133.84529709991702,64.72773331707641
134.21429673582318,65.66536828672082
134.58329637172932,63.248858502230235
134.95229600763548,63.1941722995489
135.32129564354162,63.259450967021024
135.69029527944778,65.35677564453191
136.05929491535392,65.4747185927709
136.42829455126008,65.85926006205345
137.02756653686046,67.12346611214682
137.86373457886032,64.07358906975054
137.43436018313213,63.9864350330081
136.33942216004712,63.22843573965372
137.1404182623271,62.50381959272442
138.76998227848455,62.453777606974924
138.82888227340447,62.24694196800181
139.19528970950768,64.45362603324821
138.96833213206517,66.66402463057146
141.10116130336598,65.14049045402888
140.11076723753152,68.77026740171306
140.02321327765813,66.11571464007454
139.58263825019083,66.94643682666761
138.72404001569643,66.02543825613913
137.9001830204018,63.583217186344264
138.40490916724463,62.41015898194104
141.22759051036329,61.68018004341951
142.70466054162713,61.693760568073294
143.83336686487092,61.9530030694977
143.95421267158594,62.55236311918436
143.09479804721894,62.782492085310494
142.57104618700615,61.35612200711309
142.06682543337104,61.89715436635003
138.1232140542515,61.75741552334817
139.97874876808575,63.307912876847105
141.16300815097475,62.317755516704
142.79045338072123,61.77743313994104
142.5883890824838,62.72055080758758
142.06422565627454,65.66799409148159
142.5804570100805,66.73579272309766
140.0176144907193,68.15222865902658
140.5216895998452,70.832157155948
140.10406637969677,70.75281606376336
135.13044974248263,69.85273663668997
136.25413295718494,69.22118622043715
137.87472827081186,69.15888147486369
139.42393047529902,66.57763899817994
138.73551068160924,65.78530489610549
137.44439883735333,66.49782863871194
140.74967484411474,66.38476990842999
141.59659622495047,64.73535541019886
143.06835026381881,63.29931541606225
140.95396188483156,65.23657734086844
141.89326551889596,66.89353766882614
141.6590371859173,67.75229268710312
142.06928561927245,69.27375792115426
143.02839372910955,68.68540198280792
140.12574091850973,68.06642451644291
141.41382242291832,68.35400821626736
142.73811400756753,66.89451952796506
140.92017634611895,66.92503909862008
140.53818525375644,67.97206502695194
140.15619416139396,70.46228025384805
139.77420306903144,70.1425651706401
139.39221197666896,71.80575895293141
139.01022088430645,71.49097061866354
138.62822979194397,71.91946383468249
138.24623869958145,71.48908966147631
137.86424760721897,71.92415514077267
137.48225651485646,73.3377963187254
137.10026542249398,73.0289080056913
136.71827433013146,74.37305265145862
136.73608455662458,74.42921010641908
134.59025101314597,74.52376594384809
133.78929672653862,73.99195318342518
132.38753102775866,75.30196829985668
131.75704888281786,76.98396121639604
133.97495575127374,74.15745856155658
133.233797654315,74.04979428689857
134.02859855464968,74.12718092920122
131.7643941763654,74.93593490298187
131.58975067617015,72.85789109518653
133.0163872367867,74.33502994315171
133.45463698533086,74.33245118973902
134.2126492485615,74.10392186887363
130.65061137753437,77.06152251453234
130.14447456545795,77.9102236624305
130.97493007521584,78.5378469522052
128.9096326966792,77.8230180912382
129.65110430996745,75.79308321300915
131.44346897401846,77.09432954538717
130.77492880748102,77.93127461009418
131.32774264965042,78.04148069957944
132.0388203611113,77.77379255741292
133.71158769937657,77.6527610439207
131.92809116572948,79.10823958691637
130.23917362010872,79.20533107854865
130.5124576927407,79.89408049102764
131.29063273403068,80.23214323479986
133.00709067929182,80.91745412046389
130.6810243138056,81.23968962265045
130.52006694273894,83.15020433212585
130.09787270986845,85.06030149411554
130.99693411698956,85.92007190526898
130.97796219999995,85.33594941266361
132.25604312604708,85.97468885550498
131.76124881618134,87.80061899562888
132.51470393781565,88.36195373085553
132.13087223311203,87.2270209137519
133.12466425670297,86.95749392505822
134.00142247140238,87.85873770707046
134.50716980735388,88.02891948308532
133.79863475599709,88.40874894183486
133.57202044855657,90.28736246922163
133.08800410455365,90.68236442883882
133.04818847680582,90.58668350703161
132.59174857492482,90.23967960227418
132.24123938529164,89.96535218201002
130.94765094780158,90.35596395384604
129.64115900534884,90.2480465613692
130.27543524331082,90.9030767549967
130.09688336235465,87.40877232865357
128.44755624951694,88.34295216311557
129.4584291110383,90.25423862743517
130.2571592288169,89.83001852197668
130.97845639200617,89.36037749622498
130.1692910497602,86.73578751911846
128.4356190801906,86.74777090568166
128.53523066257688,88.42078884019932
125.42130046164812,89.62969682142149
124.8107651096811,88.72281945674105
124.90385468249322,90.89449496673578
123.01790728518179,90.44553342065817
123.54796457991098,88.92800366874756
125.31963023634634,88.2817779990921
124.73150454184098,87.48758400782178
124.4917277729925,88.12634428923758
123.86978509253743,88.40991615087295
122.45713610413188,89.33987143913922
120.41994708956115,90.08730747500186
117.12555752294864,89.83972229117126
115.4118299117936,91.71781064951263
115.1304725930784,91.14400284694666
114.34462323570841,90.67173140105089
112.91177846254256,91.72430755147045
113.52616995656122,90.5068902027042
108.89566760562248,92.69244109435276
109.84532315992398,93.77958966929808
110.84766377378112,94.45125268635975
108.69335975949777,94.77506127545111
108.834075561863,94.41971024909203
110.62720170009524,93.84561894657061
109.85829888206482,93.20909673687395
108.96407661651621,93.59907920648423
110.05234624498907,92.64851651539757
109.91242486948244,94.46535612520644
113.09445212082206,92.3136096596875
111.77443967395479,90.64713774429876
111.91114334209286,91.57586539239078
110.90132469456762,90.70426052475688
108.65180370228975,89.1265951521007
108.37336768670662,88.79176643796333
107.6749822415725,90.60334243280408
107.08758872711526,90.64175381679236
106.15383607282251,89.31220482661044
103.67192991911716,91.94250704059641
101.15288269023438,92.08268345548696
102.96198798443383,94.76285376797331
102.55378744924913,96.08616343826984
103.25002011038724,95.97133027423153
100.1184445486467,96.25983295599532
101.72752425122725,96.46230167192564
101.2420882439455,98.0189085418456
101.0301360436715,100.45146192132309
101.21354985433722,98.31110873625683
102.11671692772416,102.70217064167697
103.9231968508642,102.7627759355405
103.667445618247,103.47011430710647
104.33761367443333,103.81960612405932
104.5589172056721,100.06602372960823
103.28654873798737,101.40582549443333
101.04144191545565,103.04005117388199
101.13702832046071,104.33761367443333
101.57538073773884,106.47589386945164
100.79923587014356,104.18386824466114
102.1138191985658,98.54475866242423
105.39963442565657,98.00957753946702
104.63760645684184,96.18081164334471
105.7827564212237,97.05962201799434
104.18386824466114,95.58921786083728
104.96131811951213,94.73979672776596
108.6440912837807,96.61516642992619
108.96155136428199,97.76932646536095
106.38216833891407,100.24018245660822
108.28437015437036,98.82574219711451
107.81325916834962,95.80515602739183
107.46561181245086,93.71128800836338
106.38036125861014,93.2639646405041
106.60120417326199,92.58389754116565
104.49914196340677,91.03648707605329
103.08647436758676,89.33749899482622
103.92547204655085,88.06845472122656
104.90448076093469,87.45815105844275
102.96966232597501,88.35743084150235
101.93476922053053,89.75438411722487
102.16476721199975,89.57824418559012
103.81979739013,89.65158027927994
104.74476315871242,89.78565315699983
103.77559224404835,88.3064498425318
103.6906888737187,87.55553680807263
103.85646936546604,87.24861679820921
104.47650591718673,87.43185209312648
101.42864103464015,87.118747884742
99.89324969278893,86.56246760002531
97.55660083160531,86.36636783951822
98.41856295348396,85.64244227029931
98.73951999075418,85.5915902782187
98.45180055511535,86.10003870965681
98.33795003623892,88.61691490425433
100.48254863971616,89.64000577093908
102.06244266488491,90.3947088455676
106.29231442273773,90.44058571340416
107.10320313821131,91.07529924576241
105.06209282494302,91.01389537419314
102.4347043847684,91.36854215872631
101.93093618254565,89.8672494882206
102.12105396073319,87.1500226961022
102.14994630901134,86.10690428351782
103.47011430710647,85.41061193727353
102.34419312644737,82.10285568587328
103.81960612405932,81.76058484225823
105.45572849201548,81.72592920531494
105.84523532293832,82.23540408594035
105.42842833634045,83.53866607938716
104.61388705701023,81.81590656093451
105.21238195646106,81.20203016719734
106.7573251874257,81.25160685299775
107.04133198484787,81.04693469281756
108.12752876912361,82.82372513843269
107.02837304717379,84.73649806569024
108.25440437647934,86.80593959926254
110.86430193362366,87.97765311719809
108.94667373783071,87.49183295512125
108.93113953482383,86.09896290751735
110.11451205990588,85.50581950504497
109.48270011504864,85.07748754905698
110.20430627283554,84.19323875484375
112.55254499710315,86.74007620007974
108.19520923331427,87.24048859323979
106.21045844189064,86.05729864158774
107.76715734609763,83.8873743207039
107.52898283870297,84.07725612690405
106.62214576978216,85.20419093342751
105.22639609257587,84.23520383028198
107.03273922619009,84.35324391309065
109.92548507685107,84.09229898842173
107.35530804365938,84.325099502378
109.16815241822862,79.81833942407044
110.00507334652247,78.93550582546177
110.81383433105734,80.22423419351743
108.58112242371668,80.55731678971065
109.30541525570732,80.95409980670483
111.14685315172903,81.94855039292437
110.57455265799744,82.65232173654084
109.02751011909463,86.67252180597768
109.09539412611556,85.11506884080121
107.90659589364182,85.8336664417337
110.29346814989339,86.11330797302833
109.14222892766783,87.81490509806866
109.87246610559043,87.70654359878372
109.84319415150138,86.3627376711265
109.18814303364842,83.25161156504171
109.26372692099459,83.2246655587971
105.78754634276004,82.31707615165976
104.75624747569815,81.73846225026388
105.11237003898552,81.09019994624366
106.79411867048336,82.43365031385804
109.5270319841389,82.30867617095193
110.69660823087804,82.82922515201578
109.8083437978555,84.17244267483726
109.49939947942973,85.12477992768046
108.8074610812931,85.0419029469684
108.54040259450434,83.02653346386158
108.65166467396898,82.56724995590203
107.5433450272562,84.65460692034611
108.31033270781644,86.32070367999748
108.82229334540426,86.71825784107477
111.30341671889052,87.55031858061317
111.6967540536243,89.49965876503781
108.14221637370959,88.73581249645858
105.51679290157438,87.33072804675929
105.68878236658043,88.63726179460654
106.69523261971649,89.62598096969053
109.02839852085866,89.33739558658024
109.23095190263183,88.30104833080264
107.93090276884693,89.52982112779291
107.54907641573224,89.47133882707963
111.20357772701024,88.48238426993107
108.61596978811079,88.53132229698384
108.87190194938223,88.82428702779866
108.18450417745305,90.04952490481594
109.17875104479572,90.20665442573106
111.26933446137663,91.4691118920603
109.19752363654133,92.12024819492348
110.1092273499226,92.36408724946645
108.3544533893768,94.7900283422686
109.7021918754516,95.38150644237619
112.82409292687007,96.01968771054548
113.51122018811193,96.59631205213154
113.00649812395767,98.93049124330413
114.13680773477319,104.43988052453469
112.77347713871238,108.47002029931298
113.40159770044382,106.48251152011207
113.28069743532025,106.98541174855085
112.02990311513263,108.61596978811079
112.6371875206928,108.25440437647934
114.3807493307091,109.65135352148783
114.76130411511045,109.91242486948244
114.81744392457999,113.87675487922233
116.5044926193756,113.09445212082206
114.98204118182845,113.74319995133682
117.08175317839786,114.23947032690332
118.2800671308611,115.32452035580546
118.72651680075965,116.02385138601322
119.06560789824952,114.81415200838595
118.17827791310481,113.52193274540689
116.93572309052485,113.24447940959045
115.23172876940798,111.72565564726139
115.74410271070575,109.65744282135337
116.2564766520035,108.96155136428199
116.76885059330127,109.68251462594979
117.28122453459903,109.49939947942973
117.79359847589679,107.8985990575415
118.30597241719455,108.29334296024462
118.8183463584923,108.45320712116924
119.33072029979007,108.37336768670662
119.84309424108784,106.64751478640763
120.3554681823856,105.95216566817335
120.86784212368336,104.42046029947775
123.01905279463476,104.81710616127951
121.56412033225138,105.86285510109643
120.1542788939232,105.351047704935
119.50793572048242,106.46165721767028
119.7482769621484,108.54040259450434
118.07345530089296,108.90239695662547
119.58429392951543,107.06313865344725
118.70466171889751,102.5014562468445
121.06890333330617,104.43654924397694
120.12196821891251,101.97352943580323
121.89293293225722,101.90495481720838
121.19775357539537,102.93466663317531
122.17828107909472,99.06720132065242
123.44197874486663,96.62585101417162
123.1571299954659,99.45972439735812
123.91465355129328,98.94502746019883
123.33711217741866,96.28689736682693
122.75171001379383,97.43628171565736
123.71089257603944,100.57772671723976
124.60679720904764,100.9312309729106
124.73784055829546,101.06610980623606
127.2532037581806,100.96243585546935
127.54962976115362,100.10315304666406
127.95458477094304,101.64467200840298
126.8761902577368,102.44524281019136
127.01018041461282,106.88526698898112
127.55050444823375,104.92649282953755
128.43261091327878,106.6713493036845
127.72305108662582,104.47650591718673
128.33491323783633,103.26652727824842
127.649878789104,105.71716813179222
126.3393346058476,105.60705976958029
125.42742057222681,111.05267214987622
123.44670855136711,112.92839499295317
124.39698107668121,115.39770042301421
124.96154442357013,119.01063924655809
124.24611710198307,118.12137351856852
122.12834127659023,117.14783473793929
122.41552666343125,115.43393880962604
122.63920148672713,116.92847003765124
121.29269492761904,116.69960818057118
119.2674533385214,117.28122453459903
118.27645465973211,113.75399762042176
117.73910265402309,113.33666120085155
115.28840869251373,113.67646720793431
114.50103738782119,115.74196990197294
113.70800263567152,115.07965549060063
112.10648626935013,112.82409292687007
113.4105869299042,112.5402578868243
112.5108810463897,110.1092273499226
112.47171506857175,110.18848732036201
112.96542221890068,114.09631994985092
114.05135326023027,114.5347802759116
113.80223114789612,116.41887474889008
114.64045493989482,116.13624572815512
113.39429217200131,117.08175317839786
113.83733174671686,116.38367228038575
114.54044712622672,115.27787152014135
111.24825384995324,117.8609747817097
110.24293523282397,119.7321402161308
110.5749808935738,119.65623366511453
110.30919928879585,118.78984801442901
110.16033583038107,122.72543475581942
109.65135352148783,121.63248967431771
111.47902651368058,124.75196846455424
112.16519879679977,126.4331722664701
110.47305683389351,124.73784055829546
111.01274547312623,128.15651561058374
109.33804393447903,125.51235985922014
109.13530776369885,126.45845799568907
107.14997340669446,124.441272823523
106.01907110039504,123.86978509253743
105.87658438571091,124.0575107754652
106.05512640208111,121.50456156880949
108.47002029931298,121.62425405163094
109.11410957430287,122.54253178813768
111.33790775053791,125.16169426094699
110.21792783913409,128.11496776525252
109.50903858054382,128.0832629376109
108.45320712116924,127.24408946390714
109.78949914770784,123.91465355129328
108.91816835863588,121.03186928913662
109.13121084794922,121.2774521070887
108.30493382951654,123.17286389469257
106.6713493036845,123.61838825577144
105.86076184537033,123.39976213882751
103.70438556661811,124.58356485297888
103.90588511365345,122.37784159113902
103.11755769835398,121.69243559681337
103.22187558394778,119.99496524583262
104.06277605344368,120.83933173128814
102.44496487833784,121.5774375712912
102.35568882658426,121.89293293225722
100.98873106412032,121.59820012607601
101.57365927402692,119.44933459096475
101.72206328892446,118.57273762216597
98.93712618337425,122.41552666343125
98.38669395766765,121.52737687393902
99.17633125460117,121.48218060590051
101.88275430769575,123.1571299954659
102.16065499294179,124.86185064667414
102.04988613438938,123.76320418020973
101.1915983148424,123.3699714360637
100.3333104952954,122.17828107909472
99.4750226757484,122.11101132567529
98.61673485620142,120.87749985205271
97.75844703665443,122.50787048189359
96.90015921710743,123.64846407880412
96.04187139756044,122.65804121130648
95.18358357801345,121.15265716241949
94.32529575846647,119.18281336763673
93.46700793891947,119.97676944093479
92.60872011937248,121.2950336959518
91.00368916058181,118.4637038362353
88.3064498425318,118.13488059327112
88.33828073721787,117.43237123682918
86.10316689677458,118.24086006575311
85.11506884080121,117.08102274432959
85.76643820222519,114.4836017589777
87.09201258457743,112.19730516417393
89.88944401076606,114.83442256277449
88.79255750186668,116.6871640137192
86.7519704128429,116.74911234078304
86.36636783951822,113.78953314840331
85.98076526619354,114.75244976575357
85.59516269286885,112.63225248940418
85.20956011954418,110.93873851857724
84.8239575462195,109.5270319841389
84.43835497289483,111.94635714819694
84.05275239957015,111.51794356487116
83.66714982624548,110.29346814989339
83.28154725292079,110.51810541608738
82.89594467959611,110.88095954530841
82.51034210627144,109.30541525570732
82.58849389686034,112.02990311513263
82.54953392027682,111.26933446137663
83.56041334008926,111.91114334209286
83.082561548976,114.1213701964212
83.13589619954095,113.39787156503178
81.33695864812091,112.89689083538416
81.00224007909368,112.48143941662514
81.08591683929271,109.8083437978555
81.76058484225823,109.78949914770784
81.84493969409384,109.67913387192407
78.95143864408702,111.14685315172903
78.82897381317704,109.84319415150138
81.20485838538053,108.18450417745305
82.16629969764811,107.02837304717379
83.43002406426794,106.99833612970932
85.27758835644491,105.98319382388638
85.7685024453186,105.84523532293832
86.46372114275755,104.26740610336952
87.18211655406962,104.24453041587276
87.45368479374179,102.93068670721851
88.71477392047329,101.42864103464015
89.93679597711397,102.00649737731662
90.84091970439401,101.48330318765359
89.78565315699983,99.17633125460117
89.20525033026539,100.6464504531479
89.33471443406529,101.85560375842168
90.54679625768144,103.61863081394249
90.33815860701796,104.68930514064115
91.07941595604072,105.32836193416179
90.42178870126332,101.67183139835632
92.02572962297128,101.11954391190945
92.6804528743648,102.06955033268977
91.6558269762436,105.86076184537033
90.37988965857157,105.68878236658043
92.30103625700592,105.1866178459411
92.25349628855342,102.05956978106035
89.92285003609557,101.56470967418323
87.93283995461502,104.6131134140924
88.53132229698384,106.3246395866017
89.82480376106533,106.55479333817478
87.91968878120325,105.72515652792723
88.02361831974089,107.3343355886065
86.79230430240725,108.28437015437036
85.45913645651093,107.14997340669446
84.79049439842478,105.78066353895531
81.66252884611355,106.24825456739278
81.72592920531494,106.63521785687497
79.48813762943927,105.20870329330442
80.41295837550689,107.1341233739723
80.10286975159525,110.22919341805196
81.83145181174882,107.56926120047538
82.53457935081305,107.04063465298587
82.90000531038923,106.61374013067788
83.27860284086158,105.42842833634045
83.26456180948846,103.16801987730547
84.70576678304504,105.40531966044769
83.49692912038842,103.19531605468099
80.8690200133869,105.78754634276004
81.73846225026388,106.62927759928102
82.24185704440788,105.38226053577857
81.43954339541105,104.54550114393295
81.26716614919717,104.69753532508307
82.33205803870223,104.06698292390415
82.32540883547982,102.52928300053779
82.80520585180443,102.95779711563348
83.28500286812906,106.89327499070525
83.76479988445367,107.51268082231809
84.24459690077828,106.67822652486397
84.7243939171029,106.99391950777186
85.20419093342751,109.02751011909463
85.68398794975214,112.5108810463897
86.16378496607675,111.16145475630275
86.64358198240136,112.68782799955072
87.12337899872598,111.95213521863843
87.6031760150506,111.07656066651086
90.03146224436752,107.22930456234059
89.25966496937083,106.60120417326199
88.48107760494624,107.45564209082312
88.54684142400077,108.19520923331427
89.96535218201002,108.834075561863
86.58497431561133,108.56949049894708
88.35743084150235,107.64066779843913
88.68041298749296,106.76765856122684
91.13525878819063,107.5433450272562
92.36818107214269,106.30581274966272
91.14400284694666,106.33450225811453
91.34984275608299,107.33166641456219
91.56087751558373,108.52650861121973
92.45851530047437,108.91816835863588
93.42258124900437,107.61752595298763
93.90184108232214,108.14221637370959
92.33081248817679,109.12632653289425
91.96412071992135,109.09539412611556
91.07187664883145,109.04877951965045
91.8965757525634,111.58911087478715
91.81566163257679,112.09783709552916
93.11382671077536,114.64045493989482
93.24687937912942,112.0744812079297
92.78055449961619,112.42730238286136
91.81518309304722,111.54491682978282
90.2464984750241,111.17602830522095
91.2651883157901,112.94819711958567
92.09485247913766,112.38747042300773
92.63405052639398,111.87607542889737
91.17129165670288,108.83938369979812
92.38207697212107,109.05376192899888
93.0189339459654,108.33240649004594
89.83972229117126,106.69346224803309
90.88080911661216,103.33367918278378
90.25423862743517,101.87337781212435
87.45809814882813,101.20872503554303
87.97765311719809,99.36641655344023
87.0096828431773,100.73468644316222
86.3627376711265,101.7482860630251
87.24861679820921,103.35370727873143
89.02524303826931,102.78675126505443
87.86613934995208,103.0899966063507
89.64000577093908,107.70840632223461
88.83684747190746,107.08758872711526
87.4722179509429,106.70992331114701
87.98510815643085,108.39626142665252
90.65939775844586,107.98844633154073
90.90989504780946,105.2332510408962
91.72977874968707,103.90588511365345
93.20909673687395,103.50684280256442
94.7900283422686,102.86340098066307
94.73134843729102,104.96131811951213
94.80419948039757,108.364735990866
94.94505585835826,111.21197018522803
95.82931356091073,113.20150171305345
94.88777340655427,114.31364843950573
95.25475341005016,112.97994803613885
97.35888117872734,111.99830463438497
96.10722421971299,114.26404290099
95.20064450044082,113.69353644059164
94.11161177461496,113.0327577995979
94.97915981186668,113.11586467839689
94.9767066318383,115.15537883683194
96.5635480301418,113.80223114789612
96.16854049049076,114.57760175996758
98.94502746019883,114.3782412274048
96.30003370155879,115.78787263973331
98.61958173403242,116.78827008207557
95.83909809430766,119.65769924807365
96.6139304453899,118.1839771633544
96.985922467287,117.01563529999058
96.99146629841586,116.04569514054859
96.69947633857721,114.8350632016596
97.61440829779332,116.54382641393376
97.18512962023165,113.96529637105009
96.26216980257726,114.15244042984982
96.28689736682693,115.78142623644564
98.10830734330273,117.0846748589521
96.34610828040663,117.96677610098571
95.21898511889772,120.23006952727356
94.42712756401528,120.67647347174805
92.18326211107797,120.30661623462129
92.30926557033654,121.88101490284043
92.49724493052453,120.66967343991998
91.9093969526082,121.76808650536435
91.24620386142071,123.54796457991098
89.80467202848375,127.73652815346482
89.97545784394208,128.27524339133126
90.47238453387642,128.91272744862954
87.94808145652499,130.2571592288169
87.40877232865357,132.1719635525023
87.96928150809912,131.2828680234591
88.30815281700454,130.71718043235336
91.41298791617594,130.8261880177083
91.4159595119568,133.0310483124932
91.09698490974424,132.61940517422386
91.52906928155576,134.5803678309433
91.46477552768698,135.13439162811738
90.8993214511456,136.2931154325521
89.71390392110739,134.93597926074537
89.39228311019403,135.2163558239145
88.47488009773106,135.81314726612922
86.81486286993614,138.77868751782316
86.38458959410521,141.16300815097475
82.02508538327558,140.53688321545042
82.08861313968625,141.03561794003193
82.05332163241334,140.69603501983806
84.88937248143209,139.08775373091456
85.55766253834986,141.10116130336598
84.35324391309065,141.86569259427372
82.93411335501365,144.7272414329524
83.00825781043763,143.17852673484117
84.36956859847226,142.11807257358734
83.42916465703894,141.977801451137
82.32578963414788,142.05303833415562
82.30746858667567,141.99722253093213
83.38467756146385,140.75498492770808
83.77419515529552,141.11080920929683
82.97161529200311,141.8926971206528
85.41722559929009,139.06214468001002
86.14145227936002,140.40581549160035
86.19307036506311,139.4713999156868
84.59548462302949,138.3889262251301
86.0868642077303,139.46663581479123
84.44891000584187,137.27903651042786
84.08958362145222,141.29767658715392
85.86646121336564,142.95098664792857
85.18642456557122,143.18395815360205
84.84110654890128,145.7276993487469
87.81766946433684,146.0622834652274
87.80472311500802,146.473617383588
85.93082127362693,146.16079884738775
84.89806559575942,146.3036817768241
87.16222138157863,146.3419277706842
88.2817779990921,146.5007585697667
87.26931366397129,146.6813624614336
85.65388103699703,146.80971289196145
84.39821987885712,147.50270664709117
82.15829696994808,148.41397612094696
81.74523645176836,148.16662924465356
81.48390359527457,148.66962662254934
81.35978462591969,149.36996133150566
81.25160685299775,150.74949639199892
81.52186417453352,150.73214539347939
81.7921214960693,152.06267338083876
82.06237881760507,151.66411643447452
82.33263613914085,151.45732692453993
82.60289346067661,152.6716008733653
82.87315078221239,152.59024210434404
83.14340810374816,152.12869826457396
83.41366542528394,152.51349620180181
83.6839227468197,154.3178538977836
83.95418006835548,154.26413532439776
84.22443738989125,153.90197851413856
83.06535085704795,153.08684701584886
82.03365921184793,153.0073118400227
79.73689723595743,154.4952300212083
79.05351218088352,156.885443451247
80.1769351540041,155.51637629365592
78.81021577289376,156.8269439883686
78.65857666796495,157.04350865101398
78.60291092448938,158.21730093120337
78.59805195241672,158.69587184746626
77.8271129832124,158.57348452799624
78.77631050668221,160.88162070550268
79.45828227329288,162.0711912680097
78.86003509860585,161.5610734066081
80.20042858659619,161.38756933570767
82.92922555219883,158.46189879501682
85.8336664417337,156.41350448992742
85.33594941266361,157.47848824356916
87.90631737608344,158.29574552433712
88.56108810730757,157.86811884607357
88.0100945664818,156.86834459419208
88.40991615087295,157.34365640579588
88.69201910836992,154.5732174838469
89.7127813764992,153.55358803886534
88.19678565195758,153.4989450788612
86.56246760002531,154.0178097420393
84.43092912016323,154.3192236654948
85.99561024369933,154.56316758115594
83.64646746939066,154.2827413765074
84.73146441013408,154.23091449004966
84.54935806414011,152.5293184084252
86.52961741268909,150.93269745616712
86.11330797302833,152.76728136034563
87.82099606725974,152.35472982558858
87.55031858061317,153.60184656586512
87.55809990060186,152.2924043731274
85.1558324510745,154.42440047297467
84.76732651198137,157.50096920367395
84.69750737131707,155.5435256528264
87.24111013735825,155.92419648463195
85.1619376869209,154.7345669980598
85.37375866136875,155.3806745781861
84.13427815910292,156.61404968113493
83.0034677127849,154.95951991604088
83.97845703285253,153.1275319511787
82.53494777753177,152.5086003218998
84.21282307243246,152.42882118497548
83.31501446510649,152.13369445682144
85.29952198776093,153.00807552664062
86.22964504701781,152.91860246685695
86.51995806113639,152.3493960574637
86.43312143195047,153.09362064121126
84.0563217940196,153.42683109012995
82.54981847632004,154.1380053105042
82.78129080772963,153.2995686103854
83.35688076389876,152.29674882268702
84.13018802495318,152.66182107839265
84.5946731622538,153.84248324719292
84.85356016281222,153.61176095466726
85.12477992768046,153.51699957828907
86.18136076079516,154.24072190767527
84.55429822909159,155.83300300738648
84.13250320740185,157.00712539974847
84.21454425105819,156.16348888853705
83.94769069686643,157.947985096558
82.95689377503413,159.52418322976376
82.518091030717,160.05210703057696
81.68507870190501,161.3064826324586
80.71619532453275,162.50624898084328
82.86567372778447,160.4853629360593
81.863339205271,159.64648153530547
82.77207298226499,159.69283556330072
83.02770114198661,160.7949867866693
81.85675806437952,161.2568030681475
82.14835362187756,159.96292755351536
79.51205946002895,160.05499845344357
79.51443404788425,160.34388614203004
80.73771366234821,160.4531444561176
80.7493804858432,159.3807701126299
82.23540408594035,160.39672665173208
83.56562691244326,159.7580334113857
82.72682907184767,160.07926966229547
84.04718936869547,160.85037037639236
84.80488755616256,161.7476775911574
86.93805141127324,161.15544060431495
87.95307336149475,160.2646109208419
87.02698348378269,159.7532024127738
86.34178067262002,157.43887697999804
85.59453195664169,161.03096060002443
86.00099811547669,159.82229464431248
85.78064835533685,157.97496971236498
85.41061193727353,158.02421042681334
85.38707599191417,157.3810852363501
85.90093692231859,155.99720797677435
82.75541325084203,156.7925241042093
85.95887130559983,156.61809658350032
86.91891777796418,157.21114449562282
87.33072804675929,158.12934071160836
85.38229583708008,158.58716425679626
87.49735273412062,158.84124376110825
87.41293122712896,160.4147502579661
85.2531735741155,161.15747700040492
83.66275237208666,160.79119434287446
82.76242236296402,159.9880309386813
81.29995674371682,161.22516939083607
81.66647140345167,163.85654349359652
81.65726220688855,165.47232023832987
81.64805301032544,166.0856453350216
81.63884381376232,165.24053579325573
81.6296346171992,166.72530475985417
81.62042542063608,167.26160134598206
81.61121622407298,168.14656219394362
81.60200702750986,169.31932865520372
81.59279783094674,169.54229398694866
81.58358863438362,170.46759300405964
81.57437943782051,171.26518151929534
81.56517024125739,170.91294859753958
83.23402965014618,172.32525026615704
83.04193956526471,173.58764237608358
83.3647142591754,173.03011892789982
82.36209214526525,173.2963492844736
82.80664297782057,173.2801117345041
83.67266578474545,173.94524669113125
86.57318709163518,173.93960269476952
86.87984789547505,174.6811939938366
87.37342204884398,176.53925311167274
86.65494510441579,176.71476133423369
85.24804522870677,176.23400884706174
87.55553680807263,176.22179517680812
87.1500226961022,177.2248765014395
85.04760957986916,177.0331714504776
83.67411193424354,176.32086449169788
83.10911367321681,175.94123893189425
83.55389263489961,175.3393056757897
82.1019674411501,175.56256497860002
82.52206060155147,175.89169190975676
81.55636767012079,175.3892575300532
79.28702396888669,174.69747396668942
82.05056855004368,175.04240855767446
83.28962902420304,173.73378314267316
81.40464144968584,173.7261407071026
81.77150309968358,173.44543127710406
79.73580345215387,173.66071296167235
77.25375039782735,174.3154968033387
75.54571134491745,173.9876970568689
76.80731385032392,172.93480757814496
76.43098431693139,173.4044350501517
74.9005549322662,173.2956932999133
71.26816997009846,174.38480545343074
72.39697667160432,175.0950436758579
74.000259518483,175.11128421229594
71.91422238877806,175.11654795210302
71.80575895293141,175.19676589482125
71.69729551708477,175.32729511252782
71.58883208123814,175.2677691904391
71.4803686453915,175.87009728413597
71.37190520954485,177.23605786103002
71.2634417736982,177.16845054553377
71.15497833785156,176.54198026289444
71.04651490200492,177.44044038758645
70.93805146615829,177.82480814589715
70.82958803031164,177.37235951243773
70.721124594465,176.19427755329392
69.67130390984275,175.75736730858955
66.4419342214651,176.06865149573437
67.38183940326648,176.1717498536118
67.20027326097822,176.13737364099887
66.02082878207416,176.58162913024404
66.80071277834485,175.677713528928
67.87262250188594,176.5182646229353
66.99235479338512,176.2153659705933
67.51905077601492,176.22631903267987
67.8543108044734,176.12434059702744
68.37788791472259,175.74066331709844
68.06642451644291,178.30364429627588
66.93805408512829,180.4124780574108
66.12159575183443,180.74394910271155
67.08989868609616,181.29773634119758
67.02463998088295,187.07917712674663
68.32513552308309,187.0719579852487
65.39087919154464,186.0660089490868
65.62117877657046,185.21549591237275
64.1592000751988,188.25414916408192
64.98643769060422,189.44620852587383
64.93072505229601,190.3517892300365
65.18388110175889,190.34178677278314
65.09582369825468,187.30695448426894
65.37754943702086,187.6067432206326
66.7499850310546,189.81065403217
67.76807410004757,192.51836695435932
67.80638852643102,191.94929906582607
70.21031753597757,193.70212943364115
71.12600901355637,196.0409633501687
72.25756110074438,195.83496328753074
71.90534115769181,198.32236962703956
71.88118481943161,199.3860054240474
73.46089098055467,197.62145692311512
71.08457861488938,195.4169488895832
71.25755497713929,195.54367102338048
71.35382359625216,194.66220328408076
71.7909537442427,195.66862578173706
70.30722482499422,195.8778653145221
72.91557920442072,195.1652719974294
75.2822876199358,195.92030267389092
75.22080061754752,195.9441236411672
72.51741439768516,197.11026385634818
74.41964230669471,195.57811656211575
72.79937023178208,195.11999316180118
73.08999199698698,193.58503315906069
74.10059531979766,194.91359510527553
72.11487761444556,193.57966561609683
72.09819622721176,195.08652365668172
72.1696563585062,194.49516729520985
73.03124593817975,193.73984026406507
73.9531357464198,194.66191821312168
75.62575766208704,194.1654222120304
74.12718092920122,197.83404781269
74.4569091213174,198.9799630600193
77.08060812462892,197.33322440888676
75.19851842565728,196.17197956604477
78.26724171880575,195.65229921737415
79.88823400350573,195.13674635719948
78.2027130617782,193.30646302597196
78.83762400313827,192.92265606936712
80.09356078093053,190.15559175976674
79.05279124791383,188.72685635229345
78.246858053662,186.42659935672222
77.26605437085782,187.21773451673573
76.81397497653106,183.02226106999493
75.74165610476827,182.34158427636697
77.55392120105132,182.39005291057674
76.61714767619254,182.31889442502302
77.52117159191924,184.2520492687283
77.54543618717338,184.2168861544752
80.05054233173556,181.01912235172074
82.69355564826078,180.43044785815698
80.93104031248198,180.15415657972054
83.3865495652104,181.48554441790372
82.17456903725017,180.47260859216505
83.71851428405198,182.57032313547202
84.27176971046777,181.23631564395166
85.18646631577062,181.02666293069532
83.25816223550578,180.04848292315992
83.46520266781032,180.1938004322302
85.24453670132915,180.08705131319428
88.34295216311557,181.76505376322518
86.61813850129708,184.32868863448823
86.87431543808853,185.88049279342735
87.43185209312648,183.81214626068987
88.51697510569643,180.05833127347614
87.79511771069608,180.43837105801396
88.04352248485613,180.03321147923876
89.62969682142149,179.29032704155395
89.43122920543502,179.9528703013966
90.16662752129568,182.00824615741865
90.05742799689388,179.86746496986768
89.04810442039489,181.11184803168038
87.52066859078425,181.1580851403253
88.92984345970042,180.01029900646097
86.10003870965681,181.63747755726888
85.88978777168462,179.8386949106808
84.00500885529183,178.60765540332636
82.15970137252849,177.45284345784913
85.55474124382417,177.95036798966726
85.3856723799577,179.399953859984
85.37556736062692,178.02284911437746
87.3772272200809,177.5130949851185
88.79327933230789,177.401588356891
89.52672855134878,178.02013691365926
90.48125335077013,178.10888418963083
89.33987143913922,179.57458238070598
88.46982443085847,178.63615240107612
86.10622411900904,179.94826307234274
86.367525689908,181.27854685607602
85.0419029469684,181.88269881609233
84.44452691640215,184.66276681612436
85.72467898901799,185.79570573967032
86.2627685066571,187.00820348976214
86.73578751911846,183.8001143241412
85.3095176991846,181.52923738765986
83.43078156673312,185.91951914538015
81.86481789331151,187.1597947210269
82.3112193386088,183.8337059238534
83.19420494981092,182.501009470635
82.86520177891583,181.18139119453787
83.46473753077117,180.96292194808788
81.68101608069068,181.34702556293522
79.96392177744804,181.91331582471713
77.59214613423026,183.14362415501142
77.45619020411954,184.41592062071888
77.94585063472071,184.3516968367069
78.29448601643686,182.42203807713412
82.73869166042668,183.08268254672274
81.58502931786391,182.65752176406536
81.02305678342692,182.63738472432703
79.71454397721887,182.6850477854775
79.03737973965458,182.93980339776056
79.6334794271198,183.66174294536316
79.77690117020803,182.12396846937085
81.0498804914031,182.89943602971766
81.01907378765257,181.46800960245474
79.00185335983782,181.73922566766973
80.16206236255029,187.27924231916145
79.42465775521804,187.50898564754777
80.83462451333496,186.684611470579
81.16301036083163,187.78032106146668
81.61522667090746,189.7180893926213
81.95022489777237,187.86709399482137
84.60045019146042,189.3143079702393
84.86304160044193,188.67492736267678
87.45931416343456,190.01775672040532
87.95112061840102,189.84721597849204
86.63953565645353,190.42923256157601
85.97769663928287,189.71577382795255
88.57638632997859,188.87154814839025
86.44134757194043,188.0100313168211
87.63417584556525,189.56350284840863
87.574959405261,189.71136924270826
87.56505531862167,189.14113037337833
87.50676852483151,187.24443848803358
87.50262120791069,188.36738167972618
89.31221126749918,189.08025937860486
90.63655766232954,190.32653422597585
91.53240335894431,190.87665745393264
90.68580631928516,190.51153624500773
91.5655638896402,191.4332609965383
91.51315671184005,192.54614613190574
92.73640329281616,191.93219609366537
94.84708221554999,192.0434145151442
94.0876948690685,190.35102190604852
94.0410433018866,192.68053631141854
94.12033962497839,190.28253245313448
93.38030633080498,190.03194067953328
96.1087847972847,190.2158917662152
95.08440190070613,190.83250781664057
95.98416523066219,194.02529974258425
98.28215504843061,191.2441299888028
97.4679479600994,192.1757725046924
96.97284442238933,191.03473368418412
94.65048520512596,190.409103715939
94.08241874859364,194.24856800178117
92.30164322214448,192.768145391895
93.77750568264017,191.7111910036028
91.0535127930952,194.98656242419557
92.65994753047002,198.43044063469117
91.31566517360837,199.97094674867176
91.48869794812161,202.27838520868332
91.37102802094697,202.2136812105369
89.53833229638172,201.71210093097352
87.63047479567805,202.10533300554107
86.9951890342409,202.3382506444945
87.2270209137519,206.3339442307291
86.62385975771507,207.2274605869082
85.64244227029931,204.22973851791704
83.71527161570359,204.45167924901526
83.7915993296451,208.16487911853608
81.76190274678824,204.16137319122947
82.16901083575429,207.48484032536143
83.58172001887897,207.96345829755467
83.98068412230815,206.56329024252267
80.63058206235448,208.57349277190738
80.99489664133421,208.253398228692
80.71368420241365,206.26825658207323
81.21765208196439,202.00856605429595
81.23968962265045,206.52594450618645
80.07986031731602,205.33440325102976
81.99538713021016,204.71294918845496
82.57981834338236,204.8911439102659
85.27376060556095,206.0684261801058
81.61260501507171,206.16050151552994
79.4621994744513,202.54574678118638
77.35236939936821,201.72555936549895
79.13316160172371,200.32577119381313
78.79623130626267,199.99775235339686
80.16277200822407,201.47779797536725
79.46064936455645,201.1067577320965
78.09223636927732,195.6435286988459
75.97420895847716,194.89589003254582
75.789381534155,198.55471800261088
72.42234740901128,198.53665240280264
72.62129340787763,192.04533229131798
74.14761364253411,191.6886175741615
75.20692805865855,190.4300732680463
77.20473878744109,188.3756235501698
74.58346810253245,190.21117614737554
77.16036005619608,190.10692236190013
77.93127461009418,190.3769290482941
78.04148069957944,192.29978367909405
78.03207044174196,190.46498213987468
76.75371584581481,192.04971000744874
76.45041648545975,193.2688049101123
75.08827595080149,192.84495434954653
77.76360912638074,193.90688753666015
80.38061745507972,195.3795543536625
80.61855251245795,195.62318660354723
81.20203016719734,194.94658270961796
81.93811356407002,198.20462038613317
80.15778184383282,198.83692355050218
81.21928638682367,201.21295204816963
80.17201173358261,200.3604046330382
81.04693469281756,201.54520499630974
82.24015783224547,201.52729619308468
83.25161156504171,202.44306935743782
82.9644225952496,201.86202620134287
82.67723362545749,202.00198907389742
82.39004465566539,202.74059621694616
82.10285568587328,203.1544178950725
81.81566671608117,204.86556529402537
81.52847774628906,207.1378805996118
81.24128877649694,207.91812096384018
80.95409980670483,207.42635368326881
80.66691083691273,211.2602888681387
80.37972186712062,211.3236566340254
80.09253289732851,207.71137287823316
81.23576650792164,210.56761455088022
81.57430484630804,206.88613331183382
84.59067777372769,206.96581002919345
84.06101159896113,206.24256029144345
82.94552865930993,205.3310360054182
79.69417212556296,210.34788137169198
78.83460988250354,212.47963239302663
77.8236006913779,212.60198224950474
79.03495629629732,213.84546285837217
78.80803898646273,212.40144817972333
79.14257907031879,212.2895242975801
78.17293364833596,213.52439126264406
78.04630845994134,213.78308396446258
77.26542982483815,213.29233495421022
74.00911931425493,211.96918955348028
75.68489162028459,212.8454429347942
76.49944841899614,210.8712366374621
76.41783855700922,209.1951185252941
77.09432954538717,206.07406456369384
74.69402626845026,201.12232215564683
76.08951582641114,198.86241653259708
75.0036464673905,198.8629999596353
74.8431656597364,198.7591451052432
74.45802220453871,195.00116077260458
75.28061937021315,195.01720358064347
73.75238791148124,193.62152781260693
74.04768127136403,192.68969820319526
73.55974377289552,193.63413394756273
73.42136119105089,198.47426627930238
71.97946070062359,199.19602342944412
73.84694775437578,194.20962042175415
75.4779589234917,193.3755269948685
73.98201227558768,190.19073747927206
75.53203322469075,189.31522133465177
74.73755497846368,190.10499182575114
74.64233550143231,191.66851894665467
75.70322049692392,192.03427263531924
75.28316133480945,191.65087553278624
76.35974603609613,194.796399821271
74.67037588954152,196.98164403177358
74.90495066101772,194.9492260216627
72.62008670621589,198.2656032466666
72.6178771083242,198.14600609597105
75.3145525491035,198.70342613528186
75.04659575783015,198.41254847089843
71.54808732014492,199.39584041697717
69.39568104271633,201.34788279631428
67.49813392193599,200.6374933981222
69.15806605579554,201.78453849799013
70.96539057035925,205.69483356438462
70.80961063352777,204.68367738604474
69.97387652413884,202.62773230243207
72.02019872035831,202.70404661080968
75.00501036876842,202.57995890325273
75.64267936560594,202.31814784536405
77.10444931825336,201.58516114471513
77.74753034271308,201.88444103590942
77.9102236624305,201.907107596881
77.99994645684579,202.3370232039924
77.92393673498866,202.04636363562744
78.81933585217617,201.27715121637414
78.80578930596333,195.48678470742857
78.57232089933976,195.26017200482758
77.05195559344801,197.8327298634872
80.56520657614656,196.67533335035245
82.41512668499233,200.3557556893427
81.95308956681974,199.5522945888084
82.40867019166869,199.80036355534813
82.31707615165976,195.32122948978855
83.53866607938716,195.91592904713374
83.70588936394073,193.59605491525687
84.17686688241518,195.89736662334212
83.31182650215219,201.40525363429333
81.84883590721388,201.2209437525912
80.57458418706234,203.20043920249034
79.00084291293716,203.75446323024042
77.08622104753776,203.7070745771081
77.64531516238787,202.36712412841757
75.15256276291564,202.25125734514913
75.92176456185075,200.69461795853326
75.79308321300915,200.4251775163004
75.64050265441364,199.65805436012366
73.18199542589917,195.77523273838528
73.15305650168011,194.88454256861232
72.98265153455543,194.41024132096783
73.18132946110008,194.158564428814
69.28613277667343,190.32533016779277
68.0860347219815,189.0690113393139
70.64538157941256,187.5043159650948
69.26841197571302,184.04382516632091
69.35270715623464,186.58074655990933
69.62978644156136,189.68688732657378
69.06634992554083,188.30438263748923
69.01172158698294,189.26782700464597
70.8596512564371,189.99351829769037
70.76954472027445,189.6679340696895
73.38779898461254,191.31869275974697
73.83106489161455,189.5631742817435
75.50115681103367,192.51091254051985
77.32877665373391,193.88127097383622
78.00830267652861,194.6134595043319
79.23460347114535,195.3555665979921
78.5583833841533,197.81894189251716
78.45549281938757,194.65594909542574
78.82140475028108,195.4750266350356
78.49578000873166,196.94071524869636
80.04530149163124,198.20052810177825
79.92947363530084,196.99793058599906
81.3284447234691,194.4872565533972
80.55731678971065,193.4414167310252
79.9189924059932,196.4236564581986
80.37076830645483,198.29621196623108
80.32571719799569,199.72004687609612
81.30541748823725,199.3813510271984
79.89408049102764,199.3256543917084
76.32243080655827,201.67956975054577
78.16616568319014,203.58514776359954
78.38060052924644,202.9263207162768
76.83961035258092,201.27434353880432
74.33502994315171,201.2331411203562
76.42170073141618,201.29051195833523
77.54652607395477,202.29460920085253
77.21815290391271,201.17577028237716
77.2738628003807,199.76130951739165
77.32957269684869,200.4920467128902
77.38528259331667,200.96812012304713
77.44099248978466,200.8005082503753
77.49670238625265,204.6093392184681
77.55241228272062,202.3719732566544
77.60812217918861,203.07397346631353
77.6638320756566,203.54828586049092
77.71954197212459,202.2200708191388
77.77525186859258,201.95825342914037
77.83096176506056,201.6589157597149
76.36194174809658,205.96471121409414
75.21726005570277,207.42261567707538
75.90083694344767,208.02394654799954
76.73441849055838,207.20004428994181
75.97218295736663,207.72119382838778
72.83381255347757,207.16213992435587
73.78180944976091,205.2574585475202
75.0909063570521,206.05425140307915
74.6244583261968,205.9016535425744
74.04713149302296,205.1526497286859
74.23121066142969,203.5266110729567
74.12542636958369,201.1183994443981
73.39903382064145,201.46262447227238
70.91273221331974,201.51999531025143
70.08168985874738,201.81503779651317
71.78822174783852,201.00365776844
70.89600395136303,198.5361711808771
70.1288596481668,200.21820441626573
69.56641175106519,199.27700781484518
69.49037231106564,201.57736614823048
70.72629585947652,203.52303119088054
71.73798306288148,204.09772872139823
71.58022792735078,200.21833948991326
72.75805654853126,200.94628693046096
71.67254284709675,200.5884432412321
72.12794778239116,200.15926667720163
72.57420182571356,201.637948674337
76.06988363258701,201.05267104745053
76.70537724540512,199.93153608071748
75.80426236988905,199.16781961436735
76.51977671768593,198.09803560611286
75.92147975082841,197.54285149899232
78.90111087593786,193.12411991337237
78.5378469522052,193.19690823510462
77.52930919538245,192.153691071303
78.79901727994368,193.43380891170835
77.7757488296669,194.0382637971049
76.2138434421663,193.1450688248122
76.5336625141985,190.8237500286565
78.63454004004402,191.1118206567337
78.44928956889484,194.12319888768738
79.03802621570762,191.05402846670657
80.40201154670548,193.1429931979854
81.5758983143756,189.80702363786028
82.77127388432889,188.6374771176566
81.97392719576345,188.366846883701
84.39986680411816,189.78997625205568
85.62456314163958,193.27293724656363
84.04319043768578,193.25439758998897
84.03569715515593,197.5027203185545
85.6764991911398,194.70861545094593
86.74007620007974,191.20894528622642
85.92907454696137,191.46076099934967
88.73581249645858,192.06610134241637
86.15076468719876,192.84456966494557
88.79176643796333,191.1231526043998
88.2584165846102,189.71986394422777
87.5634174114672,188.637828261332
87.88860544626608,188.20698556966937
87.78781944513194,186.38838963113687
89.36037749622498,185.19066844321142
88.49665882161942,182.2047640262734
87.0929817783434,185.7559875367745
84.325099502378,186.92316500527673
84.75797970371652,187.15135593923537
84.30865306589264,185.54894543770016
82.02853703930457,185.03143532969062
80.34460944694897,180.95124780487603
79.60791453846944,180.00476986294368
78.45054031523698,178.37775731871318
78.9459806774757,177.7285448176617
79.63880917359272,178.5251206522901
79.42010092193038,179.5518981965064
80.12938529437824,179.16483621867616
79.36257892097709,179.18215404627543
80.65995151142134,179.4415031347539
80.47049238778108,179.34980869755793
80.17125303707628,178.68316351781223
80.99007623349071,179.8042349942943
80.9305815464027,178.4796473586767
79.90393349278409,179.2068585370205
80.14099949006238,177.45115649796702
78.98870729373624,178.57183021603578
80.8085468561725,179.6419238755664
79.1193992939422,179.7803361246076
80.15128905487339,178.5267901178469
80.24842501014801,178.729705412816
78.76002014090557,179.49491405213868
77.76641221183465,178.9082757220122
78.53305297171185,179.45212966352375
76.78493950653686,178.85574771769157
78.0532163619126,180.8543725522013
78.55586235483682,180.82887106237558
77.75958997130736,179.63460267973485
76.74011721165118,178.4052156587004
74.57657277649854,176.70697548642406
73.23048934464379,177.08580947213267
73.1781075849856,178.2902819876496
73.63378961246681,181.31391502880805
73.40447134509346,182.19178522071508
73.14897810567072,186.97781280996304
71.49097061866354,185.20885289289686
73.08561589569662,186.18054525816976
70.7737810349046,184.98861168036342
72.32831662831217,182.10362637118635
73.14102824871405,183.49454078051699
73.70091297901806,181.41444668381797
72.1040957225809,184.95872480843946
70.97666796513693,186.4210601334199
69.88985258809237,187.7527145001152
71.04706700114718,188.30616187857672
71.38903894693996,191.62058772178335
70.20354803246646,193.24713157692472
69.28707620809287,192.42968823519155
70.0355235205484,190.32252375558252
70.1278273071957,194.37822692438786
69.62376862208612,193.8337185989355
69.58500939527347,196.39063886728724
72.37644274041195,194.33096526712458
75.39341597049668,191.12032522436255
75.86462236201375,189.69987679151137
75.26409128972668,193.51861230610317
74.63520075394229,197.1919683087727
74.20456370844086,197.72787490528745
73.29162515641616,198.01181969935627
73.68716442405194,199.1794135350372
74.5793964232744,199.52170928608024
73.78873573485215,199.88697699963672
73.75304904839825,199.5160895686129
74.62396756768855,200.94373861425896
73.8596664644148,198.82092446232306
74.11153420847151,201.09526761380633
73.57500145374746,201.06102860641906
72.92717059466212,199.64150106323407
69.58514710024889,195.05705037917744
68.45767915520203,196.65615535665498
65.68047007252805,194.80336014505693
65.78530489610549,197.08095696856788
64.69494412246787,198.1646466858439
64.94587904150742,193.5643664188326
65.42649658853931,192.00596692298967
66.8831038927623,189.4459077234266
66.91249156481982,189.49463317384655
67.56978450187363,191.35245199974642
66.65588371441491,191.7875855150436
66.77584740732004,191.0068023922543
67.35698339383464,191.83836683302724
69.33074198084599,192.40427632568296
69.10264544785275,189.02550950989348
68.87454891485953,191.57811888873846
68.6464523818663,192.37435016469638
68.41835584887308,191.00046181411082
68.19025931587984,194.576345227046
67.96216278288662,192.64684185888183
67.73406624989339,191.42117205135952
67.50596971690017,189.90694190734013
67.27787318390693,190.08604434639665
67.04977665091371,190.7328365156403
66.82168011792048,194.07421544031413
67.28478662510751,194.4669004142634
67.1104642587666,193.3568071617499
69.35337806521198,194.34313956847163
72.85789109518653,196.5166178403076
72.57259998249936,197.9562992434707
73.26291420693641,192.82615002709719
77.3977221207993,190.75560493366675
80.33743676129424,191.90678370028746
79.51354272430282,194.3706662608162
77.51449622255683,194.57855107354527
78.76411262117679,194.83304665161933
77.75017232924208,198.27324177312758
78.31584295960519,199.65728375323056
77.83066900134808,198.0929729024524
77.1231755555422,194.39990965250485
78.44711926502266,192.2477225988659
79.38660266414082,190.7517691895606
77.97896771528517,186.87185608570582
79.15933037082583,187.21320914090168
78.75279064603883,186.66728289369632
80.28909154911729,185.52412004651316
83.78714451939528,185.36386623324307
83.13115905911374,179.62781759822926
85.69265880598655,177.76958576226968
86.24473207348639,178.27725677935658
86.84659041159607,178.2415352792613
86.56140919543309,177.0028936306619
84.83545046324647,176.414243089211
85.45353550352768,176.8813831193021
87.21988256468825,178.9698540285824
85.53019276787597,178.24730291519776
86.334349371716,176.96560942660616
89.21305793022769,174.99932186181178
89.33068795496308,174.900961909759
90.02700812858282,174.21897177673753
91.4443264600431,173.53031534328343
91.2944311872405,174.2034195760478
92.10534984341548,173.65350980264125
91.03860693412209,174.28133910690426
91.7124443068578,175.0665847743482
92.28079470406976,175.71227753205397
90.28175445515882,174.82953821753006
87.99485174652374,175.38352708972775
86.77659832079343,175.8750720670623
87.44389067793762,176.0553237016285
87.19073325187766,174.98969546457928
87.8329585108455,174.831370106652
87.73531866039005,175.4911334449658
87.87291715883445,174.48537785266166
87.48211416122734,172.7644900392194
86.33147495145592,172.8240225225922
88.4063721409896,172.55838204867246
88.48238426993107,173.26084446578517
86.67252180597768,172.28390870055108
88.07805287304355,171.35677870899036
87.93967673039336,171.49980763313775
84.47749404395066,171.95700389253747
83.45191833709173,171.24587464197364
84.13149310397215,172.3043156241158
88.92800366874756,172.2750906680156
89.84103657051887,172.23671213563054
87.97700441791794,173.00330737110517
88.16947907438674,171.82098448959312
88.36195373085553,171.52754075832362
88.55442838732434,171.7601171077307
88.74690304379314,170.09751495104155
88.93937770026193,169.8688030268392
89.13185235673073,168.36681553741474
89.32432701319952,169.67755415944134
89.51680166966833,168.86547637588768
89.70927632613713,168.05681529935853
89.90175098260592,168.89788958258848
90.09422563907472,167.7326770116978
91.07529924576241,167.43127181450183
89.59245030687919,166.51606093359075
90.92234310971727,167.26694094597823
90.99274334404272,167.02789706676586
90.10430859652608,167.86744026669467
90.11110909779707,165.98400699111144
89.88404370784794,164.4035663926216
89.96137010168599,164.08407341064884
90.25128584185077,164.36022098487047
91.79271191012772,161.25164312708603
90.91711837972886,163.41281879974156
90.38494680197853,161.7597016123616
92.04548624053294,163.4896918941144
90.83597056013727,163.15948362440594
89.92980534303459,161.86307922187095
87.69076876865236,160.0167641389973
89.94291131750751,159.5442874770911
91.13914065200203,159.15738638020574
92.89678039360697,158.21681148714933
93.26738792549303,156.35975317340936
95.47430443177593,155.80043784768
95.5820393027068,154.7197716491176
95.5420688303526,156.315398983705
95.84954788772423,155.9724660455542
95.33425882797857,156.29529959903343
96.76647662452767,157.18204167388325
96.57303303969076,155.91249979438282
95.69039316002792,157.11417081513687
94.88428406434873,156.15272617472996
93.59005569451976,155.3581441992166
94.04326379978342,155.6513404838278
93.7783654803186,156.5422475919451
95.783496282121,157.5913649828997
96.828625174621,158.77295240934518
98.94470120012818,158.34809171131718
101.56673498312126,157.66522381907234
101.01129339055825,157.49666872364597
102.03165493641264,156.66470868973923
103.90399957766611,156.95587371631083
104.07080750561593,157.9484486219094
100.60936040506698,159.64300290553246
101.48629198705747,159.24624535426767
99.7140859508291,160.3046639604446
100.57772671723976,160.38356580621416
99.01250763022783,162.83665688964552
100.00588200229404,164.4838382002673
99.49442711428784,165.62646705978582
99.11947597250567,164.33853607740278
97.06133484628062,167.23915474669718
95.90097818950105,166.73625443930734
92.88271714703491,164.64757095820903
90.9311541473678,164.2378390899074
90.38432099203932,165.01286106796593
89.97873944404341,165.81039969215624
92.13357520427249,165.43222983040886
91.56314971943189,168.17158949749222
93.7466427540089,168.77893431675272
92.80997919035133,168.58769710514957
94.47069069897347,169.1000046114123
93.87083850742567,169.22926346281258
93.17692738615811,168.76358795750662
91.94250704059641,168.2446267715611
90.44553342065817,166.59587198004414
89.92668336343098,166.00891120719933
87.98348561129826,164.21327857162123
87.68018157603089,163.45356505691768
88.48788063424652,164.00372799776787
89.89103502468808,165.32397885007842
89.89394504502556,164.45123772799747
90.31683951656481,165.24219981035
91.0540642480363,165.78225662751186
90.33373791946337,166.55132027094305
89.99484880848584,166.86848053945465
90.28736246922163,163.88241770502782
89.09787737960957,163.72176206817164
87.45815105844275,165.3244479311359
87.78422044472202,165.44276739133096
88.27895845440665,163.82093863899988
89.04241142564152,164.13445822691045
89.0776663138538,162.22500134535665
88.17562272595491,160.80733259202066
87.35492674057046,160.2579525685068
86.61564548338019,160.92738466510218
88.06845472122656,161.6504025601015
91.16688591159459,162.0280881010558
92.59374335190181,162.3180318034385
92.10971853156259,161.50224032965247
91.49774056628232,160.08854460352276
91.55217220067209,159.12649083319164
92.21518733922757,160.4590418293648
91.74271394583847,158.08694466996894
91.71932888826983,158.73881098055978
91.20155339035345,159.3321835696849
93.2639646405041,158.09573977812562
96.24291800245845,156.4703173771834
94.40553104842901,157.31952741006776
92.99231471574309,158.80264696070222
95.87675478308842,158.48376794006006
96.74381629220723,157.80413222550217
98.69424977947361,157.32329349270216
99.25818516476515,157.8075717561584
99.69805176398043,157.26968916164154
99.97505800995765,156.66650271514015
100.37000894779541,157.4483737272314
102.70217064167697,156.2446878801042
102.72270302890838,157.13330192981167
102.60474940209018,155.7713309292606
104.48402385892224,155.61151155789736
104.03356609453796,156.20240331831232
105.20870329330442,157.29162259317732
104.61001057738915,155.42312707917782
101.13498697116604,155.45866308865507
104.27857595263124,155.37315135298786
103.83377034629821,154.92020731061007
102.00649737731662,153.59578379512047
101.33592142748354,153.0984889119553
100.81671851813188,153.16007395733016
100.24596548846675,153.35336645341442
103.48954137434511,153.68141948683353
104.42046029947775,153.1896179774316
105.44070968229303,154.77262836162922
104.24453041587276,154.20828902188057
103.07632299243929,155.1400161972941
102.95459911783985,156.39489358886772
104.92649282953755,154.7725798134698
105.71716813179222,151.85353781130334
106.46165721767028,153.45608199733468
106.61374013067788,153.52097950117277
107.06313865344725,155.75599539867196
105.86285510109643,153.93173986601423
103.33367918278378,152.99621946567072
102.60124083454625,154.87610014302476
103.1603094687225,154.2787466635107
101.13192273944964,153.9298124257293
101.91585844156702,152.29870912828844
104.01876047526991,150.71630198658613
103.29093014360187,150.41275678149063
104.6131134140924,150.5868339373818
102.07029736921848,149.59326525432812
101.20872503554303,149.30354402829667
103.1370200603403,147.06818861717184
101.48330318765359,145.25154968524816
100.96243585546935,144.1660236378549
100.72253263312106,145.0803097709964
100.9312309729106,143.97733075915266
100.22969781493859,145.95370810727155
102.64647504229876,146.164656989298
99.2541322744844,140.82933139153025
97.69204369258254,140.14850277159945
97.51997235074744,141.21382284452898
97.34790100891234,142.86612780672908
97.17582966707724,144.01779381584535
97.00375832524213,142.35577658845855
96.83168698340704,144.5147079395489
96.65961564157193,142.79045338072123
96.48754429973684,139.57467021154974
96.31547295790173,138.13620393076627
96.14340161606663,138.81800945895117
95.97133027423153,140.82728423467725
95.79925893239643,137.26992286083862
95.76299788634293,136.15415285821138
95.82926804884382,136.68853894300736
99.05067893807835,137.45516233726673
98.4204817230808,140.44557645090532
97.51253502525269,139.58263825019083
97.88474740279963,141.41923474561503
97.57680060327061,143.14304755919295
96.05129425333118,144.49964131448925
96.20326805823395,144.1985820905587
96.37770370224573,145.22538569131225
98.04196323563578,145.5990642908009
97.14227242730391,145.41016012484957
97.89188817371613,144.54390053284664
95.91782693024606,147.13853362788805
95.33815347842545,146.95473813010935
95.74383297214257,147.64788460651735
96.77140999542394,150.25118298221648
96.31938512045905,152.27170253679947
95.72774889701562,149.54831490190557
96.6900893730434,147.06720604939656
96.8211731567461,145.92106884082963
93.51826696025208,146.89189582194228
90.17164277152584,146.22315076914936
89.9676068516693,145.85420530175458
90.56359929131467,148.1190710633431
91.0151513482,148.66034738176222
90.89449496673578,146.61237670919493
92.57952352248621,148.16077393017974
95.61987813380917,147.55006997862952
96.59631205213154,148.68451945469275
95.39888182630159,149.6435135066354
96.25983295599532,148.97369814929985
94.76285376797331,149.58919816749804
96.51802049156716,150.39846224935621
96.18081164334471,150.56940557496463
94.33179036375411,151.43365176706857
92.52052937105672,153.47410733721253
91.7167061002549,151.6869263206484
91.71781064951263,150.2737935645443
91.71891519877035,150.62939992083557
91.72001974802808,149.4595449240959
91.7211242972858,149.95713729939598
91.72222884654353,150.37348616311135
91.72333339580125,149.41976041308138
91.72443794505898,148.92476319572484
91.7255424943167,148.47791052973653
91.72664704357443,149.59931922088387
91.72775159283215,151.56901287928667
91.72885614208988,151.6974237444675
93.55780020290167,150.76298529436576
96.33344655989423,152.646652452992
95.84303328580224,151.80549499306204
97.95645494617428,149.7600005733494
97.13764322953648,150.01845533003885
96.60268545232424,149.21400646430143
96.08891690475403,150.1003107084033
94.95795513807427,150.86784899535917
94.34999524175055,151.78481951095623
92.99038346296533,152.300024027208
92.08268345548696,150.49715756467035
93.52834024859507,150.3963485342715
91.00404795678321,152.63120769834646
90.19780555563786,153.5167665693284
90.19588228703718,155.86847046873177
90.11068927965155,157.47528109760984
90.00241023875888,157.51013536769545
90.08428901296232,158.60147413985675
90.16616778716576,157.65876698028404
90.2480465613692,159.90067425690845
90.32992533557264,160.82391620209268
90.41180410977607,160.07057342257377
90.49368288397952,159.7136271310897
90.57556165818295,159.86383530242256
90.6574404323864,160.5588072434634
90.73931920658983,159.7859569799034
90.82119798079327,161.33988546817025
90.9030767549967,161.04002454277256
90.36029496513929,160.60975386035707
91.31704876982162,162.21351179117588
90.31260133537212,162.67504592352373
92.23419624020397,163.19733508279128
92.83018052815997,162.48398937567234
90.68338247664528,161.41433737009973
91.90542078298832,161.6432263987472
91.19980290380995,161.31519850391487
90.5964747950484,160.18980788958024
90.87648594570112,161.03656027461213
89.65158027927994,161.56313268773673
90.63927089616445,161.24323742581026
91.38059567288227,161.7636657057733
90.58668350703161,161.54128231172658
91.58707711736118,160.68331685312046
91.49892499001473,161.30240917220277
89.50744322503056,161.42932318454362
91.09965840071621,159.39316025896704
90.95467232243523,159.77692298858847
91.93917322772391,158.73580340568873
90.70426052475688,159.7312157999757
89.58376830356151,160.05519091968796
90.02411264787499,159.72901100288993
90.27335218009434,159.61263132132373
90.3034068320833,158.62318475100045
88.59808008099152,159.1288039731815
88.50003031310267,159.0539512069841
89.5704708661398,159.93215964584508
89.49965876503781,160.26558844744724
90.35596395384604,158.3446889768951
89.83001852197668,158.4583568340381
88.66896920549692,159.12156981706636
88.087220556414,160.25250241149254
85.90370019329659,160.49433229048208
85.97468885550498,162.02123978667203
86.60575940482364,161.78827006277174
87.07099169276859,162.70232668994822
87.61176130638039,162.73369489981908
88.49512479436518,162.11911612121386
88.40010199221274,161.67362632474476
91.54881501033545,161.07739104599847
91.19886545610154,160.722460239413
91.69822276018546,161.74783561073428
90.99663069965028,162.51871052577175
91.61671925480266,162.91087402222075
91.83775436969155,163.02443052911985
92.36408724946645,162.99322771655847
92.85338167410985,162.6067080064248
90.58936874902545,162.25446915412573
94.11850789343299,162.28588072082883
93.451332235057,162.37475286181518
93.4223033178208,164.21295721176506
93.86458110268579,163.08167702734198
94.06582868792579,162.57898667084598
94.05772824812725,161.37952169889996
92.3136096596875,160.84741981313107
93.40359066005448,160.84626582836162
93.44831852820785,162.25817525738353
94.50305911910449,162.65536855810936
94.03939181402181,160.43766905452478
94.83136463478014,160.85965937390267
93.13849362714426,160.58845317940373
94.64017388107867,161.82140803808952
94.4322957808039,164.20851759242717
95.84500119657403,161.9931148526624
95.6818646689069,164.78257587068586
97.26128740420612,166.21209578198776
97.15095261448737,166.7508605746543
96.93848778391889,165.0556691731735
96.69464793339637,164.7956290990852
96.80442645452652,165.84894922037762
96.91420497565667,164.49986648940123
97.02398349678683,162.52320530650934
97.13376201791698,162.2844673793625
97.24354053904713,162.108244968331
97.3533190601773,160.5035806002901
97.46309758130745,160.06157529117226
97.5728761024376,161.94846950133288
97.68265462356776,160.02110084046603
97.79243314469791,160.4231948885749
97.90221166582806,161.07520830179192
97.71802854563093,160.71279518732547
95.27163948178998,161.79195893111455
95.38150644237619,159.0847759972139
98.26154487908045,157.63535231043522
101.14112314418098,157.2594035509604
103.74438512070849,157.36012888393296
102.8611281391911,158.27680995667237
103.70552467251888,158.43120106408827
102.78675126505443,157.16214196994284
104.13287334635422,156.44651459005738
102.05412555990674,155.5586031501771
102.15948155841971,155.06040526245488
100.27116256817376,156.67725912007998
99.22803780374275,155.15349454008583
100.21858984934029,155.2717807878549
100.11584284615152,155.87267367387076
96.30865979628584,159.20028518813
91.87837401261123,157.2621229600464
92.44627389704418,156.9432675310253
93.57451071447524,156.37597481534488
92.43170871682503,155.0132810962554
90.68545783444836,154.61274730309648
91.83414852999586,154.43963354371
91.2709736416716,154.59894926016895
92.92000014468375,155.57924032785448
92.50743210743849,153.33481672098603
93.00267473395962,152.70024990158635
92.37935281178973,151.13855730752417
92.11150493617642,152.41096810889263
91.31105543830978,152.54039653392235
90.78983201875697,152.76950166709028
93.158204629387,153.49471035273348
94.2760496007947,156.4724193353584
94.81103028460997,157.81882153378376
93.7957076759713,159.59977842883427
96.1109892894747,159.98838829889235
98.72437742309614,158.00864385337758
98.77037220504197,157.57694019689998
100.0139847173528,159.38210607022654
100.10315304666406,157.73787364695445
99.33857148516228,158.7825692337524
97.59709840015728,156.73463838201383
97.47659716471844,156.73903133057686
98.82574219711451,158.78863251295982
99.18386488340131,159.40613529192666
98.96016506792061,160.97056880094559
97.10645851205852,160.26966943360338
97.47087488578875,160.8267468901746
95.67111946853407,161.31622555617577
97.47423450431492,162.29840879577347
95.54813658391848,162.43144140143787
95.44290048606567,161.31614660971204
95.76938491886301,160.44070133378986
96.18070457524323,160.63014442367842
93.43022493033351,161.23163201251216
92.9449307462852,160.13549223434285
93.70655001625809,160.1683282596294
91.24105068076356,159.7254337827942
91.2194029190969,161.0392242870854
89.24912775748658,160.96164472015226
88.7630283104195,161.43576693754207
89.03345695871965,162.42852519286922
89.43553117323783,162.92999002262331
89.837605387756,164.1943146652944
90.23967960227418,164.42454464661557
90.64175381679236,164.08714977212065
91.04382803131054,163.53612862570236
91.4459022458287,163.2157137578082
91.84797646034689,165.4647078504288
92.25005067486507,166.2179592113245
92.65212488938324,167.12288408695025
93.05419910390141,166.02870352378727
93.45627331841959,165.26742970610724
95.19682135966255,168.0749186168692
96.43405926735113,165.54780343129963
96.98779206082934,165.50112192282455
96.76177569501378,168.45868782823598
95.18930749588812,169.51731129011688
91.94522235266805,170.15726183522344
92.42544775156894,170.43658191732104
91.58418611452447,170.98201938343138
92.72999673739933,169.76545291778652
90.68236442883882,169.69448709634491
92.53941909559776,169.19640547543446
91.24507468960991,169.9285902809347
90.67964741896593,170.4266083845306
90.95757237112792,169.79630031019553
88.42078884019932,168.82661894574252
89.50916720352885,168.66869913616495
88.83459936710436,169.41215449082932
85.99916052267184,170.92677713910572
86.91577380410324,173.27957800321968
87.41430074599434,173.17714879072355
88.8447944683341,173.1723966861048
88.82428702779866,175.09581162189684
88.63726179460654,175.1187271918266
88.08836633141115,173.46987094215197
87.43018629957086,171.8751934822879
89.20861348665495,174.28222699346895
87.85873770707046,173.98195754127076
88.399616099341,174.50626888414325
87.61996180651155,174.56368181172326
87.17156381421796,173.11525478605597
86.1726711804288,174.28431328328105
85.80219152173383,174.636213448158
85.78860113970929,176.16711620067898
85.7450902902783,175.91189863504812
85.37871019354365,175.52029397644847
83.6042224320609,176.06648221468922
81.88034489472116,176.47945460458752
81.13130108685826,175.78051353970287
80.32850240274524,176.0960035576709
79.41128447245988,176.054964971129
79.0378236008422,176.36841853055006
79.69033867754824,176.84897601788464
79.42690921322693,176.9835579832928
80.4746795184187,176.50020725714904
80.83356078221969,177.07175862674987
80.56122040652485,177.87959661069212
78.88326408014646,177.98878612442465
80.49231391978549,178.2855989577795
82.17164411148326,176.69757800788764
81.48482843278583,175.5020604316584
82.59014900070862,175.73732951619343
85.96757801584118,175.9362606088669
84.85530386239076,176.01501361205945
85.58960087506979,176.77680426417336
84.68065680857534,177.72383963518388
86.32070367999748,176.01944891626738
84.66095746292542,174.84942248523825
85.51426430456593,175.0064148493881
83.79315080136362,173.88467901078099
83.43475182070136,174.9396657731681
85.21503301960271,173.3887020504504
85.64368172838829,173.82428930430152
84.25556695555224,173.0142579795584
84.12236738345126,172.58456681211098
84.12980926423263,171.75990682119723
84.18470772554038,170.77732560393508
83.4145316851983,170.64523775717367
83.52790208438279,172.12167737596
83.22974556533379,170.3023722203347
82.83385890468294,170.8415732750248
82.06967449503469,172.7223148487002
79.61980944291408,170.38129773822476
80.50583210426463,170.06373945306217
80.5921808473846,170.6926119116429
81.18568993120286,172.76778691234742
83.17447048546552,173.23703065210913
84.19986246223127,174.68612808838776
84.10763606680308,174.94631615964943
84.43460870170429,175.09118807710675
84.58587603919827,175.01863757702657
83.25431493660362,175.02671479938854
83.39606308972412,174.24680195039755
79.9673549528924,173.98350002529975
77.88216049631882,173.07771592824164
76.9033638132269,174.22117369231566
77.31112378991175,172.18246102802433
76.2202775611891,173.86965610413537
78.64012473857179,174.88783100686518
78.10552686693251,173.05318411988296
79.03957709669531,173.1676802790877
78.93550582546177,173.04513695697298
77.50817223483597,172.29057264220924
75.52458253281921,172.33113512957934
76.1665256469626,172.29830203985588
74.23743508780657,174.41668101079708
73.92349352857292,174.09473435753776
76.26070622467923,172.55624741573862
77.23603197781397,172.31630158240864
77.24091772730726,172.13616979442534
78.0505172004312,171.10497884474373
76.77502449143587,169.15079125771086
77.16313125271944,170.38277968453397
79.2827429340553,169.61681101914277
78.60066226569663,169.16041134867106
78.04350646215318,169.7292278001408
73.68461987421766,169.9101611539433
73.43759381103392,172.14497606496084
73.76592411873338,170.84001657540108
72.37557147426642,169.03573806240385
71.48908966147631,168.9766111698781
72.28511617726419,168.55742784075497
73.04745661156814,169.48660704353864
73.25004630600047,169.6334966065724
70.2598172797422,169.3411713579943
70.60790820169218,169.46204069122678
68.84559563186167,170.41104049714576
67.80644046753743,170.18929932060098
69.70088298541015,170.76066508083687
68.45684701683112,170.92605618574183
68.40663875623187,169.20809597766086
67.46384031738341,169.40036618641338
68.67056033133102,169.8533549029502
68.00576098306625,169.27353433115434
66.34337776744998,169.9694328547412
62.55148829231139,169.18839553793978
63.06694818765933,169.19469103285493
65.63213992548367,169.65531076705378
64.54779213655429,169.0173574617017
65.99836267275664,168.3677857992352
63.38219329028603,166.79205388847373
64.55341399041524,168.08911262269916
65.26781755051412,168.67841346169624
65.43772542285322,164.59447205777084
65.71805220870138,168.02569790288382
65.74295862911958,164.53549757460183
65.81735410767325,161.76669442620374
64.71373996503576,160.69729232979944
63.38108668599308,159.83984698181348
61.67265763617995,161.85869337873285
62.96384012057041,162.3201219889199
62.669629365987376,162.98492653020753
63.63596568063276,162.70042254737373
62.598236576226434,162.5577077197008
62.712676613528906,161.77129967538474
64.02432636143014,161.55360342227834
64.03727377614382,161.9498454246674
62.8217844984462,163.61893358569108
63.26204630394034,164.71209631263756
64.8783771876345,164.41863725572765
64.05638649350568,164.84974216594057
62.57767399039495,167.23621393790887
63.307912876847105,165.00922810216613
64.93238019478397,165.11616124439556
64.72773331707641,164.02903992104845
65.35677564453191,161.95308353570857
65.7859143018298,161.3464437280668
66.09199006033566,161.4816171310457
67.05527757135356,161.49433700690994
66.69162912344021,159.63372143386093
65.86421734383221,160.92538162447005
63.17686126716446,161.65964645520313
60.995630953994706,162.03361055109193
59.2961479719779,162.62091579474495
59.49746691860648,163.0847785032611
58.38032677064041,162.10627318567606
57.26980285893127,162.0285808950047
55.09798319461431,162.24017710382427
52.56073967316558,161.62495896040494
53.47563586869023,161.62424367633574
51.497642886830356,161.7510433707866
50.58541950214402,162.40442902232692
47.80897394420588,162.76063661200763
47.55903758980966,162.43963360164904
47.25649812380778,162.0177775781615
48.02336162264753,162.36127074491984
43.58518370594992,163.24532383976228
42.11406261921887,165.00105460946392
41.83287659876461,162.9793352858406
39.031590612303575,164.09672372534465
41.224708848353416,166.3159979615884
41.45730182964701,166.97333848162353
39.5595969653572,164.58852506762852
40.70724845063097,168.67251270610018
42.39652540433523,168.758245185593
43.5244297581078,169.5164592891747
42.200593302910946,169.21541819317503
41.73695707154405,169.2933014620178
39.93484967136015,169.18269270229493
38.55183168588337,168.85538239291887
40.60709034495359,169.55151624718633
40.04513194738848,170.30432149877055
37.79033690052721,172.8745255396843
39.67326398036772,173.89123968274149
36.38874748920659,173.43962419018848
35.11525371223293,173.11756919008505
34.80815865425158,172.37891150402925
33.635694480548665,172.6013506702289
34.49819894370731,173.08413239494232
33.04156327115551,173.18275434651835
30.841652730719293,173.57967438142683
30.535718403514977,173.1248473482342
29.281592892207325,171.5987308294931
27.672428932518855,174.27746012324195
28.304627510383913,173.7076172168219
30.915502123407485,172.3545871672966
30.689563616997454,170.47467668542146
29.228511100956723,170.15077721488657
29.83309786219628,170.71680217466212
27.5908630006053,170.2303463891824
29.21673609327512,170.80505594762656
30.95020622820335,172.40000653248103
30.15120805573473,172.67438950403664
30.868443670201682,171.85176802426474
30.997321832710373,171.5796636968712
32.46597356377119,172.7453735894641
30.191657894725832,172.88572109350727
30.5384714839447,170.67588109916102
30.811124567532374,170.48941184444584
30.127329348137398,171.89131036237558
32.0106077746472,175.63941302261995
34.57764735063836,174.69322901501965
34.20095156379368,173.2838779260019
32.865867840541966,171.65704494600124
31.85874517904979,170.9763525619932
30.73454113224026,170.44791413530513
28.74862461037456,170.87814226628686
26.353269493778193,172.3533677793049
26.289956982677268,170.85086547178324
27.69741381299225,172.53553052577607
25.810988755934915,173.70636170728488
21.831045178225615,175.18455558885807
23.088720284732325,173.56970384364058
21.117404682858602,175.14419214116785
21.937642628836414,173.47207008211518
21.404965702553646,174.66656812446953
21.922394506597545,175.66589446949067
20.260895232527186,176.93296362524984
20.54396851794856,175.70121423876412
21.18723483158428,175.52515922160717
21.0287557544171,174.47386713116907
20.134329476754854,174.98165244592846
19.27478170773217,174.6071435774395
21.172100155744438,173.88814675837602
21.38840724419614,172.6657530905974
23.11537645180443,172.72659532618198
22.4728961115663,174.7439540877782
23.45158977747042,174.91136674323434
22.418730461814604,172.64610368739793
24.05519797510486,171.26644933245058
27.355572000518222,172.93383646366206
27.289473025202454,174.66101222309214
29.874074371195295,175.17601127893923
34.266728206020815,175.29619298331238
33.04192259804782,175.01447597157465
34.73822752654356,175.80148413829195
34.20368544967549,176.2548675184512
33.738905099711516,175.54611870615085
33.973956521623535,175.64687854439973
33.81416960415593,175.41805045522736
33.530807678220036,175.0316798741131
33.08341541265811,173.27032105185836
32.123403453397145,173.09228664333668
32.445630694161565,172.8577628970793
33.826156495349096,173.05945773566836
31.172621536086098,171.54113328368663
31.82864914028515,172.04515272102972
30.98669771111105,171.89053842858837
32.39469208377769,171.48439135545115
34.12856646179165,172.01226163902598
35.72270381207194,171.10830490389995
35.065363036900244,170.3252994454243
35.70727455115756,170.28179021204934
35.16520814276858,169.10971233420383
35.07993701606325,169.06504209069146
35.07733382343985,169.42667251784778
34.028780113476444,170.88704400119872
36.33171587619352,170.5385225903211
36.11992521017982,170.8661435218178
36.854943940829884,169.99589725459668
33.680600610262644,171.42477644538303
33.594770967015165,171.58636542454127
33.674028931727875,173.1900674977592
34.873603550958244,175.1101163451406
36.6858794075719,174.57080519282812
37.76349387911959,173.61931542023902
38.55839855980303,173.5430673104344
38.942729340386386,173.95392909308083
40.75014774782243,173.11843774917028
41.01105205234811,174.54153318350336
40.55813350740556,175.79441333489746
40.908202528481304,176.52857751185687
40.97169894465752,176.4374980607915
41.8141316516262,175.82715135856517
43.04206319923184,175.57044314490318
45.51365172633536,177.3566371373399
42.85701912552582,177.2358489366948
44.42721933594068,178.2938558095679
44.592635949117,177.31385209003645
45.78168027847124,177.41706707184147
45.43363167865013,177.2131460004671
46.76638752813055,177.31317813169508
47.001985625134054,177.1655818773263
47.85378103490342,177.39822699072556
47.75480131079434,178.45514532913074
49.87019330457922,177.80420684020368
52.34205259931211,176.9199108789783
53.226926852197984,176.9963167662912
54.48666841319701,174.29370282511158
53.213960590195235,172.89872357186115
53.01699537981852,173.72774877067806
54.26520291638649,174.01685091347042
53.923958712582234,173.12583373788317
56.7321992135835,173.19097148882048
58.53578862165055,173.9434001794854
56.030522556388426,174.5228336915373
60.53833319850976,174.03295050098583
61.031099825421016,173.72078844529193
59.44057534285674,172.79770631872577
59.71185142246947,171.65088005224504
60.805570045616236,171.6607801466165
59.91178212292937,173.5901129998874
56.90798714368489,171.58124982530097
55.289405882539704,172.56349906544546
55.29736458641792,173.08258639641065
54.78112461379446,171.62354745300235
53.42305206451309,171.27547374617552
54.38651999528395,171.1725289894081
53.1608071107771,169.98875860347724
52.65284009830399,169.87864174360107
54.58803168358249,169.51417299414084
56.76721307150568,169.30795130631833
55.144488031627354,168.9219882037221
55.841629899424085,169.11920974328143
55.01032772537272,166.76437235438544
55.16357134084989,169.11272671968126
53.38133198556732,166.55532288708858
52.435369438111955,164.80035755051648
50.72441824616518,164.65416415401296
50.81736278634982,165.48626244300655
53.02365645784187,165.48620576025994
50.960389938225106,166.02226264588032
51.59701505816892,165.4528374606446
49.32976226816975,163.0375004736597
47.85268900479171,164.88603519626122
47.908931028480474,164.5937861322167
46.480303652003336,164.00300570632763
44.726532082750715,165.11578848751762
45.57452935641488,163.05393600101752
45.54149361064401,164.27402891169797
43.20548767133498,162.9403513829825
43.027386602266034,164.55688602175724
41.4893794684413,165.4951928501081
43.1418184817464,166.8830583446257
45.53901717674449,162.75863876713993
45.09900004871164,162.00555846510335
47.050094292252744,162.52359047014943
48.787005906251586,162.57991000614413
50.341888528183915,162.11592479637534
51.87929020842755,160.65586688812905
52.56685085861977,162.37671252180724
52.38271691569433,162.58445230372462
49.28174570141792,164.19429212997974
50.10377653692694,162.57676275618297
53.7798012190359,163.20324744495585
54.49690060253896,165.1604521500629
55.29407738815171,164.2361237090102
55.37790699325685,166.32540237794169
55.60339362377388,164.6468405616164
55.033294986065606,162.57872035555283
54.126103533921416,162.10327201631918
54.64210570918406,162.1158334834149
55.08794297112593,162.32713546281525
55.98109778639822,161.2541976429683
56.36526254593648,159.2645225038232
57.52011740815231,159.1683401081381
58.35139896385088,159.66193411926554
57.620695979787136,159.4454980575918
59.041558911223014,159.63881977590566
58.37766123043757,159.1058383313465
59.1087554477186,159.82588484765097
60.266880235200034,159.71652950927862
61.45268243600872,158.60324541713237
61.76012450408201,159.2843018906754
61.21860245520688,159.18930990349915
62.24694196800181,158.2284978969074
63.31879907425924,157.5490012426761
63.480567214801425,157.22338357142874
61.75968792105196,156.65024029060152
63.96249273781189,154.9800400551408
65.64806641184161,154.16877576467974
65.73542939084595,154.581571206849
66.56013014102706,153.84866807738535
66.06826140328366,153.80077874827833
67.08802345987735,153.0019621405013
66.77478225588638,150.46282755141752
67.11946624494252,152.22576459447615
65.22329802099162,150.39373365981285
64.62639200325776,149.8843185340053
66.04139016449155,148.90979637029847
66.76034549817473,149.5988773610424
70.56770213645223,149.1281731187545
72.64018263140213,148.75767809402484
73.90193841252602,147.7894689674508
73.5064127504381,147.93200692833807
71.10190050127868,148.39531127875372
71.09387522232596,148.64737224827599
72.04742584092484,148.98734811307003
71.79103145798582,147.21142196374805
72.89028408448749,149.10773752169527
73.19374194375055,148.62674050851453
73.17052433423692,148.64935647766893
74.18196919095764,150.00107925682985
73.01629304633938,150.34497938662966
73.40397152293828,150.51225052356102
73.57459295471459,148.6749709135651
73.42884690796973,149.74307449555744
73.28310086122488,149.80535219563464
73.13735481448002,149.70760202527
72.99160876773516,148.6791926345044
72.84586272099031,149.2009058376037
72.70011667424545,148.78580404548316
72.5543706275006,148.46938049875413
72.40862458075574,149.09986418254553
72.26287853401088,146.93323565873072
72.11713248726603,147.3938720279753
71.97138644052117,145.66632623916934
72.89581859896914,145.22342641363036
73.77959512140683,145.30059262753377
71.86541419881979,145.39770584938165
71.95580630070413,143.92886140908627
72.1916040509565,141.25088641252236
72.5344827094307,141.53878409049196
72.87736136790492,140.67967893006406
73.22024002637913,141.03087409393942
73.56311868485334,141.40418566468912
73.90599734332754,142.32837704823302
74.24887600180176,143.82033360249247
74.59175466027597,146.7896279264386
74.93463331875017,145.7529748703542
75.27751197722438,147.61504516193327
75.6203906356986,146.19404879492242
75.9632692941728,147.08135344379113
76.79050763012667,147.58263013043901
75.9843832372637,145.11632448261338
75.17825884440074,145.55025001131654
74.37213445153778,144.4268490905581
73.5660100586748,143.94907347487714
72.75988566581185,144.43442413383437
71.95376127294888,144.0339273857156
71.14763688008593,146.9683895372593
70.34151248722296,145.07567393749358
69.53538809435999,145.3638003271033
68.72926370149703,148.0905300519396
67.92313930863406,149.28377653479112
67.14444712300642,148.16585462724257
66.9643066385932,147.03790107148174
67.04979840790757,147.14749359367534
64.2625962546302,146.12419025320227
62.980707945936985,147.8858797639074
62.782492085310494,148.77149352930238
64.20423591236137,150.81526998396683
64.59184336173895,150.89424172963
62.944586867654294,150.85465660058745
62.46530102397145,151.5171610954242
62.83030509305098,151.30484213619772
63.38084286489894,152.65700434940217
61.11975744863216,152.46224016978778
62.62215132743323,152.51398873968233
63.248858502230235,151.59960750372946
65.0858399193155,151.9378200652047
66.33181655602239,150.7421065561864
67.23551104958842,152.40366045426427
69.58059527653643,153.9494427828026
68.94981168584933,152.67552340540612
69.48971643697553,151.30849514895067
69.55184378111696,152.45401615799454
68.63016460762275,152.76246536014926
68.6988314048616,152.3256785325132
67.56210959980943,150.75451501880093
67.34925340758993,149.26542233726124
67.13639721537044,148.6845004725029
66.92354102315093,148.1325667923499
66.71068483093144,146.44173076949076
66.49782863871194,145.37619370318933
66.28497244649245,145.05025231613266
66.07211625427294,146.38639386445004
65.85926006205345,148.67476436484904
65.64640386983395,149.638999204622
65.43354767761446,150.07164118707965
65.22069148539495,150.38934324109965
63.60428788453493,149.57499030097028
64.73709829697158,150.49553691401948
67.09589339045493,150.49882607804312
66.90598274805295,151.1190438329953
67.16818881283818,152.8977440240972
71.54065640504471,151.14702105498446
72.45777067753467,150.77953744422885
73.45102607262966,151.32790834684937
73.37392191362635,151.28080307087544
74.40032506700916,150.13076057217006
73.8021001921932,150.26578740860475
72.50602870999253,150.66866278064523
71.73946202560514,150.58381169091382
68.66943302976708,150.31098826599032
67.9673596681353,150.64993683832458
65.49685163018508,149.58191354406432
64.00091893990695,148.95205443217014
63.89820963371163,148.0133177048245
63.79550032751631,147.41303182918696
63.692791021320986,147.58623394030147
63.59008171512566,148.38368638696969
63.48737240893034,150.51629289209237
63.38466310273501,148.71143503836922
63.28195379653969,149.78647870103694
63.17924449034437,151.5033785231335
63.076535184149044,151.20845673768008
62.97382587795372,153.18089197224452
62.8711165717584,151.58491127636333
60.88751833622585,152.9123964405155
61.972921510790414,152.22625643559124
60.24050540203858,151.46265251489135
60.2141351267441,150.80556233345493
60.77582082618367,148.1337159950088
61.095437755137084,147.63196891486407
61.004596458717515,147.67756460526795
60.894834530334336,148.32716588152073
61.39048165679117,149.06854059428824
61.30916290270482,148.52346374565846
60.00276090888484,145.0709521736147
59.99332565189905,143.9644066334794
60.84650722744446,139.29625874044373
60.73594931036205,140.2723816375815
60.66825333188448,137.98331386478245
60.541880159230715,136.26994038251803
59.35575995476593,136.33942216004712
56.496121251189955,141.82352544645255
54.675626224268996,141.61250501144647
54.48109936249516,142.58222166779748
55.59009913559084,142.5916797196638
54.88682946880653,143.06835026381881
58.267858289523794,144.56762306564994
59.68526570076948,144.39889792963646
59.467490073857526,143.13382685543255
58.5298150309633,142.69658393320475
59.03944567618235,144.9446590017521
58.68358024478572,145.03728602121888
57.08719389319412,143.826309160246
57.92131424834865,146.92407523890307
56.997598454078336,146.87606749680563
55.60080712383228,146.40725232947898
58.20489394514263,148.36072123618848
57.861912007857406,148.9016689198399
57.60265365250157,148.16839134510062
58.51608173260358,149.7424130839385
60.26170977225194,149.88047643246898
60.810990625289406,150.54108043864375
60.566769578475046,151.8467335028724
61.439677397507076,152.98272661249683
59.722778687477756,153.7861707834632
58.71381436314094,154.24010599846648
57.70485003880412,154.5660595694419
56.6958857144673,155.23534056298269
55.68692139013048,156.53069023461518
54.67795706579366,156.30052379897035
53.66899274145685,157.73556490735274
52.660028417120024,157.1788141335823
51.65106409278321,157.43658958796394
50.642099768446386,157.2655017490542
49.63313544410957,157.23709146552022
48.624171119772754,155.76537416643063
49.588601394244236,154.42502289910374
48.12237321700051,154.98064352193757
48.193609615266006,154.8237290078376
48.049508251635814,154.27156883526442
46.34439728261233,154.95482670235526
44.96930078143957,154.14108228004014
45.19534615955625,154.35357092474104
46.14532033410637,154.3912754544625
46.75381529338036,154.84937776237643
45.02976009330319,155.10963136750547
45.52049370618829,154.63688911767554
46.011227319073384,154.97556086306525
46.501960931958486,155.13342411161906
46.99269454484358,157.71182741628772
47.48342815772868,157.56033922451493
47.974161770613776,158.545906056946
48.46489538349888,159.95270906414288
48.95562899638397,159.0395020347532
49.44636260926907,159.5921845576371
49.93709622215417,159.36883725241736
50.42782983503927,160.16264539168188
49.5045524583478,159.65778366396304
51.40076762685454,159.97827158277005
51.61567182889758,161.57462176229063
48.86854957719312,160.460908307751
49.608409841106685,161.99538362422967
48.41729264646661,163.2725722293706
46.501284159488264,162.07976362967656
42.88631563542161,162.2988216124452
42.62733820285051,162.55161044679102
41.92009905879939,161.72837970393525
40.61043750898138,162.21206172407548
39.80753354064457,161.78874598261882
40.16579887722239,162.06391853084597
39.521943805685424,162.54793524635554
38.86621586860309,162.5748840220199
40.66820318233477,164.2127808542197
41.49247733105618,164.17818528780126
43.465245331563146,162.50976323112118
45.17751367303448,161.93604984294748
45.20288697757281,161.2261103472964
46.18698278810653,161.84775400631315
44.96896890782128,163.78034077012214
44.153046192530425,162.49410613960754
45.29265242002197,163.82895089905153
44.94891751737889,164.01617004064104
43.483280558736304,162.83948840257335
41.17718260626136,165.07328352802358
42.009368308955715,164.83117912643803
45.253545823269135,167.9762830699974
46.870105681998936,168.24107672408792
48.10326737132958,166.689365994472
45.722753853083645,165.89928398859024
49.72731501742756,163.807961901865
51.0926289172363,163.97327853398255
49.284024825084195,162.6461723881327
48.07187976659036,163.97383891873798
49.496580332009735,161.8278258803517
50.13035428444255,163.72716688218026
51.343328979458306,163.82809390662226
51.8197608534515,163.50247754394735
54.07343478492612,163.5795837687935
55.223550171340825,162.44463693574477
54.14223354207339,163.52716909262588
55.91805461076372,163.95748018380732
60.196970930114844,163.9157431973268
58.19035475753275,163.57681497730186
60.0840867739711,165.0931034590144
59.05784307045143,163.40730489718317
58.85111791886634,162.89297429200306
58.99445423140805,166.94127322566678
59.137790543949755,167.2219752584235
59.281126856491454,168.12739830409757
59.42446316903316,167.85723047686247
59.567799481574866,168.5590546792439
59.71113579411657,168.35173524670097
59.85447210665828,168.61660797109943
59.997808419199984,168.43785153684462
60.14114473174168,168.6016981973849
60.28448104428339,168.6849885796327
60.427817356825095,168.1508915630971
60.66392866224378,165.91430996770123
59.97301596999217,166.26642485084363
57.600104730625546,165.80761147027124
56.31704179431808,168.2097903799532
53.987802034680776,167.53218742093864
54.78145299360136,168.14806745266594
57.046959432749844,166.4104044440395
56.08908670133684,166.28552029005303
54.40128817733502,164.93004033797888
52.174145173625774,163.91247097649057
52.183725081041935,161.92241997617268
52.128968359396296,160.77949096768606
53.53549007963223,165.3742576475513
52.312943886358646,165.9763712102063
51.297986409238,163.6803008557457
51.134290218405525,161.40854588800525
53.136009080636036,161.6136394183374
55.08196128986645,160.32188529977878
52.21172583058817,160.38303807053853
52.30109202001216,158.69510106410843
52.17315889938734,159.56325506034798
51.57476995221857,159.24464555675715
52.31443023328813,159.58122502240784
51.649644459870714,158.97305196126908
51.165745304316324,160.26261352521672
52.011194994847145,159.82142985700298
55.4760179012673,160.90398636373655
53.49367982948232,160.7572430734345
51.64111559104361,161.64461005113463
51.649534172025646,163.36691796894854
52.359908141677984,161.36838096467747
50.31555069003346,163.3635076025803
49.82637962505204,163.8534890884353
51.53931875257519,161.78590486468735
49.55896687775984,161.4898367979959
49.468184907283664,160.87832223135192
48.456814624536975,160.84355214161448
49.628738574429555,161.7336163118697
49.83080824481964,163.436917166537
48.70442389893597,166.20513428665726
49.256302982653786,163.78745056942395
49.98156718507212,162.53669646005338
50.62082287062123,163.72127301346882
50.468923272057594,164.77724245069567
47.23441989824155,164.46947571853983
46.41482637334751,162.8842376012294
44.16741903740115,161.93405428623157
47.31476327784319,161.1549005812954
46.43075692436269,159.17406726049867
44.41447090106748,159.00890344182676
43.32878061732021,159.51647723385594
42.431178547709784,158.08601073865128
44.18264081148703,158.5753570050733
43.65795390377765,158.99047243937093
44.71583935601728,158.58940610962696
45.38823034389682,159.58917996332426
46.803886400178094,158.65865753343854
45.22473667175396,160.10612780670002
43.8549853485326,161.31614181504239
44.01493507191669,161.7253214032444
42.63335106364941,161.57454948964065
44.09426703290623,163.81404167872367
42.15091053930465,163.9535109222086
42.669148548943554,166.1241578836654
43.51384220973728,164.72761269424194
42.6499237537766,164.34160365657456
42.42638234297743,164.54903914480693
43.34339059511997,164.038201636798
41.29362226172669,164.63723253343446
38.90836306305734,164.2302986788785
40.19229805364538,163.84069405655072
42.19594533123708,162.4148523169158
41.9504583712365,160.12470940408085
39.98939402965107,161.61706592355438
39.14008447873395,160.63032816689045
38.450329964387336,160.20717843509718
37.40943244333505,159.25294973030003
37.64811461795592,159.93834186265815
37.07367844964735,161.20601361058692
36.91856884361468,160.50553560000748
36.2303514852992,160.2899278997205
35.32741845593223,160.52111949425796
37.65765048193533,160.37215416999874
34.7859761808544,161.02635428457157
33.15176609912411,161.14231096585004
33.96600115958389,161.27186628995912
31.41050888097398,160.23710765919395
30.596586877156238,161.9219790691672
29.061582165693185,161.90941661533324
30.49999547158954,161.25064807564064
29.395318725821017,160.79964581537743
28.022668327352438,161.18697521741467
28.121478982581767,162.87074668122722
26.38435166434156,163.9447495247301
25.31228650185866,162.89529888991405
24.067070676445574,165.7974675693303
26.42536985045667,167.90421641386996
27.25667379274031,164.52468858778752
27.52460892545203,166.58091501687966
27.293783048640872,168.5631774696364
27.06295717182972,168.54683148175783
26.832131295018563,168.52678322403509
26.601305418207406,168.23914845484518
26.370479541396254,165.66878833087506
26.139653664585097,168.31833076155857
25.908827787773944,166.67484129632857
25.678001910962788,166.44674301175755
25.44717603415163,162.23855211416736
25.21635015734048,162.2430108107269
24.985524280529322,161.6176616710104
24.42622295202284,161.18997191501057
24.73046277214787,159.51672304011882
25.235233114457404,158.38763293517655
24.010712065728285,157.1550618286159
24.509585984191506,157.25093109080922
25.75305137534465,158.9782551605497
24.557636133459358,158.24982572218832
24.76816475407058,156.70550293238546
25.604376750110738,157.70425427167697
28.558483860703035,158.72211396252607
28.21328700154941,158.8677166162336
28.444151366009006,159.24352403320162
27.553931714127582,159.49812694533927
30.747200167243097,159.5469103536587
28.151498383673577,159.01620785832293
28.346412733749556,161.1768479657935
28.576999894722157,161.4795925272837
28.631845927582106,162.83577840288882
29.339894599027886,166.17805810109
25.7099302717059,166.96284700213286
23.998959434708066,165.42158757473786
24.287103391591028,164.17145812824225
23.979384409582007,164.83281486371246
25.050509095036453,163.65244870548614
25.86571800135247,163.60396831592044
24.95773785343229,163.5467605338354
25.231780410437704,162.90011023454224
25.50582296744312,164.79759581194742
25.779865524448535,164.61984078740775
26.05390808145395,164.88722189819347
26.327950638459363,163.9586058329697
26.60199319546478,163.9983018230398
26.876035752470194,162.99935978043925
27.15007830947561,160.7847732531813
27.424120866481026,160.38702547816789
27.69816342348644,159.11287213044199
27.972205980491857,157.7462489790192
28.23884744593945,156.50155478498678
27.98774296847617,158.18643771252886
29.87813211152395,157.7970200100043
29.441425917759414,157.19625917170336
29.61094220097881,156.62497573435812
30.570362407476715,157.73325531824108
30.268671577316216,156.4110301255072
29.102384775080278,156.6763674827571
29.73731563885556,157.7457287598007
28.68997034268695,156.5634553871866
26.17098613860569,155.80351045423075
26.932777967129525,155.26587306652553
25.749035482082864,156.57039693179198
26.300013351664482,154.7785482141428
26.808241432689336,154.70771866590917
28.25526236293539,157.7876059767689
26.451181076564392,159.0580899203757
25.993487070421455,160.91442143640924
25.535793064278522,161.8703962219099
25.078099058135585,161.34525139511996
24.620405051992652,162.0494158318371
24.162711045849715,159.6690475215518
23.70501703970678,159.86943086775707
23.247323033563845,159.94254981077196
22.78962902742091,159.59784453558473
22.331935021277975,161.7770441238013
21.87424101513504,164.49737322938483
21.416547008992104,167.58478034075958
21.75339176033428,167.59649189980306
21.599455806598588,168.6846452970759
20.97271971249519,167.30910968609678
22.579795507024663,165.26724145167032
22.591154997985495,164.74464197842585
23.030492225149143,164.71204150615603
22.95327504605551,165.4163373923721
21.184337513476454,166.87682147642764
21.828477490192984,167.25326424693404
20.512789790785714,169.83434508769443
22.726188840559807,169.95847613696597
20.105143646324613,169.39293583014347
23.36379371246289,166.60898893335943
26.15558078941433,167.9460769830676
25.990521952480734,164.53684469956053
24.83363643410253,164.87188606894256
24.378418566272373,164.23800788546234
24.712142393864802,164.53178945362896
25.986168040644788,167.08835089077152
26.569797097563317,164.17695836149068
26.168155427486226,165.8915503202062
26.724177160122043,166.75492900088372
27.579916676695426,167.32742862084572
24.9407642674192,167.28679085422843
24.08723832657382,166.61898627809418
21.25412309938182,166.29184833193634
22.48869320288934,169.01624417856758
22.10713286285125,169.3109864974124
21.128934204328132,169.51641219620217
20.223016450413116,169.27248716720172
21.555295689130798,169.90948570765957
21.6321199342249,169.79277181859746
22.898487511169268,169.83206161753358
24.601811651625454,169.9337967161865
21.897757664272365,170.28843397396923
23.59199407440856,170.16424863213604
25.834138629952832,170.59996735513914
25.38839527011408,170.08305985153342
24.061609132284918,170.22262433045105
25.911045333102756,169.1894465496457
24.177811949603345,168.6191507342353
23.7526222820442,168.91354027979588
24.254600869277116,168.75928852847304
24.930904539290857,168.8272980162339
25.62189510712878,168.85813057596513
22.918631571534927,171.21812045840232
23.000615051687543,171.80217768588716
22.51861916965856,172.51352044311898
22.21367667335067,173.1132055014841
22.688751542055815,172.16231909087603
24.807772817517996,171.38255480414333
23.29069911393042,172.2013046800779
24.370536873128184,171.8439593528517
25.66747513804571,170.18287654613567
25.675171764067557,170.91095126802765
27.084417912831203,171.8584363126022
23.50106603983825,172.7669666099714
22.97212313560916,171.044500345784
21.834338330814447,173.04376669759787
21.771119860007712,173.57310844543738
21.271362195813243,172.56330092933152
20.54815426976852,172.4722787569762
17.600848365300543,172.58210047559263
16.248517800850767,174.62514021323798
20.068716531527482,175.2983240251449
20.29597025002398,175.26136761048411
21.22782126233034,175.01271688208874
21.0272327281127,173.51926199412458
18.92433881678534,173.23197263865853
18.738987078685152,172.4025218890851
22.00363966552844,170.3997803788266
22.909779896424084,170.10995788328947
22.904095511096376,170.42194919576292
23.6130769670757,171.254185904174
24.08855243922785,174.50364250546343
26.578857602205115,174.19367546596743
25.021351292470815,173.78712174375045
25.266075535853986,174.46551712728927
25.50918175309866,174.3595392946868
26.733662216318375,173.3797729135839
27.011756650517277,173.21647851673345
28.595310339264856,173.77505199540403
28.38386700113818,174.18874178315838
27.25194732225618,174.19624489783632
27.60575674672462,173.43552743567707
27.262103146313045,172.78769204083517
26.255594508785105,173.40449609334817
26.134456755364827,174.43415646722883
25.73613200033184,174.89711549268364
28.6042765767756,175.1010787812915
29.884982461840075,174.7978532373
32.17076923308396,174.93851592425577
33.94533382541827,175.30466841433227
33.22084577307462,176.0706678877677
32.748405043430026,176.0418127232551
32.0321720062994,176.35330035275254
30.778448721341462,177.22500349077413
29.18846875755541,177.9981120071659
28.82031823936467,177.19357643540553
28.24724561995785,177.01211495046627
26.801151695043913,178.0015337569035
27.58667858521182,178.3531732809316
26.93908595386781,176.84697660676997
27.665141546865016,176.93580063217667
30.716039562119406,176.70671365357035
29.08426949423024,178.38413627538333
31.342801633344983,178.8995439165444
30.882333636011744,177.94592212441844
30.847326090411627,179.1711269288437
30.812318544811507,179.14776063385256
30.77731099921139,177.7214778268983
30.742303453611274,179.11351666214992
30.707295908011158,179.08267967797704
30.672288362411038,179.05355086790206
30.63728081681092,177.71786940730587
30.602273271210805,176.03204376940155
30.56726572561069,175.70452719665911
30.53225818001057,176.9357678987995
30.497250634410452,176.41049808190382
30.189859061364874,176.85903881876283
29.756013615896233,178.43069409243384
28.278543787268518,179.1408403379882
28.58577860487952,178.40575374210528
29.444726574547218,178.992796295414
28.84819556508639,178.22211103410436
30.43004988830456,176.86827940672546
31.307912963451134,176.70395259702673
32.96876766363395,176.43177518163708
31.718805578923106,175.34804808490517
32.507019451733605,175.61658540738654
31.689937613046705,174.96005816484097
32.27275365306214,174.8642136623798
32.421800361086724,175.16370637522792
32.508338211144896,175.46174537394586
35.03160429371557,173.37527153899967
34.750738534776055,174.1588243698255
34.64126848209308,174.41592181537837
33.60796831690025,175.4815631949478
33.798395517172786,174.9314538059313
32.658737597027354,175.32290046525037
33.45359270630985,175.65394969267325
31.91743692186811,173.87962486818486
31.9528551056437,174.21759871202826
31.882962929509386,174.09636888700936
33.24348329792287,172.7722346262845
34.31986107868931,173.35462779320514
34.496638189187294,172.5157207787006
34.50271958234571,171.8487217125724
33.877328037134276,172.42099203622533
33.435340789461996,173.64598692471031
31.73614991254153,172.72377302005722
32.91096491553168,171.23843487778538
33.021642909966914,171.11729175330933
33.52654702219506,171.10884675899993
33.013067291514474,170.91065786040656
32.97018267856553,171.2877794430009
32.802677968223385,171.13171303269885
33.74187028617304,170.33084943856718
32.03885059417121,170.34802952248367
33.284483950044816,169.30346523564043
30.266980782256564,169.16213438815862
29.406189067573738,169.73916167346647
28.313065137493435,169.49166737125725
29.329630729806055,169.25578060665063
29.97379558050955,169.52611076762582
27.89489471918203,169.49757284361488
28.332773916678587,169.0501633271097
28.18578367706316,169.1855097093919
27.933244808681373,169.76232745846926
28.780365303268578,170.1402785670182
29.120638124969297,169.63698698690763
29.923917790855338,169.7593794039185
31.274903248217267,170.31165800972914
30.792267972062746,170.60905339060167
30.66453192313884,169.86055832941594
27.877537959497626,169.6743082545652
27.15111531847738,169.62336253381022
26.50803731402997,168.9696728327119
26.311376386747817,167.3149722462726
26.707894260997982,168.90559533809022
28.117223222586595,165.37449028996465
27.80734170725651,167.654369070199
26.157460335318678,166.81333611630862
24.187264235652986,167.59204751556854
23.452528837112247,164.6794410338862
22.821367394581202,164.58163961707675
23.112476050709247,162.0778463416159
22.785423199544216,163.0369880501405
22.458370348379184,161.8822396151464
22.13131749721415,162.1510232844103
21.80426464604912,162.30388778866313
21.477211794884088,164.58973581568688
21.150158943719056,164.10915707315237
20.823106092554024,162.3484433049692
20.496053241388992,162.23632506948908
20.16900039022396,162.1043641263309
19.84194753905893,160.02306935400335
19.514894687893896,159.6284606978112
16.55633688910668,158.65295021389875
18.90137190816312,159.6289757387315
16.834107894368653,159.82261606865325
16.521698582208906,159.03041376264827
17.54259443944227,158.40288765155884
18.281215073961885,157.6120259503739
18.531747281294173,159.1225849708214
19.60384962562938,159.5628707705274
18.97662719628984,161.1778250802646
18.620552639654576,162.11328275385623
18.131584297500996,161.47965959684194
20.422047848498547,161.17375916874644
17.54898785815068,160.43245464142888
17.677936538818596,159.7592304068107
18.24027075770257,161.29322455044326
18.04266298062808,161.6674241943438
17.707852160926926,164.5164386725371
16.666625541345052,163.62338415052906
15.898518288844722,164.21291545280968
14.646236499696643,164.73913568772042
13.693421585803177,165.5433090570784
13.82815754098673,164.1561302818603
13.064067300582108,163.50322984543098
10.962925678356621,164.2555292680847
9.443025045161795,163.74723695036434
10.537041414211263,161.9513583265245
10.395009750344522,162.0208836240341
10.678355535725837,162.19045271888825
10.216372815291358,163.25983756589446
9.86282268757007,165.86921775644933
12.371132702828062,164.64338066727046
12.01094888572097,167.63678228504043
12.740639545645054,169.29209793771287
14.665377407864318,169.2901675910838
14.152945318879453,169.55499909480088
14.301216519337869,169.77255632712198
14.231247050126678,170.96356149784967
14.250940414033488,171.31968927510138
13.952907733644896,171.36393205134218
12.897937340808111,171.5287422151021
13.590278031844617,170.7880589818016
13.682655406589571,172.1556963092773
15.259206467748466,172.394488494419
16.770044223498477,172.96866703923138
17.985252529796835,174.65033920483305
18.108346799029857,175.50260007264018
15.830488005204689,176.09614743920483
15.417382449721217,175.72801083341858
15.07306419312721,176.2132666639464
17.267303746111207,178.55562358402662
16.85638927215577,178.59130112963615
17.02956688919487,177.83182855635127
16.351451446759636,177.16245923762537
16.719145760228773,177.04086517327573
17.510361359019086,177.78959074258805
16.343664683842242,177.10570130791814
18.152488194384325,178.06508066316871
20.178959565515058,178.47810980486636
22.01337157913859,178.9810149648697
24.56747914605668,179.6741749012764
23.960144098661868,179.45802706831705
23.35280905126705,179.583188306431
22.74547400387224,179.70980816978584
22.138138956477423,178.12095663430293
21.53080390908261,177.13730584933637
20.923468861687795,177.04346864125316
20.316133814292982,177.01346590472443
19.708798766898166,177.22827046243503
19.101463719503354,178.33752204553693
18.494128672108538,177.45332674822882
17.886793624713725,179.24632697493993
18.76174647053882,179.241493202248
17.840010204374106,177.31905982801018
18.827758747642676,176.89118054859992
21.18741743829366,177.04528627653764
21.451914157364552,176.46746224551887
21.296314055235555,175.98451873312433
21.596434713105083,176.21579227362068
20.474944143769264,177.0935987000759
21.610373655924533,176.54660903321457
23.715856837038444,177.48120614548685
25.79661940301521,177.14669587812858
24.308150999240763,177.25894930156045
23.21158116666917,177.59023240373128
26.811804995192222,178.31193316276062
27.135268711033294,178.45081583330978
27.30615784679931,177.1023219296893
27.629864280521772,177.04231156707755
29.766200960805683,175.66190276016326
27.859553238335725,175.821311313167
28.346604622728318,175.41343792812611
29.6541833507462,174.9778021562443
27.205272251310312,173.98584260668903
28.114574176742366,173.2793157851594
26.57974597519114,173.93043228670408
26.72522282938704,174.0996461734285
28.310356440127894,174.5419796896999
29.60809953532743,173.6673525731066
30.83370225644151,173.40520279840518
28.568241282770444,172.88988972303247
28.956498874777964,171.87962143077425
30.77559216424875,172.23703278382953
33.42039055298896,170.98202654287746
31.261167910434175,169.926538647005
32.470330159224645,169.99483115434137
33.95297763657385,170.1008846423539
34.42860540015918,168.98709053472967
34.22807778890632,170.65614190449804
32.534221809576465,170.99474071500194
32.34248558952904,170.9342173432231
33.74055282928819,170.491041964158
37.097685307077676,170.9275021082478
36.876768481776686,171.38901532666688
37.70178587874529,172.58680444723475
34.681784173984326,171.4050838338265
34.86098730237308,172.670412551966
34.292043855702246,171.56894464025962
33.8599827135881,171.96104786215486
36.2905259812932,171.8703485544744
32.41743722216774,170.98161450019296
35.09832324124572,170.61822136027908
34.405135401466545,169.93837513377932
34.19081164319459,170.43074127850602
35.49559461210245,170.26474519492925
34.278840616999624,168.8743035747323
33.66316221459871,169.69363127364997
33.359994620480954,170.97344236631344
33.14622990236827,171.14146616931944
32.48498317152306,171.96255686320944
31.372730082202644,172.6896707341342
29.669392773683217,171.10737746446748
28.416189056190987,170.5862886861773
27.993112614385392,169.35461585611506
27.727642572573306,168.69245353446703
29.0348190721581,168.3900884781943
27.302955537055123,169.16089136668504
26.684135113338947,165.9150000350628
26.06531468962277,164.95105061734847
25.44649426590659,164.61424008934657
24.827673842190414,164.97999250804048
24.208853418474238,161.2192607659998
23.59003299475806,160.56111432349948
22.971212571041885,160.32442485947251
22.35239214732571,160.9728096825491
21.73357172360953,160.0070153238912
21.114751299893353,159.92057394979568
20.495930876177177,158.68322368077006
18.949276342620845,157.0302065023377
18.680233229833267,157.8073240268958
16.45100407548245,157.9062753503258
16.32579830868155,158.2991104789022
14.76361518805349,158.25060405300036
15.47630632997717,158.485106222747
14.06112936227497,156.6696146523221
14.290716895807494,154.88069918707646
14.503390710836648,155.08673450873118
13.83536027246598,153.50633823732784
13.323579461933498,152.67517290910348
12.536847280865075,155.34528881229406
11.048383122465271,154.6036813434307
10.51795762083938,152.5881008802012
6.622790027929409,154.3796436497261
6.858174409045935,155.84727678252455
8.38498147220517,154.99399138003008
7.935017763356654,154.90557114226513
7.4600354987538635,155.2940064802468
6.39491450231466,157.57556397880114
7.1670047425942025,158.41201812561684
7.234271944030448,159.24748910033426
7.494895267226412,159.88576688664998
7.503032867554546,159.9808213924765
6.239051597880005,160.5687830835348
6.175460331852929,158.59392606784638
3.6928931193535752,159.1165521992109
2.303489202119252,159.1267644161119
2.1548023475118554,159.080550704532
4.875175618235888,158.5553874348611
8.262690369570457,158.60734049343347
8.230562306028943,157.80879536348317
8.42105718203515,156.79178831399562
8.134058564503933,157.61682547588623
8.870827945828545,157.42484538663348
7.682032562928148,157.12369467365033
8.164653925372903,154.2425494518905
8.757704024812277,155.49106463371183
10.34203860436326,153.87402429885944
12.152758219873657,153.78575006503874
11.772918795972565,154.08240315944738
11.562759561899703,154.21191182827377
13.299653509920292,154.70665782699612
12.047626259549551,156.85685367898444
11.636009824265404,154.91042225319728
11.720086370792224,155.9837215260234
13.341876414476337,156.353212784655
16.90704596083298,156.44465380719927
18.2278800869713,157.35979769955352
17.63621623813669,157.31283705259565
17.066700708862307,157.7618446344583
18.037923909870106,159.16146437221443
20.21031709864954,159.02751316292284
20.90366078509054,157.76744653242247
21.81065910696775,156.55751543052918
21.046018725933962,156.87010682295545
19.252894076345147,157.27075680700707
19.574122256056402,155.04079455971865
19.804118464804166,156.61581969466064
20.08657649849288,156.3826384908563
21.202161974281953,156.58896113387192
21.652576770780865,154.48254014196297
22.70658711610597,154.6775197778579
23.200942104506314,155.8084550573998
22.243104177119367,155.35756211055917
20.990705999813557,156.7929092812706
20.8818591937943,153.87785956621457
19.9575495921457,153.12643631562526
18.41810532760907,154.74066547899952
19.759461560250017,153.95948048134713
17.976851292268712,151.1586501215528
16.958823602665568,152.02898127484252
16.344014248771366,154.1426623275791
15.628205257370086,153.11007463392747
15.11091151850491,151.75281447780333
14.913943896594722,149.68572378728376
14.445213691004835,148.86245058568144
15.524528757568525,149.1536678881328
13.308649871236387,147.24723425705452
12.950882567915475,147.67892793304298
12.926115016932355,147.68155131288168
14.987486827487439,147.9929909077676
15.718348618492493,148.93196731348007
15.900061676164974,150.55951161313558
16.378255470178274,149.93672234837803
16.198279573205713,148.7670492533535
15.202407468876832,148.46027822028043
17.23423142573395,147.96027300848587
17.330154896358398,147.0250656972791
16.259226489283694,147.93080996444863
15.829578356151702,147.89571600985735
18.42691942442701,147.87887352125327
18.114295156403116,148.87894185595874
18.11489805997166,149.70849795830617
18.26186005930124,150.53513014056102
19.996016247538428,151.5340858844407
20.34715838667868,152.00150011541191
18.3408628150112,151.4938932256622
20.665834038826524,150.68156716531627
21.944815103285528,152.0082508471486
21.20230211822997,152.1734087354487
21.31603240402904,151.94423456196296
21.688458366241605,149.93182342630737
21.68630899373974,147.57715160724007
22.21679166136974,147.40332997249374
19.969332112149296,147.5423151383541
18.626982144593622,147.35828256281792
16.456406182090397,148.96233493154415
18.825111015043092,149.5415930393422
18.77223752564445,146.69995542934558
20.450262709242434,146.1109907221026
20.365926571461447,146.27028870075893
20.464878282419598,147.47245294085874
22.192457192051975,146.36676614428293
21.76241545540887,144.1680454674339
23.11262265138998,144.40461477798237
22.87487286617798,143.32705368830128
22.532894569309207,142.06422565627454
23.032354680926545,139.39373368895866
24.245974042251184,137.07564956060693
27.195801332615098,135.63476426325866
28.685932081602132,136.12688704423869
28.17650367707882,140.41558291422305
28.714960585717616,137.21265716604876
30.807042642924376,137.19434824816588
31.357073249098402,137.1404182623271
32.1731049569788,135.6124081015903
30.407224010838103,134.08622472073486
29.42210080496443,133.66404400041043
29.09102103127317,134.50716980735388
31.33711220675312,134.31124109910962
29.39983336736041,135.93637393818963
28.882071062563288,138.09323379558475
29.318467897303,142.74397194343246
26.631557280188353,146.27920642880082
26.53994365456442,146.15178357921897
23.261573738057024,146.74531216925507
23.42990316317567,145.44444116875687
21.473998388479767,146.4397634663303
21.17363591945985,148.52579754121447
19.143771524117202,150.59184092914728
18.543477684041143,149.52930481224072
19.947552622068233,148.887211668816
20.862761890405707,150.23304711267002
20.378590342241456,149.15699116805658
20.982137242442462,151.89725391912845
21.46107510618508,152.12771336781177
20.742062042701306,151.53539858833105
20.412643046496864,153.07789108652682
20.531018971850973,152.98832974215497
23.627917313447234,151.2661524799483
23.799132881987052,151.08461815998294
24.337287883194282,152.93225544794825
24.392537166248836,152.16973811275875
23.826505131672906,153.22352866453417
21.996855429307605,157.12491230695107
20.79195073995347,154.4854224077717
20.325143496958795,153.06643169562975
20.303268993381295,152.73708665256325
20.111870878034864,153.7559306243295
19.041353565558914,153.2635200077414
18.796127098562902,152.60678562979422
18.757470618414594,150.35321328935416
18.947838313651975,150.59281539751095
18.583443977405437,150.3069169298486
18.15430059374027,149.17590235957874
21.53282498258029,151.39977328121049
19.803179819118515,150.59247945737903
21.516744839623207,150.69604932094765
21.70896750901287,150.68050152233036
20.752843578243894,150.06515829816232
22.2178876644208,150.49001803864735
21.157246702273444,149.58847912225437
19.697511302112314,147.63490696017732
21.186300331756208,146.60549424143787
21.208934508192556,146.35326570570348
19.892024743039023,143.27229369993546
21.512025377578137,139.1283588364094
21.561614046717427,141.23437563539846
21.708015430300946,142.64592173543477
21.78044634627525,145.7724394138855
21.85287726224956,145.42447473528884
21.925308178223865,145.6243600539352
21.99773909419817,144.46642442415688
22.070170010172475,143.24454189573828
22.142600926146784,142.5035907276224
22.21503184212109,142.24684911775532
22.287462758095394,144.85483860446493
22.3598936740697,144.67411016436407
22.432324590044008,142.5837347598964
22.504755506018313,143.29574347967718
25.945433112940304,145.0624332460368
25.271090493129368,144.43111325324153
27.20099354274397,146.78387670119145
28.215851402111895,145.05222989165387
29.378069601782382,142.07234812772734
31.35449116680286,141.58259622710636
29.87950446089322,141.19422983813155
30.368383318689755,142.01268432892812
31.979971002326263,139.5538371385868
31.558768778396647,140.66322271612827
30.220631582618903,139.07844908859997
28.538570123602426,135.5415026649208
27.74183752824552,134.54552754716516
28.270041838702376,135.4827362388065
29.18641006124122,135.80737994293906
27.768468185261813,136.10031909964448
27.988113533537533,140.92405073824642
28.399617245912687,140.92017634611895
25.636392454274038,140.0285445390605
25.996843439161307,141.68189371009447
25.6605706428123,143.2908886667172
25.01142305799722,142.57719886826322
23.80371182082691,140.23270322924185
23.814412217934926,140.42026899809366
20.704991628693726,140.02321327765813
19.845415941385642,138.96833213206517
19.34963431633042,140.43335034978222
19.711991868824054,142.92203260903526
17.467900755670755,145.83323856196188
15.088501616778878,143.9097492128733
16.24246590765241,144.7327653712091
16.075182830899955,143.09479804721894
15.780037024092083,142.5804570100805
14.048611498526343,143.93958943676074
15.441204253913167,141.51717908561898
15.223671378590966,142.56816149720927
17.315447705170335,141.27517469985105
17.322861157938686,140.53479785965703
18.22438169395108,140.8804389400955
18.04919172876684,142.95420046171333
17.680918666020517,143.8092182765926
16.055320847686257,145.49055718235778
15.766239655559156,145.0731291360479
17.32261539168769,144.39391680457751
17.426481792219906,142.77521550618954
16.673254511681368,146.0733991251279
16.582752697733532,145.03347181398655
17.461828563300696,144.73342893796197
17.176256258080137,145.7722655065964
16.635652678705068,145.0783363934521
15.87070766815309,146.3881336623337
15.071432081973786,143.8989920946982
16.258265058985312,143.12411205671285
17.451202351479022,143.3808660462954
17.924799360066,142.13633725429145
18.120258095117826,141.51011227405561
19.139365656548986,142.14367976033415
20.20928746183556,143.46144321701425
21.276573778643453,141.30515128219352
21.22083741048512,142.18432948199845
21.19194981029302,141.96111922659318
20.56024840365083,140.5319735012891
22.318299435740855,141.0724293041015
21.986213467873192,141.10975157654053
22.367502674493913,142.06928561927245
24.706527946948277,141.05530276885477
25.479073373174145,141.29986049286
25.907987637343318,137.68011963166532
27.306032884418,135.83399638451033
28.18422021658677,137.5029180403083
28.8527968156525,140.13997052175634
28.50133983302356,139.51599401640829
28.149882850394622,143.23625090475088
27.798425867765687,141.4427119666448
27.446968885136748,139.4784804826786
27.09551190250781,136.26655045940706
26.74405491987887,136.2479951694244
26.39259793724993,135.42132938699197
26.041140954620992,134.7235458592386
25.689683971992057,134.995340428939
25.33822698936312,135.97791912792977
24.98677000673418,134.78148841575978
26.5048490751411,134.0895180009076
26.316474102691924,135.81784544579756
28.692593885736,135.70449800545737
26.96278676534595,136.20211209316696
28.59545656157699,136.61576728745362
29.404322675197072,139.1160785695344
28.739419400655372,142.06150852129082
29.407772933818347,141.6577355324712
30.840205867699524,142.70466054162713
30.52932501022308,140.63041041241846
27.855621925090077,140.20031700991734
27.199204679876235,140.95396188483156
28.236979387319106,143.24035165748992
27.159298483977913,145.1466477855025
27.82972531030304,146.65844532740041
28.097503310961486,147.06492504157848
27.93811393634836,149.02236284817735
28.288595663030485,150.178341523581
29.12628518740059,149.1685257647374
29.02886620771524,150.21179263598162
28.93144722802989,150.59924243238592
28.834028248344534,152.0644356846672
28.736609268659183,150.9236643390679
28.639190288973833,150.90411179907684
28.54177130928848,150.82369666853927
28.44435232960313,150.3625502599098
28.34693334991778,150.93307585328887
28.249514370232426,153.64868286055335
28.152095390547075,154.39436407580646
28.054676410861724,153.97973282369742
28.30002373145823,154.01898318301636
30.449906787567812,153.27265252986797
29.699614815938155,154.00199557307496
28.287506279804088,155.3883629596611
27.47311785509961,155.26953328114902
24.754428504601865,153.31496355208745
24.350856389174634,153.61030169715463
24.054815901493033,154.8292426578235
26.37889415697705,154.7824452351345
23.648930280541578,154.91703649210157
23.575582138507013,156.24840652896515
21.716652542180846,157.45865530554045
21.742011706360376,156.90073191697732
23.434745692374005,158.31178748052304
23.33284158001717,157.63314213848
22.535253900046406,158.04146781898444
23.89519970148529,156.02380321073704
22.10545131742677,155.57255759779136
23.076174625034646,155.29477415085262
23.840374329180587,156.1859575159499
22.63934998734394,156.0461177914941
21.50151354496101,155.44293303375406
22.679312327798293,154.92179210290516
22.295847243046396,155.4354711121978
21.210416310505305,156.0778087273209
21.671026881564327,156.08851947892404
18.843956140647688,157.05124263823814
19.497760859911512,158.25404874110947
21.204161523738247,158.16703735092506
19.34844729472517,156.55982568424355
19.97470507718536,156.68989990186762
20.263819038012016,157.56043723361734
16.667308848030686,159.30893052083232
15.225105171029861,158.08764087160765
15.740859543193915,158.4250051903002
16.25661391535797,160.71311762527532
16.772368287522024,159.6513400100111
17.288122659686078,159.67089843880365
17.803877031850135,160.53867163342957
18.31963140401419,159.04910723559502
18.835385776178242,158.89297938082586
19.351140148342296,157.75051137155202
19.86689452050635,158.26214430904557
20.382648892670407,159.16049493160028
20.89840326483446,156.24775896597114
22.955346467395408,156.92989956718594
22.867750922317104,157.31175764831923
22.49272170399597,158.50876333389684
22.04701035604239,157.467772851822
22.41990918397973,156.17919847067992
21.28895756277769,157.14590266675953
20.793702693559744,157.42324840302902
19.713689598594872,157.90905575540665
22.078174157041172,159.19954550175657
22.115628163365393,158.27166403265386
21.69542204000058,159.69799185442164
22.05073483926177,159.3176562280016
24.1446364128266,156.72258364967882
24.470324658585316,157.71873564580065
23.789077710639553,159.4186375953221
24.956629646398245,159.08397288225856
25.691328115059804,158.16247588896726
25.55543743167468,157.3521893645261
25.958302192345062,156.504068180674
28.047258656112483,156.59799255731807
28.103021863685413,157.45750706037444
28.757079819266032,157.22954932100208
28.70583159072052,156.17078852750006
28.062238102400297,155.70881451723963
28.296390024052325,155.99730767954594
28.939220072754605,157.40998110817407
26.47041364935766,157.23660587723023
27.130593705361342,157.38279578066528
26.40735917184172,157.7359567081749
26.113310737503284,158.13682138728674
24.545310522306494,159.65479148480776
23.517250852667406,160.00388234433808
24.44391256400648,160.38459818691885
24.633018808158,160.39449700570506
27.536817195416962,159.54683065328572
25.798759361342224,159.1200796622787
25.251250801795475,160.54207051209244
27.75450624885316,160.34104223005713
27.843778336563663,158.90797575487247
28.661406519973767,158.70164501103406
28.10039331120949,158.70567505024295
29.832466790127185,158.26407102141005
31.96859333020114,159.09016171188892
33.513280760615274,159.29543375654976
34.41568575901587,157.989310222524
34.9260863730733,159.30809431147833
34.51646339941853,157.92102785140975
30.923062073418514,156.88898364855675
30.243760900443927,155.73454703617358
31.148104322138057,154.49767694950597
32.3550726757528,153.96103589413667
29.852510303547216,154.31803387125973
29.069543192606925,154.8880842057372
27.338126943165655,155.51582298806792
27.784962226077113,156.08285097415046
27.832319206436054,157.51704587171525
27.494975290908563,155.44131991708517
29.8389080874239,154.72094164541832
29.033349146621795,156.0834085297204
27.31522614535138,156.0009612769964
26.373460476856646,156.89278602005413
26.473189011923907,155.40192496521715
27.888540946319804,157.94990938371706
27.164482493416454,158.23227887783906
27.426013687205792,156.76377383164223
25.00791495296253,157.8077035606589
24.225050428246224,157.67228487477175
24.546584510399885,157.98771661798625
23.132941854480542,158.47455297025687
20.646774990921294,156.38564533768687
22.746574211679214,155.0389015437474
21.527807439634522,155.17849958284884
23.21478751693361,153.68447683531812
25.87840948322039,152.0344187056059
26.367154025035298,150.76979171300582
26.60329210517423,150.8205354925054
28.251582023157194,150.89692560133122
29.385785308792332,150.76035526481894
27.1514924122406,151.37729296047192
27.77197101490096,151.66619058272633
27.379645216914724,152.50280115708688
26.25911984249184,151.62582774536543
24.444643591297943,151.6709639278242
22.35300120969194,151.45494709929548
23.907680597126642,150.73666261027478
23.936736299643034,151.22947915328223
24.612320119622904,149.95145979788705
24.91928813848112,150.48236014659113
21.52815404291318,150.08098344011486
18.12781440523062,150.9769388873601
17.661052570490092,149.71755981483398
17.194290735749565,149.868965669851
16.727528901009038,148.43412535836913
16.26076706626851,148.13673852037516
15.794005231527983,146.56991622430945
15.327243396787456,146.53683917486777
14.86048156204693,145.56109660739088
14.393719727306403,146.08341317534226
13.926957892565875,147.16402819569117
13.460196057825348,147.28437043153576
12.99343422308482,148.0306524994301
11.659880024422081,146.87823917662655
10.37608436080558,146.8907878464629
9.001111112833867,147.29709267761572
8.461954652545616,147.2326244918123
8.399534853496018,148.17438380298097
7.9051112920073,145.5202299496585
8.500470523961933,143.6556773018449
10.045551785827096,143.23896868029553
9.91043804987286,142.44447841076646
9.90507904033469,140.82245678720713
10.539743991620178,140.46634889386948
11.285481597162725,138.66028570919727
9.738766861871225,136.4458247788963
7.398775770748205,137.95214117747292
7.3235141452493835,136.75689914566755
7.816673596044714,135.61582355122982
8.309833046840044,134.11554750644035
8.802992497635374,135.84826320599583
9.296151948430705,136.85289539401495
9.789311399226037,136.82077922800931
10.282470850021365,136.8713182645541
10.775630300816697,137.65096974118023
11.268789751612028,137.5098549180844
11.761949202407358,139.24538687913252
12.255108653202688,139.60153309514916
12.748268103998019,140.34152588620125
11.914763047927483,141.4319787008527
12.726755364879539,139.80875978100966
13.469775841288216,141.89326551889596
13.413888220559757,139.12309669857044
15.204945664718233,137.9930165927765
14.65018252865423,136.42829455126008
14.12980216582753,138.10635071506016
12.2218029855946,137.50345441928673
13.036645662782574,138.82888227340447
12.786964309772575,140.23835928520504
12.999301104336347,142.80493745077268
13.211637898900118,142.8624030516536
13.42397469346389,141.6590371859173
13.636311488027662,142.07319552926472
13.848648282591434,142.09578172093654
14.060985077155205,142.36985055412168
14.273321871718977,141.34845136408998
14.485658666282749,143.49291574875517
14.69799546084652,143.4183075868287
14.910332255410292,142.61110562790464
15.122669049974064,142.5783313281979
13.997903508693032,142.5883890824838
13.588583817891065,141.70540026970926
13.46636831747403,135.76265728476957
14.807717763109531,134.2408021268464
17.48748875326278,135.25177298302074
16.856334230726606,133.4101125313517
16.399845173301422,131.32309145115397
15.279738666343192,130.84927902398528
15.926646534221533,129.5444563832509
18.598673702365275,130.66904607252286
21.06276610378314,131.21210420262605
19.609415402398593,129.31385804484248
20.569780191410572,128.57216947832444
22.5020339512233,131.29465435441298
23.2235836708362,129.34341383599883
24.331532738926114,126.21635826269853
25.59375747977407,126.9623578005981
25.829895786717195,127.28050120247177
27.046633684872212,131.01745686306464
24.69407062994771,132.1716555696774
28.445474282167226,134.21429673582318
28.02277118936881,135.32022559816912
27.25236349915346,136.06724115152693
28.013676614572578,137.48133426506777
27.047054165281565,137.51029609211355
27.414176368523126,139.07563279801278
28.692638924998796,137.26626701052422
28.204929792702107,137.77261565557382
29.152989964618442,140.2720424085206
31.372629571757553,141.4032981819159
32.11158890967743,139.5881007843546
32.40171870004819,141.8261135203077
32.52840575655014,139.5814669635506
32.87412483413087,141.6230907646917
34.76985716530338,140.19497816082293
33.86984195033315,137.2369649287955
35.81513301270152,139.4411156936196
36.90737985524017,141.17765701161056
35.88290283242853,140.19463028836842
35.02090149971736,140.31062559843258
31.15692163908449,140.5743197431413
26.76839526812646,138.67501425613847
27.636118104324215,141.23503984642062
29.565850660443722,138.16013153670184
30.68811363736543,138.68418488768083
28.005084734256624,135.5738456894174
28.697425067827357,136.71866438029534
28.48559232530752,138.76998227848455
27.65785206477416,138.99547194630412
25.373019750178084,142.30443001565365
27.34135271847072,140.71928978471354
28.506521949639765,142.9409196078019
29.276064070867207,141.0297689692587
31.44210615927237,139.45572494157767
33.05458656634065,139.49585494348676
34.092421637847245,139.38220029392147
32.16102159858279,140.06816467806397
31.20934252549516,142.94136879164805
33.63794067007018,140.925515187468
34.93449256008604,139.40014249903186
35.70095847093575,137.19951827007387
35.31824655788979,135.29299846742606
33.94655444616612,136.67825348283642
36.0508655533965,134.48602198425172
36.6773116376491,133.84805015664304
37.96072965062338,133.64950145508828
40.56876029632476,133.02904178448614
41.61678937851602,131.14596283963465
41.12347714742507,128.7614769590124
43.66032772554318,130.84146676325832
43.128075164515856,127.71192298498434
43.19068822839059,123.77190663413101
43.25330129226533,125.54876416268277
43.31591435614006,125.96395406460051
43.3785274200148,127.61577426842659
43.441140483889534,127.06748966526128
43.50375354776427,126.14266300477342
43.566366611639005,128.28165029005365
43.62897967551374,126.46865519335954
43.691592739388476,122.84557937457521
43.75420580326321,125.25791352120488
43.81681886713795,126.79173479043173
45.4315340616986,125.31963023634634
43.789133716911465,124.9794528556827
44.14688744923264,122.78262942346846
43.85282665135062,124.96205334956981
44.13498720019383,124.98473131237539
42.84354189854511,124.07382229478571
41.7856474149613,125.9416849703276
38.670382695968286,127.04658977188816
39.66848869225838,125.59500977356083
39.57304755354189,125.54892547866034
39.88407231397863,125.34139857298169
38.35681258078126,125.69429811088186
37.35293468195785,123.79494036364277
35.631348067107155,122.12834127659023
36.925586831687106,121.72715901737072
38.058976643783886,122.63920148672713
39.82796981534947,123.78830817557962
38.62621802960012,122.26558113092703
36.02642991786845,123.69471687465088
34.87043633242613,123.01790728518179
33.81603219002737,123.7346221554124
34.27836044576566,124.13317541551953
36.016651769616615,123.65500548454857
36.67745981993969,122.58395232142058
39.29571567602055,122.77284289645429
38.59300527078541,122.75171001379383
39.8242357354282,126.46547688622904
40.86121107626797,126.10394143346117
40.36027486499354,124.96154442357013
43.957373712243616,123.37410673289703
44.19079483591204,124.25527603502874
44.43714120771456,124.90385468249322
44.061227216838674,125.70560046068844
43.80429149443185,124.37652448705069
42.14108633726812,125.34303582837289
43.02351254790258,126.9143199599412
42.02374222489909,129.66361062058064
42.702848590837746,133.1925769891524
42.10759346896677,133.95551539067606
43.62860174449195,137.38125766252546
42.37787102531529,140.6956784675979
44.56292539707838,139.01652174187188
44.9876797407946,139.73380737375166
44.44972829996679,135.78326780338796
44.97303965552645,134.63894735897287
46.791298766870554,133.67174535506194
46.752921716911366,134.28955964279527
45.59149821048325,136.73608455662458
45.466911197910996,136.4027396843367
46.55475850117808,135.0356358531717
47.029767210546616,134.6232291901468
47.14507960881356,133.53503576567496
48.83581371440018,132.93897379728475
49.54667518307898,131.76124881618134
49.035219345857726,127.02225218057868
49.26307004959904,130.51448410853217
50.410475145549455,130.97839063348556
46.569815630801784,132.25604312604708
44.300403463077004,132.9191373358414
43.38795858329112,132.61980410218476
41.4180988976546,133.41254692932762
41.13489392813052,131.25817012278458
39.83354475744408,132.83034241614078
41.291160205262344,133.52761747310655
40.99458588412256,131.6528059844864
42.87943906025446,131.29504866088246
43.19431651048205,134.0449465625705
42.112893338688956,133.14563642641102
41.1976053212737,135.35493699266615
42.51923909933446,135.01716365896152
43.4239741137115,137.140248161867
44.55618869546245,137.82167170184508
44.94573100206326,141.14137276813696
44.988402556164985,140.80807452339192
45.409697910911596,141.46500207662442
45.1356633810168,141.4132661628344
45.221974577439326,143.1236146833379
45.40329130407254,146.39898476873668
46.27556105565667,148.4294558477514
47.25178147812841,149.50433644690793
47.02383842582016,149.5400177816795
47.54157947299531,149.12138192565047
45.64642201730995,150.26366715847215
44.763356575418484,151.39902143741674
45.63038343352727,150.7755587731273
46.399200512335895,150.12872211989878
46.02267714262174,150.49173237081206
45.95833983267583,150.31073486856135
46.466488400898136,151.5592452612038
46.6506686473537,151.40690669736247
46.682399366518425,151.3448806673062
44.01514007362391,152.93077852428698
45.93465651381895,153.40436555228823
46.37931137787619,154.12310907051568
47.2810760061192,154.190659506756
49.39206797915588,154.534735976837
50.71989404619668,154.36221656004267
50.05228950141537,154.25544773604923
51.94609252149466,153.03791483195633
50.95710242924014,154.87762068585516
51.09310628084331,155.31590922518345
50.40250524690646,155.2874929010232
49.08986351391582,155.75919065685903
48.39228687045591,157.3998239135144
48.36076936265158,157.50606421820387
48.63803797103038,157.5686326414709
47.44742792177025,156.85569832940837
45.49668322262582,155.2131990497337
46.72966307063094,154.40667536353695
47.57738723108222,153.45402275787382
48.507112107825755,153.39468368342415
47.46393918266094,153.54701760060667
48.65799736532705,151.77174157428712
50.52899367981639,153.0966461976754
49.392371949612226,155.03930656258507
47.81324731357343,156.6472320331287
46.833439684736426,156.92197371513626
45.26082656197056,157.07584520560388
44.967090049146734,156.64394474694222
44.26366078808778,157.20771000540628
44.724390544850635,156.45047562878167
45.77497472395229,156.1874259881252
46.66448408765483,157.865776244616
47.48129898749663,159.22526445632224
48.56451522908226,158.041238721237
49.57941063537084,157.55237738123583
50.93502562857923,158.05956012524766
49.08825947408669,157.84745621784145
48.079112777094785,159.0035431005934
48.84372639878769,156.53503683195038
48.66528460191355,155.98753352496942
52.15651150284292,158.50760302540255
51.80797667002971,157.2943976208782
50.72154139869334,157.8584037008835
48.354160585022974,158.98007048718148
48.6256407666299,157.87410314265384
48.73638309397088,158.3771693416262
47.28302452075304,159.9004243037532
44.934844685828544,159.2416909410739
44.919416412520356,158.94872463928996
42.87232254700199,159.6353049695344
42.61713989742556,158.58851365146015
43.68000553527968,157.89113228496197
41.99553575515275,160.01874576573198
41.17849489927244,159.9777136225172
40.267123411846704,160.64499701804334
41.96226080135433,162.1137790133051
43.694601742766004,160.0874861937335
44.05282575619884,159.870058854145
43.77296693774972,160.17036905082358
41.86400555046987,160.12608227955843
39.66375973436223,159.64915623328753
40.6163293023812,160.4671999944967
40.25440498568811,159.07769099793728
39.98308539626805,155.69828283666985
39.96377149100573,156.06946140746686
43.24774296178013,155.20158877225583
43.99070718178687,154.30925977738806
45.11106810177569,153.0295594448411
47.512668809584085,151.5469095844652
46.98922306862521,152.14272961193245
46.90762884643696,152.93770254557109
46.300096178890335,152.90603033715448
44.53966073771083,152.39653794027132
43.427517190134076,152.24299236532545
43.68102664968545,152.86547799996487
45.1213280123414,153.82272637302353
43.4172577067081,152.49238654560816
43.728591461084804,150.70422053899094
41.94232215489361,150.06847674171894
44.29067874811941,148.59851228969887
43.37127334001432,148.6676818637782
42.97749507622221,148.0971050492507
41.27420250355377,147.50548655399265
41.14196052025936,147.49000740664962
40.91169560988215,147.91871489892463
40.02869655797777,146.201638863682
38.3364428274326,145.9782267466608
37.31358686947248,146.77072077063767
37.12895540592042,147.2748341219207
36.27824800751669,148.3532338071229
35.922613334793105,149.16271094693894
36.627607684482285,148.60525642294277
37.33146620169585,148.52490528044146
37.635708123682406,147.3959548575058
36.35951818806987,146.05410609358356
36.90288483958289,145.46296811413643
37.91959640944433,144.30502064669184
37.83208941324471,146.12765235368474
37.214420073150315,143.58078869162605
37.45021577526604,143.8613582277311
36.94676834051423,142.78011948049726
36.53349555261201,144.89790907589742
36.63289741160128,143.8248574731534
37.56625352626081,141.85422685243802
35.328586836893315,141.80507025111572
33.58392925314955,138.12534527122344
35.92281253595386,138.2232264288299
34.60009905680704,136.34797164606672
35.66978316917117,135.08614149477714
33.5446943061336,134.08158786896502
34.03597781700039,134.01985146457733
35.03109635533124,133.89636759444005
32.69539026519704,134.55056211596448
34.466480645417754,135.57863885914108
34.21411521446855,135.73910667863888
34.322090160684645,136.10584055502363
34.32937031669233,135.568864356955
32.26953503533951,135.31519038218178
31.12156244190684,133.55213753302243
28.361218613140526,135.11317847632364
28.27049981786833,138.7481859558252
29.53405826032616,141.75213970103295
27.196563617774117,141.18624210204578
26.875149953572638,143.5650065238285
26.8069410397694,143.77520847268275
27.221110544942455,144.34722253621945
27.205588533240388,145.5130909443603
29.59355650410066,146.76907785566033
31.757314572269024,147.74969906461337
31.24320587332428,147.507858643908
33.37441289204794,145.40919737269476
34.77150306018752,145.01703582769045
38.08723101642039,144.437259686374
37.897958442723656,145.28171406256303
36.605014003156256,146.4153902600641
35.64077626199981,147.61696378484282
35.76704137242399,147.37048472162257
34.69010954029741,148.56110707299044
32.61910760102672,148.6206297817397
32.36465604402025,147.96507634059355
32.859760308185805,147.97956739819242
34.00810037355024,149.83574902463153
35.519205336000994,149.60712373497478
37.106262612063794,149.18577805565283
38.343935479975904,150.66793911614172
37.983850683802714,151.3968464045442
39.174085243986184,151.74646160076395
38.97595921081333,151.488738363923
40.51262752826109,152.3624047265704
38.961104576988305,150.46099089308228
40.113834380439116,151.66514900182705
40.734572884542146,153.39157305103444
39.75716063692103,152.75531303990195
39.04158912857181,153.4016543638922
41.21892959024055,154.2893892307838
40.75399780042206,152.4444970209384
41.18960284554766,150.8967223349621
44.84319616422822,151.0813565131276
46.9854259446312,150.16482322798996
47.428064257614984,151.0742673194551
48.704486135294616,152.44237313165127
48.53368058002789,150.53615951522244
49.070559095720235,149.5882770324733
48.791443865311884,149.35784665361297
49.46233225527634,150.09791845544007
49.69173388091182,149.12654920845557
49.24952528009618,148.85118391226743
48.96564457923623,149.49891833619975
49.06089356190483,150.68625247638803
49.551794773535335,151.6388595810093
51.70418713755744,149.5779749269534
50.06955956312016,147.8786650128532
50.474012845629986,148.60976706388388
50.42135832651754,147.54371960704765
49.499467761999625,146.86431604335172
48.06534121408827,147.0015483986739
46.841908144670356,146.87863719183323
48.98827029593682,147.13842832613466
50.09825710230392,146.9846457770405
49.98110251614833,148.2650572659177
49.87330845552135,148.46808585962378
49.76551439489437,148.57390733180773
49.65772033426738,146.99429011697083
49.549926273640395,147.9079066089718
49.442132213013416,147.06350605930055
49.33433815238643,147.82775203299164
49.22654409175945,146.79377827140308
49.118750031132464,145.5643631458189
49.01095597050548,145.34237171803352
48.9031619098785,145.36407520920076
48.79536784925151,143.9772725211812
48.18670941035734,143.44946088411686
48.183020460087846,142.1591223911489
47.33774760489114,142.0034924126779
48.88189875445535,145.05591527801812
49.37085726432996,144.46780356731736
49.16185962021794,143.9004944080029
48.23608496167118,142.86456661871486
46.5655921689458,142.94843499497526
44.365961305222925,141.1371077461839
45.98274067927286,141.22759051036329
46.28947398740291,141.7466494938065
46.07627381070956,141.68097856787978
46.149308705584566,141.68336369406134
47.219205745403315,140.8095673320271
48.05789661345372,139.9129443243957
49.29502283248381,140.10406637969677
49.43622412764395,139.39959197217058
51.44061863075284,138.87400056091354
52.49201535160911,138.8001036124671
54.29436491806667,140.49188230673033
53.96396266448712,142.54926749832927
51.70433166160791,141.94679712849864
54.896004952153774,138.49297329920634
54.78811485015339,138.57971517863578
54.243963070418474,137.43436018313213
53.499709639890746,137.21896590321802
51.688302585397075,138.55628037423725
54.01480133150024,137.04048551752152
55.53358069815809,135.25426988945304
56.83156582540617,133.71158769937657
57.5397440378702,132.13811680274497
57.77774167695163,132.79459106800834
58.64309075676036,132.38567458015334
58.96535316083644,127.71182434107322
57.488190300229085,128.49340737704023
57.56382420266629,125.47175613754695
58.2038726343502,123.05161097220315
58.45549860536822,123.01905279463476
57.76490813008538,123.56063148837823
57.78023825789131,125.33014587808574
56.87579424608686,126.04083630363566
54.3332864277535,121.77497762271096
55.436828376551475,120.1542788939232
54.60802490983831,118.2800671308611
53.08810590620929,118.27717060722416
51.41787050995819,119.13454904713124
52.74467264340781,120.18019481715496
52.47029730955283,118.90204424050869
50.72292863060004,118.70124405923485
50.35148193358898,117.32053970056164
49.37866159755823,117.03118205916847
47.427441428583755,118.72651680075965
47.7347341040216,119.4580606747686
47.4145585486409,119.86925290236914
46.96224260234023,121.93703212365254
50.068352206203755,124.32275665943683
50.81053093675968,127.3397461515919
49.555870673407014,130.4368315783682
47.68103091082942,130.2354612819724
46.29504774862508,131.66349489664248
43.604089425815154,132.25461758852927
43.44528242916722,132.78082874718987
44.93476295752297,135.74967347565143
45.318530645745774,135.62183337538602
44.55849797341864,136.60949848599358
45.38047308814336,137.66493158964795
45.89251648620286,139.31143967434653
46.3708761943306,138.4511355012925
44.20051494887499,138.9459303535981
44.600485851529385,135.49535101413235
43.273141219416935,135.09625233709525
40.480634689133865,133.30564224877756
40.09597374779618,133.0869548151374
40.85864164536119,133.73316211012136
40.510516782333745,133.10729782810472
41.228628132244765,135.31259357239006
42.88096806690152,135.5374480478956
40.56574243034057,138.0602807136748
39.312111389406645,134.15665549205286
39.27010067318491,133.49102013255524
38.47031733141731,133.25072560097263
40.01755775833745,132.06016578317116
40.232827033223195,133.0371664180041
41.09694286303878,132.43921726013883
44.31915245320603,130.97796219999995
41.48663347115954,130.14447456545795
40.684224502741934,129.49344910597742
41.2299327356564,127.44359888344519
39.97556999058573,128.8371866020314
39.84667379579236,128.48140369598516
37.43507398121923,131.1672580322287
39.04550970163273,131.6421691211462
38.18690436832584,132.13764327108137
36.47999139807953,130.2451431865262
34.76621834918302,133.03574143903444
33.55799895720284,131.2581160515544
33.71195250907208,133.05958528989672
33.41644075843979,134.70912529933202
31.7351068177758,135.03489312317186
32.01675388129254,134.36189415222813
32.125877011714906,135.22137928827786
31.531666739948992,137.1307197970962
31.85317419982846,134.86519668259098
30.391275215569152,137.08242228234283
29.712342283083544,133.62764807355103
28.65482327538296,133.9998764412928
27.936831506867186,133.69314052664433
28.302837610718463,135.23709531165335
30.42820187351285,137.36027876065148
27.844452705104583,136.55236876384683
27.92320184033957,136.0629854326225
29.177871237807537,133.99913881709728
29.64650604661511,133.31747065322304
29.659143580326052,135.70246891310117
29.340308253406892,135.95178014894242
29.048813376766336,136.00577670243553
28.436883852508785,136.32971046445223
29.38287227229396,138.64846846349394
30.354676612307586,138.1232140542515
28.178363504297856,137.25399934717132
29.030252346236573,137.9001830204018
27.83796133741326,137.92388771138582
28.272701412901657,134.93286132674692
27.03547990041097,134.9311471202881
26.835482388763918,134.02859855464968
27.675160452846598,131.2578079424646
26.662530013626778,128.45654515587196
26.263108358335316,126.9911207264003
25.24339858229727,126.99225876628832
25.766158914787542,121.91461572219282
26.93325052302381,121.71765617443882
28.0339848219297,120.96294316574833
26.08634447060904,121.1842133809342
27.892454016107155,119.10277498552401
30.06211606774432,120.71010485873424
29.004754530048153,118.7911677793871
28.158036774713946,118.92522164936481
27.39451377581887,118.37235891569658
26.504662754620885,117.12555752294864
25.53070484640864,115.45581208690632
26.064838755554515,111.37394737210595
25.05837317437045,110.06904020279994
26.64984297594903,108.71916621964372
26.94786256867482,111.56565088603593
27.51819787234809,109.18814303364842
26.76708363833996,104.07633028947564
25.976452950570295,104.61001057738915
28.565466046358903,102.347144237835
28.315364620089632,101.07525299685615
27.79452873346167,99.18426226830523
27.815890479675456,97.4679479600994
25.973158480902857,100.60936040506698
25.583505652656807,100.790314047718
26.17448349790521,99.47383829173485
28.19028479676502,98.96016506792061
27.635808184153845,100.08667454110453
25.594746815605966,101.88275430769575
25.813845001692844,100.22969781493859
24.158211740275163,98.63173444431388
23.026518002358685,100.82398575990254
20.61141150137046,101.04144191545565
21.690990713452955,100.56543245459912
21.098143005540056,100.14329133530242
19.03327161491959,101.09648034803199
16.913529509222634,101.91585844156702
17.763341157262232,101.85796173157927
17.190911580550306,102.2606337294728
19.008147230636617,102.63895256344301
19.291455595006955,103.70438556661811
18.70393931307099,101.42997132152293
20.847416957316618,100.1184445486467
19.22652482776781,98.87381214478762
19.09222841852337,100.50012915179575
19.636974296059165,100.23600171105046
17.700030379245952,100.72186647951752
17.63679404734264,99.84314674593554
18.503446661732507,101.09715993096061
16.74499615746106,99.13458138640858
13.178884451926645,96.57303303969076
12.544468880874827,97.34790100891234
12.031060466663043,98.15287612960134
12.803248960603462,96.5334833389237
12.443906883443802,95.44290048606567
13.849399167442758,95.74383297214257
12.61175569854992,95.49288196623432
12.208882887924407,96.40682842096975
13.602139360924925,95.81443129513563
12.784167739561042,96.77891456819872
13.271192006542272,96.46527554196813
13.398719882233943,95.83909809430766
16.00445347302601,94.80419948039757
18.49406876305229,93.451332235057
17.975467457850726,93.48247526863544
18.7725718780099,93.2374599643559
20.195958625413763,92.33081248817679
20.160876090835735,92.06902276321765
19.29518116576706,93.34395021189395
18.429486240698388,93.7783654803186
17.563791315629715,94.63460751306584
16.69809639056104,95.03776755293569
15.832401465492369,96.18524926351127
14.966706540423697,94.59633137683863
14.101011615355024,97.67086236262413
13.23531669028635,97.47659716471844
12.369621765217676,100.08481306088466
11.503926840149003,98.41856295348396
10.63823191508033,99.89324969278893
10.014361985786442,101.28250250583193
11.492850404081794,102.91595769702903
10.786932276899057,103.38350205882621
10.768889089171477,103.68447538593263
10.951346833613945,102.82582675711888
11.684656177194285,100.14296232699705
12.454470610918131,100.24596548846675
11.051480002005427,101.33881629530273
11.139232185241195,101.72752425122725
11.6655999733975,103.29561361084245
11.714338888313149,102.97619224563401
10.488555460009657,106.76891059071028
9.28122706778225,107.11196458564098
9.366662766047336,107.14589878637257
10.083290015167055,108.03852791070878
10.8220416519617,105.87658438571091
11.773779763507312,106.94511073223592
12.899218654903436,105.66444765503746
11.230874881711472,105.14198119586061
9.660100571333317,106.24955366603272
10.786926242827484,106.2212263853731
10.52636421747992,106.01907110039504
7.304584207646114,106.53179855246425
7.462432616984403,106.62214576978216
8.444531869659858,105.17357766755084
10.378778359088106,107.93356792411963
9.409669627536541,111.01498024204912
10.606523375007182,111.93097203637376
9.965258874834518,112.47171506857175
11.370379179475947,112.61544209535722
10.674050657546937,111.47902651368058
8.633575227644535,109.92548507685107
8.845749734946542,110.60361011423137
8.121150168478872,110.00507334652247
4.437052884660687,111.31530608026544
7.837319848592905,112.53149699458415
8.839648274231763,113.42530447487361
9.112732623238076,113.37819122561969
8.268610363275464,114.02574152545391
6.36548263837116,113.00649812395767
11.210040663422527,112.26138479629785
7.153650639667522,112.99351595173154
5.786624526292953,111.24393687933245
6.583561868048159,109.50187392957874
6.8940353420931215,112.4219507045418
7.357590154528474,113.01672027759601
7.819344602183093,116.2564766520035
8.281099049837712,119.09428121988421
8.742853497492332,119.81783987552407
9.204607945146952,120.13606040900055
9.66636239280157,118.59719974234731
10.12811684045619,118.59025711502649
10.58987128811081,120.30384462130495
11.05162573576543,123.91813993184873
11.51338018342005,120.78804030322853
11.975134631074669,120.56512116865025
12.436889078729289,119.78526186764067
12.136393420202534,117.88269632709591
12.589519975068665,118.43426137565923
14.657822140521045,121.29269492761904
14.435421526272057,122.58972417867024
13.621862283065358,123.33711217741866
13.459464411577407,119.95428065211084
10.828445143469331,118.1549869941121
9.62217965280187,117.12912051782953
8.370913567833439,116.76383024313162
8.130126764051644,117.3035718099918
6.2023492395550885,115.44417919971332
7.6453884645793755,116.29542859674662
7.91939842930919,117.8807861748693
7.025945158503601,118.79616344419345
6.133389681816476,119.0769309661137
5.785194608400455,120.20624426346447
7.041782975293082,122.62913932089371
4.106430348338371,124.14294825633353
3.7846250800194596,123.5281553429633
1.075375048502858,124.96865735191496
2.4334120843379785,124.13257474316326
3.6243234201159504,126.22951109043514
4.656333771293292,125.44186104672268
4.784625154478109,126.81658832110516
3.861453760931368,127.92574795935867
4.850152706889036,128.87474475713714
3.592484813063523,125.94005202841818
2.1633131048662797,126.937265970761
2.165838040812607,125.97846371993883
3.5610118341031916,130.10886000261914
3.9768251747225247,130.64637735079302
3.536647820995988,130.51782471626663
5.395811810828532,130.5124576927407
6.420403944770952,130.68775422456702
6.520261140171792,130.83144357986689
6.30442137292677,126.82589333490438
5.206269979222867,123.79698901677472
3.728777890170602,125.46275316931927
3.938786966474606,127.54962976115362
2.831927518715288,127.05499415161954
3.0036852106993206,127.21534501299867
3.0847970799315823,127.95777621971126
3.1005717429604447,130.241515073108
1.6938090107191386,131.6900801375999
2.766409594235225,131.7700854100729
1.979132570525762,131.94676621364658
2.2679782338063363,134.86281270379013
2.5568238970869106,136.60261296618978
2.845669560367485,137.7430732253474
3.1345152236480596,138.24623869958145
3.4233608869286334,140.43882352357812
3.712206550209208,140.56478580499888
4.001052213489782,141.41382242291832
4.289897876770357,141.53540340129075
4.578743540050931,141.59659622495047
4.867589203331505,141.99844014469446
5.15643486661208,142.00162342575416
5.17936367517019,140.53818525375644
4.489835129183726,139.64686381578122
7.656330556145666,139.12402709614517
8.18192245401132,136.18935297448186
9.85730926001231,134.7153257845476
12.394334718270159,137.08887109579913
11.643689102864098,139.90872719810855
10.691258008532802,140.32588796917085
11.764977035760383,139.24196657101626
12.181716331738409,139.31808079295882
13.049149619147535,140.6784216191005
15.51553897913546,139.4289378859086
15.805579604896462,140.30986853633908
15.602002345983221,142.23204679521146
16.195915980283303,142.289290037263
17.436691271344902,143.05438909066473
15.45796975632353,141.00493530266655
14.497234430693503,140.56688226349837
13.991886684278404,140.55028070971852
13.486538937863305,141.68374270255472
12.981191191448204,140.81406135270228
12.475843445033105,140.76165962725764
11.970495698618006,142.06682543337104
11.465147952202907,141.63099386348975
10.959800205787808,143.6176875619026
10.454452459372707,142.57104618700615
9.94910471295761,142.0045645935479
9.443756966542509,141.82902836199474
8.93840922012741,141.07860071719682
7.685418190682394,141.58833222506897
7.947878597799661,138.52806695484563
8.888155004444378,137.23253961018005
10.777461409743973,137.75957136745353
9.660140611706085,138.19718045845738
8.828642855989212,137.9404341118372
7.893192167936894,137.00903495820376
9.816754336913847,138.42140369607543
11.491861943419753,140.3871996927714
11.895858398393488,140.47024038885075
13.43225791434334,140.32068553726631
11.447533949030124,141.11364568091895
11.227808274713936,143.3736416812857
12.162424435546964,143.28804050697707
11.353198515354304,142.22356117266494
16.62166376510753,143.31373753349956
16.07010670469718,145.0075596126509
15.329039236077497,142.5702832502694
15.306510904827064,140.59759810870867
15.141318550779788,137.36772080818383
14.445932251592055,139.0249868299165
15.085605759009258,141.7724893182956
17.892455005123708,142.71060111634253
16.342157311002573,142.31358936509008
17.68774166822418,141.9903766434391
15.981902713651321,141.09418298104993
15.929299663962498,142.70467388778388
15.899309499073418,141.06976352886846
15.17046623191406,142.0584534028287
13.611804604922535,141.21042955056464
14.299958517846642,140.49916119757927
15.30065855374923,138.49573228756623
17.205262340680363,137.71044195853275
17.33806091790109,135.17245712511942
17.755811973812968,138.27547020778763
17.585431436409706,139.772302372428
18.94336256870037,140.5839213133817
16.542535495471615,141.319978363246
16.067732834330638,140.11076723753152
17.9470602049213,140.15619416139396
17.654034533443575,141.60680447805495
20.11718141514266,142.76471984017653
19.916895743773523,141.0026850791693
16.894396034488945,140.75286410943892
17.652021351640006,139.01022088430645
16.09166584450118,138.98158063705645
15.154848379746653,139.05661143938585
16.682401250005416,135.32304692874771
16.0362496712426,136.65512867474303
15.594317864126705,136.25413295718494
16.944877672790735,138.5884681109526
15.325430885060406,138.51098070953037
17.753836856737387,140.52854347183776
18.524836848948066,140.53966193135693
17.26751473754507,143.04623102874945
16.726700111964032,142.73811400756753
14.439183243918968,144.9658863340557
12.185656891249073,144.77661877043565
12.787386975094014,145.84176410907
12.335207016229718,147.10489964202418
12.721889937636357,147.41150366903466
12.957126450738343,147.57852945063672
13.109944814477485,148.4787469397836
14.112411391247532,150.33593559598066
13.752866488948847,148.43268337270845
13.353993898335347,148.88787404178862
13.351462496203867,147.81855440783465
13.19844885248182,147.76764595451016
11.805183315740667,147.76529656839077
11.954521005670198,147.27519132096992
11.55324795140323,147.99959564763597
9.32965151139595,147.7633637947013
9.196898126616286,148.1565740112092
9.064144741836625,148.70850265097968
8.931391357056961,147.97598660148407
8.7986379722773,147.99770811773294
8.665884587497636,149.62345894230108
8.533131202717973,148.37023841215643
8.400377817938312,146.7944904911084
8.267624433158648,147.44720733913184
8.134871048378987,146.52525527424652
8.002117663599323,144.47528820612797
7.869364278819661,145.24598941222428
7.825958665238112,147.63328247663807
7.376393437189923,147.6148990006304
7.06013374177299,146.94727856729162
8.72303953355882,145.35727819767595
8.033548170075537,145.89744281748676
6.082881896875052,148.12674586715536
4.656221221074631,147.93755275112088
4.091170678916689,147.09082579186153
4.854773540293181,147.91874695308718
7.025422217723413,149.32035862854596
9.978838512392134,149.85599880950994
7.962425108424673,149.7111876080278
5.717595628309726,149.25970576824915
5.511056588948543,149.34075001028444
4.2631973495730975,148.92844960107195
3.1663096902233243,149.8298369250528
-0.32496450353781503,149.93233238482358
-1.3162723976947681,147.7380177008088
-2.382017698665447,147.40897122130838
-1.9503129770075627,148.27425684644587
-1.6772949922271105,148.311822589695
-1.5565056156962973,148.5872155233782
-5.039782849883057,147.93160224213653
-3.637876520174558,148.10981132934975
-4.0786379561028125,148.75481835037613
-5.742687118150535,148.28636781391754
-2.9873560503418117,146.55305473756638
-2.563466057643776,146.58230239732555
-0.33264363184193924,146.030054842924
-1.1816197569589209,143.76481175753435
-0.4352886571237018,141.8679776275278
0.6716118311345829,141.54281095253782
-1.4611798880631737,141.979398034153
-1.725287291140529,142.44439770493557
-4.46121999935051,140.5216895998452
-6.418107507735267,139.39221197666896
-6.972795312736638,141.28399221552306
-7.741767276974294,140.54916136835516
-6.719282056538841,137.10026542249398
-7.909967956875056,138.12887676612047
-8.165052864211631,137.39698660606456
-8.507435706093961,137.15901545061377
-10.0019252496588,135.81610317571997
-9.012433259579371,133.8586635801821
-6.130908299423158,133.44485594633764
-7.262973963603891,133.45463698533086
-7.6740755555689235,133.42403163223008
-6.300431601334359,129.58345186504565
-4.402625504117464,130.3731393777627
-3.0900604565948093,129.64416308520575
-0.47635970554493,130.6810243138056
-0.6495056220775941,130.65061137753437
-4.946167596101402,128.5652615966272
-7.293082146575371,129.64115900534884
-6.868108741499582,125.93408824855508
-4.311553503134504,124.39698107668121
-3.86313899200398,123.88408656418555
-4.686077694502829,125.68332114545858
-3.949935721009653,127.3605494402152
-0.4057106280021894,128.54573015361578
2.248982864477439,130.52006694273894
0.8759586591169504,130.9080110231599
3.647133569921099,131.02900755729812
3.1947718173769992,131.85354412444622
2.7424100648329,134.34376924484067
2.2900483122888007,134.03718357811292
1.837686559744701,135.16917017347401
1.3853248072006012,134.00142247140238
0.932963054656502,130.99693411698956
0.4806013021124027,127.05655031233941
0.02823954956830299,125.56934695463295
-0.4241222029757967,127.33930486128719
-0.8764839555198964,127.01018041461282
-1.3288457080639953,123.19984290249376
-1.3359606703301785,122.06109489472165
2.776071483094205,122.98071303170171
0.1754257488621076,120.05771940396413
-1.4310833114031758,121.07606176973646
-2.2552144174708246,124.09057114818084
-1.9534196959639565,125.07423050968458
-1.146291809590625,125.80106721321653
-1.0530750470472339,127.55050444823375
-3.634723647471711,128.87173719255583
-3.4104015575958675,129.04027279068515
-3.6813730677729053,129.77384437171722
-4.526076112589813,126.08718036354543
-5.370779157406721,126.94133281753744
-6.21548220222363,128.53523066257688
-7.060185247040537,129.29682019391356
-7.9048882918574455,130.4586063627848
-8.749591336674353,132.00012083367372
-9.59429438149126,131.98756511001002
-10.43899742630817,134.18671903077183
-11.283700471125076,133.50221748062023
-12.128403515941987,138.46721309610646
-12.973106560758893,140.13308645208258
-14.212351574419591,141.03658425139372
-15.2136655057926,138.7592191542833
-16.047934753033196,137.9453133091902
-17.354973741530216,137.17978086273587
-15.568167396688345,137.37559650016973
-16.674372931280125,137.44439883735333
-15.8374237462272,136.21676049548566
-15.746363010408015,136.26658324288877
-18.051345329863363,138.6037717293747
-18.587040734686234,139.20081252323945
-15.785936214623963,139.04824295600167
-17.750585296629822,138.92887382055497
-17.160976393956904,140.02682513432018
-15.64782381805478,141.04973219673408
-17.841190384045408,142.42479684022751
-17.41844780208278,142.48466060139563
-19.27394833616019,140.79447193096746
-19.337254001620305,142.50294381970906
-20.292930711111964,141.91405299401222
-20.919850526729352,141.98255268605897
-20.717116236440436,141.8495604483976
-23.309930455679392,139.69802257540152
-23.774975424316487,138.71051988265313
-26.51652592008619,136.6482576272841
-26.75350853861985,133.19657136603098
-25.42158715585155,134.4608058360454
-25.836060594139933,132.90431370534634
-24.96296624590325,133.33738801499157
-27.8668164922649,133.1222286092712
-26.77870585692427,135.08790083823038
-27.750874694280256,134.4977902423483
-29.18043459364995,133.16144176389577
-30.1442439829768,132.9482867857243
-28.642883928116746,133.2680532436068
-29.096178571289066,132.76050582120422
-26.909774490253675,133.72563411429027
-28.005068503294137,134.0771197875606
-27.316465992899904,134.58329637172932
-26.94450109216001,131.9247039716639
-24.01630823666814,127.72305108662582
-19.47599194724205,125.91010173664539
-20.408057710841575,124.8368559113211
-19.03567401340005,125.191451153323
-18.675973323812183,125.70620723360821
-20.20461184620708,124.34492480195514
-21.290519663370418,126.26137817324012
-22.062616228157207,124.77187196066481
-23.35278436525405,126.36060036589343
-21.77874067073292,127.649878789104
-22.55604917533363,129.3737138025775
-21.108975536916212,128.59173838835676
-20.831451191424502,132.52383651725944
-23.18689154538261,132.60551679685588
-26.622468814106693,132.62048878748655
-24.1577344781525,133.08800410455365
-22.08363366547674,132.58026019968247
-20.831611052460588,133.89590047799882
-20.71713102927717,135.70343092364595
-18.298854695516415,135.18059924027048
-20.26723604916248,136.7215678317158
-19.655106486686833,136.26114891557094
-21.588922340893838,137.22172318417205
-21.59470879170361,137.9844311738707
-23.666206678701847,136.27673840679375
-23.12755580165365,138.26284783419976
-21.612612084195728,139.77420306903144
-20.998080179962837,142.77886533746272
-21.610232630963132,143.83336686487092
-23.10120383102247,145.1030673957629
-22.462584355540375,142.9609525029589
-22.669439335186773,144.93536563981888
-22.876294314833167,145.35944225640804
-23.083149294479565,143.8662742415262
-23.29000427412596,142.33285804652525
-23.496859253772357,145.71531508141368
-23.70371423341875,145.98672526370393
-23.91056921306515,145.2493363200803
-24.117424192711542,146.41758248014796
-24.32427917235794,144.40918469059665
-24.531134152004334,143.16166965670925
-24.737989131650732,141.77107721620374
-25.690211589599933,141.24279588071144
-27.779624122208606,142.03635159000655
-25.88595827983371,144.2691264155654
-28.537293936433578,143.72143675959666
-24.22604466875614,144.70510296506507
-23.990624046423548,142.0531850523477
-25.245303329678446,140.89533256343637
-26.095274578098994,142.58091138083185
-23.72491703355948,142.83578796157687
-22.47170559895825,143.1368881175654
-20.616645296198207,139.5315574802223
-22.260291197290005,135.64796051618765
-20.556658185338385,133.04818847680582
-21.626972011751583,129.75719389968035
-19.295002487066768,133.52503260836772
-21.18411919699753,132.78493765567308
-22.133065939968347,132.82298549544328
-21.235478195714403,133.39958924105008
-21.53086442634268,136.194548485154
-20.364905681729763,137.01958836075
-21.146758522316137,135.71368932558508
-21.64051625209257,137.06615639321043
-23.303326547404925,138.7420275679828
-25.644293782863755,138.72404001569643
-25.903027746004852,138.47065558986444
-26.286812198610246,138.44528011241732
-26.708528629207372,140.13238797810325
-24.880610951510874,138.52097899177778
-26.937090061302776,139.47215086826444
-27.417880329146012,139.07270717700803
-26.49815119242259,138.6554836512612
-25.309139806591233,135.48752350510554
-23.82315565586824,135.36793241114555
-27.026828190814708,135.5959444009302
-25.08380843945444,133.65066875014747
-24.73220253494209,133.84518361575033
-24.012655092821372,133.7445560037615
-22.630428142645524,133.57202044855657
-22.35853451334406,133.01405175209985
-21.738950946327428,135.21119698582376
-22.772649748834006,135.03523274610654
-21.77657872907032,133.88088912086658
-22.34464671455924,133.5455150931665
-23.65830830915225,131.9808136119739
-24.535844299478327,133.11893434344174
-25.356181670909,134.98168224706865
-23.480503972483792,133.34937430429693
-21.582538384116454,133.79863475599709
-23.05886884313819,132.45283450984695
-20.74915359429643,128.80251921203705
-17.573084579569546,131.17028873391138
-20.19173081756019,132.41771991928172
-21.57746726993804,135.09919176660767
-22.669584032909935,136.38495304846947
-22.275567947390094,137.13054089700702
-22.99582069521986,136.18185190873845
-22.246071051925988,134.40898469263212
-22.100113106552385,135.32129564354162
-19.970568128993186,135.5544812774966
-19.988451976500727,133.91780854918474
-21.256034968585684,130.42219947718488
-19.809772522918237,128.33491323783633
-18.06108181447698,128.2201235091134
-18.47026881193922,125.53647859211827
-18.50278468352448,126.06944316172516
-16.648446271525405,126.64055111890762
-14.656812957546952,129.24447177050993
-16.441863022790454,129.99202603888992
-19.07133782839105,130.2525367022263
-16.615858772451976,130.81337405279004
-16.766777298011096,131.19005140518857
-15.530498458407548,132.25794573279114
-14.773488189415144,132.42854680238267
-16.119268046433653,131.1606549990312
-17.72044616390523,130.74428214058227
-21.172214218601418,126.72944255176633
-20.266487328251117,129.23732643027793
-20.059625085969312,130.3020470563047
-19.748621042830074,129.21905112817998
-18.409503466170484,130.1692910497602
-17.41671555316465,126.0567814988115
-15.38108073333849,125.54296937711935
-15.390613729843425,126.62292030314198
-13.679422971457218,125.69177300852513
-15.057084611845,125.5240699035062
-14.645668703151165,127.7893972440849
-13.761827336239016,125.25825914275912
-11.775051229351686,123.10362820242736
-11.073160596504204,123.28649804949897
-7.901447237236508,123.71089257603944
-7.64921583931291,123.18439397988983
-7.413711480162187,123.44197874486663
-7.249116225382053,125.04265281031935
-4.471893325627812,127.51813199785143
-3.0441096343433784,126.59720239670106
-3.2262122500821464,126.19159693213005
-2.811814530890891,124.8107651096811
-2.2255623825757316,121.17628271446279
-2.9577091754170852,120.12588360061736
-1.380142255235552,120.80777270599633
-0.45475141843705347,121.49068680374448
-1.6946830696888489,120.02876169319727
2.4302847929893074,120.12730534993727
0.4508859259807534,121.0613372103535
2.6813773519983486,119.81413986837428
2.029571310811281,120.55216200599175
2.7654630597776566,117.18911194794931
-0.11201242885725904,119.10033338243018
-0.7142615135166736,120.62244774479376
-2.7364127920830166,117.17700728294464
-4.826032608350725,119.99617492346277
-3.0066582737947902,120.04959609177585
-2.2261437876669774,120.5744923215293
-3.804843538707161,122.22720419548332
-5.156533105748911,122.55209598942542
-3.380886930052844,121.67372415151968
-2.7172786066400962,117.49241327028676
-3.2786041346558017,120.22384455086026
-4.742905126649948,119.65883186262893
-0.20977072574858546,119.33072029979007
-0.5023735590805793,120.69770025767959
-1.3297856359029914,119.31467633086041
0.38938870127475145,118.70466171889751
0.40141294921407,115.31188054285757
1.810225117570675,116.20997570661905
3.20447201399993,117.83726583659006
4.995356534953252,116.32582740364643
5.68941388077459,118.3392964311697
5.9129539614812225,116.1851997913037
4.3976308371618025,116.7104555840276
3.6040415771364427,116.11355971650751
4.060187967638085,115.78079294850154
4.680021941752298,114.68083741740219
5.1066528148826364,113.1057071741769
5.405780685331901,110.98870687195212
8.388916894599046,111.89817580974368
7.613708398626748,112.11384068049759
6.635166787829971,113.4105869299042
7.545890485351595,113.52111968527075
6.416416957283094,111.46204168880818
6.375690908182075,111.09286085403316
3.929194049845748,112.5227157104058
2.434318002257025,111.20357772701024
2.5580639256612625,111.52098282097232
5.056409571330337,112.74318070176922
5.847843245196259,112.92828275517395
5.353142002423443,113.38015818448974
4.964174182738438,113.70418055177764
5.915814419011106,113.18547279508357
8.068997945471454,114.30108169605676
11.191405258698918,114.76130411511045
11.32143465005789,114.50103738782119
11.944555661299159,115.09415187599537
13.14864721552134,112.74861703091806
14.645076266375742,112.77347713871238
14.93816863942426,114.21412422567914
14.554434371344335,109.39189272150163
14.280338731576595,109.26372692099459
15.292889395302787,108.71756401171841
16.216951937648247,107.64803038363813
16.22456406899113,108.35958632948572
15.869320792526347,110.16033583038107
18.781414590860724,109.17875104479572
18.425836622537755,111.16713428718062
20.857365123141882,111.6967540536243
19.83336062146947,110.885476738356
19.01185097212556,110.21792783913409
19.09893980202308,111.01274547312623
17.134408305710302,111.65151495940914
17.68185335085655,109.01753113104964
18.130060199791707,109.23208231719794
18.822271667810337,109.9194754497788
20.91409201165166,107.29288926533752
19.8359193447884,108.45010719691885
19.388288598501536,107.7022591249124
18.677634812815604,107.62881246819167
19.622034734776697,106.6551330345648
21.644858481910667,103.29093014360187
22.549142381204813,102.48889485573403
24.631376054911946,102.04988613438938
23.423273755566992,103.72217672661057
23.553360367911885,102.5614469449732
25.188655506517065,105.11237003898552
25.979212360337165,103.62709694394763
25.277135012241235,104.06277605344368
22.681393884229536,106.14691501486597
20.64989634204732,108.68400339774394
22.461388582898763,107.7576448236363
20.886466343697442,106.59733219913433
19.524099500632442,106.15383607282251
17.668440276360126,105.70950509415638
19.10802298830607,106.9511147136558
18.305689485738412,108.82234853368247
18.1703775872686,107.90659589364182
17.87088651412152,109.48568765128748
15.523083482736844,114.63500056329104
19.054761835397628,115.34623270185593
17.659131144001933,116.69177598367403
14.287452072814942,117.63018490214795
17.816175971754884,118.45057098881914
18.34047495423329,117.79359847589679
15.728430903295346,118.87738823607471
15.854681475056319,122.45713610413188
16.80454349802461,121.8196560014495
17.26035507721226,123.36825525468119
18.12318987041527,124.60679720904764
17.631699528915256,124.52322333392446
19.72962471017493,120.84798939748788
19.302392437073625,123.43592591484379
19.735342304271967,120.79416088263024
17.46300718050365,122.47887117624569
17.40212010469183,122.22241251421434
18.938385745997348,123.64365732647396
18.908039903051648,125.66301573719623
20.634284692815786,126.90844809385915
20.303950679174438,126.71831345563827
23.663063758397428,126.68469648137886
22.943024385813303,127.9024204481109
22.17909824497957,127.85954071661317
23.973302906416386,126.58412674384067
22.90064768370495,125.22742438215606
21.288809981067725,127.83113805641175
22.163049296609472,128.43261091327878
21.647224125139644,129.12294663401667
22.92389662028016,129.48761654138795
23.975595665891937,129.25041236638884
23.360227809168695,130.2184451994862
22.166087793387835,127.86325962233194
22.20592270354753,128.73920203345213
20.408034127817718,131.44346897401846
22.299767210962138,130.97393761663216
21.97141647683063,131.15799406150046
20.104097334957714,133.61037899987542
18.758233543367485,133.36209441956876
19.272733701730118,132.41246260722866
19.23483189708874,132.89158866428573
20.36757360008214,135.39971715240785
22.234639589935224,137.57360287339714
21.21925945684581,138.35350443992246
23.168848542181586,135.95142072530777
22.924049798970767,136.5750210088083
25.038309194954167,135.51695003659978
26.476012932684526,136.51529581294395
26.914357559926653,135.0858520822011
26.230274640865066,134.47013554203386
25.878631293580245,133.47629746401088
24.84698456269494,131.58975067617015
22.278846101840127,133.00709067929182
21.726110536246953,133.0019496849977
22.748149780406123,132.31836957524035
23.430737846204508,132.0388203611113
22.27172038087941,132.13087223311203
22.61306108971123,129.48646824835203
21.01994951011917,128.70102858324498
19.27776308197624,126.41625715250842
19.9279719207228,125.8900128520689
19.93737243219648,124.82510541955054
20.799091050218212,126.06333394523703
20.796023315346414,130.34243843763107
20.79295558047462,130.56829670721095
20.78988784560282,129.18579404397752
20.78682011073102,130.06969965939115
20.783752375859226,130.58646223969444
20.780684640987428,129.16737063543704
20.777616906115632,129.17655195492094
20.774549171243834,128.4356190801906
20.771481436372035,129.67304964975307
20.76841370150024,126.78216147968197
20.76534596662844,127.64191825051789
20.484250788587545,128.0203578623056
22.72601618511488,128.68564754045866
22.565666033493816,125.85428243169703
22.35339045084429,124.31274271008431
22.584517731487512,122.58442007987414
22.49788702731659,123.10956678870387
24.436297628795955,125.3097768447215
24.05873788491449,123.29022304675003
26.367724736190652,122.51414127289041
24.73524255578636,122.12411984808212
26.042661713168112,120.51353994029871
24.8549838529274,117.63164493742993
25.235577859780395,113.85166677494811
26.532255703795272,111.78260591587926
26.34109287356977,111.30341671889052
26.32911381999044,108.99851882759314
24.52624406842751,109.25465872817468
25.896185403818862,107.6749822415725
25.226744721308084,108.23107684230963
24.19401385705756,106.69200283589761
22.586657350999154,103.15260835936674
23.353936600028444,107.04133198484787
21.93836773434783,106.69523261971649
20.954412952722073,105.39963442565657
21.464882133892434,105.89596752840356
20.609764712223217,103.83377034629821
22.522900115465806,103.25002011038724
22.33275855625296,107.03273922619009
21.353916145730686,107.12999618656927
23.41705407421377,106.1780768907569
24.55553406251592,100.21858984934029
25.646294082263633,102.42862109359339
26.787527556043344,101.01582195068876
24.125587859117577,101.21209011346191
22.582277693201977,100.67130951453558
22.549542417155244,99.11947597250567
21.522867147198806,99.1488572569694
19.43617876021749,101.47297193118959
18.8125155414594,102.09725071396167
19.844741360278892,100.6775340625227
19.01448795353786,97.99571894364875
19.097523124664605,96.83651447079653
20.49569828168171,96.43201150973918
21.900111750068042,97.80946619897117
20.7283356415695,99.86796184986834
22.00758270802398,98.4201549350575
21.34459628055995,95.91422002555126
22.145266568293735,96.83852284317584
21.432845140029283,92.83018052815997
19.260682401001667,92.92000014468375
20.706180594811194,94.4510830650673
20.116461204478146,95.59402231789946
17.9971624254247,95.5113758158728
20.201649344086217,94.84777486581736
22.345614113547438,94.88777340655427
23.119261122225126,93.49543317624236
24.911709879017316,91.7255424943167
24.02152412467576,90.7069844846099
25.029860789381917,90.28175445515882
23.99665572253033,90.33979707846974
22.850601586168974,90.27335218009434
23.739349780859705,90.91711837972886
22.765357778563292,88.67502347934162
23.41020363840481,90.3034068320833
23.30305186249416,90.19780555563786
21.929422153831375,90.60344755886089
20.176116261201518,90.93685888060318
22.498512266893975,91.7167061002549
21.921837520962,93.026471524739
21.503912215147828,93.24687937912942
21.499705140988507,91.43353914072023
20.962706812859274,89.89103502468808
21.56898746532408,89.54332150324522
23.444471593145156,90.31260133537212
25.337399648092774,90.06934845348444
26.47732188394862,90.42178870126332
25.741321677734582,89.96400606155707
26.05308641355092,89.93679597711397
26.032338266553623,90.92234310971727
25.822204907836696,89.23313943023086
25.37560255593081,88.08012259602603
25.67375269774713,88.0100945664818
27.379682186231268,88.56985642060855
27.33738611988339,85.7685024453186
25.285009401464144,84.84110654890128
27.28936005574403,85.33081077134034
27.472949347387253,85.98509727238249
25.48925176864218,87.13079915563067
27.587042177451057,85.99916052267184
27.45488939001035,87.63047479567805
29.40563832383501,85.66575543973329
31.073261609333745,85.93082127362693
31.351831666297247,88.69917677122939
29.897918095582472,88.27895845440665
30.357129411525783,87.61176130638039
30.280209225139902,85.53019276787597
29.457989615697347,87.82815415350751
30.78676419384384,85.8732682200003
29.632960765849287,84.85530386239076
29.89759355009344,83.41397758419504
28.85673049131609,83.08323387894238
30.88412997475645,82.69355564826078
30.859517425937824,83.14340810374816
30.91021890640469,85.18642456557122
30.139690972374016,83.7500493971921
28.21089747297646,83.02770114198661
29.347664668240093,83.43002406426794
30.480490946393132,84.12236738345126
28.172209674981943,84.18652705964385
28.828388736931263,83.04193956526471
27.961995097786303,83.25816223550578
27.560710397661538,84.51860353350907
26.99831974589917,87.18211655406962
26.042771844560615,87.32138875365276
27.7284726268921,88.35613986957392
25.790052304475672,90.11110909779707
25.787590010026772,89.2846739963086
25.568763898845877,94.44658956598899
25.349937787664985,93.80237262717534
25.13111167648409,93.8745636217159
24.912285565303197,96.26216980257726
24.6934594541223,96.31547295790173
24.47463334294141,95.84954788772423
24.255807231760514,95.5420688303526
24.03698112057962,94.57547878251783
23.818155009398726,94.92085523747552
23.599328898217834,96.07606692666745
23.38050278703694,96.34610828040663
19.86667688948171,96.5343794941894
18.627795542585336,94.45738521451467
18.03916487515139,93.10462400806412
17.80316383765268,93.4223033178208
19.421019233749348,92.65994753047002
19.85974845491646,95.18437445484813
17.703107685044913,91.68633670142974
17.22234677044453,91.10312466762463
14.990409907579313,92.23419624020397
18.35692972780596,91.32396413165006
17.75833289362096,91.41298791617594
18.571134394792352,91.17129165670288
17.312132512635355,90.48125335077013
16.187405373855185,89.53833229638172
17.75126454497664,89.71390392110739
17.63703816886826,88.2584165846102
15.92338813570389,88.68041298749296
15.935767233103197,89.21305793022769
16.991707095194975,90.10430859652608
15.775905123837095,89.0776663138538
16.204852618278537,88.07805287304355
14.119273800197433,88.05434188127414
15.443351728623071,85.24453670132915
15.193223780095629,85.37871019354365
16.754452834355046,85.45353550352768
19.2658676288233,85.86941132294461
20.511727091032924,87.03445162178691
18.279838233494544,87.70886726986133
20.21574492061021,87.93967673039336
17.792702776582466,87.94775084081617
17.194937551228655,87.91968878120325
18.98728929277175,90.17164277152584
17.815078081859383,91.16688591159459
16.433380080045577,91.71891519877035
13.753857155123043,91.56314971943189
13.557164150286997,91.72443794505898
12.217287435510293,90.68338247664528
11.996396993167052,89.15747706816524
13.515483993889578,88.59808008099152
16.746815562849804,87.72880296547005
14.633165318887857,86.12855560118433
16.62132293279934,84.83545046324647
19.124767064335565,84.74333339743548
19.537931176400434,84.73146441013408
20.175613898651186,85.92907454696137
21.574154079522373,87.55764833917995
21.617577066752993,87.404382381165
20.286853709647033,85.38229583708008
19.393046095072087,83.25528552422146
21.06741095519646,83.3653191660757
21.21211202678389,83.5497942837336
20.845223075125904,81.03330220519712
21.799528149151016,79.81860984094652
22.74064568770817,81.01907378765257
24.31971603973384,80.63460425095505
24.063761233121586,81.18568993120286
24.66079312203178,80.99489664133421
23.688753125515625,80.37646513422271
25.595096922805645,82.67912550665885
23.553272596710855,80.6725517710115
23.950441011965506,81.5758983143756
23.169164987168248,79.91876214103857
22.69970623063471,80.0798413685074
23.75143497021574,81.86481789331151
25.151780302669152,82.15829696994808
24.718073309970745,80.50583210426463
23.995799202159066,79.51354272430282
23.54373232763554,80.09356078093053
22.022651384411187,80.57458418706234
22.32694918791103,79.03495629629732
21.38631255292299,78.49533428730591
19.847508743866776,79.03737973965458
20.301391582269993,78.55121361366324
21.657550047611217,79.46064936455645
20.821234636767063,79.00185335983782
18.80840705322502,79.1894898694237
19.011664592249165,77.69793616766144
20.356281070181378,77.10444931825336
20.40208817467538,78.16858329596778
20.056063834665967,78.29984107032095
21.44903013972786,77.77525186859258
21.02923444742559,75.15256276291564
22.822734738682982,75.26409128972668
20.590506141158485,74.32847058446845
20.096576150663285,75.54235584022331
19.39184781267855,73.77959512140683
19.060200404139263,72.75805654853126
21.15604397134591,72.35297704122966
21.01598177560959,73.08433204654659
22.33748319282265,72.1916040509565
21.039141976599335,71.64700614655489
20.38780065780466,71.21900565271224
19.141562164659856,71.71510823005529
17.252322806098242,70.94697547915331
15.705083922017682,70.93580128948877
16.034127773009022,70.85327972515788
15.239925815303298,70.54848303785957
14.991809834236923,70.40626670470913
16.329598004258873,70.14537512001249
16.487829871735865,70.46600673508802
17.469854599691416,70.721124594465
16.984393509621313,71.3604992630924
16.637060586417697,71.15712735065797
18.57827585139243,71.4803686453915
19.019152431135115,71.26630640847982
19.487778692178978,71.26816997009846
18.63525555949666,71.30274453568627
16.780063791708983,70.95353087600543
16.145000132044288,69.45680959211833
14.831167480254814,68.67822750158331
14.858055448852326,69.8667764397784
14.988701503591534,68.86410642815837
14.30476325749542,69.62376862208612
13.51481012193147,68.87858756139693
13.805437486864971,70.04087440621153
15.22472193119514,68.63016460762275
15.779566833367358,69.82338771650696
17.125991165283427,68.73062578329589
15.393912924099624,69.51151493276788
15.424038619541145,68.76692735428766
14.765683544906482,68.60079108115698
15.095193094696043,67.39981743788736
14.366086785702066,64.8447609684028
18.68824075428131,64.3509379902054
18.24847749478745,65.21392797065171
19.33424660862217,66.24566912301076
18.652734852330664,66.04543621254905
19.8921103945351,65.92907156454667
20.788733262891604,66.25181034166656
20.853329071622046,66.5994339378715
19.858073358857933,65.64640386983395
18.86281764609382,63.00358008433569
17.867561933329707,60.667348498331975
16.87230622056559,61.23008222665237
15.87705050780148,61.21385824516804
14.881794795037365,61.51109455032848
13.886539082273252,60.777314807340275
12.89128336950914,59.595317185929524
11.896027656745026,60.83237467700882
10.900771943980914,58.50426231689918
9.905516231216799,58.54379858618037
10.257871452849,58.99271762301434
8.772500023650132,59.04083934984869
7.5782483818855155,59.8109784964303
9.828383163410091,58.39999804594248
10.752537973044339,60.13114394363958
10.737685007800264,58.6218301556886
9.773522857988679,58.66699711477153
10.950641359731248,59.65662155574523
12.105446871540321,61.26723783355004
11.217504053550853,59.694664432897426
10.75808661739314,59.8590522482088
12.307580142401688,60.84650722744446
11.575030708724775,58.64919495461366
9.65234982236285,58.71381436314094
8.62429555739102,57.96411575056957
10.569659584249305,59.633797227700924
7.953591859136999,59.197165717268014
9.023926598689606,58.63130832583417
10.484136620516423,60.823241038805826
10.98986795098722,61.16279690878511
11.760670296499145,62.625632658765234
11.338700026247471,61.83452889637183
12.278241495124742,61.095437755137084
12.549057078405427,63.04392827581572
10.663239269611386,60.894834530334336
10.244556378469731,59.0437579255768
8.338227989193154,57.63171556630731
9.67663211276352,58.50529610355109
11.095132238417978,57.56382420266629
9.943589804844613,58.368904836628836
11.974733524401536,59.91178212292937
10.044451784028851,60.84390727329838
10.132251504902484,62.15608818284112
10.736654009103876,62.97991549192212
10.831763634937944,66.02760824999281
10.685543858972574,65.3995893592375
12.912925168078786,66.46295277732261
12.665572362438269,66.6244188333084
10.936231521318422,67.35188503069617
12.267190720005814,67.09994597703486
13.828716034421996,67.44938836370503
16.102974402124566,67.22228626831267
17.98261029029702,67.78704741144486
18.231147580825947,67.87262250188594
14.92688806852097,68.5550622841188
11.685109281998752,67.35698339383464
12.473970856746188,66.72505312113522
13.62025324428395,66.81096427204508
10.344321600679217,66.19748172931884
11.590404665874402,65.92410112331797
12.084220685606459,66.65654309893975
12.629587140471033,66.65588371441491
13.174953595335607,66.77478225588638
13.720320050200181,66.69813924065014
14.265686505064755,68.07801185745444
14.811052959929329,68.87454891485953
15.356419414793901,69.82822309569531
15.901785869658475,69.39568104271633
16.44715232452305,70.34151248722296
16.992518779387623,70.52987765963867
17.537885234252197,70.49454541632521
18.08325168911677,68.45684701683112
18.34917257565589,67.48316600587887
21.655199906640537,68.97009072565179
23.083448521886382,69.82544287743853
21.553527779719115,69.70088298541015
20.146320611624112,67.19968728828934
20.207511776954682,68.45932344382703
20.058660482843464,69.06634992554083
19.457920091823983,70.46048755402623
19.32327983531038,68.96494016580156
20.441557996587395,69.28707620809287
18.494032515377366,69.78614217750467
19.189314102169895,69.43744464116281
18.457698580711195,70.66038961618432
18.087083990166132,70.48550287287458
19.16193071029197,70.96539057035925
19.769003409230173,70.8552880292179
16.466664126596925,70.52679410265019
17.870122680419907,71.73798306288148
17.97743002196425,71.69264986120766
19.68616531838242,71.94674101498165
21.227114368081637,71.36830802659803
21.09644677292011,72.23286122991556
23.890747312340515,71.7909537442427
22.158088791744618,72.92734707538371
23.07140734431196,72.5044191333285
25.885174782048452,71.67265567451756
25.939839003984932,72.24384783833744
26.38203794727341,72.79937023178208
26.79720113505762,73.28310086122488
27.676820065397575,72.33381881843043
27.90691919934139,72.78611601053869
28.838592933090645,73.19374194375055
31.128942302872243,73.4021639601007
30.85694506379297,74.4248174417574
32.11922591374496,73.29162515641616
33.072290005038425,74.23743508780657
33.22774937728504,75.0909063570521
33.93981956336449,72.96833359087377
36.570423310337915,72.70529964283661
34.712962246769585,73.2312198812009
33.813482931696,73.40397152293828
34.113233541914155,75.20302222311656
34.48742914328493,73.56311868485334
34.338142317240546,72.11487761444556
35.785651454502634,73.26291420693641
35.75224781567604,73.14300197422166
37.58606780651627,73.11625151376602
36.95085646336839,72.84585671479721
38.88206401059325,72.9326449256607
39.662930971926315,72.76202062248007
40.69795580078533,72.51741439768516
38.99340098840729,72.64336704315237
41.956529621710935,72.7711831724825
44.252086888998015,72.71035092645658
44.35644766423626,72.40339741670154
42.35714548041224,72.0267793493454
42.73977248181068,72.50666272289375
43.753058029387404,72.93544439110072
45.78822091463179,72.62129340787763
46.116295769263004,71.43606015301376
44.39420887055696,71.03226173243709
46.171531724224195,71.41762433825838
46.786556573458675,71.24708932205381
47.03646339141726,72.5344827094307
46.18399518786374,71.9614657091088
46.3800534286226,71.16660040350405
48.67598605596668,71.73946202560514
48.74917807618049,71.2691860831148
50.273519032063625,70.70359960248919
51.652194231378175,71.95977462246877
51.290373359364324,71.89489257831876
49.436775113286274,72.84355077134998
49.06829021867827,71.76720326516046
47.30035335369631,72.5543706275006
47.258138487834046,74.3732065584247
47.19043571976991,73.37819872617582
45.721599743394016,75.19457675573756
46.27149585873422,75.00501036876842
44.017220196200626,74.91440367639721
41.381277740955476,78.16616568319014
40.32694322005179,76.04430971220725
42.31801569074567,76.04829563696772
43.40726079614269,76.30988554472543
44.19916225032369,75.70322049692392
44.12163323012518,74.55843514374273
44.278770633737714,74.37213445153778
44.81042098223878,76.78493950653686
43.76581402073977,76.81397497653106
41.874881830099,77.88216049631882
43.64796288768073,76.42170073141618
43.78107852400259,76.08951582641114
43.0423436651692,75.17337978511884
45.21826161309502,75.12572501634571
44.41822759193255,75.2822876199358
45.61604220789487,75.21726005570277
46.351888069924335,74.10957625495337
42.633773918691055,75.06377720614127
41.505180970778284,75.80619131869119
39.50494163394731,76.49944841899614
37.812822005124204,75.14518479813322
38.50179997666296,72.86769211576484
40.55427614371617,73.24621835569593
39.845802878942905,75.11645226254566
41.614692096708396,77.28598000356341
42.366571180687274,77.53606539474004
39.997962022993796,75.28061937021315
41.44027565378931,74.40874457542196
38.72611155943588,75.53203322469075
39.74514897261002,77.6638320756566
39.177075965920835,77.71954197212459
38.54810087480485,78.76411262117679
38.91247514780766,78.04350646215318
40.39810513111891,79.90624707309851
40.882617909897334,80.61855251245795
39.09369262789303,81.47951252822855
38.20293585331097,82.52347355683283
39.33213233038628,82.54981847632004
38.28321135413998,84.06101159896113
39.526393306527005,84.52408923676636
36.66803353611975,83.90652628612487
37.80136962236564,84.54935806414011
35.090223092033305,84.75629466255704
34.29684100559781,84.86304160044193
35.11225937700627,84.58734178922744
35.59158031052852,86.7519704128429
36.08894208163544,86.62385975771507
36.34561821542406,85.95562087785174
36.3674452193301,87.19073325187766
34.144685944098015,85.47847303269063
32.80597648876255,88.17562272595491
32.56985775471864,88.89129545775683
33.575951815516405,88.95974055142966
32.35191651221031,89.97545784394208
32.05821614822962,91.58713125184512
31.51856807103461,91.82221794601188
31.584075851440577,91.24507468960991
30.634321033728703,92.13585586083063
32.04401444182646,92.13357520427249
33.585454670691256,91.54881501033545
33.96678111999345,91.94620686448282
33.16446903883825,92.04548624053294
31.86238475941053,93.16208700713499
32.54756494784253,93.80069218916016
33.25884980091745,96.09714366995485
35.84506635211765,93.88751368907627
34.081913969912875,93.59005569451976
32.629721589891496,90.25128584185077
31.352778689986334,90.4540143511749
31.07284519767644,89.94291131750751
29.339525048530795,91.58707711736118
29.215860733609865,91.56050764557695
27.999157830828945,92.30926557033654
29.31117928453235,93.46700793891947
29.405092367855563,94.447349085381
27.14607601780352,94.93404899026989
27.62077102342649,95.69039316002792
28.168052414223684,96.4668424121654
27.838404544453624,95.85799814258081
29.36603780286763,94.73725356081616
31.27274963564071,94.00385081384375
33.321846201554386,95.19682135966255
32.11729961635984,92.30103625700592
31.922785266387603,95.09029099208698
35.065498840078455,95.76938491886301
38.19735609614371,91.59126303414516
38.16061370588124,91.49892499001473
38.87162449472352,91.05714210563636
38.44751918403207,92.50743210743849
40.32954171884772,92.42544775156894
40.217434453717956,93.50475754337673
41.16058217891152,91.83414852999586
42.13924560525564,91.38804418569117
42.734250868226276,89.97873944404341
42.83402712365762,88.04352248485613
44.31729311097668,85.78064835533685
42.91094622168957,84.47749404395066
41.593924468377296,84.22443738989125
42.02739829624644,84.4800171620222
41.01485012648024,84.88970081185066
39.592182775226945,85.49555072596085
39.34609298552531,86.71846039546801
39.80922915266805,84.46138358976711
40.67228996617057,86.57318709163518
38.532779690116435,88.42601709851739
39.373689448548426,88.78359213553485
37.12911233283304,89.7127813764992
35.41560683505556,86.68111298324155
33.40160907344174,85.6764991911398
31.65208830687804,83.82014531082866
36.522292305646864,84.76565038624733
39.333214512146135,86.33147495145592
40.749482096101595,85.69933524514651
38.69923907455016,85.417461565893
38.99288293873999,86.97485864580823
37.230147861674574,86.00237350988431
36.7078989372475,84.93441775364477
36.812396398320885,84.56010915089924
37.11685922638819,83.28500286812906
36.98168841220145,83.9098479410309
38.167897581789525,83.19420494981092
37.586452943967934,82.16901083575429
38.6716577325818,82.41876819171021
37.32845065900219,81.52186417453352
36.4166366884432,79.6334794271198
39.069950159860575,79.51443404788425
39.95611294379936,80.28909154911729
39.08195573009933,79.92947363530084
39.127450567612925,79.22638935246299
41.00452604859406,78.57232089933976
43.787833241771395,79.00409275489231
44.394823507450276,80.08014673444998
43.98030902877095,78.31584295960519
42.575344489746904,78.55459870517825
45.15485220750965,78.36142731784702
43.42133567289318,78.59805195241672
45.3720640332826,79.05279124791383
46.340871307880256,78.60291092448938
47.583806883997894,76.58346116466096
47.31099303710807,74.5922364457656
48.23481310738494,76.69941038346248
47.70279709032513,75.48536336086067
49.12185425388683,75.29923419123081
49.98220023576475,75.93181395685964
50.48542937807653,75.70919866933775
50.99203999399784,75.66414738487892
51.751339559134856,76.1246262373345
52.053277304185045,77.34848132600051
51.94191730582582,78.05377360099068
54.210142231369076,77.51132969403666
53.834574000161076,77.83066900134808
54.5633300204476,76.86347372263847
55.105672321345494,75.22080061754752
58.026021313695104,75.56562159588307
59.053542517778965,74.426495437241
61.54452888055685,74.000259518483
62.31588957352157,72.98265153455543
62.756042249424304,73.08999199698698
63.384862006245875,73.78873573485215
62.70065703518135,72.11713248726603
63.06607706620299,72.26287853401088
63.16272841079369,72.13563899547583
62.55655624513873,72.91058702865087
63.594750200856716,73.45102607262966
66.25181034166656,72.87736136790492
66.39800535048673,73.68716442405194
67.66629714357632,73.57459295471459
66.6244188333084,74.41964230669471
67.22651076455901,73.92349352857292
67.44938836370503,75.18010536835463
66.9077599252355,74.33051845079576
67.14443131275145,74.74875979925064
66.48441213911273,73.90062311177967
66.50893178952775,72.68422038154014
65.98368405913224,71.73960065893199
65.4532671830446,72.76250796626644
63.02087736376209,73.8021001921932
66.45936874566858,73.83030001292799
64.42222864016283,74.4569091213174
64.9440153486972,76.26070622467923
66.92503909862008,79.30256453606574
66.65232772376326,79.0378236008422
67.64367788203039,79.28702396888669
68.22537107755474,79.42690921322693
66.59659884914029,78.2027130617782
67.09994597703486,77.51523015725303
67.7711817568737,76.3851366126411
68.52856140011923,74.46171759240995
68.43561441232391,74.40032506700916
66.42402063963527,73.85020768433942
67.2585723954268,71.79103145798582
67.27110348568394,71.50293694781416
68.84819269276299,71.11708645584508
67.537013018851,71.49292793201388
66.46295277732261,71.84338514646043
65.92907156454667,71.94402353726862
62.447744253263885,72.82580357260551
59.544732837484844,72.70011667424545
58.61885962997176,72.50602870999253
59.736142988624245,73.83106489161455
61.51778183670018,73.14300742034159
62.67019231136794,72.62008670621589
64.81049986343777,73.01048094820914
62.44183512380879,72.37765592758868
64.95154311271286,71.59238871068504
63.44728429244859,72.14393798161724
64.35104293771175,71.31663186954961
62.66146583456887,70.64538157941256
64.64646794636243,71.18002089175276
65.3632492053233,72.84584736276351
65.5063000084859,73.83246325773327
65.14049045402888,73.37144050236225
66.49772618122331,73.98201227558768
66.75373407561297,75.62575766208704
66.2333839012026,76.09926002106802
66.38383053405502,74.59175466027597
66.72519595428439,76.23893524089492
66.66402463057146,74.42179139393859
67.31531801495144,73.42884690796973
70.44943004592268,72.30049826845908
72.2180189556964,72.13436565737811
70.03753734094977,71.50824337573542
69.37291083559822,71.76711899249898
69.78614217750467,71.98830002968387
70.3893717154261,70.95554801534682
73.67378115445031,70.70852881028398
72.32538649958438,69.86719700767122
72.4269312753082,70.81552020698379
72.79689461879279,70.80358328040843
73.01048094820914,70.90290534816319
74.5605356853235,71.3881138773845
70.14345623685,71.7411855694127
72.01903932036734,72.02019872035831
72.17404036881574,73.20855269187186
72.5044191333285,73.03975592440348
72.7185571505592,73.29970433651249
71.7411855694127,73.52602432983343
70.01720474415917,73.22024002637913
70.94732248223377,73.63927974331642
69.35402713560704,74.03644819361524
66.02760824999281,75.97289168779781
66.04914155992024,74.50394654075991
66.108269695289,73.3966482544227
65.81133450250893,74.156747074523
66.02263665161664,72.37644274041195
66.23393880072435,73.16208646351814
66.44524094983204,73.84021304642704
66.65654309893975,76.06153084330302
66.86784524804746,73.57500145374746
67.07914739715517,76.40025784062715
67.29044954626288,73.9531357464198
67.50175169537059,72.89529639997514
67.71305384447828,74.89787004786437
67.92435599358599,77.25375039782735
68.1356581426937,77.31149090875793
67.17252955359089,75.08827595080149
66.2583979278,76.2138434421663
67.21966480190116,78.63872972161718
66.57099998693066,80.14099949006238
68.77842583247705,80.15074937435563
68.44185322583745,79.03957709669531
70.40626670470913,79.51205946002895
70.65273129406312,80.40201154670548
69.04903714311408,79.69417212556296
67.40980345408391,80.99643880172438
68.61797627721565,80.5921808473846
67.78704741144486,81.24128877649694
67.05965509952279,80.99007623349071
66.30407707374279,79.97849369538704
65.00435781641491,82.57984549476993
63.31180872292838,81.0048470050051
62.15275979335228,82.30746858667567
62.910354137781106,81.17657187244879
62.4131371065862,81.00224007909368
64.50731706608991,81.55636767012079
63.310903403111354,84.12980926423263
63.55712079457655,82.05332163241334
59.606668818711405,81.56517024125739
59.69118450355417,80.8690200133869
58.89426440708493,80.49089088251876
56.73587985934363,79.9673549528924
55.48636321451617,80.27626247457813
56.02510016861027,79.8038781506012
56.95938898780496,78.81021577289376
60.35180496297012,77.62036066859757
60.01311166555583,77.83228361718095
61.628129999228044,78.83762400313827
63.26582011976547,78.45417759156132
65.03823875269474,78.29448601643686
66.83202590580709,79.05351218088352
65.51305624144953,81.42116959287553
65.28656725521634,81.40464144968584
66.15719579877869,81.74523645176836
67.93073701795555,81.91633362520732
66.18351787903347,81.29995674371682
65.48530435876664,81.06309998421912
66.1877316956611,82.14834767066648
66.38146644742172,83.41366542528394
68.9455462295646,82.96410172725346
68.49915557553933,82.94552865930993
69.0666949868142,82.88827062265686
71.06823885823523,81.62119796824093
70.41214203357693,82.92922555219883
69.92391390433754,80.73771366234821
69.29385574655261,82.90581882092661
69.82784981100632,83.66714982624548
69.55639510253602,86.51995806113639
69.80709920186037,85.88902569920961
69.4761250932936,83.40446229968714
69.14515098472685,83.28962902420304
68.81417687616009,83.17941461217322
68.48320276759334,84.00500885529183
68.15222865902658,84.80488755616256
67.82125455045983,84.77228737512395
67.49028044189306,87.99485174652374
67.15930633332631,90.32156617641647
66.82833222475955,90.73752075882334
66.4973581161928,91.72333339580125
66.16638400762604,92.33307535212087
65.86019784939903,92.25349628855342
66.94643682666761,90.63130154370658
68.46659858297973,91.04262618878073
68.44846491438422,91.34215899722298
69.68272618361539,93.84400442499346
67.36067115477626,91.40139871100581
66.52099444942074,90.575724720626
66.5994339378715,90.95467232243523
64.13677172133865,91.64973889868986
63.1162081687188,92.59374335190181
63.29649387152064,91.03860693412209
63.24757258719381,92.00511156106106
63.40763462992398,92.50790979292832
63.307999265306286,89.92285003609557
61.424363392791456,90.26645965613683
63.03427097602382,90.32992533557264
62.033507175098165,90.65939775844586
63.33997716892219,91.7124443068578
62.70847764974469,91.4443264600431
60.15570726131443,91.07187664883145
58.658512528195146,89.02794911823284
58.604445266566024,89.5704708661398
57.74892323809837,91.72001974802808
57.490497694835135,91.7844013952778
56.00311305036387,91.55217220067209
56.937613694260804,90.6497193296395
59.6239815361347,90.41981852462837
62.31545435417955,89.33068795496308
62.100948288588974,89.86761740532538
60.19648830936763,90.10784533193353
61.417041834550716,87.96928150809912
62.80719649378156,84.79049439842478
65.24910960479336,87.62041376992424
63.06569935200969,89.837605387756
63.0739554577081,89.04348920479907
63.32650679214768,88.49512479436518
63.58059656390869,88.50003031310267
64.5438246206609,89.31221126749918
64.90898486202464,87.21988256468825
62.056755613183846,87.45809814882813
62.19662569719339,85.59453195664169
61.89005050997339,85.20956011954418
59.60429178540033,85.18646631577062
57.967380380190455,82.88190100146622
59.19556728210848,81.57088330353385
57.723644632988645,80.49231391978549
55.52560178533763,80.26203938592668
54.46318533702092,81.00592887270109
51.88909313615773,81.58358863438362
51.2791272345751,82.82414015664912
50.05583665664613,81.7302000983741
52.29208193575906,82.53457935081305
53.839963937382166,82.58675087004269
53.594547941846436,82.73869166042668
54.306965913074634,82.53494777753177
53.05448238985938,85.38288637062281
52.54592190214773,84.39821987885712
52.47371505517973,83.39606308972412
53.14000245682238,82.89594467959611
53.043351664919435,84.16287667732462
54.14353943418695,84.02743814091951
56.4253361907503,86.06214776355341
58.50529610355109,87.2045747890043
58.813730611353,85.85410870548907
57.88941697970258,86.61813850129708
57.22959614333187,86.60575940482364
56.242293034650665,85.65388103699703
55.85521658430534,86.56140919543309
59.51638428348654,83.64741200642503
56.877282480979986,82.21524757142282
57.0073482605311,81.48482843278583
57.55864884351272,82.49990068645926
58.02833714407524,80.3569765423692
59.903931627355824,81.02314143485306
62.401364857207064,80.08355515584365
62.97749959792401,79.80433639274254
63.31381140961871,80.23178502728642
63.65012322131341,81.6315031908984
63.9864350330081,82.33044576502621
64.3227468447028,81.81566671608117
64.6590586563975,80.97776969005209
64.99537046809219,80.9875282912328
65.33168227978689,82.95689377503413
65.66799409148159,83.78496785407592
66.00430590317629,83.60479661710121
66.34061771487099,84.53386633619985
66.67692952656569,84.21282307243246
66.37470494172494,83.77419515529552
65.53558150756142,82.67723362545749
65.24644688087668,83.04102662252988
66.20509867631489,82.75541325084203
67.7035474613866,83.35688076389876
65.3995893592375,82.02508538327558
66.59694985365391,81.8947347282966
67.78173846318508,82.73553091802589
66.34217131377449,83.22409854473861
66.64827451726627,84.74827651348063
66.350041156408,84.66095746292542
63.50220731126918,85.08705196239445
63.680799968568024,83.38467756146385
62.86866205763158,81.67597268121646
60.1428558866997,81.61522667090746
60.72981294407589,80.27975479359932
61.44768873458115,79.60791453846944
61.652955768880645,79.96392177744804
63.41481371182733,79.42010092193038
65.11869871435022,79.45480053835689
64.64710081029163,79.27686769670964
63.052662029873495,79.02689327140048
64.67176954459768,77.8271129832124
62.88482268192922,77.50817223483597
62.93238789064429,76.70537724540512
61.9530030694977,77.60366331826086
60.81495047253794,78.9388892901399
60.42570295959423,77.52117159191924
62.05438915311948,78.99106821615591
63.08152698786496,80.04530149163124
64.76202974199151,79.36257892097709
67.2807173343591,78.03207044174196
67.22228626831267,78.44711926502266
65.92410112331797,77.55241228272062
70.41294285627296,77.31499832791027
72.20946376317156,76.1665256469626
71.50293694781416,75.17825884440074
72.0267793493454,74.61173263674272
70.72069290593176,75.56354162649285
72.49156771412154,73.07139942145547
71.09799225586586,72.7389340266988
73.12064338910982,75.5146278647112
70.94697547915331,73.98479501967415
71.07778252667288,73.47605764997269
71.03226173243709,73.55974377289552
71.7545187877379,73.24580627323978
72.84355077134998,73.40438760458028
72.72783210814772,77.04959549507424
72.96767103161118,77.52930919538245
71.30828226015814,75.87298218271836
69.46668156140838,75.4987215252881
68.87858756139693,75.63890633951951
69.74110313584322,75.92147975082841
69.86516498003735,76.72846323522484
71.19329049939884,77.08060812462892
70.63193730159153,77.1231755555422
71.30274453568627,77.23603197781397
71.94674101498165,76.5336625141985
71.09602944272594,76.69428880271644
72.24924717141211,76.87477563291084
68.92676026635559,76.54591866927329
69.82338771650696,77.31337724021921
72.01441804592284,77.59363519483189
75.11645226254566,79.3466333995584
73.10832142147433,78.63454004004402
72.30541346031485,80.8085468561725
69.86577432589092,80.00603802360375
70.21697977718796,80.05054233173556
69.41768312481885,79.77690117020803
68.79246816136954,80.32850240274524
68.45932344382703,80.86856646165329
68.70576685744348,82.02853703930457
67.98963240749177,80.4746795184187
67.75229268710312,81.57430484630804
67.13564681600106,83.64646746939066
65.75079738319657,82.72682907184767
64.39921186995097,82.49773479696601
66.05731885044378,82.15431767902815
66.51149880820545,82.40867019166869
67.35188503069617,81.97392719576345
67.8013136884913,82.61409217278796
66.02543825613913,82.28321904187996
66.07620396242474,82.95711893485515
66.3869828409338,84.02889252267106
65.62863150098337,85.90093692231859
65.77456231072337,86.92204236026043
68.00006747479341,88.087220556414
66.89396829004568,90.73528041097899
67.32555667404958,89.78795572710666
63.22843573965372,89.31560926439312
63.29931541606225,89.43553117323783
62.66210044135757,90.16616778716576
63.36343917802939,91.13525878819063
64.51506343008487,91.7211242972858
67.01209552782375,92.02297850535174
66.98502144053133,89.88404370784794
67.81057119430044,88.56108810730757
67.7684679803725,88.25487928817132
66.00775506317926,87.10204103260914
66.53121094041991,86.89446729925342
65.38315215107863,83.76479988445367
65.68038555426581,85.65820332695488
66.30974698442886,86.61564548338019
63.39811627785078,84.18470772554038
63.11052837773254,83.4094092152363
62.15493148947531,84.44066473860737
59.88574112319247,86.22964504701781
60.11082099001388,84.46386857821437
58.007953057311724,86.87431543808853
58.368904836628836,86.91577380410324
57.338167996747785,83.3865495652104
57.392845108192276,82.95183869645729
57.447522219636774,81.48390359527457
57.502199331081265,84.20081017448183
57.55687644252576,81.83974245415628
57.61155355397025,82.41512668499233
57.66623066541475,83.6042224320609
57.72090777685924,82.73595383635713
57.77558488830374,83.39832529877253
57.83026199974823,83.44017731693343
57.88493911119273,86.52961741268909
57.93961622263722,84.02953461001663
59.09328937988559,81.82547390683506
59.29174987397206,82.23831611683028
58.31663935607247,81.13130108685826
59.177364352044,80.56984581091469
60.97936067933186,79.48721776721415
63.2820882033431,78.49578000873166
62.22067492658011,78.70396238041012
60.34441313740946,79.7613736380324
60.93826393929027,79.38660266414082
61.83452889637183,80.12938529437824
62.625632658765234,78.87241455526606
61.35612200711309,79.83285003524797
63.06032448297646,80.20042858659619
64.37240327669012,78.44928956889484
62.44494767445246,78.5583833841533
61.15282892462472,77.41531028261294
60.13114394363958,76.35974603609613
60.92287235198698,76.80731385032392
62.25275588736349,77.76317218379772
61.22245387174573,77.99994645684579
60.75448527096301,77.4511340551201
61.275978246498575,78.8940396612224
61.16279690878511,82.28168322458714
60.60811601556306,83.54604427892446
59.94695841732949,84.70576678304504
59.197165717268014,87.25144632730048
58.72668702512395,88.49665882161942
60.42725837151481,90.8372193634235
58.17282761611072,93.40359066005448
59.0437579255768,93.92630038261471
56.94977528847683,94.70793864838197
57.344555955645006,94.552344012708
57.25116489817544,95.58332120737856
55.9305955607264,94.58677880553164
54.85362255728731,94.06582868792579
58.66699711477153,95.22647537871255
57.399750321792084,95.23027421614307
57.44872542820113,95.24310335955563
55.420308474537165,93.79470638230374
57.73615404842318,95.25475341005016
59.14339737428105,94.84584456310887
59.06404679725885,91.47636288706222
59.531505780662556,89.96137010168599
59.35950307180154,89.52672855134878
61.23008222665237,89.98868144734918
61.32486372966269,91.03387105196364
62.30896188583132,88.66896920549692
61.51109455032848,89.76683182696465
61.23173750168938,91.68628423556551
62.640495438843956,92.09485247913766
64.69576809194189,91.30097199233626
66.30286036091104,90.72370489845645
68.05435852114346,90.40000316855078
67.22673795390463,91.09817624931395
66.74442876185347,91.12516696461866
65.54663850539913,90.87648594570112
64.29640557190459,90.16662752129568
63.75928920006018,86.94069416270337
62.76680328516209,83.95418006835548
62.848242985482095,83.04898616946807
63.149416295280716,82.67599253588558
62.748923369367084,82.86567372778447
65.6947929366442,84.68065680857534
66.49023444113811,84.39136053148368
64.72430245556608,87.09201258457743
66.73579272309766,87.78781944513194
65.79675213372963,85.3632255606074
63.91087506109289,84.3456978545342
67.03043255850078,85.03887091492003
68.9243133816056,87.55709018229821
69.45680959211833,87.5634174114672
71.04068952313533,90.63927089616445
68.32697788456824,89.04241142564152
69.22118622043715,85.3975683515874
70.2540906185346,85.29176620677521
70.272583559443,85.88978777168462
70.54848303785957,86.10316689677458
69.62004895550938,87.97700441791794
69.75269095672157,91.09698490974424
69.54905941243979,91.0151513482
69.0426740039969,92.30164322214448
65.97720382865975,93.55780020290167
67.85571314004963,92.36818107214269
66.50238932043447,92.72770758426634
66.63025204162707,93.43022493033351
61.90617046050482,90.79939020505161
62.37506400214867,89.58376830356151
60.87166129435808,91.31566517360837
59.58330860024545,91.51315671184005
58.4314461597492,86.19192684212825
56.48162838083099,85.51426430456593
55.38884730349354,89.02074492229711
54.22439666417821,88.66610844525842
56.317549001967066,89.25190205521793
55.700019838982726,90.63655766232954
53.441385871548576,93.44831852820785
54.6368044591541,91.8060599731245
54.31133330666038,89.88944401076606
56.5314926161426,89.50744322503056
54.518249708298946,89.51680166966833
55.598335251272474,89.82480376106533
55.8910157787351,88.16553350923691
55.50097407044972,87.24111013735825
53.46796830734746,87.17386922784232
54.46255428245181,85.21503301960271
51.93366491503557,86.16982401932722
50.13961268717711,85.37375866136875
51.30284227511589,83.097915778194
50.49602669169771,84.08088892245236
48.07588955618271,85.58556274127824
47.614255685322085,84.21235449991366
48.0567677185066,83.4145316851983
45.915751760291194,83.58172001887897
47.48474377313788,82.91232226198427
46.05251303794276,83.06256452887773
44.93841554025066,84.27176971046777
46.22872979351392,85.86646121336564
46.3790741294605,85.04820981158139
46.43634217097109,86.51447332188913
44.37091217208927,84.70110454371276
46.220002994045124,84.05275239957015
48.23987118792972,83.9478016784029
47.20239093024152,83.42916465703894
46.77231869086521,83.58670998521728
46.84662469244709,82.87315078221239
47.64567383588356,83.52790208438279
47.45998446913691,83.13589619954095
46.782751191259436,82.8530991815775
47.2044381963433,83.6435462602952
45.96041589315318,84.20446347800532
45.38646586739581,84.43835497289483
45.18661077682607,84.43460870170429
46.75478395095537,85.7450902902783
46.520294323501496,88.99688595865558
45.898909919973065,88.74690304379314
47.06714028655702,85.2334475571223
48.20593797248327,85.1558324510745
46.672045462432806,83.11995866588991
43.95941073024368,83.3647142591754
43.38457107584142,84.69130485111239
44.39734775448995,86.356662616535
44.19724591102124,87.20875791852025
43.99714406755254,87.61170943733288
43.79704222408383,86.65494510441579
43.59694038061512,88.51733828108156
43.39683853714642,90.33373791946337
43.196736693677714,92.12049416749996
42.99663485020901,92.52052937105672
42.796533006740304,93.77750568264017
42.596431163271596,92.02647787851234
42.396329319802895,91.24105068076356
42.19622747633419,90.9311541473678
41.68316377245412,90.57556165818295
41.92000833097793,89.90175098260592
40.980759869078256,89.09787737960957
40.28550606131273,88.48788063424652
41.49206996400393,87.88860544626608
41.17700500661455,89.24912775748658
42.89781428919158,89.56961622710666
44.30946491924074,87.7465563681027
46.513421415286665,85.43929094213973
46.23171165203032,85.59257005240796
45.95000188877398,85.90370019329659
45.66829212551764,84.43092912016323
45.386582362261294,85.20062799610925
45.10487259900495,85.33007551759542
44.82316283574861,85.84766637238232
44.54145307249227,85.3095176991846
44.25974330923592,86.93805141127324
43.97803354597958,87.45569732585749
43.69632378272324,89.3472014654982
43.414614019466896,89.02524303826931
46.38039838725563,89.63723084309675
47.6477732596546,90.78983201875697
49.60749769387394,91.87024301286708
50.035915510208866,91.07364761395485
47.89097947612965,90.83597056013727
49.050989095763754,90.99663069965028
48.692256336489955,93.83686691711002
49.14008462286893,92.63405052639398
50.15268763337606,91.8299228776295
52.05207630833402,91.93917322772391
52.87082180181239,91.34984275608299
52.607749269905,91.04382803131054
54.13918218574004,91.56478903154523
51.88859773513036,90.5964747950484
52.52302617575222,90.54679625768144
52.66940393001641,89.25966496937083
52.8157816842806,90.2464984750241
52.96215943854479,91.70701968212981
53.10853719280898,91.48869794812161
53.25491494707317,91.9993946402267
53.40129270133736,91.19886545610154
53.54767045560155,93.47616618176056
53.69404820986574,93.5897105541673
53.84042596412993,91.13908851400069
53.98680371839412,91.25798695290625
54.13318147265831,90.02411264787499
51.76280581980224,91.16498702340718
50.770975580147194,89.6883322461051
50.315694370084245,88.4063721409896
51.06381956803364,85.78350637542263
52.47562519447839,84.79036043003853
54.24884389684426,83.36272729715796
53.13281171693022,83.45191833709173
53.21425569655796,83.97845703285253
54.45013794045019,83.6839227468197
54.169439324699454,82.36209214526525
54.22093127115795,82.58849389686034
54.55984721657696,81.58502931786391
55.859996985192716,82.68157811404954
54.21446836394075,82.80060696439057
53.246376227857404,82.14835362187756
52.39945283249635,85.37556736062692
49.998456350714186,85.41722559929009
49.32465086981003,87.55809990060186
50.63796156232404,86.69916110117853
48.73867977798825,85.1619376869209
48.61639136359968,84.20046269685167
48.01419614149343,85.53668496445023
48.922689335575555,87.32961139863174
47.53864664090368,87.81766946433684
45.99267682748886,88.51697510569643
44.63126693894158,87.82099606725974
41.90749723195128,87.44389067793762
44.61194628891415,85.01073468831254
47.30528172638998,85.45655825827833
49.116537328856246,85.04448060899576
49.43503088820897,84.17438753059518
51.321908907778955,83.17447048546552
55.03181935102232,83.22888143257086
51.25363244902775,82.8129817161221
51.62853141200347,81.86262107984122
53.3326687631124,83.45861279065107
52.92588728421472,83.08667823060117
51.70144999346537,82.89536259231241
51.386379508328545,83.04120460037522
52.006230164268544,83.99538095569018
52.85887910883051,83.7915993296451
51.97454223491604,84.69750737131707
51.57872895589032,85.29952198776093
53.542650552810706,85.12896353492452
53.71079240527935,85.27967923067561
52.63350898834659,85.19342253645016
52.26176263342762,85.42417832801135
53.10065893378512,84.19986246223127
55.39856448860766,84.10196523550364
55.079756407212514,82.08861313968625
55.3783100227042,80.83356078221969
55.15086988287276,80.55507487316301
56.34943122261978,79.110985223331
58.80407480529348,79.88823400350573
58.599647876945454,78.2976286703514
58.484358884643854,78.05235307250284
56.23574894091324,74.89972175917998
56.49456290071794,74.18022845927673
58.562746364422566,74.64233550143231
58.17459036064155,74.3083382766769
57.888322559916716,74.04713149302296
59.01487559748755,74.95818311692945
56.25894297374162,77.75958997130736
56.657256596975905,76.04931069004479
55.8149824288511,76.36194174809658
54.263566259775935,78.38272074886092
53.26637466095023,76.36442469741613
52.621707532330205,75.20692805865855
53.50360217705436,76.03638790249543
54.29598745597813,75.25497783634425
55.17766071273834,74.63520075394229
51.964272031393534,74.27901783826839
51.27952001669564,73.29895253298679
50.966592581003226,73.25004630600047
49.985926422464736,75.19851842565728
52.05299435090153,74.5793964232744
51.06265743355288,76.23625076511892
50.24010601209988,74.34526780646615
49.41755459064689,74.31226412387862
48.59500316919389,73.67845430433383
47.77245174774089,74.35918990207807
46.949900326287896,73.90599734332754
46.127348904834896,75.39344061988673
45.304797483381904,75.93195181251656
44.482246061928905,74.95125540675194
43.659694640475905,73.80468125054047
42.837143219022906,73.525406339572
42.01459179756991,72.99505086700908
41.87269401201145,72.8287167597561
42.21649590814892,73.35772241821581
42.24185263134854,72.8010488485949
41.6364507078548,73.56663212723481
42.12631508695355,73.93349733676862
41.10283597565149,73.14102824871405
41.02600040582759,73.63378961246681
41.059409372986856,73.27116412747677
43.025339388078436,73.17394432893926
44.45548479154834,73.18199542589917
46.18118097288493,72.98767782941562
46.619419979805905,73.15305650168011
45.912995754263754,71.9509788510244
46.88926263121119,72.0248320835269
48.80308046349365,72.31075608393482
48.874572373518255,72.1712395490636
49.30336422048253,72.41275533939786
49.91946658511004,73.73625679245333
47.820903042575466,74.18362994564129
49.92662551326084,74.16461217537116
48.74167801375904,73.84694775437578
49.10557015085262,73.76927926374734
48.92411633989955,74.1083703871721
49.18556000537129,73.78180944976091
48.1238404466834,73.19462558905232
51.19547349235792,72.5663535571719
51.43542083493442,73.17140217309645
51.67536817751092,73.84159148317674
51.91531552008741,73.5660100586748
52.15526286266391,73.52418071257777
52.39521020524041,73.53185474280883
52.63515754781691,72.8309145247073
52.87510489039341,73.48292057404522
53.11505223296991,73.80085594216908
53.3549995755464,72.86149917067686
53.5949469181229,73.13735481448002
53.8348942606994,73.90310804766078
55.21491212529472,72.96167270894844
53.07615629249117,74.58346810253245
54.12277512276435,72.42234740901128
52.19673778869171,73.17052433423692
51.72673231111248,72.89064587693211
52.41581969500075,72.99160876773516
52.96979220126372,73.75304904839825
53.94986845013566,73.21811316915762
55.25238120627384,73.01629304633938
53.82349034515073,72.86847193606116
51.64043359040156,73.02337129249315
50.19817897376314,73.8596664644148
50.71419875284567,72.84586272099031
50.66697170277562,71.86073432114678
49.39504189740078,72.0691441152992
48.68309849605138,72.87571303887592
48.16379838779446,71.86476225960536
49.387439083510756,71.72923967474541
48.7555421992807,71.93775117731175
47.5302979162729,72.1696563585062
46.91011170734856,71.49054986926653
43.344527994122956,70.80784859092469
46.405738583085316,71.47210493792198
47.41729252255618,71.49484417875625
47.17817149919,72.44154719015118
47.40208694719869,72.85035810483102
48.82103534980986,72.91320652772475
48.90214061450974,73.75914867664619
48.336739869268094,74.6244583261968
47.83869755335864,75.55078270644778
46.55761401129118,76.75595770703445
48.5644771443314,77.93055673588941
47.954333211365075,78.53305297171185
47.34418927839875,76.3924269550841
46.73404534543243,75.85867822273387
46.123901412466104,75.27751197722438
45.51375747949979,77.53033808476815
44.903613546533464,77.91499588410917
44.29346961356714,79.02895612738068
43.68332568060082,78.76002014090557
43.07318174763449,79.27378290687456
42.46303781466817,79.11489705240743
41.852893881701846,80.27910074803967
41.55197979406139,82.3620223478419
43.421499220236335,84.17686688241518
44.767899883326116,86.23714285130775
43.88107538873009,85.95887130559983
42.663681215768314,87.43018629957086
40.07194587347509,86.24473207348639
39.50422397421865,84.75797970371652
36.41178307385568,84.48601606611142
33.24162592308966,85.98076526619354
32.10355261825677,85.16733079869465
29.85787101785726,86.0868642077303
28.017252496825222,86.63953565645353
28.470140630855116,85.90311976433216
29.468416094765235,87.74656547819575
31.77011851401877,89.5318324164687
31.920476220086318,86.99421134204971
32.94939884793151,86.87984789547505
33.72156344349578,86.367525689908
34.910471300889384,87.79511771069608
35.100683817197364,87.63194198675266
37.642691073979286,86.334349371716
37.41026798442293,84.49154329437681
36.795337886926845,85.3856723799577
36.18040778943076,85.38707599191417
35.56547769193468,83.71851428405198
34.950547594438596,81.99538713021016
34.33561749694251,82.42650477559522
33.720687399446426,83.082561548976
33.10575730195035,81.6296346171992
32.49082720445426,81.10546444832192
31.875897106958178,82.86520177891583
31.260967009462096,84.58587603919827
30.64603691196601,86.1726711804288
28.869637568619318,88.83684747190746
28.194064232532966,89.95168746417502
26.812624641818818,89.04810442039489
26.249464164183383,90.81263184539235
26.460748148964313,90.41180410977607
26.480285231012754,91.49774056628232
26.02338201944397,92.42731270479914
26.503374760955808,92.7079441068839
26.517216975459007,94.42712756401528
25.439242003034046,94.84708221554999
26.037248331592355,95.82926804884382
25.213637446099895,96.79213464817872
23.12688671924837,97.87475605907309
22.257028110337245,96.57567730795844
21.89608272713653,96.16854049049076
27.485666163683803,96.37489008297162
28.310989018823022,95.18358357801345
29.303264074366695,96.60878091582292
29.15634745372274,97.47381465592134
27.388100614987202,99.17634074659887
26.685954764904782,101.33202562498913
28.69571896282426,98.91037474082869
30.216219752196338,96.74821411519244
31.329874720228865,96.3478574104839
31.585121343537683,95.67111946853407
31.975469258344845,95.79925893239643
29.34285298542333,96.1985322297777
26.085775626787488,95.33815347842545
28.989026172917313,95.18930749588812
28.764896225090904,95.6181498913567
28.42044455867369,96.51238019873342
29.130910645367894,94.82436659035844
28.57965507279055,95.57611074267697
28.372494245325015,96.73966792670511
27.85748779693927,94.76864169094492
26.992919012473838,95.65195418497767
26.202825753652203,95.99623758089176
26.887862786271974,95.33425882797857
24.28138916558793,93.51826696025208
23.711283620192734,93.09171141779551
25.810582306494247,94.47069069897347
24.7468030078889,96.73701396771591
22.20623704977988,97.47450071444997
21.80840142010247,96.7084184762594
22.14334595325653,96.80810758155027
20.281971579445038,100.42745499376205
17.82527345976418,98.69424977947361
18.036617903750543,97.75844703665443
16.900050988995094,99.47703325401454
17.018032254414265,103.07632299243929
17.522054110832812,103.11910165267031
18.272991475163746,103.04275553284081
19.829452933870154,103.08370290323754
19.471729977525687,103.46895711038074
19.5800384131758,104.48402385892224
20.28025408944644,109.7021918754516
22.039250023669023,112.68818171938285
23.358789555209146,112.82283683893219
23.606266479307404,112.65690701689515
21.861942616931938,111.77443967395479
21.877622539867478,110.84766377378112
19.721370504796692,111.76484361595719
19.627144709694534,114.96925332708783
21.837840240723388,114.75171377120984
23.26588032828723,116.14459241223406
23.143997262364792,116.9448481332892
24.226748214588614,115.2596983081531
22.973911563291725,112.44523894165344
20.48773721643655,116.06228897792109
19.987485178797378,112.95572277061818
20.44286348968829,115.95762635987542
22.56205937497364,115.21951732321486
22.3939544855907,112.65270280241127
20.738188880095908,112.6456899985384
19.300371900204023,115.27290411495056
20.03754991332212,117.53302007359325
19.083263311213845,116.75904584076048
17.816667316568275,119.64907895608063
17.24939171177392,116.98576975967082
17.385189972530235,119.73662705796224
17.02440202477312,119.81526533779906
18.054243199495012,120.29882580478214
17.964555582735724,119.47679956180517
16.75602966238103,120.3554681823856
16.307741912026636,121.2751232152389
15.842933901033266,125.16294647848252
13.921602469602627,124.92231602687642
13.679364159880981,127.15473756364322
17.624923831865306,130.0290858766793
17.4038567628269,129.13853431835898
15.409426118623006,125.62633405004577
15.783416694454834,123.85693842382233
14.614659506445598,124.61718128828575
13.303220053290792,122.35065255402321
13.660254565285697,120.92441289822985
12.062662026222362,120.05003766570098
14.068765038229412,120.56559986584529
15.943119624315715,121.12173318999585
16.219941532866386,121.2743334749304
16.94021348867179,123.36496373764723
17.13148088144677,125.39625710917295
17.297602430143588,127.19285605887292
20.016552735368855,126.35097633489616
20.450574178361585,127.20103919999858
20.48208995342528,127.31207115392624
17.026639858542378,124.01412359025221
18.65975745817145,124.22542660426735
17.806987359495835,125.42130046164812
19.598731558521592,125.7061578952579
19.455902055937585,124.89809557635787
18.287131298707084,122.12746623100561
18.15176192103039,121.04105309046336
17.466598814354686,121.5619334389949
16.7758365886735,121.18692837134536
19.217036639155644,122.51582883520003
18.70925720297854,124.74005778379235
18.964682806190513,129.540024871407
19.710947828786388,131.95604722134303
17.952586252553676,131.66146346455338
18.258074045160985,132.51470393781565
19.020345113941236,132.75019437639432
20.57811932931331,133.6041551503435
19.44991001713974,133.88186791145918
17.31548510537936,135.13044974248263
18.194473294423215,136.97395378285444
15.234944075690652,138.50384857901494
15.425558467170601,138.4781424312686
16.55179765997023,138.68405750393453
14.730320960655575,138.40490916724463
13.320290195510475,140.38390732332587
11.472087211371285,140.94853574383953
11.579492117439237,141.05348644608316
10.076965262547063,140.72884732354785
9.74330759883618,141.2835850371612
10.702858118059545,143.07967610690426
10.056649657195159,142.94567615659747
10.281379048033024,144.38838289776822
11.5583842060249,143.39854235695222
12.446798314287431,143.71812575276434
11.164074306127109,144.2579642391727
9.678540625298867,144.14748162745676
9.156249602411544,144.13308383882207
8.68354905019306,146.1147772484665
8.025603405550761,146.29861845420277
9.25886980503563,146.47232559513319
8.982987481712321,146.55874646948044
9.444974989518279,146.93677194820745
7.885383730006355,145.8840882646469
9.608363951281794,144.9854193288974
11.8364622022019,142.9517807268306
13.852383195653502,144.35638508152695
13.736659172916042,144.91706290128172
12.299571953321463,144.7982095539161
14.492601315487134,144.26544642894208
13.642076379956706,144.73131953742018
16.124611753308173,145.53936966007038
17.09010044427685,145.04331056585823
18.05558913524553,145.32650342779277
19.021077826214206,145.1977366555217
19.986566517182887,145.06132488897674
20.952055208151563,144.79588441998592
21.91754389912024,143.79046216938474
22.883032590088916,142.00101786673244
23.848521281057597,142.03522490323508
24.814009972026277,141.00107765407333
25.779498662994953,139.4129430206046
26.74498735396363,137.86373457886032
26.078887821886074,138.35893759589823
27.2220668789797,135.44936460134383
26.748659873598406,135.34951374515896
27.382497537165314,133.40262517128488
29.056869942633938,130.82396350189555
29.950267011815274,129.8967074358238
29.129648992690704,127.61200263792252
29.188256401075005,127.22323363568276
30.73989274664628,128.44755624951694
28.329741551947883,128.42877209691434
27.28297748884059,129.4584291110383
26.428635104351066,131.5857401636206
26.33624099123416,131.11161046402484
26.93422731686762,133.94128530009013
25.40673222781391,134.54319867550274
27.386272865703035,136.400387342877
28.76156332587765,136.5793026410483
26.857389759201034,138.9225976748129
26.345320535938054,138.975492442534
24.52398177789714,135.91343156981065
23.23991449913593,135.08498794608855
22.858842302648362,132.74328848048685
22.63238352798553,132.74530777480726
22.93685481648553,132.45919015169494
24.314017138030078,134.8141266659158
25.902968416360604,135.38539332185778
24.04686201168528,134.62906905982572
24.68238296490585,134.59062061924294
24.13011662334857,137.44135205039382
24.15486419761975,140.0176144907193
25.872166436879194,143.71919886217793
25.976034626141693,144.98262602838648
28.676504753906364,146.16580781922144
29.861659326201636,146.394375739512
29.592201585798087,146.04934152113742
30.272506235694436,144.12522858616214
32.39683792660728,144.81374363378362
32.40432806488368,143.91588182474243
33.15864293572833,141.29617272648363
33.62408059119915,143.03286236688126
32.76028233789105,140.93458003173657
34.31097790908258,139.42393047529902
32.73273753640418,138.90141174077286
30.49111999642619,134.8340107877327
28.23325935846866,136.02021214129257
25.675360494808096,135.3491214602734
26.294614524599467,138.41993207143273
26.826644017252626,138.51766255443926
26.80875941270998,139.21569779773498
25.089898333684882,137.86424760721897
23.19245619151622,136.1311957303562
23.308920867731082,135.97281915571224
21.747999432356146,135.69029527944778
21.1723786258725,136.9414090416488
21.128714515831167,133.50744016671942
21.901305952112878,131.82016443437112
20.473790990399976,132.1454217589956
19.012519092555763,132.8288523224992
18.323607740656666,134.84337287645093
20.066554641528064,137.63472062324547
20.59614252862601,138.479365843583
18.506790497574475,139.34472684697363
17.236969276762586,138.0751509283938
17.576008776252944,134.5492140062842
18.150231418656467,131.782377023903
18.6004258312824,132.34172749689873
19.23315077503975,132.48901321816066
22.00102780971375,133.63289245558178
22.43022198571365,133.37845386191972
22.306047810777752,134.31017026600708
23.633830318421307,134.2141791405133
23.23273775790789,134.8044469662006
23.093033624272252,134.176313264928
21.882545434259203,135.75186002584118
21.75508636871671,135.74057614331932
20.901523484248756,135.96909312036405
21.66193986246236,135.61366017662903
22.54976275816515,135.54270833060036
21.19522670690784,136.15029831262564
21.077256617090324,138.73551068160924
21.665569306451818,138.58128872457308
19.999287981230882,136.71893747090735
20.164157765375908,138.25093898154321
20.71557982718329,139.0914298233072
22.48264647558795,142.59154186111928
21.304115884041835,143.8703413449077
21.936589314691535,142.99253650301404
22.023633025768287,143.20821233281094
24.806359378693628,142.995104070194
24.948130142869278,144.84500416078453
26.41395112605117,145.17580558595353
22.633343772666613,143.84601106211565
23.67499867088618,145.79093093554468
24.380904297903182,143.7473232297216
24.458284685661116,144.38283652451506
24.366410462848734,143.94993151536323
26.740440422827206,143.02839372910955
26.73298633326148,145.03276131127484
28.308069783411053,146.78417137263716
27.161292231136837,146.60396757027382
27.880039841348786,144.5963519832328
26.804190529749462,143.58171235476303
27.087638961364146,146.58356619394254
26.88447967186154,144.93922607016341
25.889390739604156,143.95421267158594
25.13370790007577,144.32132254753145
22.215737753752826,146.18718267721894
22.457555390790095,146.4442204081329
22.742762790102162,146.2841025363398
22.999454530563906,146.94574056322344
23.459605040844703,145.91475161615668
23.039103816933373,145.64271355401382
23.487989587072036,145.23268838762448
25.12332309260308,144.46038195556298
26.128866664987704,142.9626716949217
24.63143027909288,142.67509087853603
24.51291447158122,142.31516191529244
22.332101488761637,141.3979515876969
22.71750704188898,139.71376477831726
23.52482933335473,137.91972662297195
24.52390155768893,137.49856115984286
27.329677101245366,134.20842063760523
26.145046205318277,133.7418210849519
25.11260016283919,132.9396072037514
23.04990452711612,131.01458013612736
22.27547452952456,131.32774264965042
19.9456776744918,130.09787270986845
19.46872997092478,129.93115987929835
18.99178226735776,131.2216164939509
18.51483456379074,131.29199724474913
18.03788686022372,131.78181467611134
17.560939156656698,131.75613090783466
17.083991453089677,133.06270847238528
16.607043749522656,133.3399191709
16.130096045955636,134.73000464981783
15.653148342388615,133.56780132535675
15.176200638821594,133.13327667856572
14.699252935254574,135.35852666570008
15.005171158987766,135.10306926207076
12.033404953667503,133.51365181040288
13.140069113627401,132.57243341063773
12.0646111654442,132.3787934176896
12.090555896727084,131.65968176307416
12.822451931289926,130.69542734532666
11.413137099776572,129.78104007408518
8.680966997618148,130.27543524331082
6.858000800544003,131.47089112940276
7.654837551208018,131.69459110913454
5.388533801733736,132.86528031608935
3.941278529057615,132.1975218903419
3.635436531675469,134.95229600763548
2.4049770925331355,134.87371002629013
1.0446963057140926,135.67300456644205
1.064015877246986,139.50444029233012
-0.7984942314209544,139.24364287655288
-0.7797296495141985,136.7563585398785
-2.8531200172845885,138.73462256782074
-2.9640648304192005,137.0798472113713
-3.543010434707092,137.9283497495657
-3.7611895728911473,137.87472827081186
-3.2670640104903885,134.2316591860443
-3.6438947872741236,133.04580607595386
-2.471430959507667,133.6790455010774
-3.3984712273151545,134.6667240303201
-2.0070724666376494,134.37111018209106
-1.402844760402009,131.83151161595873
-0.19454301313406774,131.7643941763654
0.4060990579258128,131.95582652054495
-0.12497519345123842,131.6403496187009
1.2896624569640103,130.25904576716627
0.658766757769936,127.69106870294482
0.05069412244089433,123.81367112735519
-1.6615664215806145,124.07266831562453
-1.4487154354358636,127.1912447793399
-0.0009572060838149987,126.09501519142859
-0.2502696442645258,127.52955226227039
-1.5955211855400868,127.94665983711812
-0.810596125211124,123.96861510233964
0.556693316580742,126.79523317893067
1.6982624874569572,127.2310549584162
1.2937339695308163,125.06873626296135
1.6471646100032906,123.71199213997988
1.846008604338575,123.46954307685759
-0.5281372889934155,123.78178395033817
-2.9525955878488443,125.82245398725394
-2.628432779997531,127.45269844462403
-3.0852958534267554,127.2532037581806
-4.498597721211094,130.12499913725583
-4.188712593802302,127.96809071740795
-5.563642453245194,126.95920821879247
-6.368447509930585,126.52297669260005
-4.5237208761019545,126.80044709624913
-3.744492432329681,127.2720649519453
-4.383055161938197,127.02358938376925
-3.6593424612878116,130.16957282446776
-5.085234244900323,132.24123938529164
-4.962572954795736,134.71018887910958
-4.724509687846435,139.64393137539608
-3.301577787078466,139.76373667567296
-6.183120762891844,138.92195440549366
-6.7437505948559,137.204284297181
-5.657419276690085,133.68229313123564
-4.945949087624468,133.27933289279986
-4.382839098085689,134.45717733204177
-3.845694623230517,135.22056331120362
-3.779058626283777,134.88143750851253
-4.0639619323510345,135.46380128569342
-2.685622684175126,134.90807165373693
-2.4565808401075224,138.62822979194397
-0.6160225062257652,137.0044473558237
-0.7197370967283929,133.38471326856504
0.8165688265239874,133.8234368373226
4.0441520701989395,132.52876960948498
2.4925792225651535,133.32511934477347
1.4009009291509966,135.13381425299485
-1.4337467593775712,133.1873376470628
0.2605532023485986,133.84529709991702
-0.49888763637129663,134.349377962463
0.056908573105946325,134.90265576171439
-0.6078634833636556,134.76825652104645
-0.10216187720532455,133.0163872367867
0.6752975439494592,132.07667420544342
-0.811392996743261,131.95525828576575
-1.8840566631453912,131.95393390822125
-0.14541998770994358,131.38412288903297
-3.3606231325226408,131.05932756299
-4.234479593635557,130.97845639200617
-4.81557193968643,130.69480555915985
-2.439803275697018,132.69428861539643
-2.6071407036031444,129.68544946386655
-0.9851827866661458,130.61022867340802
0.26954806180391366,132.87206901790307
0.6206062114681798,132.74611648748814
0.9681624852212749,133.97495575127374
0.7342585555516974,136.05929491535392
0.9390117528677394,135.63014708866316
0.5328467641416115,135.4685927496854
-0.22298229826200777,136.71827433013146
1.1773823729895023,136.22160713893098
-0.8799226566523262,136.11929587925655
0.5771512586910734,133.50797380104478
-0.9752452845271149,134.2126492485615
-2.0565195127488005,133.1252536468849
-1.221274169836327,133.20740588284883
-0.392465800769351,131.6160050915648
-1.5412928990901813,131.92809116572948
-2.73469896299354,131.7610451897688
-2.155724713902954,131.75704888281786
-4.570759791578457,132.33237263321809
-3.9768818175622753,133.49436406451687
-3.454127308643985,134.62585878272836
-2.5613076458745825,132.53047068419843
-4.479869381028816,132.73792470389523
-6.9097216080668895,132.86429621041495
-7.724497240768294,132.36929855629242
-7.600865082313749,132.4594306570706
-6.200942534844789,133.4793098174588
-5.2834159392507445,133.7759020534132
-7.066766997974277,131.9235589103852
-6.2722991474113154,133.3572792328902
-7.0416978385155815,131.51519324172017
-6.43983479692763,131.96887410938598
-8.08905308741386,133.233797654315
-6.779504489989161,135.46221259279193
-7.195014489210059,136.5851971863533
-7.921550319939639,134.5816021328096
-7.813351020193139,132.06509253472873
-5.253657769078494,132.0414820699077
-4.229009002256115,132.3237231366643
-5.131621370426206,131.73643137397806
-2.9212850517206803,130.62878508001782
-4.798504277005522,128.4995111514234
-3.8671038787082095,126.44150889393252
-6.154951627732447,122.97848974113691
-6.0364204158954475,121.55466952465936
-5.917889204058449,122.12569869267124
-5.7993579922214495,125.15434490691987
-5.68082678038445,122.13223459986062
-5.5622955685474516,121.36964866028235
-5.443764356710452,122.1597698998003
-5.325233144873453,120.45785212929579
-5.206701933036454,120.78494901989141
-5.088170721199455,118.8183463584923
-4.969639509362455,123.02811127439783
-4.851108297525457,128.12642139395413
-4.220659353487587,130.11986954838773
-3.498404297381969,131.91388416703228
-5.88248040871526,130.84745041893837
-5.313515110912468,132.38753102775866
-5.33147946489469,131.7495331479545
-6.7261197181511045,131.16247497657824
-5.691565589709557,130.0364745138145
-4.845680443162989,130.0234691792117
-4.547426305639876,130.94765094780158
-6.332964220140429,130.23880741792385
-7.107497247320934,131.5509020334683
-8.334970205887714,131.50831389425488
-9.112842668128899,130.81533395757683
-11.199158528199547,129.53334095702706
-8.410729031625507,126.3073000372881
-7.855182224236186,125.45537276380732
-5.731233430537668,125.18233378725718
-5.854652501358006,124.94074252886398
-5.219587005630784,124.4917277729925
-4.520594955728672,123.25176349865987
-3.606471776456863,120.58732667218936
-5.093562610194036,121.85075402416072
-6.298758416988772,120.41658808794813
-8.022598456326955,120.50119305023826
-6.96147527611781,119.42209254159317
-7.184197787323867,119.12375610194954
-9.698588567658735,119.03189131777896
-7.36460645696177,118.57160612513026
-6.2973951972057804,117.35021520973777
-5.428800887349076,115.67546348789338
-5.001079348167588,114.95065293354
-4.051801053558404,113.33565385761315
-3.953132687885946,111.33689853396959
-4.472669238176966,110.05234624498907
-4.392602506524591,108.6440912837807
-1.0544910375530812,106.23531531311556
-3.3592175886528928,104.9058379560168
-1.418357922209161,106.31176795995698
-1.9537704541952294,103.6013526228077
-2.3985478336493995,104.01876047526991
-2.9808142684451577,100.6114908452996
-4.298046147874926,99.01200958158705
-4.169227185766643,102.33014748891515
-2.636796774985058,100.81117135614946
-1.5267966395812416,99.32803274928185
-3.6650561772751233,98.93712618337425
-2.671551649603116,95.98830705732217
-2.678753751695491,97.0452507553875
-1.273247516850862,97.5368635505865
-1.6488578385771815,102.03165493641264
-5.259852494248086,103.1603094687225
-4.104239609623121,103.11755769835398
-4.959763105256992,106.29231442273773
-6.61194709208702,107.52898283870297
-6.2331519588291835,109.44088198967141
-7.21619785916457,109.49614042582232
-7.5642178205416055,107.10320313821131
-6.44118264480978,106.22103366937628
-5.9088424093292495,106.66608094832327
-8.03796924644821,105.06209282494302
-6.599259104003133,102.39989087138233
-5.85076359049054,102.2684097998565
-6.001622312919138,100.03890528146063
-7.663241517409941,97.85665840953219
-5.285665095138928,100.47867459535597
-4.744946546850361,101.0301360436715
-3.9240154993552707,100.78607298770547
-2.7185443679356767,99.53537779760408
-4.304380975958248,96.5437251618184
-2.639953653154694,96.8211731567461
-1.9489205454142873,99.8725425326437
-1.9530840415289752,100.0139847173528
-2.540916052938403,100.1104485787973
-4.063366418419541,100.66981514728559
-4.862141222597695,99.00189620795739
-5.212110410800731,96.69947633857721
-5.473505595155475,100.37000894779541
-4.421452322604849,100.88555798538475
-6.117942308106375,99.15450826849012
-7.8767147282471495,100.08095566102251
-6.700142233382948,99.62874521392284
-5.594017634484264,100.48254863971616
-8.847922261437546,98.50886153893549
-7.82184064215668,99.60512910577413
-7.112523602929913,98.0162870068093
-5.691568762157582,96.51777492288154
-8.129654642184857,96.51802049156716
-9.256429723727862,96.79514117766101
-9.379418578042808,96.57096029855502
-11.560887552998036,94.11161177461496
-10.809750973538126,94.0876948690685
-8.278853476019513,93.77142611937293
-7.24892298451503,91.69822276018546
-6.176841571504247,91.00368916058181
-5.010326991347867,90.01651334240199
-2.9818174371291093,88.61282681549284
-3.859669348646072,87.50676852483151
-5.771325441423203,87.16161376208832
-5.131408120871457,84.68798099139104
-7.095738851885787,87.45368479374179
-7.199191677362627,87.07099169276859
-7.035048344397196,86.23435161994863
-8.614024245227304,84.24459690077828
-5.103738183227767,85.48643171407407
-4.842886622353434,85.62456314163958
-4.4385330067130315,87.16222138157863
-2.758743187443487,85.27758835644491
-1.1626673346505376,86.82475587849225
-1.9435741894816994,85.04092496765004
-2.3062387908576136,85.04760957986916
-1.7774293176055642,85.05332886266092
-1.4676438344571223,84.13018802495318
-0.17645874813046936,82.70075052771304
-1.6688463710476,80.4043868715559
-1.0519791921767567,81.21070074273068
-0.5905015237612767,79.91012823788877
-0.21956553638854148,79.3532773985851
0.15137045098419377,78.80803898646273
0.5223064383569289,78.27169163486919
0.8932424257296643,78.77806530700559
1.2641784131023996,77.98897634888533
1.6351144004751346,77.3977221207993
2.00605038784787,78.34555874984439
2.3769863752206053,77.32877665373391
2.7479223625933407,77.65046421894121
3.118858349966076,78.04815166077906
3.489794337338811,78.79632999386602
1.0966693175842508,80.09253289732851
1.024189693414094,79.69922607383785
0.9351482690829237,80.34460944694897
0.5378516394920961,79.41128447245988
-0.07382414419896699,78.79623130626267
-0.2776968818952547,77.65646050304706
0.6838748318910928,78.39362766323084
0.8414541036128458,76.62628110504048
0.053286847800470216,72.75988566581185
0.4114244110324377,73.73451592819421
-1.3597659687349548,72.22174960822943
-0.3976854016730438,73.39041847807972
-0.7037689087610888,75.51604693262861
-2.2949872286180346,75.50115681103367
-1.8797782326216022,76.48579543291025
-3.4176415482890565,76.64010812263174
-3.6698344431427303,77.31112378991175
-3.2366907308299715,77.49670238625265
-2.480167665214486,76.79050763012667
-2.358914143741691,74.80168180647755
-2.0799769647350885,76.75970422887185
-3.2055143188889463,77.60319023595761
-3.3439964056883995,77.43966572109625
-2.664343073500978,76.82726833264381
-3.9324125148487807,77.71380322330745
-7.813101499921913,77.59078570796716
-6.502637765886636,77.04071917900143
-6.096904918281037,77.89517392303328
-4.693683315635963,78.5224579589238
-1.4165279563337294,78.38060052924644
-2.945746649564633,76.79915538607602
-2.943988378415849,76.01691126382254
-3.193277744663917,73.68461987421766
-2.66468912265924,72.8607802008197
-2.4994046629833684,72.51916578414799
-4.685976143785121,72.91557920442072
-8.59157662559409,72.61264284618493
-9.7802341205142,73.23033226531115
-10.601706213601313,72.34522602228932
-10.539647690478017,72.96369633887207
-12.381975085761283,72.55430917726103
-10.541154976913454,73.14897810567072
-12.02196248310975,73.10832142147433
-11.321555156520514,73.83000662862827
-12.70088823995575,72.7185571505592
-10.935616893365246,72.32538649958438
-11.096103710823435,72.37557147426642
-10.965565408656813,72.09620613947584
-10.809904198484475,72.2180189556964
-11.629061258312518,72.3938980382829
-12.228472605196703,71.99158494891749
-12.979240511940628,72.56812997283497
-13.483112920535458,72.45529067706322
-14.921837276092925,71.3467858798416
-14.056779695122849,71.24645716092314
-13.64241246110638,70.21501464444145
-11.150811764515801,69.70154570158947
-8.545832550522,69.69558919968492
-7.712737001495104,70.52359728583897
-6.496833750689056,70.63487401082841
-4.497980641102501,71.08457861488938
-3.756438076842691,71.88118481943161
-4.95742350253526,71.23348081017404
-3.857396585757481,71.97946070062359
-4.70840517296971,71.64583662066264
-5.608762659608282,72.61533909246718
-6.422930529664254,72.35092420029923
-3.023349976183781,72.45777067753467
-2.2888165617390905,73.68024088638292
-2.1288415674906944,73.12064338910982
-0.7672483649134769,71.83598851813854
-2.344640184531995,72.28511617726419
-2.7668617190312492,72.62328120224453
-2.6016657397307585,74.06918679315363
-2.971651642325308,75.3145525491035
-3.647348813769513,75.97218295736663
-5.102317687746756,74.63564406799792
-9.173658842872584,74.69655158215133
-7.697612314273553,77.55172094924977
-9.260236453538067,75.85152134644197
-9.904829522872948,76.43098431693139
-9.529615461384154,77.31693033149779
-8.941321167036946,76.11297512552427
-12.06145057040503,77.1754156201683
-12.985778266588383,76.9033638132269
-15.137220623197834,76.41783855700922
-14.700566067497332,74.45802220453871
-13.638402656024113,74.57657277649854
-15.73549758371772,75.41316419553596
-14.89919236049881,77.83096176506056
-13.826798396442085,75.6203906356986
-14.528495727662223,75.96025545873614
-14.272895429364894,74.58027085896926
-16.150337237268953,73.60869287533266
-15.512361000610873,73.11398545594854
-13.756723400464558,73.75238791148124
-15.69312534332428,74.09046932640416
-17.273481328084163,76.80105891022748
-19.66725499501816,77.54399225090307
-20.149836558536972,78.0505172004312
-21.315151782297235,78.32974126154821
-22.209624904152044,75.06421504434249
-22.982757677371996,77.15988552603002
-22.224997695351718,77.75017232924208
-22.22426450744956,77.97896771528517
-24.038749927054056,77.90386620402973
-24.14458263204505,79.61980944291408
-23.19387298683338,82.33263613914085
-24.785161661029104,82.97193656766984
-24.4029231623388,81.83145181174882
-24.011775170436117,82.8497746079291
-22.86161932004744,82.77207298226499
-22.33368666394239,80.0985406935218
-22.773560649400526,79.73580345215387
-22.287703545251688,80.47049238778108
-22.640401146119213,80.82468570894589
-22.993098746986742,79.72153995299162
-23.345796347854268,82.32126622096054
-23.698493948721797,82.99218744380546
-24.051191549589323,82.59014900070862
-24.403889150456852,82.65777439545191
-24.756586751324377,81.35978462591969
-25.109284352191906,80.32345834778222
-25.461981953059432,81.37849135313424
-25.814679553926958,80.85771776264605
-26.167377154794487,81.74224882485638
-29.654612146571043,80.4877072308051
-31.048015903346027,79.08336077067943
-29.69116439856412,78.90111087593786
-30.513374924963756,79.46105914785443
-32.298829857332194,78.77492408373763
-31.303676262158874,80.17201173358261
-33.10286721921656,80.99692981424387
-33.34062408222194,81.93811356407002
-34.69848532656007,82.33205803870223
-36.59204389504839,82.02701120570015
-36.022288332353895,81.02305678342692
-35.50690115356325,81.61121622407298
-35.46319396954681,82.16629969764811
-34.75401910587226,80.57136148883515
-31.80873569149507,80.10286975159525
-33.27486615075267,79.56606567794196
-35.24696346334961,80.07986031731602
-33.64000072669445,79.49668877436268
-33.02317832601394,78.09223636927732
-33.380150240119,76.30842708974318
-33.82081791306029,76.52621150893566
-34.400626242696084,77.07244772144857
-33.609763988831304,77.38528259331667
-31.79046725181341,76.97648772778703
-31.80792160713384,78.55525145931189
-30.87115101636688,78.14204273806666
-33.49232310309297,78.246858053662
-36.39421266834361,76.7646594051633
-37.87544286976547,76.68467711203543
-38.193578162397884,77.64531516238787
-40.53181391374838,78.10243557369435
-37.62493455237272,76.65838666224877
-39.59263042922995,76.75371584581481
-40.59786915405922,77.05195559344801
-40.48518424054558,78.87771532376192
-41.78240024151725,79.45828227329288
-40.60760536476917,78.88326408014646
-40.03633702686912,79.63880917359272
-40.32651398406476,78.00455580928164
-40.620101372605234,76.12441139215368
-41.229979717524174,76.47965009144679
-42.755101386646,77.92393673498866
-44.509794340369616,80.16277200822407
-43.320340729336976,81.6747357970693
-42.80979305942251,82.76242236296402
-42.82911834669206,84.03096360053294
-43.78957560779884,83.60768128488368
-42.374079308492135,83.94769069686643
-44.58219840868566,83.03096336378815
-44.88165668081181,82.80520585180443
-45.181114952937946,84.08958362145222
-45.48057322506409,83.66275237208666
-45.78003149719024,84.13149310397215
-46.079489769316375,84.04294617249933
-46.37894804144252,82.57981834338236
-46.67840631356866,83.06535085704795
-46.9778645856948,83.71527161570359
-47.27732285782095,83.38522792355703
-47.576781129947086,82.74081099966484
-47.87623940207323,83.10911367321681
-46.401813889188375,83.15475258901667
-46.49571531743349,82.13753502918073
-47.58146166483261,80.9305815464027
-47.35841694618367,78.43382300308507
-46.873589088749135,78.66337189748965
-44.21950749345843,79.10515576474437
-44.24997422854084,79.29705495061476
-43.87283543186372,80.36047657114615
-42.344697779072234,79.68468049689227
-45.31685456444432,80.82690455083652
-46.92853307284013,81.49212882327522
-45.58010343764297,80.0541462306987
-43.89937317355321,79.82368586145493
-45.64683567720451,78.77631050668221
-43.1319708376702,79.71454397721887
-43.01229967859539,77.80777365986586
-41.10522763154315,76.5585902072831
-38.35462368613966,75.64050265441364
-41.28207033216831,76.2964904125257
-38.651068349724746,74.67037588954152
-39.250833682617724,74.46385630901825
-39.52754689345839,74.30904195953984
-38.739947476782454,76.1169029313406
-38.09051539712394,75.2007943868935
-40.08114984891207,74.07354765413494
-39.10979202510576,74.06415549293204
-37.04675299828185,73.0021967510379
-34.73287521063933,73.67378115445031
-35.1848994367331,73.34812464603186
-34.90895186633299,73.1718165103852
-35.457632769855685,72.12139126805934
-36.654260575895464,71.71857073015057
-36.56830742396372,72.01313479103372
-37.72594596978721,72.09819622721176
-36.03345717727089,72.19447270676307
-37.85270038323482,72.01903932036734
-39.504336210304075,72.25364110866477
-39.249874683403,72.57420182571356
-38.6881287847035,72.4269312753082
-37.518020127019994,72.56258035628643
-36.99777960882602,71.69729551708477
-37.638926053699485,70.68518941331298
-39.672584531800524,70.03753734094977
-39.934100395050095,69.56641175106519
-41.112734732317215,69.50565866232616
-44.25010842197555,67.27110348568394
-47.03439752256886,67.28478662510751
-43.762785645257246,66.33181655602239
-42.95400867815829,67.28433452517818
-43.91823339470205,66.71068483093144
-42.50229995087989,66.2408680041987
-44.02906658014563,66.65232772376326
-43.34100565591667,67.08802345987735
-43.77532809034543,67.39969995821698
-42.4323705083579,67.09589339045493
-43.733679310821465,67.1104642587666
-42.11681512949638,67.28128878341397
-38.82924790383214,67.13639721537044
-38.441202104538924,66.63025204162707
-38.69702811364395,66.10208643826341
-39.05682636700867,65.07743705023587
-39.6269704660286,66.50893178952775
-39.48453016603985,65.53558150756142
-40.72838230287104,66.53121094041991
-39.7790305912189,65.51305624144953
-40.71919345420433,65.09582369825468
-39.579378039101066,62.80719649378156
-38.12794459933803,62.082138998522865
-36.88420860592997,61.98939540042751
-34.4788468552756,62.25275588736349
-36.739562650705516,63.25107471903874
-36.779190503613066,61.606461424348666
-36.68041195249461,61.72079219006669
-36.63373774329675,61.652955768880645
-35.35065834069664,61.972921510790414
-34.53819082289294,61.965973253778856
-34.1774125875793,63.65495238810444
-33.24127983181783,63.59008171512566
-31.346066095830242,62.980707945936985
-30.10245774483976,64.53693468603906
-31.10057601164834,64.51506343008487
-29.286135208228984,65.33168227978689
-30.159972653004385,67.40980345408391
-30.8366952635901,66.4419342214651
-27.607673289412958,63.79550032751631
-26.308355291822927,64.13024040660957
-26.386665856870547,63.84054225075335
-27.12393130284803,63.17924449034437
-25.623637355613486,63.38108668599308
-27.630990383176897,63.1162081687188
-27.54654718342967,62.32255938010967
-28.92237037054042,62.831667418682194
-28.880200615218126,64.22557348364029
-29.1573106981724,64.28194290354608
-28.994789484129697,63.42642554749425
-27.65480579052973,62.748923369367084
-27.06796336070981,63.34371663588427
-26.001166351084215,63.0739554577081
-27.956193819199243,61.45268243600872
-28.40855664014619,61.031099825421016
-28.771147390282554,60.457765498171156
-26.27005691313563,60.836595579411465
-24.470239643855223,60.66477927497925
-26.130956046411075,60.619055265135195
-24.12136942099051,61.44768873458115
-23.407686028254254,61.726782733187704
-22.941276145303952,61.44654401528639
-24.71845715922409,60.00276090888484
-26.353535324599132,61.630105612798424
-26.045934555433565,62.100948288588974
-24.825461896987647,62.1006515628982
-24.005691201864487,61.63946355091238
-25.655468415067965,62.88482268192922
-24.66075662813643,64.76202974199151
-25.65203525272814,67.22673795390463
-25.686123740919985,69.88728475172907
-25.764084943864848,71.44586502434693
-27.088156384225076,69.37585955337478
-25.633861382884724,67.99572333195084
-28.005015302525663,68.00006747479341
-27.2225412515473,69.36394941883499
-29.686677181082242,67.53169684296957
-29.186322624976267,68.70576685744348
-28.78353288691766,68.21803058655918
-27.610328068767465,67.23551104958842
-28.666100311919134,68.22537107755474
-27.9748562301348,69.64544702427398
-27.656602364196882,70.41219062032053
-27.37977541738144,71.01427150571708
-28.238544657703127,71.04651490200492
-28.813713370258135,71.80082759764738
-28.517582393421694,72.33152198753984
-29.513228513756633,72.28787964017742
-30.033489153820586,73.43759381103392
-30.694923661420372,72.4783307980195
-31.356358169020158,73.04745661156814
-32.01779267661994,74.20456370844086
-32.67922718421973,75.53593599682983
-33.34066169181951,77.54543618717338
-34.0020961994193,77.54652607395477
-34.663530707019085,80.26411616202326
-35.32496521461887,80.59838273745862
-35.98639972221866,80.90417305836917
-36.64783422981844,81.61260501507171
-37.30926873741823,83.68862684027347
-40.060777428825595,84.04319043768578
-39.85951127390769,82.24185704440788
-40.269671861985934,83.13651109855086
-38.44436988071961,82.54150415735907
-38.928887924218365,81.42429547795648
-42.27734932188426,81.66252884611355
-43.7124388344579,81.52924536869865
-43.438619433370825,82.37956187332226
-42.90617300943222,81.95022489777237
-41.214272356725424,81.40528566837759
-41.030246237840124,80.1769351540041
-40.895495212225455,79.48813762943927
-40.760744186610786,78.71362275512605
-40.625993160996124,80.421669782446
-40.491242135381455,79.69137710323061
-40.356491109766786,79.14257907031879
-40.22174008415212,78.45549281938757
-40.08698905853745,79.13433598565244
-39.95223803292278,79.30218827526812
-39.81748700730812,78.10552686693251
-39.68273598169345,77.76360912638074
-39.54798495607878,77.35236939936821
-38.971979742724976,77.94585063472071
-36.85576169508339,79.00084291293716
-38.34131925000434,78.60066226569663
-35.232020828904155,79.9189924059932
-34.73374618158994,80.15128905487339
-33.986716776566915,80.60531663081478
-35.209591688432404,82.32578963414788
-37.4139558670581,83.8355597218869
-38.15537612772903,84.88937248143209
-36.67165428444839,85.46502137720344
-34.945570221083955,84.39986680411816
-35.815613645999406,82.98381470186446
-38.3523584816688,81.76190274678824
-39.131792726051074,82.06967449503469
-42.54392301886516,80.42880840656473
-42.180191563806076,79.23460347114535
-42.361687039989775,78.97526946257365
-43.12056428677905,81.3284447234691
-43.933755251377114,80.65995151142134
-42.60621261639805,80.62472259228798
-43.94683957746549,81.26716614919717
-42.38202332239411,82.03365921184793
-41.24871079302331,80.96250977880588
-40.20567895160484,78.56944589746705
-40.31799297526752,80.06990168209049
-41.30569450001741,78.81933585217617
-39.363082504069006,80.2654395038719
-38.124631952397436,81.08591683929271
-39.29460918177799,82.60289346067661
-39.51685771178087,83.31182650215219
-36.79759475952051,84.85356016281222
-35.93922750394422,84.25556695555224
-35.020641367544,85.24804522870677
-36.187353042411694,85.53270305407132
-37.134941856776784,84.44452691640215
-37.82254007392366,82.17164411148326
-35.688271404735,82.3718869689911
-36.31829954197227,83.79315080136362
-37.096078714651014,82.625478801191
-37.70295812427129,84.0563217940196
-39.14979516278624,84.56316356736453
-38.48652797041583,85.69265880598655
-38.417956357589524,86.00099811547669
-41.0669782780335,88.16947907438674
-40.39490416382657,87.41293122712896
-42.83134499898847,87.6224534891601
-43.11195607744614,87.01372344073876
-41.5723536002276,87.56453812053402
-42.382656472338795,87.86613934995208
-43.491968593762856,88.77288933996586
-46.014452556605946,90.2215119966529
-44.73090013231766,91.74271394583847
-45.405419600377506,93.0053452798326
-43.384983930951144,93.60634098599516
-43.566584923725486,92.61213161296394
-44.33134650865925,93.29400242098357
-44.95458060534627,94.2283709648465
-46.35323904152798,92.43170871682503
-47.00949395159121,91.8517866726396
-46.42235153413008,91.83775436969155
-46.43358142354741,90.18704642007592
-46.93023717791671,88.08836633141115
-44.8397709813849,87.86660591369987
-42.667996728140594,87.26931366397129
-43.67310224445306,85.78860113970929
-43.232021902093834,87.27933858250194
-43.85717886535184,87.41430074599434
-45.13765427446321,85.67940095927715
-44.647398747706205,83.67411193424354
-43.162944860850146,82.80664297782057
-42.75535838565959,83.26456180948846
-40.60311557648053,81.88753631984922
-39.71496508924869,81.863339205271
-38.83568922576497,81.44323668141102
-37.75445802396552,81.66647140345167
-35.917138025203855,83.72106897435467
-33.65803411105008,81.95308956681974
-29.635379853443258,81.59791202833904
-26.354959885879833,83.49692912038842
-24.59512760685796,81.85675806437952
-24.02861683517191,82.74343837243454
-25.021453539858616,83.46473753077117
-26.952184295969975,83.78714451939528
-24.792060562514585,82.45767986681943
-24.623220913659004,83.00825781043763
-25.71841912701778,82.64513869462886
-24.76396051534912,84.44891000584187
-27.047260771940707,84.5946731622538
-27.241222890019237,84.36956859847226
-26.78074935887948,82.78129080772963
-28.14350127295179,81.33695864812091
-27.665598359054343,81.30868844781115
-27.900447947641727,81.21765208196439
-29.40093135469666,81.23576650792164
-26.580879497672036,80.86948199606559
-25.60649672446071,81.64805301032544
-26.59360536974781,82.59735155077644
-26.223425415281707,83.09421965985115
-24.730264612293883,83.16842914788454
-24.89585225443358,82.39004465566539
-22.438607533857866,82.56934889057807
-22.275083486986457,84.55429822909159
-22.208847942523217,82.3646576706647
-22.229900256815167,81.63884381376232
-23.062738946051287,81.84883590721388
-24.085745678613854,83.28154725292079
-25.207752319228142,83.07515896029011
-23.954828141231314,82.93411335501365
-24.27219131406294,83.70881188641053
-25.17429061958178,82.15836282098286
-23.80236262867536,83.70588936394073
-24.057581346453276,83.46559944630856
-23.1438278302703,81.30541748823725
-23.441693972111292,81.52847774628906
-23.14284985316108,81.36354541466456
-22.113447535308822,82.90556817141267
-21.649666831053096,83.0034677127849
-23.179578441278963,83.7047752619227
-24.950414533306873,84.44878606317494
-26.44328506343958,85.76643820222519
-27.000121019169093,85.80219152173383
-26.988096866459955,87.30214485885702
-26.6416043618072,85.97769663928287
-25.312393658034573,85.55766253834986
-26.05125300261504,84.87350086744716
-25.983704276044307,85.45913645651093
-22.728900867487646,86.38458959410521
-20.96190672191017,86.64358198240136
-20.69860369975933,85.99561024369933
-22.60308327172944,88.17282212660432
-22.610531729340302,90.62844078124218
-22.782083833839806,89.66910080477909
-20.895121966451924,91.2651883157901
-20.284960678194984,92.22851012001719
-19.94411037883212,91.90115592757151
-20.352304922433003,92.23360906811138
-21.538271647854355,90.84667657478587
-23.927933907238586,91.0434358170406
-24.024684897065892,93.43231216177912
-23.588098963942386,95.4961525459771
-23.942798322847707,96.0866025823749
-23.561066883276418,96.62872142479333
-27.073470154726287,96.48754429973684
-27.86681029886028,96.60268545232424
-29.98116599229543,95.74668042887265
-27.825492433141743,96.24762700462328
-29.036682946619568,96.79702621479257
-29.509264860718886,97.17346272803195
-28.69620117354071,98.3782569142649
-27.825771671105137,99.72283260959955
-29.92381163789685,99.63248779786132
-28.959051957117076,99.4750226757484
-31.299515747910096,98.4204817230808
-30.772035891296415,96.985922467287
-28.537039165615035,96.99146629841586
-28.153132511756095,97.47423450431492
-28.55251303784112,95.97427039332592
-26.52942137711019,97.09212622368347
-26.018366277607484,97.7800150336449
-25.873595346929793,99.7140859508291
-24.15407691345152,99.30018429078758
-24.356401306692224,98.63543056079727
-25.448191077005365,98.47508602892829
-25.387472115253647,99.77479069012621
-25.526798578468597,101.48629198705747
-26.18354322867409,103.41501494375531
-25.78017620746797,107.07895349773597
-26.467833182701913,107.81325916834962
-25.041721409122342,109.37956046394713
-27.053267273956017,109.87246610559043
-27.613972797671646,109.02839852085866
-26.08861373984586,112.00235958942383
-24.591857945222316,113.34735117742015
-23.708459303881387,110.62720170009524
-22.060090323636445,112.24168838709576
-19.232554955376617,113.22912746092031
-19.794232541259703,113.2498071596995
-19.156871834150486,110.39463750087552
-16.43116794169667,110.57302135385271
-15.800243932370071,109.57318579177408
-13.928839347533593,110.30919928879585
-11.331523476352464,109.51896097222213
-12.326883353984538,107.76715734609763
-11.42057109591737,107.8290338328604
-11.826498728514062,108.69335975949777
-10.386106942489869,110.97887553451213
-10.084842770613378,111.31304643257131
-10.847377281020092,110.89374302717054
-10.910173906195272,109.87026117987897
-11.93626044674705,111.424985098737
-11.591074048975024,111.33790775053791
-12.25340452834301,112.50225030875596
-11.32299825197485,111.78583877804192
-12.751564675732888,113.5657243498154
-12.25402650570542,114.05135326023027
-13.207686963161589,115.58055115935291
-13.459192000565855,110.60603454145081
-11.809594628242388,112.23003133165031
-11.97177783249851,112.20268023232683
-10.082235558328657,113.13253156692531
-11.64288576145732,110.48485267045606
-11.259757556810582,108.00174513601665
-11.503849055411603,111.19698103022841
-8.8403036314697,112.20108065136564
-10.309192556596635,115.02000071069807
-12.494406080847213,114.54044712622672
-11.566601297419135,115.36675834094595
-9.99739005982182,117.52321312849551
-9.928141835155843,117.22275350727837
-9.966991370166994,116.84846217111968
-10.241741213026733,118.38812807728674
-9.047126794004736,115.47800044363544
-8.103823605092996,114.05250808458679
-7.817728205118724,112.27967720480436
-5.72726648733411,111.3414719034451
-7.219889550012654,110.24487853973088
-4.777385100934065,107.6490476851388
-5.572583733079358,106.38216833891407
-5.273216884069437,105.90177513293112
-6.701777566275039,107.48127831726592
-6.258102356644878,108.57495243629901
-7.162826925609587,109.0034362237091
-5.218444654844685,109.34140532714366
-4.70815032560626,108.31033270781644
-2.2365866909967895,105.53782059125334
-2.567059734855805,104.69819998517616
-4.437075978445539,105.22639609257587
-4.879198599179558,105.51679290157438
-4.588073484030444,102.98724579689475
-3.1491234094355134,101.93476922053053
-3.554779295468033,100.1557515290076
-5.156007441371412,99.74695156007766
-5.161600211487445,98.45786539166535
-6.102316018433903,99.07228227574502
-5.5789796142361485,96.10639639373481
-7.194402175013445,95.30996098880857
-6.927643864028723,96.87441016011077
-5.37789982133589,97.88474740279963
-4.995754511342876,98.45180055511535
-6.36352891455886,97.72581556729858
-8.520529552567542,98.04196323563578
-8.687393436265992,98.1650448134357
-10.068559343467953,98.64187970890971
-9.564820330314404,98.97762143358742
-9.968694717885937,97.52380673506435
-9.67234296013345,96.10722421971299
-11.02013910402387,97.12378902977463
-10.515480375553324,97.17582966707724
-11.856624716733473,98.61958173403242
-13.074904888325346,98.28018911443013
-13.638724347166702,99.05067893807835
-13.71176565840833,97.79243314469791
-13.87854101900403,97.96800660381655
-12.87012923917814,99.33857148516228
-13.125722864212719,98.80547031011632
-12.989549097018426,99.92224724143173
-13.69953422461472,100.84310481862293
-14.661133533642623,100.51054119281592
-14.50000319073827,99.2541322744844
-12.856673654013022,100.2631300728968
-13.795903029966864,99.27533801731408
-12.640093452827129,101.57538073773884
-12.414218639854933,100.27981512818924
-11.173766500627194,98.75477241794515
-8.828705504062889,99.20975991704393
-6.7874283509016795,98.78872295468516
-6.190164577385254,96.90608767957279
-4.133195587550625,99.18386488340131
-2.254932777392838,98.77037220504197
-1.5839746033693705,97.55660083160531
-1.2321479305998626,97.14240624944117
-2.3366033560660577,96.20326805823395
-1.3004368014539576,94.85812293175728
-4.435614479650028,96.42759615607889
-5.24819385643448,95.08440190070613
-5.400721926259276,94.88428406434873
-4.6163214112998565,94.93029814439933
-4.817749714653062,95.90654744803028
-4.241499798693739,96.46049134442067
-3.6318409618106196,95.33940505952272
-1.9130447311290892,93.60642580598392
-2.3140794810153107,94.47912597309175
-2.3824261237196467,95.07308066940384
-2.281203495031749,96.90035362804917
-4.113515913346214,98.73951999075418
-2.6901780841538203,97.83507282074075
-6.494400198439575,97.51253502525269
-4.9524238245539465,96.69464793339637
-3.4300010128819136,96.1109892894747
-2.94750519727217,95.82931356091073
-1.7655081651251288,96.8506144286169
-2.8351600713001455,96.35135517001386
-2.0368010899572,96.99163143898144
-3.700919591986378,95.87675478308842
-3.824283960935797,98.50155999676375
-4.466471561977267,98.10830734330273
-3.813053388196576,97.71578789390115
-2.5328126232323145,101.93093618254565
-2.308570753162126,101.04539929758742
-1.2214390801894748,97.89188817371613
0.9905537488562937,97.31206500833848
0.5520802409051977,98.6173950648675
2.2917268557871946,97.57680060327061
2.0001128763432656,94.59020860566434
-0.4852893870452748,94.47065467842434
-1.9031079337247323,92.31335113226162
-1.9530705589743043,93.95551761154825
-3.0621114213593046,91.91906318754728
-3.2613142826126875,90.52527823081556
-4.640329770740261,89.9601129559455
-3.3617275974139442,88.79327933230789
-1.3576974133188937,88.85357472097157
0.15052202338409915,88.53310324762788
1.0283302501376919,87.80472311500802
-0.22034539512774032,88.57638632997859
-2.1457409348381447,88.03208139647624
-1.7564462006234023,90.26000071558826
-0.5865932794057467,91.07941595604072
1.0233284831925895,91.90542078298832
0.8563363622321022,94.04326379978342
-0.6781467085721206,94.64367707097692
-1.939687623281876,94.33179036375411
-2.5275994447451122,94.14998556724433
-2.451336880259871,93.7466427540089
-3.2258523487305246,91.72222884654353
-3.9564203840718903,92.49724493052453
-4.696391281839183,91.53240335894431
-6.531029881306754,90.25523773775193
-7.618579315630484,90.24090910004401
-5.130434129198083,90.33815860701796
-4.741292150022308,91.2052992931875
-5.717001716533311,91.72977874968707
-9.960059002467347,91.6558269762436
-10.518142323470062,90.93385081728273
-10.054315110564163,90.47238453387642
-9.697265656199175,89.9676068516693
-9.983024594995033,89.39228311019403
-8.668188272952596,89.03345695871965
-6.812383518023905,88.58141847239317
-7.601182285376874,87.56505531862167
-8.040610124973442,87.33559457038004
-6.81266331093237,89.50916720352885
-10.933093400153668,90.7437970518006
-9.896015612847545,89.57359392629766
-11.2182772492747,88.92984345970042
-11.531536673592134,88.8447944683341
-11.696314931569294,88.71477392047329
-13.98581562061377,88.30815281700454
-13.659730952403256,87.50706231814911
-12.554252034475414,86.96466806396154
-13.670268095309432,85.68398794975214
-13.009884287356149,88.399616099341
-11.193489128223623,86.42636498281861
-9.137159282163525,85.22486357194423
-7.935752899088378,85.2224024786137
-7.826754656260788,85.62800721515939
-8.468334240949842,87.98348561129826
-9.941486164294428,87.98510815643085
-11.291548483101186,89.48439232621534
-12.543379768196653,87.62837293288038
-14.43134828674961,87.35492674057046
-15.4347744278919,87.95112061840102
-12.823816276851332,88.81323190797424
-14.157401382099545,88.02361831974089
-13.077311314704389,88.19678565195758
-11.155888208304724,88.14800738483584
-12.745393451896165,88.93937770026193
-9.575659130783611,87.87291715883445
-9.76582044408573,89.36755801810887
-10.609960507204,90.05742799689388
-10.920755610577805,91.5651089827199
-10.46285641613288,92.10971853156259
-10.739354411860637,91.72885614208988
-12.418466152481749,92.33704314026676
-12.408693082778559,92.89678039360697
-13.521022870273288,93.25775989890342
-13.28860223400301,92.02572962297128
-13.844109995989237,93.26738792549303
-14.160624105642755,92.18326211107797
-13.736976468914245,93.21328398403938
-17.150658541603615,91.20155339035345
-16.02512871767323,90.94103691099671
-18.285360019401473,92.65212488938324
-18.442859552141268,95.09217514056802
-17.43594471761135,95.12647016991117
-17.201173294965123,94.0410433018866
-17.42331675632515,95.29638832747509
-19.126765392027817,94.94719518181422
-17.42707915923841,95.5553514310898
-16.87029346989057,94.34999524175055
-19.649624058923063,95.783496282121
-16.512218992486275,95.68615685806068
-16.64639367032235,94.00509309047385
-17.281304767107617,94.65048520512596
-16.608538523128846,94.29116446875621
-18.117862688885193,96.05129425333118
-19.03648867286672,96.63360090626408
-19.70139972439959,96.828625174621
-17.636195688229293,95.47430443177593
-16.51362300815302,93.31130522606755
-19.081343578039306,94.50305911910449
-18.19720747736041,92.83086104201927
-18.385062895096677,94.11250391656333
-19.280185564346528,94.9767066318383
-18.86686331603503,94.95770031510243
-18.031029156455727,94.17549311282733
-18.990138864428324,94.2432488301248
-19.604757409374503,95.92680097037073
-18.599338680455897,96.46933693087946
-20.857869700481437,96.77140999542394
-19.70898238152797,97.58642635921815
-20.7943383346557,98.0238842567488
-20.870239497561126,97.69204369258254
-20.238822321249934,99.20155346986373
-21.028887824305126,99.37777955791496
-21.535294613033255,99.66519763765767
-21.657986379222873,101.03060388164883
-22.780061215775955,101.15288269023438
-22.397530789094837,102.513062737811
-21.18174363279884,101.51828303678106
-21.814574130685614,101.77509743064851
-22.867941747704013,102.78745219084098
-22.945875543570384,105.52543303079308
-23.112922993800957,105.24042104300318
-25.030635662465112,106.79411867048336
-23.933708751287913,106.05512640208111
-24.04722779197419,105.44070968229303
-24.325830930585635,106.05468052159178
-25.413362523547327,107.16632513376406
-25.076435997536027,105.21238195646106
-23.44410700986246,104.73169992718725
-24.48439122983614,105.53122398257949
-23.408268023149624,107.24128896479161
-21.793818199835925,106.33608679782402
-22.898042343338656,107.3938845642815
-22.218180527472963,107.17915195414616
-22.40295663892037,104.56650071102904
-23.579677158222434,104.13287334635422
-23.40759922057392,105.45572849201548
-23.03705909372571,110.39749037858212
-23.184957670469686,110.64421311636863
-22.34988573754285,110.64580916766239
-19.921712498154836,110.48750449159313
-18.62833648674798,110.41288363249097
-16.840095024512546,113.97156708159727
-16.536326914550006,110.24293523282397
-15.972273330502816,109.20094143472075
-16.817763505586527,108.55273542064089
-19.378071957342748,111.01979284534004
-21.04370639301384,110.57455265799744
-19.41118125967888,112.91907134722395
-18.927044177629416,112.19902535658237
-18.79314241544186,112.24737249166003
-20.920257571878203,115.44222535451323
-21.723935475146263,114.35145683801801
-24.617349508460954,112.59726925392683
-23.989024565199617,113.34850082845209
-23.88423202850712,112.84105146914317
-22.68044937085935,111.32298564221954
-23.38803355947204,110.45691954940965
-25.14440819386748,109.40624886353393
-24.45407311246507,107.26263765638805
-24.26715506072058,109.72733899704873
-23.84399800587326,107.35829373353538
-25.532275456677624,108.3078355851259
-24.776411440666305,107.28720732516821
-24.555673929218884,105.96878450843245
-26.94728111153963,107.80371316425835
-28.321179166072103,112.10703706124714
-24.66814929065046,111.7894601016509
-24.230167834912407,110.57944897255041
-25.207288947771996,111.62689993415671
-24.15679770887345,110.72297468018016
-22.240052969429644,110.69660823087804
-23.01746792108826,111.39276616740207
-25.55559542879621,112.12600165429372
-26.02000046515187,110.20396019516035
-26.654774732081854,109.55095502191972
-25.458126629886834,108.93113953482383
-26.271415466007603,106.37729757565215
-24.764449476310944,103.91474660171143
-26.19141591610806,104.07080750561593
-26.23208835861993,102.34419312644737
-26.938324750866634,102.96966232597501
-26.165719794762087,104.07251823565954
-24.178025389854714,103.78841662596909
-23.00680038415985,101.57095926224909
-21.677664699738038,101.13702832046071
-21.793649614065753,102.4347043847684
-20.912000666822934,101.33358392349051
-20.754014019140993,104.03356609453796
-19.761210261305568,104.19947351794251
-18.62639487332548,104.35548186694942
-17.96147485681695,107.35530804365938
-18.20946157523207,107.81084702883857
-20.250871343339576,103.28654873798737
-17.934441477103487,102.77493940244347
-20.379754498671012,101.72206328892446
-21.14099571215431,100.87639352968942
-20.970011615612158,99.49442711428784
-20.466703836781676,95.33851513969302
-21.155436365784848,97.07262368157959
-22.792470830700726,98.20517485699378
-25.216674910227493,97.87409764699464
-24.43955226746429,99.5747230111332
-26.613722873992103,99.73380228615335
-24.508241678243476,99.74366191693264
-25.698969017985256,102.57635225939576
-23.55391282777524,102.15948155841971
-26.607258749009777,102.11671692772416
-27.759087495328437,103.45620557239259
-29.59045812701573,100.3333104952954
-32.71439365513881,103.00828550882022
-34.13182765444683,102.43000234966469
-34.79843710587173,100.79923587014356
-33.2819610305051,100.2195742198124
-34.68665695868205,97.98067873688967
-32.78130639585371,101.93024239445536
-32.24127170414013,100.27116256817376
-30.902271271637773,99.70713948804516
-30.04985647122697,99.02055454886131
-32.0915836158403,97.13376201791698
-31.653875507905322,96.80442645452652
-33.71249610952414,96.5635480301418
-31.557287725499556,95.6818646689069
-30.993484438381017,96.31938512045905
-31.828300368187076,91.91458586917919
-31.70593669409649,92.67057738276516
-32.067686532270315,91.81518309304722
-35.41686610481778,92.44593274569134
-34.29198350537277,91.95317738433815
-33.66194525923045,92.7563667523113
-35.02085390832902,92.45851530047437
-35.09278722226251,92.55565721071922
-35.218875102419105,93.52834024859507
-35.344962982575694,94.64017388107867
-35.47105086273229,94.95795513807427
-35.59713874288889,96.3789110565745
-35.723226623045484,95.84303328580224
-35.84931450320207,95.90097818950105
-35.97540238335867,95.40242471383198
-36.10149026351527,93.27787307364858
-36.22757814367186,92.78055449961619
-36.35366602382845,94.50886135670781
-36.47975390398505,96.57324817383743
-39.883364950977324,96.7136843766948
-42.443098344825934,97.95645494617428
-40.94431883680064,97.35888117872734
-38.46165920065017,96.37770370224573
-40.90402757998259,95.27361383631842
-42.202781104434266,95.27163948178998
-41.8352707472708,96.58051763141276
-44.8451385722259,95.02731231292812
-46.39837037768322,95.61987813380917
-46.85742986726605,94.14211625307796
-45.9055738296213,93.59344742077667
-45.517590827485705,91.9093969526082
-45.12960782535012,92.73640329281616
-44.74162482321453,90.48489270212468
-44.35364182107894,92.24936427947021
-43.965658818943346,93.04007881874305
-43.57767581680776,94.05772824812725
-43.18969281467217,96.14340161606663
-42.80170981253658,96.18070457524323
-42.41372681040099,96.08891690475403
-42.0257438082654,95.39888182630159
-41.63776080612981,95.20064450044082
-40.70110686498909,96.9019387993215
-40.34215718273091,96.30865979628584
-40.09171645262369,93.70655001625809
-37.897049157900916,95.21898511889772
-39.21151562247514,94.09888768386345
-37.84617411995532,94.61638911184059
-36.84536286178886,95.91782693024606
-38.39878158236225,94.77946611534541
-40.78453752738792,91.80543354494927
-42.53601289383294,93.17692738615811
-40.42359006721517,92.06357719525121
-39.25915400606401,93.02410728653099
-37.08619921435529,91.8965757525634
-35.87599261579853,92.38107898755905
-35.601717052527555,92.68718958590219
-35.145483662968594,93.28137393428707
-35.22635712203453,93.58558580324963
-33.6483862773749,92.70571227721278
-33.97971913635762,93.6504530952732
-33.52071893850003,93.47370417102958
-32.880598304677214,92.72999673739933
-31.806276859026138,91.1960632203093
-32.08676836137877,91.72664704357443
-33.42175067742192,91.09215702756782
-32.60777382790409,90.73039662481578
-33.726903819233335,88.5955349102098
-33.88025115171696,89.84103657051887
-35.12362268387912,90.9688912795533
-34.6544262194236,90.73931920658983
-34.1494168939961,91.81566163257679
-33.24059738784378,92.63824306036791
-34.10649753355541,93.42258124900437
-30.77358776875834,94.48083350518827
-30.326742787341033,95.38233680694972
-30.314294645072657,93.6174196466581
-30.814926141035524,92.6804528743648
-30.993678815072577,92.3286499932977
-30.57358731313587,93.24952621226883
-28.528687074920484,93.29662053767265
-28.30639127157367,91.84797646034689
-26.892585732067868,92.88271714703491
-24.60756758434862,95.25423786572972
-26.049870197778656,95.3506134017328
-27.270873300954534,92.7229757247372
-27.110604913886213,91.31105543830978
-27.206824104338065,92.16887851041537
-28.537134551190583,93.45627331841959
-28.675118626428592,91.55547352240963
-31.57087329856885,91.25077227828683
-31.899501555114803,90.37988965857157
-31.45441140619578,88.87146826724555
-32.661334959898106,90.8993214511456
-31.819040694036094,89.16773961112509
-31.341335326179443,91.81915064230026
-28.888576442079632,93.11382671077536
-29.082214719357765,90.95757237112792
-30.575391661391038,90.42598652357532
-34.98018673999261,88.33828073721787
-32.97779082421449,87.16344464010164
-33.69139100308753,85.72467898901799
-32.6975166810054,84.83772181517116
-34.31513131673321,84.05626209615059
-33.36041437313965,84.10763606680308
-35.35627147829054,84.58488945035504
-37.86927147369047,83.98068412230815
-41.00820906639451,83.25955014564907
-40.97137809613015,84.30865306589264
-41.58096378601333,84.59548462302949
-40.646392826465885,84.59067777372769
-40.74395831595121,83.43475182070136
-42.58268107303354,83.62258891350363
-42.27152277263986,83.67266578474545
-44.95321734317085,84.7409330946171
-45.9668758000511,87.0096828431773
-47.785802274169825,88.83459936710436
-47.07606705061661,88.84264021440266
-50.19055259736224,87.41017895342452
-49.24696685461723,87.26464457474798
-50.72102193168662,87.02698348378269
-51.39471391514513,88.05903022782589
-50.713343832889684,88.7630283104195
-49.00663003278548,88.85279639367408
-53.833086519382796,87.45931416343456
-54.70316768727642,86.43312143195047
-55.67456114604336,84.29778516283372
-55.71845884445874,84.60045019146042
-55.736525712452874,84.92275384448536
-55.75459258044702,84.91642583886618
-55.77265944844115,83.21683469565644
-55.7907263164353,83.56562691244326
-55.80879318442943,83.25431493660362
-55.82686005242358,81.9540437070796
-55.84492692041771,81.32111857504997
-55.862993788411856,82.43844125275453
-55.88106065640599,82.77127388432889
-55.899127524400136,82.97161529200311
-55.91719439239427,82.06237881760507
-56.02546246688872,79.73689723595743
-58.64299731514447,78.67654924546629
-55.72449472718735,79.84424312013155
-55.18648365500114,78.9459806774757
-57.1324401340722,78.83460988250354
-58.23125857478667,79.42465775521804
-59.58174032261836,78.55742967512317
-59.80945616644461,81.10850408178521
-60.775533798630164,81.36489596365165
-60.599546923673365,81.88275813695165
-60.42356004871656,82.5204441329149
-60.24757317375976,82.54320723607512
-60.07158629880296,83.46520266781032
-59.89559942384616,82.83385890468294
-59.71961254888936,84.51438624217275
-59.54362567393255,85.64368172838829
-59.367638798975754,87.52066859078425
-59.191651924018956,87.8870439909273
-59.01566504906215,87.72656668681826
-58.83967817410535,86.19307036506311
-60.2872138449391,86.79230430240725
-61.582886957193395,87.48211416122734
-61.788165230010925,89.70209544183622
-61.54291413402624,89.9094644630311
-63.087875041927134,88.85981649130204
-64.07404426896564,87.17156381421796
-63.34212612623121,86.46372114275755
-66.5044913871487,85.59516269286885
-64.43255725130828,85.08798168758955
-66.4919821382576,84.26756934614404
-68.23746319656524,83.60681196983028
-71.00688604591605,84.11427309493115
-70.24127522053584,84.01407040047313
-71.44875562773093,84.21454425105819
-71.550685462919,82.9644225952496
-71.9853903922567,81.88034489472116
-70.44891332323007,82.7144277870279
-69.72969228850958,83.06081868453069
-70.26829214113214,83.43078156673312
-70.5686076610525,81.55964911284464
-71.3209598044794,80.61777976957315
-70.08963260482818,81.57437943782051
-71.14406993168117,81.37919461369825
-72.67191939891413,80.77710809490159
-72.85941066588876,80.41550355829051
-72.70250134830722,80.71619532453275
-71.63616487055295,82.52185461562127
-68.30418944571419,83.55389263489961
-67.0227890037285,82.82720082317253
-65.27280089661552,82.77938998935764
-66.2406038593328,82.54953392027682
-66.3726765656157,81.20485838538053
-63.60731743834507,80.35633973654018
-63.22466109766515,81.0498804914031
-63.352389104537174,79.1193992939422
-62.14349888739589,80.10252706542786
-62.31777485426477,79.58200070784528
-61.19729227274835,79.79015921604966
-60.49846003243028,78.98870729373624
-62.05629660789299,77.9100011282637
-62.37862141668537,75.9843832372637
-62.30955045529236,76.8850075514842
-64.19108165231931,79.4621994744513
-65.05420597604383,78.15674771635608
-64.52845305044423,76.08544352670575
-65.79291988562241,75.86462236201375
-66.5628976500805,75.52458253281921
-65.58780297001852,76.1755351424287
-67.94520484143335,76.73441849055838
-69.04031881484738,75.46702384079796
-67.7893129821286,75.4779589234917
-64.05665309699069,74.69402626845026
-64.71513907729451,73.37626400967042
-64.56209210870007,72.89028408448749
-65.54827929078826,74.8431656597364
-66.6933679470197,75.10563333875807
-67.99075509720943,77.2678103225541
-69.66719021091967,77.74753034271308
-70.75731159186068,75.54124409932103
-73.21150727112152,74.9005549322662
-73.5064403815195,75.167900983926
-74.73928847870383,72.92051155304452
-76.15283656660537,73.13579758760439
-73.55880603247063,71.87071497540683
-77.13866508551716,71.80476187398891
-77.49362137985823,70.91996791902733
-76.03323277260934,71.36724988426604
-76.70054859283123,70.93805146615829
-76.97229515343369,71.28569461846986
-75.97901509994156,71.30828226015814
-77.0263512769631,71.4530917490064
-79.09634771202433,72.24924717141211
-76.99624952131872,72.18846445354525
-80.59918380334595,71.91422238877806
-80.66711502595072,70.92266480360996
-78.76592488479606,71.07778252667288
-80.98660842376032,71.12334267446225
-82.47787777392033,70.80277367140359
-82.71024358252494,71.25245900228794
-84.5809022442536,72.01441804592284
-84.53706053779986,72.6124909270377
-84.40678560644646,73.42136119105089
-83.49558142453361,75.07246160471755
-85.0101281059122,75.00269677461311
-86.39356257710767,71.95376127294888
-85.86251712150593,70.82340918170175
-82.876034164119,71.83111783590226
-81.35614248164681,71.54065640504471
-81.58641596826499,72.26241573270556
-81.33845390374303,71.76199793715764
-82.38384254528111,71.55182121245197
-80.39579824865368,71.90534115769181
-79.52438901299833,72.92717059466212
-76.41441784535596,73.46089098055467
-77.84042108485465,72.46712831286726
-79.39051345847722,71.86331974855933
-80.37286509755148,71.67254284709675
-79.0920304330993,71.24142909635195
-77.37900420327108,70.43195353747431
-77.02585264566133,71.58022792735078
-75.0358888997163,70.70737680669502
-75.55357752982187,70.48644936322009
-75.5974226890885,69.96715452285495
-75.94400799004295,68.60056266949022
-76.36392620193669,67.64367788203039
-77.90638134005849,66.23393880072435
-77.44075290327551,64.59184336173895
-79.35561170353616,62.04855215699782
-77.29102788123751,62.033507175098165
-79.63534578942432,59.00215459024726
-80.90827229554594,59.33295603190951
-80.0360282575939,60.11082099001388
-82.12931480193438,58.80407480529348
-81.35409396739405,58.98449802298619
-79.33487621824356,60.34441313740946
-79.31087873371207,60.82443117153332
-79.31273644139303,61.11975744863216
-79.24684560099517,59.52347189079385
-79.42063329454314,57.861912007857406
-78.87038560439045,56.945444550626306
-79.83337060801665,56.646632336285776
-81.4996927007678,56.65100703233494
-83.18248016279968,56.25161086511401
-83.39005208494227,55.44937011014074
-83.13898418827709,54.744168920430695
-84.43322328842181,54.29598745597813
-84.1812680177112,53.32537771280258
-84.83789360639796,54.13318147265831
-80.91453474061002,53.020238167752964
-82.55862226650902,52.52302617575222
-80.98522065842866,52.985705624408894
-81.07813002125876,53.49367982948232
-82.16568778035544,53.38128370042794
-83.113518066593,54.229292213356146
-81.3784110010188,52.92758099048223
-82.6313267789181,53.441385871548576
-81.65637900720611,53.226926852197984
-80.16912798859674,53.213960590195235
-80.74171440925636,54.7326199130524
-80.46758645936768,53.8348942606994
-78.8778292173243,53.04254593449553
-79.92498753102089,52.20420037384126
-79.49160334379731,52.96979220126372
-77.86861364789678,54.169439324699454
-77.64789572523782,53.01699537981852
-78.15613004407321,52.15651150284292
-76.7663835808926,52.34205259931211
-77.0191259950809,52.89322117088276
-77.45189110172103,53.40129270133736
-76.24317781701366,54.62070584691624
-78.49847389145489,53.02365645784187
-79.91753150437374,52.702221337308494
-80.53920869331519,51.8202390736751
-80.46383946325011,50.62082287062123
-81.08770885836846,50.43698613247584
-80.04434061543465,49.37866159755823
-79.29282044064942,48.95562899638397
-79.90645077744671,49.55896687775984
-82.23763541715208,50.24010601209988
-80.85116053428054,51.751339559134856
-79.60032912785533,51.652194231378175
-80.10704837186023,50.58541950214402
-78.21751194264814,50.69732770270318
-78.3548639853141,50.42782983503927
-76.92908817899827,52.09855377535371
-75.23287165780836,52.54592190214773
-74.10687592215018,51.386379508328545
-75.12163323818626,51.73783130470585
-76.52505072785938,51.27952001669564
-75.54956296849387,50.068352206203755
-74.51583823049637,48.05789661345372
-75.3555385383269,47.21347198642971
-73.083238346147,47.20239093024152
-73.05998265167501,46.34439728261233
-74.6881516268441,47.93860036295072
-72.97374152889005,46.9144382119271
-73.58731185280958,44.901066559833296
-76.662367115541,43.73216704659692
-75.50051266944196,44.482246061928905
-76.22667008711181,44.44972829996679
-75.72567570445933,44.35644766423626
-75.78250037454413,44.70631813652265
-72.95710535368242,45.26082656197056
-75.95359439985658,45.77497472395229
-74.39794628242919,43.80914029179513
-76.54533804643073,45.466911197910996
-75.33839863813662,45.78822091463179
-75.48205484011362,46.4541694924665
-76.02275905568227,48.61639136359968
-74.9224898095301,48.7555421992807
-76.18777994893479,48.874572373518255
-76.20560773534504,49.43622412764395
-73.56226529333624,49.06217992729437
-72.03998953448733,47.61545249392297
-72.26924765278915,48.17435653244129
-72.93831738390426,48.09643840680725
-74.18994688842714,47.22775297326474
-72.59813340558219,47.047364284096716
-71.09179732693622,45.96041589315318
-70.75906825839672,45.915751760291194
-70.26035406693633,46.88926263121119
-70.97146491623279,46.682399366518425
-69.81064150524256,45.749640407050514
-69.8299102864749,45.721599743394016
-67.98999803130529,44.63126693894158
-67.11617599427869,43.58629424637666
-66.59377259749122,43.68332568060082
-66.27361381348733,44.79746384707318
-68.14194141342358,44.808836562842686
-65.69835300151577,44.60055048494974
-65.23350628869298,45.13599145947256
-65.79964246578868,45.11106810177569
-63.22376974268502,44.44211636583976
-63.37537493586534,45.15485220750965
-62.68058412438311,42.14108633726812
-65.16546384342604,42.11406261921887
-64.00722744557092,41.13778154311596
-62.043814084626746,40.67228996617057
-61.96461894851856,39.82796981534947
-60.197455469606766,40.75014774782243
-59.297202285406655,43.65795390377765
-58.99789468672009,42.39652540433523
-59.62807720417547,42.796533006740304
-60.321377565979,37.00550060626745
-59.97544786088716,36.02745807379391
-57.27494668066419,36.055163173802846
-56.924129387837375,34.88587801777412
-59.28466652352543,35.99521975456537
-57.16839452397302,36.93911648973001
-58.144263051396265,35.07993701606325
-57.90321435760611,34.081913969912875
-55.85908677529179,34.73822752654356
-57.29977441855016,33.95297763657385
-56.08994753452837,34.80815865425158
-55.85865697776147,34.950547594438596
-55.68281643730487,35.03109635533124
-58.27802032657263,36.11836241098613
-59.45761577573156,34.236251063552054
-59.983893004122024,32.97827640585482
-58.97149897038828,29.215860733609865
-60.75270573519141,28.30002373145823
-62.43038290495224,27.75450624885316
-63.88968916767514,27.999157830828945
-64.38045249096794,26.294614524599467
-64.26003270089224,26.578857602205115
-65.31632242856658,26.17098613860569
-67.08680089055764,26.38203794727341
-68.13111013192407,25.986168040644788
-69.42457988344502,26.812624641818818
-67.81598524230444,26.370479541396254
-68.67813824897966,26.367724736190652
-68.4271543945239,26.078887821886074
-68.55850302158038,26.60329210517423
-67.82510671761257,27.1514924122406
-68.2932579460931,28.59545656157699
-68.49698420240532,28.315364620089632
-68.87038139733724,26.73298633326148
-67.0709275930228,26.50803731402997
-66.55222764951748,26.876035752470194
-67.33118114897384,28.02277118936881
-68.52078528475464,27.087638961364146
-68.30897697410313,24.880838640109346
-67.0386040137309,25.125245201733364
-64.83023077302178,25.314580076376043
-65.56308736300267,23.599328898217834
-67.46031221402556,23.553360367911885
-68.03461442873744,23.04990452711612
-67.51030531740993,24.52624406842751
-67.41229916786702,25.260796285654216
-68.67455172323747,26.631557280188353
-68.10869898219353,26.064838755554515
-66.94205095607293,27.293783048640872
-66.58270684650063,25.96931849192844
-66.93429837378584,24.474192968000573
-65.99329294727164,25.26248548379666
-65.6600468955991,25.219517328794446
-64.98142530049167,24.985524280529322
-62.73634135972209,25.235233114457404
-59.86895701735137,25.349937787664985
-57.63945694922363,25.256232575359054
-56.76859586777822,25.675171764067557
-56.837222834938395,25.594746815605966
-56.4361332541542,28.506521949639765
-58.062223181510994,27.727642572573306
-59.08954417424428,27.86181998131262
-57.34089246916064,25.754833092368237
-56.527117317223976,25.678001910962788
-56.49204994324044,25.911045333102756
-59.94041270861182,24.814009972026277
-59.064711720206596,22.70658711610597
-58.518931399291894,23.263072237832553
-57.11878663502084,22.32694918791103
-55.88228922402467,22.142600926146784
-55.54369763834239,22.504755506018313
-53.93002524691231,22.785423199544216
-55.47062035483226,21.75508636871671
-57.79468245418592,21.271362195813243
-58.557705260813435,21.378622477235407
-57.96354131129385,20.78682011073102
-57.485362415281614,20.886466343697442
-57.397767498634025,18.822271667810337
-60.50785723512768,19.060200404139263
-59.94305855179702,19.143771524117202
-59.59687115455407,18.131584297500996
-58.33772196702628,17.952586252553676
-60.6724241123262,16.342157311002573
-59.803177256025144,16.351451446759636
-58.116522820380794,18.170679350915343
-57.14158408160202,19.23483189708874
-61.50020683694797,17.93985478489142
-63.59167139674975,17.02440202477312
-62.4908427824408,18.531747281294173
-63.6098451101808,17.97743002196425
-62.10391581712216,18.117475255162795
-61.45118349433774,18.614177289098148
-63.73989880028782,17.245755779355513
-61.788214913388764,16.804378114713483
-60.74444007125185,16.0362496712426
-61.681268342209094,14.167767463736805
-63.51200256695073,15.94683859386108
-64.98052875136555,15.331866052414712
-64.39729439578501,16.81098174026893
-65.14033190761424,17.792702776582466
-64.22668752506131,17.436691271344902
-62.299734125324356,16.307741912026636
-61.82773745043889,14.966706540423697
-61.35574077555342,15.176200638821594
-60.883744100667954,15.306510904827064
-60.41174742578249,14.018213036523795
-59.93975075089702,13.720320050200181
-59.467754076011545,15.443351728623071
-58.99575740112608,15.325430885060406
-58.52376072624061,16.644155053177904
-58.05176405135514,18.1703775872686
-57.579767376469675,19.061220251281323
-57.10777070158421,19.537931176400434
-55.918251341633486,18.98728929277175
-57.03404331862784,19.33761781526216
-57.085446045452095,17.84147238745936
-57.023453131662166,17.815078081859383
-57.95985489614208,18.35692972780596
-59.65161773985773,16.49839358218991
-58.3047914539818,16.75602966238103
-56.288377394443195,17.500302682653384
-56.262333446775784,18.34917257565589
-57.72046261468905,18.24847749478745
-56.68088841201268,17.479227682840182
-58.426861981333055,17.267303746111207
-58.1944986626899,17.631699528915256
-56.352131590198084,18.8125155414594
-56.45384459070746,18.379638076815432
-54.161309186255,17.713119534339345
-50.59220005683859,16.94021348867179
-50.79212703942065,16.145000132044288
-50.486347547208624,17.09010044427685
-48.1912559355285,18.3408628150112
-47.98581216631294,16.996384488339775
-48.240214984647906,16.408015612191683
-47.12666129659442,18.054243199495012
-45.72756483213553,17.928687794569694
-47.0569760734173,18.825111015043092
-45.058769844026074,19.487778692178978
-46.80189357460609,20.084098545942858
-48.477527169828264,20.996073347064865
-49.629387996451,19.879130277025418
-46.50239884152789,20.201649344086217
-46.33842615508092,20.36757360008214
-47.27676472504564,21.647224125139644
-47.88635985452724,21.432845140029283
-46.89982864907745,22.158088791744618
-47.07446396441466,23.132941854480542
-49.13063567209431,23.517250852667406
-51.74343569200158,24.378418566272373
-52.77118753685867,25.044793947342665
-53.71325702795706,24.285401319488187
-56.65243042575355,24.68238296490585
-57.04071649397851,26.263108358335316
-56.11700272899603,26.5048490751411
-58.39907975584932,26.93908595386781
-58.45971863996332,28.44435232960313
-55.87416935352977,27.855621925090077
-55.72277302887101,25.818804418330632
-55.30406118318911,25.01142305799722
-56.19561735829222,24.03698112057962
-53.83449194029621,24.08723832657382
-51.11425891709483,24.47463334294141
-49.735104858897,23.575582138507013
-47.19390862733275,22.937799360911654
-45.68728267161411,22.27172038087941
-45.700759506078526,22.943024385813303
-43.4108966565797,22.115628163365393
-41.99848714853987,22.33275855625296
-38.46072100741624,21.70896750901287
-38.834949953284145,20.412643046496864
-36.39744338609442,21.304115884041835
-35.7097751592604,21.99773909419817
-37.01416727050177,20.450574178361585
-39.9151291102951,18.63525555949666
-40.648464078982165,18.680233229833267
-39.674093165828914,18.130060199791707
-39.979587179924636,18.15176192103039
-40.28508119402036,18.26186005930124
-40.59057520811608,17.827090472810482
-40.8960692222118,18.835385776178242
-41.20156323630752,19.23315077503975
-41.507057250403236,19.947552622068233
-41.81255126449896,19.393046095072087
-42.11804527859468,19.804118464804166
-42.4235392926904,20.11718141514266
-42.72903330678612,19.351140148342296
-43.03452732088184,19.021077826214206
-43.46512829406141,20.29597025002398
-41.62103142462464,18.65975745817145
-43.28782708396285,17.026639858542378
-41.167309840875845,17.141354450253694
-44.175660773750785,18.090057395109977
-44.06781548222271,15.374654209964719
-43.959970190694634,15.358924455342658
-43.85212489916656,15.943119624315715
-43.74427960763849,15.85253967474346
-43.63643431611041,17.02956688919487
-43.52858902458234,17.083991453089677
-43.42074373305426,15.442021395878044
-43.31289844152619,15.771210375455805
-43.205053149998115,16.130096045955636
-43.097207858470036,17.576008776252944
-42.98936256694196,16.682401250005416
-43.514074851382055,15.534626966840994
-44.48445790729585,13.763664554421082
-43.50406439583701,14.510388598534838
-45.08189827652577,16.90704596083298
-46.32923333165137,16.124611753308173
-44.56559634701852,14.665377407864318
-46.04875609708594,15.239925815303298
-46.55380933853116,16.723470448260993
-46.115847040450845,16.09166584450118
-46.22245200207379,13.140069113627401
-43.63756368549587,12.405906183081921
-43.59292560838422,12.89128336950914
-45.013475326309376,14.068765038229412
-45.4715657860889,15.659417719947928
-47.735213344552285,16.944877672790735
-50.946385447476395,17.322861157938686
-49.078875423668784,19.02833749478536
-50.455895184515555,18.281215073961885
-52.38478469875056,17.816175971754884
-50.98061292386971,18.12781440523062
-50.29502023481918,17.600848365300543
-53.06673397195458,17.54259443944227
-53.472829860093384,17.680918666020517
-50.67062357350421,16.74499615746106
-51.177668707140135,17.13148088144677
-51.787995657117904,18.287131298707084
-53.508898383096046,16.102974402124566
-52.30152966939508,16.726700111964032
-51.46866341241603,16.719145760228773
-50.51529486464057,17.9971624254247
-51.16348352243906,18.323607740656666
-50.96344242245042,18.506790497574475
-51.06833035102029,19.29518116576706
-50.13842520386013,19.48824441950293
-51.986544831643975,18.627795542585336
-48.514389338790984,18.87946881021876
-49.56284244444303,19.22652482776781
-50.50262450446923,18.70925720297854
-52.08385404357459,19.300371900204023
-49.280486311198054,20.303950679174438
-49.04494564227607,21.22083741048512
-49.84819706356491,20.57811932931331
-49.35632882570898,20.44286348968829
-48.86446058785305,19.524099500632442
-48.37259234999712,20.223016450413116
-47.88072411214119,18.99178226735776
-47.38885587428526,17.312132512635355
-46.89698763642933,17.385189972530235
-46.405119398573405,17.886793624713725
-45.91325116071747,17.02602302373434
-45.42138292286154,16.667308848030686
-44.929514685005614,16.456406182090397
-44.43764644714968,16.26076706626851
-45.83342230068871,15.33532744003676
-44.86136556581317,15.477605970905563
-43.849117415361576,15.193223780095629
-42.08353742553003,15.292889395302787
-42.16788170214203,16.55220875851567
-41.84755639556369,16.97437141401667
-41.70914631748139,18.169503245432335
-40.44184057812863,17.68185335085655
-39.94933184155044,18.509594230186032
-36.30488306927628,19.735342304271967
-37.670038593863715,20.512789790785714
-38.190382033622086,21.516744839623207
-38.46973080764762,21.837840240723388
-37.638051871829575,21.208934508192556
-34.83628714433193,21.31603240402904
-32.55029564098885,20.796023315346414
-31.16649173234386,20.609764712223217
-31.506257117254776,19.164689004771223
-31.846022502165688,19.217036639155644
-32.1857878870766,18.00843678246589
-32.52555327198752,16.992518779387623
-32.86531865689843,15.926646534221533
-33.20508404180934,17.816667316568275
-33.54484942672026,16.900050988995094
-33.884614811631174,16.772368287522024
-34.224380196542086,19.124767064335565
-34.564145581453005,18.86281764609382
-34.90391096636392,18.037923909870106
-34.887557436353134,18.272991475163746
-32.190046125144946,18.503446661732507
-33.88532206690951,17.98187796554863
-31.268561044899048,18.938385745997348
-32.20761274291311,18.76174647053882
-31.679069272092057,18.15430059374027
-32.05599556015602,17.70396429859586
-31.819367447220475,17.954505303923128
-31.80549014061124,16.344014248771366
-30.149183986756462,16.521698582208906
-29.228713520353942,15.820586224385163
-27.630777646765395,15.046003339358862
-27.25947364580648,14.768018080387225
-26.622909073573034,13.53499777318953
-24.80261280402229,13.602139360924925
-25.25873160564673,14.765683544906482
-26.348432465285182,14.126910606395548
-26.73707357797224,14.260382310444383
-23.81064198257545,13.856414123380537
-22.554182680695327,14.34240599286334
-21.45420868255217,13.238458431006496
-20.900556953167886,12.624570500710007
-19.971296149682697,13.12809761901911
-18.67294535568934,13.645849363549472
-20.576575046416224,13.339624990918296
-21.79620797724641,13.229255837409614
-20.590438209751223,13.69558955119309
-21.101950745916895,14.556588333140503
-19.904747952042033,13.736659172916042
-21.11077124395168,14.119273800197433
-20.19985784906843,15.405425228923528
-19.288944454185174,14.775087743996314
-18.37803105930192,14.6791731266949
-17.46711766441867,13.997903508693032
-16.556204269535414,13.35575604964626
-15.645290874652162,11.805183315740667
-14.73437747976891,10.615288136050486
-13.823464084885657,10.378778359088106
-12.912550690002403,11.387888470603835
-12.00163729511915,10.373180204108293
-11.090723900235897,9.74330759883618
-11.046784439192736,12.305176938071757
-11.533269146764136,9.443756966542509
-12.521701867879235,4.977315388112242
-13.545342046432937,7.522541369377071
-12.594367808342625,8.484404787902724
-13.283000449496765,6.635166787829971
-13.05500248319245,4.964174182738438
-12.827004516888135,6.416416957283094
-12.59900655058382,1.810225117570675
-12.371008584279505,1.6471646100032906
-12.14301061797519,0.6206062114681798
-11.915012651670875,0.7342585555516974
-11.687014685366561,0.2413920589525257
-11.459016719062246,1.0617987219468297
-11.231018752757931,1.0603884340137355
-11.003020786453616,1.5702893976946146
-10.775022820149301,3.7528286066025887
-10.785085809096229,1.064015877246986
-9.852189535489535,0.6752975439494592
-9.886948333454907,0.05069412244089433
-7.6440299787468495,2.120439013357218
-4.732820458972476,3.7846250800194596
-5.370407320615865,2.3392051328277708
-5.593926595115442,1.2896624569640103
-5.9386185722811184,0.9351482690829237
-4.784994424158272,-1.2962593021062858
-5.7043036331228905,-1.947273727978466
-6.497470872630184,-2.3366033560660577
-5.751082267512539,-1.8797782326216022
-5.709753265284602,-2.5909229413058243
-5.295718035301132,-3.2366907308299715
-6.96088789121831,-2.2949872286180346
-5.068731335603772,-3.3409573040420764
-8.056167971546898,-3.3617275974139442
-9.439700031486009,-2.110718425930548
-10.535878004449208,-3.1337357231103757
-10.229354546972536,-3.1624776632449665
-11.660060054398079,-2.9525955878488443
-10.563869956415445,-2.6901780841538203
-11.546005320022022,-2.94750519727217
-12.163485472233218,-2.2261437876669774
-11.736591774868467,-3.335360445330235
-12.383995378735557,-2.945746649564633
-13.86594446948463,-2.639953653154694
-14.534489906392322,-3.2258523487305246
-14.193867528537519,-3.181933485456393
-13.853245150682715,-3.0900604565948093
-13.512622772827912,-3.167726696445621
-13.172000394973109,-3.2613142826126875
-12.831378017118308,-2.811814530890891
-12.490755639263504,-3.606471776456863
-12.150133261408701,-2.943988378415849
-11.809510883553898,-2.559790826580637
-11.468888505699095,-1.4201310638641362
-11.128266127844292,0.047374746223127484
-10.787643749989488,-0.810596125211124
-12.504336286227634,-1.9503129770075627
-12.12038031131632,-0.4057106280021894
-12.285078400312216,0.04953080019451117
-13.679256805479998,0.5670124392913432
-9.808534030923104,1.539433659385185
-10.446115250760077,5.786624526292953
-10.047979938273684,1.2641784131023996
-9.201587632910888,2.435612521472415
-8.347942928458458,2.5058021043985503
-10.85486399482421,8.190903515564685
-10.243741144166652,8.870827945828545
-10.399740471251246,10.282470850021365
-10.709511404718203,10.031067413777578
-9.688912865753105,9.660140611706085
-10.894259038384275,5.15643486661208
-9.34001253156004,4.875175618235888
-7.105700324658344,2.306779445776649
-7.630703442358046,6.583561868048159
-6.889737937290598,7.398775770748205
-6.537096344789845,4.2350258019803
-7.831827237717407,5.005182602415838
-7.773523331445405,4.731211205752958
-6.177667914766513,2.303489202119252
-3.8848843638615547,2.6846567093591167
-5.810160625556289,7.850864276955164
-7.339680536108464,9.246745011243458
-6.717356101388285,10.784437118011658
-5.528166457220214,9.112732623238076
-6.034384320649857,9.789311399226037
-7.2521987879682,9.819966475592361
-6.525458482842133,9.816754336913847
-4.363961105239216,10.395009750344522
-5.958376914876845,12.740639545645054
-4.511205210405064,12.136393420202534
-4.182382092621748,11.492850404081794
-3.863669222754828,11.519287745069537
-2.7834649395626734,11.139232185241195
-3.3312671663937925,9.66636239280157
-0.7908033503816916,7.545890485351595
-2.0304004968172737,9.443025045161795
-2.36138528631753,9.582318712475093
-1.580675192500309,10.606523375007182
0.09666116023201576,11.579492117439237
-2.0633226272528806,10.936231521318422
-0.17548876379438405,11.653754223934428
2.262755156586154,12.2218029855946
3.4339363109642176,11.575030708724775
2.9976800330209077,10.281379048033024
3.581314944515324,5.68941388077459
3.3691911359752393,6.175460331852929
3.7528286066025887,8.002117663599323
5.55983613863953,5.945463251430422
4.784226253419253,1.385365404932953
2.7075402504427157,3.7773119887309328
2.1109830897228608,2.2917268557871946
3.8930565632272724,0.06453705558637146
3.6005280094254637,1.7124730382579503
4.147769998771464,1.2937339695308163
7.738411753129503,-0.10216187720532455
5.584161437389264,0.1754257488621076
7.408592256702633,-1.3162723976947681
10.329179634271336,-1.8424894332360084
11.04389498147716,-1.1626673346505376
11.292466621759784,-0.6830508940389106
9.727779288398645,0.056908573105946325
11.896343981941413,1.024189693414094
11.653754223934428,4.1046699844273595
12.402374740470213,4.656333771293292
13.571485610972045,8.025603405550761
12.459650100790014,5.408206555974743
10.207849339812284,7.915771958434981
8.869211045619672,6.86279591838501
7.850864276955164,9.08206601564996
6.895045350177833,9.91043804987286
7.045775793014447,10.831763634937944
7.949116252889849,11.954521005670198
7.357826992910086,11.136051582736421
7.423213384109307,11.490809444316499
6.708008860442211,11.222149145271699
7.281232324060819,10.777461409743973
8.146539102002654,9.965258874834518
9.62575231261691,10.097965582025312
12.565798622659575,10.962925678356621
13.3180126442616,10.064346511798014
14.018213036523795,10.329179634271336
16.25844202288354,10.750520067655541
15.079737882247976,9.11448976287399
15.731741603383442,7.682032562928148
13.845511727901266,8.134871048378987
13.92474687932415,6.895045350177833
14.86010289479927,8.8675508010672
18.433517384784732,8.9801026836358
16.4479619989203,5.40853899722967
13.583029486582014,4.262789608470702
13.840490433413537,4.2631973495730975
14.114450297104703,8.146539102002654
13.10148023152542,7.947878597799661
13.201398622543753,8.869211045619672
13.513832422208832,9.226952756054581
13.682743316085219,5.3884685571049955
12.526894677145945,4.022817828564101
14.135700523933023,1.6938090107191386
13.721340957529492,2.2296348346733885
13.333678247623478,3.941278529057615
14.6791731266949,1.9613527715482217
12.760726234436468,2.165838040812607
12.906694052990673,2.0001128763432656
13.198607556701747,3.9768251747225247
14.226840363613544,8.134058564503933
13.719920591518362,5.6644462937314
14.795168213841992,2.501782233561927
13.45074817921788,3.9580392421916653
13.510092615899845,6.858174409045935
13.684457608345753,1.846008604338575
12.267654380509217,1.4010235941081537
10.750520067655541,2.8558597207289034
10.872872817127769,5.024678052477073
10.525250028740679,8.308663921572789
8.347094858535472,9.072256608367528
9.246745011243458,8.534296041444529
8.114683092079066,8.845749734946542
9.11448976287399,5.2805853489788035
10.026924470090774,4.225103327956553
10.322681982406701,9.004386891813576
8.426111905648677,9.291185184964018
10.183665527954028,8.46736480189152
10.022168934706539,8.886319675112404
13.072789775832858,10.34203860436326
16.102303231070064,8.475391966464677
15.331866052414712,11.20535987078298
15.442021395878044,12.563422831283685
13.734677025408908,13.469775841288216
15.304373154716277,14.492601315487134
14.25024854982051,13.523555290821825
12.77271274613583,15.87705050780148
14.542627757946232,14.811052959929329
15.084783590675483,14.445213691004835
16.216319189914564,12.511060463307377
15.320750861560013,10.917473247437105
14.460017603352895,8.18192245401132
11.961281577888094,8.500470523961933
13.494151223923883,8.93840922012741
13.342116567154799,7.977129333758023
12.762301033834396,3.8930565632272724
12.735975896554482,1.0131960689030064
14.336654370653873,-0.12497519345123842
15.477605970905563,1.4856893752553806
16.252433341549306,4.4061781453185525
14.75254659155745,0.4211972123416149
15.04898005273746,-0.17645874813046936
15.765167777142128,-0.11250866268265991
16.56738135708055,0.917160758993258
15.328750736361126,1.0317390208095396
14.256389594162332,1.4009009291509966
14.590234885108456,2.630098756140903
14.924080176054579,0.6838748318910928
15.257925467000703,1.0233284831925895
15.591770757946827,1.7109383192729277
15.925616048892952,2.6860012955801773
16.259461339839074,2.0632124080743495
16.5933066307852,8.152085405606895
16.927151921731323,10.374147958202025
17.260997212677445,12.934089819745372
17.59484250362357,13.064067300582108
17.928687794569694,12.549057078405427
16.555245086365638,13.23531669028635
17.606472544159114,13.62025324428395
17.446573706206088,13.413888220559757
17.77481416376871,12.864655920976563
19.800719147439885,13.583029486582014
18.1286020509175,14.152945318879453
16.1924695839483,13.926957892565875
14.03965807193562,12.998578697245197
13.982313318478532,14.135700523933023
13.924968565021443,14.12980216582753
13.867623811564355,14.890229897592308
13.810279058107266,14.699252935254574
13.752934304650179,14.684065991729941
13.69558955119309,14.287452072814942
13.638244797736002,16.282478061358784
13.580900044278913,16.958823602665568
13.523555290821825,16.5933066307852
13.466210537364738,17.806987359495835
13.408865783907649,17.700030379245952
13.426429581682335,16.62166376510753
11.667505891081415,15.417382449721217
11.611914621091216,15.523083482736844
11.639977585433664,12.497838745905781
12.397832605202058,10.52636421747992
11.963042843163693,9.001111112833867
10.689455609041495,8.309833046840044
11.031772327647458,2.051872011173212
12.175980277115839,1.082453926288773
11.308798389099403,1.4235587215665646
11.484999577346073,1.6477488441176042
12.046514642583833,1.4750433047369305
11.308714632971398,4.768770755975343
8.798783057952622,3.7521300616331468
9.391748843557695,4.001052213489782
10.819463542236836,3.6243234201159504
11.924848342405971,0.6776956183762443
12.624570500710007,-0.6781467085721206
14.3178886825285,-1.6615664215806145
12.8743159493446,-1.580675192500309
12.888650264239013,-1.1878393892081305
13.856414123380537,0.4508859259807534
14.345389563085835,0.9905537488562937
12.511060463307377,2.4956167684694783
11.442824394941017,1.0966693175842508
11.310458692216551,4.8207034323125395
11.09981393955365,4.323552382251726
10.266541729349496,11.501657894729808
14.229060653682257,11.92614337503011
15.800660138917092,13.510092615899845
12.017875905328482,15.307488420955123
12.462322199183912,14.678384051799963
11.877296287563567,15.049462531718829
11.320129579877062,13.036108943475083
10.762962872190554,14.112411391247532
10.205796164504047,12.43267891246409
9.648629456817542,13.036645662782574
9.091462749131036,12.863467484097713
8.534296041444529,12.77271274613583
7.977129333758023,10.959800205787808
7.419962626071516,10.768889089171477
6.86279591838501,10.691258008532802
6.305629210698504,12.218936957167495
5.748462503011997,14.86048156204693
5.945463251430422,15.304373154716277
5.176591886178606,14.924080176054579
5.929018788899696,14.730320960655575
4.4693778588957995,14.325094841684455
6.491229033723549,12.394334718270159
6.793630614792984,5.847843245196259
5.419750863539873,7.462432616984403
3.8812101508315537,8.533131202717973
3.2306884395591533,10.828445143469331
1.7183999000248533,11.961281577888094
2.435612521472415,12.402374740470213
2.4988700945130464,12.944755311582087
1.469287803106624,12.17676364499869
2.120439013357218,12.735975896554482
2.8649002032808175,11.442824394941017
3.223367874318498,12.536847280865075
3.232266589749639,12.808535466409733
4.731211205752958,12.369621765217676
4.944092571385139,10.872872817127769
1.7414639652654378,11.684656177194285
2.029373013149792,11.714338888313149
1.083220847355176,11.503926840149003
-0.8243953073579378,12.899218654903436
0.5670124392913432,15.257925467000703
1.0617987219468297,14.632463237908295
1.4856893752553806,15.87070766815309
2.565849190995879,14.831167480254814
1.2809092445228323,14.336654370653873
-3.3409573040420764,13.201398622543753
-2.367873095845731,14.114450297104703
-2.8016558415682233,13.518805162953909
-3.62609265350381,14.299958517846642
-4.589103110513977,14.614659506445598
-3.7301899678375445,16.219941532866386
-3.9056160363986256,13.986327555465172
-5.404621269139358,15.47630632997717
-5.644985272909533,15.085605759009258
-5.885349276679709,14.19751669940887
-6.125713280449885,12.977082404745255
-6.36607728422006,13.046622681783877
-6.6064412879902354,12.955586112245314
-6.846805291760411,12.882834178572628
-7.087169295530587,12.926115016932355
-7.327533299300763,12.475843445033105
-7.5678973030709376,12.957126450738343
-7.808261306841113,12.181716331738409
-8.048625310611289,13.752934304650179
-8.380532177338575,14.692110363659465
-7.419944340293677,14.654674638922659
-6.90735349996835,16.259226489283694
-6.394762659643024,14.590234885108456
-5.882171819317697,14.951049528987374
-5.369580978992371,15.524528757568525
-4.856990138667044,13.92474687932415
-4.344399298341717,13.996769209197693
-3.8318084580163903,12.762301033834396
-3.3192176176910637,12.312695185086879
-2.8066267773657367,12.89109723474549
-2.2940359370404106,13.935742838537042
-1.7814450967150832,14.048611498526343
-0.3818406637952898,15.223671378590966
0.35834343409359826,15.095193094696043
-0.3324047409612506,13.734677025408908
0.8483775691627612,13.333678247623478
0.4211972123416149,11.4856405577827
1.528955084104613,9.064144741836625
-1.1878393892081305,8.527869002351474
-2.778877009710855,7.06013374177299
-1.1883868198301921,5.292476975126967
-1.6980965599093316,4.339691476990181
-0.11250866268265991,3.435277971240644
1.608572147456628,4.106430348338371
0.8594368650380316,3.4233608869286334
0.5547301957042297,2.8649002032808175
3.1824397948957914,2.634905609825278
1.9613527715482217,2.845669560367485
0.31913534254773057,2.766409594235225
0.047374746223127484,4.289897876770357
-1.1580408257270083,3.2306884395591533
-0.40520489400039406,3.635436531675469
0.8548760988424313,1.6232539190392323
1.7124730382579503,1.7813335099772658
0.40272870632848967,3.4339363109642176
0.9027847006027737,4.091170678916689
-0.010409698723591432,4.44187299928095
0.848604737243183,7.957400025732644
0.8585556023968507,7.917023052826827
0.46763998402656687,3.6085762361414595
0.2763783236258981,0.658766757769936
0.12249825324763408,1.083220847355176
0.917160758993258,1.0450185019812306
2.2722349510084188,0.848604737243183
2.3392051328277708,1.1141456859470449
1.7109383192729277,3.6040415771364427
1.7813335099772658,2.2722349510084188
2.306779445776649,0.6716118311345829
4.405044847711105,0.9390117528677394
2.6860012955801773,0.4114244110324377
3.189800852224932,-0.3818406637952898
1.2231916493307857,-0.6668265046756993
0.9621732490839734,-2.3824261237196467
0.17085756590959766,-2.73469896299354
1.0026776168287013,-2.430845757790231
0.6460187486878384,-2.2888165617390905
0.04953080019451117,-2.344640184531995
-1.3299908416170159,-2.636796774985058
-3.6529827468874565,-2.942700277691234
-4.057959775790684,-2.7668617190312492
-3.974260602588302,-2.0565195127488005
-5.065154757597325,-2.5275994447451122
-4.468145270253996,-2.5328126232323145
-4.849749374491717,-1.5565056156962973
-2.399104684376611,-1.9530705589743043
-1.2962593021062858,-2.297522316723221
0.9309968879853172,-2.9212850517206803
0.9757746924785823,-3.3312671663937925
0.9699708403059395,-2.451336880259871
2.222992974692998,-2.540916052938403
0.6153585329574871,-0.7672483649134769
2.098799996653989,0.36119753101762636
1.4235587215665646,-0.40520489400039406
-2.0588939547697906,0.10095665512003427
-1.947273727978466,-0.8720781273431257
-0.8035785540570282,-0.5749387517818925
-0.3583382932469887,-0.3168682421781045
-0.8126763877543205,0.053286847800470216
0.6776956183762443,-0.11201242885725904
0.5194465746969353,-0.17548876379438405
0.36119753101762636,-0.20977072574858546
0.20294848733831738,-1.146291809590625
0.044699443659008464,-1.6946830696888489
-0.11354960002030046,-2.664343073500978
-0.2717986436996095,-2.7172786066400962
-0.4300476873789184,-2.9640648304192005
-0.5882967310582273,-3.813053388196576
-0.7465457747375362,-3.584064166806237
-0.9047948184168452,-3.3439964056883995
-1.063043862096154,-4.363961105239216
-1.796685275718064,-4.383055161938197
-1.6429840007153202,-4.817749714653062
-2.297522316723221,-3.7301899678375445
0.20463885817596195,-4.693683315635963
-0.5749387517818925,-3.3681106242939123
-3.1624776632449665,-3.6698344431427303
-4.228262246413108,-3.513244982846828
-4.430826541800915,-3.6230398623048843
-3.748560710479923,-3.301577787078466
-3.9366525148675415,-4.229009002256115
-4.041138794030282,-4.685976143785121
-5.1807278429439645,-4.382839098085689
-3.929635197235626,-3.8184472669101015
-4.630284583666091,-3.6438947872741236
-4.873532963109178,-4.421452322604849
-0.980414432538391,-4.995754511342876
0.2303757561066262,-5.130434129198083
0.5222818863962883,-5.2834159392507445
1.6232539190392323,-6.2973951972057804
3.2682699687052725,-5.428800887349076
4.087857088610094,-6.117942308106375
5.3884685571049955,-6.717356101388285
4.2350258019803,-6.700142233382948
4.748847463800155,-6.200942534844789
2.3006515809355226,-5.771325441423203
-0.34998755128900694,-5.526363678001118
2.501782233561927,-6.701777566275039
1.2370723176141116,-6.927643864028723
0.7095563740078036,-5.902325024858035
-0.4900104754948985,-5.85076359049054
1.3565169304594424,-5.313515110912468
0.39037162148222915,-4.990792248720563
2.2296348346733885,-5.065154757597325
-0.4252887927450546,-5.212110410800731
-1.3817186240252015,-4.418867499083581
-0.6679740360975682,-4.220659353487587
-2.079974869446734,-4.344399298341717
-0.8313997397598392,-3.748560710479923
-0.8266391354991497,-3.634723647471711
-1.2189561384928946,-3.6813730677729053
-3.513244982846828,-3.543010434707092
-2.5331528283879634,-5.088170721199455
-3.368362602863638,-5.206701933036454
-2.5909229413058243,-4.741292150022308
-4.761721031505122,-5.295718035301132
-3.6447470587549575,-5.253657769078494
-5.822842690091305,-5.885349276679709
-7.186671272524522,-6.258102356644878
-8.873151475552637,-6.599259104003133
-11.93638237183606,-5.644985272909533
-10.462643268351634,-6.332964220140429
-11.496786946679494,-5.958376914876845
-12.11995728875776,-6.125713280449885
-12.556290936901913,-5.6980292315490475
-12.721097660670653,-4.959763105256992
-11.466038808757771,-5.68082678038445
-9.685470792196664,-4.228262246413108
-9.763255651573605,-5.528166457220214
-7.7949424297425285,-6.719282056538841
-4.848044554104421,-5.998024870544697
-5.998024870544697,-5.5436844719858
-3.8776052620263473,-5.24819385643448
-6.049998744639332,-3.498404297381969
-5.6980292315490475,-3.756438076842691
-7.161888296364803,-4.81557193968643
-7.169790816730858,-3.1491234094355134
-6.363213067665537,-3.647348813769513
-7.491228277883501,-3.7495159220583876
-8.359404230590265,-4.041138794030282
-10.385389914290695,-4.466471561977267
-10.930105979609442,-3.761822614184504
-11.042090784673391,-2.758743187443487
-12.016571859096182,-3.62609265350381
-12.880765677661678,-4.113515913346214
-13.35651017873038,-4.104239609623121
-14.272749511057475,-4.756435585687806
-14.163260771469705,-4.686077694502829
-12.91520582849714,-4.696391281839183
-12.177650779587342,-5.161600211487445
-11.684727715881582,-4.079259472583092
-13.546696759960062,-4.304380975958248
-15.148983975945226,-4.472669238176966
-11.721571110337063,-4.392602506524591
-12.417832235013345,-4.724509687846435
-14.531559963830377,-4.0639619323510345
-13.245091865639303,-4.063366418419541
-11.864929038764284,-4.430826541800915
-9.434080087597481,-5.731233430537668
-7.594135363820601,-4.962572954795736
-6.984396266539363,-5.085234244900323
-5.850341907842608,-3.8671038787082095
-7.863251854910079,-4.9524238245539465
-9.193122340838414,-4.732820458972476
-7.601674545753044,-4.848044554104421
-8.567001391682856,-5.691568762157582
-9.838222123443998,-5.218444654844685
-13.482333997123453,-5.369580978992371
-12.340302699077842,-6.7261197181511045
-12.15379866223351,-6.300431601334359
-9.960630278329544,-6.001622312919138
-10.911173433068512,-5.927998783739563
-12.112089895493794,-5.709753265284602
-11.61373608663207,-5.911833592645927
-12.672363504942009,-6.537096344789845
-8.98713560742115,-6.813857800995505
-10.800716428470023,-6.190164577385254
-11.12069164009763,-6.177667914766513
-12.132716420557756,-5.608762659608282
-10.01903233216101,-5.594017634484264
-9.351038041538384,-5.850341907842608
-9.34015075953007,-6.812383518023905
-10.498111660115457,-5.731877276996382
-11.613208319993825,-4.468145270253996
-11.243750778006001,-4.435614479650028
-11.448824995189687,-4.298046147874926
-11.318384205347186,-4.437075978445539
-11.522197070177695,-4.511205210405064
-14.952455925321603,-4.851108297525457
-11.928185976779234,-4.051801053558404
-12.775918479000163,-4.4385330067130315
-11.091501607629956,-3.700919591986378
-12.052054178644537,-3.4104015575958675
-12.946761223733471,-2.8016558415682233
-13.51657314809263,-2.399104684376611
-13.766455169399961,-2.6016657397307585
-14.116783233662792,-0.6679740360975682
-13.88631410574325,-0.4852893870452748
-14.564923765320453,3.118858349966076
-15.058702093761962,3.6005280094254637
-12.693050897071323,2.4988700945130464
-12.849446069142454,0.8585556023968507
-11.941290895598332,0.0
-9.763765739705413,0.7743954167425333
-9.201182789652146,2.417912113324807
-9.048829394277474,3.592484813063523
-11.11988751466415,0.5194465746969353
-11.616231003895034,0.1306355560444351
-10.56289266381194,-0.2717986436996095
-10.510560108234014,-0.392465800769351
-11.75759431144448,-0.949508357659034
-12.402361270109973,-0.811392996743261
-11.937492063365438,-1.3719717635867088
-11.501961176186622,-2.0633226272528806
-10.57966915765602,-0.287485542782805
-10.763022753909635,0.4806013021124027
-11.710925557084128,-0.32496450353781503
-11.703581301333378,-0.6982735399425805
-11.929725618823081,-1.1883868198301921
-11.955201737934647,-0.19454301313406774
-10.073459323301318,-0.5905015237612767
-9.368011906557786,-1.9534196959639565
-9.591099156755487,-1.7564462006234023
-8.331120336517172,-1.9537704541952294
-8.189533456772537,-1.3441782028285947
-7.36149356166553,-1.7774293176055642
-7.616613027635905,-2.4565808401075224
-9.410294662788996,-2.254932777392838
-7.259897293719012,-2.382017698665447
-5.5436844719858,-1.7153561437503577
-6.612130694409765,-2.5331528283879634
-3.920980958171883,-1.3981289379116006
-5.315063485479015,-1.3817186240252015
-4.843708392091515,-0.9047948184168452
-4.254380265632555,-0.5281372889934155
-4.799616181303036,0.2303757561066262
-1.3981289379116006,-1.063043862096154
-1.3719717635867088,-2.671551649603116
-2.943724196689033,-2.8066267773657367
-2.3157025612158937,-1.4310833114031758
2.6041957884107245,-0.980414432538391
2.417912113324807,-0.5276820758840104
1.6477488441176042,-0.5023735590805793
2.634905609825278,-0.45475141843705347
2.009376963154093,2.1109830897228608
0.9531649406146558,2.9976800330209077
1.5256245965821655,7.796492873762355
1.0603884340137355,5.1066528148826364
0.7743954167425333,6.994914063399934
0.10095665512003427,5.748462503011997
0.667735860552188,7.5782483818855155
0.7748243126412155,8.164653925372903
0.2413920589525257,7.9051112920073
-1.9499070055835457,9.65234982236285
-2.559790826580637,10.045551785827096
-3.1337357231103757,9.40094218681368
-3.335360445330235,9.862917211760648
-1.1905835375934126,10.736654009103876
-1.4201310638641362,12.805112064745725
-3.4004424211280995,12.255108653202688
-6.013088516116026,11.720086370792224
-5.44865714964075,12.884593289534713
-5.054126505955323,12.364850934518518
-5.526363678001118,12.397832605202058
-6.405475402279027,11.914763047927483
-5.6042092865011055,11.667505891081415
-5.927998783739563,12.167239490075131
-5.731877276996382,12.299571953321463
-4.11650306957624,13.198607556701747
-3.7188083406722403,11.898022850288607
-4.418867499083581,10.685543858972574
-2.942700277691234,11.659880024422081
-1.7153561437503577,11.491861943419753
-2.122798434177161,12.027676708580444
-3.9102921538537707,13.513832422208832
-4.269303742038117,13.303220053290792
-3.9202252626212335,12.15948608399383
-2.1445932210699703,10.537041414211263
0.04619429113017759,9.247919055518313
0.3229725682453229,11.447533949030124
-0.16318189474729078,12.863699318349415
0.9340258590391328,12.729097159559714
0.4459423533508474,11.896027656745026
0.06453705558637146,10.75808661739314
-0.3168682421781045,10.026924470090774
-0.6982735399425805,7.935017763356654
-1.0796788377070565,6.550954387673638
-1.4610841354715323,3.728777890170602
-1.8424894332360084,4.515594927016435
-2.223894731000484,10.775630300816697
-2.6053000287649604,10.8220416519617
-2.9867053265294365,9.296151948430705
-3.3681106242939123,9.3121305216788
-3.7495159220583876,9.696996155535635
-3.761822614184504,6.375690908182075
-3.8791477628750846,7.768245822374674
-1.0254503300761049,5.17936367517019
-0.8720781273431257,7.513742997903146
-0.38102795474027384,12.062662026222362
-0.287485542782805,12.299214303511278
-1.2464163011879337,10.266541729349496
1.0450185019812306,5.419750863539873
0.9369845899371287,8.888155004444378
-0.949508357659034,10.604879695460795
-3.167726696445621,7.234271944030448
-3.6234930845143567,7.738411753129503
-4.079259472583092,4.489835129183726
-4.535025860651828,10.950641359731248
-4.990792248720563,10.674050657546937
-5.446558636789299,9.32965151139595
-5.902325024858035,6.520261140171792
-6.35809141292677,5.929018788899696
-6.813857800995505,2.831927518715288
-7.269624189064241,3.6679887996581755
-7.725390577132977,4.267596700264571
-8.181156965201712,1.7414639652654378
-5.674725520774949,2.098799996653989
-6.748513073183094,1.608572147456628
-4.969705710166485,3.232266589749639
-2.430845757790231,6.622790027929409
-4.756435585687806,6.492693743508808
-3.762056187366785,8.461954652545616
-5.1444191403482264,10.277953264846317
-5.911833592645927,11.405035078702005
-3.8184472669101015,10.698315151102344
-3.584064166806237,10.37608436080558
-0.6830508940389106,10.244556378469731
-0.6668265046756993,12.459650100790014
1.438342566094751,15.382389964206443
2.41023086644379,15.45796975632353
2.630098756140903,13.850613142898156
2.2631070842168612,13.580900044278913
2.4956167684694783,14.567316110683473
3.6811661361440597,13.271192006542272
2.653832594475671,11.773779763507312
4.20278347504515,12.31928355951666
2.243473693184457,12.650564038591282
1.0131960689030064,13.342116567154799
1.0317390208095396,13.721144851306933
1.4010235941081537,14.647639600048294
2.6174478586990793,15.079737882247976
3.310397574306455,13.713257898776037
3.7764119646505416,13.573772209622028
4.629243143927075,13.449454588994533
6.550954387673638,13.020074989745138
7.957400025732644,12.371132702828062
9.071393503928519,12.99343422308482
8.936190315659625,12.307580142401688
9.805275685260515,12.584570979317135
10.567306028716661,9.444974989518279
12.299214303511278,5.830457252061821
11.551681232971813,5.395811810828532
13.29061989862757,10.27921183873953
12.729097159559714,12.03936050798038
12.160890816875577,11.436602417561188
11.501657894729808,10.51795762083938
9.54395162823791,10.58987128811081
10.005056827287767,12.047626259549551
9.582318712475093,13.848648282591434
7.269428469901396,13.590278031844617
8.676590190882928,12.8743159493446
10.031067413777578,15.122669049974064
11.490809444316499,16.4479619989203
10.474594396920878,15.901785869658475
8.886319675112404,17.066700708862307
10.064346511798014,16.89154268330103
10.469056209871718,16.74693795557076
10.017305766620924,15.498169763496213
14.119069387284622,15.908195408597448
14.872558990760247,15.17046623191406
15.416871509346434,13.353993898335347
16.420540036798606,13.744890271266827
15.690149881778607,12.95719861392141
15.659417719947928,12.518306773209195
15.046003339358862,13.727352860624524
15.85253967474346,13.46636831747403
16.025972532286854,12.912925168078786
16.897643972338592,14.345389563085835
15.623543721323625,13.840490433413537
17.99895303202263,12.906694052990673
15.15826135276085,12.786964309772575
13.506114009881388,11.590404665874402
14.761440520312085,7.947374599920576
14.678384051799963,5.211518375527408
13.986327555465172,2.776071483094205
15.468573570427738,4.918430502575819
17.70396429859586,4.087857088610094
16.711699840876623,0.40272870632848967
19.536640348034926,-1.8840566631453912
17.827090472810482,-2.2552144174708246
17.24391698522766,-1.4165279563337294
18.170679350915343,-1.380142255235552
18.335156196154855,-1.6772949922271105
18.509594230186032,-3.7611895728911473
19.37783656816909,-3.3192176176910637
17.479227682840182,-3.6234930845143567
18.614177289098148,-2.9818174371291093
18.60641930068797,-3.554779295468033
19.059058714948453,-3.2262122500821464
17.56664967986084,-3.779058626283777
17.74670658326333,-3.824283960935797
15.498169763496213,-3.9202252626212335
13.339624990918296,-4.498597721211094
14.501217901093858,-3.9366525148675415
15.374654209964719,-4.946167596101402
17.931838761275365,-4.6163214112998565
19.22472658149082,-4.70840517296971
17.245755779355513,-5.572583733079358
18.443361641681978,-5.37789982133589
17.500302682653384,-5.102317687746756
17.98187796554863,-5.6042092865011055
16.596618572814517,-5.657419276690085
13.32931902944741,-5.219587005630784
14.139051443853322,-5.054126505955323
13.449454588994533,-5.001079348167588
12.944755311582087,-4.520594955728672
12.03936050798038,-4.479869381028816
12.536017187273188,-3.814258315680819
11.95097770241395,-3.7188083406722403
12.056153494954476,-3.637876520174558
12.15948608399383,-3.6318409618106196
12.499396966741823,-2.281203495031749
10.604879695460795,-2.3157025612158937
11.55279553200096,-1.273247516850862
12.405906183081921,-2.0368010899572
12.7552808465085,-0.9752452845271149
11.293237650814447,0.556693316580742
12.866974993465114,-0.3104167326114333
13.713257898776037,-0.14541998770994358
14.879089765149187,0.15052202338409915
13.35575604964626,0.4060990579258128
13.53499777318953,3.26060712762619
13.229255837409614,3.223367874318498
11.980150019976186,7.869364278819661
11.060414255153999,8.633575227644535
10.497944124363036,7.893192167936894
8.957144201441196,8.405673201998717
10.27921183873953,10.469056209871718
8.802709296623172,10.053106327643277
10.053106327643277,9.94910471295761
9.935687649901345,7.885383730006355
12.650564038591282,1.2809092445228323
14.34240599286334,0.8483775691627612
15.256213653791459,0.5328467641416115
14.684065991729941,0.8759586591169504
16.996384488339775,3.0036852106993206
14.647639600048294,0.09666116023201576
15.037996063095463,-0.7797296495141985
14.951049528987374,0.5713429696761417
14.768018080387225,5.176591886178606
14.832237185922763,0.17085756590959766
14.567316110683473,-1.418357922209161
15.049462531718829,-1.7814450967150832
14.627573335567043,-1.9530840415289752
14.64594514975912,-1.3288457080639953
17.5619000478713,-2.471430959507667
16.13569392855999,-3.0066582737947902
15.382389964206443,-1.9130447311290892
17.36902907585075,-1.9435741894816994
15.771210375455805,-2.0799769647350885
15.3093345807106,-2.971651642325308
13.521784231653433,-2.079974869446734
12.855349953774587,-2.6053000287649604
9.88437018735892,-1.5839746033693705
10.1843924975765,0.5222818863962883
10.484414807794078,1.2231916493307857
10.784437118011658,1.469287803106624
11.084459428229238,7.025422217723413
11.384481738446818,8.267624433158648
11.684504048664396,10.484414807794078
11.984526358881975,11.031772327647458
12.284548669099555,11.320129579877062
12.584570979317135,11.293237650814447
12.884593289534713,10.306749475449239
13.184615599752293,11.308714632971398
10.917473247437105,10.1843924975765
9.57300124876665,10.73550514447979
9.17163748666064,9.86282268757007
9.272104545884744,10.663239269611386
6.374308021276015,9.935687649901345
6.748047222351476,8.778362827397462
6.980991882297419,9.943589804844613
6.994914063399934,9.828383163410091
4.713311562419669,8.251169492614212
7.796492873762355,10.257871452849
9.653755133607076,10.290832542868891
8.405673201998717,8.982987481712321
5.2521182006869305,8.62429555739102
7.199835297842085,6.36548263837116
7.947374599920576,7.281232324060819
5.292476975126967,7.141329676192061
7.513742997903146,9.25886980503563
8.527869002351474,9.023926598689606
8.41400328996098,10.474594396920878
9.004386891813576,11.465147952202907
8.299112434538022,11.711526376147901
7.462784293579307,11.974733524401536
7.522541369377071,11.095132238417978
7.768245822374674,9.90507904033469
4.977315388112242,10.017305766620924
5.608299370393684,9.85730926001231
3.7521300616331468,9.993710865090435
3.266267584767868,10.916959559057654
3.8603800952230123,7.408592256702633
3.1358681782604316,7.366614239742851
3.6492119598052084,4.784625154478109
4.225103327956553,7.494895267226412
4.579910648040601,8.931391357056961
3.6679887996581755,10.702858118059545
2.5058021043985503,11.38094798041523
3.5513764607025857,12.586357184442912
2.8558597207289034,11.413137099776572
4.918430502575819,11.05162573576543
5.408206555974743,11.778072856831846
3.395342123004123,10.63823191508033
4.022817828564101,11.191405258698918
3.26060712762619,9.978838512392134
3.967874633971575,8.388916894599046
4.560285387062232,8.370913567833439
4.267596700264571,8.72303953355882
4.717865559591134,8.114683092079066
4.515594927016435,7.816673596044714
1.539433659385185,0.5547301957042297
2.2382671668293734,-0.2384399842600955
2.051872011173212,-2.567059734855805
2.553454195673381,-2.1288415674906944
2.4569741431375007,-2.8351600713001455
3.435277971240644,-5.103738183227767
3.3535169287274846,-6.368447509930585
4.1046699844273595,-6.502637765886636
3.6913052349776505,-6.418107507735267
-1.7268535635148359,-6.984396266539363
2.0632124080743495,-7.36460645696177
4.8207034323125395,-6.9097216080668895
3.9580392421916653,-6.183120762891844
1.1624342655013518,-6.779504489989161
3.2992058087880296,-6.43983479692763
5.13398030221511,-7.219889550012654
5.005182602415838,-6.130908299423158
8.251169492614212,-7.24892298451503
8.8675508010672,-7.909967956875056
8.134663260036097,-7.327533299300763
8.46736480189152,-7.826754656260788
9.072256608367528,-8.614024245227304
11.09935626249506,-8.056167971546898
11.961838275833346,-7.82184064215668
12.966178493993162,-7.413711480162187
13.430094151625756,-7.262973963603891
14.654674638922659,-6.868108741499582
15.33532744003676,-6.496833750689056
15.325035831352018,-5.370407320615865
17.27186470497842,-4.234479593635557
17.974953716419616,-4.873532963109178
17.475807839634918,-4.969639509362455
14.800880369421956,-5.443764356710452
14.630221094397168,-4.856990138667044
15.042431715945266,-4.588073484030444
13.51552373021217,-4.46121999935051
13.518805162953909,-4.254380265632555
16.408015612191683,-4.133195587550625
17.141354450253694,-3.804843538707161
16.797398406125673,-3.3984712273151545
15.908195408597448,-2.7834649395626734
16.69183302907732,-3.3592175886528928
15.820586224385163,-3.023349976183781
19.145359426751572,-1.7268535635148359
21.34997130431283,-0.8243953073579378
21.630304376731832,-0.4252887927450546
23.144716893581542,-0.8035785540570282
24.029022700736935,-0.7465457747375362
24.790257506520106,1.4520103765227668
24.234781916885815,5.584161437389264
24.39407789777435,6.39491450231466
24.622506667856904,7.819344602183093
23.990614226767782,8.772500023650132
23.41936547327375,9.782491312202513
21.982264920808184,10.569659584249305
23.779067922191228,11.048383122465271
23.511103645077537,11.961838275833346
22.287600757981636,11.639977585433664
22.65104562313006,11.089742047722888
20.480879962075417,11.464590203170593
19.025662963316055,12.278241495124742
17.916189450075137,13.10148023152542
17.879807343412104,14.76361518805349
18.379638076815432,15.234944075690652
18.87946881021876,17.446573706206088
19.37929954362209,17.26035507721226
19.879130277025418,16.44715232452305
20.378961010428746,17.74670658326333
20.878791743832075,18.494032515377366
21.378622477235407,19.145359426751572
21.878453210638735,19.27478170773217
22.378283944042064,17.77481416376871
22.878114677445392,18.457698580711195
23.37794541084872,16.746815562849804
23.11125325946217,15.728430903295346
24.285401319488187,15.256213653791459
21.995970280268207,13.83536027246598
22.729847547168678,15.04898005273746
21.477346738104238,15.257262518989242
20.72471509468794,13.719920591518362
20.163968735701445,13.611804604922535
22.483836691821228,12.897937340808111
23.56142250805272,14.41209587252638
24.217477027938216,14.879089765149187
23.5556843252697,15.084783590675483
24.69110069307962,16.259461339839074
21.426825837520546,16.913529509222634
21.481049964979135,17.297602430143588
22.27060720135973,17.54212425583767
22.581522715877078,18.937035326331966
23.204895236133666,19.697511302112314
22.973417795348656,19.60384962562938
23.040709469244366,20.634284692815786
20.95631152929487,21.73357172360953
20.68527118652725,22.04701035604239
22.62150275909988,21.936589314691535
22.636240106731027,21.922394506597545
24.602566490986934,21.95361282834985
24.58134067602544,20.8818591937943
24.268555132447844,20.356281070181378
25.443641202143702,20.49569828168171
25.823831598109813,20.89840326483446
26.575267997999003,21.165963235011592
25.194090012748372,21.117404682858602
23.355026712199688,20.76534596662844
23.173332400276937,17.840010204374106
23.640981162078777,18.652734852330664
23.77692026646654,18.443361641681978
24.265356887876173,19.84194753905893
25.25329570462207,19.845415941385642
25.762527818499525,18.843147723144018
24.813804352625098,20.04355584104656
27.388772901881854,18.97662719628984
28.79182312195338,20.00753395090217
30.194873342024913,19.969332112149296
31.59792356209644,19.83336062146947
33.00097378216797,20.621057219614123
34.404024002239495,21.503912215147828
35.80707422231102,21.28114076037572
37.21012444238255,22.87487286617798
38.613174662454085,24.546584510399885
40.016224882525606,26.67796139254923
41.41927510259714,27.762003380695276
42.82232532266867,26.927615254042028
43.233993217740206,27.972205980491857
43.64566111281175,28.538570123602426
44.05732900788329,28.249514370232426
44.46899690295483,29.378069601782382
44.88066479802637,33.359994620480954
45.29233269309791,30.220631582618903
45.70400058816946,33.22179057633278
46.115668483240995,34.10994500124774
46.52733637831253,33.47605196530965
46.93900427338408,32.39536947688193
47.35067216845562,32.445630694161565
49.013676309882754,32.412442108158366
48.496948200772295,33.313417851230305
47.62634711192851,32.78042908972228
45.669880519726675,33.8203468977622
46.25828557706472,35.07457154224697
45.38961962506555,35.72270381207194
45.918796841940015,35.963111748858296
45.304210696380466,35.79083155829812
47.756076818291,36.44341165535033
48.38191842557668,35.41687455879425
46.317030848070445,33.25884980091745
44.34980925398489,35.14891014883842
45.77277697993866,34.766579036724224
46.758158147575166,34.54616246845171
47.684238298885916,35.65130654051181
46.41843743195861,34.58885173739859
45.128946534939665,33.021642909966914
47.162811122378514,33.86696365602043
45.026648711616765,33.73953836650711
45.960693040285875,32.61418995871161
45.605190283997004,32.748405043430026
46.971337868652306,33.04156327115551
48.672464536881975,30.15120805573473
50.081108575190825,30.687836466770758
52.23716068906776,33.013067291514474
54.977190185322335,35.368639280499956
55.07681784936343,33.435340789461996
54.8042301106818,34.69010954029741
56.1181573310563,36.02642991786845
56.67421757192891,35.68882294068372
56.193318433968656,37.47459220011811
54.65438144727685,37.586452943967934
48.85511001716652,35.98590674019441
48.81383174566402,35.392990257719454
50.67401593507675,34.09387769368062
50.133008753913984,35.26216832728868
47.983619004361685,33.544110703551276
47.500813655605924,31.073261609333745
46.9144382119271,28.91482370754795
47.5097749338673,27.85748779693927
47.350121031365376,25.79661940301521
48.341784501437154,25.414471601175688
46.799970791180506,23.430737846204508
46.26265080385824,24.366410462848734
44.34322642875678,24.350856389174634
43.08910169361696,25.75305137534465
42.480160744639086,24.1446364128266
42.991666836812875,24.980779631350096
43.16717151660542,23.423273755566992
42.621607072446196,23.000615051687543
41.85589015012843,22.257028110337245
43.15563295610302,25.48925176864218
43.97214946059611,27.892454016107155
40.647600137549226,30.602273271210805
39.522804370829434,30.263225065542304
38.2093740585323,29.004754530048153
37.25145011243892,26.8069410397694
37.2390230660868,27.06295717182972
36.634413079746736,27.164482493416454
38.53405515149069,27.446968885136748
37.205238231928746,28.178363504297856
34.96472399394512,28.017252496825222
33.51070614416773,31.260967009462096
32.254049354704506,28.989026172917313
34.097738928627614,29.441425917759414
32.0968244023408,26.001712442715622
31.29288823086948,25.927013176492867
32.8700221140914,24.36758044554379
33.31606403707671,24.208853418474238
34.49670133894898,24.125587859117577
36.27056407291996,26.532255703795272
35.95885754485808,27.386272865703035
36.661667570090295,26.88447967186154
37.55351402098103,27.382497537165314
38.83928828913454,28.576999894722157
39.6835206422125,29.318467897303
37.835400691335344,27.47311785509961
35.92991323567492,25.44649426590659
35.963111748858296,23.353936600028444
37.03261244506348,23.804284741195925
36.2350855439011,26.289956982677268
35.95951236371042,30.079988884706538
37.491285737697694,31.307912963451134
36.254681684101264,31.59792356209644
35.01807763050483,30.95020622820335
33.7814735769084,31.661233393597172
32.54486952331196,32.36465604402025
31.30826546971553,33.31435584552349
30.071661416119095,31.172621536086098
28.83505736252266,34.28700508722905
27.59845330892623,37.56382933625771
26.361849255329794,37.36421222487225
25.125245201733364,38.167897581789525
23.88864114813693,38.942729340386386
25.801797848476067,40.424788638882845
26.001712442715622,40.93503915131597
23.547996425753436,39.997962022993796
24.64757291108666,39.66375973436223
25.150098328265756,39.75716063692103
23.361525371079942,37.98373297658072
23.76496725330775,36.98168841220145
23.075837127650413,35.791255302271686
21.300982303587183,35.76704137242399
21.360515145302337,36.47999139807953
20.289024926643297,39.52256204278076
20.996073347064865,40.04513194738848
21.117828026555117,37.316793675519236
22.212966314393583,35.835755318409575
23.165843063304564,36.87149076859285
23.673518891347886,37.20176307239174
23.7360068014704,37.55610115368781
24.474192968000573,35.49559461210245
24.880838640109346,33.15078373715096
26.21254090047397,35.56547769193468
26.082691771157545,34.910471300889384
23.82608652605993,35.9611762562397
22.46104459492609,38.258919599648415
20.79144603288907,38.19735609614371
22.369862468288556,38.450329964387336
22.269243726866392,39.373689448548426
21.844558280032253,38.3364428274326
22.096540856531245,39.76197116606445
22.343728215306502,39.312111389406645
21.1452948340477,39.11241124448191
19.94442027966562,40.3165993768832
18.365079013011197,39.526393306527005
18.442284979390095,40.564817175535524
18.63096793131203,39.38152869968199
17.121242050138378,40.55427614371617
16.44623266106594,40.19229805364538
16.942939154926414,38.838960419600646
16.96171410136603,38.44751918403207
18.295909575555612,37.21598915814309
19.63094042572589,39.74514897261002
20.21130748230109,40.32694322005179
18.937035326331966,40.189003679980964
19.70247144742506,41.50954693016937
22.0042984487062,41.78016579260085
21.36982445283604,41.94232215489361
23.43256717992791,42.87943906025446
20.751416524472567,42.58628763798674
20.951604904972605,42.575344489746904
21.430310629734844,42.94349543409475
19.987888232570597,43.31509368500732
19.98181000594533,42.81906523246165
21.28114076037572,41.381277740955476
20.33194556076201,40.95200755751005
18.20259482285759,39.04550970163273
19.33078060868642,38.55839855980303
17.713119534339345,38.925933683101086
17.585891598137923,37.32242032734305
16.024642184621275,37.96072965062338
16.41852510007895,38.31474439163208
16.421261522938952,36.2303514852992
18.090057395109977,36.16834104838795
18.472000292724474,36.51715867140548
18.7962744681125,34.48742914328493
19.166934188285122,32.996267565896936
17.954505303923128,37.545350955465494
19.176511613346324,37.79033690052721
20.135798308382704,35.41560683505556
18.887889209880928,34.20368544967549
20.549461885442625,34.405135401466545
22.704393638963015,33.93108650657567
22.82951549881847,31.79648647055179
23.946262328950432,31.96859333020114
23.088841736493517,33.072290005038425
23.204332817023836,34.097738928627614
23.161186328628194,31.30826546971553
23.74135937937346,30.52932501022308
22.459355938247608,31.261167910434175
23.316164330002955,32.40432806488368
23.725162273252078,34.66603998908743
24.166285938721696,36.86080577671137
23.670404397923292,39.79586357164156
25.414471601175688,40.317516919938704
25.260796285654216,40.685793458187135
25.754833092368237,41.00452604859406
27.534913096120437,40.309881879298075
26.426743427610223,39.06208890376859
27.78625632137695,38.88206401059325
31.91677702851342,36.486933907817274
32.23431971113153,38.10751788777235
30.964533903541096,41.059409372986856
33.00792399243243,40.86121107626797
34.40958226324076,41.95279672436912
34.847728498394616,41.92000833097793
34.51576748432635,42.682286406246654
31.62473591519208,41.593924468377296
32.72609553855837,41.08621057843564
34.907936266876185,39.27010067318491
35.020087787102675,39.257369710208465
32.996167038568444,39.27542674013183
30.843479834040238,37.43124167500957
29.308171728155575,39.8242357354282
27.721967423606273,40.55813350740556
27.66363674603505,41.956529621710935
30.263225065542304,42.609208453126804
29.022649648166478,40.961520279329775
25.085493322392985,42.289516155605526
25.63805713550365,42.72024435408396
26.141383353724486,40.52110050380436
21.39469069976331,39.78359625196575
20.58309096975338,41.644693562447394
19.44653132070278,40.75399780042206
21.62301074434802,40.97169894465752
21.687219680271298,41.12005913730399
20.979259611410683,39.362831072665216
21.886938062056394,41.01105205234811
22.568420206698743,41.401219759937206
20.055719470645446,42.286747241090545
21.918086608537127,43.1418184817464
22.835304951124083,42.832173437327626
23.504176497672553,44.10879333663174
23.50702689552323,43.95401709377668
23.425708676293002,43.65347851675962
23.34439045706278,44.67682492624789
23.263072237832553,44.278770633737714
23.181754018602327,45.38047308814336
23.100435799372104,44.93841554025066
23.019117580141877,44.61194628891415
22.937799360911654,44.81042098223878
22.856481141681428,45.626015500067446
22.7751629224512,44.767899883326116
22.69384470322098,44.53966073771083
22.612526483990752,44.958780180287526
20.084098545942858,44.724390544850635
19.48824441950293,44.55618869546245
19.846221171210118,44.72474297741471
19.920616455818738,44.19882411159207
19.577298460717596,43.659694640475905
19.376737403674536,44.15956733167181
17.54212425583767,43.94835814076448
16.81098174026893,43.24774296178013
15.385269600813512,43.24218694980911
16.644155053177904,42.82232532266867
14.47298695474639,43.3785274200148
15.130874563564584,44.39420887055696
14.890229897592308,43.73856547965186
12.806431189125343,42.31801569074567
12.071069390568208,43.128075164515856
11.724486047440614,43.64566111281175
13.727352860624524,43.84713382825323
14.167767463736805,44.19079483591204
14.484473686888144,43.94558387192958
14.775087743996314,43.78107852400259
12.912474280367618,45.90846990517764
10.741249541109154,47.03895274202367
9.635570533770657,46.338747880285716
8.475391966464677,46.51596218654085
9.40094218681368,46.14532033410637
9.504441996313687,46.04378393273632
8.484404787902724,45.43100185385738
9.291185184964018,43.74916006623086
10.097965582025312,42.78628951997713
10.904745979086606,42.61713989742556
11.711526376147901,41.4180988976546
12.518306773209195,38.83928828913454
13.32508717027049,38.205000471080396
14.131867567331785,38.62621802960012
14.938647964393077,40.63953856919501
15.745428361454373,40.840551494917285
16.55220875851567,39.33213233038628
17.35898915557696,40.58842621875214
16.89154268330103,39.702378856558994
21.03282844131844,37.04019028366534
19.33605360932917,36.92761702310914
19.42153742135745,37.205238231928746
19.02833749478536,40.49838630889892
20.295959269903598,41.37310098165504
19.33761781526216,41.265070550681656
18.44826889486183,40.40978368154715
17.95826183015669,37.19542879624716
15.405425228923528,34.67223867617447
14.479666309460713,35.14579164107174
13.850613142898156,33.798395517172786
13.349260051811573,32.05821614822962
13.395420392503429,32.86550572808536
14.32333499117441,32.421800361086724
14.421591282217014,31.79776431034666
16.642179425182146,30.807042642924376
15.650308834101587,32.39683792660728
16.6443443152972,32.1731049569788
17.93985478489142,31.70747756932393
16.41898802010632,29.02886620771524
15.506245181527,25.40673222781391
14.692110363659465,23.41705407421377
12.733175223164682,23.019117580141877
11.778072856831846,22.4728961115663
14.564124129374271,21.87424101513504
13.935742838537042,21.1452948340477
14.465805435191571,21.477211794884088
16.274376013053676,21.555295689130798
15.36587739784192,20.378961010428746
17.02602302373434,19.94442027966562
17.994675195152922,19.252894076345147
19.061220251281323,18.42691942442701
20.088983192521894,18.92433881678534
20.944071123582198,17.205262340680363
20.41064665208005,17.916189450075137
20.17611970717923,17.879807343412104
19.164689004771223,17.974953716419616
20.765861945665755,19.769003409230173
21.570102769433632,18.20259482285759
21.915741590921584,18.03239788740361
23.17949731481668,18.947838313651975
25.202223890840422,18.24027075770257
25.550652837724453,16.666625541345052
26.362930581170406,17.75126454497664
24.618491184251482,19.139365656548986
23.90803000755831,18.964682806190513
23.66857365072051,19.708798766898166
23.439233059196365,20.54815426976852
23.10886263839084,20.164157765375908
23.7607305030938,22.166087793387835
24.36758044554379,21.921837520962
24.90400506834734,21.630304376731832
25.22654892394463,21.136326338475772
26.960536623060893,20.104097334957714
27.35736452945077,19.713689598594872
27.00974959269919,19.8359193447884
27.25125438469962,19.759461560250017
26.813875372673323,17.75833289362096
26.363389344704814,17.654034533443575
23.846147482516905,17.426481792219906
24.562971519106966,17.892455005123708
23.804284741195925,17.27186470497842
22.27813206409888,17.661052570490092
24.650186502812954,17.797865688599142
23.488778746879166,15.3093345807106
22.32737099094538,15.356419414793901
21.165963235011592,13.924968565021443
20.004555479077805,13.341876414476337
18.843147723144018,14.229060653682257
17.681739967210234,16.198279573205713
16.520332211276447,16.204852618278537
15.358924455342658,15.424038619541145
14.19751669940887,17.134408305710302
13.036108943475083,16.6443443152972
11.874701187541298,16.797398406125673
13.721144851306933,16.674474379026552
16.97437141401667,17.48748875326278
16.777234044133895,18.114295156403116
17.46019315992413,18.7962744681125
20.143751566260622,19.019152431135115
17.84147238745936,18.279838233494544
20.047479709997166,17.26751473754507
22.04924043460099,17.606472544159114
21.823390839755636,18.04266298062808
21.2179875070561,17.652021351640006
21.70600458145134,17.315447705170335
24.21205922736204,17.59484250362357
25.003934606595372,17.24939171177392
24.223474253403378,17.33806091790109
22.92977537373729,16.607043749522656
23.3579489602705,16.25661391535797
23.07472300409381,14.231247050126678
22.351735902058753,15.805579604896462
23.618325703964704,14.938682295301739
25.11675723659383,15.154848379746653
24.888299618726144,16.252433341549306
24.93337519741302,16.984393509621313
26.495550205919944,16.274376013053676
27.23553992409086,15.869320792526347
27.772220699740643,15.042431715945266
27.537880740751948,15.202407468876832
27.09273141102813,13.486538937863305
25.96931849192844,12.473970856746188
26.88891687447925,12.565798622659575
27.510604356596673,11.844453624104696
28.001939744903922,10.786926242827484
26.315367735314194,10.076965262547063
25.219517328794446,9.272104545884744
26.090289222938235,8.957144201441196
24.470924632264843,8.936190315659625
23.80232987304187,10.083290015167055
25.451471316798347,10.786932276899057
25.818804418330632,11.724486047440614
26.18613751986292,12.855349953774587
26.553470621395206,11.349061908583707
26.92080372292749,10.344321600679217
27.28813682445978,12.185656891249073
27.655469925992065,12.162424435546964
28.022803027524354,11.060414255153999
28.39013612905664,10.354327906817076
28.757469230588924,8.400377817938312
29.124802332121213,8.41400328996098
29.492135433653498,10.741249541109154
29.469860904925223,11.944555661299159
31.772744982968568,11.803367794526686
30.330982180187085,11.472087211371285
29.56497654362664,12.454470610918131
29.200877751418425,10.951586995589423
29.287455978447035,10.367131742977236
27.487004634678936,11.484999577346073
26.004692442801264,10.762962872190554
27.984287925163557,10.00910562850186
27.86181998131262,10.132251504902484
25.904302710725208,10.056649657195159
26.793223183873316,11.896343981941413
28.405712766374272,13.351462496203867
29.3781443114004,13.349260051811573
28.54694062868798,13.571485610972045
28.512524290669784,14.06112936227497
28.47810795265159,15.425558467170601
28.443691614633394,14.94444382455099
28.409275276615197,14.30476325749542
28.374858938597,13.45074817921788
28.340442600578807,15.274094239944608
28.30602626256061,16.1138052585671
28.271609924542414,17.4038567628269
28.237193586524217,18.305689485738412
28.202777248506024,19.376737403674536
28.168360910487827,19.39184781267855
28.773577987245872,19.609415402398593
29.378795064003917,19.627144709694534
29.98401214076196,18.677634812815604
30.589229217520003,19.09222841852337
31.19444629427805,20.422047848498547
31.799663371036093,21.665569306451818
32.404880447794135,20.38780065780466
33.01009752455218,19.622034734776697
33.615314601310224,20.531018971850973
34.22053167806827,20.61141150137046
34.825748754826314,20.738188880095908
33.40898432858894,20.382648892670407
33.48050569938183,20.088983192521894
34.66603998908743,19.892024743039023
33.99416482459557,19.86667688948171
31.771721344011183,20.325143496958795
29.785496683377264,19.497760859911512
30.609826034768552,18.03788686022372
30.079988884706538,18.827758747642676
31.75641623960703,18.87481045181488
29.512305480202084,19.598731558521592
31.008603369377102,19.34963431633042
30.07405350123204,18.472000292724474
32.43554760793873,19.083263311213845
32.89741115493043,19.34844729472517
30.426259506675258,20.412467742848897
30.988805971039543,21.477346738104238
32.06322384030237,21.39469069976331
33.6587551243423,21.522867147198806
35.71854653427708,21.574154079522373
37.98373297658072,21.708015430300946
37.47459220011811,20.95631152929487
37.35056821166451,20.765861945665755
38.54811734860466,22.212966314393583
38.96326922074728,22.582277693201977
39.045808639552384,21.53282498258029
39.06208890376859,21.747999432356146
41.20343692083741,20.303268993381295
40.40978368154715,20.21574492061021
39.904847209926324,20.20928746183556
40.040458101379215,21.267837180976464
40.58842621875214,21.901305952112878
42.45775458901905,21.521834040665457
41.78016579260085,22.05073483926177
41.03263512438707,20.28025408944644
40.129976283262955,20.952055208151563
40.89802869715856,20.316133814292982
40.201001233627416,20.066554641528064
39.27542674013183,21.117828026555117
40.59318396386706,20.195958625413763
39.796961467596965,20.160876090835735
39.54506991078341,19.44991001713974
42.067890141946805,19.999287981230882
40.95200755751005,19.892921555423914
39.362831072665216,19.72962471017493
38.45071999109454,18.796127098562902
38.469401046790324,18.49406876305229
40.28152528828674,19.012519092555763
40.06159589268644,18.231147580825947
40.543678829377136,17.755811973812968
41.533749032442756,17.560939156656698
40.870729975236934,17.779583639757714
41.13846427029271,17.563791315629715
41.01085151555247,17.585431436409706
39.76197116606445,17.413953576808286
39.88551172162021,17.56664967986084
42.06471194921983,16.894396034488945
41.854156507391735,19.166934188285122
43.94558387192958,18.738987078685152
44.22497293008788,18.335156196154855
46.338747880285716,18.626982144593622
47.054810543865756,19.98181000594533
44.54533217778246,20.289024926643297
44.436271707471484,19.63094042572589
43.88723227641231,21.527807439634522
42.94349543409475,21.426825837520546
43.61508729256262,21.610373655924533
46.1093220639352,22.21367667335067
46.36616051810011,22.14334595325653
46.62299897226501,22.01337157913859
46.879837426429916,22.591154997985495
47.136675880594815,22.269243726866392
47.39351433475972,23.293776330534484
47.65035278892462,23.204895236133666
47.90719124308953,23.826505131672906
48.16402969725443,25.029860789381917
48.420868151419334,26.004692442801264
48.677706605584234,26.157460335318678
48.93454505974914,26.085775626787488
49.409978926557585,28.271609924542414
48.87830535871314,28.0339848219297
49.98384642984655,27.424120866481026
50.260891387496365,26.18613751986292
54.229292213356146,23.973302906416386
55.51010693156441,24.392537166248836
56.83920427082762,25.222588074731547
56.09258085180145,25.00791495296253
55.79404085990262,23.66857365072051
57.1969345904999,24.166285938721696
58.823279524935536,24.05519797510486
58.48054364564881,24.63143027909288
56.870043790934616,23.200942104506314
57.15667207750801,22.568420206698743
56.922712489973364,22.906499595083762
55.956199990313664,22.633343772666613
56.732321840967806,22.00102780971375
58.30116263514344,20.48208995342528
59.8590522482088,20.055719470645446
60.256013327826935,21.02923444742559
59.13711793811902,21.353916145730686
59.854259017107246,20.40208817467538
57.60538941572553,20.056063834665967
56.979032775748756,20.549461885442625
54.34484688919125,19.710947828786388
50.963531170198884,22.32737099094538
50.02720221457407,22.835304951124083
47.896331856809844,22.5020339512233
47.36301355078747,21.553527779719115
47.511025854975045,21.900111750068042
46.95667826749524,22.295847243046396
44.92273255914287,22.765357778563292
44.44956523181497,22.0042984487062
45.104161894424834,22.243104177119367
45.49863995281839,22.63238352798553
45.76252386856112,23.504176497672553
45.99724390070031,23.17155047871624
48.666976445258264,22.955346467395408
49.58531422658285,23.960144098661868
50.4122983717948,25.44717603415163
52.28846601549392,24.69110069307962
52.91048297490934,24.234781916885815
53.400838380882874,23.119765432821886
56.34378259134911,22.999454530563906
57.92004919095879,23.998959434708066
56.31040559293991,23.830707183584167
55.92166163528078,26.05390808145395
56.41241095679918,26.362930581170406
56.664216826396164,26.460748148964313
56.19184564649441,27.196563617774117
56.430079422909856,27.83796133741326
57.348023703231725,28.237193586524217
57.86447829809028,27.635808184153845
57.210307358752004,28.685932081602132
57.28760278294424,30.354676612307586
56.65100703233494,28.310356440127894
56.88368257700937,28.215851402111895
56.10697074842937,28.234657124959046
58.25963452553431,28.83505736252266
59.239457296994104,29.124802332121213
57.269531004609355,30.843479834040238
55.16164099748719,30.840205867699524
53.2361470653498,29.38287227229396
51.37836973135782,30.77731099921139
51.46482313200319,31.628690329821183
51.807123429857874,29.177871237807537
51.923628758739916,29.329630729806055
52.687596324324296,32.54486952331196
52.10725710987083,34.65395783200144
49.92608983620582,34.32612160941721
48.80071852366262,33.745063747032276
50.56326763844024,35.519205336000994
49.94826646499098,36.537274524580525
50.23099215545102,35.64077626199981
50.318523505565665,35.84506635211765
49.46990532695676,34.19081164319459
49.153607213754576,32.508343834445576
50.89396299237027,33.63794067007018
52.18679392418747,34.86840091668602
54.18114421441427,34.266728206020815
54.32617116578204,34.49670133894898
55.27943096406998,34.98621654519355
55.90458720712467,36.254681684101264
55.676978658632706,36.00572006422812
55.44937011014074,34.338142317240546
55.221761561648776,36.2350855439011
54.99415301315681,36.023318030704615
54.76654446466485,34.17703897159806
54.53893591617288,33.60796831690025
54.31132736768092,34.20095156379368
54.08371881918895,34.42860540015918
53.85611027069699,31.372629571757553
53.62850172220502,28.437899622705004
53.40089317371306,27.39451377581887
50.81998484811521,26.569797097563317
49.64503787331094,25.13370790007577
49.53277101371713,25.583505652656807
48.503921670884274,25.439242003034046
47.68808128995205,27.25667379274031
46.743193154189555,26.082691771157545
49.5411173058172,25.67375269774713
51.273292796519414,25.86571800135247
51.49644956425248,23.308920867731082
51.927630156421074,24.557636133459358
49.243346544856415,23.99665572253033
49.86812089865366,23.80232987304187
49.67920121770938,25.762527818499525
48.63933573632986,23.90803000755831
47.52813818805581,25.766158914787542
46.04933984105513,24.912285565303197
46.90462146883107,24.225050428246224
47.17633977163813,24.633018808158
48.92366837115192,24.509585984191506
47.16946496491999,25.55543743167468
46.986530517531435,24.75832263842107
44.72474297741471,22.584517731487512
44.238810606043685,23.032354680926545
45.45730452035487,24.73046277214787
46.281939359268165,24.436297628795955
47.556455788354924,26.503374760955808
46.51596218654085,27.579916676695426
46.79585028274061,27.779640389046378
43.73216704659692,28.313065137493435
40.538171021310674,27.89489471918203
41.09506539039499,28.21328700154941
41.65195975947931,28.103021863685413
42.20885412856363,28.82031823936467
42.76574849764795,32.76028233789105
43.32264286673227,33.244052444263495
43.87953723581658,31.689937613046705
44.436431604900896,32.35191651221031
44.993325973985215,31.91677702851342
45.55022034306953,30.747200167243097
46.10711471215385,33.40160907344174
46.66400908123817,30.964533903541096
48.38108270987219,29.39983336736041
47.85827647129256,29.287455978447035
47.047364284096716,27.768468185261813
47.58899212589217,28.399617245912687
48.317359328839856,28.19028479676502
48.16087998141481,27.487004634678936
49.13880563992918,27.379645216914724
49.90557821494824,25.846985082220016
46.98270949967109,26.684135113338947
44.750687456645,24.911709879017316
45.05557460028049,23.688753125515625
44.14655318634699,22.909779896424084
42.24687953236231,23.33284158001717
39.44211397535987,22.850601586168974
40.63602204453095,23.100435799372104
38.64935888884771,22.82951549881847
37.55610115368781,22.00758270802398
37.422266984060215,21.771119860007712
37.04544018323492,21.01994951011917
34.28700508722905,22.02452892485715
34.68031725814852,22.318299435740855
35.073629429067985,20.97271971249519
35.46694159998746,21.652576770780865
35.86025377090693,21.6321199342249
36.2535659418264,21.831045178225615
36.64687811274587,22.070170010172475
37.04019028366534,21.2179875070561
37.43350245458481,21.50151354496101
37.826814625504284,21.80426464604912
38.22012679642375,21.929422153831375
38.61343896734322,22.95327504605551
37.004795386793546,22.432324590044008
35.56775434562699,21.89608272713653
34.58885173739859,21.430310629734844
37.47742708883293,21.300982303587183
36.802494074209406,21.70600458145134
37.505473621928424,21.944815103285528
37.003942979986086,21.227114368081637
37.64882635832849,20.590506141158485
38.2261395195781,20.111870878034864
39.311896434435276,20.821234636767063
41.70779613307114,21.52815404291318
41.640567210792646,22.69384470322098
41.644693562447394,23.45158977747042
40.62175619131628,22.924049798970767
37.683020723266516,22.74547400387224
37.885943920484785,23.452528837112247
40.03500445025559,25.779498662994953
39.93565480428189,23.975595665891937
39.433294958851164,24.90400506834734
37.239151576361046,26.47732188394862
36.37911426071393,27.09551190250781
37.36421222487225,28.764896225090904
38.1352190587957,28.202777248506024
37.63506561469297,27.60575674672462
38.54009035713632,28.838592933090645
39.46076836187847,32.3550726757528
37.6984156807556,34.24643716883833
38.36613667142894,34.31097790908258
38.967208894331975,34.27836044576566
40.78185728255413,32.74097479669032
40.72219733797538,28.74862461037456
39.28416124075273,28.340442600578807
38.67394231986063,26.15558078941433
40.424788638882845,25.813845001692844
40.796951118415144,25.871775452437642
40.93503915131597,26.835482388763918
40.13680724122792,27.31522614535138
41.69723223542076,26.601305418207406
40.7491308044954,26.47041364935766
41.50954693016937,25.902968416360604
42.890903184494796,26.17448349790521
41.674412158977276,24.718073309970745
44.76617091074043,24.010712065728285
44.43941125146076,23.680124314665242
43.84713382825323,23.840374329180587
44.29167683939456,24.061609132284918
45.578470545885004,23.848521281057597
46.04378393273632,23.42990316317567
45.727962235046995,24.706527946948277
45.71782664187083,24.245974042251184
45.380890862332855,24.76816475407058
42.628725717199714,25.38839527011408
42.7848130853375,26.517216975459007
44.28022087518549,26.72522282938704
43.06340829663495,25.50918175309866
43.2528713639699,27.35736452945077
41.43049844181388,27.629864280521772
40.08272122628868,27.984287925163557
39.669303224878234,27.961995097786303
40.63953856919501,28.30602626256061
39.37598066423004,25.990521952480734
40.524310424486295,25.464600372308947
39.40759372610914,24.287103391591028
37.72192046880282,25.271090493129368
39.78359625196575,25.834138629952832
41.29172233907959,27.355572000518222
41.826913530883196,26.52388186216156
41.265070550681656,25.170342740327243
41.78923804469508,25.945433112940304
40.78274734786688,25.277135012241235
42.75966926114676,26.37889415697705
42.15028877068055,25.423021782850515
42.878124964972265,25.550652837724453
42.39293361532036,24.807772817517996
43.19483773348831,24.650186502812954
41.95279672436912,23.70501703970678
41.142513874085324,22.898487511169268
41.83134388302263,23.643314077031103
42.58628763798674,24.930904539290857
41.934936108073366,23.59199407440856
42.014776354219684,25.188655506517065
43.712287406853605,26.801151695043913
44.72810608988844,26.961377270942496
46.15219223369721,25.993487070421455
44.64845918584065,26.327950638459363
43.63244221954273,24.314017138030078
42.72344465532107,24.054815901493033
43.39809613125044,24.255807231760514
42.81906523246165,24.187264235652986
43.95401709377668,25.829895786717195
44.283730729235735,23.71768479934565
42.64666052795861,23.814412217934926
44.09994528726789,25.790052304475672
45.947140236939255,24.562971519106966
45.36955366882616,27.414176368523126
45.46564234398929,27.809151758425035
45.90846990517764,28.172209674981943
46.35129746636599,28.470140630855116
46.794125027554344,28.757079819266032
47.236952588742696,28.54694062868798
47.67978014993105,28.69571896282426
48.12260771111941,28.85673049131609
48.56543527230776,28.147497570606262
49.00826283349611,30.78676419384384
49.45109039468446,33.88062844756244
49.893917955872816,32.653905591669556
50.33674551706117,34.7859761808544
50.99891560576108,36.37911426071393
50.346796253397976,36.35951818806987
48.49519531074539,38.99340098840729
47.250863610053266,40.456024283947954
48.13775200631549,40.09597374779618
47.92767861919813,36.90288483958289
49.282547225240464,38.1352190587957
48.55830887640456,35.43059711430982
49.285316781170216,34.764746831662826
50.24912163083719,35.574734195832505
52.735029812444004,34.49819894370731
51.75346947567659,38.54009035713632
51.68658150110897,38.34121507544505
51.37712747724591,40.56876029632476
51.71260565815481,42.63335106364941
50.58086850810943,43.63244221954273
50.02435927183826,43.37127334001432
51.58636649243458,41.637496469343496
50.932774791171894,41.17700500661455
52.69844079308339,42.62733820285051
51.097887844229696,43.12387024542092
53.23948652409744,43.3292870892173
52.16314552303509,42.837143219022906
52.32347227216076,42.596431163271596
49.73358065244969,42.366571180687274
48.855907393338605,42.18649895462628
48.945552699786326,41.6364507078548
48.38037062719558,43.66032772554318
45.9634720682039,45.17751367303448
48.091186287083076,45.702322043908225
51.78632674028023,46.040367194918105
50.93397527876737,46.10314157194382
52.33857357023596,44.919416412520356
51.382273863340316,44.75629531765942
50.089496714558344,44.726532082750715
49.597167707167785,46.123901412466104
48.44340864975057,47.02071295130606
48.84924635996195,46.945892215284424
48.46194062563027,48.06953103632939
48.26817211592455,47.34418927839875
45.67282846317511,47.3112417214352
45.12734632925883,47.500813655605924
46.56106248481965,47.16130555619917
47.96515016127303,47.236952588742696
49.43666302809345,47.954333211365075
49.76240965771743,48.065577114429196
49.331012337423985,48.548143025853925
48.548143025853925,48.6256407666299
47.787349295481995,49.914912486584115
47.72112805689198,49.5411173058172
47.76661829045814,50.410475145549455
47.655684998557675,49.26307004959904
51.757777255195315,49.87019330457922
52.553108824854846,49.08825947408669
50.661353055086025,50.24912163083719
49.97140370710245,49.45109039468446
52.985705624408894,50.06955956312016
50.69732770270318,51.487372093404296
50.49601131940127,49.91946658511004
49.914912486584115,49.87330845552135
53.533037401907784,51.416568817179474
52.38101891217191,51.782086371733115
51.459646625979325,53.23948652409744
48.6584861883113,52.87510489039341
49.06217992729437,52.87578390613708
47.68876741564204,53.82349034515073
49.11683635490684,55.783716447582165
51.936779924923044,57.60265365250157
52.56460751794182,57.18883830054015
52.5277506861299,58.0053493014814
52.05214287211387,57.967380380190455
52.65641477730327,57.88941697970258
54.16694156753191,57.34888954366881
54.4024322264724,59.137790543949755
54.95645750816926,58.79822367403295
51.397935696951066,59.09328937988559
51.42290311854866,59.26181505409336
52.012968819694294,59.100852007705626
50.372963607876734,60.82126663227445
49.7606512715286,59.75495330410657
50.02342724043341,58.877258903924066
50.84971229660995,59.205751237494525
51.48608355485178,59.14339737428105
51.34535966071295,59.10260957419788
50.51162941539535,59.01487559748755
48.31818173251379,58.276046874838364
49.112886552777645,58.82932884962945
49.38904295870141,59.58330860024545
49.270034291962844,58.682354143372
48.82490096143424,58.89426440708493
49.35200103953583,59.82101605878633
50.13453230159362,59.281126856491454
50.329856562457365,59.63412510987443
51.65904000616663,59.35950307180154
51.138151221255754,61.81175336662592
50.26979075097839,62.31588957352157
48.7413179196799,63.76669731711651
46.99617775545143,64.2625962546302
47.03895274202367,64.54779213655429
46.218351701330704,65.30988883122403
44.7765575549253,65.97720382865975
43.71024192583772,64.50731706608991
44.79746384707318,65.24644688087668
45.00293886300221,62.99650012135683
45.59829850241092,66.64827451726627
44.808836562842686,65.32610907569865
46.268319714146386,66.05731885044378
46.24892250215713,65.70420171810981
46.945892215284424,65.74295862911958
46.388931609696435,68.05729194291364
46.88686787085855,66.4973581161928
47.00315940580598,67.7684679803725
47.92036985009966,68.13666450035714
45.47844069350398,68.81417687616009
43.71672069927823,68.46659858297973
42.94084254610427,68.92676026635559
44.4394711894007,68.60439965315771
43.755171447602685,68.32697788456824
43.087005109796976,67.05965509952279
42.72926462152558,68.05435852114346
44.595486853675425,66.49772618122331
45.44878976682549,66.30407707374279
45.43100185385738,64.90898486202464
46.891753818542995,65.63213992548367
47.1630548008013,64.51112546967978
46.80474155383934,63.88699137842785
48.93211304893403,66.30734238429811
47.48116620332138,65.4532671830446
48.6393308797239,66.02896114335307
48.181684025038045,67.74693502280375
47.71957918331067,66.92354102315093
45.85129001134268,67.16818881283818
44.284808176469966,66.42402063963527
44.132729997378746,66.00180937161028
43.767769923102854,66.30974698442886
43.72606981107074,65.22069148539495
45.02451602803885,61.5859288873978
42.12848947469753,61.439677397507076
41.14607002809784,59.71185142246947
41.68616901897442,60.266880235200034
41.19069368184183,57.440227016645466
39.625154053865295,57.44720468598985
40.78970600715873,57.73615404842318
41.188578435852754,55.90458720712467
41.940039359018506,55.53358069815809
42.609208453126804,55.39856448860766
40.10985564183102,54.126103533921416
40.624058993670296,53.38133198556732
40.22109482580643,53.50360217705436
40.840551494917285,52.74467264340781
41.969320710313646,51.90962705309988
42.42419163897229,52.21172583058817
44.78592155361964,53.42305206451309
44.16570673801228,54.330118468138956
42.49246719260724,54.4589499626761
41.98971386335294,54.210142231369076
40.7735447715601,54.582938361319975
39.50360948511225,55.64597685266409
38.134009185147974,54.78811485015339
38.10751788777235,54.78767624905457
36.40937372889089,55.09667946336303
37.02081764080026,54.47204818523987
37.8594219444655,54.46205687286426
36.01741396644269,54.977190185322335
35.41687455879425,53.46796830734746
35.47597005946511,53.834574000161076
36.11836241098613,52.47029730955283
36.02745807379391,53.05799766843576
36.537274524580525,51.518496587037184
35.05295515181504,51.68658150110897
35.726426053369906,51.107674379271764
36.86080577671137,49.59117048599096
36.55381621458628,50.71989404619668
37.326526562190416,50.960389938225106
36.93409362988639,50.191489315628594
38.27327525672551,48.624171119772754
38.97381685937837,47.92767861919813
36.347726632823665,46.743193154189555
35.06456552211005,48.80308046349365
35.680214887265784,47.67089780622186
36.35300334837947,48.97534752615177
36.2394848531529,48.087620894699235
36.101532233344905,48.601026340881646
36.20646017100551,49.285316781170216
36.16834104838795,49.96410353916897
37.61804625780787,49.18556000537129
38.283045343437486,47.989665940641
38.258919599648415,47.75480131079434
38.63661938281938,48.07187976659036
38.07078508512293,48.74917807618049
37.50495078742647,49.82637962505204
36.93911648973001,51.22257161270427
36.37328219203356,51.134290218405525
35.8074478943371,50.15268763337606
35.24161359664065,50.133008753913984
34.67577929894419,49.41755459064689
34.10994500124774,48.9031619098785
33.544110703551276,48.906999138955975
32.97827640585482,48.672464536881975
32.412442108158366,50.55049826298113
32.450521034524385,50.683758963186925
34.31139529112655,51.65106409278321
33.624417292813725,51.927630156421074
33.51456271932882,51.945758354866356
35.14579164107174,52.40830611464713
34.74169838114203,52.32347227216076
34.24890456611695,52.56671831215055
31.65503477854129,52.174145173625774
30.347778033986664,50.71419875284567
31.881672986838176,52.30109202001216
31.628690329821183,52.183725081041935
31.661233393597172,50.66697170277562
32.09034539828529,50.661353055086025
32.71109977226895,51.273292796519414
35.19067664187749,50.51162941539535
33.264350449909244,50.99891560576108
33.08410721410264,49.71897172977619
33.31435584552349,49.29502283248381
36.03268463855091,48.68309849605138
36.2928461281145,48.92411633989955
37.24442430556136,48.93211304893403
38.38939320311065,47.68103091082942
41.271710559690554,47.19043571976991
40.469385656052175,47.89097947612965
40.25440140866527,48.67598605596668
39.466901470523894,48.13775200631549
38.79988629460258,46.971337868652306
41.4190400878448,46.55475850117808
43.069221604865575,47.807113473817665
45.85231359143139,48.01419614149343
47.09248293748526,47.427441428583755
48.264012442020366,46.803886400178094
50.32639817758354,47.28294624266768
49.59956338269134,45.21826161309502
48.62274211249463,45.76252386856112
47.50297588598038,44.7765575549253
49.34238411005724,44.132729997378746
50.27303035280535,44.41822759193255
49.87842491325799,43.84887464867682
50.55049826298113,44.252086888998015
51.22257161270427,43.4172577067081
51.89464496242741,41.316632602226136
52.56671831215055,42.20885412856363
53.23879166187369,41.85589015012843
53.91086501159683,40.78619330509349
54.582938361319975,41.17718260626136
55.25501171104311,38.577482039906776
55.92708506076625,40.91819931659583
56.599158410489395,41.92009905879939
57.27123176021254,42.669148548943554
56.07971289861033,41.826913530883196
54.94685904951178,41.614692096708396
55.187461400560686,43.06340829663495
55.358474473650695,41.659517721135934
57.04939179220932,42.94084254610427
53.97526922734909,43.19431651048205
55.3363295136419,42.83402712365762
55.230322305453015,41.826827980155485
56.44754086805782,42.65157984781085
58.376999115221935,44.7811050264502
58.79822367403295,43.41872267510926
59.633797227700924,42.663681215768314
59.624139243478986,44.33825552972571
58.59086536177732,43.62860174449195
58.24211821926071,42.99663485020901
58.84824954371352,43.97803354597958
58.544068622909165,43.92784579088664
59.393679108615316,43.64994577028985
60.2398453585424,42.633773918691055
57.413945009001246,43.2528713639699
58.98315774018581,45.722753853083645
59.205751237494525,45.71782664187083
59.694664432897426,44.763356575418484
58.867012900525005,44.55337521640012
59.05822385402185,41.4893794684413
60.337390955999034,40.908202528481304
61.633865885921544,38.53405515149069
61.02517269456145,39.72742092847186
60.871855525307105,40.06159589268644
60.843429336684835,36.244109890679454
61.43157474348026,33.34359273547329
62.99650012135683,33.71195250907208
62.04855215699782,35.073629429067985
62.97202751614118,31.941573168444222
63.72859241805508,30.73454113224026
65.33890839469167,30.51900498876846
64.7605743298752,28.549117469891097
62.50381959272442,28.676504753906364
62.831667418682194,28.512524290669784
61.44654401528639,28.097503310961486
59.597577317640734,26.74498735396363
59.75495330410657,27.09273141102813
59.503836195729896,27.537880740751948
56.34232660302374,26.64984297594903
55.76533763617223,26.041140954620992
52.594437375107844,24.97187128834598
53.621395928047896,24.84698456269494
53.636864388602376,26.789538182092713
53.043035885891875,26.07343486331258
53.69289692971053,26.32911381999044
53.001353065821974,26.169389902181393
51.90962705309988,27.80734170725651
54.47204818523987,27.33738611988339
54.092299818110334,27.675160452846598
56.025155978108714,25.893581153060584
57.79603257210173,26.311376386747817
57.96411575056957,26.504662754620885
60.83237467700882,27.15007830947561
59.60832785967878,27.534913096120437
59.51304162151837,27.25125438469962
63.14119437207344,26.960536623060893
64.11773572440207,27.135268711033294
63.52023030292965,26.316474102691924
63.88699137842785,27.58667858521182
62.933864779703974,28.639190288973833
61.606461424348666,30.589229217520003
60.710283552137824,31.99780678040908
60.5463519410883,30.368383318689755
58.43243097747295,30.375586891922545
56.83990390664628,29.385785308792332
57.73574282597119,30.347778033986664
56.26150699157851,29.08426949423024
57.247280322874445,29.281592892207325
58.34306055134318,30.189859061364874
60.09187920106229,32.450521034524385
57.04464669079506,32.97018267856553
57.728863451004436,32.8700221140914
58.956090904866066,34.40958226324076
59.2745759969795,36.570423310337915
59.86632608785907,37.63506561469297
58.84004161698766,36.84815802031702
60.09588674168674,36.20646017100551
57.98357601470362,37.983850683802714
58.53848017526642,36.31603810255537
56.847180164951205,34.847728498394616
57.65899825513979,32.48498317152306
56.32267442809814,32.3483348588219
55.238813365079324,33.069092372966985
52.32043639157861,32.52094077382124
54.135762113892575,33.7814735769084
51.416568817179474,34.907936266876185
51.91931389213561,34.537342779030716
53.48476021105217,31.29288823086948
51.569375827470274,30.609826034768552
50.522922146479125,31.19444629427805
51.45049103633196,30.689563616997454
49.71897172977619,32.71109977226895
46.12246188522458,33.628467648490705
45.4701594615399,32.61910760102672
44.49969500565793,33.8599827135881
47.31616853516847,33.22084577307462
48.109664674969274,31.73614991254153
48.10525591891527,33.709972919560585
48.10084716286126,31.585121343537683
48.09643840680725,32.996167038568444
48.09202965075325,32.859760308185805
48.087620894699235,29.632960765849287
48.08321213864523,29.0348190721581
48.07880338259122,28.194064232532966
48.07439462653721,27.230519640155038
48.06998587048321,26.685954764904782
48.065577114429196,28.001939744903922
48.06116835837519,26.99831974589917
47.3112417214352,26.21254090047397
46.252971368956885,24.223474253403378
46.90799685293461,23.75143497021574
47.050405249542784,24.757638112145177
48.42528859365573,25.090672210635795
48.71899750200092,26.202825753652203
46.7605297990547,24.918271101110225
46.48271057415494,23.511103645077537
46.22916661595499,24.15486419761975
47.14977712343419,26.992919012473838
46.036060590575175,27.721967423606273
45.80303240304776,25.939839003984932
45.96110352250677,25.163185655620953
45.81814613071979,24.601811651625454
44.7811050264502,23.633830318421307
44.80877141396255,24.956629646398245
44.70631813652265,23.487989587072036
44.801188430097554,23.41936547327375
45.57085791401366,23.936736299643034
43.62606124611694,24.547107692013302
41.37469352708815,23.946262328950432
42.13578371708356,24.806359378693628
42.81739592536198,25.798759361342224
43.41072938723781,23.9867617783382
41.401219759937206,22.71750704188898
38.925933683101086,21.834338330814447
36.84878816745714,22.2178876644208
35.61108929343925,21.75339176033428
35.96163218253879,21.995970280268207
33.745063747032276,22.163049296609472
33.94587524888939,21.690990713452955
37.09600861071246,20.862761890405707
36.87149076859285,21.128714515831167
35.392990257719454,20.771481436372035
36.692907361928256,21.62301074434802
37.96117964894275,21.18723483158428
38.205000471080396,20.79195073995347
40.590779522888745,21.114858739337038
42.286747241090545,20.480879962075417
39.38657492221198,18.108346799029857
40.317516919938704,18.429486240698388
42.67394307841125,18.1286020509175
41.52913545796465,17.985252529796835
41.39507750540887,17.95826183015669
42.75442038941722,19.574122256056402
41.21838652855979,18.68824075428131
43.12387024542092,19.260682401001667
43.49195800415048,17.870122680419907
44.98711436250144,17.24391698522766
44.55337521640012,15.441204253913167
47.488428854427184,14.795168213841992
48.278716832585225,15.36587739784192
47.39319651749557,15.783416694454834
49.362780544917314,14.101011615355024
49.2113972096536,14.47298695474639
49.01006711825644,13.810279058107266
48.97534752615177,14.465805435191571
51.38972896439634,14.03965807193562
50.191489315628594,13.308649871236387
48.69440689956078,13.049149619147535
50.04778333465217,13.935460834457395
51.6812475457474,13.32931902944741
52.02157214293443,13.636311488027662
52.36189674012146,12.829099037594895
52.702221337308494,11.370379179475947
53.04254593449553,11.551681232971813
53.38287053168256,11.55324795140323
53.72319512886959,12.017875905328482
54.063519726056626,12.217287435510293
54.40384432324366,12.361163320685844
54.744168920430695,11.285481597162725
55.08449351761772,10.539743991620178
55.42481811480476,9.57300124876665
53.00790513934145,9.196898126616286
52.71679890666193,7.725538098785715
52.8791263985465,8.63409589015778
55.47895695690776,6.133389681816476
59.52347189079385,7.3235141452493835
59.01739187443713,3.489794337338811
58.5522965059043,6.0483072384839955
58.877258903924066,6.305629210698504
60.43553564078705,7.6453884645793755
59.30136317968317,4.713311562419669
59.7956396263285,7.654837551208018
61.28675898948758,10.567306028716661
58.98449802298619,10.728212951828857
59.82101605878633,9.738766861871225
59.35793704355203,10.654658977397762
61.98939540042751,11.084459428229238
62.25779214728829,11.308798389099403
62.59011591220019,12.335207016229718
63.567246816744486,11.996396993167052
63.32648480294683,11.210040663422527
63.259450967021024,10.216372815291358
61.93311082554416,9.775151346388203
61.77743313994104,10.900771943980914
61.68018004341951,9.67663211276352
62.50868249083758,9.727779288398645
61.09483993812119,9.504441996313687
60.42120369273161,8.68354905019306
61.33753493482231,10.12811684045619
61.265792300897296,10.369088626047056
61.26608140742785,10.036115664556545
61.26637051395839,9.367548706329472
61.266659620488944,8.121150168478872
61.26694872701949,8.338227989193154
61.26723783355004,7.837319848592905
61.267526940080586,7.1507237982257
61.26781604661114,8.680966997618148
61.26810515314168,9.905516231216799
61.268394259672235,9.635570533770657
61.26868336620278,11.384481738446818
61.26897247273333,11.990477083264144
61.11687811430808,11.895858398393488
63.00358008433569,12.01094888572097
64.2638583000304,11.268789751612028
63.39640027990379,11.217504053550853
64.98832593543202,10.819463542236836
66.10208643826341,11.839666656790195
65.11423495005569,12.43875221755059
63.42044241621904,11.09935626249506
63.77243375045072,10.183665527954028
65.27822281643049,9.896697546283788
63.76669731711651,10.207849339812284
64.97599874793819,9.071393503928519
63.1941722995489,9.091462749131036
65.72251929813939,9.54395162823791
65.4747185927709,10.904745979086606
64.45362603324821,11.09981393955365
63.868948874713524,10.525654420935751
63.583217186344264,11.352022297759747
63.333431908831166,11.51338018342005
61.692128303594984,10.322681982406701
61.726782733187704,11.227808274713936
60.19579999538803,11.984526358881975
59.16313441870224,12.589519975068665
58.32233725079106,11.772918795972565
61.63946355091238,13.506114009881388
61.89715436635003,12.888650264239013
62.46480603962535,11.051480002005427
61.963045904261804,9.805275685260515
61.46128576889825,8.262690369570457
60.9595256335347,7.685418190682394
60.457765498171156,8.287120207743298
59.9560053628076,9.17163748666064
59.454245227444055,8.68986225866458
58.95248509208051,10.205796164504047
58.450724956716954,9.156249602411544
57.94896482135341,10.022168934706539
57.44720468598985,11.924848342405971
56.945444550626306,11.684504048664396
57.38104631901301,11.32143465005789
58.787677895513546,10.678355535725837
57.18883830054015,12.031060466663043
58.39598298865677,13.178884451926645
58.541600962897604,12.207650971139273
59.918771198962865,12.056153494954476
58.0053493014814,11.562759561899703
57.1497212384418,12.090555896727084
59.11694302665808,12.748268103998019
61.78516655837364,13.721340957529492
62.655091947577766,14.541394811768761
62.3120737956581,13.588583817891065
61.710435225120065,12.726755364879539
61.72079219006669,13.04157128224508
62.190460934089224,12.497888576318054
61.216639167284,11.8364622022019
61.20988082960443,14.282822965355592
62.15608818284112,14.250940414033488
63.84054225075335,14.048436046772931
65.22750252773008,15.829578356151702
66.19748172931884,15.92338813570389
64.74659934189442,17.46019315992413
66.1700743869223,17.994675195152922
66.41970200415892,18.843956140647688
65.07743705023587,17.677936538818596
61.02426764094179,15.929299663962498
61.63398445940774,15.866297987549904
59.51201672034396,15.009627024225011
55.39628604931036,14.69799546084652
56.3281051375388,14.479666309460713
55.825468959544736,14.988701503591534
56.840513156254545,14.687438171087013
59.10260957419788,15.325035831352018
58.89248185878494,15.584206652899852
58.682354143372,16.856334230726606
58.472226427959065,16.596618572814517
58.26209871254613,17.176256258080137
58.05197099713319,17.931838761275365
57.841843281720244,18.76437438704469
57.63171556630731,18.571134394792352
57.42158785089437,19.801135159454834
57.21146013548143,20.178959565515058
57.00133242006849,18.22438169395108
56.791204704655556,19.858073358857933
57.54782936974741,20.408034127817718
57.64763246820828,21.6840913868404
56.857970759940564,21.726110536246953
55.98847153558427,22.331935021277975
57.28491340914791,22.459355938247608
58.6218301556886,23.143997262364792
57.91049733816809,24.58134067602544
58.156729876983285,25.689683971992057
58.40296241579848,26.145046205318277
58.64919495461366,26.353269493778193
58.895427493428855,25.151780302669152
59.14166003224405,25.675360494808096
59.38789257105924,26.476012932684526
59.63412510987443,26.05078323748821
59.880357648689625,25.66747513804571
60.12659018750481,25.568763898845877
60.37282272632,23.74135937937346
60.619055265135195,25.976452950570295
59.74743784279911,25.878631293580245
61.09646684114981,24.485573952917754
60.918691355986475,23.040709469244366
62.48775969396725,22.192457192051975
62.276579207567195,22.565666033493816
62.18073941213777,22.85790687983424
63.078841859237656,23.11537645180443
64.59271749035919,23.11125325946217
63.136002066285634,23.547996425753436
63.232809893355174,24.83363643410253
63.32961772042471,23.434745692374005
63.42642554749425,24.370536873128184
63.52323337456378,22.41990918397973
63.62004120163332,20.79144603288907
63.71684902870285,20.17611970717923
63.81365685577239,18.802804584430184
63.910464682841926,17.98261029029702
64.00727250991146,17.80316383765268
64.104080336981,18.44826889486183
64.20088816405054,18.949276342620845
63.245304376649564,19.01448795353786
61.17600449070945,17.420472851711892
60.34196022333288,17.252322806098242
59.501499174313125,16.770044223498477
58.276046874838364,16.642179425182146
58.40105466251628,15.899309499073418
57.40369267244901,16.055320847686257
60.17379286403994,15.241022621095158
60.46408146908096,15.07306419312721
58.42980413541397,15.259206467748466
58.16096794203491,16.13569392855999
60.34776040936762,16.45100407548245
60.798556313876425,15.602002345983221
60.82800156971581,17.624923831865306
60.826811436988315,16.810928706661542
60.82562130426082,16.69183302907732
60.82443117153332,17.5619000478713
60.823241038805826,16.780063791708983
60.82205090607833,16.44623266106594
60.82086077335084,17.22234677044453
60.81967064062334,17.537885234252197
60.81848050789585,16.727528901009038
60.81729037516835,16.195915980283303
60.816100242440854,16.897643972338592
60.81491010971336,16.420540036798606
60.88692518012853,16.41852510007895
60.92421383516552,17.82527345976418
60.65692531462895,18.258074045160985
59.1511779886378,18.11489805997166
59.23011614202818,17.63703816886826
56.78208710290936,17.99895303202263
57.35378633511174,17.46300718050365
57.558416794096466,15.088501616778878
56.976605710988515,13.059895607791548
56.76223236226246,13.682655406589571
56.832868889133316,14.554434371344335
58.05830163785209,15.320750861560013
58.5706762377777,15.005171158987766
55.85621986053141,13.398719882233943
55.47976750209178,14.881794795037365
56.86764009413835,14.86010289479927
58.041806967185714,15.766239655559156
57.035643478134276,15.246730987939237
56.14519760848441,16.329598004258873
55.18794036036481,15.385269600813512
56.69547546613268,15.745428361454373
57.34888954366881,15.832401465492369
57.20059587040013,15.071432081973786
55.437150602820005,16.96171410136603
56.85873000187009,16.555245086365638
57.253790178846195,18.215510035031524
57.92781268677404,18.524836848948066
57.46639157773226,18.12318987041527
54.46205687286426,16.635652678705068
54.368856741322595,15.650308834101587
54.85174896446286,14.75254659155745
54.08596249096411,13.32508717027049
55.767345634959945,13.460196057825348
57.024410590397416,14.301216519337869
57.23564216236733,13.660254565285697
57.10772416536608,13.952907733644896
58.520572384149894,15.328750736361126
57.581917088389794,15.780037024092083
54.07903811785251,16.216951937648247
54.4140092339778,15.416871509346434
54.97149085656152,15.925616048892952
57.44665870974023,15.628205257370086
58.535004492489065,14.421591282217014
59.40573398725441,14.630221094397168
58.99075015848004,14.991809834236923
58.57576632970567,14.460017603352895
58.160782500931305,13.991886684278404
57.74579867215694,14.25024854982051
57.33081484338257,13.174953595335607
56.9158310146082,13.299653509920292
56.500847185833834,13.459464411577407
56.085863357059466,14.910332255410292
55.6708795282851,16.026468044810095
55.25589569951073,15.854681475056319
54.84091187073636,16.683345348484508
55.01454042575218,16.248517800850767
54.92241643931341,16.025972532286854
54.93683408989394,16.07010670469718
55.97232882852346,15.11091151850491
56.7370150157735,14.226840363613544
57.816237617530305,15.842933901033266
56.83382840290899,16.1924695839483
55.47572812851665,17.194290735749565
55.64597685266409,17.235590170671088
53.353128241232795,16.187405373855185
54.330118468138956,17.87088651412152
52.91586249774886,19.101463719503354
56.312557262912186,19.272733701730118
58.24453665745664,19.008147230636617
58.48625524325464,20.751416524472567
59.26181505409336,21.184337513476454
61.4137002679655,21.716652542180846
61.5859288873978,20.91409201165166
59.196349437502846,20.853329071622046
61.907969795273104,20.569780191410572
60.90703833577906,20.10079198487407
62.1006515628982,19.5800384131758
61.178448800625844,20.48773721643655
61.114419199504034,20.105143646324613
62.09830018667564,19.457920091823983
62.206753263816424,19.32327983531038
64.43912737230174,19.803179819118515
64.31784540133107,19.68616531838242
64.51112546967978,18.70393931307099
66.15539661521191,19.16193071029197
66.00180937161028,19.70247144742506
64.09706417145783,19.22472658149082
61.544333306813286,17.703107685044913
64.3730798272319,16.673254511681368
65.18900724077912,15.830488005204689
65.89444466339236,16.24246590765241
67.32501725371871,15.731741603383442
65.66536828672082,16.56738135708055
66.00288013323903,17.668440276360126
66.70803975319699,18.887889209880928
68.35400821626736,19.37783656816909
69.74236125690837,20.21130748230109
70.5051638680068,21.077256617090324
71.80476187398891,21.039141976599335
71.43606015301376,20.54396851794856
71.21900565271224,20.286853709647033
71.15475066036304,20.76841370150024
74.11535019044257,20.260895232527186
73.53185474280883,20.301391582269993
74.10957625495337,18.194473294423215
73.0289080056913,18.425836622537755
73.25723183772104,17.260997212677445
71.72923967474541,18.236325670942712
72.7389340266988,20.08657649849288
71.86476225960536,20.016552735368855
71.50824337573542,20.777616906115632
71.01427150571708,20.378590342241456
70.1965224861162,20.207511776954682
70.23503211559144,20.176116261201518
71.76199793715764,21.56898746532408
72.37853572424766,19.86689452050635
71.99158494891749,20.096576150663285
74.4248174417574,20.365926571461447
73.37819872617582,19.986566517182887
71.17610840798434,20.004555479077805
73.07139942145547,19.189314102169895
70.71537752789582,18.433517384784732
72.0168807639265,17.451202351479022
73.73625679245333,15.828005747920086
73.40438760458028,14.938647964393077
74.5922364457656,15.690149881778607
75.33910498516894,14.913943896594722
75.43754058315895,14.445932251592055
73.37626400967042,15.765167777142128
73.99765700502402,17.018032254414265
73.29895253298679,16.55179765997023
73.4021639601007,15.30065855374923
75.25497783634425,13.82815754098673
74.42921010641908,12.803248960603462
72.99505086700908,12.046514642583833
76.12441139215368,12.267190720005814
77.1754156201683,12.733175223164682
78.22448913959278,12.462080316883974
76.82726833264381,13.211637898900118
77.53606539474004,13.51481012193147
78.38272074886092,14.435421526272057
79.48721776721415,13.43225791434334
79.10823958691637,13.886539082273252
81.30868844781115,13.845511727901266
82.82414015664912,14.439183243918968
82.87984949161866,15.409426118623006
84.46014181419999,16.87230622056559
84.52408923676636,16.075182830899955
84.2848006307987,16.413393804200275
83.84952470320098,16.41898802010632
85.53668496445023,16.62132293279934
83.06256452887773,16.22456406899113
81.44323668141102,17.194937551228655
81.36354541466456,15.775905123837095
80.55507487316301,15.900061676164974
79.7613736380324,16.067732834330638
78.67654924546629,14.844879027477953
77.76317218379772,16.399845173301422
74.89972175917998,16.3933551163695
76.65838666224877,16.378255470178274
77.77379255741292,16.00445347302601
78.55525145931189,16.343664683842242
81.03330220519712,16.542535495471615
81.74224882485638,17.279355756103666
80.38018860612821,17.68774166822418
80.31926610564562,17.63621623813669
81.16850653126052,17.803877031850135
80.6725517710115,18.97691559967132
81.64981854032371,20.134329476754854
83.65964990656062,19.8921103945351
82.52185461562127,19.2658676288233
82.54320723607512,18.41810532760907
82.625478801191,19.041353565558914
84.51438624217275,21.46107510618508
82.91232226198427,20.71557982718329
83.4094092152363,19.721370504796692
85.2334475571223,21.15604397134591
85.04820981158139,22.343728215306502
83.06081868453069,24.51291447158122
84.17244267483726,24.43878032895879
84.27978907052,25.21635015734048
84.69130485111239,27.2220668789797
84.56316356736453,32.418255149667885
82.68157811404954,33.594770967015165
85.92007190526898,30.68391345776616
85.04092496765004,31.718805578923106
82.56724995590203,34.404024002239495
84.03096360053294,34.22807778890632
82.73553091802589,35.46694159998746
83.26130576157948,35.89207102311079
82.8129817161221,36.627607684482285
82.3646576706647,38.90836306305734
81.91633362520732,39.52019791752022
81.46800957974993,38.41697319094081
81.01968553429253,40.524310424486295
80.57136148883515,40.69795580078533
80.12303744337775,39.83354475744408
79.67471339792037,39.98560821835762
79.22638935246299,38.778318828947434
78.77806530700559,39.50360948511225
78.32974126154821,41.13489392813052
78.74751890721352,39.93484967136015
79.45480053835689,39.97556999058573
80.79572507520126,38.86621586860309
80.0798413685074,38.532779690116435
81.9540437070796,38.469401046790324
81.7302000983741,40.43821282820725
80.27736130999003,41.852893881701846
80.3606276837738,41.48663347115954
79.3532773985851,38.283045343437486
80.4877072308051,36.84878816745714
77.59078570796716,34.68031725814852
77.71081688388868,31.531666739948992
79.29705495061476,32.40171870004819
79.79015921604966,33.51070614416773
80.9875282912328,34.76621834918302
81.88275813695165,35.70095847093575
81.42429547795648,38.49959736738124
82.14834767066648,36.17204827164616
81.63015080674151,39.031590612303575
81.81590656093451,42.291649245356005
84.68798099139104,44.238810606043685
82.64513869462886,43.40726079614269
80.4043868715559,43.604089425815154
78.2737326705856,43.95941073024368
77.51523015725303,44.283682246729775
78.66337189748965,43.71024192583772
78.4038838170512,44.54533217778246
79.02895612738068,44.79677505020593
79.65402843771018,46.883292589612985
80.27910074803967,47.896331856809844
80.90417305836917,47.4145585486409
81.52924536869865,48.336739869268094
82.15431767902815,47.64567383588356
82.77938998935764,46.879837426429916
83.40446229968714,48.44340864975057
84.02953461001663,47.14977712343419
84.65460692034611,46.37931137787619
85.27967923067561,46.73741462161778
85.5915902782187,47.54157947299531
84.3456978545342,47.2810760061192
83.62258891350363,46.90462146883107
84.09229898842173,46.116295769263004
87.1077804815185,45.3720640332826
86.16982401932722,46.05628196995477
91.16498702340718,44.55849797341864
89.98868144734918,46.62299897226501
90.81263184539235,45.54149361064401
91.70701968212981,46.75478395095537
93.70469424520483,46.6517316322879
94.48083350518827,45.95000188877398
95.58921786083728,46.38039838725563
93.84561894657061,47.1260600579583
93.43231216177912,48.16087998141481
91.9993946402267,47.78836558899403
92.83086104201927,48.62274211249463
94.47065467842434,49.32465086981003
93.98088924617795,49.01006711825644
90.93385081728273,49.53277101371713
89.96171211146803,49.83080824481964
91.81915064230026,49.00826283349611
89.25113863483479,49.69173388091182
87.03445162178691,51.165745304316324
86.96466806396154,50.59858791798848
84.53386633619985,52.47371505517973
85.85410870548907,52.19673778869171
86.82597835218861,51.40282915724665
89.51518343171955,48.96564457923623
88.03208139647624,46.782751191259436
89.02794911823284,45.947140236939255
88.12741950008603,45.38961962506555
89.47133882707963,45.64642201730995
89.48439232621534,46.115668483240995
90.3947088455676,45.4701594615399
90.97509118398861,45.09900004871164
91.55547352240963,43.99070718178687
92.13585586083063,44.34322642875678
92.71623819925165,44.42721933594068
93.29662053767265,45.44491864061549
93.87700287609367,46.05251303794276
94.45738521451467,44.405751336245814
95.03776755293569,43.80429149443185
95.6181498913567,41.18960284554766
96.1985322297777,39.625154053865295
96.77891456819872,37.80136962236564
97.09212622368347,40.85864164536119
99.63248779786132,40.75047032973939
97.7800150336449,40.469385656052175
99.23359183516538,37.442715374961296
98.87381214478762,35.726426053369906
97.61386369392154,36.31949478930757
97.09195682853765,38.058976643783886
95.5553514310898,36.35300334837947
95.46773443207293,33.86984195033315
94.59020860566434,33.24348329792287
94.77506127545111,33.089211297146214
94.29116446875621,30.85694506379297
93.95551761154825,29.375812763355288
95.5113758158728,30.66453192313884
93.8745636217159,31.44210615927237
93.1387355856971,32.534221809576465
93.84061258744498,29.97607827152129
92.23360906811138,30.91021890640469
91.40139871100581,34.32937031669233
91.32396413165006,35.279373305596
89.95168746417502,36.925586831687106
91.10312466762463,39.14008447873395
94.11250391656333,40.78274734786688
95.09029099208698,38.69956889593057
94.64266237480084,39.53602886864789
95.23027421614307,38.568634718527896
96.62585101417162,39.80753354064457
97.31206500833848,40.93369826211843
98.3782569142649,39.08195573009933
100.24018245660822,38.14195760074903
100.66981514728559,38.6615725406526
101.01582195068876,40.28348835772421
103.68447538593263,41.17849489927244
106.30581274966272,42.009368308955715
107.35829373353538,42.014776354219684
109.87026117987897,41.409582673069906
110.34169944461652,41.29362226172669
109.34140532714366,42.0190123663828
109.40624886353393,42.14008679430321
109.74875631035856,40.99458588412256
111.62689993415671,39.34110737371416
111.51794356487116,40.001064854107085
111.97262297386625,41.55197979406139
112.42730238286136,42.13924560525564
112.88198179185645,42.87232254700199
113.33666120085155,43.4239741137115
113.79134060984664,41.70779613307114
114.24602001884175,41.01085151555247
114.70069942783684,37.24442430556136
115.15537883683194,36.00925897260999
115.61005824582703,32.596236664074844
116.06473765482212,31.374754488538628
116.51941706381723,33.259794904261476
116.76383024313162,31.372730082202644
119.81413986837428,34.03597781700039
120.20624426346447,34.873603550958244
121.34915350473024,35.09832324124572
120.58866001790433,36.3627455856302
123.28649804949897,37.214420073150315
123.91813993184873,38.91247514780766
122.50787048189359,41.079340323402974
121.54731743037527,43.39683853714642
123.37410673289703,41.43049844181388
120.69770025767959,42.19594533123708
120.33081276830177,43.68000553527968
116.7104555840276,43.88723227641231
116.43339657279591,43.755171447602685
116.27886164807624,43.80837988939983
116.5555937521079,44.47182028836207
116.78827008207557,44.112192391451664
114.82324451717456,43.691592739388476
116.18233311149746,44.44596743914311
118.92522164936481,43.483280558736304
117.40799855953136,43.64796288768073
117.28940209957685,43.68102664968545
117.14783473793929,44.08921218751914
117.93725327006906,43.38457107584142
115.34623270185593,43.62897967551374
114.86842664602676,41.940039359018506
113.93548424026528,41.224708848353416
113.69353644059164,41.84830626786731
113.33565385761315,41.7856474149613
112.4872083696057,44.284808176469966
112.24168838709576,44.746863991553845
112.10966347875444,46.24892250215713
111.80017626576316,47.48129898749663
112.11384068049759,48.23608496167118
115.07965549060063,48.37097696180777
113.40742878312142,47.83869755335864
116.9962590447817,50.23099215545102
116.20997570661905,51.61567182889758
115.78142623644564,51.91931389213561
116.69960818057118,51.64043359040156
116.59597976256842,50.63796156232404
115.31188054285757,51.44541810978883
116.97951872763494,50.81053093675968
115.39770042301421,50.93397527876737
116.53579160201366,51.290373359364324
117.36667216010248,52.51231400983525
119.78526186764067,53.636864388602376
121.10893230535052,54.78112461379446
121.10571742426369,52.858765896528524
121.5619334389949,52.87072717285512
123.61838825577144,50.474012845629986
123.81367112735519,50.13453230159362
122.01091693925572,50.4122983717948
121.05155412209305,50.67401593507675
122.0585185046009,51.23370433215663
120.78494901989141,52.011194994847145
122.53290363377195,51.45049103633196
126.8792607523827,52.56073967316558
125.9385661543825,51.964272031393534
126.59720239670106,52.91586249774886
126.9143199599412,53.7798012190359
129.26696558882605,53.91086501159683
130.12189876271546,53.533037401907784
130.50342989350943,53.2264878302763
129.29682019391356,51.321908907778955
129.48646824835203,51.19547349235792
129.93115987929835,51.397935696951066
128.74873245811648,50.95710242924014
127.69106870294482,52.128968359396296
127.44115674114236,52.359908141677984
127.1912447793399,51.67536817751092
126.94133281753744,51.0926289172363
126.69142085573498,51.58636649243458
126.44150889393252,52.16314552303509
126.19159693213005,52.59889029397659
125.9416849703276,51.649534172025646
125.69177300852513,53.05448238985938
125.44186104672268,53.2361470653498
125.19194908492021,52.8157816842806
124.94203712311776,52.05207630833402
124.86185064667414,53.084647674252615
123.85693842382233,52.39521020524041
123.64365732647396,51.06265743355288
122.37784159113902,51.268501872349844
123.78830817557962,50.29036971163288
124.14294825633353,49.86812089865366
124.77187196066481,49.985926422464736
124.88712864513029,49.27478528992097
126.72944255176633,47.80897394420588
125.89337443487041,47.52813818805581
126.82589333490438,49.331012337423985
126.99225876628832,48.49519531074539
126.01620758163084,47.92036985009966
127.96809071740795,49.050989095763754
128.94319130838906,48.0567677185066
130.06969965939115,48.66004537206304
131.25817012278458,47.7347341040216
128.57216947832444,48.787005906251586
126.06762092181502,48.0640756090633
125.08884450790038,48.38037062719558
126.10394143346117,48.09979871183095
125.3097768447215,48.317359328839856
122.58395232142058,48.10525591891527
122.77749640459486,48.79536784925151
124.15149274982411,48.88189875445535
120.96294316574833,47.96515016127303
120.68613174742472,48.06116835837519
122.22241251421434,46.63550748160512
123.43592591484379,47.614255685322085
120.89242037517218,49.442132213013416
121.00268188621214,47.81324731357343
121.63248967431771,47.71957918331067
120.27672996373994,48.23481310738494
119.4580606747686,47.45998446913691
119.19763494665483,46.758158147575166
117.10435280030642,47.44742792177025
116.39586363307237,46.72966307063094
117.47737424292123,48.791443865311884
118.24086006575311,47.48116620332138
118.07060308867744,47.40018191172154
115.47800044363544,47.30528172638998
115.12462345636911,47.58899212589217
114.25470878570621,48.69440689956078
112.99351595173154,46.006818741536875
111.65151495940914,47.2044381963433
111.15632857474026,46.340871307880256
111.53527583518962,45.304210696380466
111.01979284534004,44.801188430097554
109.0262954987617,44.01514007362391
106.62927759928102,43.87953723581658
107.75414977507428,44.4394711894007
108.58711357863953,45.29233269309791
111.83277465875486,44.56292539707838
111.76484361595719,46.25828557706472
113.8011363397406,46.66400908123817
112.00334977215732,45.43363167865013
109.96269775662093,45.76159922985865
110.20396019516035,45.38646586739581
111.97984892713527,45.578470545885004
111.59857425874026,45.157942884913275
112.91907134722395,45.380890862332855
113.67646720793431,46.619419979805905
111.56565088603593,49.204626555031254
111.33689853396959,48.53368058002789
109.57567419047105,49.10557015085262
108.57495243629901,49.256302982653786
106.9511147136558,48.07880338259122
105.351047704935,48.73867977798825
105.7377488728691,49.282547225240464
103.78841662596909,47.48474377313788
106.69346224803309,47.46393918266094
106.47589386945164,45.46564234398929
108.64812151385412,46.109936388404094
110.07989023856628,46.12246188522458
110.64421311636863,45.727962235046995
111.7894601016509,45.304797483381904
116.54382641393376,43.85282665135062
118.7328471955525,42.85701912552582
119.05381473557006,43.34339059511997
116.92912500001219,42.92845552219568
117.08102274432959,44.1252481276198
117.82695867026762,43.767769923102854
114.83442256277449,44.18264081148703
116.20574492375019,43.722901557288125
115.43375787641443,43.957373712243616
116.41887474889008,42.71589451547009
115.27290411495056,43.25330129226533
113.01672027759601,42.13578371708356
111.95213521863843,42.65697463903101
112.38747042300773,42.991666836812875
111.21197018522803,43.066690650923135
111.97052474332625,42.2328326987927
112.162414904327,42.37787102531529
113.77762247386319,43.41072938723781
112.08239859319079,43.20548767133498
112.70367045566675,42.702848590837746
113.52111968527075,40.70724845063097
112.96482151579015,40.89802869715856
112.46526270600674,44.09426703290623
112.26138479629785,44.15211800627792
112.0744812079297,43.77296693774972
113.39787156503178,43.15563295610302
111.94635714819694,43.02351254790258
112.23003133165031,42.19622747633419
112.95572277061818,43.19068822839059
113.52196260089433,42.862558257492175
112.82283683893219,43.62606124611694
111.58911087478715,42.621607072446196
110.48485267045606,42.12631508695355
113.60096487248629,42.39293361532036
115.14682866538587,42.857775174739935
114.8350632016596,41.83134388302263
115.42795713307945,41.9504583712365
115.44417919971332,42.88631563542161
112.68782799955072,40.734572884542146
109.71590245950512,42.396329319802895
111.52098282097232,42.10759346896677
112.43238951666875,41.61678937851602
114.30108169605676,43.29472238994155
113.38015818448974,43.32264286673227
116.06228897792109,43.39809613125044
115.01742574899106,43.97214946059611
115.71759227852283,43.59694038061512
113.93128111554647,42.59255071931766
113.78953314840331,44.09994528726789
114.27208481727558,43.41590503662917
114.36106750097585,42.35714548041224
113.13253156692531,41.38264915567384
111.90050796274444,41.78923804469508
113.22912746092031,42.6499237537766
115.45581208690632,43.08910169361696
116.13624572815512,42.096454061923986
118.45638781132986,42.15091053930465
118.49547243061983,42.628725717199714
118.4945962751169,41.83287659876461
119.64907895608063,41.10283597565149
117.92408300415829,41.82187577893701
117.63164493742993,41.90749723195128
118.59719974234731,40.60709034495359
117.48468742042449,39.26715771051059
116.06788966742627,37.326526562190416
116.81486870214458,36.854943940829884
115.86219831133646,39.5595969653572
115.03895831247792,39.95611294379936
115.02000071069807,39.96377149100573
112.81967069664387,40.31205396981996
110.45691954940965,40.16579887722239
108.71916621964372,41.1976053212737
107.45564209082312,42.067890141946805
108.90239695662547,41.39507750540887
107.22930456234059,40.85768185795118
107.61752595298763,41.85044841306081
106.99391950777186,40.749482096101595
107.3938845642815,40.25440498568811
107.8290338328604,38.12672969875275
109.72733899704873,36.18040778943076
109.37956046394713,36.896005211162716
109.03178193084553,36.53349555261201
108.68400339774394,36.2394848531529
108.33622486464233,33.90752653186218
107.98844633154073,30.36679924075186
107.64066779843913,30.268671577316216
107.29288926533752,31.874667830878543
106.94511073223592,33.02444651043184
106.59733219913433,34.092421637847245
106.24955366603272,33.05458656634065
105.90177513293112,31.912697586870664
105.53122398257949,33.25808469685862
104.17996303165273,33.93134774142077
106.33450225811453,33.47249803830474
105.66444765503746,36.83224702762456
103.95732905123096,38.54811734860466
103.74066805550851,40.590779522888745
104.46143616998486,39.66848869225838
105.53782059125334,39.98308539626805
107.41939272778113,40.62020428209042
108.99851882759314,40.61043750898138
109.49614042582232,41.09506539039499
110.06904020279994,40.03500445025559
113.2498071596995,39.72371782430615
113.87675487922233,40.63602204453095
114.84150632591232,40.72219733797538
112.63225248940418,40.86864600994106
111.16145475630275,40.613761443283835
113.34850082845209,41.505180970778284
113.64986897536915,41.640567210792646
112.5227157104058,41.14196052025936
112.61424366798865,39.973585831028345
112.39383139986948,40.22109482580643
111.01498024204912,38.967208894331975
110.27924600963593,39.723047879782136
110.75732789556203,41.03263512438707
112.34024075365694,40.510516782333745
112.19902535658237,38.99288293873999
111.19698103022841,40.10985564183102
108.55273542064089,35.86025377090693
108.39626142665252,38.03395793290554
108.52650861121973,38.134009185147974
109.20094143472075,33.877328037134276
108.84860855222921,34.45185664978573
107.8985990575415,36.55381621458628
108.35958632948572,35.96163218253879
107.93356792411963,39.88551172162021
107.3343355886065,40.870729975236934
107.26263765638805,41.999558822491814
106.66608094832327,42.84354189854511
106.73813853201261,43.38795858329112
106.33608679782402,44.94573100206326
106.35974418056135,45.93466406212443
107.07895349773597,45.88597444166051
106.3924729838596,45.29265242002197
105.96878450843245,46.35129746636599
106.48251152011207,45.44878976682549
104.26740610336952,45.128946534939665
102.1591156167857,45.66829212551764
101.21209011346191,44.88066479802637
100.67130951453558,45.57452935641488
100.56543245459912,45.95833983267583
101.97352943580323,45.67282846317511
105.24042104300318,45.94464165311092
102.82582675711888,47.136675880594815
101.56470967418323,46.794125027554344
100.50311038662858,46.414748014191034
101.42997132152293,46.06126899306497
101.87337781212435,46.10711471215385
101.64467200840298,45.932383393664836
102.52928300053779,45.382270996420054
102.77493940244347,44.97303965552645
102.43000234966469,43.16717151660542
102.2606337294728,43.217795316661295
102.39989087138233,44.88744557695281
102.513062737811,45.898909919973065
104.18407935406454,45.70400058816946
104.06698292390415,46.72899171128533
102.26490371621593,46.480303652003336
102.95444387573053,46.069412030773606
102.95779711563348,45.89251648620286
103.29561361084245,46.14211188585972
103.16801987730547,46.98270949967109
102.10338234775654,46.3708761943306
101.85560375842168,45.63038343352727
100.72186647951752,46.02267714262174
103.12982800231806,46.317030848070445
104.73169992718725,47.14507960881356
106.2212263853731,46.400483929084025
107.15225848450154,45.49668322262582
106.88526698898112,46.218351701330704
107.16632513376406,45.104161894424834
104.07690758064224,44.29167683939456
101.77267245689873,44.43714120771456
103.26652727824842,44.01493507191669
106.24825456739278,43.694601742766004
104.43654924397694,43.61508729256262
106.53179855246425,44.05718333272451
104.35548186694942,43.71672069927823
104.72657301887341,43.966814008509814
103.30796161511253,44.71583935601728
105.98319382388638,44.592635949117
106.76891059071028,44.54145307249227
105.14198119586061,44.05282575619884
106.5609350975055,42.9719195613529
106.6551330345648,42.67394307841125
105.72515652792723,41.228628132244765
106.64751478640763,39.98939402965107
108.82234853368247,39.86179893028351
106.74561474319306,40.684224502741934
106.55479333817478,41.73695707154405
105.17357766755084,41.75521660738146
108.29334296024462,39.311896434435276
106.37539549426414,40.25440140866527
106.14691501486597,38.97381685937837
107.1341233739723,39.662930971926315
106.3246395866017,39.11356260266358
106.63521785687497,41.188578435852754
105.78066353895531,40.980759869078256
105.40531966044769,41.934936108073366
106.31651261894697,40.62175619131628
105.1866178459411,40.201001233627416
105.89596752840356,39.796961467596965
107.7079711887313,34.93449256008604
108.03852791070878,37.55351402098103
106.89327499070525,35.400784019244455
107.28720732516821,36.9986053251655
108.75847115302884,37.47047120012098
105.95216566817335,36.795337886926845
107.02089259642437,39.88407231397863
109.9194754497788,39.04158912857181
107.51268082231809,38.16061370588124
109.91423970617808,35.52077985125367
109.39189272150163,35.75224781567604
110.39749037858212,36.27056407291996
111.46711218783767,36.7772865530752
109.97374267339337,35.26739282939429
108.83938369979812,35.41895336128383
106.75886646056222,36.522292305646864
106.37729757565215,35.474430668407706
105.2332510408962,34.21411521446855
103.4121728337156,31.07284519767644
99.66519763765767,32.39469208377769
97.32108387065561,31.85874517904979
97.01277971420986,29.785496683377264
98.63173444431388,30.330982180187085
99.18426226830523,32.404880447794135
99.77479069012621,29.022649648166478
98.93049124330413,31.9528551056437
101.06148389396834,28.714960585717616
99.37777955791496,27.66363674603505
97.8297550128402,26.94786256867482
96.90732492765021,26.116176786425477
94.51719606458771,26.857389759201034
93.59907920648423,27.655469925992065
93.84400442499346,27.329677101245366
94.73725356081616,28.168360910487827
93.88751368907627,28.65482327538296
92.53587446551923,30.127329348137398
93.60642580598392,27.880039841348786
93.58558580324963,31.27274963564071
92.55565721071922,32.98814962307161
90.52527823081556,31.77011851401877
89.25190205521793,31.667179649875564
87.56453812053402,33.94587524888939
86.57933567390393,34.77150306018752
86.37209207771008,31.7351068177758
85.60682696867514,28.329741551947883
86.68111298324155,27.289473025202454
86.71846039546801,28.76156332587765
89.33749899482622,27.936831506867186
89.1265951521007,26.935417894957382
86.89446729925342,26.793223183873316
85.417461565893,27.426013687205792
83.41397758419504,27.988113533537533
82.49773479696601,27.676820065397575
82.61409217278796,28.8527968156525
82.95711893485515,26.74405491987887
83.68862684027347,28.56826572488784
84.76565038624733,29.15634745372274
83.11995866588991,26.553470621395206
83.6435462602952,26.315367735314194
83.44017731693343,24.6934594541223
84.41134708216968,24.158211740275163
84.88123475062646,24.13011662334857
85.28033167908458,24.029022700736935
84.20446347800532,23.488778746879166
83.64741200642503,22.90064768370495
83.16842914788454,22.27547452952456
82.57984549476993,22.704393638963015
83.04102662252988,22.69970623063471
83.54604427892446,24.177811949603345
82.70075052771304,23.59003299475806
84.54174818190013,24.545310522306494
84.75629466255704,22.72601618511488
86.80593959926254,22.345614113547438
84.74333339743548,21.861942616931938
85.33007551759542,22.04924043460099
87.32138875365276,21.481049964979135
87.45569732585749,20.704991628693726
87.33559457038004,22.287600757981636
87.20801752483813,20.68527118652725
87.30214485885702,20.669217554263383
90.73752075882334,19.846221171210118
89.62598096969053,20.252607427783506
89.93898989217507,17.924799360066
88.16553350923691,19.27776308197624
86.69916110117853,20.93830746845528
85.84766637238232,20.163968735701445
84.48601606611142,20.58309096975338
85.01073468831254,21.276573778643453
84.17438753059518,20.287344608651697
84.91642583886618,19.833796273386277
85.45655825827833,20.788733262891604
83.70881188641053,20.845223075125904
84.46386857821437,19.93737243219648
86.19192684212825,19.996016247538428
87.50706231814911,21.150158943719056
87.62837293288038,21.34459628055995
87.16344464010164,20.706180594811194
86.99421134204971,20.901523484248756
88.84264021440266,22.022651384411187
90.48489270212468,21.512025377578137
91.64973889868986,23.161186328628194
92.06902276321765,25.05837317437045
90.89744776646502,24.790257506520106
91.34215899722298,25.11260016283919
91.5651089827199,23.444471593145156
91.08285480802125,23.039103816933373
92.58389754116565,22.726188840559807
92.24936427947021,23.169164987168248
93.70762400485361,24.760614350899196
92.75692781470842,24.52398177789714
92.2542569042704,24.602566490986934
91.91906318754728,25.896185403818862
91.8060599731245,27.51819787234809
92.00511156106106,27.560710397661538
89.2846739963086,28.304627510383913
89.0684045864084,26.363389344704814
89.15747706816524,25.235577859780395
87.81490509806866,23.316164330002955
87.7465563681027,23.021438339063565
86.00237350988431,22.27060720135973
85.50581950504497,22.145266568293735
84.58488945035504,22.418730461814604
82.67912550665885,21.451914157364552
81.0048470050051,20.774549171243834
78.50166105916443,18.94336256870037
79.20533107854865,20.047479709997166
79.72153995299162,18.7725718780099
81.40528566837759,19.37929954362209
80.26819020832758,18.77223752564445
81.10850408178521,19.388288598501536
80.61777976957315,18.757470618414594
81.57088330353385,18.60641930068797
82.41876819171021,17.348320201784347
82.32126622096054,18.758233543367485
84.23520383028198,19.054761835397628
84.05626209615059,19.97470507718536
88.99688595865558,20.16900039022396
87.72880296547005,20.793702693559744
87.80061899562888,19.577298460717596
91.03387105196364,17.585891598137923
90.33979707846974,18.583443977405437
90.575724720626,19.471729977525687
90.24090910004401,20.263819038012016
89.78018539422543,20.979259611410683
89.99003844044692,21.473998388479767
90.84667657478587,22.3939544855907
92.67057738276516,23.779067922191228
93.10462400806412,23.21478751693361
92.81205325718368,24.622506667856904
92.61751727658373,23.950441011965506
93.24952621226883,22.299767210962138
93.72938476877937,22.35339045084429
94.09888768386345,22.63934998734394
90.65737641323595,23.11262265138998
89.60701416699933,25.6605706428123
89.5318324164687,25.822204907836696
91.95317738433815,25.823831598109813
92.50790979292832,27.20099354274397
94.14211625307796,27.82972531030304
95.97427039332592,28.23884744593945
96.87954059410191,28.39013612905664
97.1563888357025,29.033349146621795
97.85665840953219,28.585984187270576
99.08409426821994,29.09102103127317
98.0162870068093,29.938133463970352
99.20155346986373,31.357073249098402
98.1731182132593,33.81416960415593
97.99571894364875,32.03885059417121
97.08099813324777,31.332109780857063
97.05962201799434,29.712342283083544
97.72581556729858,29.12628518740059
99.84314674593554,28.272701412901657
99.60512910577413,29.83309786219628
98.28018911443013,29.407772933818347
95.98830705732217,29.21673609327512
95.74668042887265,32.56688278787303
95.90654744803028,30.882333636011744
96.51238019873342,29.56497654362664
98.20517485699378,30.194873342024913
97.71578789390115,30.83370225644151
97.22640093080854,33.14622990236827
96.73701396771591,32.11729961635984
96.24762700462328,29.405092367855563
95.75824004153066,28.259493029186373
95.26885307843804,27.672428932518855
94.77946611534541,27.815890479675456
94.29007915225279,27.306032884418
93.80069218916016,27.510604356596673
93.31130522606755,28.27696372913093
92.82191826297492,27.262103146313045
92.63824306036791,27.388100614987202
92.02647787851234,27.5908630006053
90.13403224139563,25.7099302717059
90.4540143511749,28.158036774713946
90.26645965613683,27.34135271847072
89.04348920479907,26.139653664585097
88.51733828108156,24.631376054911946
89.57359392629766,23.3579489602705
88.12634428923758,21.742011706360376
88.14800738483584,20.34715838667868
86.97485864580823,20.281971579445038
86.06214776355341,21.828477490192984
85.8732682200003,21.687219680271298
84.73649806569024,21.17363591945985
86.0231670103786,20.646774990921294
84.20046269685167,20.780684640987428
82.42650477559522,21.09644677292011
83.46559944630856,22.234639589935224
84.79036043003853,22.458370348379184
85.58556274127824,21.97141647683063
86.06313602843554,23.247323033563845
85.63000607818218,22.581522715877078
87.118747884742,22.612526483990752
87.24048859323979,21.878453210638735
87.404382381165,22.498512266893975
91.04262618878073,21.464882133892434
91.13908851400069,21.688458366241605
89.78795572710666,22.306047810777752
90.44058571340416,22.096540856531245
92.42731270479914,22.549142381204813
94.70793864838197,20.954412952722073
96.42759615607889,20.21031709864954
96.29588191905796,19.511480062064592
96.35135517001386,19.829452933870154
96.40682842096975,19.33078060868642
96.46230167192564,20.56024840365083
96.51777492288154,21.098143005540056
96.57324817383743,18.908039903051648
96.62872142479333,19.020345113941236
96.68419467574921,17.975467457850726
96.73966792670511,17.659131144001933
96.79514117766101,18.207717973602172
96.8506144286169,16.7758365886735
96.90608767957279,16.85638927215577
94.95770031510243,17.236969276762586
95.02731231292812,14.290716895807494
94.64367707097692,14.273321871718977
93.47370417102958,13.515483993889578
93.77958966929808,11.95097770241395
91.1960632203093,12.70804299875752
90.27561996171832,11.760670296499145
90.60334243280408,11.874701187541298
90.46236266441107,12.629587140471033
88.00567924342623,12.164319509916941
85.12896353492452,12.61175569854992
85.7558229774495,13.109944814477485
85.3975683515874,13.320290195510475
87.22879422239262,14.256389594162332
83.8873743207039,12.966178493993162
85.3632255606074,13.072789775832858
83.02653346386158,15.623543721323625
83.097915778194,14.131867567331785
84.21235449991366,15.037996063095463
84.02743814091951,16.834107894368653
79.68468049689227,17.757154196713625
79.03833681146529,18.598673702365275
77.59363519483189,17.63679404734264
78.910632227811,17.36902907585075
79.56606567794196,16.69809639056104
79.27686769670964,15.591770757946827
77.34554261832088,16.711699840876623
78.88002661763316,16.937729835488867
77.87835592271526,16.754452834355046
80.2654395038719,15.51553897913546
79.82368586145493,16.102303231070064
79.28983343359971,13.621862283065358
78.87771532376192,13.466210537364738
78.29984107032095,11.685109281998752
80.22423419351743,11.230874881711472
80.41550355829051,7.680149201507955
80.17531653614394,6.2023492395550885
79.00409275489231,9.366662766047336
81.62119796824093,9.409669627536541
81.90304574966481,8.444531869659858
81.42116959287553,7.953591859136999
82.59735155077644,7.462784293579307
83.90652628612487,6.708008860442211
82.15836282098286,3.712206550209208
82.52347355683283,3.3691911359752393
81.51167385810074,2.5580639256612625
78.55459870517825,2.653832594475671
80.62472259228798,4.560285387062232
78.49533428730591,7.025945158503601
81.17657187244879,2.2382671668293734
80.82690455083652,-0.4300476873789184
79.30256453606574,0.6460187486878384
80.23178502728642,1.2370723176141116
79.66559243071511,1.1624342655013518
78.52044159874826,-0.2502696442645258
77.78190641403613,0.04619429113017759
78.28675104742408,-0.49888763637129663
78.79632999386602,-0.3976854016730438
79.58200070784528,-0.3324047409612506
79.57874481588783,-0.8126763877543205
80.97776969005209,-0.8764839555198964
79.27825173200144,-1.5267966395812416
80.421669782446,-0.47635970554493
82.49990068645926,0.1112137434301484
82.89536259231241,0.7748243126412155
83.99538095569018,2.6174478586990793
81.65924945523638,0.9369845899371287
81.8947347282966,0.9712445997187487
84.29778516283372,2.029373013149792
81.83974245415628,0.40141294921407
80.99643880172438,-0.2776968818952547
81.32111857504997,-0.6160225062257652
81.08034270279335,-1.2189561384928946
79.88610062552144,-2.0304004968172737
80.71172178277942,-1.0519791921767567
80.23214323479986,-2.0588939547697906
79.36410755786162,-2.367873095845731
74.156747074523,-2.3140794810153107
73.39041847807972,-2.9577091754170852
73.56663212723481,-2.7185443679356767
72.1712395490636,-1.9489205454142873
73.67845430433383,-0.07382414419896699
72.13436565737811,2.009376963154093
73.2778012297425,4.656221221074631
72.41442919195333,1.742602037075178
73.99195318342518,0.9699708403059395
75.56354162649285,0.7095563740078036
77.91499588410917,0.22341884285858568
77.69793616766144,-0.3583382932469887
77.6527610439207,-0.4352886571237018
77.8230180912382,-0.010409698723591432
76.68467711203543,-0.0009572060838149987
73.9013334126713,0.38938870127475145
75.48536336086067,2.2900483122888007
75.93195181251656,2.1633131048662797
76.08544352670575,3.1947718173769992
76.23893524089492,0.2605532023485986
76.3924269550841,-0.21956553638854148
76.54591866927329,-1.3004368014539576
76.69941038346248,-1.4487154354358636
76.85290209765165,-0.7984942314209544
77.00639381184084,-1.3359606703301785
77.15988552603002,-2.122798434177161
77.31337724021921,-1.3576974133188937
77.46686895440838,0.26954806180391366
77.62036066859757,0.6153585329574871
77.60366331826086,2.2679782338063363
78.09719850605684,1.0026776168287013
77.70472959850363,3.1663096902233243
77.99025123048648,3.8603800952230123
77.28598000356341,3.266267584767868
78.45417759156132,4.150970550303946
78.99106821615591,3.581314944515324
82.30867617095193,4.680021941752298
81.50791359340792,2.3769863752206053
78.14204273806666,2.4925792225651535
75.81383715054467,2.248982864477439
77.71380322330745,1.9920921369686226
78.06899739958229,2.5568238970869106
77.55172094924977,4.405044847711105
74.50394654075991,4.6408171077244775
77.04071917900143,2.4302847929893074
76.80105891022748,2.243473693184457
77.60319023595761,0.8165688265239874
80.15187936578475,0.3229725682453229
80.0541462306987,0.9340258590391328
81.1971841980511,0.8563363622321022
82.82720082317253,4.147769998771464
79.59692306076936,3.1345152236480596
76.5585902072831,5.152631700727938
76.92687668008736,3.310397574306455
80.86856646165329,4.629243143927075
82.82922515201578,5.353142002423443
81.49212882327522,9.648629456817542
82.33701833355444,10.737685007800264
83.25528552422146,11.611914621091216
83.15475258901667,12.267654380509217
84.56010915089924,13.19844885248182
82.74343837243454,11.932693701656378
83.45861279065107,10.689455609041495
84.39136053148368,11.643689102864098
84.07725612690405,10.951346833613945
83.60681196983028,10.005056827287767
84.51860353350907,8.839648274231763
88.05434188127414,9.28122706778225
88.56985642060855,10.752537973044339
90.40000316855078,12.446798314287431
90.64537259929081,13.557164150286997
90.73528041097899,14.627573335567043
92.46201640181354,17.466598814354686
92.64851651539757,17.190911580550306
93.2374599643559,17.9470602049213
93.60634098599516,18.6004258312824
91.8299228776295,20.484250788587545
91.05714210563636,20.068716531527482
92.67631709097509,19.44653132070278
94.84584456310887,19.711991868824054
95.22647537871255,18.5006349458726
94.80577875701202,18.442284979390095
93.79470638230374,18.814477658613693
97.39812695743754,19.9575495921457
97.83507282074075,20.951604904972605
95.49288196623432,21.19194981029302
96.89986789966756,21.644858481910667
97.55560194620365,21.886938062056394
96.57096029855502,21.882545434259203
95.85799814258081,21.844558280032253
94.8824325234505,21.38840724419614
95.65195418497767,21.44903013972786
95.76746742208559,21.823390839755636
96.99163143898144,20.752843578243894
98.0238842567488,21.210416310505305
97.7332938813419,21.28895756277769
98.38416676604244,20.7283356415695
99.8725425326437,19.916895743773523
98.15287612960134,18.494128672108538
97.17346272803195,19.46872997092478
95.33851513969302,20.348824881032215
94.7682294142174,20.295959269903598
94.76864169094492,22.48869320288934
95.24310335955563,23.34439045706278
94.4510830650673,23.355026712199688
95.91422002555126,21.918086608537127
96.63360090626408,22.21503184212109
95.12647016991117,21.897757664272365
93.92630038261471,21.499705140988507
93.71128800836338,22.535253900046406
94.57547878251783,21.925308178223865
96.09714366995485,23.030492225149143
95.33940505952272,23.255713778885596
95.81443129513563,22.457555390790095
94.59633137683863,22.822734738682982
94.82436659035844,23.07140734431196
94.14764009743203,22.62150275909988
95.3506134017328,23.673518891347886
96.80810758155027,22.656394619716004
97.21279819301694,22.679312327798293
96.82211237288115,25.479073373174145
96.57567730795844,24.19401385705756
95.25423786572972,24.93337519741302
95.07308066940384,25.535793064278522
96.04867206881755,25.805566798720577
94.94719518181422,25.194090012748372
97.14240624944117,25.62189510712878
96.7136843766948,26.168155427486226
97.23319338608377,25.801797848476067
95.6237805548277,25.078099058135585
96.21487969792561,26.724177160122043
97.5396302703403,26.492603847277348
100.08667454110453,27.30615784679931
97.8933027364074,27.775474201078264
97.67086236262413,26.128866664987704
98.78872295468516,24.69407062994771
97.60996537160365,26.02338201944397
97.92263843221536,23.88864114813693
99.72283260959955,23.37794541084872
97.43628171565736,26.042661713168112
97.98067873688967,28.054676410861724
99.45972439735812,25.979212360337165
102.05956978106035,27.838404544453624
101.11954391190945,27.28936005574403
102.42862109359339,27.28297748884059
102.85231416038819,26.813875372673323
100.1509382027869,25.87840948322039
100.45146192132309,26.93325052302381
102.33014748891515,26.808241432689336
102.93466663317531,26.80875941270998
100.03890528146063,26.733662216318375
100.20787893578894,29.18846875755541
96.46527554196813,28.443691614633394
94.82180500461519,29.18641006124122
95.93377050761299,29.048813376766336
95.74745097597777,29.228511100956723
95.63383276927155,31.352778689986334
95.29638832747509,31.75641623960703
96.10639639373481,33.531807190968316
92.06357719525121,33.635694480548665
89.16773961112509,33.52654702219506
89.76683182696465,29.340308253406892
89.96400606155707,30.923062073418514
88.67502347934162,30.82382855085533
87.70654359878372,32.16574767509455
89.46912899443417,33.51456271932882
91.7844013952778,33.24391136414998
91.1382548727473,35.798640587997625
93.9503355055082,37.21012444238255
90.26313204795909,37.112489635821746
89.86671528820125,35.10586516306051
88.69917677122939,34.57764735063836
87.8870439909273,32.507019451733605
85.59257005240796,30.988805971039543
85.04448060899576,30.746814914667805
81.86262107984122,29.832466790127185
84.08088892245236,28.152095390547075
85.03887091492003,27.00974959269919
85.16733079869465,27.14607601780352
84.77228737512395,24.268555132447844
83.17941461217322,23.907680597126642
82.3620223478419,25.003934606595372
85.19342253645016,25.201455401374034
83.03096336378815,26.345320535938054
81.6315031908984,26.707894260997982
82.80060696439057,25.11675723659383
84.4800171620222,25.31228650185866
85.0230928992343,23.35280905126705
83.04120460037522,23.640981162078777
83.07515896029011,23.50702689552323
82.7144277870279,23.55162150004273
79.85264960437652,23.80371182082691
79.81833942407044,24.42622295202284
83.22409854473861,25.089898333684882
81.94855039292437,25.451471316798347
83.58670998521728,23.54373232763554
83.78496785407592,25.878464520039866
85.53270305407132,26.887862786271974
85.86941132294461,26.804190529749462
85.33081077134034,27.52460892545203
85.88902569920961,27.587042177451057
87.25144632730048,28.692638924998796
88.66610844525842,29.59994371232344
89.36755801810887,29.75266804866856
88.17282212660432,29.85787101785726
87.72656668681826,29.200877751418425
89.8672494882206,28.251582023157194
89.57824418559012,28.939220072754605
89.25200767080712,30.742303453611274
88.88838702277268,32.11922591374496
90.26000071558826,31.85317419982846
90.3379107969942,31.420172888324604
90.7437970518006,32.55041021835019
91.07364761395485,35.090223092033305
91.03856785812236,35.69899656485216
92.72770758426634,33.64803225349524
93.28137393428707,32.72609553855837
94.03139667237863,33.450594666392334
92.96963331789894,33.714126283565314
91.3001234591213,32.62085907227953
89.92383810981576,34.22053167806827
90.10784533193353,34.31139529112655
90.20665442573106,32.69539026519704
91.67570924103197,32.11158890967743
91.03648707605329,32.91475223132332
89.9094644630311,34.09819195185448
90.41777428933023,34.01843393480509
90.12992247537615,34.98880495247594
88.35613986957392,35.42316145929156
85.07748754905698,33.57515309639481
86.42636498281861,34.12856646179165
85.65820332695488,33.07376593317857
87.57333341636124,34.14584467017705
88.48501143606717,31.65208830687804
91.2052992931875,33.487427797245914
93.49543317624236,34.33553861868653
93.59344742077667,35.47558417822625
94.50886135670781,35.327701747605275
93.25775989890342,35.16520814276858
94.17549311282733,34.322090160684645
96.52688931311792,35.61314338248257
94.93404899026989,36.605014003156256
93.80237262717534,35.11225937700627
94.47912597309175,35.92750015639035
94.00385081384375,34.81313892937694
92.70571227721278,34.29684100559781
91.80543354494927,35.00320611782072
92.12049416749996,34.41568575901587
93.026471524739,31.86238475941053
91.59126303414516,33.00792399243243
91.09215702756782,30.9926067644162
88.31999374516046,32.89741115493043
87.55764833917995,33.93767958125589
87.13079915563067,30.280209225139902
86.82475587849225,32.83471198203554
86.05729864158774,33.37541027688144
85.47847303269063,35.71854653427708
84.7409330946171,34.96343859777818
85.22486357194423,34.00810037355024
84.26756934614404,34.93825423212346
84.59120237053398,35.80707422231102
84.88970081185066,32.118299377362206
83.08667823060117,29.766200960805683
83.60768128488368,29.61094220097881
82.73595383635713,29.547783471316272
82.74081099966484,32.254049354704506
84.49154329437681,35.03160429371557
84.03503901488104,36.70298938152025
82.90581882092661,36.37328219203356
84.10196523550364,36.01741396644269
83.25955014564907,31.861963265330107
82.37956187332226,30.64603691196601
83.7047752619227,30.672288362411038
82.95183869645729,29.897918095582472
82.43844125275453,29.130910645367894
81.51922663365065,28.416189056190987
82.97193656766984,27.25236349915346
81.38600937325036,28.444151366009006
82.5204441329149,28.887959183990926
82.96410172725346,26.141383353724486
81.37849135313424,25.519053485116622
81.55964911284464,24.063761233121586
78.63622618155011,23.553272596710855
77.47906851513957,22.00363966552844
77.31499832791027,22.54976275816515
77.83228361718095,23.144716893581542
77.53686331363193,24.470924632264843
79.91012823788877,23.360227809168695
80.11229927086423,25.810988755934915
81.21070074273068,24.28138916558793
79.15709603550596,23.648930280541578
80.80490976338196,23.670404397923292
80.86948199606559,23.181754018602327
81.59791202833904,22.821367394581202
80.2311256390855,23.17949731481668
79.02689327140048,22.748149780406123
80.59838273745862,23.459605040844703
80.3569765423692,22.61306108971123
79.59802386477968,21.93836773434783
77.88236953569809,22.3598936740697
78.17102662755218,22.43022198571365
78.04815166077906,23.19245619151622
80.36047657114615,22.883032590088916
80.08014673444998,22.746574211679214
80.10252706542786,22.78962902742091
79.12709100812047,23.846147482516905
78.67228124006931,23.083448521886382
78.5224579589238,22.729847547168678
76.92676367375084,22.33748319282265
77.42254432958916,23.52482933335473
77.9100011282637,24.712142393864802
76.69428880271644,23.83613933517868
75.46759176395956,24.07568118101437
72.35297704122966,23.77692026646654
70.49454541632521,24.64757291108666
70.28416769922606,24.444643591297943
70.63487401082841,23.799132881987052
69.37585955337478,23.979384409582007
71.3173509379521,24.888299618726144
71.71510823005529,25.904302710725208
70.6000849770184,26.032338266553623
72.55430917726103,27.199204679876235
71.88281399830973,25.266075535853986
71.87071497540683,25.285009401464144
70.90290534816319,23.425708676293002
71.16660040350405,23.43256717992791
70.11635490705325,24.331532738926114
72.0248320835269,25.337399648092774
72.58651185067795,25.872166436879194
70.832157155948,23.84078351525099
70.19166149282789,23.63541137780542
70.20620006570458,23.846539054015988
69.8667764397784,24.02152412467576
69.85273663668997,23.23273775790789
69.82144287929955,23.890747312340515
73.80468125054047,23.36379371246289
74.32847058446845,23.2235836708362
72.12139126805934,23.204332817023836
71.91946383468249,22.579795507024663
72.86847193606116,22.483836691821228
71.83598851813854,23.076174625034646
71.76711899249898,24.9407642674192
72.14393798161724,22.586657350999154
69.15350275584909,23.119261122225126
70.37579742851993,22.367502674493913
71.83111783590226,22.351735902058753
74.74908934025608,21.157246702273444
75.17337978511884,20.03754991332212
73.03975592440348,21.21925945684581
72.56258035628643,21.36982445283604
72.91320652772475,21.25412309938182
74.74875979925064,20.495930876177177
74.06415549293204,20.923468861687795
73.52602432983343,20.742062042701306
73.52418071257777,20.116461204478146
75.18290818724468,19.011664592249165
74.73156263227501,18.150231418656467
75.80619131869119,18.34047495423329
76.03638790249543,18.120258095117826
73.17394432893926,18.295909575555612
74.89787004786437,18.57827585139243
74.93593490298187,19.302392437073625
75.67589730018713,20.058660482843464
75.2007943868935,20.43423627299162
73.23033226531115,20.944071123582198
70.43195353747431,20.79295558047462
70.46379231219021,20.135798308382704
71.64583662066264,19.455902055937585
74.46171759240995,19.291455595006955
72.95911747207967,19.800719147439885
73.35772241821581,19.987888232570597
72.64336704315237,20.799091050218212
71.97721640938873,21.0287557544171
71.47871031855955,21.03282844131844
70.70359960248919,20.823106092554024
71.26630640847982,20.175613898651186
70.70852881028398,19.636974296059165
70.49019103817392,20.027488409364572
71.4530917490064,19.33605360932917
71.83187641202205,19.03327161491959
73.24621835569593,19.09893980202308
73.60869287533266,18.63096793131203
74.33051845079576,19.421019233749348
75.51604693262861,20.146320611624112
76.30842708974318,18.365079013011197
76.83363380706953,20.464878282419598
76.23625076511892,20.511727091032924
75.12572501634571,20.441557996587395
74.426495437241,20.59614252862601
77.24985102249498,19.42153742135745
78.34555874984439,17.976851292268712
79.27378290687456,18.08325168911677
78.76752513367381,18.2278800869713
80.35633973654018,17.54898785815068
81.02314143485306,17.510361359019086
80.15074937435563,16.421261522938952
76.94447603021855,16.777234044133895
76.04829563696772,14.858055448852326
76.06153084330302,12.912474280367618
75.32737900690242,12.981191191448204
75.70919866933775,12.822451931289926
78.15674771635608,12.105446871540321
75.5146278647112,11.71814160678682
78.27169163486919,10.98986795098722
78.10243557369435,11.55279553200096
75.88116664979525,12.665572362438269
77.06152251453234,14.564124129374271
79.45837170507502,12.848104649745608
78.70396238041012,15.506245181527
78.39362766323084,12.806431189125343
77.84339628305688,12.208882887924407
78.05377360099068,12.999301104336347
77.65646050304706,15.279738666343192
75.85867822273387,15.225105171029861
76.11297512552427,15.935767233103197
75.96025545873614,16.487829871735865
76.1246262373345,16.991707095194975
76.20663083647948,17.707852160926926
76.09926002106802,17.475807839634918
76.65818061818455,18.087083990166132
75.59608148290299,16.80454349802461
77.53033808476815,18.03916487515139
78.63872972161718,19.025662963316055
77.05102894292166,19.10802298830607
79.110985223331,20.450262709242434
79.30218827526812,19.141562164659856
79.08336077067943,18.05558913524553
78.43382300308507,17.681739967210234
76.01691126382254,17.40212010469183
77.54399225090307,17.32261539168769
76.67252187202108,16.942939154926414
75.41316419553596,16.55633688910668
75.56562159588307,15.468573570427738
74.62524715740821,15.329039236077497
73.29970433651249,15.204945664718233
71.31663186954961,14.657822140521045
70.63728734397912,15.594317864126705
73.63927974331642,16.034127773009022
73.14300742034159,16.520332211276447
72.89529639997514,17.522054110832812
73.14300197422166,18.84845745745426
73.85020768433942,19.536640348034926
73.08433204654659,18.51483456379074
72.86149917067686,17.461828563300696
69.52594474263478,18.31963140401419
69.4124969354609,18.04919172876684
69.794000036767,18.543477684041143
72.82580357260551,20.474944143769264
72.24023291037388,20.496053241388992
73.93349733676862,21.204161523738247
72.92734707538371,21.06276610378314
71.86073432114678,20.143751566260622
73.16208646351814,21.22782126233034
72.24384783833744,20.857365123141882
71.1167725925773,21.20230211822997
70.56004690664189,21.53080390908261
71.9509788510244,21.01598177560959
70.6811109237176,21.66193986246236
69.37436827323562,22.378283944042064
69.47511906163561,23.23991449913593
68.86410642815837,23.26588032828723
70.78132463636464,22.735145490966314
70.46048755402623,24.21205922736204
69.70755169465582,23.358789555209146
67.39969995821698,24.308150999240763
68.22937898408217,25.122626271535065
67.5103445883109,25.12332309260308
68.47846074439784,24.869105829159313
70.59833903133475,26.300013351664482
70.57267054309527,28.278543787268518
70.80784859092469,29.592201585798087
72.46712831286726,30.89157243665904
74.47186419777631,32.662881394912915
75.46702384079796,34.76985716530338
77.98897634888533,35.596165382536725
77.42503922255929,34.96472399394512
76.72846323522484,33.680600610262644
74.58027085896926,35.328586836893315
73.24580627323978,37.40943244333505
73.11625151376602,40.02869655797777
72.31075608393482,41.21838652855979
75.66414738487892,39.50422397421865
76.83203618848347,40.932083840953375
72.86769211576484,40.51262752826109
72.41275533939786,38.07078508512293
72.84585671479721,37.2390230660868
74.0721964852778,38.074311466150554
74.09046932640416,37.812822005124204
75.4987215252881,39.333214512146135
75.07246160471755,35.680214887265784
75.32663954439366,35.922613334793105
72.33381881843043,35.70309449843563
72.66185649458659,35.3027637993687
72.0691441152992,36.812396398320885
72.33152198753984,36.47716521972205
69.46686022687955,34.916183526919184
67.99545431580228,35.24161359664065
68.07801185745444,37.41026798442293
66.89451952796506,39.16569081133288
66.06275515127429,40.39810513111891
63.09379967409263,37.07367844964735
63.12868185080059,40.32954171884772
65.01013487520426,40.647600137549226
64.10977607842507,39.40923114704423
63.200231652058974,36.63289741160128
63.17575313025255,36.08894208163544
62.62341809863554,37.64115286683119
63.53745145705826,37.64811461795592
64.91117476889774,35.95951236371042
65.29050977328033,37.50495078742647
64.44345508735783,36.2535659418264
61.81175336662592,36.5838264048123
64.72629275921405,35.5264999427934
63.04392827581572,35.785651454502634
64.22557348364029,34.60009905680704
62.41015898194104,35.92281253595386
61.75741552334817,37.683020723266516
61.693760568073294,38.45071999109454
61.630105612798424,38.64935888884771
61.566450657523546,38.343935479975904
61.50279570224867,37.96117964894275
61.4391407469738,36.55405866018891
61.37548579169892,34.466480645417754
61.31183083642405,34.788180766088416
61.24817588114917,35.64177993165455
61.184520925874295,37.239151576361046
61.120865970599425,34.712962246769585
61.05721101532455,36.34561821542406
58.98004894928357,37.33146620169585
57.24337590632763,38.613174662454085
57.08608140159402,37.61195358442388
57.18876045173735,36.01447962936761
57.35448378466452,34.863938323557335
55.68635784483697,35.32741845593223
56.16429738478981,38.63661938281938
55.783716447582165,41.854156507391735
54.500604857440884,41.20716368429108
54.176662512608495,39.80922915266805
54.62070584691624,39.93565480428189
54.00347852173722,39.84667379579236
51.37953910535792,40.232827033223195
52.58627310549505,39.29571567602055
50.59858791798848,38.94693641181501
51.23370433215663,40.730483231604744
53.32537771280258,38.97595921081333
54.4589499626761,40.34131042677128
54.851359595847185,39.3450106892679
56.207040128687254,41.16908209867636
55.90489511882665,42.75442038941722
56.98834728502919,42.12848947469753
55.89645375960363,42.72344465532107
54.804560234178076,44.12163323012518
53.712666708752515,43.79704222408383
52.62077318332696,42.99577188384542
51.5288796579014,43.98030902877095
50.43698613247584,43.087005109796976
49.34509260705028,44.31915245320603
48.25319908162472,44.80877141396255
47.16130555619917,44.76617091074043
46.069412030773606,43.441140483889534
44.977518505348044,43.51384220973728
44.15956733167181,42.15028877068055
46.73741462161778,41.44027565378931
46.38431825103152,41.9937644727388
44.9953426809258,38.67394231986063
47.67089780622186,37.505473621928424
48.363876687711034,36.689308296422574
46.12572001180389,33.96678111999345
44.02662027719525,34.97359088616512
41.16908209867636,36.93143093209886
39.39004572383904,36.062275007030905
41.409582673069906,36.634413079746736
41.453170126922075,34.572497542047536
40.31205396981996,33.62408059119915
40.810348212806986,33.08341541265811
39.11241124448191,33.360394798873685
36.53943794983271,34.50271958234571
37.743687001270885,30.272506235694436
37.42711508774378,31.841678839584834
37.28756625447705,33.284483950044816
36.54347787049767,34.028780113476444
35.798640587997625,34.31986107868931
34.01843393480509,32.41984216095762
32.3483348588219,30.449906787567812
32.41984216095762,31.881672986838176
35.009926096659576,30.751702196668177
37.08216034859805,30.535718403514977
38.14195760074903,30.191657894725832
38.12672969875275,31.43502444419436
38.34121507544505,31.920476220086318
37.41375153655445,32.10355261825677
39.21087647319501,33.15864293572833
40.78834881068132,30.68811363736543
41.75521660738146,30.53225818001057
41.03527781217607,30.128649904797726
42.14008679430321,33.22107948153324
40.456024283947954,33.52042811888191
42.333100655835494,32.97621795137132
40.685793458187135,33.575951815516405
40.001064854107085,30.716039562119406
41.405100348411615,29.030252346236573
44.958780180287526,29.152989964618442
44.472186853631115,31.51856807103461
44.05718333272451,30.480490946393132
44.946796164611264,28.953075542350337
46.65550469907451,27.553931714127582
47.1872488113071,27.011756650517277
46.63550748160512,27.221110544942455
47.78048420578583,30.570362407476715
46.10314157194382,31.311308355500334
47.61545249392297,34.85704098881327
47.7059571581138,31.92015341943032
46.6517316322879,34.74169838114203
45.641539151089844,34.15812921960684
44.19882411159207,34.67577929894419
45.96931019071066,32.96876766363395
45.721143190608444,28.79182312195338
46.921653736194486,31.148104322138057
46.81341004863492,33.94533382541827
47.15795790577381,32.49082720445426
47.505209389023406,33.80328088474904
46.340178708328935,33.092461850075104
48.09979871183095,33.45327115803863
49.96410353916897,36.802494074209406
48.37097696180777,35.60880407931206
46.006818741536875,34.86098730237308
44.10879333663174,34.49349500530377
44.79677505020593,33.993525501476974
44.79848105659501,31.65503477854129
46.05628196995477,32.470330159224645
46.846388346723245,31.24320587332428
45.749640407050514,30.07405350123204
42.99577188384542,28.022668327352438
42.18649895462628,26.88891687447925
40.961520279329775,26.367154025035298
38.6615725406526,30.139690972374016
38.04968680161075,31.82864914028515
37.69310776245479,32.59717297191706
36.90607238557438,28.93144722802989
36.70298938152025,30.426259506675258
38.26535777665132,28.346604622728318
34.70235318525343,31.772744982968568
34.82112478181898,33.638686079389
33.64803225349524,33.122283456478236
33.90851863641306,32.508338211144896
32.74097479669032,32.16102159858279
32.508343834445576,33.017363574033155
33.244052444263495,35.19067664187749
33.57515309639481,35.31824655788979
33.360394798873685,34.480887589718954
32.12284678153312,33.04192259804782
33.450594666392334,28.692593885736
33.82301385694052,29.31117928453235
33.37541027688144,27.77225204117904
33.80328088474904,27.15111531847738
32.45247834215182,28.22304826114321
31.967211575624308,27.65785206477416
30.68391345776616,27.90691919934139
26.961377270942496,28.17650367707882
29.375812763355288,26.34109287356977
29.59994371232344,25.696982537170044
29.75266804866856,24.217477027938216
30.630955784466597,23.74412386978605
31.912697586870664,22.49788702731659
35.99521975456537,20.936768445113557
35.60880407931206,18.620552639654576
35.2101606971121,19.01185097212556
34.480887589718954,19.9279719207228
34.15812921960684,20.473790990399976
34.016501853457136,21.128934204328132
32.55041021835019,21.404965702553646
33.02444651043184,19.987485178797378
32.78042908972228,18.90137190816312
33.236788916457705,20.783752375859226
31.951928588084563,20.962706812859274
33.93767958125589,22.21679166136974
31.971994170022125,21.21211202678389
28.56826572488784,20.990705999813557
28.147497570606262,19.920616455818738
28.601303156183338,19.514894687893896
30.77015545732704,19.847508743866776
31.941573168444222,19.621839405094722
29.547783471316272,17.964555582735724
28.234657124959046,16.433380080045577
30.746814914667805,17.125991165283427
28.85240572769697,16.582752697733532
28.789108059173454,15.327243396787456
28.27696372913093,14.645076266375742
29.178688339355503,14.65018252865423
28.585984187270576,14.832237185922763
29.965139569566116,13.684457608345753
28.22304826114321,12.86960094224555
26.492603847277348,13.42397469346389
24.760614350899196,13.3180126442616
24.309548020838804,12.950882567915475
25.285145686165034,12.152758219873657
26.05078323748821,12.160890816875577
24.968616815517706,13.323579461933498
27.230519640155038,14.484473686888144
28.549117469891097,13.753857155123043
26.67796139254923,14.633165318887857
24.97187128834598,13.43935056988488
23.830707183584167,12.787386975094014
23.92314944021369,11.970495698618006
24.547107692013302,12.175980277115839
25.551702659571806,13.184615599752293
26.15132987615595,13.521784231653433
25.519053485116622,13.308856514538416
23.55162150004273,14.807717763109531
25.122626271535065,15.130874563564584
24.757638112145177,15.981902713651321
23.643314077031103,15.393912924099624
24.43878032895879,15.329465641359196
24.918271101110225,16.466664126596925
26.169389902181393,15.718348618492493
25.846985082220016,14.990409907579313
25.871775452437642,14.687178988056155
25.878464520039866,12.826608357245666
23.74412386978605,12.714584348701345
23.71768479934565,12.033404953667503
25.044793947342665,8.802992497635374
23.84078351525099,11.566175942778393
21.6840913868404,10.497944124363036
20.252607427783506,7.269428469901396
18.76437438704469,7.672764332634554
19.766243032398375,5.792399941982265
23.185587229493922,2.029571310811281
23.021438339063565,1.0283302501376919
20.75309342386226,5.55983613863953
19.892921555423914,5.915493316767643
20.621057219614123,3.1496869616838103
21.136326338475772,1.6351144004751346
20.287344608651697,-1.0254503300761049
20.027488409364572,-0.7908033503816916
18.236325670942712,-0.4241222029757967
16.810928706661542,0.39037162148222915
16.683345348484508,3.1005717429604447
16.041879123549823,1.3565169304594424
16.3933551163695,0.9309968879853172
15.257262518989242,-1.0530750470472339
15.034961421066384,-0.6078634833636556
14.443417577814811,-2.1445932210699703
13.43935056988488,-1.4610841354715323
15.009627024225011,-1.9031079337247323
14.046646381299531,-0.7197370967283929
14.687438171087013,-1.725287291140529
15.307488420955123,-1.2464163011879337
16.583223543809822,-2.685622684175126
19.511480062064592,-2.9808142684451577
18.814477658613693,-2.308570753162126
18.117475255162795,-2.3985478336493995
17.420472851711892,-3.454127308643985
16.723470448260993,-4.402625504117464
16.026468044810095,-5.5789796142361485
15.329465641359196,-4.862141222597695
14.632463237908295,-5.315063485479015
13.935460834457395,-3.8791477628750846
13.238458431006496,-4.777385100934065
12.541456027555597,-5.882171819317697
11.844453624104696,-5.563642453245194
14.844879027477953,-5.7043036331228905
14.41209587252638,-6.049998744639332
11.92614337503011,-5.9386185722811184
11.387888470603835,-6.612130694409765
13.431166967424513,-6.405475402279027
12.027676708580444,-6.748513073183094
9.896697546283788,-6.298758416988772
10.654658977397762,-5.446558636789299
10.698315151102344,-6.013088516116026
12.207650971139273,-5.33147946489469
11.96821973695857,-5.5622955685474516
12.462080316883974,-5.273216884069437
11.932693701656378,-5.917889204058449
14.325094841684455,-3.9102921538537707
12.882834178572628,-3.9644171972294844
11.07303550161793,-3.920980958171883
12.17676364499869,-3.0441096343433784
13.046622681783877,-3.8318084580163903
13.04157128224508,-3.929635197235626
13.020074989745138,-3.9240154993552707
12.998578697245197,-3.859669348646072
12.977082404745255,-3.9056160363986256
12.955586112245314,-3.953132687885946
12.934089819745372,-5.259852494248086
12.912593527245432,-4.182382092621748
12.89109723474549,-4.0786379561028125
12.86960094224555,-4.879198599179558
12.848104649745608,-3.4004424211280995
12.826608357245666,-0.8266391354991497
12.805112064745725,-3.5440199333585154
13.125153854385838,-3.9768818175622753
13.744890271266827,-3.9324125148487807
13.12809761901911,-4.849749374491717
12.850245101870719,-5.400721926259276
14.048436046772931,-5.88248040871526
12.592559403744756,-5.131408120871457
12.70804299875752,-4.241499798693739
12.361163320685844,-5.010326991347867
12.863467484097713,-5.1807278429439645
12.563422831283685,-4.742905126649948
12.364850934518518,-5.404621269139358
13.645849363549472,-4.471893325627812
10.951586995589423,-2.4994046629833684
10.369088626047056,-3.2670640104903885
8.374264192301453,-3.974260602588302
7.857882203559352,-4.826032608350725
8.175856329908521,-4.640329770740261
10.354327906817076,-5.473505595155475
10.290832542868891,-4.969705710166485
10.277953264846317,-4.70815032560626
9.637615171976073,-3.4176415482890565
9.004768961948235,-3.857396585757481
7.915771958434981,-2.8531200172845885
7.1507237982257,-1.402844760402009
8.287120207743298,-3.0852958534267554
7.672764332634554,-4.188712593802302
7.725538098785715,-4.497980641102501
6.0483072384839955,-4.589103110513977
5.92035359023313,-4.547426305639876
5.792399941982265,-3.4300010128819136
5.6644462937314,-3.6650561772751233
5.536492645480535,-3.0621114213593046
5.40853899722967,-2.0070724666376494
5.2805853489788035,-1.0796788377070565
5.152631700727938,-0.9851827866661458
5.024678052477073,-1.2214390801894748
4.896724404226208,-2.6071407036031444
4.768770755975343,-1.2321479305998626
4.6408171077244775,3.5513764607025857
4.339691476990181,7.136133785639313
4.323552382251726,7.613708398626748
4.189703109407806,6.748047222351476
3.1496869616838103,5.785194608400455
4.150970550303946,0.5378516394920961
5.662414878817763,3.536647820995988
7.305654057711513,6.082881896875052
7.658054043897899,3.967874633971575
8.425530934205566,7.4600354987538635
10.615288136050486,8.281099049837712
12.306936039632868,8.38498147220517
12.280240155314258,9.391748843557695
12.586357184442912,7.857882203559352
11.349061908583707,6.858000800544003
11.898022850288607,4.850152706889036
14.260382310444383,5.9129539614812225
14.938682295301739,3.20447201399993
15.866297987549904,4.578743540050931
15.534626966840994,1.9825600850543
16.282478061358784,6.30442137292677
15.246730987939237,4.060187967638085
14.556588333140503,1.075375048502858
17.779583639757714,-1.5955211855400868
18.5006349458726,-2.9873560503418117
16.413393804200275,-2.563466057643776
16.937729835488867,-2.155724713902954
16.1138052585671,3.3535169287274846
14.94444382455099,1.5256245965821655
15.274094239944608,-1.0544910375530812
14.126910606395548,-2.1457409348381447
13.763664554421082,-0.8313997397598392
13.980341087596159,1.979132570525762
15.187187476261013,2.222992974692998
15.241022621095158,4.896724404226208
13.308856514538416,6.491229033723549
14.510388598534838,4.784226253419253
14.282822965355592,3.0847970799315823
12.829099037594895,-1.3297856359029914
12.864655920976563,-0.38102795474027384
12.599463271493294,0.02823954956830299
12.497888576318054,-0.7142615135166736
11.674193259235567,-1.796685275718064
11.234540305021302,-1.221274169836327
11.803367794526686,-1.7655081651251288
11.519287745069537,-3.368362602863638
9.819966475592361,-3.380886930052844
9.928840579155702,-1.4676438344571223
9.696996155535635,1.3853248072006012
5.830457252061821,2.41023086644379
5.632740311864031,3.861453760931368
6.492693743508808,5.536492645480535
5.725969745812466,7.305654057711513
7.366614239742851,6.980991882297419
11.222149145271699,5.632740311864031
8.63409589015778,4.437052884660687
8.791847882840656,2.7479223625933407
9.3121305216788,6.374308021276015
10.237603166845185,4.867589203331505
10.02349890089579,7.304584207646114
10.463876487802617,8.828642855989212
11.464590203170593,9.608363951281794
11.71814160678682,5.511056588948543
12.714584348701345,6.793630614792984
10.728212951828857,7.658054043897899
7.816497788228826,7.419962626071516
9.08206601564996,9.660100571333317
8.308663921572789,9.678540625298867
7.136133785639313,9.204607945146952
11.352022297759747,8.175856329908521
13.213549418146531,7.376393437189923
12.402049233722705,6.379007354613001
13.059895607791548,3.2992058087880296
13.996769209197693,7.153650639667522
12.517169921263198,8.033548170075537
12.863699318349415,7.423213384109307
13.573772209622028,10.014361985786442
12.31928355951666,8.40129612451765
11.136051582736421,8.399534853496018
11.436602417561188,4.3976308371618025
12.64096589486961,1.7183999000248533
12.218936957167495,3.647133569921099
11.839666656790195,3.1358681782604316
12.164319509916941,0.8594368650380316
12.497838745905781,0.044699443659008464
12.43875221755059,3.938786966474606
14.687178988056155,3.189800852224932
16.49839358218991,3.6811661361440597
16.804378114713483,2.1548023475118554
15.94683859386108,4.0441520701989395
18.215510035031524,8.676590190882928
20.04355584104656,8.068997945471454
19.833796273386277,5.725969745812466
19.621839405094722,7.825958665238112
21.267837180976464,8.134663260036097
20.43423627299162,7.199835297842085
20.348824881032215,7.572278138388661
20.412467742848897,4.4693778588957995
23.119765432821886,3.5610118341031916
25.07778270483093,5.13398030221511
24.261796543145753,7.357590154528474
24.42597306620635,6.239051597880005
24.53675625694459,4.944092571385139
24.64753944768283,5.717595628309726
24.75832263842107,7.1670047425942025
24.869105829159313,3.6913052349776505
24.979889019897552,3.8812101508315537
25.090672210635795,4.579910648040601
25.201455401374034,5.388533801733736
25.312238592112276,7.045775793014447
25.423021782850515,8.374264192301453
25.533804973588758,8.791847882840656
25.644588164326997,9.773522857988679
27.77225204117904,12.436889078729289
28.953075542350337,10.044451784028851
28.65920331179977,10.237603166845185
29.938133463970352,11.07303550161793
28.838481060800866,9.62575231261691
27.775474201078264,5.608299370393684
27.23262346060508,7.357826992910086
23.293776330534484,10.525250028740679
25.170342740327243,7.656330556145666
26.52388186216156,8.130126764051644
23.564550054680538,8.299112434538022
21.95361282834985,8.798783057952622
22.735145490966314,8.426111905648677
22.85790687983424,11.164074306127109
22.675993765967434,12.280240155314258
20.669217554263383,12.536017187273188
18.87481045181488,11.761949202407358
21.114858739337038,11.310458692216551
22.2109306726356,13.125153854385838
22.639303934849927,13.805437486864971
24.01877648437439,12.760726234436468
23.255713778885596,13.395420392503429
23.83613933517868,13.51552373021217
24.032962991824782,14.987486827487439
24.07568118101437,15.187187476261013
23.17155047871624,15.141318550779788
25.696982537170044,14.800880369421956
25.256232575359054,14.046646381299531
25.805566798720577,14.119069387284622
26.116176786425477,12.850245101870719
25.26248548379666,11.674193259235567
26.935417894957382,11.975134631074669
28.91482370754795,10.575175075211389
29.934599158032032,11.963042843163693
29.571613309203546,10.454452459372707
30.375586891922545,8.42105718203515
28.887959183990926,7.503032867554546
29.845112227104607,6.8940353420931215
29.03592205110125,10.463876487802617
27.779640389046378,10.484136620516423
27.762003380695276,8.268610363275464
27.809151758425035,5.662414878817763
25.222588074731547,4.854773540293181
24.605537590965618,2.553454195673381
23.9867617783382,0.9681624852212749
24.485573952917754,0.46763998402656687
25.163185655620953,1.0446963057140926
25.927013176492867,0.9027847006027737
25.893581153060584,0.8414541036128458
26.789538182092713,2.6813773519983486
28.437899622705004,4.717865559591134
28.78213359814625,4.748847463800155
29.223549950971115,6.420403944770952
30.51900498876846,9.004768961948235
30.89157243665904,9.653755133607076
32.45966320123994,5.915814419011106
31.667179649875564,5.405780685331901
31.70747756932393,7.041782975293082
29.97607827152129,3.395342123004123
30.78153388655493,2.4569741431375007
31.79648647055179,0.9757746924785823
32.66620508012961,1.528955084104613
34.98621654519355,1.981583436417834
35.72273817857495,0.9621732490839734
37.20176307239174,0.8345734496055113
39.11356260266358,0.35834343409359826
39.257369710208465,0.31913534254773057
39.98560821835762,-1.1580408257270083
39.52256204278076,-2.7364127920830166
38.017300849381556,-2.66468912265924
36.197431118566804,-3.2786041346558017
34.88587801777412,-2.2940359370404106
36.023318030704615,-3.2055143188889463
34.98880495247594,-2.678753751695491
33.88062844756244,-2.778877009710855
35.43059711430982,-2.9867053265294365
36.00925897260999,-3.193277744663917
35.957148762172835,-2.943724196689033
33.93134774142077,-3.3606231325226408
37.10319109365248,-3.6529827468874565
36.67849017392692,-3.86313899200398
37.545350955465494,-4.630284583666091
39.81703752960808,-5.131621370426206
37.66859622170041,-4.843708392091515
35.3027637993687,-4.798504277005522
34.97359088616512,-4.744946546850361
34.24643716883833,-5.72726648733411
33.67256319984536,-5.068731335603772
34.236251063552054,-5.370779157406721
34.597968520733474,-4.526076112589813
35.69899656485216,-3.949935721009653
35.26779655918976,-3.8776052620263473
34.56838082344315,-3.845694623230517
36.47716521972205,-3.9564203840718903
37.40795450189741,-4.269303742038117
36.689308296422574,-4.169227185766643
38.074311466150554,-3.8848843638615547
36.92233847905239,-4.570759791578457
37.24713005065914,-3.863669222754828
35.47558417822625,-5.44865714964075
35.31203021924768,-5.325233144873453
35.61314338248257,-6.0364204158954475
35.835755318409575,-7.107497247320934
35.52077985125367,-7.112523602929913
38.646630743426456,-6.2722991474113154
39.86179893028351,-5.822842690091305
40.93369826211843,-6.21548220222363
42.64384557902618,-6.36607728422006
43.722901557288125,-6.363213067665537
44.746863991553845,-6.2331519588291835
43.41872267510926,-6.494400198439575
42.0190123663828,-7.269624189064241
40.98210680017863,-7.161888296364803
42.289516155605526,-7.741767276974294
42.801593139191986,-7.36149356166553
41.13778154311596,-7.601182285376874
41.637496469343496,-6.176841571504247
40.49838630889892,-7.066766997974277
38.69956889593057,-5.854652501358006
36.51715867140548,-7.259897293719012
38.577482039906776,-6.35809141292677
37.56382933625771,-5.285665095138928
38.40258175147019,-5.093562610194036
39.72742092847186,-5.156533105748911
38.10156706545518,-5.810160625556289
36.896005211162716,-6.154951627732447
34.93825423212346,-6.96147527611781
35.76916506046437,-5.593926595115442
34.788180766088416,-5.742687118150535
35.64177993165455,-6.497470872630184
37.00550060626745,-7.339680536108464
35.41895336128383,-6.972795312736638
36.55405866018891,-6.889737937290598
36.62255945964507,-5.717001716533311
35.92750015639035,-4.784994424158272
36.69529324192184,-4.95742350253526
39.184353093233526,-5.9088424093292495
38.49959736738124,-6.096904918281037
39.34110737371416,-6.531029881306754
39.702378856558994,-6.7874283509016795
40.06365033940382,-7.2521987879682
40.424921822248656,-7.21619785916457
40.78619330509349,-6.96088789121831
41.147464787938326,-7.095738851885787
41.50873627078315,-7.616613027635905
41.87000775362799,-8.507435706093961
42.23127923647282,-7.5642178205416055
42.59255071931766,-7.697612314273553
42.953822202162485,-7.169790816730858
43.31509368500732,-6.394762659643024
43.58629424637666,-6.81266331093237
44.33825552972571,-7.186671272524522
45.157942884913275,-7.249116225382053
46.42528641459032,-6.44118264480978
47.21347198642971,-5.674725520774949
47.989665940641,-4.845680443162989
46.414748014191034,-4.842886622353434
46.30587928112987,-5.156007441371412
45.33111630133087,-4.761721031505122
44.47182028836207,-5.039782849883057
44.75629531765942,-4.535025860651828
43.55000112686793,-4.799616181303036
42.85780634808063,-5.691565589709557
44.84076342980941,-6.36352891455886
46.69174517592254,-6.6064412879902354
48.93935807456227,-7.184197787323867
48.876661172746054,-7.105700324658344
49.65909291962261,-7.855182224236186
48.906999138955975,-7.712737001495104
50.1133983812404,-7.725390577132977
49.48933979481755,-7.863251854910079
54.087549853902644,-7.813351020193139
54.93641878890131,-7.808261306841113
55.20263394987265,-8.331120336517172
58.43477825070091,-8.8403036314697
58.40226733408523,-10.082235558328657
57.517563728471174,-9.697265656199175
57.18134042015498,-9.193122340838414
56.646632336285776,-9.886948333454907
57.469447860036716,-9.434080087597481
57.786375483386486,-9.928141835155843
57.56309395529632,-9.047126794004736
57.689079759743514,-9.838222123443998
59.26559781490794,-8.520529552567542
56.744042843592815,-7.724497240768294
56.09261124591092,-8.08905308741386
56.36613317471433,-8.59157662559409
54.30848485480526,-8.189533456772537
53.38636206915547,-8.545832550522
52.444334204242885,-8.687393436265992
52.87072717285512,-8.380532177338575
54.23143146460038,-8.129654642184857
51.518496587037184,-9.260236453538067
52.14194466182333,-8.334970205887714
52.31389626208769,-8.103823605092996
53.30495475889766,-8.359404230590265
52.615847654241456,-7.813101499921913
52.86562000379382,-7.901447237236508
53.38771440448176,-7.8767147282471495
51.107674379271764,-8.749591336674353
52.76678048160295,-8.165052864211631
51.777181764636296,-10.068559343467953
53.83624635048273,-10.515480375553324
52.487024683191024,-11.042090784673391
51.991220428233326,-11.937492063365438
53.85296432553376,-12.371008584279505
52.7591536223211,-11.941290895598332
54.02961230727902,-11.629061258312518
55.92706715306779,-10.920755610577805
57.3437102041627,-11.560887552998036
58.99203514658795,-11.696314931569294
57.30985635311518,-11.496786946679494
59.901165046851055,-11.283700471125076
60.66477927497925,-11.291548483101186
62.317755516704,-12.177650779587342
62.544406312166494,-11.809510883553898
62.993604838007215,-12.417832235013345
63.536300695561785,-13.125722864212719
65.89569410074706,-13.756723400464558
66.30311478438567,-13.761827336239016
66.71053546802428,-15.568167396688345
67.11795615166288,-13.69953422461472
67.52537683530149,-18.67294535568934
67.93279751894009,-13.71176565840833
68.34021820257868,-16.64639367032235
68.74763888621729,-17.46711766441867
69.1550595698559,-19.081343578039306
69.5624802534945,-18.37803105930192
69.9699009371331,-18.409503466170484
70.37732162077171,-19.232554955376617
71.55182121245197,-20.96190672191017
72.85035810483102,-20.250871343339576
74.73884027260178,-19.47599194724205
72.34522602228932,-18.47026881193922
70.73683890937387,-19.337254001620305
69.84332160303465,-21.77657872907032
69.02163423101823,-21.677664699738038
67.7899889321327,-21.172214218601418
66.90653796887014,-20.352304922433003
67.57231373854759,-19.794232541259703
68.18537561540221,-20.292930711111964
69.43719731746633,-18.990138864428324
69.17861343428623,-18.117862688885193
69.16500065613526,-16.51362300815302
68.6868765875355,-12.228472605196703
70.84540640158076,-11.503849055411603
69.56574123555143,-12.326883353984538
67.67627151702648,-12.016571859096182
65.8499267864958,-11.660060054398079
67.73778692145603,-12.052054178644537
67.95698276498747,-11.684727715881582
68.1648920890989,-10.930105979609442
67.83323498637954,-11.193489128223623
69.38962001423032,-11.826498728514062
70.52359728583897,-11.75759431144448
70.93580128948877,-12.132716420557756
70.53407118710574,-11.97177783249851
71.84338514646043,-12.25402650570542
73.11398545594854,-12.14301061797519
74.95818311692945,-11.93638237183606
74.63564406799792,-10.609960507204
75.54124409932103,-10.809904198484475
75.3277386193832,-9.048829394277474
73.80315781230965,-9.439700031486009
72.84641723856518,-8.567001391682856
72.19447270676307,-8.181156965201712
72.71035092645658,-8.873151475552637
71.25245900228794,-9.983024594995033
69.43744464116281,-10.933093400153668
71.40856192590189,-11.199158528199547
71.49054986926653,-11.736591774868467
71.4097430382121,-10.309192556596635
71.73960065893199,-11.616231003895034
70.30497133429704,-11.501961176186622
70.67158787119571,-11.775051229351686
70.75281606376336,-10.787643749989488
72.70865320213466,-10.785085809096229
74.10392186887363,-11.321555156520514
73.00129255605873,-10.56289266381194
70.8552880292179,-10.541154976913454
70.15636261062997,-11.318384205347186
69.18703503801923,-11.155888208304724
70.75206630887699,-10.935616893365246
73.5170468836268,-12.02196248310975
74.18022845927673,-10.57966915765602
73.27116412747677,-10.084842770613378
73.61266194616569,-11.243750778006001
74.34526780646615,-12.383995378735557
72.36474410883832,-12.00163729511915
71.01881619377566,-11.533269146764136
70.76786834029612,-11.096103710823435
71.15712735065797,-10.965565408656813
69.27375792115426,-10.601706213601313
71.13038727779973,-11.091501607629956
72.05244228376229,-11.12069164009763
72.61533909246718,-10.563869956415445
73.29448086005169,-11.259757556810582
74.35624117051663,-11.046784439192736
74.52376594384809,-10.709511404718203
76.93655782332381,-11.073160596504204
75.38789911488806,-12.15379866223351
77.16744595138312,-12.163485472233218
77.49928732410032,-11.231018752757931
75.06377720614127,-10.518142323470062
75.10563333875807,-11.173766500627194
74.69655158215133,-11.546005320022022
74.35918990207807,-10.894259038384275
74.18362994564129,-11.331523476352464
74.46385630901825,-11.703581301333378
71.64700614655489,-10.85486399482421
70.85327972515788,-11.32299825197485
72.09620613947584,-11.531536673592134
69.50512592848409,-12.112089895493794
69.36394941883499,-13.28860223400301
70.87861823635338,-12.912550690002403
73.13579758760439,-12.880765677661678
71.99288889088791,-13.009884287356149
72.76250796626644,-13.077311314704389
71.92415514077267,-12.856673654013022
72.50666272289375,-13.823464084885657
73.3966482544227,-14.534489906392322
73.92317155544438,-18.675973323812183
73.2312198812009,-20.920257571878203
73.0021967510379,-20.590438209751223
74.41800904029267,-21.235478195714403
74.3083382766769,-22.780061215775955
74.27901783826839,-22.728900867487646
76.51749207558294,-23.18689154538261
75.167900983926,-21.79620797724641
77.84190967627944,-23.179578441278963
76.2964904125257,-20.616645296198207
74.30904195953984,-20.466703836781676
76.52621150893566,-18.50278468352448
77.2678103225541,-21.290519663370418
76.48579543291025,-20.970011615612158
77.66988922681603,-22.287703545251688
75.54235584022331,-18.285360019401473
75.20302222311656,-21.610232630963132
76.82838799966144,-19.41118125967888
76.58346116466096,-19.280185564346528
78.16858329596778,-20.379754498671012
77.90386620402973,-23.083149294479565
78.14357890876437,-23.942798322847707
77.28369328005147,-24.730264612293883
79.37029746729038,-24.623220913659004
81.1992527153687,-24.012655092821372
80.77137173989719,-23.91056921306515
80.99692981424387,-22.99582069521986
79.20862212750484,-23.84399800587326
78.05422467972257,-23.303326547404925
77.41531028261294,-21.738950946327428
78.22963521366768,-19.761210261305568
76.79915538607602,-14.163260771469705
77.31478667419327,-14.272749511057475
76.72560430399143,-13.86594446948463
76.75970422887185,-14.056779695122849
75.39344061988673,-18.79314241544186
75.38267521629594,-19.970568128993186
75.29348102968268,-17.42331675632515
77.31149090875793,-17.42707915923841
78.77492408373763,-20.364905681729763
77.29927531329105,-19.988451976500727
76.04430971220725,-20.900556953167886
76.88235240908301,-23.05886884313819
78.67423274034451,-23.00680038415985
78.2976286703514,-20.998080179962837
77.40201629689746,-23.407686028254254
78.8940396612224,-21.59470879170361
75.93181395685964,-20.059625085969312
76.1169029313406,-21.18174363279884
76.8850075514842,-21.108975536916212
75.85152134644197,-15.058702093761962
77.07244772144857,-14.773488189415144
78.1054080083356,-14.212351574419591
78.1788600571725,-13.826798396442085
82.25548130959567,-14.700566067497332
83.09421965985115,-13.512622772827912
82.28321904187996,-13.928839347533593
82.65777439545191,-17.96147485681695
80.06990168209049,-16.87029346989057
81.10546444832192,-16.047934753033196
79.83285003524797,-17.281304767107617
80.77710809490159,-21.146758522316137
79.90624707309851,-24.26715506072058
80.0985406935218,-26.23208835861993
78.92160293567332,-26.75350853861985
78.00104160442164,-27.750874694280256
78.55121361366324,-31.806276859026138
79.97849369538704,-29.686677181082242
80.41196926332115,-34.1494168939961
80.00603802360375,-28.005015302525663
81.09019994624366,-27.12393130284803
83.7500493971921,-27.825492433141743
81.08365669907364,-26.08861373984586
82.56934889057807,-30.993678815072577
82.54150415735907,-33.65803411105008
84.02889252267106,-33.64000072669445
85.62800721515939,-33.6483862773749
86.68093058679887,-36.79759475952051
88.08012259602603,-35.87599261579853
85.98509727238249,-36.22757814367186
88.61691490425433,-35.209591688432404
89.02074492229711,-34.1774125875793
87.49183295512125,-30.814926141035524
85.66575543973329,-27.607673289412958
86.26895956330738,-26.613722873992103
87.86660591369987,-31.57087329856885
87.01372344073876,-31.346066095830242
86.95749392505822,-34.0020961994193
87.41017895342452,-35.232020828904155
88.45766219969903,-35.24696346334961
88.05903022782589,-34.10649753355541
86.2472725700562,-34.69848532656007
85.05332886266092,-31.303676262158874
85.08705196239445,-27.825771671105137
86.12855560118433,-32.067686532270315
87.70886726986133,-35.688271404735
88.40874894183486,-35.815613645999406
88.02891948308532,-34.98018673999261
87.10204103260914,-34.224380196542086
88.89129545775683,-33.42175067742192
89.96276826325494,-26.607258749009777
88.87146826724555,-25.55559542879621
87.82815415350751,-28.528687074920484
88.99167271517534,-33.34066169181951
90.7069844846099,-34.945570221083955
91.05197658993065,-35.41686610481778
91.71145519828598,-35.32496521461887
90.64713774429876,-35.601717052527555
88.85279639367408,-35.35065834069664
88.81323190797424,-32.6975166810054
90.79939020505161,-33.24059738784378
89.86761740532538,-26.988096866459955
90.60344755886089,-28.14350127295179
89.3472014654982,-28.888576442079632
91.57586539239078,-28.771147390282554
91.52699904550279,-25.526798578468597
90.67173140105089,-26.001166351084215
88.95974055142966,-26.348432465285182
89.05658299244715,-26.94728111153963
91.01389537419314,-25.814679553926958
91.18083548948779,-24.117424192711542
91.4691118920603,-23.80236262867536
91.09817624931395,-19.03567401340005
90.25523773775193,-16.615858772451976
90.2215119966529,-16.119268046433653
90.04935688868652,-18.385062895096677
87.20875791852025,-15.73549758371772
84.44066473860737,-14.564923765320453
83.15020433212585,-13.844109995989237
80.96250977880588,-13.659730952403256
82.45767986681943,-12.849446069142454
82.43365031385804,-12.989549097018426
80.88099698237166,-13.679256805479998
82.3718869689911,-12.973106560758893
83.38522792355703,-13.546696759960062
83.39832529877253,-13.64241246110638
84.92275384448536,-13.88631410574325
84.70110454371276,-13.98581562061377
83.08323387894238,-16.766777298011096
79.84424312013155,-15.2136655057926
81.06309998421912,-14.157401382099545
80.85771776264605,-14.528495727662223
80.82468570894589,-14.531559963830377
80.32345834778222,-15.390613729843425
78.55742967512317,-16.608538523128846
78.97526946257365,-15.69312534332428
76.64010812263174,-14.921837276092925
76.97648772778703,-13.679422971457218
79.1383507926035,-13.670268095309432
81.00592887270109,-14.656812957546952
82.67599253588558,-17.636195688229293
82.8530991815775,-17.41671555316465
82.23831611683028,-18.442859552141268
80.54506366033074,-17.41844780208278
79.19501592167259,-17.354973741530216
77.72630637088038,-15.64782381805478
76.47965009144679,-14.193867528537519
73.90310804766078,-13.545342046432937
72.23286122991556,-13.207686963161589
71.89489257831876,-13.766455169399961
68.5497632901861,-12.985778266588383
71.25288439607243,-12.381975085761283
70.52524895513005,-12.12038031131632
71.37396388042815,-12.150133261408701
71.94402353726862,-11.809594628242388
70.99186843462847,-12.128403515941987
71.00041975332185,-12.490755639263504
69.69558919968492,-12.594367808342625
68.13666450035714,-12.543379768196653
67.3104877504245,-11.955201737934647
67.12129428265143,-13.05500248319245
66.2408680041987,-12.418466152481749
68.20372661650507,-12.831378017118308
70.36870394905098,-13.51657314809263
69.69615226773823,-12.408693082778559
69.53520324570079,-12.340302699077842
68.77026740171306,-12.414218639854933
70.1075416622695,-11.566601297419135
68.5554536336784,-11.721571110337063
67.91849868164996,-11.929725618823081
66.87857646474907,-12.402361270109973
67.19968728828934,-12.59900655058382
67.28128878341397,-13.172000394973109
67.74693502280375,-12.87012923917814
68.21258126219352,-13.35651017873038
68.67822750158331,-13.795903029966864
69.14387374097309,-14.160624105642755
69.60951998036286,-15.148983975945226
70.07516621975265,-15.800243932370071
70.54081245914242,-20.576575046416224
71.0064586985322,-19.295002487066768
71.47210493792198,-19.378071957342748
71.93775117731175,-17.573084579569546
72.40339741670154,-18.06108181447698
72.96369633887207,-15.530498458407548
71.28375213976092,-16.648446271525405
72.03859922695773,-16.674372931280125
71.2183601421752,-16.512218992486275
71.67232884419637,-16.150337237268953
71.67265567451756,-15.785936214623963
70.91996791902733,-16.840095024512546
72.22174960822943,-16.817763505586527
70.60235958547919,-15.057084611845
72.40816271395192,-15.137220623197834
72.68422038154014,-14.661133533642623
72.62761547313889,-13.87854101900403
74.29821537424472,-14.272895429364894
73.21811316915762,-14.73437747976891
74.03644819361524,-17.43594471761135
72.3938980382829,-16.02512871767323
71.49484417875625,-18.62833648674798
72.56812997283497,-19.156871834150486
74.07354765413494,-20.20461184620708
73.80085594216908,-19.70898238152797
73.17140217309645,-19.126765392027817
71.36724988426604,-21.18411919699753
70.80358328040843,-23.954828141231314
69.80383228084149,-24.950414533306873
71.02953019562534,-27.000121019169093
73.75914867664619,-25.88595827983371
74.55642155198638,-25.903027746004852
74.95125540675194,-26.308355291822927
75.98176745392564,-25.109284352191906
74.37305265145862,-26.909774490253675
72.93544439110072,-24.880610951510874
72.92051155304452,-25.633861382884724
72.90557871498831,-25.413362523547327
72.89064587693211,-26.045934555433565
72.87571303887592,-25.655468415067965
72.8607802008197,-26.271415466007603
72.84584736276351,-29.59045812701573
72.8309145247073,-27.900447947641727
72.8159816866511,-27.206824104338065
72.8010488485949,-30.326742787341033
72.78611601053869,-28.813713370258135
72.7711831724825,-31.45441140619578
73.13562466732158,-30.57358731313587
72.9326449256607,-31.679069272092057
74.1083703871721,-30.10245774483976
72.18846445354525,-30.1442439829768
73.76927926374734,-28.69620117354071
73.20855269187186,-30.314294645072657
73.23926452549863,-33.71249610952414
73.44872047352587,-33.97971913635762
73.84159148317674,-35.457632769855685
73.19462558905232,-37.85270038323482
74.04979428689857,-37.75445802396552
75.80074399552943,-35.98639972221866
74.3732065584247,-36.39421266834361
76.1755351424287,-38.441202104538924
75.00269677461311,-40.97137809613015
73.47605764997269,-40.08114984891207
73.52286675011516,-40.74395831595121
73.66847579371422,-39.25915400606401
75.55078270644778,-37.86927147369047
73.68247770031024,-34.90391096636392
72.01313479103372,-29.286135208228984
72.68242947945156,-26.654774732081854
70.52679410265019,-25.698969017985256
71.28929226668882,-24.403889150456852
70.39585694810366,-24.470239643855223
71.3467858798416,-24.785161661029104
72.25364110866477,-22.941276145303952
74.42179139393859,-24.48439122983614
75.08230981525469,-24.01630823666814
74.33245118973902,-24.1577344781525
74.61173263674272,-23.927933907238586
