file,tau,m,mD,mL,mEN,mTT,mLAM
txs0506+056_lc_liner.csv,10,4,0.5261223804887589,3.072679426389768,1.1779434808542626,4.057648120013559,0.5625670600858369
